timestamp,ifInOctets_bytes,ifOutOctets_bytes,ifInErrors,ifOutErrors,utilization_pct,label_anomaly,debit_rx_mbps,debit_tx_mbps,error_rate_pct,anomaly_flag,anomaly_score,rule_alarm,rule_detail
2025-11-17 08:00:00,8352422,7283657,5,2,15.636079530830813,0,0.2227,0.1942,4.5e-05,1,0.24210920821202958,False,
2025-11-17 08:05:00,6910689,7179399,5,1,14.090088642219492,0,0.1843,0.1915,4.3e-05,1,0.22363027915124295,False,
2025-11-17 08:10:00,9467356,7521282,2,2,16.988638854680616,0,0.2525,0.2006,2.4e-05,1,0.24542607283985368,False,
2025-11-17 08:15:00,8980147,7286185,6,0,16.266333610231136,0,0.2395,0.1943,3.7e-05,1,0.26175326647247105,False,
2025-11-17 08:20:00,11174561,5718857,4,2,16.89341864373652,0,0.298,0.1525,3.6e-05,1,0.237553165907607,False,
2025-11-17 08:25:00,9447229,5665576,4,2,15.112805405307933,0,0.2519,0.1511,4e-05,1,0.2679438521253542,False,
2025-11-17 08:30:00,7755155,7652360,6,4,15.40751638513801,0,0.2068,0.2041,6.5e-05,1,0.18312630605085384,False,
2025-11-17 08:35:00,6605762,5328115,1,2,11.933878075490217,0,0.1762,0.1421,2.5e-05,1,0.20591958997888155,False,
2025-11-17 08:40:00,9920156,5841270,2,2,15.761426830359127,0,0.2645,0.1558,2.5e-05,1,0.2655460300846983,False,
2025-11-17 08:45:00,8523604,6560588,1,3,15.084193102683832,0,0.2273,0.1749,2.7e-05,1,0.2677640842275849,False,
2025-11-17 08:50:00,8889005,4794720,0,2,13.683725892062352,0,0.237,0.1279,1.5e-05,1,0.21763304960595137,False,
2025-11-17 08:55:00,8087053,4868870,3,2,12.955924466909568,0,0.2157,0.1298,3.9e-05,1,0.25000351262064274,False,
2025-11-17 09:00:00,6000190,5416197,6,2,11.4163883569626,0,0.16,0.1444,7e-05,1,0.12610119705783362,False,
2025-11-17 09:05:00,10362361,5005126,1,3,15.367487648811096,0,0.2763,0.1335,2.6e-05,1,0.24603075600635727,False,
2025-11-17 09:10:00,9724469,4230444,1,0,13.954914863120136,0,0.2593,0.1128,7e-06,1,0.1612271182674831,False,
2025-11-17 09:15:00,9332817,7644676,2,2,16.977494387606093,0,0.2489,0.2039,2.4e-05,1,0.2433324172749896,False,
2025-11-17 09:20:00,9996043,5633117,3,2,15.62916099043609,0,0.2666,0.1502,3.2e-05,1,0.26835057564694254,False,
2025-11-17 09:25:00,7131289,7129099,4,1,14.260389313772698,0,0.1902,0.1901,3.5e-05,1,0.24902930604411944,False,
2025-11-17 09:30:00,11953318,5137322,3,4,17.090641354478166,0,0.3188,0.137,4.1e-05,1,0.19038810022387814,False,
2025-11-17 09:35:00,8522026,7475723,4,6,15.997750280618224,0,0.2273,0.1994,6.3e-05,1,0.18922188772586357,False,
2025-11-17 09:40:00,9539651,6189680,5,2,15.729332341955809,0,0.2544,0.1651,4.5e-05,1,0.2476529161877234,False,
2025-11-17 09:45:00,10119256,5672311,1,2,15.79156759837819,0,0.2698,0.1513,1.9e-05,1,0.25350122699148125,False,
2025-11-17 09:50:00,4912711,6160234,4,0,11.072946271783705,0,0.131,0.1643,3.6e-05,1,0.1498808041858598,False,
2025-11-17 09:55:00,11513068,5510087,1,1,17.02315614074388,0,0.307,0.1469,1.2e-05,1,0.1815052250222341,False,
2025-11-17 10:00:00,9084349,7288836,4,1,16.373185314214524,0,0.2422,0.1944,3.1e-05,1,0.2617911260459201,False,
2025-11-17 10:05:00,6451131,7398050,1,4,13.849182047257743,0,0.172,0.1973,3.6e-05,1,0.217926972226254,False,
2025-11-17 10:10:00,8457964,6528444,4,1,14.986408839483984,0,0.2255,0.1741,3.3e-05,1,0.2686766475791235,False,
2025-11-17 10:15:00,13094625,6098366,3,2,19.19299193369573,0,0.3492,0.1626,2.6e-05,1,0.12343675423248635,False,
2025-11-17 10:20:00,8641726,6775467,3,1,15.417194431383596,0,0.2304,0.1807,2.6e-05,1,0.2664089015444369,False,
2025-11-17 10:25:00,6864062,5610956,2,4,12.475018575556632,0,0.183,0.1496,4.8e-05,1,0.22733641270439703,False,
2025-11-17 10:30:00,8752647,6086302,1,5,14.838950098595932,0,0.2334,0.1623,4e-05,1,0.26625566828882935,False,
2025-11-17 10:35:00,9578058,6829387,4,2,16.40744559594357,0,0.2554,0.1821,3.7e-05,1,0.26222981521927946,False,
2025-11-17 10:40:00,8069451,4736153,4,4,12.80560514551963,0,0.2152,0.1263,6.2e-05,1,0.20193808778579914,False,
2025-11-17 10:45:00,8095601,6412425,1,1,14.508026734747451,0,0.2159,0.171,1.4e-05,1,0.23632816530122908,False,
2025-11-17 10:50:00,10771613,6467992,1,3,17.23960601297055,0,0.2872,0.1725,2.3e-05,1,0.24402076809416123,False,
2025-11-17 10:55:00,10250554,6608258,3,3,16.858813480428495,0,0.2733,0.1762,3.6e-05,1,0.2561964792825545,False,
2025-11-17 11:00:00,8991189,6353887,5,0,15.345077264329424,0,0.2398,0.1694,3.3e-05,1,0.2720675590281056,False,
2025-11-17 11:05:00,8896434,6255092,1,2,15.151526502757925,0,0.2372,0.1668,2e-05,1,0.26538142169303475,False,
2025-11-17 11:10:00,9219530,4090768,4,4,13.310298989307604,0,0.2459,0.1091,6e-05,1,0.18210452500407165,False,
2025-11-17 11:15:00,8349921,6872822,1,4,15.22274406973058,0,0.2227,0.1833,3.3e-05,1,0.2627670577257916,False,
2025-11-17 11:20:00,8984809,7772793,3,3,16.757602217773545,0,0.2396,0.2073,3.6e-05,1,0.2459792086373201,False,
2025-11-17 11:25:00,9204773,5003351,2,2,14.208125339718476,0,0.2455,0.1334,2.8e-05,1,0.2591237649245857,False,
2025-11-17 11:30:00,11215141,4965064,1,3,16.180206233223853,0,0.2991,0.1324,2.5e-05,1,0.2315534280250443,False,
2025-11-17 11:35:00,7250279,6774041,0,4,14.02432107779844,0,0.1933,0.1806,2.9e-05,1,0.2488589590024634,False,
2025-11-17 11:40:00,10410053,5630433,3,2,16.040487427197704,0,0.2776,0.1501,3.1e-05,1,0.2606278816058025,False,
2025-11-17 11:45:00,11509187,4007446,1,1,15.516634191421666,0,0.3069,0.1069,1.3e-05,1,0.15267145778039376,False,
2025-11-17 11:50:00,7714653,6682557,4,3,14.397210628478671,0,0.2057,0.1782,4.9e-05,1,0.24488554725200795,False,
2025-11-17 11:55:00,9278978,4134185,2,1,13.413164255271878,0,0.2474,0.1102,2.2e-05,1,0.22422795165954285,False,
2025-11-17 12:00:00,9377710,5774104,3,1,15.151814921149931,0,0.2501,0.154,2.6e-05,1,0.27051393040245886,False,
2025-11-17 12:05:00,8756694,6489230,3,0,15.245924812873978,0,0.2335,0.173,2e-05,1,0.2618270946855863,False,
2025-11-17 12:10:00,8282591,5512680,2,2,13.795272404664862,0,0.2209,0.147,2.9e-05,1,0.2635532758067119,False,
2025-11-17 12:15:00,7500403,7276408,5,2,14.776811944202892,0,0.2,0.194,4.7e-05,1,0.23618506506357279,False,
2025-11-17 12:20:00,5681923,3639365,0,3,9.32128945539604,0,0.1515,0.097,3.2e-05,1,0.06320355760386542,False,
2025-11-17 12:25:00,9861225,6015999,3,0,15.877225861039385,0,0.263,0.1604,1.9e-05,1,0.2563469267503955,False,
2025-11-17 12:30:00,4091213,5913576,4,2,10.004790273930263,0,0.1091,0.1577,6e-05,1,0.07330256088754339,False,
2025-11-17 12:35:00,9764570,3803144,1,1,13.567714715558926,0,0.2604,0.1014,1.5e-05,1,0.1708612102969267,False,
2025-11-17 12:40:00,10372336,4431951,4,2,14.804287985156025,0,0.2766,0.1182,4.1e-05,1,0.23031554051236985,False,
2025-11-17 12:45:00,7450597,5910288,2,2,13.360886530619863,0,0.1987,0.1576,3e-05,1,0.2527260854957521,False,
2025-11-17 12:50:00,9844254,5862968,3,0,15.707223198162584,0,0.2625,0.1563,1.9e-05,1,0.2558455100792282,False,
2025-11-17 12:55:00,10072601,4512824,3,2,14.585426123203762,0,0.2686,0.1203,3.4e-05,1,0.24160383236443805,False,
2025-11-17 13:00:00,10074304,6073753,6,4,16.14805743557698,0,0.2686,0.162,6.2e-05,1,0.20290962661539735,False,
2025-11-17 13:05:00,8333229,6625477,4,0,14.958707158120932,0,0.2222,0.1767,2.7e-05,1,0.2693258942406813,False,
2025-11-17 13:10:00,9525470,6366959,2,2,15.892430067752349,0,0.254,0.1698,2.5e-05,1,0.2652012385237754,False,
2025-11-17 13:15:00,9303730,6604855,3,4,15.908585585811938,0,0.2481,0.1761,4.4e-05,1,0.2519295258710748,False,
2025-11-17 13:20:00,7788607,6126226,5,3,13.914833961158482,0,0.2077,0.1634,5.7e-05,1,0.23573892158586734,False,
2025-11-17 13:25:00,8210164,7310244,1,0,15.520409221468572,0,0.2189,0.1949,6e-06,1,0.20160718833013608,False,
2025-11-17 13:30:00,9973938,4497666,2,1,14.471604568997869,0,0.266,0.1199,2.1e-05,1,0.23034593919230767,False,
2025-11-17 13:35:00,8189688,4743999,2,0,12.9336880927386,0,0.2184,0.1265,1.5e-05,1,0.2126772265243424,False,
2025-11-17 13:40:00,9675961,5048657,2,1,14.724618686909036,0,0.258,0.1346,2e-05,1,0.24915881700725234,False,
2025-11-17 13:45:00,9142069,6186099,4,3,15.328168337189066,0,0.2438,0.165,4.6e-05,1,0.253414785556807,False,
2025-11-17 13:50:00,8648628,7121351,8,3,15.769980314920076,0,0.2306,0.1899,7e-05,1,0.17156146460871263,False,
2025-11-17 13:55:00,9171891,5157522,3,4,14.329414176802368,0,0.2446,0.1375,4.9e-05,1,0.24800804427484796,False,
2025-11-17 14:00:00,9511754,6861083,1,5,16.372838045682776,0,0.2536,0.183,3.7e-05,1,0.2641662528039614,False,
2025-11-17 14:05:00,9108536,6792758,4,1,15.90129514022407,0,0.2429,0.1811,3.1e-05,1,0.27067044739121343,False,
2025-11-17 14:10:00,9274867,5887042,3,1,15.161909908531175,0,0.2473,0.157,2.6e-05,1,0.2711582328915889,False,
2025-11-17 14:15:00,10038276,5674021,5,1,15.712298391833816,0,0.2677,0.1513,3.8e-05,1,0.26199810845625776,False,
2025-11-17 14:20:00,8754141,7071053,4,5,15.82519454055442,0,0.2334,0.1886,5.7e-05,1,0.2231057013964753,False,
2025-11-17 14:25:00,9322903,7337877,2,3,16.660780484416993,0,0.2486,0.1957,3e-05,1,0.26237821620552115,False,
2025-11-17 14:30:00,8716800,6710509,6,0,15.42731036188503,0,0.2324,0.1789,3.9e-05,1,0.2614938413422749,False,
2025-11-17 14:35:00,9623502,5411051,1,2,15.034554270925955,0,0.2566,0.1443,2e-05,1,0.2566895954184668,False,
2025-11-17 14:40:00,8832303,7607253,2,7,16.439556736715925,0,0.2355,0.2029,5.5e-05,1,0.20523644602069274,False,
2025-11-17 14:45:00,10084173,5359793,2,1,15.44396699008452,0,0.2689,0.1429,1.9e-05,1,0.24795125749067481,False,
2025-11-17 14:50:00,10676432,6104907,2,2,16.781339380701848,0,0.2847,0.1628,2.4e-05,1,0.25449694230821884,False,
2025-11-17 14:55:00,6920588,5626353,1,4,12.546941887984284,0,0.1845,0.15,4e-05,1,0.24138668589448115,False,
2025-11-17 15:00:00,11109787,7300096,7,3,18.40988400123814,0,0.2963,0.1947,5.4e-05,1,0.16297972497065238,False,
2025-11-17 15:05:00,10789114,5184142,1,2,15.97325769377322,0,0.2877,0.1382,1.9e-05,1,0.2330061987342959,False,
2025-11-17 15:10:00,7843200,8798317,1,1,16.64151756066043,0,0.2092,0.2346,1.2e-05,1,0.15623727228919632,False,
2025-11-17 15:15:00,12605123,8665090,4,2,21.270214192791776,0,0.3361,0.2311,2.8e-05,1,0.06484648319586817,False,
2025-11-17 15:20:00,9361425,6435968,3,1,15.797394249406358,0,0.2496,0.1716,2.5e-05,1,0.26842682062710743,False,
2025-11-17 15:25:00,9797116,6332340,3,0,16.129457215805097,0,0.2613,0.1689,1.9e-05,1,0.26054515568662506,False,
2025-11-17 15:30:00,11565265,8361222,2,3,19.92648739477958,0,0.3084,0.223,2.5e-05,1,0.12259047106062926,False,
2025-11-17 15:35:00,8066462,5788027,4,3,13.854489981705823,0,0.2151,0.1543,5.1e-05,1,0.2563463442528608,False,
2025-11-17 15:40:00,7346508,5553328,2,2,12.899836750376044,0,0.1959,0.1481,3.1e-05,1,0.24783350743173216,False,
2025-11-17 15:45:00,8516726,5422598,3,1,13.93932506988324,0,0.2271,0.1446,2.9e-05,1,0.2625830805704434,False,
2025-11-17 15:50:00,9269549,6868808,1,1,16.13835839881966,0,0.2472,0.1832,1.2e-05,1,0.2419119122583785,False,
2025-11-17 15:55:00,9597789,5772091,6,0,15.36988075651079,0,0.2559,0.1539,3.9e-05,1,0.2586898913571466,False,
2025-11-17 16:00:00,10064420,6992689,5,3,17.057109915065087,0,0.2684,0.1865,4.7e-05,1,0.22098785846446262,False,
2025-11-17 16:05:00,11556402,5126482,4,1,16.682885483739177,0,0.3082,0.1367,3e-05,1,0.22465536308240713,False,
2025-11-17 16:10:00,7842321,5234534,4,1,13.076856163130945,0,0.2091,0.1396,3.8e-05,1,0.24646509477515804,False,
2025-11-17 16:15:00,7186592,3718600,3,0,10.90519234133138,0,0.1916,0.0992,2.8e-05,1,0.1407588424180557,False,
2025-11-17 16:20:00,9480205,5543933,4,3,15.024138424743944,0,0.2528,0.1478,4.7e-05,1,0.25623011021967834,False,
2025-11-17 16:25:00,8966766,6773564,5,0,15.74033168458096,0,0.2391,0.1806,3.2e-05,1,0.27107460199682465,False,
2025-11-17 16:30:00,8896242,4962787,1,3,13.859030388413377,0,0.2372,0.1323,2.9e-05,1,0.2554028283423558,False,
2025-11-17 16:35:00,6956418,7122792,2,2,14.07921156941718,0,0.1855,0.1899,2.8e-05,1,0.2415754431009644,False,
2025-11-17 16:40:00,10012573,6527737,3,1,16.540311159489793,0,0.267,0.1741,2.4e-05,1,0.25951795602685634,False,
2025-11-17 16:45:00,9986109,4782692,1,5,14.768801816369098,0,0.2663,0.1275,4.1e-05,1,0.25255300486123555,False,
2025-11-17 16:50:00,8575767,5711861,5,2,14.287628830886408,0,0.2287,0.1523,4.9e-05,1,0.2526532261413956,False,
2025-11-17 16:55:00,13079635,7027439,3,0,20.10707488588693,0,0.3488,0.1874,1.5e-05,1,0.0757099248075832,False,
2025-11-17 17:00:00,7223919,5403791,1,3,12.627711233841897,0,0.1926,0.1441,3.2e-05,1,0.24198952847446653,False,
2025-11-17 17:05:00,10535636,6181394,2,2,16.717030393382846,0,0.281,0.1648,2.4e-05,1,0.25497988644838643,False,
2025-11-17 17:10:00,8135902,6450840,4,2,14.586742912038106,0,0.217,0.172,4.1e-05,1,0.26387454009176287,False,
2025-11-17 17:15:00,7718431,6477979,3,3,14.196410130783798,0,0.2058,0.1727,4.2e-05,1,0.25303459883853374,False,
2025-11-17 17:20:00,7246082,7068650,7,2,14.314732950876008,0,0.1932,0.1885,6.3e-05,1,0.19647601181878432,False,
2025-11-17 17:25:00,10550398,6288872,2,2,16.839270579814944,0,0.2813,0.1677,2.4e-05,1,0.25633354045612883,False,
2025-11-17 17:30:00,8091095,4236946,4,1,12.32804222391244,0,0.2158,0.113,4.1e-05,1,0.22698370227656256,False,
2025-11-17 17:35:00,8276269,6816735,3,1,15.093005165157605,0,0.2207,0.1818,2.7e-05,1,0.27016827473154353,False,
2025-11-17 17:40:00,8396899,5387392,0,2,13.784291969629177,0,0.2239,0.1437,1.5e-05,1,0.23374210638006382,False,
2025-11-17 17:45:00,9645990,5396039,1,1,15.042029394367102,0,0.2572,0.1439,1.3e-05,1,0.2288383301993151,False,
2025-11-17 17:50:00,10770582,7472536,3,1,18.24311883887864,0,0.2872,0.1993,2.2e-05,1,0.21518020648586178,False,
2025-11-17 17:55:00,9538812,5814491,2,1,15.353304129875427,0,0.2544,0.1551,2e-05,1,0.2578433992291841,False,
2025-11-17 18:00:00,10933852,5525374,2,1,16.45922716957452,0,0.2916,0.1473,1.8e-05,1,0.239539020218275,False,
2025-11-17 18:05:00,11086377,6408460,1,1,17.494837533047104,0,0.2956,0.1709,1.1e-05,1,0.1976326456222064,False,
2025-11-17 18:10:00,8422414,5095904,3,5,13.518318831979077,0,0.2246,0.1359,5.9e-05,1,0.2205555289538184,False,
2025-11-17 18:15:00,9561447,6679058,2,3,16.24050537059001,0,0.255,0.1781,3.1e-05,1,0.26752648190778,False,
2025-11-17 18:20:00,10416373,5404881,4,2,15.821254970792644,0,0.2778,0.1441,3.8e-05,1,0.2524808278856199,False,
2025-11-17 18:25:00,10205408,5708113,3,3,15.913522225880197,0,0.2721,0.1522,3.8e-05,1,0.2566055088891563,False,
2025-11-17 18:30:00,9272906,7189970,2,1,16.46287672319042,0,0.2473,0.1917,1.8e-05,1,0.24765350491520355,False,
2025-11-17 18:35:00,11460557,6780971,4,2,18.241528644612863,0,0.3056,0.1808,3.3e-05,1,0.20998271017891612,False,
2025-11-17 18:40:00,8762324,5699793,2,0,14.46211852195114,0,0.2337,0.152,1.4e-05,1,0.2332506906620364,False,
2025-11-17 18:45:00,8796780,6537697,2,3,15.334477877668752,0,0.2346,0.1743,3.3e-05,1,0.26992283975530146,False,
2025-11-17 18:50:00,9667021,5278973,7,3,14.945995657751167,0,0.2578,0.1408,6.7e-05,1,0.19936702544391077,False,
2025-11-17 18:55:00,8882654,6458785,5,0,15.341439761132438,0,0.2369,0.1722,3.3e-05,1,0.2707109534735406,False,
2025-11-17 19:00:00,7632712,7212467,7,3,14.845180629600838,0,0.2035,0.1923,6.7e-05,1,0.19044317598562116,False,
2025-11-17 19:05:00,10773138,7603748,2,3,18.37688704741688,0,0.2873,0.2028,2.7e-05,1,0.2101002193274586,False,
2025-11-17 19:10:00,9195614,6661885,1,1,15.85749953856133,0,0.2452,0.1777,1.3e-05,1,0.24678542114108615,False,
2025-11-17 19:15:00,10609490,7094964,2,2,17.70445522538874,0,0.2829,0.1892,2.3e-05,1,0.23420537555543164,False,
2025-11-17 19:20:00,10943309,6547161,5,2,17.490470862322702,0,0.2918,0.1746,4e-05,1,0.22432820491784927,False,
2025-11-17 19:25:00,7348901,6450680,3,3,13.799582475671976,0,0.196,0.172,4.3e-05,1,0.23747996512266262,False,
2025-11-17 19:30:00,10011711,5789308,4,6,15.80102006416494,0,0.267,0.1544,6.3e-05,1,0.20391763872757945,False,
2025-11-17 19:35:00,8459848,6248031,4,1,14.707880543058256,0,0.2256,0.1666,3.4e-05,1,0.2674158720009502,False,
2025-11-17 19:40:00,9576955,4895323,3,1,14.47227869105227,0,0.2554,0.1305,2.8e-05,1,0.2551408567002258,False,
2025-11-17 19:45:00,10122940,7674657,1,3,17.79759822552023,0,0.2699,0.2047,2.2e-05,1,0.225882258968374,False,
2025-11-17 19:50:00,8122634,6927728,4,1,15.05036321981951,0,0.2166,0.1847,3.3e-05,1,0.2700018280890124,False,
2025-11-17 19:55:00,7737609,7402078,4,2,15.139688150135624,0,0.2063,0.1974,4e-05,1,0.25268957520987445,False,
2025-11-17 20:00:00,9202427,6594295,6,4,15.796722456990794,0,0.2454,0.1758,6.3e-05,1,0.21354683616487363,False,
2025-11-17 20:05:00,8729744,4291099,4,1,13.020843981560208,0,0.2328,0.1144,3.8e-05,1,0.23163092512046157,False,
2025-11-17 20:10:00,8429421,6382349,6,0,14.81177116716767,0,0.2248,0.1702,4.1e-05,1,0.2638978301274869,False,
2025-11-17 20:15:00,9693059,6905644,3,1,16.598704095556148,0,0.2585,0.1842,2.4e-05,1,0.26671891589330027,False,
2025-11-17 20:20:00,8966054,5788990,4,2,14.755044669364077,0,0.2391,0.1544,4.1e-05,1,0.26688135716811534,False,
2025-11-17 20:25:00,9915543,6493023,3,2,16.408567316510272,0,0.2644,0.1731,3e-05,1,0.26728440244255786,False,
2025-11-17 20:30:00,10150433,5024537,4,0,15.174971431771947,0,0.2707,0.134,2.6e-05,1,0.25804241445741205,False,
2025-11-17 20:35:00,8170556,6122095,3,2,14.292651641954029,0,0.2179,0.1633,3.5e-05,1,0.27456037917507486,False,
2025-11-17 20:40:00,8410114,3638626,1,3,12.048741622455776,0,0.2243,0.097,3.3e-05,1,0.19871720287180417,False,
2025-11-17 20:45:00,9648030,7641682,3,2,17.289713543862472,0,0.2573,0.2038,2.9e-05,1,0.24038388929837579,False,
2025-11-17 20:50:00,9541712,6907948,5,2,16.449660717776172,0,0.2544,0.1842,4.3e-05,1,0.24748860223087965,False,
2025-11-17 20:55:00,9438062,6493433,3,4,15.931496311700924,0,0.2517,0.1732,4.4e-05,1,0.24778586939749353,False,
2025-11-17 21:00:00,11345289,6496920,8,0,17.84220983882352,0,0.3025,0.1733,4.5e-05,1,0.20324945891465257,False,
2025-11-17 21:05:00,11441480,6675179,0,2,18.11666071366395,0,0.3051,0.178,1.1e-05,1,0.17761913124913425,False,
2025-11-17 21:10:00,6731236,7358780,1,4,14.090016496015387,0,0.1795,0.1962,3.5e-05,1,0.22421687470814122,False,
2025-11-17 21:15:00,9245557,5929166,3,1,15.17472416718074,0,0.2465,0.1581,2.6e-05,1,0.2707836571860012,False,
2025-11-17 21:20:00,8836680,5469523,2,2,14.306203387763723,0,0.2356,0.1459,2.8e-05,1,0.26929260889175655,False,
2025-11-17 21:25:00,7713122,8314339,3,3,16.027462340107107,0,0.2057,0.2217,3.7e-05,1,0.19738228069104935,False,
2025-11-17 21:30:00,6786291,7368487,2,1,14.154778588412633,0,0.181,0.1965,2.1e-05,1,0.22168432013071532,False,
2025-11-17 21:35:00,5880472,6357205,4,2,12.237677926343316,0,0.1568,0.1695,4.9e-05,1,0.19342234209228393,False,
2025-11-17 21:40:00,8710128,6380020,1,1,15.090149078622868,0,0.2323,0.1701,1.3e-05,1,0.2421530620563726,False,
2025-11-17 21:45:00,8439793,4888479,5,2,13.328273233963708,0,0.2251,0.1304,5.3e-05,1,0.24105309085928844,False,
2025-11-17 21:50:00,9437319,8718414,2,0,18.15573460607711,0,0.2517,0.2325,1.1e-05,1,0.1445522688874895,False,
2025-11-17 21:55:00,8661635,5813531,2,3,14.475167158417396,0,0.231,0.155,3.5e-05,1,0.264731489187464,False,
2025-11-17 22:00:00,10214756,6072295,2,1,16.287052055115524,0,0.2724,0.1619,1.8e-05,1,0.25105576827192827,False,
2025-11-17 22:05:00,10753425,5825474,4,1,16.578899412016508,0,0.2868,0.1553,3e-05,1,0.25427566328296347,False,
2025-11-17 22:10:00,8040879,5670111,6,2,13.710990626231236,0,0.2144,0.1512,5.8e-05,1,0.23390829788938816,False,
2025-11-17 22:15:00,8252781,5553851,5,2,13.806632930524204,0,0.2201,0.1481,5.1e-05,1,0.25136927127923425,False,
2025-11-17 22:20:00,11021689,5895561,6,1,16.91725161558848,0,0.2939,0.1572,4.1e-05,1,0.226471308011148,False,
2025-11-17 22:25:00,7797253,4624551,0,2,12.421804730982462,0,0.2079,0.1233,1.6e-05,1,0.196438104789173,False,
2025-11-17 22:30:00,11601229,7405455,3,3,19.00668453221526,0,0.3094,0.1975,3.2e-05,1,0.18738230922916982,False,
2025-11-17 22:35:00,12132704,7420698,6,1,19.55340353706848,0,0.3235,0.1979,3.6e-05,1,0.13882160085645068,False,
2025-11-17 22:40:00,8557971,6328668,2,1,14.88663936257103,0,0.2282,0.1688,2e-05,1,0.25651605925767035,False,
2025-11-17 22:45:00,9224199,6466395,1,1,15.690595234280735,0,0.246,0.1724,1.3e-05,1,0.2457287984043443,False,
2025-11-17 22:50:00,9665283,5976783,3,1,15.642067087430632,0,0.2577,0.1594,2.6e-05,1,0.2651965021912542,False,
2025-11-17 22:55:00,7208494,6882849,2,5,14.091343882757895,0,0.1922,0.1835,5e-05,1,0.2259207621992802,False,
2025-11-17 23:00:00,12123097,5919086,1,3,18.0421844117036,0,0.3233,0.1578,2.2e-05,1,0.1894789520456842,False,
2025-11-17 23:05:00,5889004,7594565,2,2,13.483569433320186,0,0.157,0.2025,3e-05,1,0.191588517578842,False,
2025-11-17 23:10:00,8987094,5198111,5,3,14.185205666416842,0,0.2397,0.1386,5.6e-05,1,0.22968917046961956,False,
2025-11-17 23:15:00,8522562,7466348,5,4,15.988910976650592,0,0.2273,0.1991,5.6e-05,1,0.20922175903695378,False,
2025-11-17 23:20:00,12046804,4252302,4,1,16.299107552110634,0,0.3212,0.1134,3.1e-05,1,0.19779858366010972,False,
2025-11-17 23:25:00,9187228,9283754,3,4,18.47098274929528,0,0.245,0.2476,3.8e-05,1,0.1317336454447896,False,
2025-11-17 23:30:00,6900264,6269362,3,3,13.169627102502243,0,0.184,0.1672,4.6e-05,1,0.22504543985777298,False,
2025-11-17 23:35:00,9841718,6083394,2,3,15.925112778138276,0,0.2624,0.1622,3.1e-05,1,0.2654577155752895,False,
2025-11-17 23:40:00,9516791,4963607,2,2,14.48039955002834,0,0.2538,0.1324,2.8e-05,1,0.25892344952257246,False,
2025-11-17 23:45:00,10987100,7421165,2,2,18.408266771213995,0,0.293,0.1979,2.2e-05,1,0.2112290151421854,False,
2025-11-17 23:50:00,6444449,5716706,1,4,12.161156348208213,0,0.1719,0.1524,4.1e-05,1,0.22430260163711147,False,
2025-11-17 23:55:00,10531647,4520212,3,0,15.051860837247355,0,0.2808,0.1205,2e-05,1,0.22533967300809055,False,
2025-11-18 00:00:00,10662241,6384671,4,4,17.046913795713557,0,0.2843,0.1703,4.7e-05,1,0.21574078847306355,False,
2025-11-18 00:05:00,8063855,4548983,2,3,12.612839024074129,0,0.215,0.1213,4e-05,1,0.23103421322757844,False,
2025-11-18 00:10:00,7656529,5091841,3,0,12.748371200138298,0,0.2042,0.1358,2.4e-05,1,0.23712851644640148,False,
2025-11-18 00:15:00,8068537,6483217,3,0,14.55175506040081,0,0.2152,0.1729,2.1e-05,1,0.25734791983541183,False,
2025-11-18 00:20:00,10646486,6015034,3,2,16.661520995951236,0,0.2839,0.1604,3e-05,1,0.25716365999945145,False,
2025-11-18 00:25:00,10248378,5886180,3,3,16.134558584984887,0,0.2733,0.157,3.7e-05,1,0.25244970913467385,False,
2025-11-18 00:30:00,8317402,5048907,1,3,13.366310153657068,0,0.2218,0.1346,3e-05,1,0.2561495747631045,False,
2025-11-18 00:35:00,10356279,6201721,6,1,16.558000331123527,0,0.2762,0.1654,4.2e-05,1,0.23395178198518568,False,
2025-11-18 00:40:00,10959371,5981144,1,4,16.94051540462195,0,0.2922,0.1595,3e-05,1,0.24430299949823386,False,
2025-11-18 00:45:00,8567398,6214428,2,0,14.781827267095997,0,0.2285,0.1657,1.4e-05,1,0.2361468353255205,False,
2025-11-18 00:50:00,10799362,4685812,3,1,15.485175011544634,0,0.288,0.125,2.6e-05,1,0.23859886704939626,False,
2025-11-18 00:55:00,8416698,6466547,1,2,14.88324533263598,0,0.2244,0.1724,2e-05,1,0.2578168414689782,False,
2025-11-18 01:00:00,8485920,5649128,7,4,14.135048925227329,0,0.2263,0.1506,7.8e-05,1,0.14847529920130448,False,
2025-11-18 01:05:00,8818471,3817663,2,0,12.636135700964118,0,0.2352,0.1018,1.6e-05,1,0.18352570830379966,False,
2025-11-18 01:10:00,9459951,6575398,4,2,16.035350547095337,0,0.2523,0.1753,3.7e-05,1,0.2618683138390745,False,
2025-11-18 01:15:00,5922331,6015466,4,1,11.93779829924178,0,0.1579,0.1604,4.2e-05,1,0.20090871306609537,False,
2025-11-18 01:20:00,7423500,5804749,2,3,13.228250719195673,0,0.198,0.1548,3.8e-05,1,0.24875713752050682,False,
2025-11-18 01:25:00,5491637,6612131,5,2,12.10376930931757,0,0.1464,0.1763,5.8e-05,1,0.15540995121123963,False,
2025-11-18 01:30:00,9956111,5826415,5,1,15.782526663213266,0,0.2655,0.1554,3.8e-05,1,0.25929107607163576,False,
2025-11-18 01:35:00,10899041,5676187,3,1,16.575228992435818,0,0.2906,0.1514,2.4e-05,1,0.25108176476481003,False,
2025-11-18 01:40:00,11189918,7047700,1,1,18.237618957616963,0,0.2984,0.1879,1.1e-05,1,0.17726631930814862,False,
2025-11-18 01:45:00,6056876,6031933,2,3,12.08881044521138,0,0.1615,0.1609,4.1e-05,1,0.21097906913343217,False,
2025-11-18 01:50:00,9079245,6895863,4,3,15.975108711485476,0,0.2421,0.1839,4.4e-05,1,0.24914623465096936,False,
2025-11-18 01:55:00,7223411,6412784,1,0,13.63619662186073,0,0.1926,0.171,7e-06,1,0.17727872043390974,False,
2025-11-18 02:00:00,6971942,7512093,2,3,14.48403557595104,0,0.1859,0.2003,3.5e-05,1,0.23374493493714182,False,
2025-11-18 02:05:00,8139566,8160945,1,2,16.30051161293799,0,0.2171,0.2176,1.8e-05,1,0.20627776945276605,False,
2025-11-18 02:10:00,7048258,4835109,2,3,11.883368194861514,0,0.188,0.1289,4.2e-05,1,0.21680165386983785,False,
2025-11-18 02:15:00,12067366,7262514,2,2,19.329880375128692,0,0.3218,0.1937,2.1e-05,1,0.1460805961141386,False,
2025-11-18 02:20:00,6775362,5881736,2,2,12.657098883694443,0,0.1807,0.1568,3.2e-05,1,0.2445827337657545,False,
2025-11-18 02:25:00,7507065,5156727,5,1,12.663792399869475,0,0.2002,0.1375,4.7e-05,1,0.23772824343982735,False,
2025-11-18 02:30:00,8728144,7055174,2,1,15.783319325482497,0,0.2328,0.1881,1.9e-05,1,0.2577650263626488,False,
2025-11-18 02:35:00,9068298,7337849,3,2,16.406148372959414,0,0.2418,0.1957,3e-05,1,0.26171750634115765,False,
2025-11-18 02:40:00,9025746,4421515,3,2,13.44726180750016,0,0.2407,0.1179,3.7e-05,1,0.2364739946220743,False,
2025-11-18 02:45:00,7197951,4828833,4,0,12.026784915604749,0,0.1919,0.1288,3.3e-05,1,0.22083088141968388,False,
2025-11-18 02:50:00,9346318,4932180,9,1,14.278498941270612,0,0.2492,0.1315,7e-05,1,0.17649587729029603,False,
2025-11-18 02:55:00,9393917,5850038,2,1,15.24395541014413,0,0.2505,0.156,2e-05,1,0.26242486444038426,False,
2025-11-18 03:00:00,10043742,6219023,1,2,16.26276645076307,0,0.2678,0.1658,1.8e-05,1,0.24838375339421753,False,
2025-11-18 03:05:00,8717165,5957106,4,4,14.674272194323528,0,0.2325,0.1589,5.5e-05,1,0.2405288554654197,False,
2025-11-18 03:10:00,10411835,7335469,1,2,17.747305667126806,0,0.2776,0.1956,1.7e-05,1,0.22168729961435218,False,
2025-11-18 03:15:00,6826855,5993133,4,0,12.819988171186807,0,0.182,0.1598,3.1e-05,1,0.24308644268928142,False,
2025-11-18 03:20:00,10946173,5312653,1,0,16.258827303569483,0,0.2919,0.1417,6e-06,1,0.18064387912831092,False,
2025-11-18 03:25:00,10262454,5302822,3,2,15.565276807391337,0,0.2737,0.1414,3.2e-05,1,0.2581349527622945,False,
2025-11-18 03:30:00,9472213,7164209,7,1,16.63642273003068,0,0.2526,0.191,4.8e-05,1,0.23791085003728962,False,
2025-11-18 03:35:00,9684231,4910834,5,5,14.595065600411996,0,0.2582,0.131,6.9e-05,1,0.16613743621154892,False,
2025-11-18 03:40:00,10448536,6410410,3,1,16.85894651758192,0,0.2786,0.1709,2.4e-05,1,0.25498942175312383,False,
2025-11-18 03:45:00,10263222,6648593,2,5,16.911816720026916,0,0.2737,0.1773,4.1e-05,1,0.2423828582043318,False,
2025-11-18 03:50:00,7419883,5603334,2,2,13.023218570626224,0,0.1979,0.1494,3.1e-05,1,0.25191499981132454,False,
2025-11-18 03:55:00,10650173,4675308,1,2,15.325482712585575,0,0.284,0.1247,2e-05,1,0.22999396046880038,False,
2025-11-18 04:00:00,9319467,5236669,5,1,14.556137024011484,0,0.2485,0.1396,4.1e-05,1,0.26050518433897984,False,
2025-11-18 04:05:00,10735203,5221558,3,3,15.956761855720432,0,0.2863,0.1392,3.8e-05,1,0.24424398604671005,False,
2025-11-18 04:10:00,9591398,6769300,4,3,16.360698964298642,0,0.2558,0.1805,4.3e-05,1,0.25139099230097073,False,
2025-11-18 04:15:00,7513828,6663339,3,1,14.177168764936916,0,0.2004,0.1777,2.8e-05,1,0.2573350410001567,False,
2025-11-18 04:20:00,7350628,7475423,3,2,14.826051454514875,0,0.196,0.1993,3.4e-05,1,0.24607691811982957,False,
2025-11-18 04:25:00,9635885,6637112,5,0,16.272998140547617,0,0.257,0.177,3.1e-05,1,0.26897337812583416,False,
2025-11-18 04:30:00,10625741,4774694,3,2,15.400435736737151,0,0.2834,0.1273,3.2e-05,1,0.246459265021019,False,
2025-11-18 04:35:00,6754776,6500931,2,2,13.255708119941872,0,0.1801,0.1734,3e-05,1,0.23460469274174178,False,
2025-11-18 04:40:00,8476044,6848966,4,2,15.325010604889272,0,0.226,0.1826,3.9e-05,1,0.25872562069929234,False,
2025-11-18 04:45:00,10578207,5392381,4,2,15.97058869842082,0,0.2821,0.1438,3.8e-05,1,0.25202916964063915,False,
2025-11-18 04:50:00,8445218,4871336,0,1,13.316554733837172,0,0.2252,0.1299,8e-06,1,0.1823414821531627,False,
2025-11-18 04:55:00,11667729,6744918,4,1,18.412648073473704,0,0.3111,0.1799,2.7e-05,1,0.20001369510660816,False,
2025-11-18 05:00:00,9999073,6964351,1,4,16.963424132966907,0,0.2666,0.1857,2.9e-05,1,0.25072186275056624,False,
2025-11-18 05:05:00,10820167,5252170,1,1,16.07233876509095,0,0.2885,0.1401,1.2e-05,1,0.20397320770009336,False,
2025-11-18 05:10:00,7971360,5193794,4,2,13.165154978107674,0,0.2126,0.1385,4.6e-05,1,0.24278034711516616,False,
2025-11-18 05:15:00,11734483,4580688,5,2,16.31517144368406,0,0.3129,0.1222,4.3e-05,1,0.19348343247273186,False,
2025-11-18 05:20:00,10150186,7815222,3,3,17.965408997934627,0,0.2707,0.2084,3.3e-05,1,0.21841271391525102,False,
2025-11-18 05:25:00,9595837,4948421,4,2,14.54425842761943,0,0.2559,0.132,4.1e-05,1,0.25228728349401003,False,
2025-11-18 05:30:00,10197197,4356545,3,1,14.55374287893136,0,0.2719,0.1162,2.7e-05,1,0.23737797689107715,False,
2025-11-18 05:35:00,9481072,6640201,8,1,16.12127373110334,0,0.2528,0.1771,5.6e-05,1,0.22414909563868024,False,
2025-11-18 05:40:00,11128630,3487016,3,1,14.615646671693955,0,0.2968,0.093,2.7e-05,1,0.19361886054730876,False,
2025-11-18 05:45:00,8925388,4668432,1,2,13.593820949714356,0,0.238,0.1245,2.2e-05,1,0.2310509307196108,False,
2025-11-18 05:50:00,8693254,3721853,1,1,12.415107989428853,0,0.2318,0.0992,1.6e-05,1,0.1679364534128855,False,
2025-11-18 05:55:00,8806615,8432233,3,2,17.23884914017849,0,0.2348,0.2249,2.9e-05,1,0.20371400709324228,False,
2025-11-18 06:00:00,9424068,4794563,4,2,14.218632057878333,0,0.2513,0.1279,4.2e-05,1,0.24765655859860936,False,
2025-11-18 06:05:00,9190898,5303777,7,0,14.494676276967756,0,0.2451,0.1414,4.8e-05,1,0.2509622531805285,False,
2025-11-18 06:10:00,6307102,6292046,1,3,12.599148586933785,0,0.1682,0.1678,3.2e-05,1,0.22218348113822362,False,
2025-11-18 06:15:00,10740592,6379091,4,1,17.119683778587,0,0.2864,0.1701,2.9e-05,1,0.24500686640146158,False,
2025-11-18 06:20:00,7663074,5107858,4,0,12.770933468176352,0,0.2043,0.1362,3.1e-05,1,0.246302519757506,False,
2025-11-18 06:25:00,8349103,5055648,6,4,13.404752141799683,0,0.2226,0.1348,7.5e-05,1,0.15495719978776662,False,
2025-11-18 06:30:00,8542085,5058383,0,2,13.60046814753861,0,0.2278,0.1349,1.5e-05,1,0.2185890272868909,False,
2025-11-18 06:35:00,10228889,6678419,4,1,16.907308864728957,0,0.2728,0.1781,3e-05,1,0.25649877586071407,False,
2025-11-18 06:40:00,5904625,6248793,4,3,12.153418671451757,0,0.1575,0.1666,5.8e-05,1,0.17876432676931853,False,
2025-11-18 06:45:00,6979137,4824343,4,2,11.80348031724195,0,0.1861,0.1286,5.1e-05,1,0.2008796737241511,False,
2025-11-18 06:50:00,12675218,6494625,2,2,19.169844001001763,0,0.338,0.1732,2.1e-05,1,0.13847527650304703,False,
2025-11-18 06:55:00,11050438,7794961,4,2,18.84540078923489,0,0.2947,0.2079,3.2e-05,1,0.18990701867940774,False,
2025-11-18 07:00:00,11662408,5124230,6,3,16.78663906325768,0,0.311,0.1366,5.4e-05,1,0.17754579908812584,False,
2025-11-18 07:05:00,8659639,6750333,3,2,15.40997255332354,0,0.2309,0.18,3.2e-05,1,0.2667458254361364,False,
2025-11-18 07:10:00,10917841,7831123,1,1,18.74896492366796,0,0.2911,0.2088,1.1e-05,1,0.15307690548445207,False,
2025-11-18 07:15:00,8750528,7428037,2,1,16.17856612838018,0,0.2333,0.1981,1.9e-05,1,0.24902256132753647,False,
2025-11-18 07:20:00,8396169,8494492,3,4,16.89066256930058,0,0.2239,0.2265,4.1e-05,1,0.18947988495264478,False,
2025-11-18 07:25:00,6324105,6827933,6,2,13.152038654600531,0,0.1686,0.1821,6.1e-05,1,0.18018304128712753,False,
2025-11-18 07:30:00,8931658,6708083,1,4,15.63974280805011,0,0.2382,0.1789,3.2e-05,1,0.27375451625760844,False,
2025-11-18 07:35:00,8649488,7198928,3,2,15.848416961930967,0,0.2307,0.192,3.2e-05,1,0.258624412325449,False,
2025-11-18 07:40:00,5713933,6041037,2,1,11.754970705466777,0,0.1524,0.1611,2.6e-05,1,0.18161358624717522,False,
2025-11-18 07:45:00,7606505,6994428,4,2,14.600933334593888,0,0.2028,0.1865,4.1e-05,1,0.2483268124557811,False,
2025-11-18 07:50:00,8607717,6860860,1,1,15.468577991657767,0,0.2295,0.183,1.3e-05,1,0.24675806790333166,False,
2025-11-18 07:55:00,7319054,6457824,6,2,13.776879692960648,0,0.1952,0.1722,5.8e-05,1,0.21142105699547553,False,
2025-11-18 08:00:00,10176324,5105740,5,4,15.282065097193737,0,0.2714,0.1362,5.9e-05,1,0.20886543641090155,False,
2025-11-18 08:05:00,8560356,4186189,3,2,12.746546199326142,0,0.2283,0.1116,3.9e-05,1,0.23155542924698513,False,
2025-11-18 08:10:00,9509762,5598684,4,2,15.108447108018938,0,0.2536,0.1493,4e-05,1,0.2643532362885496,False,
2025-11-18 08:15:00,10830717,6137919,3,1,16.968637330496055,0,0.2888,0.1637,2.4e-05,1,0.2426074349535866,False,
2025-11-18 08:20:00,9606344,5278879,8,1,14.885224344395745,0,0.2562,0.1408,6e-05,1,0.2112222278850705,False,
2025-11-18 08:25:00,6993812,6091338,5,2,13.085151146762296,0,0.1865,0.1624,5.3e-05,1,0.23115967875728455,False,
2025-11-18 08:30:00,10083500,7420470,5,2,17.503970618746486,0,0.2689,0.1979,4e-05,1,0.2289784398515583,False,
2025-11-18 08:35:00,8176981,5600133,2,3,13.77711491601994,0,0.2181,0.1493,3.6e-05,1,0.2670596945022393,False,
2025-11-18 08:40:00,6562642,6254341,0,3,12.816984795598826,0,0.175,0.1668,2.3e-05,1,0.22308151890613714,False,
2025-11-18 08:45:00,8731180,4334778,4,3,13.065958272760575,0,0.2328,0.1156,5.4e-05,1,0.21548799275494557,False,
2025-11-18 08:50:00,9741774,7605870,1,1,17.347645297150255,0,0.2598,0.2028,1.2e-05,1,0.20769889332529862,False,
2025-11-18 08:55:00,9653962,5280904,4,3,14.934866663460731,0,0.2574,0.1408,4.7e-05,1,0.25087150199507463,False,
2025-11-18 09:00:00,6602888,5226126,1,1,11.829014313661396,0,0.1761,0.1394,1.7e-05,1,0.18149943906456756,False,
2025-11-18 09:05:00,9079994,6138531,2,1,15.218526163906812,0,0.2421,0.1637,2e-05,1,0.265336984489278,False,
2025-11-18 09:10:00,10559831,6557866,5,0,17.1176980145934,0,0.2816,0.1749,2.9e-05,1,0.2479444721599991,False,
2025-11-18 09:15:00,8039866,6897627,7,5,14.937493171577575,0,0.2144,0.1839,8e-05,1,0.13494402837049424,False,
2025-11-18 09:20:00,9068869,8930732,3,5,17.999601663326672,0,0.2418,0.2382,4.4e-05,1,0.1511570660408338,False,
2025-11-18 09:25:00,9157350,6511353,5,1,15.668704019669462,0,0.2442,0.1736,3.8e-05,1,0.2671070595022399,False,
2025-11-18 09:30:00,9318045,6778301,3,1,16.096346972259497,0,0.2485,0.1808,2.5e-05,1,0.2702705090670177,False,
2025-11-18 09:35:00,10739768,5511435,0,4,16.251203755994144,0,0.2864,0.147,2.5e-05,1,0.25621438411667863,False,
2025-11-18 09:40:00,9268831,9736262,2,1,19.00509455817045,0,0.2472,0.2596,1.6e-05,1,0.08853980463859779,False,
2025-11-18 09:45:00,7116748,6269345,2,3,13.386094286666802,0,0.1898,0.1672,3.7e-05,1,0.24159476402358582,False,
2025-11-18 09:50:00,7473131,7299400,2,1,14.77253251177842,0,0.1993,0.1947,2e-05,1,0.24060407319429306,False,
2025-11-18 09:55:00,9408633,5999930,2,2,15.408564545491796,0,0.2509,0.16,2.6e-05,1,0.2693266088568155,False,
2025-11-18 10:00:00,6046714,4501171,4,2,10.547886651688104,0,0.1612,0.12,5.7e-05,1,0.11334236200873782,False,
2025-11-18 10:05:00,9061646,4946342,1,1,14.00798880377555,0,0.2416,0.1319,1.4e-05,1,0.2202830194516368,False,
2025-11-18 10:10:00,9190941,6274110,3,1,15.465051534999636,0,0.2451,0.1673,2.6e-05,1,0.2713168833499755,False,
2025-11-18 10:15:00,9805338,5172450,5,3,14.977789294673446,0,0.2615,0.1379,5.3e-05,1,0.23444771795307934,False,
2025-11-18 10:20:00,8445122,7586322,3,2,16.031445594483305,0,0.2252,0.2023,3.1e-05,1,0.25201727741953617,False,
2025-11-18 10:25:00,9165295,6607748,1,3,15.773043725633451,0,0.2444,0.1762,2.5e-05,1,0.2704049242124384,False,
2025-11-18 10:30:00,7943583,7718196,2,1,15.661780263111396,0,0.2118,0.2058,1.9e-05,1,0.234536808655828,False,
2025-11-18 10:35:00,7875112,6819321,5,1,14.69443373566293,0,0.21,0.1818,4.1e-05,1,0.2548261629865228,False,
2025-11-18 10:40:00,10489728,8731190,7,5,19.220919090440194,0,0.2797,0.2328,6.2e-05,1,0.08488423137238987,False,
2025-11-18 10:45:00,8192911,6702440,2,1,14.895352299646728,0,0.2185,0.1787,2e-05,1,0.2591053147570707,False,
2025-11-18 10:50:00,9568088,4719029,2,2,14.28711872339053,0,0.2551,0.1258,2.8e-05,1,0.24783735112199445,False,
2025-11-18 10:55:00,10746770,5053833,3,2,15.800603253959313,0,0.2866,0.1348,3.2e-05,1,0.24996739185426325,False,
2025-11-18 11:00:00,11534672,6926767,2,2,18.46144080410108,0,0.3076,0.1847,2.2e-05,1,0.19732576306900218,False,
2025-11-18 11:05:00,11252039,4235736,4,2,15.487776568876816,0,0.3001,0.113,3.9e-05,1,0.20285555305620417,False,
2025-11-18 11:10:00,8120427,6171156,6,2,14.29158373730854,0,0.2165,0.1646,5.6e-05,1,0.24359527019592025,False,
2025-11-18 11:15:00,6753014,6716022,4,3,13.469037035899792,0,0.1801,0.1791,5.2e-05,1,0.2113289107569125,False,
2025-11-18 11:20:00,8595204,5286141,2,6,13.881346344110732,0,0.2292,0.141,5.8e-05,1,0.22774793234360546,False,
2025-11-18 11:25:00,8334248,8643642,5,1,16.977890592879312,0,0.2222,0.2305,3.5e-05,1,0.17788697855381397,False,
2025-11-18 11:30:00,8937180,4988471,3,1,13.925652042911468,0,0.2383,0.133,2.9e-05,1,0.25735243241752354,False,
2025-11-18 11:35:00,8639213,8059830,3,2,16.69904420364123,0,0.2304,0.2149,3e-05,1,0.22724816988767066,False,
2025-11-18 11:40:00,8841640,5240997,1,0,14.082638645120118,0,0.2358,0.1398,7e-06,1,0.19871540444008529,False,
2025-11-18 11:45:00,6264561,7873713,4,3,14.138275251254928,0,0.1671,0.21,5e-05,1,0.17670751469876766,False,
2025-11-18 11:50:00,9536306,5666121,5,0,15.202428039334553,0,0.2543,0.1511,3.3e-05,1,0.26617580590127743,False,
2025-11-18 11:55:00,11887565,8221028,0,0,20.108593977370248,0,0.317,0.2192,0.0,1,0.03081257826308592,False,
2025-11-18 12:00:00,11740757,3930533,3,4,15.671291045078425,0,0.3131,0.1048,4.5e-05,1,0.16948949606133645,False,
2025-11-18 12:05:00,9954980,6247417,7,1,16.202398391304037,0,0.2655,0.1666,4.9e-05,1,0.23603678075402107,False,
2025-11-18 12:10:00,10124288,5359589,3,0,15.48387791441562,0,0.27,0.1429,1.9e-05,1,0.24870318515333983,False,
2025-11-18 12:15:00,7869761,4118769,2,0,11.98853053043352,0,0.2099,0.1098,1.7e-05,1,0.1761956756530063,False,
2025-11-18 12:20:00,8345955,7959977,3,4,16.30593286474746,0,0.2226,0.2123,4.3e-05,1,0.21340404360808463,False,
2025-11-18 12:25:00,12417848,5072512,3,0,17.4903612959936,0,0.3311,0.1353,1.7e-05,1,0.16118173607618264,False,
2025-11-18 12:30:00,9541468,4945287,6,6,14.486756149768905,0,0.2544,0.1319,8.3e-05,1,0.11284802635532776,False,
2025-11-18 12:35:00,11004124,5463960,4,1,16.468084248694655,0,0.2934,0.1457,3e-05,1,0.24873722463990722,False,
2025-11-18 12:40:00,9202524,5326164,1,2,14.52868840392584,0,0.2454,0.142,2.1e-05,1,0.25726334689894576,False,
2025-11-18 12:45:00,9916864,6801743,5,0,16.71860759785278,0,0.2644,0.1814,3e-05,1,0.263889066287179,False,
2025-11-18 12:50:00,10250800,5640055,6,0,15.890856610965148,0,0.2734,0.1504,3.8e-05,1,0.25726800976200953,False,
2025-11-18 12:55:00,10056442,4107483,4,0,14.163926555898918,0,0.2682,0.1095,2.8e-05,1,0.21628296226153482,False,
2025-11-18 13:00:00,7455843,5904199,2,4,13.36004289688124,0,0.1988,0.1574,4.5e-05,1,0.2478855503899391,False,
2025-11-18 13:05:00,8699287,6914824,5,2,15.614111990560614,0,0.232,0.1844,4.5e-05,1,0.2491940844071341,False,
2025-11-18 13:10:00,12336099,6990842,1,1,19.32694167813014,0,0.329,0.1864,1e-05,1,0.10334209610479739,False,
2025-11-18 13:15:00,9021353,3758108,5,2,12.779462058538382,0,0.2406,0.1002,5.5e-05,1,0.192961021329423,False,
2025-11-18 13:20:00,10906909,6446433,6,5,17.35334278020168,0,0.2909,0.1719,6.3e-05,1,0.16826015357854562,False,
2025-11-18 13:25:00,8880394,4559272,6,3,13.439667048315348,0,0.2368,0.1216,6.7e-05,1,0.1789061622106647,False,
2025-11-18 13:30:00,7215948,5573017,2,1,12.78896627564471,0,0.1924,0.1486,2.3e-05,1,0.23413095196483164,False,
2025-11-18 13:35:00,7808542,4726207,5,2,12.534750174268131,0,0.2082,0.126,5.6e-05,1,0.2074059459052381,False,
2025-11-18 13:40:00,6761258,7129804,4,2,13.891063402872362,0,0.1803,0.1901,4.3e-05,1,0.21593955877062543,False,
2025-11-18 13:45:00,6275262,6562981,5,2,12.83824462430124,0,0.1673,0.175,5.5e-05,1,0.2034612815504912,False,
2025-11-18 13:50:00,8544377,7651835,3,2,16.196212262757335,0,0.2279,0.204,3.1e-05,1,0.25454359296478535,False,
2025-11-18 13:55:00,7905040,6682767,1,0,14.58780812323898,0,0.2108,0.1782,7e-06,1,0.21037747459581946,False,
2025-11-18 14:00:00,6925326,4449284,2,2,11.374611710983212,0,0.1847,0.1186,3.5e-05,1,0.19147714757162193,False,
2025-11-18 14:05:00,7829615,5682487,0,2,13.512103857602453,0,0.2088,0.1515,1.5e-05,1,0.2268681021532144,False,
2025-11-18 14:10:00,8132766,3626440,3,1,11.759206668862465,0,0.2169,0.0967,3.4e-05,1,0.18540289201647348,False,
2025-11-18 14:15:00,9778693,5106364,1,0,14.885058206803508,0,0.2608,0.1362,7e-06,1,0.19823563119552923,False,
2025-11-18 14:20:00,9816314,6363320,2,2,16.17963557974584,0,0.2618,0.1697,2.5e-05,1,0.26720340341073245,False,
2025-11-18 14:25:00,9218924,4969358,1,1,14.188283113230716,0,0.2458,0.1325,1.4e-05,1,0.21839683112844582,False,
2025-11-18 14:30:00,10555873,5180438,1,1,15.736311630113995,0,0.2815,0.1381,1.3e-05,1,0.21614152806833864,False,
2025-11-18 14:35:00,9131660,4566728,2,4,13.698388836535672,0,0.2435,0.1218,4.4e-05,1,0.2367891300592302,False,
2025-11-18 14:40:00,9400047,5733254,4,4,15.133301530997937,0,0.2507,0.1529,5.3e-05,1,0.24626940505666417,False,
2025-11-18 14:45:00,7501365,6356972,4,0,13.85833846787204,0,0.2,0.1695,2.9e-05,1,0.25445939190157874,False,
2025-11-18 14:50:00,7972093,5437212,2,2,13.409306221052564,0,0.2126,0.145,3e-05,1,0.255281192423037,False,
2025-11-18 14:55:00,8923008,6355308,2,1,15.27831683656545,0,0.2379,0.1695,2e-05,1,0.26464296995200093,False,
2025-11-18 15:00:00,8427370,3032461,2,1,11.459831301155402,0,0.2247,0.0809,2.6e-05,1,0.13751877686291725,False,
2025-11-18 15:05:00,11696157,5007016,3,3,16.70317419571162,0,0.3119,0.1335,3.6e-05,1,0.21914639285172977,False,
2025-11-18 15:10:00,9906411,6998833,7,1,16.905245138284887,0,0.2642,0.1866,4.7e-05,1,0.23365639100959656,False,
2025-11-18 15:15:00,10059704,7883240,1,2,17.942945117696205,0,0.2683,0.2102,1.7e-05,1,0.20535125916825825,False,
2025-11-18 15:20:00,8794990,7126462,0,2,15.921453339019587,0,0.2345,0.19,1.3e-05,1,0.24296334142987203,False,
2025-11-18 15:25:00,9627019,4260732,1,0,13.887752317068164,0,0.2567,0.1136,7e-06,1,0.15858969346899282,False,
2025-11-18 15:30:00,11338493,6140352,2,5,17.47884627322069,0,0.3024,0.1637,4e-05,1,0.21529439799333172,False,
2025-11-18 15:35:00,8009815,6759757,3,3,14.769573568335714,0,0.2136,0.1803,4.1e-05,1,0.26216633930935723,False,
2025-11-18 15:40:00,10890299,6293617,3,3,17.183916481820464,0,0.2904,0.1678,3.5e-05,1,0.24071111759532365,False,
2025-11-18 15:45:00,6802752,4661196,4,1,11.463948840835734,0,0.1814,0.1243,4.4e-05,1,0.18987550901156086,False,
2025-11-18 15:50:00,9895423,5764625,2,0,15.66004930611258,0,0.2639,0.1537,1.3e-05,1,0.23298608611936433,False,
2025-11-18 15:55:00,10557338,7182778,4,3,17.740116812929298,0,0.2815,0.1915,3.9e-05,1,0.2248858803219289,False,
2025-11-18 16:00:00,10530227,4708278,3,3,15.238505801646212,0,0.2808,0.1256,3.9e-05,1,0.23677409164926022,False,
2025-11-18 16:05:00,10455159,4628083,1,2,15.08324238184657,0,0.2788,0.1234,2e-05,1,0.22971077601851586,False,
2025-11-18 16:10:00,6854641,6420645,2,3,13.275286976333328,0,0.1828,0.1712,3.8e-05,1,0.24231054775074568,False,
2025-11-18 16:15:00,8520830,7422619,2,3,15.943450365636751,0,0.2272,0.1979,3.1e-05,1,0.25133074107957193,False,
2025-11-18 16:20:00,11474666,5747891,3,1,17.22255730671865,0,0.306,0.1533,2.3e-05,1,0.22566312391416643,False,
2025-11-18 16:25:00,10639577,6906672,5,1,17.546249767452508,0,0.2837,0.1842,3.4e-05,1,0.2406240807733001,False,
2025-11-18 16:30:00,8109568,6143527,2,1,14.253095771461052,0,0.2163,0.1638,2.1e-05,1,0.2633357332801568,False,
2025-11-18 16:35:00,7930072,5079095,3,2,13.00916844395388,0,0.2115,0.1354,3.8e-05,1,0.24853608225202622,False,
2025-11-18 16:40:00,9736167,4928714,3,3,14.66488272320136,0,0.2596,0.1314,4.1e-05,1,0.2542299752753982,False,
2025-11-18 16:45:00,8861991,4232525,5,2,13.094516547058058,0,0.2363,0.1129,5.3e-05,1,0.22396075200147902,False,
2025-11-18 16:50:00,8751316,6414952,1,0,15.166268155465556,0,0.2334,0.1711,7e-06,1,0.22854590684470116,False,
2025-11-18 16:55:00,7941231,6530448,3,3,14.471679733326258,0,0.2118,0.1741,4.1e-05,1,0.2574746032928741,False,
2025-11-18 17:00:00,9461750,3764215,2,0,13.225966010085454,0,0.2523,0.1004,1.5e-05,1,0.17490208942915847,False,
2025-11-18 17:05:00,10292866,6198599,1,0,16.49146591121743,0,0.2745,0.1653,6e-06,1,0.20014636278205805,False,
2025-11-18 17:10:00,9040055,6956957,2,3,15.997012841825464,0,0.2411,0.1855,3.1e-05,1,0.2714969703620154,False,
2025-11-18 17:15:00,10090839,5191671,4,2,15.282511042488828,0,0.2691,0.1384,3.9e-05,1,0.2521511135779474,False,
2025-11-18 17:20:00,9045136,5955416,5,3,15.000552622321534,0,0.2412,0.1588,5.3e-05,1,0.24880190281677428,False,
2025-11-18 17:25:00,13048733,6083943,3,0,19.132677019765257,0,0.348,0.1622,1.6e-05,1,0.10834639645041755,False,
2025-11-18 17:30:00,10034333,8149540,5,4,18.18387388082997,0,0.2676,0.2173,4.9e-05,1,0.16734731614627707,False,
2025-11-18 17:35:00,11120289,7121408,4,0,18.24169745468565,0,0.2965,0.1899,2.2e-05,1,0.21201882374737746,False,
2025-11-18 17:40:00,6560563,9090928,6,2,15.651491435946758,0,0.1749,0.2424,5.1e-05,1,0.12757898164294912,False,
2025-11-18 17:45:00,8051281,5869421,8,0,13.920703418287184,0,0.2147,0.1565,5.7e-05,1,0.24033877904496653,False,
2025-11-18 17:50:00,8770169,6615939,2,2,15.386109396012356,0,0.2339,0.1764,2.6e-05,1,0.2688092460001016,False,
2025-11-18 17:55:00,7798373,6382836,7,0,14.181209675302023,0,0.208,0.1702,4.9e-05,1,0.24643799525306492,False,
2025-11-18 18:00:00,5791703,7784349,5,1,13.576053310605312,0,0.1544,0.2076,4.4e-05,1,0.17288947119255388,False,
2025-11-18 18:05:00,8476538,7551952,1,3,16.028491105282693,0,0.226,0.2014,2.5e-05,1,0.251300464628176,False,
2025-11-18 18:10:00,11435739,6469909,4,2,17.905649185507468,0,0.305,0.1725,3.4e-05,1,0.21648615164477247,False,
2025-11-18 18:15:00,9699111,6890847,0,3,16.58995961757006,0,0.2586,0.1838,1.8e-05,1,0.25732107139713956,False,
2025-11-18 18:20:00,9821565,6857701,3,3,16.67926786167466,0,0.2619,0.1829,3.6e-05,1,0.26511272318734685,False,
2025-11-18 18:25:00,10544735,6638048,2,1,17.182783517550337,0,0.2812,0.177,1.7e-05,1,0.23776130392221773,False,
2025-11-18 18:30:00,8712831,4416701,3,2,13.129533007611595,0,0.2323,0.1178,3.8e-05,1,0.23400382312391482,False,
2025-11-18 18:35:00,10763796,6436946,4,3,17.200743400307484,0,0.287,0.1717,4.1e-05,1,0.23131552905140657,False,
2025-11-18 18:40:00,9173502,6986302,3,1,16.159805193912504,0,0.2446,0.1863,2.5e-05,1,0.2675484531880455,False,
2025-11-18 18:45:00,10044020,5352247,3,2,15.396268710623506,0,0.2678,0.1427,3.2e-05,1,0.2612508069269326,False,
2025-11-18 18:50:00,7531109,6433776,2,2,13.9648855381505,0,0.2008,0.1716,2.9e-05,1,0.25555006588341117,False,
2025-11-18 18:55:00,9123661,5280395,5,3,14.404057451446112,0,0.2433,0.1408,5.6e-05,1,0.23081471787079993,False,
2025-11-18 19:00:00,9626673,5656644,2,1,15.28331808344919,0,0.2567,0.1508,2e-05,1,0.25489933745891674,False,
2025-11-18 19:05:00,7911447,6521324,1,5,14.432771704024086,0,0.211,0.1739,4.2e-05,1,0.25646550315728517,False,
2025-11-18 19:10:00,7411848,7071870,0,4,14.48371954178232,0,0.1976,0.1886,2.8e-05,1,0.25110217058588585,False,
2025-11-18 19:15:00,6588934,6652292,3,3,13.241226682522631,0,0.1757,0.1774,4.5e-05,1,0.2186129039915839,False,
2025-11-18 19:20:00,9639824,6379771,5,1,16.019595845885252,0,0.2571,0.1701,3.7e-05,1,0.26171730990659575,False,
2025-11-18 19:25:00,9358309,7746896,3,2,17.10520565697223,0,0.2496,0.2066,2.9e-05,1,0.24138431627628876,False,
2025-11-18 19:30:00,10369192,4983340,5,4,15.352533116857906,0,0.2765,0.1329,5.9e-05,1,0.19836757981905262,False,
2025-11-18 19:35:00,9862577,4740175,4,1,14.602753438601663,0,0.263,0.1264,3.4e-05,1,0.25505210451914845,False,
2025-11-18 19:40:00,11941012,8118980,5,3,20.059993460167583,0,0.3184,0.2165,4e-05,1,0.09743848534787292,False,
2025-11-18 19:45:00,9490871,5822390,2,4,15.313262806865865,0,0.2531,0.1553,3.9e-05,1,0.2608235431809433,False,
2025-11-18 19:50:00,10307485,5386246,1,3,15.693731796455824,0,0.2749,0.1436,2.5e-05,1,0.25349166184609323,False,
2025-11-18 19:55:00,9553037,6669056,3,3,16.222094443289155,0,0.2547,0.1778,3.7e-05,1,0.26238716580160776,False,
2025-11-18 20:00:00,9230392,7901823,3,3,17.132215071733622,0,0.2461,0.2107,3.5e-05,1,0.21972275721771184,False,
2025-11-18 20:05:00,8329274,5972470,3,1,14.301744192843094,0,0.2221,0.1593,2.8e-05,1,0.26868242004315074,False,
2025-11-18 20:10:00,9968009,4881335,2,1,14.849344715733256,0,0.2658,0.1302,2e-05,1,0.24815065974382905,False,
2025-11-18 20:15:00,9126575,4744408,1,2,13.87098403464409,0,0.2434,0.1265,2.2e-05,1,0.24172294899627017,False,
2025-11-18 20:20:00,7471486,6799284,5,0,14.270771219829168,0,0.1992,0.1813,3.5e-05,1,0.25577222543568917,False,
2025-11-18 20:25:00,9274484,5851193,1,3,15.125678397131916,0,0.2473,0.156,2.6e-05,1,0.2711582328915889,False,
2025-11-18 20:30:00,7408041,7074531,4,6,14.48257328649448,0,0.1975,0.1887,6.9e-05,1,0.16513394879938614,False,
2025-11-18 20:35:00,9303002,7847909,2,1,17.15091125905323,0,0.2481,0.2093,1.7e-05,1,0.22214837420921552,False,
2025-11-18 20:40:00,10661804,6517401,7,3,17.179205602297536,0,0.2843,0.1738,5.8e-05,1,0.185749648149385,False,
2025-11-18 20:45:00,10103078,3744048,5,1,13.847126346826732,0,0.2694,0.0998,4.3e-05,1,0.1975279350682767,False,
2025-11-18 20:50:00,7001693,7360275,3,2,14.3619695969767,0,0.1867,0.1963,3.5e-05,1,0.2387468879051371,False,
2025-11-18 20:55:00,6804678,6746716,2,4,13.55139433752326,0,0.1815,0.1799,4.4e-05,1,0.22184884228516744,False,
2025-11-18 21:00:00,5374657,3973657,0,1,9.348314485693871,0,0.1433,0.106,1.1e-05,1,0.02298192898665996,False,
2025-11-18 21:05:00,8457981,3589255,1,7,12.047237189686305,0,0.2255,0.0957,6.6e-05,1,0.1375114032283279,False,
2025-11-18 21:10:00,8960429,5847280,5,1,14.80771053021346,0,0.2389,0.1559,4.1e-05,1,0.2665254738464688,False,
2025-11-18 21:15:00,6251926,7151139,1,0,13.403065444527623,0,0.1667,0.1907,7e-06,1,0.14311021532325208,False,
2025-11-18 21:20:00,8035853,7113005,3,3,15.148859307317172,0,0.2143,0.1897,4e-05,1,0.2627374703051888,False,
2025-11-18 21:25:00,6341628,4122732,1,1,10.46436023364249,0,0.1691,0.1099,1.9e-05,1,0.0875907740352424,False,
2025-11-18 21:30:00,8021215,5732274,4,4,13.75348989828192,0,0.2139,0.1529,5.8e-05,1,0.2323330347821807,False,
2025-11-18 21:35:00,10728998,7452086,4,3,18.18108567359952,0,0.2861,0.1987,3.9e-05,1,0.20867540575118598,False,
2025-11-18 21:40:00,9205004,5679917,0,3,14.88492235608655,0,0.2455,0.1515,2e-05,1,0.2616454386831966,False,
2025-11-18 21:45:00,11402145,4567851,2,1,15.969996329995997,0,0.3041,0.1218,1.9e-05,1,0.19987319650905588,False,
2025-11-18 21:50:00,10026119,6324642,1,4,16.350761846089217,0,0.2674,0.1687,3.1e-05,1,0.2613304195421009,False,
2025-11-18 21:55:00,8311714,3163353,3,5,11.475067864993724,0,0.2216,0.0844,7e-05,1,0.0904157615689285,False,
2025-11-18 22:00:00,11354727,2670211,0,2,14.02493814932733,0,0.3028,0.0712,1.4e-05,1,0.13036291342092454,False,
2025-11-18 22:05:00,10325558,6174807,4,2,16.500365369587914,0,0.2753,0.1647,3.6e-05,1,0.2554915977512628,False,
2025-11-18 22:10:00,6409002,5081035,2,3,11.490037458417826,0,0.1709,0.1355,4.4e-05,1,0.19188920785368319,False,
2025-11-18 22:15:00,8470467,8305059,0,4,16.77552674548642,0,0.2259,0.2215,2.4e-05,1,0.20745287033943505,False,
2025-11-18 22:20:00,7881654,6475992,4,1,14.357647157175494,0,0.2102,0.1727,3.5e-05,1,0.26171936048525957,False,
2025-11-18 22:25:00,8669107,7555301,5,2,16.224409103291244,0,0.2312,0.2015,4.3e-05,1,0.23036117658827837,False,
2025-11-18 22:30:00,9470297,6792533,4,2,16.262830625999957,0,0.2525,0.1811,3.7e-05,1,0.2655791460619794,False,
2025-11-18 22:35:00,10685276,6305894,7,2,16.991170336704688,0,0.2849,0.1682,5.3e-05,1,0.20333390605288448,False,
2025-11-18 22:40:00,9396842,6982961,5,3,16.379804366454554,0,0.2506,0.1862,4.9e-05,1,0.24473563752033956,False,
2025-11-18 22:45:00,8557476,6638683,4,2,15.196160247794452,0,0.2282,0.177,3.9e-05,1,0.2654679566131266,False,
2025-11-18 22:50:00,10342347,4701266,4,3,15.043614129037252,0,0.2758,0.1254,4.7e-05,1,0.22692212585727212,False,
2025-11-18 22:55:00,8559894,7802800,2,4,16.362694976833918,0,0.2283,0.2081,3.7e-05,1,0.24027186414905233,False,
2025-11-18 23:00:00,9949300,5414240,2,5,15.363541259629551,0,0.2653,0.1444,4.6e-05,1,0.24982666221063243,False,
2025-11-18 23:05:00,8689683,6857914,2,1,15.54759745704303,0,0.2317,0.1829,1.9e-05,1,0.2613628964480751,False,
2025-11-18 23:10:00,10896249,4891072,2,0,15.787321844586868,0,0.2906,0.1304,1.3e-05,1,0.19689679066287707,False,
2025-11-18 23:15:00,9128310,6410456,1,2,15.538766893800288,0,0.2434,0.1709,1.9e-05,1,0.2647733399996516,False,
2025-11-18 23:20:00,8172014,6192471,2,0,14.364485791251344,0,0.2179,0.1651,1.4e-05,1,0.23984301627200194,False,
2025-11-18 23:25:00,7105161,4856306,1,4,11.961468407497907,0,0.1895,0.1295,4.2e-05,1,0.22223987435318443,False,
2025-11-18 23:30:00,9190149,5800133,2,2,14.990283224777633,0,0.2451,0.1547,2.7e-05,1,0.2726438778429155,False,
2025-11-18 23:35:00,8262668,5860715,2,4,14.123383507982314,0,0.2203,0.1563,4.2e-05,1,0.26285495166137884,False,
2025-11-18 23:40:00,11036376,5407362,1,0,16.44373863824379,0,0.2943,0.1442,6e-06,1,0.18141284711868422,False,
2025-11-18 23:45:00,9946489,7601002,4,3,17.54749264952587,0,0.2652,0.2027,4e-05,1,0.22372886373865808,False,
2025-11-18 23:50:00,9394230,5532258,5,3,14.926489448330326,0,0.2505,0.1475,5.4e-05,1,0.24367496809134326,False,
2025-11-18 23:55:00,8534158,5497017,1,1,14.031175778203655,0,0.2276,0.1466,1.4e-05,1,0.2303110424842812,False,
2025-11-19 00:00:00,9915628,6255227,4,1,16.170856164270255,0,0.2644,0.1668,3.1e-05,1,0.2662790424476835,False,
2025-11-19 00:05:00,7530201,5697228,5,0,13.227430027923212,0,0.2008,0.1519,3.8e-05,1,0.2484169141230193,False,
2025-11-19 00:10:00,5986257,5563214,3,3,11.549471320616217,0,0.1596,0.1484,5.2e-05,1,0.18379499285634399,False,
2025-11-19 00:15:00,7117123,4803684,2,3,11.920808659220144,0,0.1898,0.1281,4.2e-05,1,0.21717169525129493,False,
2025-11-19 00:20:00,9122638,7743004,7,1,16.86564262751086,0,0.2433,0.2065,4.7e-05,1,0.21871617018788558,False,
2025-11-19 00:25:00,12183716,5509974,0,3,17.693691142492614,0,0.3249,0.1469,1.7e-05,1,0.17515435929923479,False,
2025-11-19 00:30:00,10624396,6659993,1,1,17.284389895533238,0,0.2833,0.1776,1.2e-05,1,0.21813228284696518,False,
2025-11-19 00:35:00,9234035,7389799,2,3,16.623835669698362,0,0.2462,0.1971,3e-05,1,0.2574118074186988,False,
2025-11-19 00:40:00,8560365,6480413,4,2,15.040779447103578,0,0.2283,0.1728,4e-05,1,0.2667892205723559,False,
2025-11-19 00:45:00,8570691,6145906,3,4,14.716598208881727,0,0.2286,0.1639,4.8e-05,1,0.2527384188955356,False,
2025-11-19 00:50:00,8936812,6121269,1,0,15.058082189008555,0,0.2383,0.1632,7e-06,1,0.23091415781498537,False,
2025-11-19 00:55:00,8691827,3964786,4,1,12.656613656337992,0,0.2318,0.1057,4e-05,1,0.22447007125280116,False,
2025-11-19 01:00:00,11090194,4144047,4,2,15.23424251221805,0,0.2957,0.1105,3.9e-05,1,0.20484562354023744,False,
2025-11-19 01:05:00,6500221,4187943,1,5,10.68816530416649,0,0.1733,0.1117,5.6e-05,1,0.12145120164269474,False,
2025-11-19 01:10:00,10672347,6586101,1,1,17.258449003590027,0,0.2846,0.1756,1.2e-05,1,0.215219747326497,False,
2025-11-19 01:15:00,8406224,8597426,2,2,17.003651667564203,0,0.2242,0.2293,2.4e-05,1,0.18573470354020422,False,
2025-11-19 01:20:00,7197533,6007290,3,5,13.204824537603072,0,0.1919,0.1602,6.1e-05,1,0.20902025868117424,False,
2025-11-19 01:25:00,8046762,5622013,0,1,13.668776714865638,0,0.2146,0.1499,7e-06,1,0.19452137296594418,False,
2025-11-19 01:30:00,8796563,5440494,2,0,14.237057859252223,0,0.2346,0.1451,1.4e-05,1,0.23393801547203075,False,
2025-11-19 01:35:00,11002706,6068261,3,0,17.070968298612186,0,0.2934,0.1618,1.8e-05,1,0.22820969577716177,False,
2025-11-19 01:40:00,7946171,5681379,2,1,13.627550587023348,0,0.2119,0.1515,2.2e-05,1,0.25527681636874744,False,
2025-11-19 01:45:00,11252288,6889735,3,0,18.14202385845133,0,0.3001,0.1837,1.7e-05,1,0.1996926321036112,False,
2025-11-19 01:50:00,8097263,4847814,3,2,12.945078059147075,0,0.2159,0.1293,3.9e-05,1,0.2483455542490252,False,
2025-11-19 01:55:00,11166601,4340552,4,2,15.50715401663646,0,0.2978,0.1157,3.9e-05,1,0.20682944467194136,False,
2025-11-19 02:00:00,8558008,6473641,2,2,15.03164984536863,0,0.2282,0.1726,2.7e-05,1,0.2683112538555887,False,
2025-11-19 02:05:00,12424480,8438390,7,4,20.86287038531119,0,0.3313,0.225,5.3e-05,1,0.038828369713598154,False,
2025-11-19 02:10:00,10233445,5623400,4,3,15.85684577869013,0,0.2729,0.15,4.4e-05,1,0.2418248870399482,False,
2025-11-19 02:15:00,8639998,4865053,1,2,13.505051954961996,0,0.2304,0.1297,2.2e-05,1,0.24541657662168237,False,
2025-11-19 02:20:00,11626497,6483166,0,0,18.109664321062898,0,0.31,0.1729,0.0,1,0.11943163823887581,False,
2025-11-19 02:25:00,9254905,5957182,1,3,15.212088344030905,0,0.2468,0.1589,2.6e-05,1,0.2694576889978275,False,
2025-11-19 02:30:00,7284364,4642306,3,2,11.926671054898843,0,0.1942,0.1238,4.2e-05,1,0.21035086982811974,False,
2025-11-19 02:35:00,8554580,5701144,2,1,14.255724515928376,0,0.2281,0.152,2.1e-05,1,0.2555472609515885,False,
2025-11-19 02:40:00,6953366,8008602,4,2,14.96196889514172,0,0.1854,0.2136,4e-05,1,0.20937175372075434,False,
2025-11-19 02:45:00,7132139,5761295,1,2,12.893434777919415,0,0.1902,0.1536,2.3e-05,1,0.23384840459982537,False,
2025-11-19 02:50:00,10453451,5968641,4,4,16.422092580617125,0,0.2788,0.1592,4.9e-05,1,0.2255397758798392,False,
2025-11-19 02:55:00,9386925,5663507,4,2,15.050433153074575,0,0.2503,0.151,4e-05,1,0.2701354399938628,False,
2025-11-19 03:00:00,7807634,5961998,3,3,13.769632630563114,0,0.2082,0.159,4.4e-05,1,0.25207461968345096,False,
2025-11-19 03:05:00,9726801,6602129,2,0,16.328931014651012,0,0.2594,0.1761,1.2e-05,1,0.23911609837714276,False,
2025-11-19 03:10:00,7845333,9194975,3,2,17.04030968650758,0,0.2092,0.2452,2.9e-05,1,0.13729218096501516,False,
2025-11-19 03:15:00,9417319,7673204,5,3,17.090523928587352,0,0.2511,0.2046,4.7e-05,1,0.21309055229116125,False,
2025-11-19 03:20:00,9418301,7624393,3,1,17.042694459820677,0,0.2512,0.2033,2.3e-05,1,0.23867244470448545,False,
2025-11-19 03:25:00,10381497,6403026,6,2,16.784524334155954,0,0.2768,0.1707,4.8e-05,1,0.22528233949929882,False,
2025-11-19 03:30:00,5114994,5334570,7,0,10.449564924871002,0,0.1364,0.1423,6.7e-05,1,0.08467446221520458,False,
2025-11-19 03:35:00,9745308,5386071,3,2,15.131380516967294,0,0.2599,0.1436,3.3e-05,1,0.265337305450981,False,
2025-11-19 03:40:00,11144971,7634358,0,1,18.77932949776553,0,0.2972,0.2036,5e-06,1,0.11803816845896475,False,
2025-11-19 03:45:00,11035487,5194552,3,1,16.23004061288063,0,0.2943,0.1385,2.5e-05,1,0.24180042369040156,False,
2025-11-19 03:50:00,10289151,4620632,5,2,14.909783439392188,0,0.2744,0.1232,4.7e-05,1,0.2245640710510181,False,
2025-11-19 03:55:00,9026227,7407395,6,2,16.4336236534557,0,0.2407,0.1975,4.9e-05,1,0.23000440841868092,False,
2025-11-19 04:00:00,8855212,6943238,1,2,15.798450550191776,0,0.2361,0.1852,1.9e-05,1,0.2626682883870994,False,
2025-11-19 04:05:00,6041195,5346780,3,1,11.387975024684316,0,0.1611,0.1426,3.5e-05,1,0.1880787032951538,False,
2025-11-19 04:10:00,7812089,7059320,0,1,14.871409857041554,0,0.2083,0.1882,7e-06,1,0.2033835711795286,False,
2025-11-19 04:15:00,8495399,5624593,4,3,14.11999385464443,0,0.2265,0.15,5e-05,1,0.2540955608515912,False,
2025-11-19 04:20:00,6859685,5574549,4,1,12.43423479466496,0,0.1829,0.1487,4e-05,1,0.23845028364667598,False,
2025-11-19 04:25:00,6299623,6004319,1,2,12.30394281902673,0,0.168,0.1601,2.4e-05,1,0.20977593667653038,False,
2025-11-19 04:30:00,7903102,5912338,1,0,13.8154411733411,0,0.2107,0.1577,7e-06,1,0.19557361654657351,False,
2025-11-19 04:35:00,6552856,5718084,2,0,12.270940965986554,0,0.1747,0.1525,1.6e-05,1,0.19752882936908672,False,
2025-11-19 04:40:00,8776444,7113686,3,1,15.890130188589902,0,0.234,0.1897,2.5e-05,1,0.2657535167901176,False,
2025-11-19 04:45:00,6593825,6066477,1,3,12.660303361328491,0,0.1758,0.1618,3.2e-05,1,0.23815793389217088,False,
2025-11-19 04:50:00,9392377,4616954,3,3,14.009332403829903,0,0.2505,0.1231,4.3e-05,1,0.2362310921400635,False,
2025-11-19 04:55:00,7930211,6810051,3,3,14.74026256546491,0,0.2115,0.1816,4.1e-05,1,0.25981980496880647,False,
2025-11-19 05:00:00,7644289,5549905,1,1,13.194195301562637,0,0.2038,0.148,1.5e-05,1,0.22160045562734382,False,
2025-11-19 05:05:00,8599036,4077268,4,1,12.676304448438684,0,0.2293,0.1087,3.9e-05,1,0.226882558353033,False,
2025-11-19 05:10:00,8250345,4757131,4,2,13.007476426708262,0,0.22,0.1269,4.6e-05,1,0.23512931255399727,False,
2025-11-19 05:15:00,9301906,6336541,5,2,15.63844748809167,0,0.2481,0.169,4.5e-05,1,0.25542212426346034,False,
2025-11-19 05:20:00,8654449,7128154,5,0,15.782603937585067,0,0.2308,0.1901,3.2e-05,1,0.26460319397626875,False,
2025-11-19 05:25:00,8706184,4050737,1,2,12.756921385196112,0,0.2322,0.108,2.4e-05,1,0.2205725392928657,False,
2025-11-19 05:30:00,8149598,8204717,1,0,16.354316388558075,0,0.2173,0.2188,6e-06,1,0.15675229729807388,False,
2025-11-19 05:35:00,7852733,5208670,3,4,13.06140406692418,0,0.2094,0.1389,5.4e-05,1,0.2363411302263051,False,
2025-11-19 05:40:00,9493207,5731903,3,1,15.225111444772066,0,0.2532,0.1529,2.6e-05,1,0.2670956863633421,False,
2025-11-19 05:45:00,8327642,9119424,4,2,17.447067114283815,0,0.2221,0.2432,3.4e-05,1,0.15562012031176609,False,
2025-11-19 05:50:00,5553550,6604639,1,2,12.15819053368294,0,0.1481,0.1761,2.5e-05,1,0.17470274770212513,False,
2025-11-19 05:55:00,8528096,7026971,5,1,15.555068177709591,0,0.2274,0.1874,3.9e-05,1,0.26051211870492735,False,
2025-11-19 06:00:00,8443562,8506669,2,3,16.950231920436742,0,0.2252,0.2268,2.9e-05,1,0.20090490031127312,False,
2025-11-19 06:05:00,10249404,5999178,4,2,16.248583296891194,0,0.2733,0.16,3.7e-05,1,0.25519769271348547,False,
2025-11-19 06:10:00,11261853,6235612,2,2,17.49746526607079,0,0.3003,0.1663,2.3e-05,1,0.22583349494807814,False,
2025-11-19 06:15:00,12728789,4129409,3,3,16.858198959312446,0,0.3394,0.1101,3.6e-05,1,0.16623081163628495,False,
2025-11-19 06:20:00,8126653,4355157,2,1,12.48181066850095,0,0.2167,0.1161,2.4e-05,1,0.219305805307987,False,
2025-11-19 06:25:00,10133958,6734188,2,0,16.86814747466578,0,0.2702,0.1796,1.2e-05,1,0.2257644077501817,False,
2025-11-19 06:30:00,10106009,4783946,0,1,14.889955870114582,0,0.2695,0.1276,7e-06,1,0.18548523581805892,False,
2025-11-19 06:35:00,6278785,6547429,4,2,12.826215678931066,0,0.1674,0.1746,4.7e-05,1,0.20950484132389785,False,
2025-11-19 06:40:00,5991968,5298585,5,5,11.290554447258671,0,0.1598,0.1413,8.9e-05,1,0.061102270985087914,False,
2025-11-19 06:45:00,5849444,5664398,5,1,11.513843289957862,0,0.156,0.1511,5.2e-05,1,0.17188403026319943,False,
2025-11-19 06:50:00,9094006,4860751,4,3,13.954757923696125,0,0.2425,0.1296,5e-05,1,0.24450066957326122,False,
2025-11-19 06:55:00,7982542,7289729,2,0,15.272271862083626,0,0.2129,0.1944,1.3e-05,1,0.2289521471661236,False,
2025-11-19 07:00:00,10922413,7603328,1,2,18.525742297457228,0,0.2913,0.2028,1.6e-05,1,0.18608242779539402,False,
2025-11-19 07:05:00,8363990,7097375,5,4,15.461365561790489,0,0.223,0.1893,5.8e-05,1,0.226023399276302,False,
2025-11-19 07:10:00,11083205,8663907,4,3,19.74711362696608,0,0.2956,0.231,3.5e-05,1,0.12670532216144637,False,
2025-11-19 07:15:00,9933477,4539114,3,1,14.47259193040425,0,0.2649,0.121,2.8e-05,1,0.24258147335581398,False,
2025-11-19 07:20:00,12219957,7611976,2,2,19.831933686833867,0,0.3259,0.203,2e-05,1,0.10941991279913166,False,
2025-11-19 07:25:00,5549087,6411892,4,3,11.960979222155045,0,0.148,0.171,5.9e-05,1,0.15436492893633147,False,
2025-11-19 07:30:00,10417834,5321859,2,2,15.739693719941965,0,0.2778,0.1419,2.5e-05,1,0.2534544003349366,False,
2025-11-19 07:35:00,8424077,5797344,3,3,14.221421627015246,0,0.2246,0.1546,4.2e-05,1,0.26203241732344934,False,
2025-11-19 07:40:00,9525203,5626657,2,2,15.15186117386722,0,0.254,0.15,2.6e-05,1,0.26719291535928796,False,
2025-11-19 07:45:00,9918333,5472885,2,1,15.391219369226022,0,0.2645,0.1459,1.9e-05,1,0.25194542402338815,False,
2025-11-19 07:50:00,8004671,6692834,0,3,14.697505801345924,0,0.2135,0.1785,2e-05,1,0.25927183043485597,False,
2025-11-19 07:55:00,7397684,7505197,3,2,14.902881978104269,0,0.1973,0.2001,3.4e-05,1,0.24790596701225326,False,
2025-11-19 08:00:00,11273189,5081945,4,1,16.355135228267798,0,0.3006,0.1355,3.1e-05,1,0.23088761445784728,False,
2025-11-19 08:05:00,9714057,5846527,1,2,15.560585489977802,0,0.259,0.1559,1.9e-05,1,0.25797203487542036,False,
2025-11-19 08:10:00,10680634,7651605,1,3,18.332240359030923,0,0.2848,0.204,2.2e-05,1,0.21166723494964623,False,
2025-11-19 08:15:00,11228788,6255640,2,2,17.484429191413458,0,0.2994,0.1668,2.3e-05,1,0.22665229313755714,False,
2025-11-19 08:20:00,13104767,4202019,2,1,17.306787007288396,0,0.3495,0.1121,1.7e-05,1,0.12206362714400154,False,
2025-11-19 08:25:00,9568435,6960613,3,0,16.52904888548545,0,0.2552,0.1856,1.8e-05,1,0.2545922896841077,False,
2025-11-19 08:30:00,7884713,5984359,3,1,13.869073571256289,0,0.2103,0.1596,2.9e-05,1,0.26067592227963016,False,
2025-11-19 08:35:00,9386650,6473921,0,1,15.86057154549808,0,0.2503,0.1726,6e-06,1,0.21635482088497332,False,
2025-11-19 08:40:00,10812721,6115624,3,3,16.928345618268708,0,0.2883,0.1631,3.5e-05,1,0.24839648718136514,False,
2025-11-19 08:45:00,8330583,5092942,1,5,13.423525998406149,0,0.2221,0.1358,4.5e-05,1,0.2551962538255587,False,
2025-11-19 08:50:00,7910845,6199929,3,1,14.11077499225735,0,0.211,0.1653,2.8e-05,1,0.26534060507046486,False,
2025-11-19 08:55:00,5955557,5571640,2,2,11.527198356068588,0,0.1588,0.1486,3.5e-05,1,0.19988363699519046,False,
2025-11-19 09:00:00,9346684,6622041,8,0,15.96872517779314,0,0.2492,0.1766,5e-05,1,0.2451423341511661,False,
2025-11-19 09:05:00,8906596,7990393,2,1,16.89698976599773,0,0.2375,0.2131,1.8e-05,1,0.21758355780550476,False,
2025-11-19 09:10:00,8438454,3959326,2,0,12.397780951744076,0,0.225,0.1056,1.6e-05,1,0.18282817727669498,False,
2025-11-19 09:15:00,10094515,4822066,4,3,14.916582512197868,0,0.2692,0.1286,4.7e-05,1,0.2399482132971601,False,
2025-11-19 09:20:00,9134636,6274215,1,0,15.408851440477006,0,0.2436,0.1673,6e-06,1,0.2186230799503518,False,
2025-11-19 09:25:00,9864322,8107806,6,3,17.972128486978058,0,0.263,0.2162,5e-05,1,0.17318729820960355,False,
2025-11-19 09:30:00,13443455,6685727,4,1,20.129182350688467,0,0.3585,0.1783,2.5e-05,1,0.08911390241951678,False,
2025-11-19 09:35:00,10776691,5983978,0,2,16.760669552748524,0,0.2874,0.1596,1.2e-05,1,0.21718410466912574,False,
2025-11-19 09:40:00,9277365,7924497,0,1,17.201862468564205,0,0.2474,0.2113,6e-06,1,0.17200922398421903,False,
2025-11-19 09:45:00,9175204,4427349,5,3,13.602554190289831,0,0.2447,0.1181,5.9e-05,1,0.1927726641053633,False,
2025-11-19 09:50:00,8349680,5346949,2,0,13.696630871391372,0,0.2227,0.1426,1.5e-05,1,0.23482327761238392,False,
2025-11-19 09:55:00,9264502,6015024,3,4,15.279526943316558,0,0.2471,0.1604,4.6e-05,1,0.25651377678111187,False,
2025-11-19 10:00:00,7560784,7508251,4,3,15.069035597375818,0,0.2016,0.2002,4.6e-05,1,0.22951384349381077,False,
2025-11-19 10:05:00,9156757,5466491,0,0,14.623248708229095,0,0.2442,0.1458,0.0,1,0.17844163211461317,False,
2025-11-19 10:10:00,6402794,6136329,3,0,12.539123180231863,0,0.1707,0.1636,2.4e-05,1,0.21813715853703075,False,
2025-11-19 10:15:00,10604413,6585578,2,0,17.189992145578124,0,0.2828,0.1756,1.2e-05,1,0.2169672010814538,False,
2025-11-19 10:20:00,11767949,5612465,5,0,17.38041522103149,0,0.3138,0.1497,2.9e-05,1,0.2141996233954659,False,
2025-11-19 10:25:00,8053335,5362206,3,4,13.415542026624596,0,0.2148,0.143,5.2e-05,1,0.24617792459361193,False,
2025-11-19 10:30:00,7412174,5445292,2,3,12.857466318530715,0,0.1977,0.1452,3.9e-05,1,0.24544640929011002,False,
2025-11-19 10:35:00,7316717,5625805,5,0,12.942523557256372,0,0.1951,0.15,3.9e-05,1,0.2469915652278245,False,
2025-11-19 10:40:00,9899545,5604102,1,0,15.503648075812018,0,0.264,0.1494,6e-06,1,0.20530113948098472,False,
2025-11-19 10:45:00,9938040,5628974,2,6,15.567015326925034,0,0.265,0.1501,5.1e-05,1,0.24257336450731587,False,
2025-11-19 10:50:00,10472975,3696858,2,3,14.169834290994856,0,0.2793,0.0986,3.5e-05,1,0.1998487226281777,False,
2025-11-19 10:55:00,5840089,4476095,3,2,10.316185024768156,0,0.1557,0.1194,4.8e-05,1,0.10987058251828685,False,
2025-11-19 11:00:00,11144581,5384981,4,2,16.529563037992993,0,0.2972,0.1436,3.6e-05,1,0.24406133732357588,False,
2025-11-19 11:05:00,8673041,6137395,5,4,14.810436970789,0,0.2313,0.1637,6.1e-05,1,0.22433811129880682,False,
2025-11-19 11:10:00,10628286,5956157,3,2,16.5844439156641,0,0.2834,0.1588,3e-05,1,0.25683440234720184,False,
2025-11-19 11:15:00,11898398,6359448,3,3,18.25784687647625,0,0.3173,0.1696,3.3e-05,1,0.18812446642379405,False,
2025-11-19 11:20:00,8448174,7383889,3,1,15.832064192922152,0,0.2253,0.1969,2.5e-05,1,0.25310453495585294,False,
2025-11-19 11:25:00,9821457,6648650,1,1,16.470108151520645,0,0.2619,0.1773,1.2e-05,1,0.23786804927811278,False,
2025-11-19 11:30:00,8424886,6297784,4,5,14.722670929177738,0,0.2247,0.1679,6.1e-05,1,0.22307286399952403,False,
2025-11-19 11:35:00,8575589,7300268,5,0,15.875858441788417,0,0.2287,0.1947,3.1e-05,1,0.25678891853496694,False,
2025-11-19 11:40:00,11372680,4271086,2,9,15.643767336046915,0,0.3033,0.1139,7e-05,1,0.12087076667976782,False,
2025-11-19 11:45:00,8666367,5120518,3,5,13.78688638405084,0,0.2311,0.1365,5.8e-05,1,0.22497707778506132,False,
2025-11-19 11:50:00,10401487,5249455,3,0,15.650943230325012,0,0.2774,0.14,1.9e-05,1,0.2362305207669746,False,
2025-11-19 11:55:00,10037248,6967837,1,2,17.005086363651493,0,0.2677,0.1858,1.8e-05,1,0.2394539203658182,False,
2025-11-19 12:00:00,11116942,6783430,2,1,17.900372715628734,0,0.2965,0.1809,1.7e-05,1,0.21407824393983527,False,
2025-11-19 12:05:00,12168751,5417700,2,2,17.586451133965074,0,0.3245,0.1445,2.3e-05,1,0.19225460035668918,False,
2025-11-19 12:10:00,10060203,7485990,2,3,17.54619393720261,0,0.2683,0.1996,2.8e-05,1,0.23889342187330176,False,
2025-11-19 12:15:00,10596206,6882912,3,1,17.479119066601058,0,0.2826,0.1835,2.3e-05,1,0.23639429749674085,False,
2025-11-19 12:20:00,11686926,4106591,3,8,15.79351767731008,0,0.3117,0.1095,7e-05,1,0.10600372199087982,False,
2025-11-19 12:25:00,9889369,6576972,2,3,16.46634204612355,0,0.2637,0.1754,3e-05,1,0.26352106176922074,False,
2025-11-19 12:30:00,7463108,5834080,2,2,13.29718939365815,0,0.199,0.1556,3e-05,1,0.25312393159896346,False,
2025-11-19 12:35:00,11459795,5240068,5,1,16.699863888051063,0,0.3056,0.1397,3.6e-05,1,0.22779161910214285,False,
2025-11-19 12:40:00,9412868,8510324,6,1,17.923193478705965,0,0.251,0.2269,3.9e-05,1,0.18377703760875175,False,
2025-11-19 12:45:00,11481650,5601768,3,1,17.083419361072096,0,0.3062,0.1494,2.3e-05,1,0.2217985176469161,False,
2025-11-19 12:50:00,4731330,5784353,4,3,10.51568403772398,0,0.1262,0.1542,6.7e-05,1,0.08077654417100677,False,
2025-11-19 12:55:00,11371808,5261246,3,1,16.633055593202215,0,0.3032,0.1403,2.4e-05,1,0.2301653704848866,False,
2025-11-19 13:00:00,10037309,5758760,2,1,15.796070292053308,0,0.2677,0.1536,1.9e-05,1,0.2534323247310003,False,
2025-11-19 13:05:00,9119673,6458477,1,2,15.578151255272145,0,0.2432,0.1722,1.9e-05,1,0.26638355557863425,False,
2025-11-19 13:10:00,10565134,6287777,3,1,16.85291200149666,0,0.2817,0.1677,2.4e-05,1,0.25548761733036907,False,
2025-11-19 13:15:00,10902702,7052696,0,1,17.955399294387256,0,0.2907,0.1881,6e-06,1,0.17437453681571602,False,
2025-11-19 13:20:00,10328631,5097117,2,3,15.425748526087345,0,0.2754,0.1359,3.2e-05,1,0.2512633802344428,False,
2025-11-19 13:25:00,10388593,4313106,0,3,14.701699957743298,0,0.277,0.115,2e-05,1,0.22523173490800957,False,
2025-11-19 13:30:00,7724378,7969933,7,5,15.694312359524526,0,0.206,0.2125,7.6e-05,1,0.11366938235922808,False,
2025-11-19 13:35:00,7263933,4623392,5,3,11.88732681952877,0,0.1937,0.1233,6.7e-05,1,0.15612112551028223,False,
2025-11-19 13:40:00,6453724,4031669,2,1,10.485393846282982,0,0.1721,0.1075,2.9e-05,1,0.11629618112138196,False,
2025-11-19 13:45:00,11084747,5725095,4,0,16.809843623416267,0,0.2956,0.1527,2.4e-05,1,0.24534105696876507,False,
2025-11-19 13:50:00,8560641,5636318,6,3,14.196960694492788,0,0.2283,0.1503,6.3e-05,1,0.216043850644201,False,
2025-11-19 13:55:00,8281522,7816090,3,2,16.097612405755033,0,0.2208,0.2084,3.1e-05,1,0.24673967989559825,False,
2025-11-19 14:00:00,9149417,5408465,2,1,14.557882875206737,0,0.244,0.1442,2.1e-05,1,0.2597441591798775,False,
2025-11-19 14:05:00,10231720,6668776,3,3,16.900496936208867,0,0.2728,0.1778,3.6e-05,1,0.25385966954833383,False,
2025-11-19 14:10:00,7299482,5611132,4,3,12.910614432708908,0,0.1947,0.1496,5.4e-05,1,0.2321182649991006,False,
2025-11-19 14:15:00,9122574,4971477,3,2,14.094051879903851,0,0.2433,0.1326,3.5e-05,1,0.2595007836346756,False,
2025-11-19 14:20:00,11285812,2944055,2,0,14.22986733817452,0,0.301,0.0785,1.4e-05,1,0.13501214769942949,False,
2025-11-19 14:25:00,8094029,5910222,0,0,14.004251683956316,0,0.2158,0.1576,0.0,1,0.16179211398665327,False,
2025-11-19 14:30:00,12455583,5342248,2,3,17.797832005330577,0,0.3321,0.1425,2.8e-05,1,0.18163338620924913,False,
2025-11-19 14:35:00,10450208,6057165,1,3,16.507374627369906,0,0.2787,0.1615,2.4e-05,1,0.25753010361464207,False,
2025-11-19 14:40:00,8408834,4657182,2,1,13.066017306013723,0,0.2242,0.1242,2.3e-05,1,0.231446294763134,False,
2025-11-19 14:45:00,9914486,6485863,4,0,16.400350779650324,0,0.2644,0.173,2.4e-05,1,0.26738856400069083,False,
2025-11-19 14:50:00,9016547,7100702,1,2,16.117250337869205,0,0.2404,0.1894,1.9e-05,1,0.26026084164876534,False,
2025-11-19 14:55:00,9183401,6104473,5,2,15.287875330098998,0,0.2449,0.1628,4.6e-05,1,0.25687523399217016,False,
2025-11-19 15:00:00,8623074,6215521,3,2,14.83859582936618,0,0.2299,0.1657,3.4e-05,1,0.26517181900471887,False,
2025-11-19 15:05:00,8890857,5108599,3,2,13.999457672627887,0,0.2371,0.1362,3.6e-05,1,0.2610948059802707,False,
2025-11-19 15:10:00,9310039,5877924,1,2,15.187963604791118,0,0.2483,0.1567,2e-05,1,0.2640750291205444,False,
2025-11-19 15:15:00,7994479,5925534,2,3,13.920014212293038,0,0.2132,0.158,3.6e-05,1,0.2649761412036177,False,
2025-11-19 15:20:00,8482076,6664928,1,2,15.147004659477997,0,0.2262,0.1777,2e-05,1,0.2597950382255951,False,
2025-11-19 15:25:00,10731710,5415024,3,2,16.14673506953418,0,0.2862,0.1444,3.1e-05,1,0.25695737287220544,False,
2025-11-19 15:30:00,8820112,5304955,1,0,14.125068227730551,0,0.2352,0.1415,7e-06,1,0.19945400280295783,False,
2025-11-19 15:35:00,12359682,7584235,5,2,19.943918051730066,0,0.3296,0.2022,3.5e-05,1,0.11535185993306629,False,
2025-11-19 15:40:00,10225728,5107797,3,5,15.333526485393524,0,0.2727,0.1362,5.2e-05,1,0.22970219513788326,False,
2025-11-19 15:45:00,8542891,4410044,5,2,12.952936098261848,0,0.2278,0.1176,5.4e-05,1,0.21765147319885836,False,
2025-11-19 15:50:00,8830816,6566405,3,3,15.397222763486273,0,0.2355,0.1751,3.9e-05,1,0.26278215429070323,False,
2025-11-19 15:55:00,8067726,4553785,2,5,12.621512118934868,0,0.2151,0.1214,5.5e-05,1,0.21096343200378193,False,
2025-11-19 16:00:00,9663449,6054348,6,2,15.717798376903104,0,0.2577,0.1614,5.1e-05,1,0.24586280054176657,False,
2025-11-19 16:05:00,8961651,4859564,1,2,13.821215499356889,0,0.239,0.1296,2.2e-05,1,0.24577114968148517,False,
2025-11-19 16:10:00,8877633,6372588,2,4,15.250221762101557,0,0.2367,0.1699,3.9e-05,1,0.265009833066766,False,
2025-11-19 16:15:00,10465102,5651025,2,3,16.116128256177817,0,0.2791,0.1507,3.1e-05,1,0.26162182110619586,False,
2025-11-19 16:20:00,8130058,4984996,4,4,13.11505413752684,0,0.2168,0.1329,6.1e-05,1,0.21569208779803078,False,
2025-11-19 16:25:00,8568407,3952743,6,1,12.521151409086876,0,0.2285,0.1054,5.6e-05,1,0.1963150042252066,False,
2025-11-19 16:30:00,8023962,4029458,3,3,12.053421354388174,0,0.214,0.1075,5e-05,1,0.20512743730539296,False,
2025-11-19 16:35:00,8911432,6852117,3,3,15.763550578965408,0,0.2376,0.1827,3.8e-05,1,0.265938604146488,False,
2025-11-19 16:40:00,8853758,5341042,2,2,14.194801320954223,0,0.2361,0.1424,2.8e-05,1,0.2608764577039035,False,
2025-11-19 16:45:00,9076424,6771135,2,3,15.847560203472865,0,0.242,0.1806,3.2e-05,1,0.2716675349669004,False,
2025-11-19 16:50:00,10325862,7091883,2,2,17.417746048726052,0,0.2754,0.1891,2.3e-05,1,0.2362536295205261,False,
2025-11-19 16:55:00,10745913,4951401,1,0,15.697315298789158,0,0.2866,0.132,6e-06,1,0.1767114240995371,False,
2025-11-19 17:00:00,10848473,8529657,7,1,19.378130316058986,0,0.2893,0.2275,4.1e-05,1,0.13000324482338554,False,
2025-11-19 17:05:00,7329301,7737717,4,4,15.067019060983611,0,0.1954,0.2063,5.3e-05,1,0.20934403132114782,False,
2025-11-19 17:10:00,9849854,5642645,3,1,15.492499199575295,0,0.2627,0.1505,2.6e-05,1,0.2665604884717715,False,
2025-11-19 17:15:00,8959878,4249876,0,2,13.20975486578082,0,0.2389,0.1133,1.5e-05,1,0.19501644114449806,False,
2025-11-19 17:20:00,8981254,4954551,3,4,13.935805650455965,0,0.2395,0.1321,5e-05,1,0.2452598143748871,False,
2025-11-19 17:25:00,7137759,5718327,5,2,12.85608704714391,0,0.1903,0.1525,5.4e-05,1,0.23008135036729577,False,
2025-11-19 17:30:00,11862101,4947467,4,4,16.80956859294353,0,0.3163,0.1319,4.8e-05,1,0.183455791214448,False,
2025-11-19 17:35:00,7044792,5863223,3,4,12.908016266508492,0,0.1879,0.1564,5.4e-05,1,0.23078670051981914,False,
2025-11-19 17:40:00,8561387,6142497,2,2,14.70388477279876,0,0.2283,0.1638,2.7e-05,1,0.2672913940512837,False,
2025-11-19 17:45:00,9732186,5683461,3,0,15.41564823842196,0,0.2595,0.1516,1.9e-05,1,0.2551996550206812,False,
2025-11-19 17:50:00,9135965,6628050,2,3,15.764016152486224,0,0.2436,0.1767,3.2e-05,1,0.27173645738079344,False,
2025-11-19 17:55:00,7922456,5834624,3,2,13.757081435402991,0,0.2113,0.1556,3.6e-05,1,0.26064238482942037,False,
2025-11-19 18:00:00,10284194,4139326,6,2,14.423521281706067,0,0.2742,0.1104,5.5e-05,1,0.18487285154103716,False,
2025-11-19 18:05:00,11401615,7196496,2,4,18.598112331840586,0,0.304,0.1919,3.2e-05,1,0.20373488354153851,False,
2025-11-19 18:10:00,8354702,5909908,1,1,14.26461132210587,0,0.2228,0.1576,1.4e-05,1,0.23691134342881348,False,
2025-11-19 18:15:00,9276567,4568468,3,2,13.845035393587976,0,0.2474,0.1218,3.6e-05,1,0.24589606230508737,False,
2025-11-19 18:20:00,6454767,6495379,6,1,12.950146952183378,0,0.1721,0.1732,5.4e-05,1,0.21254093933723262,False,
2025-11-19 18:25:00,8796264,6108659,3,1,14.904924028566574,0,0.2346,0.1629,2.7e-05,1,0.27260688765188795,False,
2025-11-19 18:30:00,9729795,7095791,3,2,16.82558680294808,0,0.2595,0.1892,3e-05,1,0.2621964770159284,False,
2025-11-19 18:35:00,9189969,5506467,4,3,14.696436446615015,0,0.2451,0.1468,4.8e-05,1,0.25523262054835,False,
2025-11-19 18:40:00,7208805,5542070,3,0,12.750876089592564,0,0.1922,0.1478,2.4e-05,1,0.23464830196314562,False,
2025-11-19 18:45:00,7682804,4547441,3,2,12.230245491583974,0,0.2049,0.1213,4.1e-05,1,0.2190482733047996,False,
2025-11-19 18:50:00,8872040,8099354,0,3,16.97139501538428,0,0.2366,0.216,1.8e-05,1,0.2067516279442395,False,
2025-11-19 18:55:00,8772890,6439769,5,4,15.212660294649396,0,0.2339,0.1717,5.9e-05,1,0.23274130796102888,False,
2025-11-19 19:00:00,9497435,5462020,3,3,14.959455523875947,0,0.2533,0.1457,4e-05,1,0.26541151542355723,False,
2025-11-19 19:05:00,9536207,5921077,1,2,15.457284837852384,0,0.2543,0.1579,1.9e-05,1,0.25214508297280397,False,
2025-11-19 19:10:00,8735697,5745260,0,0,14.480958646106002,0,0.233,0.1532,0.0,1,0.1720820319530148,False,
2025-11-19 19:15:00,7442604,4966256,4,4,12.408860278259654,0,0.1985,0.1324,6.4e-05,1,0.19084212196740008,False,
2025-11-19 19:20:00,10332044,4316680,1,3,14.648724518249312,0,0.2755,0.1151,2.7e-05,1,0.23201121627902355,False,
2025-11-19 19:25:00,10316877,4846374,3,1,15.16325226669003,0,0.2751,0.1292,2.6e-05,1,0.24725302406836125,False,
2025-11-19 19:30:00,9137611,8087422,2,1,17.225034180035507,0,0.2437,0.2157,1.7e-05,1,0.20117945089335204,False,
2025-11-19 19:35:00,9624254,4577302,3,5,14.201557173066318,0,0.2566,0.1221,5.6e-05,1,0.2005065431677805,False,
2025-11-19 19:40:00,9870349,7962073,1,0,17.832423421024078,0,0.2632,0.2123,6e-06,1,0.1586610287423288,False,
2025-11-19 19:45:00,13233100,8579319,0,3,21.8124203270763,0,0.3529,0.2288,1.4e-05,1,0.03724901298436156,False,
2025-11-19 19:50:00,10452383,5596348,4,0,16.04873233391518,0,0.2787,0.1492,2.5e-05,1,0.25906814393227384,False,
2025-11-19 19:55:00,9047700,4189462,1,3,13.237162404407238,0,0.2413,0.1117,3e-05,1,0.23040849682640024,False,
2025-11-19 20:00:00,7067364,6551209,3,0,13.61857433348404,0,0.1885,0.1747,2.2e-05,1,0.23187217583652703,False,
2025-11-19 20:05:00,7757262,4197736,3,2,11.954999234590936,0,0.2069,0.1119,4.2e-05,1,0.2092426271594774,False,
2025-11-19 20:10:00,8822179,6170554,1,3,14.992734102483428,0,0.2353,0.1645,2.7e-05,1,0.273924612467006,False,
2025-11-19 20:15:00,8557816,4951407,3,3,13.509223381718757,0,0.2282,0.132,4.4e-05,1,0.2504964701250956,False,
2025-11-19 20:20:00,8570876,3802437,6,2,12.3733135226152,0,0.2286,0.1014,6.5e-05,1,0.1680512580893977,False,
2025-11-19 20:25:00,9373687,6674445,3,0,16.048132988398216,0,0.25,0.178,1.9e-05,1,0.26485294941228965,False,
2025-11-19 20:30:00,8534453,6758494,0,2,15.292948018002312,0,0.2276,0.1802,1.3e-05,1,0.24037602630621396,False,
2025-11-19 20:35:00,10459781,6059393,5,4,16.5191748114296,0,0.2789,0.1616,5.4e-05,1,0.21425630281973684,False,
2025-11-19 20:40:00,8002950,6450943,1,2,14.45389460868288,0,0.2134,0.172,2.1e-05,1,0.2571274418358291,False,
2025-11-19 20:45:00,11684156,6488032,4,0,18.17218847316048,0,0.3116,0.173,2.2e-05,1,0.1993776399690066,False,
2025-11-19 20:50:00,13122464,5451418,4,2,18.573883194580564,0,0.3499,0.1454,3.2e-05,1,0.1467678319519669,False,
2025-11-19 20:55:00,8292504,5746719,1,3,14.03922443999918,0,0.2211,0.1532,2.8e-05,1,0.26760338280192913,False,
2025-11-19 21:00:00,8060231,5743332,3,1,13.803563823477097,0,0.2149,0.1532,2.9e-05,1,0.26334336032493255,False,
2025-11-19 21:05:00,10320954,6976795,5,2,17.297749846077252,0,0.2752,0.186,4e-05,1,0.234787651960487,False,
2025-11-19 21:10:00,10352112,7053463,3,0,17.40557622010138,0,0.2761,0.1881,1.7e-05,1,0.22699414117837685,False,
2025-11-19 21:15:00,9829389,6457820,0,0,16.28720983480042,0,0.2621,0.1722,0.0,1,0.18622396587338702,False,
2025-11-19 21:20:00,10333468,8367108,3,4,18.70057728271269,0,0.2756,0.2231,3.7e-05,1,0.16883804262414132,False,
2025-11-19 21:25:00,7132151,8369266,3,1,15.501417447160804,0,0.1902,0.2232,2.6e-05,1,0.20200457305407643,False,
2025-11-19 21:30:00,8019067,5404847,2,1,13.423915469467318,0,0.2138,0.1441,2.2e-05,1,0.2514479656848127,False,
2025-11-19 21:35:00,9865496,6584529,4,1,16.45002592797609,0,0.2631,0.1756,3e-05,1,0.26361121971154244,False,
2025-11-19 21:40:00,9478745,5467108,5,0,14.945853552883731,0,0.2528,0.1458,3.3e-05,1,0.27022718495069753,False,
2025-11-19 21:45:00,9487957,6093811,2,2,15.581769183815302,0,0.253,0.1625,2.6e-05,1,0.2693117078812007,False,
2025-11-19 21:50:00,8862617,4157480,2,3,13.020098223771589,0,0.2363,0.1109,3.8e-05,1,0.23158999070051528,False,
2025-11-19 21:55:00,6833497,8439267,3,2,15.272764849280968,0,0.1822,0.225,3.3e-05,1,0.18841678724864913,False,
2025-11-19 22:00:00,8552500,3750514,1,0,12.303015620825896,0,0.2281,0.1,8e-06,1,0.13168025444881748,False,
2025-11-19 22:05:00,11260660,10250252,3,5,21.510913538846676,0,0.3003,0.2733,3.7e-05,1,0.06401960636164095,False,
2025-11-19 22:10:00,8242113,3844797,2,1,12.086910833979964,0,0.2198,0.1025,2.5e-05,1,0.20740427752807322,False,
2025-11-19 22:15:00,10494577,5002433,2,2,15.49701131024907,0,0.2799,0.1334,2.6e-05,1,0.24622986746895575,False,
2025-11-19 22:20:00,8358880,5342358,4,0,13.701239041620603,0,0.2229,0.1425,2.9e-05,1,0.2607611724983958,False,
2025-11-19 22:25:00,10458434,7029110,3,2,17.487544733820638,0,0.2789,0.1874,2.9e-05,1,0.24257134341849945,False,
2025-11-19 22:30:00,11324827,6366736,5,1,17.691564301016076,0,0.302,0.1698,3.4e-05,1,0.2249295585911003,False,
2025-11-19 22:35:00,7784170,6907197,1,4,14.691367963199406,0,0.2076,0.1842,3.4e-05,1,0.26002100385797516,False,
2025-11-19 22:40:00,9949639,6566572,2,2,16.51621188483746,0,0.2653,0.1751,2.4e-05,1,0.26242047515754224,False,
2025-11-19 22:45:00,6180905,7929709,2,3,14.11061520472558,0,0.1648,0.2115,3.5e-05,1,0.18949311842167388,False,
2025-11-19 22:50:00,7350979,3950847,0,2,11.301827341982552,0,0.196,0.1054,1.8e-05,1,0.1490410966642105,False,
2025-11-19 22:55:00,8952596,7171415,3,2,16.1240121643714,0,0.2387,0.1912,3.1e-05,1,0.26582682187198864,False,
2025-11-19 23:00:00,9951140,5506752,4,1,15.457893539802106,0,0.2654,0.1468,3.2e-05,1,0.2657744159097814,False,
2025-11-19 23:05:00,9042643,9144579,2,2,18.18722303640487,0,0.2411,0.2439,2.2e-05,1,0.13838024638515556,False,
2025-11-19 23:10:00,9407832,7247183,3,5,16.655016209071523,0,0.2509,0.1933,4.8e-05,1,0.23538688751324732,False,
2025-11-19 23:15:00,9915158,3836144,4,0,13.751302594170904,0,0.2644,0.1023,2.9e-05,1,0.20356903095446083,False,
2025-11-19 23:20:00,9170058,7583676,1,2,16.753735340729392,0,0.2445,0.2022,1.8e-05,1,0.24138269253863676,False,
2025-11-19 23:25:00,9941424,7010599,4,1,16.952024045335705,0,0.2651,0.1869,2.9e-05,1,0.2599969789577782,False,
2025-11-19 23:30:00,10611935,4857179,5,0,15.469115320034549,0,0.283,0.1295,3.2e-05,1,0.25130376688157174,False,
2025-11-19 23:35:00,8635598,5940242,2,2,14.575841350064309,0,0.2303,0.1584,2.7e-05,1,0.2671841827019247,False,
2025-11-19 23:40:00,7083403,5988217,6,0,13.071620866868551,0,0.1889,0.1597,4.6e-05,1,0.23340596434866906,False,
2025-11-19 23:45:00,7314761,7203446,2,3,14.518207758268506,0,0.1951,0.1921,3.4e-05,1,0.2474209121485797,False,
2025-11-19 23:50:00,8144476,5746274,3,1,13.89075041615619,0,0.2172,0.1532,2.9e-05,1,0.26594242990739053,False,
2025-11-19 23:55:00,6123992,5392552,5,2,11.516545230240888,0,0.1633,0.1438,6.1e-05,1,0.16052055022616274,False,
2025-11-20 00:00:00,9973091,4996961,4,2,14.97005239404202,0,0.2659,0.1333,4e-05,1,0.2595577255166898,False,
2025-11-20 00:05:00,11080249,8220493,2,2,19.30074296960624,0,0.2955,0.2192,2.1e-05,1,0.1426461962369402,False,
2025-11-20 00:10:00,8058437,6993235,3,1,15.05167330750572,0,0.2149,0.1865,2.7e-05,1,0.26834125957971444,False,
2025-11-20 00:15:00,7296421,6579537,2,2,13.87595972875454,0,0.1946,0.1755,2.9e-05,1,0.24988203667708497,False,
2025-11-20 00:20:00,11665218,5591084,5,3,17.256303885635518,0,0.3111,0.1491,4.6e-05,1,0.19553399333545418,False,
2025-11-20 00:25:00,8889213,5965046,2,2,14.854259806862425,0,0.237,0.1591,2.7e-05,1,0.2694366930512807,False,
2025-11-20 00:30:00,9287487,7415300,2,2,16.70278751426958,0,0.2477,0.1977,2.4e-05,1,0.2526876699279464,False,
2025-11-20 00:35:00,10153601,6177440,1,4,16.331042420249208,0,0.2708,0.1647,3.1e-05,1,0.2603071195592188,False,
2025-11-20 00:40:00,9093997,4324898,2,1,13.418895995189327,0,0.2425,0.1153,2.2e-05,1,0.23132260215589057,False,
2025-11-20 00:45:00,8972556,6141530,2,2,15.114086775391105,0,0.2393,0.1638,2.6e-05,1,0.27501517879771337,False,
2025-11-20 00:50:00,9794489,5325342,4,3,15.119831660870297,0,0.2612,0.142,4.6e-05,1,0.24994186812428765,False,
2025-11-20 00:55:00,8783231,5630439,3,1,14.413670584796682,0,0.2342,0.1501,2.8e-05,1,0.26863578387406545,False,
2025-11-20 01:00:00,8395262,4641110,2,5,13.036372566665737,0,0.2239,0.1238,5.4e-05,1,0.22403421646332505,False,
2025-11-20 01:05:00,7298200,8092116,4,2,15.390316516555602,0,0.1946,0.2158,3.9e-05,1,0.2061218320166372,False,
2025-11-20 01:10:00,9349329,6797920,5,2,16.147249957457394,0,0.2493,0.1813,4.3e-05,1,0.2538304949535902,False,
2025-11-20 01:15:00,7461116,4906475,1,3,12.367591479256903,0,0.199,0.1308,3.2e-05,1,0.23621710190896839,False,
2025-11-20 01:20:00,8232151,6849412,3,1,15.081564157894263,0,0.2195,0.1827,2.7e-05,1,0.26863049800250005,False,
2025-11-20 01:25:00,11976395,7305152,5,3,19.28154746904831,0,0.3194,0.1948,4.1e-05,1,0.1442723967294942,False,
2025-11-20 01:30:00,8050651,6367216,2,1,14.417868181632418,0,0.2147,0.1698,2.1e-05,1,0.2572108188420675,False,
2025-11-20 01:35:00,12204045,7736354,2,0,19.94039965589689,0,0.3254,0.2063,1e-05,1,0.08341588134751621,False,
2025-11-20 01:40:00,10132934,5498339,4,4,15.63127343024598,0,0.2702,0.1466,5.1e-05,1,0.2385742556575824,False,
2025-11-20 01:45:00,11015985,5295087,4,2,16.31107296948061,0,0.2938,0.1412,3.7e-05,1,0.2398308931887035,False,
2025-11-20 01:50:00,9773237,4880035,0,0,14.653273003687206,0,0.2606,0.1301,0.0,1,0.15804770368037285,False,
2025-11-20 01:55:00,6493303,5636876,1,2,12.130179776227568,0,0.1732,0.1503,2.5e-05,1,0.21433513214604938,False,
2025-11-20 02:00:00,8824019,8982404,2,1,17.806423918436437,0,0.2353,0.2395,1.7e-05,1,0.14964229431477655,False,
2025-11-20 02:05:00,6980524,6933872,4,1,13.914397537830752,0,0.1861,0.1849,3.6e-05,1,0.24286632333959035,False,
2025-11-20 02:10:00,8106758,6524987,3,2,14.631745810070212,0,0.2162,0.174,3.4e-05,1,0.26948337390071475,False,
2025-11-20 02:15:00,11366746,6463774,2,0,17.830520735182002,0,0.3031,0.1724,1.1e-05,1,0.18303351478617452,False,
2025-11-20 02:20:00,37918613,20968032,11,1,12.69960748763824,1,1.0112,0.5591,2e-05,-1,-0.020542340596935826,False,
2025-11-20 02:25:00,36629766,23586163,17,0,14.02889222834262,1,0.9768,0.629,2.8e-05,-1,-0.01939817958979828,False,
2025-11-20 02:30:00,38094511,23638107,6,4,15.545581319488974,1,1.0159,0.6303,1.6e-05,-1,-0.022654429948626875,False,
2025-11-20 02:35:00,38062515,22960822,20,1,14.83630023064874,1,1.015,0.6123,3.4e-05,-1,-0.03160822765247895,False,
2025-11-20 02:40:00,39049322,24030726,11,1,16.893011110734776,1,1.0413,0.6408,1.9e-05,-1,-0.021321800475759378,False,
2025-11-20 02:45:00,39853386,21844629,18,5,15.510977934083204,1,1.0628,0.5825,3.7e-05,-1,-0.025559484190185167,False,
2025-11-20 02:50:00,36395095,22493679,13,1,12.701736732976144,1,0.9705,0.5998,2.4e-05,-1,-0.016583002169207384,False,
2025-11-20 02:55:00,36782719,23209391,17,2,13.80507289392635,1,0.9809,0.6189,3.2e-05,-1,-0.01821299120136244,False,
2025-11-20 03:00:00,35736955,22592673,10,2,12.142589858724913,1,0.953,0.6025,2.1e-05,-1,-0.030345155259272394,False,
2025-11-20 03:05:00,40117571,23587092,22,1,17.517626288547557,1,1.0698,0.629,3.6e-05,-1,-0.03954319762809566,False,
2025-11-20 03:10:00,41601813,22502883,15,1,17.917658652980606,1,1.1094,0.6001,2.5e-05,-1,-0.042739580276024536,False,
2025-11-20 03:15:00,37484692,23554623,14,0,14.852277331381286,1,0.9996,0.6281,2.3e-05,-1,-0.015621635428493263,False,
2025-11-20 03:20:00,37802026,26418429,15,3,18.03341798227105,1,1.0081,0.7045,2.8e-05,-1,-0.03828043772508416,False,
2025-11-20 03:25:00,37638910,22619700,14,2,14.07157232500503,1,1.0037,0.6032,2.7e-05,-1,-0.018614430741087817,False,
2025-11-20 03:30:00,37656904,22248685,14,2,13.718551601469226,1,1.0042,0.5933,2.7e-05,-1,-0.016506328537764015,False,
2025-11-20 03:35:00,37532377,24027075,13,0,15.372414715852154,1,1.0009,0.6407,2.1e-05,-1,-0.012511593276733679,False,
2025-11-20 03:40:00,38424488,21280140,15,3,13.517590145680918,1,1.0247,0.5675,3e-05,-1,-0.020610363423667843,False,
2025-11-20 03:45:00,38864411,23698004,18,1,16.37537773904763,1,1.0364,0.6319,3e-05,-1,-0.02488345585654672,False,
2025-11-20 03:50:00,39470208,23748284,16,1,17.03145433347723,1,1.0525,0.6333,2.7e-05,-1,-0.02448219110122507,False,
2025-11-20 03:55:00,37641352,22501603,20,1,13.955917424795503,1,1.0038,0.6,3.5e-05,-1,-0.02635011814356858,False,
2025-11-20 04:00:00,39004150,24574500,10,3,17.391612997467487,1,1.0401,0.6553,2e-05,-1,-0.019691788297320323,False,
2025-11-20 04:05:00,36464671,24087430,17,2,14.365064037470896,1,0.9724,0.6423,3.1e-05,-1,-0.019384536766838045,False,
2025-11-20 04:10:00,37170974,22084794,15,5,13.068730445835875,1,0.9912,0.5889,3.4e-05,-1,-0.027588788403078324,False,
2025-11-20 04:15:00,39951070,22417018,11,1,16.181050590015097,1,1.0654,0.5978,1.9e-05,-1,-0.02118625384281736,False,
2025-11-20 04:20:00,36244936,21344634,14,3,11.402531903729576,1,0.9665,0.5692,3e-05,-1,-0.04744051204983968,False,
2025-11-20 04:25:00,35995396,24274310,10,0,14.082668387092433,1,0.9599,0.6473,1.7e-05,-1,-0.02208739150009087,False,
2025-11-20 04:30:00,36564159,21520350,20,3,11.897471024561185,1,0.975,0.5739,4e-05,-1,-0.04497344915582835,False,
2025-11-20 04:35:00,37631146,25705985,13,2,17.150092744289175,1,1.0035,0.6855,2.4e-05,-1,-0.018917928958173236,False,
2025-11-20 04:40:00,39141479,24891483,13,1,17.84592468146931,1,1.0438,0.6638,2.2e-05,-1,-0.028700727227222056,False,
2025-11-20 04:45:00,37948685,24683049,11,4,16.44469707247786,1,1.012,0.6582,2.4e-05,-1,-0.018037908083580412,False,
2025-11-20 04:50:00,40319363,22732396,11,1,16.86472145186843,1,1.0752,0.6062,1.9e-05,-1,-0.021887910745050254,False,
2025-11-20 04:55:00,39372932,23408530,12,1,16.594424753196442,1,1.0499,0.6242,2.1e-05,-1,-0.017464852664603403,False,
2025-11-20 05:00:00,38453356,21737993,14,3,14.004312147401093,1,1.0254,0.5797,2.8e-05,-1,-0.024023787735783064,False,
2025-11-20 05:05:00,40228163,22521467,17,2,16.562592935124353,1,1.0728,0.6006,3e-05,-1,-0.025704849993876344,False,
2025-11-20 05:10:00,8456110,4064697,3,0,12.520807710307698,0,0.2255,0.1084,2.4e-05,1,0.21429576345324758,False,
2025-11-20 05:15:00,5262227,5886663,1,1,11.148891032849194,0,0.1403,0.157,1.8e-05,1,0.14020274583686854,False,
2025-11-20 05:20:00,9894201,7390574,4,1,17.28477577992494,0,0.2638,0.1971,2.9e-05,1,0.24793561210260373,False,
2025-11-20 05:25:00,8970876,5572708,2,2,14.54358495727034,0,0.2392,0.1486,2.8e-05,1,0.27281172945836035,False,
2025-11-20 05:30:00,11910482,4576051,4,4,16.486533607034247,0,0.3176,0.122,4.9e-05,1,0.1771757800258788,False,
2025-11-20 05:35:00,11183421,6689690,4,2,17.87311188101817,0,0.2982,0.1784,3.4e-05,1,0.22968727464717265,False,
2025-11-20 05:40:00,9373382,7342736,6,2,16.716119793463672,0,0.25,0.1958,4.8e-05,1,0.2331432781699131,False,
2025-11-20 05:45:00,7992906,6012766,3,4,14.005672388260544,0,0.2131,0.1603,5e-05,1,0.25211766245870787,False,
2025-11-20 05:50:00,11832107,5876144,2,2,17.708252032892798,0,0.3155,0.1567,2.3e-05,1,0.20261636314050702,False,
2025-11-20 05:55:00,9415441,5347430,2,0,14.76287154082138,0,0.2511,0.1426,1.4e-05,1,0.23098373136768463,False,
2025-11-20 06:00:00,12279047,8204636,4,0,20.48368341772841,0,0.3274,0.2188,2e-05,1,0.07363853573578982,False,
2025-11-20 06:05:00,8678118,6738348,1,1,15.41646688966987,0,0.2314,0.1797,1.3e-05,1,0.2453664346182417,False,
2025-11-20 06:10:00,7801657,7314125,2,3,15.11578283052008,0,0.208,0.195,3.3e-05,1,0.2567165371287434,False,
2025-11-20 06:15:00,10720744,7674263,2,2,18.39500883680236,0,0.2859,0.2046,2.2e-05,1,0.20681212498382062,False,
2025-11-20 06:20:00,8835995,5501705,4,2,14.337701299904888,0,0.2356,0.1467,4.2e-05,1,0.2640012146798943,False,
2025-11-20 06:25:00,9078998,8131221,2,1,17.210220449080637,0,0.2421,0.2168,1.7e-05,1,0.20213133040551423,False,
2025-11-20 06:30:00,11660426,3320502,1,3,14.980928931133212,0,0.3109,0.0885,2.7e-05,1,0.17870930605649937,False,
2025-11-20 06:35:00,9039296,6161814,6,2,15.20111103146085,0,0.241,0.1643,5.3e-05,1,0.2458645700714563,False,
2025-11-20 06:40:00,8806141,7558631,3,1,16.364773083793253,0,0.2348,0.2016,2.4e-05,1,0.2526066329540103,False,
2025-11-20 06:45:00,9095078,8249764,5,2,17.344843770503893,0,0.2425,0.22,4e-05,1,0.19422056974441382,False,
2025-11-20 06:50:00,8187774,5344726,2,3,13.532500559982896,0,0.2183,0.1425,3.7e-05,1,0.2554419372503247,False,
2025-11-20 06:55:00,8679116,5266525,2,2,13.945642953367528,0,0.2314,0.1404,2.9e-05,1,0.2592773900180706,False,
2025-11-20 07:00:00,9214172,7338525,2,3,16.552698535413015,0,0.2457,0.1957,3e-05,1,0.2587023791968847,False,
2025-11-20 07:05:00,9374673,7018866,3,2,16.39353945237768,0,0.25,0.1872,3e-05,1,0.2693725254631108,False,
2025-11-20 07:10:00,8846966,5339937,4,0,14.18690446450551,0,0.2359,0.1424,2.8e-05,1,0.26174817837973285,False,
2025-11-20 07:15:00,5691911,6583232,4,1,12.27514319561024,0,0.1518,0.1756,4.1e-05,1,0.19196306938239316,False,
2025-11-20 07:20:00,9260511,6242230,3,3,15.5027421186016,0,0.2469,0.1665,3.9e-05,1,0.2631508993244089,False,
2025-11-20 07:25:00,14414989,5400517,4,2,19.81550689733406,0,0.3844,0.144,3e-05,1,0.07797657032205152,False,
2025-11-20 07:30:00,9006436,6104572,3,0,15.111008848496509,0,0.2402,0.1628,2e-05,1,0.2682916438622615,False,
2025-11-20 07:35:00,9124402,6033355,3,1,15.157758049730871,0,0.2433,0.1609,2.6e-05,1,0.2748458567462215,False,
2025-11-20 07:40:00,9343264,6706773,1,3,16.050038036769095,0,0.2492,0.1788,2.5e-05,1,0.27160876526972105,False,
2025-11-20 07:45:00,10564452,5649782,5,4,16.21423576637719,0,0.2817,0.1507,5.6e-05,1,0.21434964305622684,False,
2025-11-20 07:50:00,11494536,6791552,1,1,18.286088625015967,0,0.3065,0.1811,1.1e-05,1,0.1655505282076722,False,
2025-11-20 07:55:00,8924011,5433582,3,2,14.35759392891543,0,0.238,0.1449,3.5e-05,1,0.2664218440976476,False,
2025-11-20 08:00:00,10613668,5930308,3,2,16.543976776796317,0,0.283,0.1581,3e-05,1,0.2557763993917245,False,
2025-11-20 08:05:00,8729363,7882307,1,1,16.611670854497294,0,0.2328,0.2102,1.2e-05,1,0.2100573780804182,False,
2025-11-20 08:10:00,7872761,5235930,3,1,13.10869146661362,0,0.2099,0.1396,3.1e-05,1,0.24787952550133285,False,
2025-11-20 08:15:00,10623567,4091332,5,4,14.714900281855485,0,0.2833,0.1091,6.1e-05,1,0.1617328590791502,False,
2025-11-20 08:20:00,9069865,7277031,0,1,16.346896917056664,0,0.2419,0.1941,6e-06,1,0.2050373588203251,False,
2025-11-20 08:25:00,9567761,5330350,2,5,14.898112448670872,0,0.2551,0.1421,4.7e-05,1,0.24659304083246486,False,
2025-11-20 08:30:00,12133990,4379525,2,2,16.513515989517433,0,0.3236,0.1168,2.4e-05,1,0.1968974028030136,False,
2025-11-20 08:35:00,9655259,5274475,1,3,14.929734664420767,0,0.2575,0.1407,2.7e-05,1,0.2652003408177488,False,
2025-11-20 08:40:00,6562224,7281008,2,1,13.843233475161634,0,0.175,0.1942,2.2e-05,1,0.21590247178008137,False,
2025-11-20 08:45:00,10656392,6105957,3,4,16.76234992898044,0,0.2842,0.1628,4.2e-05,1,0.2362143849369166,False,
2025-11-20 08:50:00,7164158,6374346,3,0,13.538504340475203,0,0.191,0.17,2.2e-05,1,0.2304788973536705,False,
2025-11-20 08:55:00,7909071,8278074,3,2,16.187146420455054,0,0.2109,0.2207,3.1e-05,1,0.19975299701849591,False,
2025-11-20 09:00:00,10553059,5575991,2,3,16.12905144796764,0,0.2814,0.1487,3.1e-05,1,0.2629729510144385,False,
2025-11-20 09:05:00,8103383,3108876,3,3,11.212259403066463,0,0.2161,0.0829,5.4e-05,1,0.13776920867398668,False,
2025-11-20 09:10:00,9140286,6516635,5,1,15.65692126322418,0,0.2437,0.1738,3.8e-05,1,0.2671070595022399,False,
2025-11-20 09:15:00,8342622,4782232,2,1,13.124854576022951,0,0.2225,0.1275,2.3e-05,1,0.23745246949329007,False,
2025-11-20 09:20:00,11296470,4639776,5,3,15.93624645596458,0,0.3012,0.1237,5e-05,1,0.18812541644735692,False,
2025-11-20 09:25:00,8549866,5060141,4,2,13.610008454019134,0,0.228,0.1349,4.4e-05,1,0.25373811111169925,False,
2025-11-20 09:30:00,10159270,7409609,6,4,17.568880684173763,0,0.2709,0.1976,5.7e-05,1,0.180340437120812,False,
2025-11-20 09:35:00,7525440,6009696,1,0,13.535136360827844,0,0.2007,0.1603,7e-06,1,0.1788056329747535,False,
2025-11-20 09:40:00,11172722,6834183,4,1,18.006905671809456,0,0.2979,0.1822,2.8e-05,1,0.23089614344073373,False,
2025-11-20 09:45:00,10457811,5848558,1,3,16.30636999993619,0,0.2789,0.156,2.5e-05,1,0.25746730068085766,False,
2025-11-20 09:50:00,10128531,3018035,4,1,13.146567440212786,0,0.2701,0.0805,3.8e-05,1,0.1731219359359108,False,
2025-11-20 09:55:00,9030228,6457766,3,4,15.487995033927293,0,0.2408,0.1722,4.5e-05,1,0.257071762107296,False,
2025-11-20 10:00:00,9289993,7327420,4,3,16.61741355751662,0,0.2477,0.1954,4.2e-05,1,0.24066260072107704,False,
2025-11-20 10:05:00,11135800,7038098,3,2,18.17389920877239,0,0.297,0.1877,2.8e-05,1,0.22299145002943732,False,
2025-11-20 10:10:00,9285244,8884726,6,1,18.1699709847428,0,0.2476,0.2369,3.9e-05,1,0.1539732811688177,False,
2025-11-20 10:15:00,7458116,3151365,2,1,10.609482158082278,0,0.1989,0.084,2.8e-05,1,0.10982097473059593,False,
2025-11-20 10:20:00,9142650,3638211,1,5,12.780861723597187,0,0.2438,0.097,4.7e-05,1,0.20163117008302134,False,
2025-11-20 10:25:00,7617718,5150612,6,4,12.768331655750805,0,0.2031,0.1373,7.8e-05,1,0.13910414001540716,False,
2025-11-20 10:30:00,9440168,3526682,4,2,12.966850993820794,0,0.2517,0.094,4.6e-05,1,0.19173597001683762,False,
2025-11-20 10:35:00,6747596,7348192,5,2,14.095789258646182,0,0.1799,0.196,5e-05,1,0.20149572645063762,False,
2025-11-20 10:40:00,9495064,4874556,2,0,14.369620392131166,0,0.2532,0.13,1.4e-05,1,0.215351278028371,False,
2025-11-20 10:45:00,10337315,5228533,3,4,15.565848977053797,0,0.2757,0.1394,4.5e-05,1,0.23467284666754973,False,
2025-11-20 10:50:00,10582054,7741084,4,1,18.323139040888297,0,0.2822,0.2064,2.7e-05,1,0.21235880958587988,False,
2025-11-20 10:55:00,10212928,7408733,2,1,17.621661030310353,0,0.2723,0.1976,1.7e-05,1,0.22156849753279878,False,
2025-11-20 11:00:00,9202836,5700716,2,3,14.90355277975762,0,0.2454,0.152,3.4e-05,1,0.2726159009096831,False,
2025-11-20 11:05:00,10558811,8108665,3,0,18.66747755648577,0,0.2816,0.2162,1.6e-05,1,0.1628916837818647,False,
2025-11-20 11:10:00,9825820,5344338,4,4,15.17015972712589,0,0.262,0.1425,5.3e-05,1,0.23412614950573757,False,
2025-11-20 11:15:00,10381236,5824072,1,3,16.20530915205591,0,0.2768,0.1553,2.5e-05,1,0.25523286861706146,False,
2025-11-20 11:20:00,7721319,7205282,3,1,14.926601833084884,0,0.2059,0.1921,2.7e-05,1,0.26005420826918324,False,
2025-11-20 11:25:00,8118728,6191319,0,4,14.310047418148391,0,0.2165,0.1651,2.8e-05,1,0.27157370739936687,False,
2025-11-20 11:30:00,6932431,6334920,0,1,13.267351852541124,0,0.1849,0.1689,8e-06,1,0.1719948810737409,False,
2025-11-20 11:35:00,9852775,7938647,5,3,17.791423160878626,0,0.2627,0.2117,4.5e-05,1,0.19477462043734656,False,
2025-11-20 11:40:00,10603701,8939341,3,1,19.54304204703348,0,0.2828,0.2384,2e-05,1,0.113351373618502,False,
2025-11-20 11:45:00,11379392,3518895,8,0,14.898288008527624,0,0.3035,0.0938,5.4e-05,1,0.157383988648983,False,
2025-11-20 11:50:00,7022145,8318919,4,3,15.341065054671189,0,0.1873,0.2218,4.6e-05,1,0.17365292554643513,False,
2025-11-20 11:55:00,11845100,5718928,4,4,17.56402846777607,0,0.3159,0.1525,4.6e-05,1,0.1809670603517436,False,
2025-11-20 12:00:00,7970846,4513866,2,3,12.484713322240747,0,0.2126,0.1204,4e-05,1,0.2243656872647401,False,
2025-11-20 12:05:00,6492328,5125195,2,4,11.617524404885517,0,0.1731,0.1367,5.2e-05,1,0.18982064889582068,False,
2025-11-20 12:10:00,10363583,6243269,4,1,16.606853510846516,0,0.2764,0.1665,3e-05,1,0.25333015879042586,False,
2025-11-20 12:15:00,9372622,5785679,3,2,15.158301937524335,0,0.2499,0.1543,3.3e-05,1,0.2715389690840205,False,
2025-11-20 12:20:00,6418723,4998232,1,1,11.416956395587196,0,0.1712,0.1333,1.8e-05,1,0.16052703823239844,False,
2025-11-20 12:25:00,6744542,5306442,3,1,12.050985138497058,0,0.1799,0.1415,3.3e-05,1,0.2207424046691252,False,
2025-11-20 12:30:00,7982527,7181662,1,4,15.164190245544464,0,0.2129,0.1915,3.3e-05,1,0.25898199061902055,False,
2025-11-20 12:35:00,6682530,5792815,3,0,12.47534623429333,0,0.1782,0.1545,2.4e-05,1,0.22601897523475573,False,
2025-11-20 12:40:00,8862326,6333675,3,1,15.196002357402891,0,0.2363,0.1689,2.6e-05,1,0.26920239714319505,False,
2025-11-20 12:45:00,12587550,3993413,3,2,16.580963511418854,0,0.3357,0.1065,3e-05,1,0.17174186481035297,False,
2025-11-20 12:50:00,12458722,8232333,2,3,20.691055780296608,0,0.3322,0.2195,2.4e-05,1,0.0735563512786449,False,
2025-11-20 12:55:00,6919699,4325191,3,1,11.244891281699122,0,0.1845,0.1153,3.6e-05,1,0.18944229235263726,False,
2025-11-20 13:00:00,9399914,8737846,7,1,18.137760841195814,0,0.2507,0.233,4.4e-05,1,0.1606567796751296,False,
2025-11-20 13:05:00,8880424,5226013,3,4,14.106438156621303,0,0.2368,0.1394,5e-05,1,0.25303317880584203,False,
2025-11-20 13:10:00,6171676,5823314,3,2,11.994991096686224,0,0.1646,0.1553,4.2e-05,1,0.21049021517778949,False,
2025-11-20 13:15:00,7008577,5514374,5,2,12.522951686915404,0,0.1869,0.147,5.6e-05,1,0.21586627080477233,False,
2025-11-20 13:20:00,7547013,4772677,5,1,12.319691156345076,0,0.2013,0.1273,4.9e-05,1,0.22086493629856857,False,
2025-11-20 13:25:00,6934192,7237125,4,2,14.1713183423829,0,0.1849,0.193,4.2e-05,1,0.2321499063987026,False,
2025-11-20 13:30:00,10350793,5880649,1,5,16.231443183560028,0,0.276,0.1568,3.7e-05,1,0.24865165395738387,False,
2025-11-20 13:35:00,7107659,6232628,4,2,13.340288218711128,0,0.1895,0.1662,4.5e-05,1,0.23855893180797244,False,
2025-11-20 13:40:00,8140799,5318922,2,2,13.45972242708192,0,0.2171,0.1418,3e-05,1,0.25795420970437555,False,
2025-11-20 13:45:00,10997782,8070048,1,4,19.06783114394621,0,0.2933,0.2152,2.6e-05,1,0.1752472298905911,False,
2025-11-20 13:50:00,8135223,5884609,1,1,14.019833187666944,0,0.2169,0.1569,1.4e-05,1,0.23792400194828855,False,
2025-11-20 13:55:00,9127434,8264149,2,0,17.391584727988736,0,0.2434,0.2204,1.1e-05,1,0.17634153841743083,False,
2025-11-20 14:00:00,8999543,6022088,1,2,15.021632080227349,0,0.24,0.1606,2e-05,1,0.2680411112329627,False,
2025-11-20 14:05:00,8875166,6479727,5,4,15.35489408775774,0,0.2367,0.1728,5.9e-05,1,0.23292262964895982,False,
2025-11-20 14:10:00,9541132,6897111,3,3,16.438243720691997,0,0.2544,0.1839,3.7e-05,1,0.2600769293223271,False,
2025-11-20 14:15:00,7296257,7570215,1,2,14.866473069913186,0,0.1946,0.2019,2e-05,1,0.22991642061421091,False,
2025-11-20 14:20:00,11831900,5760846,3,3,17.592746839668568,0,0.3155,0.1536,3.4e-05,1,0.20693261345338476,False,
2025-11-20 14:25:00,6650545,5988882,4,0,12.639427551022528,0,0.1773,0.1597,3.2e-05,1,0.23798778402819615,False,
2025-11-20 14:30:00,32000559,28377189,9,4,15.933696642833878,1,0.8533,0.7567,2.2e-05,-1,-0.003018464832336365,False,
2025-11-20 14:35:00,30908713,28588779,12,2,15.053440650152387,1,0.8242,0.7624,2.4e-05,-1,-0.008133505272025832,False,
2025-11-20 14:40:00,32540195,27635482,13,2,15.731626128178958,1,0.8677,0.7369,2.5e-05,-1,-0.011969649281040606,False,
2025-11-20 14:45:00,32307368,29290523,18,2,17.153840008144787,1,0.8615,0.7811,3.2e-05,-1,-0.027892525790291223,False,
2025-11-20 14:50:00,30786784,29140061,13,2,15.482794040153362,1,0.821,0.7771,2.5e-05,-1,-0.0055004641072533556,False,
2025-11-20 14:55:00,29318071,27322633,11,4,12.196652446903167,1,0.7818,0.7286,2.6e-05,-1,-0.024940625200097433,False,
2025-11-20 15:00:00,33093012,29198434,13,1,17.84739555497761,1,0.8825,0.7786,2.2e-05,-1,-0.01253715362091834,False,
2025-11-20 15:05:00,30150723,29327791,15,2,15.034463391550076,1,0.804,0.7821,2.9e-05,-1,-0.008159193411726329,False,
2025-11-20 15:10:00,29206122,28155187,14,3,12.917258492561183,1,0.7788,0.7508,3e-05,-1,-0.021180077061673797,False,
2025-11-20 15:15:00,30109773,28365228,15,0,14.03094953342583,1,0.8029,0.7564,2.6e-05,-1,-0.005493467242611572,False,
2025-11-20 15:20:00,32129316,26373666,15,0,14.058930517678425,1,0.8568,0.7033,2.6e-05,-1,-0.011462179499928116,False,
2025-11-20 15:25:00,30288017,28089326,10,1,13.933291905781685,1,0.8077,0.749,1.9e-05,-1,-0.0155086854498665,False,
2025-11-20 15:30:00,33903945,27680639,20,1,17.14053211810382,1,0.9041,0.7382,3.4e-05,-1,-0.025303525119558135,False,
2025-11-20 15:35:00,31523211,29849441,14,3,16.92860070857645,1,0.8406,0.796,2.8e-05,-1,-0.017467604694700323,False,
2025-11-20 15:40:00,30536249,30160876,17,4,16.253074575471317,1,0.8143,0.8043,3.5e-05,-1,-0.026561711286297696,False,
2025-11-20 15:45:00,32015173,29409914,12,1,16.981036207809392,1,0.8537,0.7843,2.1e-05,-1,-0.006435798145197236,False,
2025-11-20 15:50:00,31837483,27150939,12,3,14.544370553835146,1,0.849,0.724,2.5e-05,-1,-0.012607554449631908,False,
2025-11-20 15:55:00,32089409,27497672,15,5,15.143030126243945,1,0.8557,0.7333,3.4e-05,-1,-0.027311274866659296,False,
2025-11-20 16:00:00,34167791,27993777,13,3,17.717516982629423,1,0.9111,0.7465,2.6e-05,-1,-0.015973688506506933,False,
2025-11-20 16:05:00,30542642,29360960,17,1,15.459550895787444,1,0.8145,0.783,3e-05,-1,-0.008546499995132684,False,
2025-11-20 16:10:00,31619909,27586323,16,6,14.76218102835562,1,0.8432,0.7356,3.7e-05,-1,-0.01607490475568918,False,
2025-11-20 16:15:00,31583099,27081496,8,0,14.2205437458062,1,0.8422,0.7222,1.4e-05,-1,-0.02882476198405637,False,
2025-11-20 16:20:00,32539429,28798411,17,1,16.893789208655857,1,0.8677,0.768,2.9e-05,-1,-0.019395366139090542,False,
2025-11-20 16:25:00,30077242,28304915,17,1,13.938105604424278,1,0.8021,0.7548,3.1e-05,-1,-0.010841728289774588,False,
2025-11-20 16:30:00,29540257,25806578,9,1,10.902783033933945,1,0.7877,0.6882,1.8e-05,-1,-0.054033471781992914,False,
2025-11-20 16:35:00,27477335,29378975,10,1,12.41225862340418,1,0.7327,0.7834,1.9e-05,-1,-0.02783920825379871,False,
2025-11-20 16:40:00,33400870,26144470,13,2,15.101289301344297,1,0.8907,0.6972,2.5e-05,-1,-0.008485252263643495,False,
2025-11-20 16:45:00,6042815,6299573,1,1,12.342388944168766,0,0.1611,0.168,1.6e-05,1,0.17874340856348064,False,
2025-11-20 16:50:00,9460276,6494211,1,3,15.954488373281976,0,0.2523,0.1732,2.5e-05,1,0.2674111764480225,False,
2025-11-20 16:55:00,9522683,4795737,2,0,14.318421105135714,0,0.2539,0.1279,1.4e-05,1,0.20683600921965511,False,
2025-11-20 17:00:00,9110246,7636774,3,0,16.74702058446278,0,0.2429,0.2036,1.8e-05,1,0.24083863440239306,False,
2025-11-20 17:05:00,7988672,6208222,4,0,14.196895036130286,0,0.213,0.1656,2.8e-05,1,0.2669024049803645,False,
2025-11-20 17:10:00,11640727,6926771,3,0,18.567498509259877,0,0.3104,0.1847,1.6e-05,1,0.17252123728423863,False,
2025-11-20 17:15:00,8711472,6301570,5,1,15.01304302619914,0,0.2323,0.168,4e-05,1,0.26696952277674973,False,
2025-11-20 17:20:00,6185996,5962591,5,1,12.148587553705854,0,0.165,0.159,4.9e-05,1,0.20034039176966012,False,
2025-11-20 17:25:00,8972711,5552762,6,2,14.525474372459572,0,0.2393,0.1481,5.5e-05,1,0.2404326156827964,False,
2025-11-20 17:30:00,9734019,6380396,2,2,16.114416187476266,0,0.2596,0.1701,2.5e-05,1,0.2668687959588492,False,
2025-11-20 17:35:00,8412509,3159546,1,2,11.57205624841243,0,0.2243,0.0843,2.6e-05,1,0.15763847511837453,False,
2025-11-20 17:40:00,10828361,7472565,2,1,18.30092669142421,0,0.2888,0.1993,1.6e-05,1,0.19466875733886185,False,
2025-11-20 17:45:00,10200650,6032597,3,1,16.23324834313591,0,0.272,0.1609,2.5e-05,1,0.2611212671061605,False,
2025-11-20 17:50:00,9628619,7462818,1,3,17.091437997004437,0,0.2568,0.199,2.3e-05,1,0.24536271837401352,False,
2025-11-20 17:55:00,6495768,7668607,1,1,14.164375896824357,0,0.1732,0.2045,1.4e-05,1,0.1776282459915272,False,
2025-11-20 18:00:00,11022242,7757394,4,1,18.779636811711285,0,0.2939,0.2069,2.7e-05,1,0.18799420430870833,False,
2025-11-20 18:05:00,10259916,5923749,6,0,16.183665906630402,0,0.2736,0.158,3.7e-05,1,0.25157829618065153,False,
2025-11-20 18:10:00,10933072,3003186,6,0,13.936258950051336,0,0.2915,0.0801,4.3e-05,1,0.15840088693580012,False,
2025-11-20 18:15:00,9622065,7039991,4,0,16.66205675805105,0,0.2566,0.1877,2.4e-05,1,0.2638685634702786,False,
2025-11-20 18:20:00,8731650,5437928,1,6,14.169578259834523,0,0.2328,0.145,4.9e-05,1,0.2540565737585418,False,
2025-11-20 18:25:00,10178696,7234257,2,4,17.412954714346245,0,0.2714,0.1929,3.4e-05,1,0.24300869134606778,False,
2025-11-20 18:30:00,10330364,7047172,2,2,17.377536704436242,0,0.2755,0.1879,2.3e-05,1,0.23826812915648649,False,
2025-11-20 18:35:00,9403343,5013364,2,2,14.416708583328049,0,0.2508,0.1337,2.8e-05,1,0.2580334343150583,False,
2025-11-20 18:40:00,9126590,4875367,4,3,14.001957443882516,0,0.2434,0.13,5e-05,1,0.24523939052003624,False,
2025-11-20 18:45:00,7590424,5152123,4,2,12.742548301228767,0,0.2024,0.1374,4.7e-05,1,0.2403336112176685,False,
2025-11-20 18:50:00,7197361,6349629,2,1,13.546990055848989,0,0.1919,0.1693,2.2e-05,1,0.23156448685186892,False,
2025-11-20 18:55:00,10361020,4440756,5,1,14.80177770625373,0,0.2763,0.1184,4.1e-05,1,0.23031554051236985,False,
2025-11-20 19:00:00,9780810,6924758,4,5,16.70556810333531,0,0.2608,0.1847,5.4e-05,1,0.21506409597842602,False,
2025-11-20 19:05:00,7914499,5817630,3,3,13.732130634549932,0,0.2111,0.1551,4.4e-05,1,0.25489015196626924,False,
2025-11-20 19:10:00,8552660,6813563,2,2,15.366224783278662,0,0.2281,0.1817,2.6e-05,1,0.26609825122850905,False,
2025-11-20 19:15:00,6658262,7009361,5,2,13.667624502817056,0,0.1776,0.1869,5.1e-05,1,0.21128823736571734,False,
2025-11-20 19:20:00,8844700,5548504,3,5,14.393204971087297,0,0.2359,0.148,5.6e-05,1,0.2388537271155925,False,
2025-11-20 19:25:00,7890939,5917916,1,6,13.8088562505467,0,0.2104,0.1578,5.1e-05,1,0.2470128766573469,False,
2025-11-20 19:30:00,10822630,5528575,2,1,16.351205136954203,0,0.2886,0.1474,1.8e-05,1,0.2432452962522771,False,
2025-11-20 19:35:00,11216766,5110987,3,0,16.327754202927274,0,0.2991,0.1363,1.8e-05,1,0.21418926619452855,False,
2025-11-20 19:40:00,8706130,4462251,3,1,13.168381374298106,0,0.2322,0.119,3e-05,1,0.23409183388958438,False,
2025-11-20 19:45:00,10876217,5685561,2,1,16.56177846378359,0,0.29,0.1516,1.8e-05,1,0.24183433861118325,False,
2025-11-20 19:50:00,4756688,7539005,5,1,12.295693525662106,0,0.1268,0.201,4.9e-05,1,0.13228855484078406,False,
2025-11-20 19:55:00,7127556,7532597,5,1,14.660154277191396,0,0.1901,0.2009,4.1e-05,1,0.22950579128795368,False,
2025-11-20 20:00:00,8409469,5913041,1,2,14.322511256564557,0,0.2243,0.1577,2.1e-05,1,0.25793184246932477,False,
2025-11-20 20:05:00,8689934,5499173,1,1,14.18910796326887,0,0.2317,0.1466,1.4e-05,1,0.23236079644311886,False,
2025-11-20 20:10:00,11326365,4400051,2,3,15.726416678325942,0,0.302,0.1173,3.2e-05,1,0.2129406273720355,False,
2025-11-20 20:15:00,8069250,2963074,5,0,11.032324792332563,0,0.2152,0.079,4.5e-05,1,0.13916063537371415,False,
2025-11-20 20:20:00,9184783,5680293,7,1,14.865077449416384,0,0.2449,0.1515,5.4e-05,1,0.2419698239431028,False,
2025-11-20 20:25:00,10081633,5008758,3,3,15.090392472236807,0,0.2688,0.1336,4e-05,1,0.25711741892346085,False,
2025-11-20 20:30:00,8364859,6686086,4,2,15.05094536528538,0,0.2231,0.1783,4e-05,1,0.26570174921083545,False,
2025-11-20 20:35:00,4643677,6774645,2,1,11.418323262078628,0,0.1238,0.1807,2.6e-05,1,0.12940121890548661,False,
2025-11-20 20:40:00,9745181,3453223,1,1,13.19840427693124,0,0.2599,0.0921,1.5e-05,1,0.15561028020326195,False,
2025-11-20 20:45:00,5322275,6158128,2,1,11.480403490349495,0,0.1419,0.1642,2.6e-05,1,0.1626977220034409,False,
2025-11-20 20:50:00,8205507,3868885,2,1,12.074392502633335,0,0.2188,0.1032,2.5e-05,1,0.20740427752807322,False,
2025-11-20 20:55:00,12693750,6311695,1,1,19.005445675932577,0,0.3385,0.1683,1.1e-05,1,0.11146010156977515,False,
2025-11-20 21:00:00,7680495,5147996,2,1,12.82849292009591,0,0.2048,0.1373,2.3e-05,1,0.23578205957520382,False,
2025-11-20 21:05:00,9983849,5557130,3,2,15.540979486413327,0,0.2662,0.1482,3.2e-05,1,0.2688986066626106,False,
2025-11-20 21:10:00,7824888,6274204,2,4,14.099092477020712,0,0.2087,0.1673,4.3e-05,1,0.25143313744309925,False,
2025-11-20 21:15:00,7746069,5597193,2,1,13.343262962456418,0,0.2066,0.1493,2.2e-05,1,0.24947045755161312,False,
2025-11-20 21:20:00,9631068,7689089,2,3,17.320158583118335,0,0.2568,0.205,2.9e-05,1,0.2355970171289783,False,
2025-11-20 21:25:00,10898297,5912511,5,3,16.810809514844163,0,0.2906,0.1577,4.8e-05,1,0.21613803768385825,False,
2025-11-20 21:30:00,8789020,8562329,4,4,17.351350284111337,0,0.2344,0.2283,4.6e-05,1,0.1688703754963795,False,
2025-11-20 21:35:00,8878706,5048335,1,3,13.927041616081892,0,0.2368,0.1346,2.9e-05,1,0.25782992049291437,False,
2025-11-20 21:40:00,3800151,5873247,2,2,9.673398765825134,0,0.1013,0.1566,4.1e-05,1,0.07944195696064438,False,
2025-11-20 21:45:00,8553691,6478413,2,4,15.032104529361812,0,0.2281,0.1728,4e-05,1,0.2667892205723559,False,
2025-11-20 21:50:00,6449050,5946581,2,1,12.395631821406198,0,0.172,0.1586,2.4e-05,1,0.22010932873380157,False,
2025-11-20 21:55:00,10073964,6835093,0,3,16.909058225873594,0,0.2686,0.1823,1.8e-05,1,0.24475915442871754,False,
2025-11-20 22:00:00,8753248,6433551,1,1,15.186799610977086,0,0.2334,0.1716,1.3e-05,1,0.24290611856961092,False,
2025-11-20 22:05:00,11144237,7237898,1,1,18.38213594686497,0,0.2972,0.193,1.1e-05,1,0.17324960725246508,False,
2025-11-20 22:10:00,5725247,6115388,5,1,11.840635857494885,0,0.1527,0.1631,5.1e-05,1,0.17689100113159445,False,
2025-11-20 22:15:00,8161737,4724946,4,1,12.886684175052189,0,0.2176,0.126,3.9e-05,1,0.2452468893251007,False,
2025-11-20 22:20:00,12463128,7695596,1,3,20.15872512286962,0,0.3324,0.2052,2e-05,1,0.08373781665882885,False,
2025-11-20 22:25:00,9623750,6652268,4,1,16.276019309205452,0,0.2566,0.1774,3.1e-05,1,0.26897337812583416,False,
2025-11-20 22:30:00,7565603,5736041,3,2,13.30164494860382,0,0.2017,0.153,3.8e-05,1,0.252530351876379,False,
2025-11-20 22:35:00,7600374,4319270,3,2,11.919644571575086,0,0.2027,0.1152,4.2e-05,1,0.20810108272924804,False,
2025-11-20 22:40:00,9498038,8044690,7,1,17.54272949426149,0,0.2533,0.2145,4.6e-05,1,0.18552624262293432,False,
2025-11-20 22:45:00,11733875,5729538,7,0,17.46341327493917,0,0.3129,0.1528,4e-05,1,0.2024064049453712,False,
2025-11-20 22:50:00,7811506,4788608,3,1,12.60011582459767,0,0.2083,0.1277,3.2e-05,1,0.23866901825479342,False,
2025-11-20 22:55:00,10019445,4832433,4,2,14.851878849535176,0,0.2672,0.1289,4e-05,1,0.25229556905406386,False,
2025-11-20 23:00:00,9722980,7021497,5,5,16.744477920609306,0,0.2593,0.1872,6e-05,1,0.19455931115630687,False,
2025-11-20 23:05:00,8923872,5712011,10,2,14.635884391258823,0,0.238,0.1523,8.2e-05,1,0.12503818010451961,False,
2025-11-20 23:10:00,10245564,6340321,2,1,16.58588533355011,0,0.2732,0.1691,1.8e-05,1,0.2512491501561062,False,
2025-11-20 23:15:00,6576368,7006840,5,2,13.583208552406628,0,0.1754,0.1868,5.2e-05,1,0.20592726587654936,False,
2025-11-20 23:20:00,8850147,6028793,2,2,14.878940526523223,0,0.236,0.1608,2.7e-05,1,0.2719715794754037,False,
2025-11-20 23:25:00,7442392,6119045,4,0,13.561438587076216,0,0.1985,0.1632,2.9e-05,1,0.2514489751636291,False,
2025-11-20 23:30:00,10893860,6330473,1,2,17.224334128783063,0,0.2905,0.1688,1.7e-05,1,0.22843617649569603,False,
2025-11-20 23:35:00,14123665,6927308,2,1,21.050974811908883,0,0.3766,0.1847,1.4e-05,1,0.04836299832824931,False,
2025-11-20 23:40:00,7559277,5015069,4,2,12.574347459004455,0,0.2016,0.1337,4.8e-05,1,0.2284094232045017,False,
2025-11-20 23:45:00,10356183,5654251,2,1,16.010435049104736,0,0.2762,0.1508,1.9e-05,1,0.24805250778757026,False,
2025-11-20 23:50:00,8387103,7287929,1,1,15.675033529971486,0,0.2237,0.1943,1.3e-05,1,0.2364990934070455,False,
2025-11-20 23:55:00,6959411,7550070,2,2,14.509482564249934,0,0.1856,0.2013,2.8e-05,1,0.23407013906171015,False,
2025-11-21 00:00:00,9253262,6110424,6,3,15.363687432371398,0,0.2468,0.1629,5.9e-05,1,0.2331551764855629,False,
2025-11-21 00:05:00,10088811,6424275,5,2,16.513087546441803,0,0.269,0.1713,4.2e-05,1,0.24671010732048143,False,
2025-11-21 00:10:00,8415691,7694229,3,4,16.109921172169223,0,0.2244,0.2052,4.3e-05,1,0.2268677830950679,False,
2025-11-21 00:15:00,9914235,5185989,1,1,15.100224284822572,0,0.2644,0.1383,1.3e-05,1,0.22155492940892724,False,
2025-11-21 00:20:00,8834276,6436940,1,2,15.271217566222026,0,0.2356,0.1717,2e-05,1,0.2646085694879505,False,
2025-11-21 00:25:00,9858070,5101174,1,3,14.959244937933104,0,0.2629,0.136,2.7e-05,1,0.2628438609024142,False,
2025-11-21 00:30:00,9101499,4615434,4,2,13.716933411375454,0,0.2427,0.1231,4.4e-05,1,0.2338033659939221,False,
2025-11-21 00:35:00,9227407,5226324,6,1,14.453732054486377,0,0.2461,0.1394,4.8e-05,1,0.25248869945717556,False,
2025-11-21 00:40:00,9014132,3987281,3,0,13.001413832719106,0,0.2404,0.1063,2.3e-05,1,0.21925867757083622,False,
2025-11-21 00:45:00,10234847,6590122,4,4,16.824969761378743,0,0.2729,0.1757,4.8e-05,1,0.23096163371445483,False,
2025-11-21 00:50:00,14175355,2289488,5,2,16.464843851593752,0,0.378,0.0611,4.3e-05,1,0.09692419707769484,False,
2025-11-21 00:55:00,10356164,6923360,5,0,17.279525033326486,0,0.2762,0.1846,2.9e-05,1,0.2449406878368875,False,
2025-11-21 01:00:00,9959578,6307429,1,0,16.267008543545398,0,0.2656,0.1682,6e-06,1,0.2093539946015417,False,
2025-11-21 01:05:00,7736389,6500131,2,5,14.236520952303492,0,0.2063,0.1733,4.9e-05,1,0.24661932491090416,False,
2025-11-21 01:10:00,4663122,6180003,3,1,10.843126277680296,0,0.1243,0.1648,3.7e-05,1,0.13051258181065062,False,
2025-11-21 01:15:00,6530528,4840720,3,2,11.371249078237083,0,0.1741,0.1291,4.4e-05,1,0.18459368608609616,False,
2025-11-21 01:20:00,10075161,7642391,2,0,17.717553489515094,0,0.2687,0.2038,1.1e-05,1,0.19694622403921203,False,
2025-11-21 01:25:00,8350780,7476876,1,3,15.827656805581336,0,0.2227,0.1994,2.5e-05,1,0.2523477105466216,False,
2025-11-21 01:30:00,7451288,5250502,2,3,12.7017910726508,0,0.1987,0.14,3.9e-05,1,0.24260831307643033,False,
2025-11-21 01:35:00,8643031,5305488,2,1,13.948519985106325,0,0.2305,0.1415,2.2e-05,1,0.25339607569193917,False,
2025-11-21 01:40:00,8244269,5692842,2,1,13.937111869270971,0,0.2198,0.1518,2.2e-05,1,0.2578411255485639,False,
2025-11-21 01:45:00,8104811,5726110,4,3,13.830922407362376,0,0.2161,0.1527,5.1e-05,1,0.2540875857438478,False,
2025-11-21 01:50:00,8516022,5419485,3,2,13.93550844587368,0,0.2271,0.1445,3.6e-05,1,0.2655740236237592,False,
2025-11-21 01:55:00,8191672,4260938,7,2,12.45261077905004,0,0.2184,0.1136,7.2e-05,1,0.14214903920769884,False,
2025-11-21 02:00:00,6388187,4605055,1,1,10.99324284210104,0,0.1704,0.1228,1.8e-05,1,0.12852007405478083,False,
2025-11-21 02:05:00,7668860,7134878,2,1,14.803739230070956,0,0.2045,0.1903,2e-05,1,0.24467996485199084,False,
2025-11-21 02:10:00,8531673,7036018,3,0,15.567691968828145,0,0.2275,0.1876,1.9e-05,1,0.25879080119802844,False,
2025-11-21 02:15:00,8149129,6397256,2,3,14.54638615112535,0,0.2173,0.1706,3.4e-05,1,0.2683964945065693,False,
2025-11-21 02:20:00,13955076,5637593,3,0,19.592670444790123,0,0.3721,0.1503,1.5e-05,1,0.0798496767483885,False,
2025-11-21 02:25:00,8429782,6912566,4,2,15.342348922813107,0,0.2248,0.1843,3.9e-05,1,0.2590532729864365,False,
2025-11-21 02:30:00,8356433,5907375,1,2,14.263808977709832,0,0.2228,0.1575,2.1e-05,1,0.2593924103537655,False,
2025-11-21 02:35:00,10716727,7566182,6,2,18.282910349335857,0,0.2858,0.2018,4.4e-05,1,0.19246316110766365,False,
2025-11-21 02:40:00,6941979,5123090,0,4,12.065070235920071,0,0.1851,0.1366,3.3e-05,1,0.22653669124893316,False,
2025-11-21 02:45:00,8262632,6629865,2,3,14.892498212978284,0,0.2203,0.1768,3.4e-05,1,0.2665748202271921,False,
2025-11-21 02:50:00,10785433,3854091,2,6,14.639525019410431,0,0.2876,0.1028,5.5e-05,1,0.17715721644132976,False,
2025-11-21 02:55:00,11189036,4483149,2,3,15.672185582183127,0,0.2984,0.1196,3.2e-05,1,0.21886853526771255,False,
2025-11-21 03:00:00,8827640,6847709,4,1,15.675350724804494,0,0.2354,0.1826,3.2e-05,1,0.2717143512685218,False,
2025-11-21 03:05:00,10488341,5437520,3,5,15.925862181195082,0,0.2797,0.145,5e-05,1,0.2276080849895858,False,
2025-11-21 03:10:00,7119523,6207332,5,2,13.326855430108257,0,0.1899,0.1655,5.3e-05,1,0.22792211076741664,False,
2025-11-21 03:15:00,9286648,8100448,3,3,17.387097005500866,0,0.2476,0.216,3.5e-05,1,0.2065294929157916,False,
2025-11-21 03:20:00,9086303,7435702,1,5,16.522006550783903,0,0.2423,0.1983,3.6e-05,1,0.25596901661708565,False,
2025-11-21 03:25:00,8625574,6472545,4,0,15.098119614929669,0,0.23,0.1726,2.6e-05,1,0.26780679638248606,False,
2025-11-21 03:30:00,8488046,5696307,1,4,14.184354347161928,0,0.2263,0.1519,3.5e-05,1,0.2663205642217671,False,
2025-11-21 03:35:00,10941516,6290929,3,2,17.232445910053716,0,0.2918,0.1678,2.9e-05,1,0.24370022755487503,False,
2025-11-21 03:40:00,9285153,4035709,5,3,13.320863231242056,0,0.2476,0.1076,6e-05,1,0.1805431790841719,False,
2025-11-21 03:45:00,11703983,6138090,7,3,17.842073191973835,0,0.3121,0.1637,5.6e-05,1,0.15743610407588815,False,
2025-11-21 03:50:00,8117970,6910271,5,1,15.028241714995414,0,0.2165,0.1843,4e-05,1,0.2669914687378329,False,
2025-11-21 03:55:00,7695933,6107193,3,1,13.803126770375467,0,0.2052,0.1629,2.9e-05,1,0.25878851544590237,False,
2025-11-21 04:00:00,8124506,5164500,4,4,13.289007413269587,0,0.2167,0.1377,6e-05,1,0.22058047922395835,False,
2025-11-21 04:05:00,9534201,6735257,2,1,16.269458310352373,0,0.2542,0.1796,1.8e-05,1,0.25698872622066904,False,
2025-11-21 04:10:00,9153242,6337524,3,2,15.490766498988624,0,0.2441,0.169,3.2e-05,1,0.27400521848356696,False,
2025-11-21 04:15:00,12794584,8116403,2,2,20.91098853532656,0,0.3412,0.2164,1.9e-05,1,0.06466614319300268,False,
2025-11-21 04:20:00,8879662,4795397,2,1,13.675060154956464,0,0.2368,0.1279,2.2e-05,1,0.2445974407373463,False,
2025-11-21 04:25:00,8685786,6883774,3,0,15.56956009085308,0,0.2316,0.1836,1.9e-05,1,0.2611462681098744,False,
2025-11-21 04:30:00,8035549,5801239,1,0,13.836788894514108,0,0.2143,0.1547,7e-06,1,0.19886289598963808,False,
2025-11-21 04:35:00,9238613,6626894,1,1,15.865507882605325,0,0.2464,0.1767,1.3e-05,1,0.244613185870921,False,
2025-11-21 04:40:00,10335221,6266306,2,2,16.601527551466468,0,0.2756,0.1671,2.4e-05,1,0.2567379552164048,False,
2025-11-21 04:45:00,10155603,5222394,5,0,15.37799748941924,0,0.2708,0.1393,3.3e-05,1,0.2582910345188679,False,
2025-11-21 04:50:00,43113522,28300476,14,1,9.51128961515249,1,1.1497,0.7547,2.1e-05,-1,-0.07775911084152776,False,
2025-11-21 04:55:00,48512704,29479590,21,3,16.089584271486736,1,1.2937,0.7861,3.1e-05,-1,-0.054143876099887356,False,
2025-11-21 05:00:00,48896759,29749870,12,2,16.743919796297828,1,1.3039,0.7933,1.8e-05,-1,-0.044448056410198444,False,
2025-11-21 05:05:00,46693082,28984718,16,2,13.775091102188613,1,1.2451,0.7729,2.4e-05,-1,-0.043026437360663916,False,
2025-11-21 05:10:00,46274019,28169207,13,3,12.540516981298472,1,1.234,0.7512,2.1e-05,-1,-0.05048585444051801,False,
2025-11-21 05:15:00,44648932,32222940,18,3,14.969162952154065,1,1.1906,0.8593,2.7e-05,-1,-0.04063111603466851,False,
2025-11-21 05:20:00,45376458,29331927,10,1,12.805675941495108,1,1.21,0.7822,1.5e-05,-1,-0.042421149968565164,False,
2025-11-21 05:25:00,47226481,28884153,10,4,14.207925170312947,1,1.2594,0.7702,1.8e-05,-1,-0.04933442596919124,False,
2025-11-21 05:30:00,46129091,31458536,8,0,15.684918313926593,1,1.2301,0.8389,1e-05,-1,-0.0486275983207185,False,
2025-11-21 05:35:00,46183585,30327055,13,1,14.60793131017538,1,1.2316,0.8087,1.8e-05,-1,-0.03538682289415174,False,
2025-11-21 05:40:00,45213745,29667243,14,1,12.97827897484374,1,1.2057,0.7911,2e-05,-1,-0.03886687095031727,False,
2025-11-21 05:45:00,47148768,28982076,15,1,14.228134544084378,1,1.2573,0.7729,2.1e-05,-1,-0.04296087960351924,False,
2025-11-21 05:50:00,47300958,28999866,14,0,14.398114754260009,1,1.2614,0.7733,1.8e-05,-1,-0.04258299924727549,False,
2025-11-21 05:55:00,46343952,28924561,14,0,13.365803954507696,1,1.2358,0.7713,1.9e-05,-1,-0.039456353357653406,False,
2025-11-21 06:00:00,48339927,29494183,15,3,15.931400883336174,1,1.2891,0.7865,2.3e-05,-1,-0.03904887576832372,False,
2025-11-21 06:05:00,9832085,8120964,2,2,17.953050271471263,0,0.2622,0.2166,2.2e-05,1,0.20060457242660018,False,
2025-11-21 06:10:00,9157836,6986205,2,2,16.144042344036517,0,0.2442,0.1863,2.5e-05,1,0.2675484531880455,False,
2025-11-21 06:15:00,6501598,4662098,2,1,11.163697091924655,0,0.1734,0.1243,2.7e-05,1,0.17307450765486793,False,
2025-11-21 06:20:00,8954000,6843184,7,0,15.79718540158392,0,0.2388,0.1825,4.4e-05,1,0.2482986629518421,False,
2025-11-21 06:25:00,8361511,8244626,1,2,16.606137766974026,0,0.223,0.2199,1.8e-05,1,0.20316212293030705,False,
2025-11-21 06:30:00,9093636,7030598,2,4,16.12423487050672,0,0.2425,0.1875,3.7e-05,1,0.26568171946791685,False,
2025-11-21 06:35:00,8672143,4500014,7,1,13.172157505644744,0,0.2313,0.12,6.1e-05,1,0.19558888566257993,False,
2025-11-21 06:40:00,9129204,5974682,4,1,15.103887080280376,0,0.2434,0.1593,3.3e-05,1,0.27288581896390923,False,
2025-11-21 06:45:00,10154101,4803583,1,6,14.95768503155632,0,0.2708,0.1281,4.7e-05,1,0.24075432315646966,False,
2025-11-21 06:50:00,8067152,6505737,4,0,14.572890496880484,0,0.2151,0.1735,2.7e-05,1,0.26562749176001643,False,
2025-11-21 06:55:00,9349330,6311248,3,1,15.660578320620829,0,0.2493,0.1683,2.6e-05,1,0.2732082473532139,False,
2025-11-21 07:00:00,9378247,3134982,1,3,12.513230061744084,0,0.2501,0.0836,3.2e-05,1,0.17943676371694123,False,
2025-11-21 07:05:00,9230352,9580371,2,3,18.810723997826965,0,0.2461,0.2555,2.7e-05,1,0.111801146626059,False,
2025-11-21 07:10:00,7279094,6848597,1,2,14.127692224782784,0,0.1941,0.1826,2.1e-05,1,0.23968945137089287,False,
2025-11-21 07:15:00,8098653,5631374,2,0,13.730028564470196,0,0.216,0.1502,1.5e-05,1,0.23865853776353052,False,
2025-11-21 07:20:00,10306404,5573575,2,4,15.8799799657106,0,0.2748,0.1486,3.8e-05,1,0.25509813053115804,False,
2025-11-21 07:25:00,10735790,7356398,3,0,18.092188515304667,0,0.2863,0.1962,1.7e-05,1,0.2111439594176298,False,
2025-11-21 07:30:00,11671014,5411084,5,2,17.082098959772406,0,0.3112,0.1443,4.1e-05,1,0.20521289045725338,False,
2025-11-21 07:35:00,11253924,6851602,5,1,18.105527450808992,0,0.3001,0.1827,3.3e-05,1,0.2250683313358774,False,
2025-11-21 07:40:00,9777679,4875490,4,2,14.653170287572944,0,0.2607,0.13,4.1e-05,1,0.253341277374208,False,
2025-11-21 07:45:00,8944921,6668088,2,1,15.613009808408936,0,0.2385,0.1778,1.9e-05,1,0.2652861338965524,False,
2025-11-21 07:50:00,9569063,5194293,8,4,14.763357091395962,0,0.2552,0.1385,8.1e-05,1,0.1248613655138674,False,
2025-11-21 07:55:00,10588268,9032491,1,2,19.62075946395785,0,0.2824,0.2409,1.5e-05,1,0.1026729518475632,False,
2025-11-21 08:00:00,7986949,5769479,2,3,13.756428858961833,0,0.213,0.1539,3.6e-05,1,0.2610319958593596,False,
2025-11-21 08:05:00,8527150,5322918,4,4,13.850068360980478,0,0.2274,0.1419,5.8e-05,1,0.22869510991023223,False,
2025-11-21 08:10:00,8185557,5806490,6,3,13.992047948869596,0,0.2183,0.1548,6.4e-05,1,0.21854100918456199,False,
2025-11-21 08:15:00,10186624,6893994,4,2,17.0806197259545,0,0.2716,0.1838,3.5e-05,1,0.2462443568578932,False,
2025-11-21 08:20:00,9109904,5014299,4,2,14.124204765808797,0,0.2429,0.1337,4.2e-05,1,0.25351907812022667,False,
2025-11-21 08:25:00,9497819,3846252,1,3,13.34407131175332,0,0.2533,0.1026,3e-05,1,0.21802444243737856,False,
2025-11-21 08:30:00,6011877,5252366,2,1,11.26424408744695,0,0.1603,0.1401,2.7e-05,1,0.17852535854327423,False,
2025-11-21 08:35:00,8559638,7012383,1,2,15.57202248380483,0,0.2283,0.187,1.9e-05,1,0.25901708336166046,False,
2025-11-21 08:40:00,11079143,6690762,1,5,17.769906554465912,0,0.2954,0.1784,3.4e-05,1,0.23238841017400835,False,
2025-11-21 08:45:00,7303777,6316994,4,4,13.620771663567382,0,0.1948,0.1685,5.9e-05,1,0.20905465082233998,False,
2025-11-21 08:50:00,8421364,6593286,3,5,15.014650903934555,0,0.2246,0.1758,5.3e-05,1,0.24591181529444234,False,
2025-11-21 08:55:00,9707533,5259129,3,5,14.966662435814182,0,0.2589,0.1402,5.3e-05,1,0.2366684741605466,False,
2025-11-21 09:00:00,10514871,5494904,2,2,16.009776401199854,0,0.2804,0.1465,2.5e-05,1,0.2550344833115885,False,
2025-11-21 09:05:00,10144055,6087457,3,2,16.231513116393657,0,0.2705,0.1623,3.1e-05,1,0.26434476710755805,False,
2025-11-21 09:10:00,7773909,6128300,0,6,13.902209882677097,0,0.2073,0.1634,4.3e-05,1,0.25398858702775,False,
2025-11-21 09:15:00,5650549,5037269,3,1,10.687818279088894,0,0.1507,0.1343,3.7e-05,1,0.14672820113999002,False,
2025-11-21 09:20:00,5817626,7552709,2,3,13.37033516447432,0,0.1551,0.2014,3.7e-05,1,0.18696401312122918,False,
2025-11-21 09:25:00,8500892,4864202,3,0,13.365095521356752,0,0.2267,0.1297,2.2e-05,1,0.24648056637784443,False,
2025-11-21 09:30:00,7525184,4364496,1,2,11.88968082904331,0,0.2007,0.1164,2.5e-05,1,0.19959819442104226,False,
2025-11-21 09:35:00,9872750,7395373,1,2,17.268123625556036,0,0.2633,0.1972,1.7e-05,1,0.23311612665287684,False,
2025-11-21 09:40:00,10668218,5064429,2,3,15.732648197629404,0,0.2845,0.1351,3.2e-05,1,0.25442191351682686,False,
2025-11-21 09:45:00,10838291,6782916,7,4,17.621207484415837,0,0.289,0.1809,6.2e-05,1,0.16925462977029798,False,
2025-11-21 09:50:00,9445339,7355484,3,1,16.800824408974222,0,0.2519,0.1961,2.4e-05,1,0.254733352840094,False,
2025-11-21 09:55:00,7681655,5822625,4,2,13.50428154171256,0,0.2048,0.1553,4.4e-05,1,0.24941048007118582,False,
2025-11-21 10:00:00,8991096,7557426,6,5,16.54852239917382,0,0.2398,0.2015,6.6e-05,1,0.166658408632969,False,
2025-11-21 10:05:00,9944438,4687035,4,0,14.63147326839155,0,0.2652,0.125,2.7e-05,1,0.25200259760528976,False,
2025-11-21 10:10:00,8602298,5357256,3,1,13.959554208290054,0,0.2294,0.1429,2.9e-05,1,0.2606237701135671,False,
2025-11-21 10:15:00,10583124,6275736,1,3,16.85886080019097,0,0.2822,0.1674,2.4e-05,1,0.25492136745573823,False,
2025-11-21 10:20:00,9224268,3504120,4,0,12.728388977494234,0,0.246,0.0934,3.1e-05,1,0.2054213108475581,False,
2025-11-21 10:25:00,10485351,7085020,3,1,17.570371977755045,0,0.2796,0.1889,2.3e-05,1,0.23516936328758165,False,
2025-11-21 10:30:00,8474549,4452387,3,0,12.926936801429685,0,0.226,0.1187,2.3e-05,1,0.22679049364604353,False,
2025-11-21 10:35:00,7598518,7037314,4,0,14.635832651944108,0,0.2026,0.1877,2.7e-05,1,0.2547130994907983,False,
2025-11-21 10:40:00,9191053,5182708,3,0,14.373762454213235,0,0.2451,0.1382,2.1e-05,1,0.25224476394701223,False,
2025-11-21 10:45:00,8034372,8365986,5,5,16.400358357856433,0,0.2142,0.2231,6.1e-05,1,0.1419957916465775,False,
2025-11-21 10:50:00,7886749,4337474,2,1,12.224224753649114,0,0.2103,0.1157,2.5e-05,1,0.21335471298936087,False,
2025-11-21 10:55:00,9436028,5630986,9,2,15.06701560743465,0,0.2516,0.1502,7.3e-05,1,0.17373700746662302,False,
2025-11-21 11:00:00,8082993,6471864,1,4,14.554858727995956,0,0.2155,0.1726,3.4e-05,1,0.26802137437218504,False,
2025-11-21 11:05:00,8873739,5294119,5,2,14.16785879633621,0,0.2366,0.1412,4.9e-05,1,0.2532337500718961,False,
2025-11-21 11:10:00,5870666,6701202,2,3,12.571868905268296,0,0.1566,0.1787,4e-05,1,0.2099915227224835,False,
2025-11-21 11:15:00,11688000,8282232,3,3,19.97023236940624,0,0.3117,0.2209,3e-05,1,0.11911647093467825,False,
2025-11-21 11:20:00,9728530,6862739,2,0,16.591270143101895,0,0.2594,0.183,1.2e-05,1,0.23791238363499456,False,
2025-11-21 11:25:00,8835111,7194798,1,7,16.0299106091741,0,0.2356,0.1919,5e-05,1,0.24265694225934514,False,
2025-11-21 11:30:00,9093974,6869585,2,1,15.96355971440491,0,0.2425,0.1832,1.9e-05,1,0.2639251805765409,False,
2025-11-21 11:35:00,9897975,7142701,1,0,17.040676756751374,0,0.2639,0.1905,6e-06,1,0.19787972167062534,False,
2025-11-21 11:40:00,12535137,7899045,0,1,20.43418280662491,0,0.3343,0.2106,5e-06,1,0.04020809301062145,False,
2025-11-21 11:45:00,8752231,4282624,8,4,13.034855811239073,0,0.2334,0.1142,9.2e-05,1,0.08787325779947164,False,
2025-11-21 11:50:00,11239518,4605095,4,2,15.844614045477476,0,0.2997,0.1228,3.8e-05,1,0.2164620163717439,False,
2025-11-21 11:55:00,10129084,3529750,1,2,13.6588352546732,0,0.2701,0.0941,2.2e-05,1,0.1876912798181758,False,
2025-11-21 12:00:00,7026986,3815361,3,4,10.842347719376937,0,0.1874,0.1017,6.5e-05,1,0.11935230440733213,False,
2025-11-21 12:05:00,9378565,5572449,3,1,14.951014687071437,0,0.2501,0.1486,2.7e-05,1,0.2714105144077048,False,
2025-11-21 12:10:00,9285122,5997630,4,6,15.282753655232204,0,0.2476,0.1599,6.5e-05,1,0.21232543982365298,False,
2025-11-21 12:15:00,10197939,6376905,3,6,16.574845028419293,0,0.2719,0.1701,5.4e-05,1,0.21659901844879986,False,
2025-11-21 12:20:00,8862360,5847176,4,1,14.709537419948518,0,0.2363,0.1559,3.4e-05,1,0.2710116425237901,False,
2025-11-21 12:25:00,8944714,7220810,2,1,16.165525653895244,0,0.2385,0.1926,1.9e-05,1,0.25608938831867817,False,
2025-11-21 12:30:00,10507710,7411154,1,0,17.91886536733096,0,0.2802,0.1976,6e-06,1,0.16836758336631213,False,
2025-11-21 12:35:00,7213538,6094033,4,2,13.307572316669225,0,0.1924,0.1625,4.5e-05,1,0.24334930960090428,False,
2025-11-21 12:40:00,9301491,5300938,4,1,14.602430419166884,0,0.248,0.1414,3.4e-05,1,0.265778275774563,False,
2025-11-21 12:45:00,10052456,7431016,1,2,17.483472352239122,0,0.2681,0.1982,1.7e-05,1,0.22350678079007918,False,
2025-11-21 12:50:00,9404057,5898609,6,1,15.302666781790514,0,0.2508,0.1573,4.6e-05,1,0.25294885831407693,False,
2025-11-21 12:55:00,10082774,3419689,4,1,13.502464610388696,0,0.2689,0.0912,3.7e-05,1,0.19476079113904715,False,
2025-11-21 13:00:00,8989517,6144669,2,1,15.134187109006264,0,0.2397,0.1639,2e-05,1,0.26807011022035543,False,
2025-11-21 13:05:00,9614399,5113303,4,4,14.727703336640044,0,0.2564,0.1364,5.4e-05,1,0.22690853172147551,False,
2025-11-21 13:10:00,7866211,7333501,4,3,15.199713368652926,0,0.2098,0.1956,4.6e-05,1,0.23711306283921102,False,
2025-11-21 13:15:00,7792755,4748559,4,2,12.54131499678706,0,0.2078,0.1266,4.8e-05,1,0.22201132998349316,False,
2025-11-21 13:20:00,7256727,6149955,0,1,13.406682557407098,0,0.1935,0.164,7e-06,1,0.1739129116943976,False,
2025-11-21 13:25:00,8300182,5429942,3,3,13.73012529578809,0,0.2213,0.1448,4.4e-05,1,0.25784905755592746,False,
2025-11-21 13:30:00,10748444,4770963,2,5,15.519407860701936,0,0.2866,0.1272,4.5e-05,1,0.2236759164605686,False,
2025-11-21 13:35:00,8654109,7749111,7,1,16.403221603045623,0,0.2308,0.2066,4.9e-05,1,0.21720816823495548,False,
2025-11-21 13:40:00,8908271,4952649,8,2,13.860920935575392,0,0.2376,0.1321,7.2e-05,1,0.17280257449776443,False,
2025-11-21 13:45:00,6578420,3544094,5,1,10.12251517469788,0,0.1754,0.0945,5.9e-05,1,0.07879693420108391,False,
2025-11-21 13:50:00,10560257,6460558,1,5,17.02081583993388,0,0.2816,0.1723,3.5e-05,1,0.24289401934367055,False,
2025-11-21 13:55:00,7327086,6938079,4,1,14.265166026468467,0,0.1954,0.185,3.5e-05,1,0.25275921519183875,False,
2025-11-21 14:00:00,8533337,6457511,2,0,14.990849224740645,0,0.2276,0.1722,1.3e-05,1,0.24188114757659124,False,
2025-11-21 14:05:00,8698235,7807377,4,0,16.505612841920183,0,0.232,0.2082,2.4e-05,1,0.24020980570968947,False,
2025-11-21 14:10:00,8743923,5940942,1,3,14.684865690199253,0,0.2332,0.1584,2.7e-05,1,0.2680523778782962,False,
2025-11-21 14:15:00,9109154,5784203,4,2,14.89335812763258,0,0.2429,0.1542,4e-05,1,0.26654752217141187,False,
2025-11-21 14:20:00,13747839,5611680,5,1,19.35952013343347,0,0.3666,0.1496,3.1e-05,1,0.10840296933958493,False,
2025-11-21 14:25:00,10319913,6826106,1,4,17.146019888992825,0,0.2752,0.182,2.9e-05,1,0.2496317909036569,False,
2025-11-21 14:30:00,9709439,5380832,2,3,15.090271465664584,0,0.2589,0.1435,3.3e-05,1,0.26563565211806944,False,
2025-11-21 14:35:00,5562061,6565781,2,4,12.12784260740057,0,0.1483,0.1751,4.9e-05,1,0.16957560541973288,False,
2025-11-21 14:40:00,8105215,7014198,3,0,15.119414909716502,0,0.2161,0.187,2e-05,1,0.26049332279611187,False,
2025-11-21 14:45:00,11051725,8105366,4,1,19.157091753596283,0,0.2947,0.2161,2.6e-05,1,0.16146808267650975,False,
2025-11-21 14:50:00,8764757,6981263,3,2,15.746020690877248,0,0.2337,0.1862,3.2e-05,1,0.26703588310271514,False,
2025-11-21 14:55:00,7589228,7332982,0,0,14.922210915057716,0,0.2024,0.1955,0.0,1,0.16061181193012036,False,
2025-11-21 15:00:00,9961126,5050203,6,1,15.01132937157582,0,0.2656,0.1347,4.7e-05,1,0.248151545923121,False,
2025-11-21 15:05:00,8139375,6923195,1,1,15.062571767964076,0,0.217,0.1846,1.3e-05,1,0.2419934307279522,False,
2025-11-21 15:10:00,10809750,6233845,3,2,17.043595941865146,0,0.2883,0.1662,2.9e-05,1,0.24200412973466756,False,
2025-11-21 15:15:00,9158096,5757742,3,4,14.915838537490153,0,0.2442,0.1535,4.7e-05,1,0.2562712367783522,False,
2025-11-21 15:20:00,7881454,2547202,3,2,10.428656892162502,0,0.2102,0.0679,4.8e-05,1,0.1003696040243286,False,
2025-11-21 15:25:00,12645890,5822322,5,2,18.46821231068046,0,0.3372,0.1553,3.8e-05,1,0.16538689627918235,False,
2025-11-21 15:30:00,9510941,5815254,2,4,15.326195996712311,0,0.2536,0.1551,3.9e-05,1,0.2591251209808964,False,
2025-11-21 15:35:00,8477923,5642959,3,2,14.120882855320152,0,0.2261,0.1505,3.5e-05,1,0.2655799173725926,False,
2025-11-21 15:40:00,6875488,4918985,6,1,11.794473403533296,0,0.1833,0.1312,5.9e-05,1,0.1802232423270475,False,
2025-11-21 15:45:00,9030676,6300567,3,2,15.331243484161917,0,0.2408,0.168,3.3e-05,1,0.27217447142960144,False,
2025-11-21 15:50:00,8902147,7961655,5,4,16.863802794283124,0,0.2374,0.2123,5.3e-05,1,0.19410945763826815,False,
2025-11-21 15:55:00,7858137,4580835,3,0,12.438972895169965,0,0.2096,0.1222,2.4e-05,1,0.22114121633483896,False,
2025-11-21 16:00:00,6631222,3317024,1,2,9.948246593823614,0,0.1768,0.0885,3e-05,1,0.08605577130163322,False,
2025-11-21 16:05:00,8274738,6011705,3,0,14.286443301417586,0,0.2207,0.1603,2.1e-05,1,0.26206652454080115,False,
2025-11-21 16:10:00,9199222,5301683,4,1,14.50090601028956,0,0.2453,0.1414,3.4e-05,1,0.26434062596406305,False,
2025-11-21 16:15:00,11317049,7329138,0,1,18.646187612078823,0,0.3018,0.1954,5e-06,1,0.12900145655357376,False,
2025-11-21 16:20:00,8824685,6479033,8,1,15.303718504089064,0,0.2353,0.1728,5.9e-05,1,0.23343316347527404,False,
2025-11-21 16:25:00,9855896,5299982,1,3,15.155878991656706,0,0.2628,0.1413,2.6e-05,1,0.2615863524577536,False,
2025-11-21 16:30:00,11226182,5779114,0,2,17.005297087008646,0,0.2994,0.1541,1.2e-05,1,0.1950036650241524,False,
2025-11-21 16:35:00,5380254,4502315,4,2,9.882569761812688,0,0.1435,0.1201,6.1e-05,1,0.0686642461399295,False,
2025-11-21 16:40:00,7158853,7006028,2,1,14.164882083067775,0,0.1909,0.1868,2.1e-05,1,0.23811994433026867,False,
2025-11-21 16:45:00,7435063,6669953,1,2,14.10501675983741,0,0.1983,0.1779,2.1e-05,1,0.24616561289000244,False,
2025-11-21 16:50:00,10933490,6727794,2,1,17.661284306118098,0,0.2916,0.1794,1.7e-05,1,0.2241744515517653,False,
2025-11-21 16:55:00,7039311,7491960,4,1,14.531271679253166,0,0.1877,0.1998,3.4e-05,1,0.23606842500728165,False,
2025-11-21 17:00:00,5990403,8114752,2,2,14.105155575357696,0,0.1597,0.2164,2.8e-05,1,0.17539465491546297,False,
2025-11-21 17:05:00,10418460,6251551,2,3,16.670012031392254,0,0.2778,0.1667,3e-05,1,0.258028050253604,False,
2025-11-21 17:10:00,8062820,5028497,5,3,13.091317939054436,0,0.215,0.1341,6.1e-05,1,0.2154565345227059,False,
2025-11-21 17:15:00,8293803,5731086,7,1,14.024890126697567,0,0.2212,0.1528,5.7e-05,1,0.2397874808730704,False,
2025-11-21 17:20:00,7683936,5898769,2,2,13.582706281982926,0,0.2049,0.1573,2.9e-05,1,0.25920210857441933,False,
2025-11-21 17:25:00,7308094,4927240,5,5,12.23533514429698,0,0.1949,0.1314,8.2e-05,1,0.11371784599334733,False,
2025-11-21 17:30:00,9435534,7231199,2,2,16.666733681541157,0,0.2516,0.1928,2.4e-05,1,0.2587671279611517,False,
2025-11-21 17:35:00,10431111,5742819,0,1,16.173931209559463,0,0.2782,0.1531,6e-06,1,0.19775298603990937,False,
2025-11-21 17:40:00,10592363,8331855,7,3,18.92421863809168,0,0.2825,0.2222,5.3e-05,1,0.1326281996186378,False,
2025-11-21 17:45:00,6231371,5384352,1,6,11.615724520679937,0,0.1662,0.1436,6e-05,1,0.1658798046234744,False,
2025-11-21 17:50:00,9461444,7355632,1,0,16.81707637381741,0,0.2523,0.1962,6e-06,1,0.19898487181714308,False,
2025-11-21 17:55:00,10823174,5930745,2,0,16.753920101801672,0,0.2886,0.1582,1.2e-05,1,0.21258148712816072,False,
2025-11-21 18:00:00,8267755,6746767,2,2,15.014523035215202,0,0.2205,0.1799,2.7e-05,1,0.2676825550277662,False,
2025-11-21 18:05:00,9343052,4385004,5,0,13.72805679208582,0,0.2491,0.1169,3.6e-05,1,0.23553819743087379,False,
2025-11-21 18:10:00,8186818,8186313,4,2,16.373132516574387,0,0.2183,0.2183,3.7e-05,1,0.20543282753881714,False,
2025-11-21 18:15:00,8048898,7751074,0,2,15.799972504655768,0,0.2146,0.2067,1.3e-05,1,0.22103504323308132,False,
2025-11-21 18:20:00,6136496,6418772,3,3,12.555269003084678,0,0.1636,0.1712,4.8e-05,1,0.20214145132401085,False,
2025-11-21 18:25:00,11860960,6357272,5,3,18.218233702879584,0,0.3163,0.1695,4.4e-05,1,0.1684222732240584,False,
2025-11-21 18:30:00,8165608,6348533,4,2,14.5141415471128,0,0.2177,0.1693,4.1e-05,1,0.26447751366578304,False,
2025-11-21 18:35:00,10672442,6218923,5,1,16.891366619445044,0,0.2846,0.1658,3.6e-05,1,0.2462941420923223,False,
2025-11-21 18:40:00,6109914,3415928,3,2,9.525843485911963,0,0.1629,0.0911,5.2e-05,1,0.06144021746376338,False,
2025-11-21 18:45:00,9626993,4754566,2,4,14.381559731251937,0,0.2567,0.1268,4.2e-05,1,0.24345379181164756,False,
2025-11-21 18:50:00,8454303,6570625,2,1,15.02492901057319,0,0.2254,0.1752,2e-05,1,0.2604426782368511,False,
2025-11-21 18:55:00,6666120,6091341,3,1,12.7574617262545,0,0.1778,0.1624,3.1e-05,1,0.23859883746413652,False,
2025-11-21 19:00:00,10129570,6651442,1,4,16.781013237084668,0,0.2701,0.1774,3e-05,1,0.2572232711424955,False,
2025-11-21 19:05:00,7898367,5684176,3,1,13.582543852320144,0,0.2106,0.1516,2.9e-05,1,0.26139983294455926,False,
2025-11-21 19:10:00,7563748,5145506,1,3,12.709254955481445,0,0.2017,0.1372,3.1e-05,1,0.24466748791589815,False,
2025-11-21 19:15:00,8535003,6465264,0,5,15.000267847703588,0,0.2276,0.1724,3.3e-05,1,0.2694609804739143,False,
2025-11-21 19:20:00,8195993,7100767,4,3,15.296761072908504,0,0.2186,0.1894,4.6e-05,1,0.2462465810754298,False,
2025-11-21 19:25:00,8522954,6219451,2,0,14.74240625765228,0,0.2273,0.1659,1.4e-05,1,0.23490915147979236,False,
2025-11-21 19:30:00,9887075,6950121,5,1,16.83719668141197,0,0.2637,0.1853,3.6e-05,1,0.26207609567761125,False,
2025-11-21 19:35:00,8711039,7730329,5,1,16.441369166112043,0,0.2323,0.2061,3.6e-05,1,0.24203771919221267,False,
2025-11-21 19:40:00,7151990,6124439,2,3,13.27643080940118,0,0.1907,0.1633,3.8e-05,1,0.2476431645869116,False,
2025-11-21 19:45:00,11231642,6805621,5,3,18.03726392925931,0,0.2995,0.1815,4.4e-05,1,0.20140759580688672,False,
2025-11-21 19:50:00,11516216,5812776,6,2,17.32899321558154,0,0.3071,0.155,4.6e-05,1,0.19566488500926965,False,
2025-11-21 19:55:00,7656388,5421459,2,4,13.07784771804648,0,0.2042,0.1446,4.6e-05,1,0.24080887966526515,False,
2025-11-21 20:00:00,5148811,4458870,4,2,9.607682700830413,0,0.1373,0.1189,6.2e-05,1,0.05677459759427417,False,
2025-11-21 20:05:00,9570732,6902336,3,2,16.473068621477463,0,0.2552,0.1841,3e-05,1,0.2655461907977672,False,
2025-11-21 20:10:00,8126053,4120343,1,1,12.246396869958946,0,0.2167,0.1099,1.6e-05,1,0.1842442834557847,False,
2025-11-21 20:15:00,9106249,6013782,2,2,15.120031392618367,0,0.2428,0.1604,2.6e-05,1,0.2748458567462215,False,
2025-11-21 20:20:00,7993374,5495041,2,1,13.488416062829176,0,0.2132,0.1465,2.2e-05,1,0.25509241079494566,False,
2025-11-21 20:25:00,11105026,5302031,2,3,16.407058353502197,0,0.2961,0.1414,3e-05,1,0.24180779072625086,False,
2025-11-21 20:30:00,7823176,5729145,2,1,13.552322020646908,0,0.2086,0.1528,2.2e-05,1,0.2520648658460577,False,
2025-11-21 20:35:00,9834390,6016847,2,3,15.8512372868026,0,0.2623,0.1604,3.2e-05,1,0.26603355787624866,False,
2025-11-21 20:40:00,9905665,5889978,2,4,15.795643607213398,0,0.2642,0.1571,3.8e-05,1,0.2597228346471789,False,
2025-11-21 20:45:00,11238682,6919368,3,2,18.15805097891493,0,0.2997,0.1845,2.8e-05,1,0.22046965067562724,False,
2025-11-21 20:50:00,8729142,6226727,2,2,14.955869614224644,0,0.2328,0.166,2.7e-05,1,0.2680928741907059,False,
2025-11-21 20:55:00,8033813,4718089,5,0,12.751902600227966,0,0.2142,0.1258,3.9e-05,1,0.24137786713277648,False,
2025-11-21 21:00:00,8317543,5580619,3,1,13.898163676997113,0,0.2218,0.1488,2.9e-05,1,0.26382534014248565,False,
2025-11-21 21:05:00,10757035,6531194,1,3,17.288229264134706,0,0.2869,0.1742,2.3e-05,1,0.24316375605256235,False,
2025-11-21 21:10:00,11076640,3411905,3,2,14.48854573337297,0,0.2954,0.091,3.5e-05,1,0.19195524339484582,False,
2025-11-21 21:15:00,11733161,5534409,3,0,17.267571505316624,0,0.3129,0.1476,1.7e-05,1,0.19938563787039604,False,
2025-11-21 21:20:00,8382313,7190839,2,1,15.573153114067898,0,0.2235,0.1918,1.9e-05,1,0.25386103679099603,False,
2025-11-21 21:25:00,9016030,6545584,1,4,15.561615054300654,0,0.2404,0.1745,3.2e-05,1,0.2740650737991269,False,
2025-11-21 21:30:00,9672293,4809019,4,3,14.481313573619367,0,0.2579,0.1282,4.8e-05,1,0.23998642014310956,False,
2025-11-21 21:35:00,9164152,5674286,5,1,14.838438925943557,0,0.2444,0.1513,4e-05,1,0.26727588554602977,False,
2025-11-21 21:40:00,11237377,5113972,3,1,16.35135005724194,0,0.2997,0.1364,2.4e-05,1,0.23523490412299392,False,
2025-11-21 21:45:00,11029823,5755646,4,2,16.78547045503491,0,0.2941,0.1535,3.6e-05,1,0.24400065154622852,False,
2025-11-21 21:50:00,10403372,7618081,2,1,18.02145443522957,0,0.2774,0.2031,1.7e-05,1,0.20827241374924266,False,
2025-11-21 21:55:00,8756734,4931969,2,0,13.688704385767617,0,0.2335,0.1315,1.5e-05,1,0.22297738137010564,False,
2025-11-21 22:00:00,8588068,5387216,3,2,13.97528475423556,0,0.229,0.1437,3.6e-05,1,0.2642223747768938,False,
2025-11-21 22:05:00,8807782,5256706,2,2,14.064489882709774,0,0.2349,0.1402,2.8e-05,1,0.2610603887997559,False,
2025-11-21 22:10:00,9608486,6822550,1,2,16.431037337299365,0,0.2562,0.1819,1.8e-05,1,0.2558898644689227,False,
2025-11-21 22:15:00,11679329,6244418,3,4,17.923747842278477,0,0.3114,0.1665,3.9e-05,1,0.1935027574865758,False,
2025-11-21 22:20:00,10235539,8769161,6,3,19.004701149450653,0,0.2729,0.2338,4.7e-05,1,0.12810914469711399,False,
2025-11-21 22:25:00,7523399,6523436,5,2,14.046836632278104,0,0.2006,0.174,5e-05,1,0.24101179832106612,False,
2025-11-21 22:30:00,7894234,5060226,1,2,12.954461741053718,0,0.2105,0.1349,2.3e-05,1,0.2430283469047007,False,
2025-11-21 22:35:00,34217221,32731860,9,3,14.478805302669256,1,0.9125,0.8728,1.8e-05,-1,-0.021706252782446867,False,
2025-11-21 22:40:00,36724808,32351930,15,1,16.606462021774718,1,0.9793,0.8627,2.3e-05,-1,-0.02296279024915271,False,
2025-11-21 22:45:00,35847521,30966947,14,2,14.344191923689026,1,0.9559,0.8258,2.4e-05,-1,-0.012129185400322151,False,
2025-11-21 22:50:00,36222286,32245052,7,2,15.99706135143802,1,0.9659,0.8599,1.3e-05,-1,-0.03781076456363819,False,
2025-11-21 22:55:00,34000297,32965873,8,4,14.49589426977986,1,0.9067,0.8791,1.8e-05,-1,-0.02215744956383403,False,
2025-11-21 23:00:00,32610487,34578786,13,2,14.718997579573486,1,0.8696,0.9221,2.2e-05,-1,-0.036095302525890216,False,
2025-11-21 23:05:00,34317112,31089887,8,3,12.936722315649382,1,0.9151,0.8291,1.7e-05,-1,-0.02941306015293299,False,
2025-11-21 23:10:00,35559779,32816603,6,1,15.906106687272953,1,0.9483,0.8751,1e-05,-1,-0.03417443467759984,False,
2025-11-21 23:15:00,36624441,32376883,16,2,16.53104798901853,1,0.9767,0.8634,2.6e-05,-1,-0.02870841859808637,False,
2025-11-21 23:20:00,35504367,32002912,13,0,15.03700258682079,1,0.9468,0.8534,1.9e-05,-1,-0.017763108228293745,False,
2025-11-21 23:25:00,35985461,33150039,21,2,16.665223446958272,1,0.9596,0.884,3.3e-05,-1,-0.03649694931522918,False,
2025-11-21 23:30:00,34059858,35417738,11,0,17.00732014974375,1,0.9083,0.9445,1.6e-05,-1,-0.051417126374067035,False,
2025-11-21 23:35:00,34201483,33874989,14,2,15.606195410701073,1,0.912,0.9033,2.4e-05,-1,-0.030050043111645386,False,
2025-11-21 23:40:00,34835931,33506276,12,3,15.871930681891309,1,0.929,0.8935,2.2e-05,-1,-0.019468457119462657,False,
2025-11-21 23:45:00,34045271,32446350,7,1,14.02134558616346,1,0.9079,0.8652,1.2e-05,-1,-0.027666862916242096,False,
2025-11-21 23:50:00,35217718,31555884,13,4,14.303325916825004,1,0.9391,0.8415,2.5e-05,-1,-0.015248517454026,False,
2025-11-21 23:55:00,35150022,32300102,13,2,14.979848151341407,1,0.9373,0.8613,2.2e-05,-1,-0.008788627628377177,False,
2025-11-22 00:00:00,32991672,32037912,8,1,12.559308350695996,1,0.8798,0.8543,1.4e-05,-1,-0.047348259702212014,False,
2025-11-22 00:05:00,36959412,33462551,16,4,17.9516874601697,1,0.9856,0.8923,2.8e-05,-1,-0.045825176535032486,False,
2025-11-22 00:10:00,33286831,32885325,11,0,13.701879852646057,1,0.8876,0.8769,1.7e-05,-1,-0.025756250229677646,False,
2025-11-22 00:15:00,36190827,32332871,16,1,16.053421944672156,1,0.9651,0.8622,2.5e-05,-1,-0.02717139248485312,False,
2025-11-22 00:20:00,33716625,32583177,14,1,13.829525635143424,1,0.8991,0.8689,2.3e-05,-1,-0.011531882505118829,False,
2025-11-22 00:25:00,34854579,32858901,13,1,15.243204447827866,1,0.9295,0.8762,2.1e-05,-1,-0.011736842278064819,False,
2025-11-22 00:30:00,34534822,33324061,15,1,15.388607518501466,1,0.9209,0.8886,2.4e-05,-1,-0.023231938602038982,False,
2025-11-22 00:35:00,31789789,33547135,7,1,12.86664767622086,1,0.8477,0.8946,1.2e-05,-1,-0.04791260104373862,False,
2025-11-22 00:40:00,35161003,30720043,12,3,13.41076961035923,1,0.9376,0.8192,2.3e-05,-1,-0.010789979350033119,False,
2025-11-22 00:45:00,32868974,30049846,15,1,10.448543968475391,1,0.8765,0.8013,2.5e-05,-1,-0.070344965306113,False,
2025-11-22 00:50:00,30667390,33743773,8,3,11.94088699976519,1,0.8178,0.8998,1.7e-05,-1,-0.06096817092341089,False,
2025-11-22 00:55:00,36555587,33473656,13,0,17.558966671871556,1,0.9748,0.8926,1.9e-05,-1,-0.04223915403521428,False,
2025-11-22 01:00:00,33583883,34085361,11,4,15.198967341349135,1,0.8956,0.9089,2.2e-05,-1,-0.02443925139709202,False,
2025-11-22 01:05:00,31742098,32776706,17,2,12.048528539224527,1,0.8465,0.874,2.9e-05,-1,-0.05467215171062312,False,
2025-11-22 01:10:00,38830392,31403507,15,3,17.76362266631807,1,1.0355,0.8374,2.6e-05,-1,-0.03976618145706767,False,
2025-11-22 01:15:00,36191688,34264287,13,2,17.98569920832099,1,0.9651,0.9137,2.1e-05,-1,-0.045228102775023094,False,
2025-11-22 01:20:00,34105167,32012155,9,3,13.647045974400871,1,0.9095,0.8537,1.8e-05,-1,-0.017562861371844485,False,
2025-11-22 01:25:00,33455950,33381161,8,2,14.36683532743884,1,0.8922,0.8902,1.5e-05,-1,-0.03293676463367634,False,
2025-11-22 01:30:00,35443960,32566254,11,0,15.53993841962859,1,0.9452,0.8684,1.6e-05,-1,-0.030459581964047744,False,
2025-11-22 01:35:00,5424390,4806589,1,2,10.230980150627396,0,0.1447,0.1282,2.9e-05,1,0.11537193854906391,False,
2025-11-22 01:40:00,7377589,6958359,1,2,14.335948942029416,0,0.1967,0.1856,2.1e-05,1,0.24439441501113307,False,
2025-11-22 01:45:00,8151654,6694141,2,2,14.84579639401984,0,0.2174,0.1785,2.7e-05,1,0.2706676436229345,False,
2025-11-22 01:50:00,9372608,5812235,2,2,15.184843821556152,0,0.2499,0.155,2.6e-05,1,0.27023050520248765,False,
2025-11-22 01:55:00,10784919,5301111,5,1,16.086030683256165,0,0.2876,0.1414,3.7e-05,1,0.2475607288812578,False,
2025-11-22 02:00:00,9480335,5031069,4,1,14.511404589639534,0,0.2528,0.1342,3.4e-05,1,0.26298879652872476,False,
2025-11-22 02:05:00,9523185,4888863,1,2,14.412048933485629,0,0.254,0.1304,2.1e-05,1,0.24434040865669143,False,
2025-11-22 02:10:00,7670255,6324397,1,2,13.994652914398689,0,0.2045,0.1687,2.1e-05,1,0.25099256699678535,False,
2025-11-22 02:15:00,8384281,5101346,4,2,13.48562862349493,0,0.2236,0.136,4.4e-05,1,0.2528325532266298,False,
2025-11-22 02:20:00,11288101,5794865,4,2,17.082967722540012,0,0.301,0.1545,3.5e-05,1,0.22626714271899173,False,
2025-11-22 02:25:00,9583447,6039868,5,0,15.623316515768282,0,0.2556,0.1611,3.2e-05,1,0.27108078787816736,False,
2025-11-22 02:30:00,8356174,5417607,2,2,13.773782000479924,0,0.2228,0.1445,2.9e-05,1,0.2601835669811557,False,
2025-11-22 02:35:00,9679428,6277942,7,1,15.957371238414424,0,0.2581,0.1674,5e-05,1,0.23788605632872922,False,
2025-11-22 02:40:00,8103156,5955196,1,1,14.058352742797458,0,0.2161,0.1588,1.4e-05,1,0.23772923060710588,False,
2025-11-22 02:45:00,9340445,5233883,2,3,14.5743294204532,0,0.2491,0.1396,3.4e-05,1,0.2635318233170215,False,
2025-11-22 02:50:00,8033792,7118352,3,2,15.152144628150031,0,0.2142,0.1898,3.3e-05,1,0.2642073640769853,False,
2025-11-22 02:55:00,12054911,5830735,2,2,17.885647407975235,0,0.3215,0.1555,2.2e-05,1,0.19762898188430755,False,
2025-11-22 03:00:00,7102124,5219963,3,3,12.3220879359816,0,0.1894,0.1392,4.9e-05,1,0.22515199337662084,False,
2025-11-22 03:05:00,8865457,5584198,5,0,14.449656432883314,0,0.2364,0.1489,3.5e-05,1,0.2701019438073265,False,
2025-11-22 03:10:00,9338658,5531338,3,5,14.869996744976074,0,0.249,0.1475,5.4e-05,1,0.2382535876245564,False,
2025-11-22 03:15:00,11207034,6501940,5,0,17.708975298386022,0,0.2989,0.1734,2.8e-05,1,0.23572663982621195,False,
2025-11-22 03:20:00,7040155,6455839,1,5,13.495994973529758,0,0.1877,0.1722,4.4e-05,1,0.2314238820446013,False,
2025-11-22 03:25:00,8118594,6470399,2,1,14.588994008839046,0,0.2165,0.1725,2.1e-05,1,0.25914509048442624,False,
2025-11-22 03:30:00,9065071,6779632,2,1,15.844703565358612,0,0.2417,0.1808,1.9e-05,1,0.26540930591836454,False,
2025-11-22 03:35:00,10639938,4119169,2,2,14.75910773574494,0,0.2837,0.1098,2.7e-05,1,0.22301433283117839,False,
2025-11-22 03:40:00,13109091,6608572,5,1,19.717663978967146,0,0.3496,0.1762,3e-05,1,0.11061581415172672,False,
2025-11-22 03:45:00,8051837,7192016,2,3,15.243853970131276,0,0.2147,0.1918,3.3e-05,1,0.2618238229564993,False,
2025-11-22 03:50:00,8664857,4489511,2,0,13.154369483712632,0,0.2311,0.1197,1.5e-05,1,0.19607019582072355,False,
2025-11-22 03:55:00,12432408,6351983,2,3,18.78439267391517,0,0.3315,0.1694,2.7e-05,1,0.15387679868301063,False,
2025-11-22 04:00:00,9208050,5739864,4,1,14.947914404772987,0,0.2455,0.1531,3.3e-05,1,0.2744576549127877,False,
2025-11-22 04:05:00,7445332,7137803,5,1,14.583135728097613,0,0.1985,0.1903,4.1e-05,1,0.24547155528135228,False,
2025-11-22 04:10:00,9922086,6111370,4,1,16.03345672845247,0,0.2646,0.163,3.1e-05,1,0.2664544306975907,False,
2025-11-22 04:15:00,9192430,6196096,6,3,15.38852628139752,0,0.2451,0.1652,5.8e-05,1,0.23114634691501879,False,
2025-11-22 04:20:00,7701665,5823307,1,3,13.524973312974716,0,0.2054,0.1553,3e-05,1,0.25950631168914856,False,
2025-11-22 04:25:00,10194180,6237644,3,0,16.431825531354846,0,0.2718,0.1663,1.8e-05,1,0.2483053660207737,False,
2025-11-22 04:30:00,10007378,6978790,2,0,16.986168645450565,0,0.2669,0.1861,1.2e-05,1,0.22222871011894707,False,
2025-11-22 04:35:00,8340935,5194109,4,1,13.535045666918514,0,0.2224,0.1385,3.7e-05,1,0.25466397764496274,False,
2025-11-22 04:40:00,10944965,5702850,4,3,16.64781670275709,0,0.2919,0.1521,4.2e-05,1,0.23326212965063392,False,
2025-11-22 04:45:00,6695446,4378574,4,3,11.074020546700918,0,0.1785,0.1168,6.3e-05,1,0.13589597311106638,False,
2025-11-22 04:50:00,8793715,4906785,1,2,13.700500646158954,0,0.2345,0.1308,2.2e-05,1,0.2490600397462313,False,
2025-11-22 04:55:00,9108929,5253703,5,3,14.36263265623172,0,0.2429,0.1401,5.6e-05,1,0.23235866502416752,False,
2025-11-22 05:00:00,11362455,5867453,1,2,17.229908932040573,0,0.303,0.1565,1.7e-05,1,0.2134292390275872,False,
2025-11-22 05:05:00,7850846,7290966,2,2,15.1418124178285,0,0.2094,0.1944,2.6e-05,1,0.25856291624966815,False,
2025-11-22 05:10:00,9876258,4691370,1,1,14.567628967078956,0,0.2634,0.1251,1.4e-05,1,0.20307168360919536,False,
2025-11-22 05:15:00,9944544,4398379,4,3,14.342924811357872,0,0.2652,0.1173,4.9e-05,1,0.21811672047602787,False,
2025-11-22 05:20:00,10423730,5337478,5,2,15.7612089253392,0,0.278,0.1423,4.4e-05,1,0.23843871795594873,False,
2025-11-22 05:25:00,10075694,4804934,3,0,14.88062880312962,0,0.2687,0.1281,2e-05,1,0.24299751868199193,False,
2025-11-22 05:30:00,9843561,5722614,1,6,15.566176407991676,0,0.2625,0.1526,4.5e-05,1,0.2532249086820486,False,
2025-11-22 05:35:00,8424454,4423407,3,3,12.847861930248602,0,0.2247,0.118,4.7e-05,1,0.23152578643593086,False,
2025-11-22 05:40:00,10107829,4565039,4,0,14.672868962607168,0,0.2695,0.1217,2.7e-05,1,0.2501475774183429,False,
2025-11-22 05:45:00,10294302,6636477,0,1,16.930780312655212,0,0.2745,0.177,6e-06,1,0.20475534456406896,False,
2025-11-22 05:50:00,11135493,5786428,7,3,16.92192226072519,0,0.2969,0.1543,5.9e-05,1,0.176160704818414,False,
2025-11-22 05:55:00,7325291,5977173,2,3,13.302465213549736,0,0.1953,0.1594,3.8e-05,1,0.25009306200318693,False,
2025-11-22 06:00:00,7997564,6360326,4,1,14.357891878688722,0,0.2133,0.1696,3.5e-05,1,0.2631679262561608,False,
2025-11-22 06:05:00,9501376,5018558,3,1,14.519935453451138,0,0.2534,0.1338,2.8e-05,1,0.26239010177806926,False,
2025-11-22 06:10:00,9650832,7489942,3,6,17.14077466489793,0,0.2574,0.1997,5.3e-05,1,0.2075346931895259,False,
2025-11-22 06:15:00,9756799,8099723,5,3,17.856522470671102,0,0.2602,0.216,4.5e-05,1,0.18671872191109884,False,
2025-11-22 06:20:00,7729570,7419278,4,0,15.148849075174816,0,0.2061,0.1978,2.6e-05,1,0.2571372907050402,False,
2025-11-22 06:25:00,7709516,4948185,5,0,12.65770252063695,0,0.2056,0.132,4e-05,1,0.24075480207241573,False,
2025-11-22 06:30:00,8997135,4791675,3,3,13.788811477547489,0,0.2399,0.1278,4.4e-05,1,0.24366158254164294,False,
2025-11-22 06:35:00,12010732,8800446,7,0,20.811178549218734,0,0.3203,0.2347,3.4e-05,1,0.08166183027451512,False,
2025-11-22 06:40:00,7942902,4187037,4,0,12.129939559787964,0,0.2118,0.1117,3.3e-05,1,0.2133216037270308,False,
2025-11-22 06:45:00,6628128,6527468,1,1,13.155597049936157,0,0.1768,0.1741,1.5e-05,1,0.20039993789840055,False,
2025-11-22 06:50:00,8956583,6389628,3,1,15.34621200376737,0,0.2388,0.1704,2.6e-05,1,0.27069122223546876,False,
2025-11-22 06:55:00,9252870,3674546,3,1,12.927416781626198,0,0.2467,0.098,3.1e-05,1,0.21070288991466568,False,
2025-11-22 07:00:00,9972578,5495384,2,2,15.46796292206494,0,0.2659,0.1465,2.6e-05,1,0.2614956607919876,False,
2025-11-22 07:05:00,5216723,7161702,3,5,12.378425838955488,0,0.1391,0.191,6.5e-05,1,0.13136266794872054,False,
2025-11-22 07:10:00,5553199,7134349,2,3,12.687549009288883,0,0.1481,0.1902,3.9e-05,1,0.1853578157973938,False,
2025-11-22 07:15:00,10718444,2744512,5,2,13.462956115574224,0,0.2858,0.0732,5.2e-05,1,0.15277613308228039,False,
2025-11-22 07:20:00,7238122,7275981,3,2,14.514103164364204,0,0.193,0.194,3.4e-05,1,0.24799059100421728,False,
2025-11-22 07:25:00,10668454,5388161,3,4,16.056616039451814,0,0.2845,0.1437,4.4e-05,1,0.23866558003059452,False,
2025-11-22 07:30:00,8638002,6724514,3,3,15.362517622721228,0,0.2303,0.1793,3.9e-05,1,0.26011802411216833,False,
2025-11-22 07:35:00,9078711,6672840,0,3,15.751551852678311,0,0.2421,0.1779,1.9e-05,1,0.26675172730890745,False,
2025-11-22 07:40:00,7526888,6208620,0,3,13.735509419830327,0,0.2007,0.1656,2.2e-05,1,0.24500430663710865,False,
2025-11-22 07:45:00,9083622,5163125,5,3,14.24674805827338,0,0.2422,0.1377,5.6e-05,1,0.23142950171081972,False,
2025-11-22 07:50:00,5640052,6225024,3,2,11.86507745895218,0,0.1504,0.166,4.2e-05,1,0.18303677784969746,False,
2025-11-22 07:55:00,8538501,3498154,3,1,12.036655448114166,0,0.2277,0.0933,3.3e-05,1,0.1872731213824011,False,
2025-11-22 08:00:00,9330303,6249397,1,0,15.5797010946536,0,0.2488,0.1667,6e-06,1,0.21491911557350651,False,
2025-11-22 08:05:00,9757171,8050085,3,1,17.8072564267335,0,0.2602,0.2147,2.2e-05,1,0.20456010816903225,False,
2025-11-22 08:10:00,8166866,4938151,4,1,13.105018222515508,0,0.2178,0.1317,3.8e-05,1,0.24784305656827949,False,
2025-11-22 08:15:00,10007993,6700245,2,2,16.70823942578378,0,0.2669,0.1787,2.4e-05,1,0.26137521016372156,False,
2025-11-22 08:20:00,11819622,6316446,0,3,18.136068979712658,0,0.3152,0.1684,1.7e-05,1,0.17932739590177055,False,
2025-11-22 08:25:00,9539272,3509674,1,1,13.048947000337272,0,0.2544,0.0936,1.5e-05,1,0.15612809724777904,False,
2025-11-22 08:30:00,7791545,6972743,0,0,14.764288999449434,0,0.2078,0.1859,0.0,1,0.17144931328068025,False,
2025-11-22 08:35:00,9219112,7145575,1,2,16.364687955146113,0,0.2458,0.1905,1.8e-05,1,0.25182461933310885,False,
2025-11-22 08:40:00,7941272,6666177,3,2,14.60745063065759,0,0.2118,0.1778,3.4e-05,1,0.26376852116891886,False,
2025-11-22 08:45:00,11476805,5532473,2,2,17.009278884645237,0,0.306,0.1475,2.4e-05,1,0.22259344431564831,False,
2025-11-22 08:50:00,8963338,5620766,3,0,14.584104979792537,0,0.239,0.1499,2.1e-05,1,0.26045793803535966,False,
2025-11-22 08:55:00,8063896,5911340,7,1,13.97523673033623,0,0.215,0.1576,5.7e-05,1,0.24033877904496653,False,
2025-11-22 09:00:00,7619033,6724928,5,1,14.34396239864979,0,0.2032,0.1793,4.2e-05,1,0.2488180037992918,False,
2025-11-22 09:05:00,6401483,5883004,2,1,12.284487979163076,0,0.1707,0.1569,2.4e-05,1,0.21598005106158458,False,
2025-11-22 09:10:00,9945245,5213386,5,4,15.158631833291151,0,0.2652,0.139,5.9e-05,1,0.21414777621910114,False,
2025-11-22 09:15:00,6967966,5288620,4,1,12.256587348741435,0,0.1858,0.141,4.1e-05,1,0.2338562474985078,False,
2025-11-22 09:20:00,9680679,5452401,4,1,15.133081285879255,0,0.2582,0.1454,3.3e-05,1,0.26617987849287333,False,
2025-11-22 09:25:00,10587866,5210506,0,1,15.798373438137778,0,0.2823,0.1389,6e-06,1,0.1844535606435922,False,
2025-11-22 09:30:00,9307826,7079905,2,3,16.387732033448994,0,0.2482,0.1888,3.1e-05,1,0.2662376369765591,False,
2025-11-22 09:35:00,8341834,5710879,3,2,14.05271373523576,0,0.2224,0.1523,3.6e-05,1,0.2662763428982686,False,
2025-11-22 09:40:00,11272415,5165758,2,4,16.438173445824024,0,0.3006,0.1378,3.7e-05,1,0.23085444840213515,False,
2025-11-22 09:45:00,9096829,7826173,4,0,16.923003073639574,0,0.2426,0.2087,2.4e-05,1,0.23683354521523847,False,
2025-11-22 09:50:00,9721585,5991103,6,4,15.712689283628633,0,0.2592,0.1598,6.4e-05,1,0.20416291898910244,False,
2025-11-22 09:55:00,8655138,7235011,2,5,15.890149414229183,0,0.2308,0.1929,4.4e-05,1,0.23853836278309132,False,
2025-11-22 10:00:00,11896043,4636552,5,1,16.532596609270506,0,0.3172,0.1236,3.6e-05,1,0.20201919933158796,False,
2025-11-22 10:05:00,9091450,5694351,1,1,14.78580115176999,0,0.2424,0.1518,1.4e-05,1,0.2371047165681644,False,
2025-11-22 10:10:00,9895704,7520603,2,4,17.416308226116534,0,0.2639,0.2005,3.4e-05,1,0.239131440727599,False,
2025-11-22 10:15:00,10610192,4571962,1,0,15.18215547278122,0,0.2829,0.1219,7e-06,1,0.17782243239216733,False,
2025-11-22 10:20:00,7047777,6030757,0,0,13.07853449903795,0,0.1879,0.1608,0.0,1,0.12408475713216816,False,
2025-11-22 10:25:00,9039355,7836479,5,2,16.875834986303218,0,0.241,0.209,4.1e-05,1,0.22570704862438384,False,
2025-11-22 10:30:00,11952868,3113069,6,1,15.065937949970138,0,0.3187,0.083,4.6e-05,1,0.1461352805010821,False,
2025-11-22 10:35:00,6173051,6928623,2,5,13.10167467443383,0,0.1646,0.1848,5.3e-05,1,0.19734202689146524,False,
2025-11-22 10:40:00,8327738,5247691,2,2,13.575429617280935,0,0.2221,0.1399,2.9e-05,1,0.2580354312958379,False,
2025-11-22 10:45:00,10326498,5680575,7,4,16.00707409772546,0,0.2754,0.1515,6.9e-05,1,0.16500826376978162,False,
2025-11-22 10:50:00,9660868,8971805,1,1,18.63267336447109,0,0.2576,0.2392,1.1e-05,1,0.11009969682357956,False,
2025-11-22 10:55:00,10180288,5854860,5,1,16.03514956482719,0,0.2715,0.1561,3.7e-05,1,0.250562337076588,False,
2025-11-22 11:00:00,8105394,5047338,6,4,13.152732507357776,0,0.2161,0.1346,7.6e-05,1,0.14826268111739332,False,
2025-11-22 11:05:00,9071244,8590895,4,1,17.66214036187341,0,0.2419,0.2291,2.8e-05,1,0.19076645425692207,False,
2025-11-22 11:10:00,9289345,5630041,3,2,14.91938713407546,0,0.2477,0.1501,3.4e-05,1,0.27143607586125995,False,
2025-11-22 11:15:00,9762007,4593067,2,4,14.355074878013417,0,0.2603,0.1225,4.2e-05,1,0.23740860626837978,False,
2025-11-22 11:20:00,7039513,4701102,2,2,11.740615602018847,0,0.1877,0.1254,3.4e-05,1,0.20659123502857912,False,
2025-11-22 11:25:00,8487331,6475882,1,2,14.963214093105387,0,0.2263,0.1727,2e-05,1,0.26129432590627166,False,
2025-11-22 11:30:00,9014592,7036464,3,3,16.05105735669019,0,0.2404,0.1876,3.7e-05,1,0.26735855638178596,False,
2025-11-22 11:35:00,6394392,4759786,2,2,11.154178641679984,0,0.1705,0.1269,3.6e-05,1,0.1857710788994365,False,
2025-11-22 11:40:00,10434723,6175229,0,4,16.609953732017743,0,0.2783,0.1647,2.4e-05,1,0.25539679370972235,False,
2025-11-22 11:45:00,6271637,6856702,1,3,13.128340093516186,0,0.1672,0.1828,3e-05,1,0.20894436486315254,False,
2025-11-22 11:50:00,9289836,4038301,2,1,13.328138104862695,0,0.2477,0.1077,2.3e-05,1,0.22014107437632802,False,
2025-11-22 11:55:00,11041363,5056536,2,1,16.09790057822103,0,0.2944,0.1348,1.9e-05,1,0.22155607525246618,False,
2025-11-22 12:00:00,10451129,5165674,3,4,15.616804730765502,0,0.2787,0.1378,4.5e-05,1,0.23819481968953982,False,
2025-11-22 12:05:00,8953608,6322834,2,1,15.27644215675446,0,0.2388,0.1686,2e-05,1,0.2647672077755918,False,
2025-11-22 12:10:00,7576623,7958116,4,1,15.534739978431976,0,0.202,0.2122,3.2e-05,1,0.23365776173673586,False,
2025-11-22 12:15:00,9543838,6292937,2,0,15.836775572527648,0,0.2545,0.1678,1.3e-05,1,0.23464633008631675,False,
2025-11-22 12:20:00,8323695,5144063,1,1,13.467759072921035,0,0.222,0.1372,1.5e-05,1,0.22634766563922648,False,
2025-11-22 12:25:00,8121315,4935877,1,3,13.057192892164252,0,0.2166,0.1316,3.1e-05,1,0.2501459297405853,False,
2025-11-22 12:30:00,8534749,6093321,5,1,14.628071473079553,0,0.2276,0.1625,4.1e-05,1,0.2640251436680506,False,
2025-11-22 12:35:00,8465586,5233046,2,1,13.698632511408157,0,0.2257,0.1395,2.2e-05,1,0.25183875844996034,False,
2025-11-22 12:40:00,8200251,6576010,4,1,14.776262599453691,0,0.2187,0.1754,3.4e-05,1,0.2684427886451837,False,
2025-11-22 12:45:00,7364857,6740215,7,3,14.105072787381182,0,0.1964,0.1797,7.1e-05,1,0.16805237902929926,False,
2025-11-22 12:50:00,9341887,7910554,3,6,17.252441756826336,0,0.2491,0.2109,5.2e-05,1,0.19325566888810697,False,
2025-11-22 12:55:00,8890238,4907699,3,4,13.797937557421344,0,0.2371,0.1309,5.1e-05,1,0.243237397720314,False,
2025-11-22 13:00:00,10315994,5871235,4,5,16.187230393196682,0,0.2751,0.1566,5.6e-05,1,0.20892266855907665,False,
2025-11-22 13:05:00,11485378,4525874,2,2,16.01125248773999,0,0.3063,0.1207,2.5e-05,1,0.21299266733740152,False,
2025-11-22 13:10:00,10908198,8626230,4,4,19.534428890116452,0,0.2909,0.23,4.1e-05,1,0.11958996603529382,False,
2025-11-22 13:15:00,10975623,6964026,4,1,17.93965046869439,0,0.2927,0.1857,2.8e-05,1,0.23466193555603665,False,
2025-11-22 13:20:00,10074088,5950066,1,1,16.024155002490854,0,0.2686,0.1587,1.2e-05,1,0.22308356829096487,False,
2025-11-22 13:25:00,9579640,6612021,0,4,16.191662638762246,0,0.2555,0.1763,2.5e-05,1,0.26951513313494635,False,
2025-11-22 13:30:00,8464193,7141952,2,2,15.606145712326386,0,0.2257,0.1905,2.6e-05,1,0.2656739420067966,False,
2025-11-22 13:35:00,8983968,5984963,4,0,14.96893249450676,0,0.2396,0.1596,2.7e-05,1,0.2738185378283979,False,
2025-11-22 13:40:00,7005025,7713474,3,0,14.71849915750583,0,0.1868,0.2057,2e-05,1,0.21428515496690598,False,
2025-11-22 13:45:00,8015421,5116176,6,0,13.1315982736665,0,0.2137,0.1364,4.6e-05,1,0.24338092652773952,False,
2025-11-22 13:50:00,11361919,4022786,2,2,15.38470562587652,0,0.303,0.1073,2.6e-05,1,0.19635798551540457,False,
2025-11-22 13:55:00,10271799,7240143,7,3,17.51194245322817,0,0.2739,0.1931,5.7e-05,1,0.18506079218238225,False,
2025-11-22 14:00:00,9372783,6532776,4,4,15.905559598416414,0,0.2499,0.1742,5e-05,1,0.24542335352276812,False,
2025-11-22 14:05:00,9405591,5663662,2,4,15.069253754287724,0,0.2508,0.151,4e-05,1,0.2698502363129778,False,
2025-11-22 14:10:00,7835528,4638659,3,3,12.474187462187786,0,0.2089,0.1237,4.8e-05,1,0.22063561623765654,False,
2025-11-22 14:15:00,10407363,7179724,4,0,17.5870879860552,0,0.2775,0.1915,2.3e-05,1,0.23296601896029762,False,
2025-11-22 14:20:00,10008691,3283500,4,3,13.292191683731437,0,0.2669,0.0876,5.3e-05,1,0.16810760928137775,False,
2025-11-22 14:25:00,9152994,6847404,6,0,16.00039829694091,0,0.2441,0.1826,3.7e-05,1,0.26751567322070974,False,
2025-11-22 14:30:00,7373604,8182030,4,1,15.555634906575245,0,0.1966,0.2182,3.2e-05,1,0.20738664476136282,False,
2025-11-22 14:35:00,8937561,6579791,4,3,15.517352446859004,0,0.2383,0.1755,4.5e-05,1,0.2555559682281856,False,
2025-11-22 14:40:00,11384142,6247485,4,1,17.631627254085622,0,0.3036,0.1666,2.8e-05,1,0.2223683671146281,False,
2025-11-22 14:45:00,9755537,6420315,0,1,16.175852603108584,0,0.2601,0.1712,6e-06,1,0.2112987614682172,False,
2025-11-22 14:50:00,9874864,6591834,3,1,16.46669897170252,0,0.2633,0.1758,2.4e-05,1,0.264345060936203,False,
2025-11-22 14:55:00,9730382,5018607,2,1,14.748989843649118,0,0.2595,0.1338,2e-05,1,0.2499383696279469,False,
2025-11-22 15:00:00,6886590,5276240,3,1,12.162830847928834,0,0.1836,0.1407,3.3e-05,1,0.2303002376093588,False,
2025-11-22 15:05:00,7949338,6774883,1,1,14.724222911024606,0,0.212,0.1807,1.4e-05,1,0.2353266099455027,False,
2025-11-22 15:10:00,9386712,4634512,1,4,14.02122496327585,0,0.2503,0.1236,3.6e-05,1,0.24536641580303714,False,
2025-11-22 15:15:00,10029396,6192582,5,5,16.2219794495487,0,0.2675,0.1651,6.2e-05,1,0.1994070177148004,False,
2025-11-22 15:20:00,8780239,5675596,6,0,14.455835951083964,0,0.2341,0.1513,4.2e-05,1,0.2618646248355709,False,
2025-11-22 15:25:00,10332347,3602899,3,1,13.935246971375385,0,0.2755,0.0961,2.9e-05,1,0.1886847164002161,False,
2025-11-22 15:30:00,10532410,5306891,2,4,15.839301724786376,0,0.2809,0.1415,3.8e-05,1,0.24897001893209536,False,
2025-11-22 15:35:00,8207428,5384473,4,0,13.591902488916926,0,0.2189,0.1436,2.9e-05,1,0.2569045692901453,False,
2025-11-22 15:40:00,9647898,7717207,3,3,17.3651057036968,0,0.2573,0.2058,3.5e-05,1,0.23435108228974194,False,
2025-11-22 15:45:00,5927335,5329946,3,3,11.257282030331051,0,0.1581,0.1421,5.3e-05,1,0.17019159922563404,False,
2025-11-22 15:50:00,9435679,6503408,2,0,15.939087928798044,0,0.2516,0.1734,1.3e-05,1,0.2378980406343149,False,
2025-11-22 15:55:00,8948992,5650250,0,4,14.59924211953293,0,0.2386,0.1507,2.7e-05,1,0.27080479951795977,False,
2025-11-22 16:00:00,8371605,4501145,1,4,12.872750423597148,0,0.2232,0.12,3.9e-05,1,0.23569312962945405,False,
2025-11-22 16:05:00,8031916,7554202,4,1,15.586118187193982,0,0.2142,0.2014,3.2e-05,1,0.2552373884952514,False,
2025-11-22 16:10:00,9148981,7618746,2,1,16.767728265214018,0,0.244,0.2032,1.8e-05,1,0.24011165908053056,False,
2025-11-22 16:15:00,8177415,5927955,2,3,14.105370904887316,0,0.2181,0.1581,3.5e-05,1,0.27046732872621954,False,
2025-11-22 16:20:00,8575082,8191570,5,4,16.766652291672344,0,0.2287,0.2184,5.4e-05,1,0.17305107683035043,False,
2025-11-22 16:25:00,7237179,4970320,4,2,12.207500132674587,0,0.193,0.1325,4.9e-05,1,0.21622660118117282,False,
2025-11-22 16:30:00,9716007,7311085,3,1,17.027093296327248,0,0.2591,0.195,2.3e-05,1,0.24735363368680519,False,
2025-11-22 16:35:00,6821089,6197169,1,1,13.018259058417888,0,0.1819,0.1653,1.5e-05,1,0.2068761307886462,False,
2025-11-22 16:40:00,7009805,6299987,4,1,13.309793267332088,0,0.1869,0.168,3.8e-05,1,0.24209649668154348,False,
2025-11-22 16:45:00,11732225,6750370,2,1,18.482596196392,0,0.3129,0.18,1.6e-05,1,0.17191724963974736,False,
2025-11-22 16:50:00,9837415,6172213,5,0,16.00962888131629,0,0.2623,0.1646,3.1e-05,1,0.2649967087597835,False,
2025-11-22 16:55:00,11156548,6685119,2,2,17.84166812432363,0,0.2975,0.1783,2.2e-05,1,0.2275719017993143,False,
2025-11-22 17:00:00,8396988,6264847,2,5,14.661836200587242,0,0.2239,0.1671,4.8e-05,1,0.2486798464852587,False,
2025-11-22 17:05:00,7654144,2341149,2,2,9.995294137276591,0,0.2041,0.0624,4e-05,1,0.08297516916889636,False,
2025-11-22 17:10:00,9756617,7368674,4,4,17.125292736239427,0,0.2602,0.1965,4.7e-05,1,0.22108934585403617,False,
2025-11-22 17:15:00,12069693,4305749,3,0,16.375442415277348,0,0.3219,0.1148,1.8e-05,1,0.17201810812004692,False,
2025-11-22 17:20:00,5974554,4843215,4,1,10.81776917705832,0,0.1593,0.1292,4.6e-05,1,0.15507415039131545,False,
2025-11-22 17:25:00,7096349,7419232,7,1,14.51558133821918,0,0.1892,0.1978,5.5e-05,1,0.20486315130725113,False,
2025-11-22 17:30:00,6061596,6750435,2,1,12.812032405290807,0,0.1616,0.18,2.3e-05,1,0.19545572282379914,False,
2025-11-22 17:35:00,7100141,2428605,4,1,9.528746986915836,0,0.1893,0.0648,5.2e-05,1,0.04810228683816242,False,
2025-11-22 17:40:00,8787292,4841406,2,2,13.628699005575768,0,0.2343,0.1291,2.9e-05,1,0.2505150298637617,False,
2025-11-22 17:45:00,10512443,7435876,2,3,17.948320381462114,0,0.2803,0.1983,2.8e-05,1,0.23309464829454346,False,
2025-11-22 17:50:00,10081835,5736558,2,0,15.818393621182668,0,0.2688,0.153,1.3e-05,1,0.2268348986395961,False,
2025-11-22 17:55:00,8892069,3834795,1,1,12.726865110023647,0,0.2371,0.1023,1.6e-05,1,0.18574678030460773,False,
2025-11-22 18:00:00,8428850,7585160,2,3,16.014011115289254,0,0.2248,0.2023,3.1e-05,1,0.25201727741953617,False,
2025-11-22 18:05:00,9097976,6480881,3,3,15.578858567288188,0,0.2426,0.1728,3.9e-05,1,0.2648159675030608,False,
2025-11-22 18:10:00,5858445,7380399,2,1,13.238844708948273,0,0.1562,0.1968,2.3e-05,1,0.17938901598240298,False,
2025-11-22 18:15:00,9164545,7140192,7,3,16.304737738120583,0,0.2444,0.1904,6.1e-05,1,0.20278919921742766,False,
2025-11-22 18:20:00,7515612,5775313,5,3,13.290926441882034,0,0.2004,0.154,6e-05,1,0.21854694648695117,False,
2025-11-22 18:25:00,7867490,6649103,1,2,14.516593633154208,0,0.2098,0.1773,2.1e-05,1,0.2536132162816001,False,
2025-11-22 18:30:00,9787057,7450139,3,3,17.237197066062325,0,0.261,0.1987,3.5e-05,1,0.24665844798521053,False,
2025-11-22 18:35:00,10182173,5278536,4,4,15.46071014558144,0,0.2715,0.1408,5.2e-05,1,0.23274306687999874,False,
2025-11-22 18:40:00,9843897,5026635,4,1,14.87053292494201,0,0.2625,0.134,3.4e-05,1,0.25873968910311806,False,
2025-11-22 18:45:00,8521692,7799335,4,3,16.32102804658268,0,0.2272,0.208,4.3e-05,1,0.22454653082797132,False,
2025-11-22 18:50:00,8514716,6197529,4,5,14.71224603668474,0,0.2271,0.1653,6.1e-05,1,0.22100339867926394,False,
2025-11-22 18:55:00,9658033,7309603,2,1,16.967636434912205,0,0.2575,0.1949,1.8e-05,1,0.23967970775169473,False,
2025-11-22 19:00:00,8645715,4430698,1,1,13.076413520690974,0,0.2306,0.1182,1.5e-05,1,0.1953871540454068,False,
2025-11-22 19:05:00,7124374,6486453,4,2,13.610828602085189,0,0.19,0.173,4.4e-05,1,0.2321254852690844,False,
2025-11-22 19:10:00,10756325,6908502,6,2,17.664827306842476,0,0.2868,0.1842,4.5e-05,1,0.21696306308331592,False,
2025-11-22 19:15:00,8300010,5635661,3,3,13.93567253731755,0,0.2213,0.1503,4.3e-05,1,0.2599746541261914,False,
2025-11-22 19:20:00,6570138,4991541,2,3,11.561679490307872,0,0.1752,0.1331,4.3e-05,1,0.19763643306906925,False,
2025-11-22 19:25:00,6582492,5542640,3,1,12.125133655232752,0,0.1755,0.1478,3.3e-05,1,0.22498996662180093,False,
2025-11-22 19:30:00,8614193,4088257,3,2,12.702451428883116,0,0.2297,0.109,3.9e-05,1,0.2323136523902689,False,
2025-11-22 19:35:00,10765290,6333481,4,2,17.098772026353217,0,0.2871,0.1689,3.5e-05,1,0.2427537406189238,False,
2025-11-22 19:40:00,10923350,6251176,1,3,17.174527683844804,0,0.2913,0.1667,2.3e-05,1,0.23866325131448107,False,
2025-11-22 19:45:00,9925725,5551606,4,2,15.477332176530226,0,0.2647,0.148,3.9e-05,1,0.2608644907166805,False,
2025-11-22 19:50:00,7169054,6426521,2,0,13.59557531166034,0,0.1912,0.1714,1.5e-05,1,0.21098101446067935,False,
2025-11-22 19:55:00,9156088,5692372,4,1,14.848460764695886,0,0.2442,0.1518,3.4e-05,1,0.2723255576651389,False,
2025-11-22 20:00:00,10933030,6935147,3,3,17.86817803959617,0,0.2915,0.1849,3.4e-05,1,0.23506425400054293,False,
2025-11-22 20:05:00,7245503,6991361,1,2,14.236864737167949,0,0.1932,0.1864,2.1e-05,1,0.2384838686436364,False,
2025-11-22 20:10:00,8531399,5889690,6,4,14.42108926808662,0,0.2275,0.1571,6.9e-05,1,0.18625861773231134,False,
2025-11-22 20:15:00,8223388,6453559,5,0,14.676948497566528,0,0.2193,0.1721,3.4e-05,1,0.2670795389784282,False,
2025-11-22 20:20:00,12300474,8700206,5,2,21.0006814775063,0,0.328,0.232,3.3e-05,1,0.07041702397201144,False,
2025-11-22 20:25:00,10859020,5965983,6,2,16.82500414401771,0,0.2896,0.1591,4.8e-05,1,0.21641483976330772,False,
2025-11-22 20:30:00,10028890,4578041,2,1,14.606932505513168,0,0.2674,0.1221,2.1e-05,1,0.2412557744840753,False,
2025-11-22 20:35:00,11891207,9533701,4,3,21.424909582798747,0,0.3171,0.2542,3.3e-05,1,0.06357892138543797,False,
2025-11-22 20:40:00,9519052,6563798,2,3,16.082850952044627,0,0.2538,0.175,3.1e-05,1,0.26550445476644285,False,
2025-11-22 20:45:00,9361714,4743513,2,0,14.105227695907915,0,0.2496,0.1265,1.4e-05,1,0.20748073095849467,False,
2025-11-22 20:50:00,11623447,6577431,5,3,18.20087950330021,0,0.31,0.1754,4.4e-05,1,0.1800197762748038,False,
2025-11-22 20:55:00,8839364,4951984,3,4,13.791348957664509,0,0.2357,0.1321,5.1e-05,1,0.24588627700319782,False,
2025-11-22 21:00:00,6945558,4823767,2,1,11.769326110998158,0,0.1852,0.1286,2.5e-05,1,0.20433814270291617,False,
2025-11-22 21:05:00,10832436,4414119,4,2,15.24655576906992,0,0.2889,0.1177,3.9e-05,1,0.22148689340929,False,
2025-11-22 21:10:00,8464669,4924585,5,1,13.38925471062532,0,0.2257,0.1313,4.5e-05,1,0.25091033641234384,False,
2025-11-22 21:15:00,11332285,7215058,5,1,18.54734416149916,0,0.3022,0.1924,3.2e-05,1,0.20651556632767748,False,
2025-11-22 21:20:00,5622286,5708542,3,2,11.33082845771017,0,0.1499,0.1522,4.4e-05,1,0.16505397496363222,False,
2025-11-22 21:25:00,10777774,4207149,3,1,14.98492325614954,0,0.2874,0.1122,2.7e-05,1,0.22645430105155606,False,
2025-11-22 21:30:00,9637614,5534498,2,3,15.172112542297253,0,0.257,0.1476,3.3e-05,1,0.26848115215889884,False,
2025-11-22 21:35:00,8347232,6821975,4,3,15.169208084286812,0,0.2226,0.1819,4.6e-05,1,0.2500886711490155,False,
2025-11-22 21:40:00,8590890,7158689,5,4,15.749579995315486,0,0.2291,0.1909,5.7e-05,1,0.22082902847791575,False,
2025-11-22 21:45:00,9924670,6712854,2,1,16.637525227693473,0,0.2647,0.179,1.8e-05,1,0.2557152998256331,False,
2025-11-22 21:50:00,8893467,7357437,3,2,16.25090507805768,0,0.2372,0.1962,3.1e-05,1,0.25876615747425236,False,
2025-11-22 21:55:00,9487420,5582565,7,2,15.069985928331416,0,0.253,0.1489,6e-05,1,0.22514975201875753,False,
2025-11-22 22:00:00,8887533,6283796,3,4,15.171330885101234,0,0.237,0.1676,4.6e-05,1,0.2579697540700504,False,
2025-11-22 22:05:00,9240842,6408754,2,1,15.64959777425233,0,0.2464,0.1709,1.9e-05,1,0.2623989185532758,False,
2025-11-22 22:10:00,10099515,7531636,1,0,17.63115273923727,0,0.2693,0.2008,6e-06,1,0.17633297102323608,False,
2025-11-22 22:15:00,6549895,5402679,1,5,11.952575223698252,0,0.1747,0.1441,5e-05,1,0.20548153804621289,False,
2025-11-22 22:20:00,8726779,5097626,3,3,13.82440632731254,0,0.2327,0.1359,4.3e-05,1,0.253419208317426,False,
2025-11-22 22:25:00,9513707,5859218,1,1,15.372926581725356,0,0.2537,0.1562,1.3e-05,1,0.23471733029173492,False,
2025-11-22 22:30:00,8102625,6462196,1,2,14.564821627336473,0,0.2161,0.1723,2.1e-05,1,0.25914509048442624,False,
2025-11-22 22:35:00,11712281,5810176,6,2,17.522458073605492,0,0.3123,0.1549,4.6e-05,1,0.18631400114901964,False,
2025-11-22 22:40:00,7747143,5626724,4,3,13.373867980369408,0,0.2066,0.15,5.2e-05,1,0.24698978823216583,False,
2025-11-22 22:45:00,8530862,5389781,2,2,13.920644128246227,0,0.2275,0.1437,2.9e-05,1,0.26208630456430826,False,
2025-11-22 22:50:00,7954153,7632082,1,4,15.586236340852674,0,0.2121,0.2035,3.2e-05,1,0.25145408832242205,False,
2025-11-22 22:55:00,10279824,4524399,2,1,14.804223187336223,0,0.2741,0.1207,2e-05,1,0.23360433032993766,False,
2025-11-22 23:00:00,9538222,6807575,1,1,16.345797557824202,0,0.2544,0.1815,1.2e-05,1,0.23628276646822105,False,
2025-11-22 23:05:00,11907823,5678593,2,0,17.586417220279397,0,0.3175,0.1514,1.1e-05,1,0.16251498667479042,False,
2025-11-22 23:10:00,7857906,8443429,3,7,16.301335994206447,0,0.2095,0.2252,6.1e-05,1,0.13691648754002783,False,
2025-11-22 23:15:00,7435842,5558228,2,1,12.99407072815804,0,0.1983,0.1482,2.3e-05,1,0.23962825088996387,False,
2025-11-22 23:20:00,8910332,6286568,4,1,15.19690106951721,0,0.2376,0.1676,3.3e-05,1,0.2729631175197245,False,
2025-11-22 23:25:00,9384047,6134057,3,3,15.518104772244806,0,0.2502,0.1636,3.9e-05,1,0.26524199143270216,False,
2025-11-22 23:30:00,10524597,8721923,3,5,19.24652104441015,0,0.2807,0.2326,4.2e-05,1,0.12892998984334514,False,
2025-11-22 23:35:00,10178973,7153209,2,1,17.33218360588551,0,0.2714,0.1908,1.7e-05,1,0.22912662243009257,False,
2025-11-22 23:40:00,8147293,6162721,3,0,14.310015186051675,0,0.2173,0.1643,2.1e-05,1,0.26223228130409104,False,
2025-11-22 23:45:00,8732934,5804403,4,3,14.537338126790605,0,0.2329,0.1548,4.8e-05,1,0.2518115509633594,False,
2025-11-22 23:50:00,8303658,5000287,2,5,13.303945883130282,0,0.2214,0.1333,5.3e-05,1,0.24366720735957476,False,
2025-11-22 23:55:00,11278603,6625862,2,1,17.90446616235749,0,0.3008,0.1767,1.7e-05,1,0.20401267063163292,False,
2025-11-23 00:00:00,7152921,7523219,4,2,14.676140930887149,0,0.1907,0.2006,4.1e-05,1,0.2296082870858162,False,
2025-11-23 00:05:00,10997030,9045870,3,3,20.042900460486692,0,0.2933,0.2412,3e-05,1,0.11016060266300887,False,
2025-11-23 00:10:00,8085844,6869961,2,1,14.955806225033228,0,0.2156,0.1832,2e-05,1,0.2616170357657624,False,
2025-11-23 00:15:00,9674658,6406322,5,1,16.080981119921365,0,0.258,0.1708,3.7e-05,1,0.26171730990659575,False,
2025-11-23 00:20:00,9063488,5713582,3,1,14.777071429660817,0,0.2417,0.1524,2.7e-05,1,0.2720837048117277,False,
2025-11-23 00:25:00,8909772,5182200,5,1,14.091972387305296,0,0.2376,0.1382,4.3e-05,1,0.2554675818022908,False,
2025-11-23 00:30:00,5821478,5757716,2,3,11.5791949576086,0,0.1552,0.1535,4.3e-05,1,0.1828195932655463,False,
2025-11-23 00:35:00,7571592,8065843,2,2,15.63743650018402,0,0.2019,0.2151,2.6e-05,1,0.22024629892254277,False,
2025-11-23 00:40:00,10106570,6229228,1,2,16.335799466171324,0,0.2695,0.1661,1.8e-05,1,0.24948059277529583,False,
2025-11-23 00:45:00,5906564,5799069,3,2,11.705633757610215,0,0.1575,0.1546,4.3e-05,1,0.19140104676862213,False,
2025-11-23 00:50:00,11574937,6139071,3,3,17.714008820166857,0,0.3087,0.1637,3.4e-05,1,0.2163679899014989,False,
2025-11-23 00:55:00,10592729,5778864,4,2,16.371593512248477,0,0.2825,0.1541,3.7e-05,1,0.25557998267864795,False,
2025-11-23 01:00:00,7910532,6970668,2,4,14.881201297796723,0,0.2109,0.1859,4e-05,1,0.25719123779039166,False,
2025-11-23 01:05:00,10934008,6979171,1,3,17.913180206955023,0,0.2916,0.1861,2.2e-05,1,0.22851167923130628,False,
2025-11-23 01:10:00,8640883,6024034,4,1,14.664918818660924,0,0.2304,0.1606,3.4e-05,1,0.26625978603707856,False,
2025-11-23 01:15:00,8036171,5179400,2,1,13.2155728640609,0,0.2143,0.1381,2.3e-05,1,0.2432001798361813,False,
2025-11-23 01:20:00,11761545,6693655,1,3,18.455201283379097,0,0.3136,0.1785,2.2e-05,1,0.19188816837898387,False,
2025-11-23 01:25:00,10925897,5739637,3,3,16.665535053430734,0,0.2914,0.1531,3.6e-05,1,0.24903647359592218,False,
2025-11-23 01:30:00,8045125,7753126,3,3,15.798252292644396,0,0.2145,0.2068,3.8e-05,1,0.2386060139294618,False,
2025-11-23 01:35:00,8995670,4166287,3,1,13.161958106407951,0,0.2399,0.1111,3e-05,1,0.22772649569892217,False,
2025-11-23 01:40:00,10591445,6623577,3,3,17.215022865571928,0,0.2824,0.1766,3.5e-05,1,0.24901146621684023,False,
2025-11-23 01:45:00,9123978,5395628,3,1,14.51960722378272,0,0.2433,0.1439,2.8e-05,1,0.26982985282969324,False,
2025-11-23 01:50:00,8912162,6026536,3,2,14.938698716176347,0,0.2377,0.1607,3.3e-05,1,0.2769991481746169,False,
2025-11-23 01:55:00,7485799,6120431,1,3,13.606231254512656,0,0.1996,0.1632,2.9e-05,1,0.25198182274751496,False,
2025-11-23 02:00:00,9065735,6430836,5,2,15.496571694109324,0,0.2418,0.1715,4.5e-05,1,0.25787610457760984,False,
2025-11-23 02:05:00,11216744,7969672,3,4,19.186416613336725,0,0.2991,0.2125,3.6e-05,1,0.16303216983463115,False,
2025-11-23 02:10:00,9024632,7524818,2,1,16.54945142702133,0,0.2407,0.2007,1.8e-05,1,0.2441053958893883,False,
2025-11-23 02:15:00,9065152,3608226,2,0,12.67337887240862,0,0.2417,0.0962,1.6e-05,1,0.1691073061755483,False,
2025-11-23 02:20:00,9374376,7663595,2,2,17.03797196269397,0,0.25,0.2044,2.3e-05,1,0.23765386134168637,False,
2025-11-23 02:25:00,8983733,3958776,3,4,12.942509515771317,0,0.2396,0.1056,5.4e-05,1,0.20441628029858483,False,
2025-11-23 02:30:00,10226895,8152284,0,3,18.37918087566456,0,0.2727,0.2174,1.6e-05,1,0.16858092369574423,False,
2025-11-23 02:35:00,9526950,5446958,2,1,14.973908830829776,0,0.2541,0.1453,2e-05,1,0.2582486465827892,False,
2025-11-23 02:40:00,8660282,5080648,4,0,13.740931130798796,0,0.2309,0.1355,2.9e-05,1,0.25514562625417997,False,
2025-11-23 02:45:00,6497661,4892282,1,4,11.389944563329344,0,0.1733,0.1305,4.4e-05,1,0.18625084095298022,False,
2025-11-23 02:50:00,11846891,5529756,5,1,17.3766479844854,0,0.3159,0.1475,3.5e-05,1,0.21002537657952391,False,
2025-11-23 02:55:00,8368028,5628635,2,4,13.996663842095918,0,0.2231,0.1501,4.3e-05,1,0.25905642866180656,False,
2025-11-23 03:00:00,9449216,5932490,4,2,15.38170702566195,0,0.252,0.1582,3.9e-05,1,0.25914156285802703,False,
2025-11-23 03:05:00,9167248,3071701,2,3,12.238950121600052,0,0.2445,0.0819,4.1e-05,1,0.16535179610919204,False,
2025-11-23 03:10:00,8979653,4778561,3,1,13.758214986363845,0,0.2395,0.1274,2.9e-05,1,0.2455963613744756,False,
2025-11-23 03:15:00,11282665,7976254,6,0,19.25891969833603,0,0.3009,0.2127,3.1e-05,1,0.15728086976725802,False,
2025-11-23 03:20:00,6331683,7445179,2,2,13.776863104583464,0,0.1688,0.1985,2.9e-05,1,0.20844901766698315,False,
2025-11-23 03:25:00,9514849,7209658,3,1,16.724507361312757,0,0.2537,0.1923,2.4e-05,1,0.2588013940104275,False,
2025-11-23 03:30:00,8376127,5516723,4,0,13.892850358943171,0,0.2234,0.1471,2.9e-05,1,0.2622734793696911,False,
2025-11-23 03:35:00,8599762,6279083,2,1,14.87884606797274,0,0.2293,0.1674,2e-05,1,0.257640121481835,False,
2025-11-23 03:40:00,7242699,5950412,2,1,13.193111561873575,0,0.1931,0.1587,2.3e-05,1,0.2342409557446951,False,
2025-11-23 03:45:00,9403633,5355903,1,3,14.759536912698652,0,0.2508,0.1428,2.7e-05,1,0.26639286274961005,False,
2025-11-23 03:50:00,9834675,5113658,4,1,14.94833470502688,0,0.2623,0.1364,3.3e-05,1,0.2646032070527343,False,
2025-11-23 03:55:00,7512791,6372932,4,3,13.88572407950612,0,0.2003,0.1699,5e-05,1,0.23859273701593792,False,
2025-11-23 04:00:00,10204645,6664319,2,1,16.86896573641576,0,0.2721,0.1777,1.8e-05,1,0.24640801344090135,False,
2025-11-23 04:05:00,9050310,4121210,4,1,13.171520457881767,0,0.2413,0.1099,3.8e-05,1,0.22882418578446218,False,
2025-11-23 04:10:00,9045193,6123959,8,2,15.169153261703046,0,0.2412,0.1633,6.6e-05,1,0.2081724482430104,False,
2025-11-23 04:15:00,8486785,4900195,4,1,13.386980933638108,0,0.2263,0.1307,3.7e-05,1,0.253857066172156,False,
2025-11-23 04:20:00,7248299,7014248,2,2,14.262547271313007,0,0.1933,0.187,2.8e-05,1,0.2497395604603318,False,
2025-11-23 04:25:00,13601725,5241831,5,2,18.843557018386267,0,0.3627,0.1398,3.7e-05,1,0.12661248760907107,False,
2025-11-23 04:30:00,11915817,5643538,2,1,17.559355158939443,0,0.3178,0.1505,1.7e-05,1,0.18684799543692515,False,
2025-11-23 04:35:00,7928207,5588701,4,3,13.516908573499522,0,0.2114,0.149,5.2e-05,1,0.2473830935895448,False,
2025-11-23 04:40:00,5668169,5549523,3,5,11.21769376644292,0,0.1512,0.148,7.1e-05,1,0.10203536999256946,False,
2025-11-23 04:45:00,11294720,5977960,0,3,17.272680954307507,0,0.3012,0.1594,1.7e-05,1,0.21292448534159775,False,
2025-11-23 04:50:00,9778389,6504255,6,1,16.282645358634333,0,0.2608,0.1734,4.3e-05,1,0.25205929860221604,False,
2025-11-23 04:55:00,7400817,5985016,7,2,13.38583348524564,0,0.1974,0.1596,6.7e-05,1,0.19211008967841536,False,
2025-11-23 05:00:00,8615478,6403081,4,1,15.018560052652678,0,0.2297,0.1707,3.3e-05,1,0.2682831230116513,False,
2025-11-23 05:05:00,8370523,5152445,3,2,13.522969334533649,0,0.2232,0.1374,3.7e-05,1,0.25466397764496274,False,
2025-11-23 05:10:00,9716775,5972873,6,1,15.68964873186633,0,0.2591,0.1593,4.5e-05,1,0.24949650994631184,False,
2025-11-23 05:15:00,9343549,8228314,7,3,17.57186396434911,0,0.2492,0.2194,5.7e-05,1,0.15158471690328146,False,
2025-11-23 05:20:00,6826302,6289912,5,0,13.116215317201688,0,0.182,0.1677,3.8e-05,1,0.23603606366500557,False,
2025-11-23 05:25:00,9017134,5737833,3,2,14.754967914881226,0,0.2405,0.153,3.4e-05,1,0.2721267244562961,False,
2025-11-23 05:30:00,7069169,6355486,6,2,13.424655883766407,0,0.1885,0.1695,6e-05,1,0.19735211135345254,False,
2025-11-23 05:35:00,9554432,6802018,2,7,16.356450763091534,0,0.2548,0.1814,5.5e-05,1,0.21798018661260193,False,
2025-11-23 05:40:00,8890134,5487604,2,1,14.377738963634473,0,0.2371,0.1463,2.1e-05,1,0.2593329713764684,False,
2025-11-23 05:45:00,8247532,5019326,4,1,13.266859044840675,0,0.2199,0.1338,3.8e-05,1,0.25100581417497425,False,
2025-11-23 05:50:00,9000782,7504417,7,2,16.505200351694775,0,0.24,0.2001,5.5e-05,1,0.2108400213538817,False,
2025-11-23 05:55:00,8480639,8438147,2,6,16.918787115471147,0,0.2262,0.225,4.7e-05,1,0.1832785267596131,False,
2025-11-23 06:00:00,8432790,5357613,2,2,13.790404061597508,0,0.2249,0.1429,2.9e-05,1,0.25790392076579016,False,
2025-11-23 06:05:00,9747057,5434825,2,2,15.181882333121546,0,0.2599,0.1449,2.6e-05,1,0.2631386629658817,False,
2025-11-23 06:10:00,9370303,7872693,1,0,17.242997578726285,0,0.2499,0.2099,6e-06,1,0.17542896676824682,False,
2025-11-23 06:15:00,10055387,5990163,4,3,16.04555159751187,0,0.2681,0.1597,4.4e-05,1,0.23968877558413793,False,
2025-11-23 06:20:00,11268801,6774645,3,2,18.04344710925012,0,0.3005,0.1807,2.8e-05,1,0.22570390737908907,False,
2025-11-23 06:25:00,9274965,8026678,3,2,17.30164398219542,0,0.2473,0.214,2.9e-05,1,0.2114820098485003,False,
2025-11-23 06:30:00,7306228,6302171,2,1,13.60839964999032,0,0.1948,0.1681,2.2e-05,1,0.23152595939150927,False,
2025-11-23 06:35:00,9960004,7628884,4,2,17.5888890383833,0,0.2656,0.2034,3.4e-05,1,0.23130400070839913,False,
2025-11-23 06:40:00,11324776,5764007,4,1,17.088784084564928,0,0.302,0.1537,2.9e-05,1,0.23014821008011138,False,
2025-11-23 06:45:00,9707968,6178387,3,2,15.886356202760998,0,0.2589,0.1648,3.1e-05,1,0.26401902004765015,False,
2025-11-23 06:50:00,7193127,5925405,0,2,13.118532816189475,0,0.1918,0.158,1.5e-05,1,0.21458918142591743,False,
2025-11-23 06:55:00,9194184,3576731,5,2,12.770915384101578,0,0.2452,0.0954,5.5e-05,1,0.18598699910027355,False,
2025-11-23 07:00:00,8452224,2556859,2,3,11.009083904292009,0,0.2254,0.0682,4.5e-05,1,0.126555721806356,False,
2025-11-23 07:05:00,8596683,5774143,3,1,14.370827511621634,0,0.2292,0.154,2.8e-05,1,0.26670029235730935,False,
2025-11-23 07:10:00,9225227,4921296,2,1,14.14652399082954,0,0.246,0.1312,2.1e-05,1,0.2501124016119349,False,
2025-11-23 07:15:00,8783934,6768158,5,1,15.552093289925148,0,0.2342,0.1805,3.9e-05,1,0.26357703967030754,False,
2025-11-23 07:20:00,8846400,7365450,4,3,16.21185131180846,0,0.2359,0.1964,4.3e-05,1,0.24272576034773685,False,
2025-11-23 07:25:00,7286029,7114822,3,2,14.400852456184648,0,0.1943,0.1897,3.5e-05,1,0.2501613317963403,False,
2025-11-23 07:30:00,10767914,6365839,1,0,17.133754377126706,0,0.2871,0.1698,6e-06,1,0.19130574379883186,False,
2025-11-23 07:35:00,7844686,4778234,5,2,12.62292057572113,0,0.2092,0.1274,5.5e-05,1,0.21707504307190917,False,
2025-11-23 07:40:00,10469247,5480319,2,7,15.949567717910837,0,0.2792,0.1461,5.6e-05,1,0.21121057850610858,False,
2025-11-23 07:45:00,9218582,7273681,2,1,16.492264090233533,0,0.2458,0.194,1.8e-05,1,0.2486020302926954,False,
2025-11-23 07:50:00,10230431,6413105,2,2,16.643537122174035,0,0.2728,0.171,2.4e-05,1,0.25960425353610095,False,
2025-11-23 07:55:00,7277195,7632933,3,1,14.910128965647107,0,0.1941,0.2035,2.7e-05,1,0.2447247930695628,False,
2025-11-23 08:00:00,8055906,4819471,2,3,12.875377206954298,0,0.2148,0.1285,3.9e-05,1,0.24719340219384334,False,
2025-11-23 08:05:00,8829351,4997263,6,2,13.826614745259876,0,0.2354,0.1333,5.8e-05,1,0.22719763408455396,False,
2025-11-23 08:10:00,8129533,5844884,2,2,13.974417475238113,0,0.2168,0.1559,2.9e-05,1,0.2707170604148857,False,
2025-11-23 08:15:00,8649404,6709733,5,1,15.359138735771005,0,0.2307,0.1789,3.9e-05,1,0.26011802411216833,False,
2025-11-23 08:20:00,7506957,3582573,5,0,11.089530159138365,0,0.2002,0.0955,4.5e-05,1,0.16614316723306533,False,
2025-11-23 08:25:00,8942778,4485298,2,2,13.42807626858155,0,0.2385,0.1196,3e-05,1,0.23632373311362687,False,
2025-11-23 08:30:00,8734138,6881914,4,2,15.616052832541175,0,0.2329,0.1835,3.8e-05,1,0.26467349207064267,False,
2025-11-23 08:35:00,8697229,4558593,3,1,13.255823415699307,0,0.2319,0.1216,3e-05,1,0.23898676342915387,False,
2025-11-23 08:40:00,8135101,7354501,2,5,15.489603156765034,0,0.2169,0.1961,4.5e-05,1,0.24466688059257136,False,
2025-11-23 08:45:00,9546370,5948609,3,1,15.494980199307117,0,0.2546,0.1586,2.6e-05,1,0.2640165328702473,False,
2025-11-23 08:50:00,9717557,6180190,7,3,15.897747557964315,0,0.2591,0.1648,6.3e-05,1,0.20095361265259326,False,
2025-11-23 08:55:00,7667369,5384651,4,4,13.052020336267352,0,0.2045,0.1436,6.1e-05,1,0.21528206551379342,False,
2025-11-23 09:00:00,10395094,7223020,1,1,17.618114909673206,0,0.2772,0.1926,1.1e-05,1,0.2050648852718685,False,
2025-11-23 09:05:00,7968893,6990003,3,2,14.958897467226953,0,0.2125,0.1864,3.3e-05,1,0.2630260491727032,False,
2025-11-23 09:10:00,7542847,6755592,4,1,14.298440570035876,0,0.2011,0.1801,3.5e-05,1,0.2595149247491958,False,
2025-11-23 09:15:00,8963695,5450896,2,3,14.414591479667637,0,0.239,0.1454,3.5e-05,1,0.2666972123790513,False,
2025-11-23 09:20:00,8601276,6055596,6,0,14.656873739644364,0,0.2294,0.1615,4.1e-05,1,0.2624128242755736,False,
2025-11-23 09:25:00,11115796,5637080,1,2,16.752877683426508,0,0.2964,0.1503,1.8e-05,1,0.23542486485786518,False,
2025-11-23 09:30:00,7035694,5037088,7,3,12.07278218124034,0,0.1876,0.1343,8.3e-05,1,0.10578830295401609,False,
2025-11-23 09:35:00,7449801,4959724,3,4,12.409526315370718,0,0.1987,0.1323,5.6e-05,1,0.2120486214572816,False,
2025-11-23 09:40:00,8499734,7078359,2,3,15.5780934817705,0,0.2267,0.1888,3.2e-05,1,0.2656622334260221,False,
2025-11-23 09:45:00,8654674,6068028,6,2,14.722702770732385,0,0.2308,0.1618,5.4e-05,1,0.24383448876154623,False,
2025-11-23 09:50:00,8210859,7288688,2,2,15.49954748609991,0,0.219,0.1944,2.6e-05,1,0.26300572439252073,False,
2025-11-23 09:55:00,10545365,5748457,3,3,16.29382230812244,0,0.2812,0.1533,3.7e-05,1,0.25775441292291984,False,
2025-11-23 10:00:00,7843799,5423822,7,0,13.267621396304191,0,0.2092,0.1446,5.3e-05,1,0.24384693928573942,False,
2025-11-23 10:05:00,7969180,6613230,2,4,14.582411015502291,0,0.2125,0.1764,4.1e-05,1,0.26092690765253307,False,
2025-11-23 10:10:00,7142506,4309621,2,1,11.45212707245881,0,0.1905,0.1149,2.6e-05,1,0.18382198962758267,False,
2025-11-23 10:15:00,11235113,3868191,4,1,15.103305354794522,0,0.2996,0.1032,3.3e-05,1,0.20122301676434062,False,
2025-11-23 10:20:00,9310408,5505748,1,0,14.816157050121308,0,0.2483,0.1468,7e-06,1,0.21184645962481624,False,
2025-11-23 10:25:00,7296554,5594601,3,2,12.89115608656676,0,0.1946,0.1492,3.9e-05,1,0.245862446250051,False,
2025-11-23 10:30:00,10673381,6724275,3,2,17.397657510755252,0,0.2846,0.1793,2.9e-05,1,0.2469288022833822,False,
2025-11-23 10:35:00,10863664,5737996,3,5,16.601661508096395,0,0.2897,0.153,4.8e-05,1,0.22690098415518412,False,
2025-11-23 10:40:00,9264595,5681835,1,3,14.94643093566074,0,0.2471,0.1515,2.7e-05,1,0.2722134351069572,False,
2025-11-23 10:45:00,8266760,6189375,1,1,14.456136142423636,0,0.2204,0.165,1.4e-05,1,0.23589759186896092,False,
2025-11-23 10:50:00,7211366,3931416,4,1,11.142782829313704,0,0.1923,0.1048,4.5e-05,1,0.17737217647206532,False,
2025-11-23 10:55:00,7602835,5611236,5,1,13.214071659128862,0,0.2027,0.1496,4.5e-05,1,0.24392161140579638,False,
2025-11-23 11:00:00,7387749,6248701,0,2,13.636450090243018,0,0.197,0.1666,1.5e-05,1,0.21938629926131176,False,
2025-11-23 11:05:00,8672697,6839718,2,3,15.51241609743537,0,0.2313,0.1824,3.2e-05,1,0.2702372649728324,False,
2025-11-23 11:10:00,8815502,6127004,2,2,14.942507728938883,0,0.2351,0.1634,2.7e-05,1,0.27412817153559027,False,
2025-11-23 11:15:00,8454465,5015930,4,2,13.470396187366026,0,0.2255,0.1338,4.5e-05,1,0.2521734277335473,False,
2025-11-23 11:20:00,9075076,6561978,0,2,15.637054754935004,0,0.242,0.175,1.3e-05,1,0.2478355437628419,False,
2025-11-23 11:25:00,10825136,4688838,2,0,15.513974531139748,0,0.2887,0.125,1.3e-05,1,0.19115554606734342,False,
2025-11-23 11:30:00,9706186,4628052,3,2,14.334239051973809,0,0.2588,0.1234,3.5e-05,1,0.24144619248849497,False,
2025-11-23 11:35:00,5084156,6367831,3,1,11.45198791024397,0,0.1356,0.1698,3.5e-05,1,0.15623511498166698,False,
2025-11-23 11:40:00,7926686,7316232,4,4,15.242918858840454,0,0.2114,0.1951,5.2e-05,1,0.2314439398418972,False,
2025-11-23 11:45:00,10936519,4326592,2,3,15.263111773474106,0,0.2916,0.1154,3.3e-05,1,0.22396066491387556,False,
2025-11-23 11:50:00,7821155,6638543,2,3,14.459698953914474,0,0.2086,0.177,3.5e-05,1,0.2629713621951419,False,
2025-11-23 11:55:00,10585519,6550722,3,2,17.136242082780875,0,0.2823,0.1747,2.9e-05,1,0.25031367067259247,False,
2025-11-23 12:00:00,9442774,7352123,3,3,16.79489778215463,0,0.2518,0.1961,3.6e-05,1,0.2554103893096339,False,
2025-11-23 12:05:00,10035385,7208715,5,3,17.2441006668613,0,0.2676,0.1922,4.6e-05,1,0.22369834697927204,False,
2025-11-23 12:10:00,8038348,3764668,5,3,11.80301710682669,0,0.2144,0.1004,6.8e-05,1,0.13063934269767707,False,
2025-11-23 12:15:00,8133362,5716689,5,1,13.850052752177852,0,0.2169,0.1524,4.3e-05,1,0.26197742869310453,False,
2025-11-23 12:20:00,5048826,5221926,3,0,10.2707531661219,0,0.1346,0.1393,2.9e-05,1,0.11116739201664594,False,
2025-11-23 12:25:00,10609224,5584306,1,1,16.19353016930366,0,0.2829,0.1489,1.2e-05,1,0.22127709351687663,False,
2025-11-23 12:30:00,10753761,5182549,4,3,15.936311679357848,0,0.2868,0.1382,4.4e-05,1,0.22924945454535417,False,
2025-11-23 12:35:00,7411904,8045943,3,1,15.457848257582032,0,0.1977,0.2146,2.6e-05,1,0.22189683646982872,False,
2025-11-23 12:40:00,7605378,5541259,8,2,13.1466377753989,0,0.2028,0.1478,7.6e-05,1,0.14770401327433103,False,
2025-11-23 12:45:00,10102337,8610550,5,2,18.712888271864617,0,0.2694,0.2296,3.7e-05,1,0.16106867043261935,False,
2025-11-23 12:50:00,12221695,6665006,2,1,18.886702069288727,0,0.3259,0.1777,1.6e-05,1,0.14248757075622676,False,
2025-11-23 12:55:00,12845284,5677960,2,2,18.523245460538536,0,0.3425,0.1514,2.2e-05,1,0.15300250026741768,False,
2025-11-23 13:00:00,6785927,6232432,2,2,13.018359989543576,0,0.181,0.1662,3.1e-05,1,0.24254126514099816,False,
2025-11-23 13:05:00,11556261,5856138,3,2,17.412399232475476,0,0.3082,0.1562,2.9e-05,1,0.2204758182877068,False,
2025-11-23 13:10:00,8370625,6152399,0,1,14.52302499774142,0,0.2232,0.1641,7e-06,1,0.21365999406809172,False,
2025-11-23 13:15:00,9727045,6111527,4,4,15.838573398922332,0,0.2594,0.163,5.1e-05,1,0.23967569361410834,False,
2025-11-23 13:20:00,8662636,7162469,2,2,15.825105477047666,0,0.231,0.191,2.5e-05,1,0.2604003554502438,False,
2025-11-23 13:25:00,6874280,8726126,1,3,15.6004066184086,0,0.1833,0.2327,2.6e-05,1,0.18263108108860404,False,
2025-11-23 13:30:00,7622541,7484307,0,2,15.10684951736701,0,0.2033,0.1996,1.3e-05,1,0.22042127695240715,False,
2025-11-23 13:35:00,11489424,6561880,1,2,18.051305019926165,0,0.3064,0.175,1.7e-05,1,0.195629648134984,False,
2025-11-23 13:40:00,9649041,5295042,4,1,14.944084359875236,0,0.2573,0.1412,3.3e-05,1,0.26528739806047813,False,
2025-11-23 13:45:00,6205339,6803232,5,4,13.008571680165232,0,0.1655,0.1814,6.9e-05,1,0.1494393739832633,False,
2025-11-23 13:50:00,9830204,6729282,2,3,16.55948660579879,0,0.2621,0.1794,3e-05,1,0.26511132985083374,False,
2025-11-23 13:55:00,11245555,5339003,6,2,16.584559047801168,0,0.2999,0.1424,4.8e-05,1,0.21043153734891645,False,
2025-11-23 14:00:00,8728604,4473866,3,2,13.202471238558482,0,0.2328,0.1193,3.8e-05,1,0.23386681514755286,False,
2025-11-23 14:05:00,11519151,5040345,3,3,16.559497352777242,0,0.3072,0.1344,3.6e-05,1,0.2206345354787284,False,
2025-11-23 14:10:00,9193607,6682990,5,3,15.87659831686469,0,0.2452,0.1782,5e-05,1,0.24593108200677655,False,
2025-11-23 14:15:00,8077824,3114577,2,5,11.192402152231768,0,0.2154,0.0831,6.3e-05,1,0.11214906051627627,False,
2025-11-23 14:20:00,9687497,5830800,6,1,15.518297945366214,0,0.2583,0.1555,4.5e-05,1,0.2504965674612946,False,
2025-11-23 14:25:00,8638375,6465925,2,1,15.1043014692951,0,0.2304,0.1724,2e-05,1,0.2615672029278449,False,
2025-11-23 14:30:00,7948576,4548494,3,1,12.49707050608812,0,0.212,0.1213,3.2e-05,1,0.22335673877837425,False,
2025-11-23 14:35:00,9253614,6656737,4,1,15.910352498536271,0,0.2468,0.1775,3.1e-05,1,0.27000012966612696,False,
2025-11-23 14:40:00,8987652,7436296,4,0,16.423948129717342,0,0.2397,0.1983,2.4e-05,1,0.2551312440168994,False,
2025-11-23 14:45:00,10938811,7037645,3,2,17.976457404125657,0,0.2917,0.1877,2.8e-05,1,0.2351951228494732,False,
2025-11-23 14:50:00,6920681,6725387,2,1,13.646069272434223,0,0.1846,0.1793,2.2e-05,1,0.23218001145707567,False,
2025-11-23 14:55:00,6624155,6185357,3,2,12.80951227074726,0,0.1766,0.1649,3.9e-05,1,0.23319098324899212,False,
2025-11-23 15:00:00,8293851,6501048,3,2,14.794900513427129,0,0.2212,0.1734,3.4e-05,1,0.2700177677888425,False,
2025-11-23 15:05:00,8175898,3954289,0,2,12.13018839365037,0,0.218,0.1054,1.6e-05,1,0.1801470671331607,False,
2025-11-23 15:10:00,9110871,8053749,3,4,17.16462197271273,0,0.243,0.2148,4.1e-05,1,0.205526071875622,False,
2025-11-23 15:15:00,8871352,4209431,2,1,13.080784396024583,0,0.2366,0.1123,2.3e-05,1,0.22110284892691173,False,
2025-11-23 15:20:00,8378243,6610250,5,4,14.988493441673585,0,0.2234,0.1763,6e-05,1,0.22708036805697213,False,
2025-11-23 15:25:00,7284598,7256994,6,2,14.54159294215313,0,0.1943,0.1935,5.5e-05,1,0.2133371003778315,False,
2025-11-23 15:30:00,10314046,7503199,4,1,17.81724506050291,0,0.275,0.2001,2.8e-05,1,0.23473273668937156,False,
2025-11-23 15:35:00,9002505,6140519,2,1,15.143025457162803,0,0.2401,0.1637,2e-05,1,0.26807011022035543,False,
2025-11-23 15:40:00,6614002,5591844,4,1,12.20584719444677,0,0.1764,0.1491,4.1e-05,1,0.22787119985020154,False,
2025-11-23 15:45:00,9998258,4847578,1,2,14.84583682243479,0,0.2666,0.1293,2e-05,1,0.24562757148038672,False,
2025-11-23 15:50:00,10253971,7324717,5,1,17.57868975276319,0,0.2734,0.1953,3.4e-05,1,0.23633526357840196,False,
2025-11-23 15:55:00,9064921,6435754,2,2,15.500675685769997,0,0.2417,0.1716,2.6e-05,1,0.27493329460963306,False,
2025-11-23 16:00:00,9629889,6900732,1,3,16.53062200413502,0,0.2568,0.184,2.4e-05,1,0.2653471377389962,False,
2025-11-23 16:05:00,10069052,6622044,3,1,16.691097171692252,0,0.2685,0.1766,2.4e-05,1,0.26054567620974123,False,
2025-11-23 16:10:00,7610445,6741727,4,2,14.352172831115247,0,0.2029,0.1798,4.2e-05,1,0.24754336078679684,False,
2025-11-23 16:15:00,8405147,6133472,0,1,14.538620202990574,0,0.2241,0.1636,7e-06,1,0.2131789039694269,False,
2025-11-23 16:20:00,12059791,6075435,7,4,18.13522687279863,0,0.3216,0.162,6.1e-05,1,0.13123575170924695,False,
2025-11-23 16:25:00,7019424,5254576,2,2,12.274000769622162,0,0.1872,0.1401,3.3e-05,1,0.2305234564988315,False,
2025-11-23 16:30:00,9367334,5021232,3,1,14.388567077328624,0,0.2498,0.1339,2.8e-05,1,0.259031411433463,False,
2025-11-23 16:35:00,6746647,6081200,3,1,12.827848769393896,0,0.1799,0.1622,3.1e-05,1,0.239564635754267,False,
2025-11-23 16:40:00,10202178,6467125,1,1,16.669304670639377,0,0.2721,0.1725,1.2e-05,1,0.22771138079546155,False,
2025-11-23 16:45:00,10615049,5772846,4,2,16.38789655038159,0,0.2831,0.1539,3.7e-05,1,0.25557998267864795,False,
2025-11-23 16:50:00,10826830,6048829,2,4,16.87566029907028,0,0.2887,0.1613,3.6e-05,1,0.245981232922504,False,
2025-11-23 16:55:00,8967865,6613818,1,1,15.581683712050795,0,0.2391,0.1764,1.3e-05,1,0.2501936861555819,False,
2025-11-23 17:00:00,9184936,7618208,4,1,16.803144780498254,0,0.2449,0.2032,3e-05,1,0.2521477578258524,False,
2025-11-23 17:05:00,8283101,6418992,1,2,14.702094157145918,0,0.2209,0.1712,2e-05,1,0.2615934663550917,False,
2025-11-23 17:10:00,9321271,5423539,4,5,14.74481152491096,0,0.2486,0.1446,6.1e-05,1,0.22122457549037772,False,
2025-11-23 17:15:00,10303155,4701819,3,2,15.004974832731962,0,0.2748,0.1254,3.3e-05,1,0.2445237872855015,False,
2025-11-23 17:20:00,6666185,5160142,1,2,11.826327801587782,0,0.1778,0.1376,2.5e-05,1,0.20421629751726883,False,
2025-11-23 17:25:00,10849356,5845918,5,0,16.69527515409208,0,0.2893,0.1559,3e-05,1,0.2518662464368661,False,
2025-11-23 17:30:00,8776058,4749095,3,0,13.5251545204584,0,0.234,0.1266,2.2e-05,1,0.23770618984450143,False,
2025-11-23 17:35:00,7987220,5434073,0,2,13.421293548047895,0,0.213,0.1449,1.5e-05,1,0.22504849268037747,False,
2025-11-23 17:40:00,10192185,5640584,6,0,15.832769711569725,0,0.2718,0.1504,3.8e-05,1,0.25677392177139036,False,
2025-11-23 17:45:00,9161781,6229230,1,2,15.3910115980829,0,0.2443,0.1661,1.9e-05,1,0.2618588035214423,False,
2025-11-23 17:50:00,9472255,6658727,2,3,16.130983136569313,0,0.2526,0.1776,3.1e-05,1,0.26933394918975617,False,
2025-11-23 17:55:00,10917435,4356061,1,1,15.273497189765006,0,0.2911,0.1162,1.3e-05,1,0.18226277704460297,False,
2025-11-23 18:00:00,6614484,6507091,4,0,13.121576017484651,0,0.1764,0.1735,3e-05,1,0.229949129212358,False,
2025-11-23 18:05:00,7257884,4729295,2,0,11.987180045886364,0,0.1935,0.1261,1.7e-05,1,0.18809943067650536,False,
2025-11-23 18:10:00,7057701,3941775,3,2,10.999477198352352,0,0.1882,0.1051,4.5e-05,1,0.16017331041834887,False,
2025-11-23 18:15:00,10115407,5337042,2,2,15.452449890740535,0,0.2697,0.1423,2.6e-05,1,0.25858392942429603,False,
2025-11-23 18:20:00,8726616,2938418,1,0,11.665035264061489,0,0.2327,0.0784,9e-06,1,0.08806706968700229,False,
2025-11-23 18:25:00,9757639,6996700,3,2,16.754340208977496,0,0.2602,0.1866,3e-05,1,0.2648618937891176,False,
2025-11-23 18:30:00,9021484,7522401,4,2,16.543885804829632,0,0.2406,0.2006,3.6e-05,1,0.2506783240772521,False,
2025-11-23 18:35:00,10629777,6063882,1,1,16.693659540989444,0,0.2835,0.1617,1.2e-05,1,0.22342372221191398,False,
2025-11-23 18:40:00,9583716,6806813,2,3,16.390529512037286,0,0.2556,0.1815,3.1e-05,1,0.26912295487483484,False,
2025-11-23 18:45:00,7172318,4914935,2,3,12.08725395819703,0,0.1913,0.1311,4.1e-05,1,0.22769473021586373,False,
2025-11-23 18:50:00,6989228,5604857,3,2,12.594085997070174,0,0.1864,0.1495,4e-05,1,0.24292631097885703,False,
2025-11-23 18:55:00,10599573,3257356,2,0,13.856929164856702,0,0.2827,0.0869,1.4e-05,1,0.14917581875570213,False,
2025-11-23 19:00:00,8009409,5064588,2,6,13.073997583211233,0,0.2136,0.1351,6.1e-05,1,0.21579269709586701,False,
2025-11-23 19:05:00,9996220,6129823,3,2,16.12604427018366,0,0.2666,0.1635,3.1e-05,1,0.262885518021436,False,
2025-11-23 19:10:00,8334574,5089710,1,2,13.42428491031152,0,0.2223,0.1357,2.2e-05,1,0.2504309966742401,False,
2025-11-23 19:15:00,7873876,6396264,5,2,14.270141251512026,0,0.21,0.1706,4.9e-05,1,0.24602280276028954,False,
2025-11-23 19:20:00,9491643,6117369,3,2,15.60901386579646,0,0.2531,0.1631,3.2e-05,1,0.272743159738092,False,
2025-11-23 19:25:00,10086767,7671415,4,0,17.758182880209887,0,0.269,0.2046,2.3e-05,1,0.2255344463385101,False,
2025-11-23 19:30:00,9794754,5323035,2,3,15.117790058757969,0,0.2612,0.1419,3.3e-05,1,0.2636827296983618,False,
2025-11-23 19:35:00,9265662,6512395,2,5,15.778057819905658,0,0.2471,0.1737,4.4e-05,1,0.2494417355644425,False,
2025-11-23 19:40:00,10174967,4596475,1,2,14.771442099723494,0,0.2713,0.1226,2e-05,1,0.2369882244032444,False,
2025-11-23 19:45:00,9140384,7838853,4,1,16.979237947257563,0,0.2437,0.209,2.9e-05,1,0.22710499796838218,False,
2025-11-23 19:50:00,10218794,6323760,6,2,16.542555357755464,0,0.2725,0.1686,4.8e-05,1,0.23242432135303498,False,
2025-11-23 19:55:00,9412670,7311733,1,2,16.72440470349627,0,0.251,0.195,1.8e-05,1,0.24956701259476372,False,
2025-11-23 20:00:00,9505256,6787135,3,4,16.292391806962005,0,0.2535,0.181,4.3e-05,1,0.2532339726998405,False,
2025-11-23 20:05:00,11062156,4109320,3,1,15.171476207404917,0,0.295,0.1096,2.6e-05,1,0.21419249062576706,False,
2025-11-23 20:10:00,8884560,5881873,0,2,14.766434215124496,0,0.2369,0.1568,1.4e-05,1,0.23799859946482493,False,
2025-11-23 20:15:00,7606647,6625562,1,2,14.232210619891369,0,0.2028,0.1767,2.1e-05,1,0.2504074008764516,False,
2025-11-23 20:20:00,9095946,2790509,0,1,11.886456329026776,0,0.2426,0.0744,8e-06,1,0.09185080087476782,False,
2025-11-23 20:25:00,6141091,6867373,8,3,13.008464929431018,0,0.1638,0.1831,8.5e-05,1,0.09591266814232957,False,
2025-11-23 20:30:00,11512303,3765199,5,0,15.277502927996082,0,0.307,0.1004,3.3e-05,1,0.19080226637394604,False,
2025-11-23 20:35:00,10089442,6436666,4,3,16.52610938704075,0,0.2691,0.1716,4.2e-05,1,0.24548618750833895,False,
2025-11-23 20:40:00,8131034,4490545,3,0,12.621579419278255,0,0.2168,0.1197,2.4e-05,1,0.2221653341796273,False,
2025-11-23 20:45:00,11103977,5061993,8,4,16.16597126889626,0,0.2961,0.135,7.4e-05,1,0.12564216081511292,False,
2025-11-23 20:50:00,13386567,5783796,3,1,19.170363041688308,0,0.357,0.1542,2.1e-05,1,0.1155921416885558,False,
2025-11-23 20:55:00,7994480,5902235,0,1,13.896716003284451,0,0.2132,0.1574,7e-06,1,0.19690271716575414,False,
2025-11-23 21:00:00,8222323,6961266,4,5,15.183590865127291,0,0.2193,0.1856,5.9e-05,1,0.22574981549193796,False,
2025-11-23 21:05:00,10031742,6182362,4,3,16.214105930955355,0,0.2675,0.1649,4.3e-05,1,0.24345483620877834,False,
2025-11-23 21:10:00,6127217,5616104,1,2,11.743322587743387,0,0.1634,0.1498,2.6e-05,1,0.19352439730865734,False,
2025-11-23 21:15:00,11876665,4884411,2,2,16.7610761814726,0,0.3167,0.1303,2.4e-05,1,0.2091185675893626,False,
2025-11-23 21:20:00,8315575,7374231,2,3,15.689806690671643,0,0.2217,0.1966,3.2e-05,1,0.2579363670614398,False,
2025-11-23 21:25:00,8719409,6652684,5,3,15.37209392934078,0,0.2325,0.1774,5.2e-05,1,0.24387775497443248,False,
2025-11-23 21:30:00,9254500,5069525,2,2,14.324026166320284,0,0.2468,0.1352,2.8e-05,1,0.26006536077285597,False,
2025-11-23 21:35:00,8548377,5428113,0,3,13.976490355885648,0,0.228,0.1447,2.1e-05,1,0.2546987130651603,False,
2025-11-23 21:40:00,7753113,4211848,6,1,11.964961647802944,0,0.2067,0.1123,5.9e-05,1,0.17598703201879234,False,
2025-11-23 21:45:00,8939964,4920326,1,0,13.860290976256357,0,0.2384,0.1312,7e-06,1,0.1937138023810499,False,
2025-11-23 21:50:00,10231751,6082281,2,1,16.31403284491376,0,0.2728,0.1622,1.8e-05,1,0.25088403647096896,False,
2025-11-23 21:55:00,8066988,8339308,3,0,16.406297118021136,0,0.2151,0.2224,1.8e-05,1,0.196857074374785,False,
2025-11-23 22:00:00,9029618,5931397,4,2,14.961015958171634,0,0.2408,0.1582,4e-05,1,0.2685754664788832,False,
2025-11-23 22:05:00,7574684,6836122,3,4,14.410806724474304,0,0.202,0.1823,4.9e-05,1,0.2358330060498054,False,
2025-11-23 22:10:00,8919953,7487723,1,1,16.40767652015464,0,0.2379,0.1997,1.2e-05,1,0.22692949300630377,False,
2025-11-23 22:15:00,8744436,6671219,2,2,15.415656223399626,0,0.2332,0.1779,2.6e-05,1,0.26690925332735915,False,
2025-11-23 22:20:00,8861674,5110392,2,3,13.972066463049662,0,0.2363,0.1363,3.6e-05,1,0.26373747565000843,False,
2025-11-23 22:25:00,8857155,6477767,4,3,15.33492272317296,0,0.2362,0.1727,4.6e-05,1,0.25387776566951115,False,
2025-11-23 22:30:00,8801633,4768366,3,3,13.569999818435653,0,0.2347,0.1272,4.4e-05,1,0.24432352499086413,False,
2025-11-23 22:35:00,7797396,6710477,5,1,14.507874056523528,0,0.2079,0.1789,4.1e-05,1,0.2573541853467959,False,
2025-11-23 22:40:00,6435796,6698279,5,4,13.134075838069611,0,0.1716,0.1786,6.9e-05,1,0.1501768124643612,False,
2025-11-23 22:45:00,9491548,5340245,1,1,14.831793980531934,0,0.2531,0.1424,1.3e-05,1,0.22217317166077066,False,
2025-11-23 22:50:00,8020616,6553629,3,1,14.57424642660486,0,0.2139,0.1748,2.7e-05,1,0.2649172291522443,False,
2025-11-23 22:55:00,8666555,5759690,2,2,14.426246023349131,0,0.2311,0.1536,2.8e-05,1,0.2637691851321327,False,
2025-11-23 23:00:00,5675491,6026150,7,4,11.701642114190902,0,0.1513,0.1607,9.4e-05,1,0.04745284272022898,False,
2025-11-23 23:05:00,9158462,4873395,5,3,14.031857750932945,0,0.2442,0.13,5.7e-05,1,0.2253631232924273,False,
2025-11-23 23:10:00,7547464,6461563,2,2,14.009028122624876,0,0.2013,0.1723,2.9e-05,1,0.2557530329051304,False,
2025-11-23 23:15:00,11042529,4837806,2,3,15.880336206605422,0,0.2945,0.129,3.1e-05,1,0.23781281351044425,False,
2025-11-23 23:20:00,9724890,7142529,4,2,16.867419854453882,0,0.2593,0.1905,3.6e-05,1,0.25792761549385196,False,
2025-11-23 23:25:00,11543558,7301555,1,1,18.845114327193457,0,0.3078,0.1947,1.1e-05,1,0.1502757927146745,False,
2025-11-23 23:30:00,7201698,4118054,2,0,11.319752985544188,0,0.192,0.1098,1.8e-05,1,0.15049375739955573,False,
2025-11-23 23:35:00,8046850,5950631,2,2,13.997482443252638,0,0.2146,0.1587,2.9e-05,1,0.2695370261930622,False,
2025-11-23 23:40:00,9464909,5331097,0,2,14.796006498219802,0,0.2524,0.1422,1.4e-05,1,0.230274141432057,False,
2025-11-23 23:45:00,10642877,7459020,4,2,18.10189749103313,0,0.2838,0.1989,3.3e-05,1,0.2272376050269132,False,
2025-11-23 23:50:00,8404462,2419548,3,2,10.824010748042836,0,0.2241,0.0645,4.6e-05,1,0.11432721169342286,False,
2025-11-23 23:55:00,9464077,5639289,2,3,15.103367414292164,0,0.2524,0.1504,3.3e-05,1,0.2731491162534353,False,
2025-11-24 00:00:00,8036225,4443035,6,0,12.479261165977986,0,0.2143,0.1185,4.8e-05,1,0.21797222733050037,False,
2025-11-24 00:05:00,7864173,5622341,0,0,13.48651548895466,0,0.2097,0.1499,0.0,1,0.14051827018116225,False,
2025-11-24 00:10:00,7040993,6216363,2,5,13.257356953945724,0,0.1878,0.1658,5.3e-05,1,0.22952128202256417,False,
2025-11-24 00:15:00,11452862,5303349,4,3,16.756212042262135,0,0.3054,0.1414,4.2e-05,1,0.21057297452460755,False,
2025-11-24 00:20:00,7689788,5933079,3,4,13.622868026477969,0,0.2051,0.1582,5.1e-05,1,0.24683729557430917,False,
2025-11-24 00:25:00,7647691,4689079,7,4,12.336771046069178,0,0.2039,0.125,8.9e-05,1,0.09514450682973619,False,
2025-11-24 00:30:00,8027464,4320554,3,1,12.348019077786685,0,0.2141,0.1152,3.2e-05,1,0.22457280103238914,False,
2025-11-24 00:35:00,7952273,4585350,3,3,12.537623829462255,0,0.2121,0.1223,4.8e-05,1,0.22118795770246202,False,
2025-11-24 00:40:00,9518392,5220942,6,2,14.73933491086351,0,0.2538,0.1392,5.4e-05,1,0.23275537518766037,False,
2025-11-24 00:45:00,6834981,6610378,1,2,13.445359286225104,0,0.1823,0.1763,2.2e-05,1,0.23031166400855552,False,
2025-11-24 00:50:00,7315470,5995854,4,3,13.311324952159593,0,0.1951,0.1599,5.3e-05,1,0.23612262177254906,False,
2025-11-24 00:55:00,6578182,4868097,8,1,11.446279653398156,0,0.1754,0.1298,7.9e-05,1,0.08734073254695729,False,
2025-11-24 01:00:00,8829553,6650787,3,3,15.480340754290994,0,0.2355,0.1774,3.9e-05,1,0.264582641244034,False,
2025-11-24 01:05:00,8184782,4976445,5,5,13.1612280519581,0,0.2183,0.1327,7.6e-05,1,0.14510972742586903,False,
2025-11-24 01:10:00,6240975,4952547,5,3,11.193522652919404,0,0.1664,0.1321,7.1e-05,1,0.11810621255338627,False,
2025-11-24 01:15:00,7019666,8643362,4,2,15.663028135829371,0,0.1872,0.2305,3.8e-05,1,0.17781656734914092,False,
2025-11-24 01:20:00,8755127,5371911,3,2,14.127038632239842,0,0.2335,0.1433,3.5e-05,1,0.26250651018154564,False,
2025-11-24 01:25:00,10100448,5113203,6,4,15.213652005635778,0,0.2693,0.1364,6.6e-05,1,0.1895897239256749,False,
2025-11-24 01:30:00,9770992,6074242,1,0,15.845235051665044,0,0.2606,0.162,6e-06,1,0.20810292634808564,False,
2025-11-24 01:35:00,9905088,2572282,3,3,12.477371666006356,0,0.2641,0.0686,4.8e-05,1,0.1506311837187499,False,
2025-11-24 01:40:00,9529928,6354549,2,3,15.88447850625526,0,0.2541,0.1695,3.1e-05,1,0.26597018775784714,False,
2025-11-24 01:45:00,7891680,7339107,5,4,15.230787692040568,0,0.2104,0.1957,5.9e-05,1,0.21098721558233097,False,
2025-11-24 01:50:00,8543857,4396780,2,2,12.940637816056508,0,0.2278,0.1172,3.1e-05,1,0.2323250263883614,False,
2025-11-24 01:55:00,9530704,5404742,2,1,14.935447487260635,0,0.2542,0.1441,2e-05,1,0.258071522319462,False,
2025-11-24 02:00:00,7725495,7419484,3,1,15.144980062745372,0,0.206,0.1979,2.6e-05,1,0.2571372907050402,False,
2025-11-24 02:05:00,9262151,5836947,3,4,15.099099095401195,0,0.247,0.1557,4.6e-05,1,0.25626199134615607,False,
2025-11-24 02:10:00,11601216,6300735,6,1,17.901951996084062,0,0.3094,0.168,3.9e-05,1,0.20352694526878046,False,
2025-11-24 02:15:00,7856581,6745298,2,2,14.601880133553893,0,0.2095,0.1799,2.7e-05,1,0.25925574269037716,False,
2025-11-24 02:20:00,10741090,9556644,2,2,20.29773467906848,0,0.2864,0.2548,2e-05,1,0.07365455896036943,False,
2025-11-24 02:25:00,7359942,5055815,6,2,12.41575836238308,0,0.1963,0.1348,6.4e-05,1,0.19176986790178036,False,
2025-11-24 02:30:00,9877422,7307148,9,1,17.184570930205094,0,0.2634,0.1949,5.8e-05,1,0.1888067131820907,False,
2025-11-24 02:35:00,6524673,7511704,4,3,14.036378298887092,0,0.174,0.2003,5e-05,1,0.19149433218823786,False,
2025-11-24 02:40:00,6836701,8239226,3,6,15.07592844641876,0,0.1823,0.2197,6e-05,1,0.14948384914132035,False,
2025-11-24 02:45:00,10020757,8666996,6,2,18.687753952322417,0,0.2672,0.2311,4.3e-05,1,0.14878442577330186,False,
2025-11-24 02:50:00,11451673,5893522,6,2,17.345196662578523,0,0.3054,0.1572,4.6e-05,1,0.1948947832935573,False,
2025-11-24 02:55:00,9920390,4752939,5,3,14.673330600518655,0,0.2645,0.1267,5.5e-05,1,0.21550633700687044,False,
2025-11-24 03:00:00,9786225,4496435,2,1,14.282661032347244,0,0.261,0.1199,2.1e-05,1,0.22913751494734252,False,
2025-11-24 03:05:00,10779477,4259783,5,1,15.039260186242458,0,0.2875,0.1136,4e-05,1,0.2229242266245156,False,
2025-11-24 03:10:00,10477484,4741393,4,0,15.21887775870201,0,0.2794,0.1264,2.6e-05,1,0.2390947133977963,False,
2025-11-24 03:15:00,9125892,5379250,3,2,14.505142773468943,0,0.2434,0.1434,3.4e-05,1,0.26717724445788715,False,
2025-11-24 03:20:00,9620971,6122717,5,2,15.74368902004754,0,0.2566,0.1633,4.4e-05,1,0.2512644686309805,False,
2025-11-24 03:25:00,9366839,7032126,4,1,16.39896621312437,0,0.2498,0.1875,3e-05,1,0.2676529559568046,False,
2025-11-24 03:30:00,9762322,5997470,1,3,15.759792258015528,0,0.2603,0.1599,2.5e-05,1,0.2633674108505918,False,
2025-11-24 03:35:00,9757061,7142080,4,2,16.89914236878892,0,0.2602,0.1905,3.6e-05,1,0.25792761549385196,False,
2025-11-24 03:40:00,7679026,5458129,4,1,13.137156296757096,0,0.2048,0.1456,3.8e-05,1,0.24762223605735478,False,
2025-11-24 03:45:00,9120835,6716971,1,0,15.837807413041675,0,0.2432,0.1791,6e-06,1,0.22314967653290463,False,
2025-11-24 03:50:00,7950391,5988461,3,3,13.938852952617315,0,0.212,0.1597,4.3e-05,1,0.2545724929004069,False,
2025-11-24 03:55:00,7134083,5886483,1,5,13.02056732573687,0,0.1902,0.157,4.6e-05,1,0.23741331274768268,False,
2025-11-24 04:00:00,11124263,5565959,3,1,16.690222189649905,0,0.2966,0.1484,2.4e-05,1,0.24888598617785712,False,
2025-11-24 04:05:00,7956561,3661545,2,2,11.618107332284849,0,0.2122,0.0976,3.4e-05,1,0.17924441729092905,False,
2025-11-24 04:10:00,10773701,6374286,5,4,17.1479877836534,0,0.2873,0.17,5.2e-05,1,0.21012231106203644,False,
2025-11-24 04:15:00,9944617,6255627,3,2,16.200245423675682,0,0.2652,0.1668,3.1e-05,1,0.26654774070625237,False,
2025-11-24 04:20:00,9919168,5085610,3,2,15.004778322226748,0,0.2645,0.1356,3.3e-05,1,0.2637494177455727,False,
2025-11-24 04:25:00,9971884,5261134,2,1,15.23301964565294,0,0.2659,0.1403,2e-05,1,0.2508815733946441,False,
2025-11-24 04:30:00,7275513,6424041,1,4,13.69955465647078,0,0.194,0.1713,3.6e-05,1,0.24917478345602573,False,
2025-11-24 04:35:00,11965114,7139759,2,5,19.104873914178956,0,0.3191,0.1904,3.7e-05,1,0.16902725968007865,False,
2025-11-24 04:40:00,10399567,6602599,2,0,17.002167436314817,0,0.2773,0.1761,1.2e-05,1,0.21681936877112118,False,
2025-11-24 04:45:00,9962775,6859260,4,2,16.82203626165207,0,0.2657,0.1829,3.6e-05,1,0.26179152446277154,False,
2025-11-24 04:50:00,8378394,4052060,1,2,12.430455614966425,0,0.2234,0.1081,2.4e-05,1,0.21645379193753472,False,
2025-11-24 04:55:00,10444108,4216645,3,1,14.660753863755954,0,0.2785,0.1124,2.7e-05,1,0.22827952072212243,False,
2025-11-24 05:00:00,7932174,5460142,3,4,13.39231730287156,0,0.2115,0.1456,5.2e-05,1,0.24532029378236603,False,
2025-11-24 05:05:00,10281739,4501892,6,2,14.783631907034536,0,0.2742,0.1201,5.4e-05,1,0.20364018879503043,False,
2025-11-24 05:10:00,9333069,4180446,3,0,13.513516275053822,0,0.2489,0.1115,2.2e-05,1,0.22651093646094606,False,
2025-11-24 05:15:00,7149210,6727993,5,5,13.877204278729153,0,0.1906,0.1794,7.2e-05,1,0.15899117588237488,False,
2025-11-24 05:20:00,10725209,9292515,1,2,20.017724729007277,0,0.286,0.2478,1.5e-05,1,0.08454998766274224,False,
2025-11-24 05:25:00,8212350,4739142,3,3,12.95149298855721,0,0.219,0.1264,4.6e-05,1,0.2348607022015784,False,
2025-11-24 05:30:00,8738574,5975339,5,2,14.713914094686448,0,0.233,0.1593,4.8e-05,1,0.2517165012126927,False,
2025-11-24 05:35:00,7787710,4046134,4,3,11.833844936577336,0,0.2077,0.1079,5.9e-05,1,0.16814957722304286,False,
2025-11-24 05:40:00,6454398,6278206,1,0,12.732605668419655,0,0.1721,0.1674,8e-06,1,0.15930016367990718,False,
2025-11-24 05:45:00,8215660,7161447,3,5,15.377107858215918,0,0.2191,0.191,5.2e-05,1,0.23897905629754618,False,
2025-11-24 05:50:00,7652027,6998284,3,3,14.650311834656923,0,0.2041,0.1866,4.1e-05,1,0.25121052102659064,False,
2025-11-24 05:55:00,7595851,5580025,4,2,13.175876332213784,0,0.2026,0.1488,4.6e-05,1,0.24068257483697914,False,
2025-11-24 06:00:00,1900371,5606072,4,1,7.506444167172034,0,0.0507,0.1495,6.7e-05,1,0.012201090386656954,False,
2025-11-24 06:05:00,9792836,6828167,1,2,16.621003236255675,0,0.2611,0.1821,1.8e-05,1,0.25633911110895813,False,
2025-11-24 06:10:00,9336047,6239842,4,2,15.575889373368671,0,0.249,0.1664,3.9e-05,1,0.2631508993244089,False,
2025-11-24 06:15:00,8423945,6786642,3,5,15.210587145764135,0,0.2246,0.181,5.3e-05,1,0.2363227888708841,False,
2025-11-24 06:20:00,7699215,4523796,2,1,12.223012386131128,0,0.2053,0.1206,2.5e-05,1,0.2144952825374155,False,
2025-11-24 06:25:00,10100020,7936693,1,3,18.036713662123,0,0.2693,0.2116,2.2e-05,1,0.2096133564912015,False,
2025-11-24 06:30:00,7704025,4115942,4,1,11.819968343402172,0,0.2054,0.1098,4.2e-05,1,0.20360532514126778,False,
2025-11-24 06:35:00,7475107,5824737,1,2,13.29984451083972,0,0.1993,0.1553,2.3e-05,1,0.24233182785107105,False,
2025-11-24 06:40:00,6339995,6850603,1,0,13.190599190169396,0,0.1691,0.1827,8e-06,1,0.15151737646239494,False,
2025-11-24 06:45:00,11114880,7048204,1,1,18.163085562606813,0,0.2964,0.188,1.1e-05,1,0.1849279221685367,False,
2025-11-24 06:50:00,8303327,4665377,3,3,12.96870455958551,0,0.2214,0.1244,4.6e-05,1,0.2339187524883175,False,
2025-11-24 06:55:00,10219554,5910861,3,0,16.13041592976166,0,0.2725,0.1576,1.9e-05,1,0.250015651041107,False,
2025-11-24 07:00:00,9537629,5315164,6,3,14.852794290983455,0,0.2543,0.1417,6.1e-05,1,0.21306886194905733,False,
2025-11-24 07:05:00,6927117,7354510,6,3,14.281628536166318,0,0.1847,0.1961,6.3e-05,1,0.18422077631896072,False,
2025-11-24 07:10:00,9195556,6534940,0,2,15.73049643856034,0,0.2452,0.1743,1.3e-05,1,0.24477026639042554,False,
2025-11-24 07:15:00,9265363,4966965,2,2,14.232329432076146,0,0.2471,0.1325,2.8e-05,1,0.25968429781400226,False,
2025-11-24 07:20:00,10530238,5129955,2,2,15.660194690554516,0,0.2808,0.1368,2.6e-05,1,0.2509612767941843,False,
2025-11-24 07:25:00,8757667,4292258,2,2,13.049925974883347,0,0.2335,0.1145,3.1e-05,1,0.22913107837449664,False,
2025-11-24 07:30:00,9151086,4267052,7,3,13.4181392835442,0,0.244,0.1138,7.5e-05,1,0.1302349377386457,False,
2025-11-24 07:35:00,8340894,4786948,3,1,13.127842912179066,0,0.2224,0.1277,3e-05,1,0.24826325673764482,False,
2025-11-24 07:40:00,9173150,5411130,4,3,14.58428106079539,0,0.2446,0.1443,4.8e-05,1,0.2538499345215826,False,
2025-11-24 07:45:00,9102859,4285245,1,2,13.38810480299077,0,0.2427,0.1143,2.2e-05,1,0.2264339953773164,False,
2025-11-24 07:50:00,8528475,5938638,4,1,14.467114332748949,0,0.2274,0.1584,3.5e-05,1,0.2677493486652007,False,
2025-11-24 07:55:00,10652294,5045425,1,1,15.69771958294135,0,0.2841,0.1345,1.3e-05,1,0.20558014876311642,False,
2025-11-24 08:00:00,7995053,6784552,2,1,14.779606024755164,0,0.2132,0.1809,2e-05,1,0.25691316904042266,False,
2025-11-24 08:05:00,12864937,6840341,1,1,19.705278840233813,0,0.3431,0.1824,1e-05,1,0.08539244972332272,False,
2025-11-24 08:10:00,9167333,6953111,0,3,16.12044504014886,0,0.2445,0.1854,1.9e-05,1,0.26406450372247525,False,
2025-11-24 08:15:00,6720178,5973058,3,1,12.693236625756208,0,0.1792,0.1593,3.2e-05,1,0.23837681222974583,False,
2025-11-24 08:20:00,7709544,4610568,4,4,12.32011308744833,0,0.2056,0.1229,6.5e-05,1,0.17958789664190378,False,
2025-11-24 08:25:00,9745686,8822780,0,1,18.568466628942307,0,0.2599,0.2353,5e-06,1,0.09809047563761841,False,
2025-11-24 08:30:00,9255771,7340103,3,5,16.59587543319513,0,0.2468,0.1957,4.8e-05,1,0.23114250570312694,False,
2025-11-24 08:35:00,8805055,4696680,2,0,13.501735745132963,0,0.2348,0.1252,1.5e-05,1,0.20599705964841508,False,
2025-11-24 08:40:00,8411001,5838837,4,0,14.24983928055695,0,0.2243,0.1557,2.8e-05,1,0.26709216471987884,False,
2025-11-24 08:45:00,10551681,5842281,2,2,16.393962060777184,0,0.2814,0.1558,2.4e-05,1,0.2581605002272429,False,
2025-11-24 08:50:00,8538804,5902871,2,4,14.441675410651383,0,0.2277,0.1574,4.2e-05,1,0.2603739839909236,False,
2025-11-24 08:55:00,8107206,3979614,2,1,12.086820993320693,0,0.2162,0.1061,2.5e-05,1,0.2104402006233947,False,
2025-11-24 09:00:00,9951721,4111785,1,0,14.06350676946874,0,0.2654,0.1096,7e-06,1,0.15168682795902377,False,
2025-11-24 09:05:00,6796890,5354586,0,3,12.151477550635716,0,0.1813,0.1428,2.5e-05,1,0.2211238571366435,False,
2025-11-24 09:10:00,8212253,5780678,1,3,13.99293114102008,0,0.219,0.1542,2.9e-05,1,0.267706471553052,False,
2025-11-24 09:15:00,8926817,5840613,2,2,14.767430595048852,0,0.238,0.1557,2.7e-05,1,0.2709843333225464,False,
2025-11-24 09:20:00,7671107,7047561,3,1,14.7186695808001,0,0.2046,0.1879,2.7e-05,1,0.25786871341645556,False,
2025-11-24 09:25:00,12126563,7911934,4,3,20.038497896278717,0,0.3234,0.211,3.5e-05,1,0.10572581601407294,False,
2025-11-24 09:30:00,8966635,5952188,4,2,14.918823571261584,0,0.2391,0.1587,4e-05,1,0.2698974414038232,False,
2025-11-24 09:35:00,7054144,5093524,2,2,12.147668409721096,0,0.1881,0.1358,3.3e-05,1,0.229016966627697,False,
2025-11-24 09:40:00,8708033,7389836,3,0,16.09787007823614,0,0.2322,0.1971,1.9e-05,1,0.25064894871371934,False,
2025-11-24 09:45:00,8565110,6444610,2,4,15.009721592729456,0,0.2284,0.1719,4e-05,1,0.266350942523046,False,
2025-11-24 09:50:00,7950284,5928533,2,1,13.878818341432948,0,0.212,0.1581,2.2e-05,1,0.25924062398322884,False,
2025-11-24 09:55:00,9933891,6930987,6,2,16.86487872227696,0,0.2649,0.1848,4.7e-05,1,0.23397015930594328,False,
2025-11-24 10:00:00,9930790,7759283,4,2,17.69007400117229,0,0.2648,0.2069,3.4e-05,1,0.22506828040385024,False,
2025-11-24 10:05:00,8932073,6365502,2,1,15.297576431472882,0,0.2382,0.1697,2e-05,1,0.26464296995200093,False,
2025-11-24 10:10:00,9718096,6632470,2,6,16.350567171710885,0,0.2591,0.1769,4.9e-05,1,0.24007213289088586,False,
2025-11-24 10:15:00,12314807,5836950,2,1,18.15175739772509,0,0.3284,0.1557,1.7e-05,1,0.15878535108398928,False,
2025-11-24 10:20:00,9302244,4277100,2,1,13.579345051227214,0,0.2481,0.1141,2.2e-05,1,0.2251604107668883,False,
2025-11-24 10:25:00,8600302,5919007,1,1,14.519310071722872,0,0.2293,0.1578,1.4e-05,1,0.23587889623456643,False,
2025-11-24 10:30:00,9207155,8556663,5,1,17.763819047345013,0,0.2455,0.2282,3.4e-05,1,0.18174170964685366,False,
2025-11-24 10:35:00,9836239,7067104,5,1,16.903343453986473,0,0.2623,0.1885,3.5e-05,1,0.2598319819700268,False,
2025-11-24 10:40:00,10181387,5636072,6,0,15.817459774820286,0,0.2715,0.1503,3.8e-05,1,0.2581967458355463,False,
2025-11-24 10:45:00,10719403,5374262,4,4,16.093666133201026,0,0.2859,0.1433,5e-05,1,0.2244936549934743,False,
2025-11-24 10:50:00,9801818,7392568,4,5,17.194387283513493,0,0.2614,0.1971,5.2e-05,1,0.2128515738243606,False,
2025-11-24 10:55:00,11026105,5526896,5,2,16.553001794874447,0,0.294,0.1474,4.2e-05,1,0.23124392509885777,False,
2025-11-24 11:00:00,30513799,23876342,9,2,16.3491396971059,1,0.8137,0.6367,2e-05,1,0.0026785408234988317,False,
2025-11-24 11:05:00,31624973,24356648,14,2,17.940619956895695,1,0.8433,0.6495,2.9e-05,-1,-0.01647408192353239,False,
2025-11-24 11:10:00,26291480,23261560,7,2,11.512039382436146,1,0.7011,0.6203,1.8e-05,-1,-0.026543663984459287,False,
2025-11-24 11:15:00,28516814,22375505,13,3,12.85131792524945,1,0.7604,0.5967,3.1e-05,1,0.004225537478796393,False,
2025-11-24 11:20:00,29504268,23338722,14,0,14.80198918298943,1,0.7868,0.6224,2.6e-05,1,0.015219243697959128,False,
2025-11-24 11:25:00,27909465,23533481,6,4,13.401944838466925,1,0.7443,0.6276,1.9e-05,1,1.24446143900947e-05,False,
2025-11-24 11:30:00,29095663,25131064,16,1,16.18572616166937,1,0.7759,0.6702,3.1e-05,-1,-0.0009228344424208057,False,
2025-11-24 11:35:00,29068485,26262785,15,2,17.29026984480962,1,0.7752,0.7003,3.1e-05,-1,-0.005736267885837032,False,
2025-11-24 11:40:00,31792783,22585960,13,1,16.33774226188016,1,0.8478,0.6023,2.6e-05,-1,-0.0008160726431545307,False,
2025-11-24 11:45:00,27949841,23133536,14,0,13.042375692546583,1,0.7453,0.6169,2.7e-05,1,0.005264968017724914,False,
2025-11-24 11:50:00,28501348,25070134,15,3,15.530480432708,1,0.76,0.6685,3.4e-05,-1,-0.00603675163238071,False,
2025-11-24 11:55:00,29544240,22730422,20,5,14.233660621701768,1,0.7878,0.6061,4.8e-05,-1,-0.00034241171673332627,False,
2025-11-24 12:00:00,27551971,22764161,16,1,12.27513131151814,1,0.7347,0.607,3.4e-05,-1,-0.015355791125865048,False,
2025-11-24 12:05:00,10310138,5162079,3,2,15.472217817886628,0,0.2749,0.1377,3.2e-05,1,0.251380988960153,False,
2025-11-24 12:10:00,8522463,5602692,1,2,14.125156297896854,0,0.2273,0.1494,2.1e-05,1,0.25475450856167026,False,
2025-11-24 12:15:00,9333609,6873297,4,2,16.206906972602823,0,0.2489,0.1833,3.7e-05,1,0.2674206586187569,False,
2025-11-24 12:20:00,6274825,5986174,3,0,12.260999329692709,0,0.1673,0.1596,2.4e-05,1,0.2033714326412151,False,
2025-11-24 12:25:00,8770073,6069993,3,2,14.84006707744988,0,0.2339,0.1619,3.4e-05,1,0.27439738247073925,False,
2025-11-24 12:30:00,8013655,6025800,3,0,14.039455889737482,0,0.2137,0.1607,2.1e-05,1,0.2580594789372369,False,
2025-11-24 12:35:00,10407547,5201024,1,3,15.608572106783296,0,0.2775,0.1387,2.6e-05,1,0.24929823094441478,False,
2025-11-24 12:40:00,7032746,5177007,2,2,12.209754167142483,0,0.1875,0.1381,3.3e-05,1,0.23128167423284413,False,
2025-11-24 12:45:00,9466677,6165454,2,1,15.632131577078717,0,0.2524,0.1644,1.9e-05,1,0.2591064594722506,False,
2025-11-24 12:50:00,9996915,5759921,10,2,15.7568367975331,0,0.2666,0.1536,7.6e-05,1,0.13727152778574014,False,
2025-11-24 12:55:00,9368134,8645623,2,0,18.01375802339767,0,0.2498,0.2305,1.1e-05,1,0.15247872905046644,False,
2025-11-24 13:00:00,9229998,6925201,2,0,16.155200537739816,0,0.2461,0.1847,1.2e-05,1,0.2421845037510873,False,
2025-11-24 13:05:00,9801229,5596405,3,3,15.397635108355647,0,0.2614,0.1492,3.9e-05,1,0.2600077265508046,False,
2025-11-24 13:10:00,9224100,5368006,2,2,14.592106597336375,0,0.246,0.1431,2.7e-05,1,0.2663670646659931,False,
2025-11-24 13:15:00,8692062,7099342,1,2,15.791405278366918,0,0.2318,0.1893,1.9e-05,1,0.25548363538560936,False,
2025-11-24 13:20:00,8011444,5548150,1,3,13.559595106265409,0,0.2136,0.148,2.9e-05,1,0.26037279674610214,False,
2025-11-24 13:25:00,7719369,4595727,1,1,12.315097219010209,0,0.2058,0.1226,1.6e-05,1,0.19375099109418997,False,
2025-11-24 13:30:00,11320764,7074865,4,3,18.395630565484623,0,0.3019,0.1887,3.8e-05,1,0.199553344154137,False,
2025-11-24 13:35:00,7746948,5848082,4,2,13.595031247503018,0,0.2066,0.1559,4.4e-05,1,0.25376814966386674,False,
2025-11-24 13:40:00,11851744,7456956,4,1,19.3087003569926,0,0.316,0.1989,2.6e-05,1,0.15198259630149918,False,
2025-11-24 13:45:00,9231337,5254232,5,3,14.485570098479764,0,0.2462,0.1401,5.5e-05,1,0.2353416930223406,False,
2025-11-24 13:50:00,11914348,6178725,2,4,18.093074433950587,0,0.3177,0.1648,3.3e-05,1,0.1964363193575075,False,
2025-11-24 13:55:00,9842236,6821628,3,0,16.663864742580767,0,0.2625,0.1819,1.8e-05,1,0.2561096760628511,False,
2025-11-24 14:00:00,9191056,6990553,0,3,16.181610693506386,0,0.2451,0.1864,1.9e-05,1,0.2618413488119553,False,
2025-11-24 14:05:00,10407947,3888831,5,1,14.29677917155562,0,0.2775,0.1037,4.2e-05,1,0.2053449134197199,False,
2025-11-24 14:10:00,11303638,5886181,3,5,17.18982040424564,0,0.3014,0.157,4.7e-05,1,0.20410999577290762,False,
2025-11-24 14:15:00,11500044,7481692,3,4,18.981736254025737,0,0.3067,0.1995,3.7e-05,1,0.184858135007252,False,
2025-11-24 14:20:00,8622662,7648340,3,0,16.271002881371917,0,0.2299,0.204,1.8e-05,1,0.24348464430036032,False,
2025-11-24 14:25:00,12400474,5346696,4,2,17.747171295401486,0,0.3307,0.1426,3.4e-05,1,0.1830386050487522,False,
2025-11-24 14:30:00,7731004,7223739,4,1,14.954743604624502,0,0.2062,0.1926,3.3e-05,1,0.25934080512526275,False,
2025-11-24 14:35:00,11674545,5564212,5,2,17.238758058188118,0,0.3113,0.1484,4.1e-05,1,0.21118681378925974,False,
2025-11-24 14:40:00,9796294,6214723,6,5,16.01101788313407,0,0.2612,0.1657,6.9e-05,1,0.16353496956742947,False,
2025-11-24 14:45:00,9033946,5893785,5,3,14.927731020100406,0,0.2409,0.1572,5.4e-05,1,0.24418825605401645,False,
2025-11-24 14:50:00,7993223,7841891,3,0,15.835114843968798,0,0.2132,0.2091,1.9e-05,1,0.22109699587009246,False,
2025-11-24 14:55:00,10206246,5737407,2,2,15.943653686262998,0,0.2722,0.153,2.5e-05,1,0.26047654438770806,False,
2025-11-24 15:00:00,11557169,3630086,5,1,15.187256269965935,0,0.3082,0.0968,4e-05,1,0.17485900225756817,False,
2025-11-24 15:05:00,10092341,5057267,5,2,15.149609144426028,0,0.2691,0.1349,4.6e-05,1,0.24733506814349526,False,
2025-11-24 15:10:00,10705916,4401077,0,1,15.106994189199094,0,0.2855,0.1174,7e-06,1,0.1665519221233645,False,
2025-11-24 15:15:00,6461660,5703125,3,1,12.164786067753532,0,0.1723,0.1521,3.3e-05,1,0.22348474009010494,False,
2025-11-24 15:20:00,10846822,7370166,7,6,18.216988650297687,0,0.2892,0.1965,7.1e-05,1,0.12198187766854651,False,
2025-11-24 15:25:00,8858889,8965375,1,2,17.824264609797375,0,0.2362,0.2391,1.7e-05,1,0.1499772930539578,False,
2025-11-24 15:30:00,6644640,7756322,5,1,14.400963197241133,0,0.1772,0.2068,4.2e-05,1,0.20380113935646088,False,
2025-11-24 15:35:00,10380779,4262079,2,1,14.642859020429066,0,0.2768,0.1137,2e-05,1,0.2220752051988723,False,
2025-11-24 15:40:00,11111043,6906754,2,3,18.01779863351653,0,0.2963,0.1842,2.8e-05,1,0.23035259052243312,False,
2025-11-24 15:45:00,8980946,7823380,2,1,16.804326906364206,0,0.2395,0.2086,1.8e-05,1,0.23150227022907155,False,
2025-11-24 15:50:00,10257802,5508430,3,2,15.766233271622315,0,0.2735,0.1469,3.2e-05,1,0.2632053270006954,False,
2025-11-24 15:55:00,7424418,5410801,3,1,12.83522011090591,0,0.198,0.1443,3.1e-05,1,0.24611148897337026,False,
2025-11-24 16:00:00,7051013,6119632,2,1,13.170645435095562,0,0.188,0.1632,2.3e-05,1,0.2312209487990557,False,
2025-11-24 16:05:00,7973208,5794500,1,2,13.76770884976828,0,0.2126,0.1545,2.2e-05,1,0.2556368456104925,False,
2025-11-24 16:10:00,7026951,6931391,2,4,13.958342974446277,0,0.1874,0.1848,4.3e-05,1,0.22822381863366803,False,
2025-11-24 16:15:00,11523778,6795363,5,2,18.319141290077017,0,0.3073,0.1812,3.8e-05,1,0.1971215928936385,False,
2025-11-24 16:20:00,8744240,5567677,2,2,14.31191857484123,0,0.2332,0.1485,2.8e-05,1,0.2669876563176685,False,
2025-11-24 16:25:00,7650823,7043268,3,1,14.69409245593022,0,0.204,0.1878,2.7e-05,1,0.2559369774774616,False,
2025-11-24 16:30:00,7088547,5684840,1,0,12.773387792786387,0,0.189,0.1516,8e-06,1,0.17145635352148764,False,
2025-11-24 16:35:00,8605756,7050361,3,2,15.65611824139867,0,0.2295,0.188,3.2e-05,1,0.26554892965460375,False,
2025-11-24 16:40:00,8099818,5317536,4,2,13.417354605038884,0,0.216,0.1418,4.5e-05,1,0.2531141484114765,False,
2025-11-24 16:45:00,6124673,4565365,2,1,10.690039652700545,0,0.1633,0.1217,2.8e-05,1,0.13909176171649518,False,
2025-11-24 16:50:00,7988588,5448369,2,1,13.43695837009371,0,0.213,0.1453,2.2e-05,1,0.25338316745353257,False,
2025-11-24 16:55:00,10700632,4374391,1,1,15.075023559543672,0,0.2854,0.1167,1.3e-05,1,0.18390674016353453,False,
2025-11-24 17:00:00,10174666,4843842,9,3,15.01850840087414,0,0.2713,0.1292,8e-05,1,0.12275363255223104,False,
2025-11-24 17:05:00,10986879,6694868,3,2,17.68174789221894,0,0.293,0.1785,2.8e-05,1,0.2433307424763666,False,
2025-11-24 17:10:00,10679088,7176447,4,2,17.855536521333047,0,0.2848,0.1914,3.4e-05,1,0.23535007843968325,False,
2025-11-24 17:15:00,9477065,7757217,5,2,17.234282911603753,0,0.2527,0.2069,4.1e-05,1,0.2254867699954789,False,
2025-11-24 17:20:00,7344858,3399200,2,0,10.744058420549282,0,0.1959,0.0906,1.9e-05,1,0.11054411120745777,False,
2025-11-24 17:25:00,9891649,5032892,2,1,14.924542163882307,0,0.2638,0.1342,2e-05,1,0.2513176186158845,False,
2025-11-24 17:30:00,9014090,4739834,5,0,13.75392539240713,0,0.2404,0.1264,3.6e-05,1,0.24726996176719673,False,
2025-11-24 17:35:00,9414255,5934149,0,1,15.348405536718628,0,0.251,0.1582,7e-06,1,0.22355624372875066,False,
2025-11-24 17:40:00,12320805,5167010,3,1,17.48781564553177,0,0.3286,0.1378,2.3e-05,1,0.18283609048530985,False,
2025-11-24 17:45:00,10258148,6850642,3,0,17.108790635980746,0,0.2736,0.1827,1.8e-05,1,0.23651180902621344,False,
2025-11-24 17:50:00,12046677,5547627,2,0,17.594304396356875,0,0.3212,0.1479,1.1e-05,1,0.15972764959647823,False,
2025-11-24 17:55:00,8037392,5777796,3,3,13.815188905356235,0,0.2143,0.1541,4.3e-05,1,0.25917557625591914,False,
2025-11-24 18:00:00,7744541,7201546,5,2,14.946088002203496,0,0.2065,0.192,4.7e-05,1,0.24664018680131145,False,
2025-11-24 18:05:00,9193343,6616315,4,2,15.809659395987458,0,0.2452,0.1764,3.8e-05,1,0.2647548641856686,False,
2025-11-24 18:10:00,10191544,5967850,6,1,16.159394695553804,0,0.2718,0.1591,4.3e-05,1,0.24145017660525026,False,
2025-11-24 18:15:00,9420689,5345179,3,2,14.765868640618883,0,0.2512,0.1425,3.4e-05,1,0.2657839701097668,False,
2025-11-24 18:20:00,9671367,4972305,2,1,14.64367243767643,0,0.2579,0.1326,2e-05,1,0.24867316530604122,False,
2025-11-24 18:25:00,11953403,5702736,7,3,17.656140084067054,0,0.3188,0.1521,5.7e-05,1,0.14846184405831842,False,
2025-11-24 18:30:00,9636139,5207117,2,2,14.843256893920277,0,0.257,0.1389,2.7e-05,1,0.25954621173545106,False,
2025-11-24 18:35:00,8170758,4849166,3,2,13.019924577589316,0,0.2179,0.1293,3.8e-05,1,0.24924186323970476,False,
2025-11-24 18:40:00,8879801,6609403,1,4,15.489204971412018,0,0.2368,0.1763,3.2e-05,1,0.2733052375732921,False,
2025-11-24 18:45:00,11256980,7092994,1,0,18.34997510090911,0,0.3002,0.1891,5e-06,1,0.1432578285916497,False,
2025-11-24 18:50:00,9288113,4516165,4,2,13.804278498381288,0,0.2477,0.1204,4.3e-05,1,0.22851831717300225,False,
2025-11-24 18:55:00,9067828,6244885,3,1,15.312713742019026,0,0.2418,0.1665,2.6e-05,1,0.27134684349136623,False,
2025-11-24 19:00:00,6696803,6271235,2,0,12.968038507217525,0,0.1786,0.1672,1.5e-05,1,0.2035394389031886,False,
2025-11-24 19:05:00,10775485,6739985,2,1,17.51547168875783,0,0.2873,0.1797,1.7e-05,1,0.22651682225531833,False,
2025-11-24 19:10:00,9311480,6874793,4,0,16.186274020686714,0,0.2483,0.1833,2.5e-05,1,0.2701111632449722,False,
2025-11-24 19:15:00,12289372,5807282,2,1,18.096654774676576,0,0.3277,0.1549,1.7e-05,1,0.16584263311594843,False,
2025-11-24 19:20:00,10422162,6085114,2,0,16.50727730601505,0,0.2779,0.1623,1.2e-05,1,0.22568521216522253,False,
2025-11-24 19:25:00,11908747,6524954,3,1,18.43370222589443,0,0.3176,0.174,2.2e-05,1,0.1842917764448062,False,
2025-11-24 19:30:00,7570726,8077080,1,4,15.647806445245145,0,0.2019,0.2154,3.2e-05,1,0.22034911688849756,False,
2025-11-24 19:35:00,8674962,7064961,4,1,15.739923420076812,0,0.2313,0.1884,3.2e-05,1,0.2647676544424606,False,
2025-11-24 19:40:00,8280868,5324052,6,0,13.60492027200487,0,0.2208,0.142,4.4e-05,1,0.25798715592780364,False,
2025-11-24 19:45:00,11456940,5219806,4,2,16.676746294518345,0,0.3055,0.1392,3.6e-05,1,0.22750928628559453,False,
2025-11-24 19:50:00,10012354,5290287,4,2,15.302641632768935,0,0.267,0.1411,3.9e-05,1,0.25469647750928087,False,
2025-11-24 19:55:00,9131116,6385353,2,3,15.516470679491476,0,0.2435,0.1703,3.2e-05,1,0.27334638219213836,False,
2025-11-24 20:00:00,8812314,6272577,2,1,15.084891950857584,0,0.235,0.1673,2e-05,1,0.2636809724413315,False,
2025-11-24 20:05:00,10666646,4607762,3,3,15.274409389323246,0,0.2844,0.1229,3.9e-05,1,0.22886741000960203,False,
2025-11-24 20:10:00,7536448,6232272,4,1,13.768720975110169,0,0.201,0.1662,3.6e-05,1,0.2539215474067762,False,
2025-11-24 20:15:00,7439527,6372740,4,0,13.812267654569268,0,0.1984,0.1699,2.9e-05,1,0.248794042064428,False,
2025-11-24 20:20:00,8122554,7324037,2,2,15.446592456566272,0,0.2166,0.1953,2.6e-05,1,0.26562829645307506,False,
2025-11-24 20:25:00,7824174,3868952,3,2,11.69312713430718,0,0.2086,0.1032,4.3e-05,1,0.19055130337404935,False,
2025-11-24 20:30:00,8943226,7401242,2,4,16.344468961305477,0,0.2385,0.1974,3.7e-05,1,0.2533520646811869,False,
2025-11-24 20:35:00,6671413,7065444,1,4,13.736857609788034,0,0.1779,0.1884,3.6e-05,1,0.23244068549634006,False,
2025-11-24 20:40:00,8196300,6959818,2,0,15.156118970751155,0,0.2186,0.1856,1.3e-05,1,0.24067319678663496,False,
2025-11-24 20:45:00,10762121,6246043,5,3,17.008164869111788,0,0.287,0.1666,4.7e-05,1,0.21266098327447908,False,
2025-11-24 20:50:00,12344363,4848817,5,1,17.19318113258127,0,0.3292,0.1293,3.5e-05,1,0.188989361244484,False,
2025-11-24 20:55:00,7247700,7813458,1,2,15.061159831976138,0,0.1933,0.2084,2e-05,1,0.22223581651231994,False,
2025-11-24 21:00:00,10041902,6499239,1,2,16.541141684835324,0,0.2678,0.1733,1.8e-05,1,0.25286112345245176,False,
2025-11-24 21:05:00,10152434,6647541,4,2,16.799976132481277,0,0.2707,0.1773,3.6e-05,1,0.255736391590551,False,
2025-11-24 21:10:00,7730173,5974379,4,3,13.7045525339408,0,0.2061,0.1593,5.1e-05,1,0.2477931750740872,False,
2025-11-24 21:15:00,8867329,7490256,3,0,16.35758603546544,0,0.2365,0.1997,1.8e-05,1,0.2440886909670319,False,
2025-11-24 21:20:00,9936319,7757420,2,3,17.693740176991003,0,0.265,0.2069,2.8e-05,1,0.23020924495756345,False,
2025-11-24 21:25:00,8566890,5533332,4,4,14.100222855198624,0,0.2285,0.1476,5.7e-05,1,0.23558561501280434,False,
2025-11-24 21:30:00,8869601,5753286,7,1,14.622887990261468,0,0.2365,0.1534,5.5e-05,1,0.24334370257552468,False,
2025-11-24 21:35:00,10208894,7169587,0,1,17.378481598568662,0,0.2722,0.1912,6e-06,1,0.19001200605437152,False,
2025-11-24 21:40:00,7042231,5676024,6,1,12.718255832234856,0,0.1878,0.1514,5.5e-05,1,0.2276963917237556,False,
2025-11-24 21:45:00,9644787,4831464,3,2,14.476251874407358,0,0.2572,0.1288,3.5e-05,1,0.25614984793037193,False,
2025-11-24 21:50:00,7682172,6150218,1,1,13.832391216743764,0,0.2049,0.164,1.4e-05,1,0.22354149245561683,False,
2025-11-24 21:55:00,11331106,6707507,6,2,18.038613749221533,0,0.3022,0.1789,4.4e-05,1,0.19884349509452254,False,
2025-11-24 22:00:00,10275935,5692390,3,1,15.968325695468833,0,0.274,0.1518,2.5e-05,1,0.2584175085982395,False,
2025-11-24 22:05:00,10502814,5908933,4,2,16.411748297843364,0,0.2801,0.1576,3.7e-05,1,0.2516631307879452,False,
2025-11-24 22:10:00,8181803,6659483,2,3,14.841286926176226,0,0.2182,0.1776,3.4e-05,1,0.268822771097931,False,
2025-11-24 22:15:00,10243234,6047718,1,1,16.290953684480563,0,0.2732,0.1613,1.2e-05,1,0.22842140950353385,False,
2025-11-24 22:20:00,7024297,9044421,3,2,16.068719041477824,0,0.1873,0.2412,3.1e-05,1,0.16322053142925552,False,
2025-11-24 22:25:00,8096096,5644948,3,1,13.741044745974683,0,0.2159,0.1505,2.9e-05,1,0.2655414083946509,False,
2025-11-24 22:30:00,8438106,6079659,1,0,14.51776518598862,0,0.225,0.1621,7e-06,1,0.21389430017018057,False,
2025-11-24 22:35:00,9317120,7651520,4,0,16.968640444351077,0,0.2485,0.204,2.4e-05,1,0.2433324172749896,False,
2025-11-24 22:40:00,8325569,5079660,7,3,13.405229329034976,0,0.222,0.1355,7.5e-05,1,0.15603629961156257,False,
2025-11-24 22:45:00,8114156,6550498,3,4,14.664654822689728,0,0.2164,0.1747,4.8e-05,1,0.2537954012936234,False,
2025-11-24 22:50:00,11352872,6082901,3,6,17.43577469176293,0,0.3027,0.1622,5.2e-05,1,0.1884479569589005,False,
2025-11-24 22:55:00,10453770,9260280,3,1,19.714050943348283,0,0.2788,0.2469,2e-05,1,0.09678613132725367,False,
2025-11-24 23:00:00,11092887,6627926,4,2,17.720814561789602,0,0.2958,0.1767,3.4e-05,1,0.2326668580867135,False,
2025-11-24 23:05:00,12135165,4417152,3,1,16.552317773673174,0,0.3236,0.1178,2.4e-05,1,0.19590837409827433,False,
2025-11-24 23:10:00,5881224,5247007,2,1,11.12823221411126,0,0.1568,0.1399,2.7e-05,1,0.17484042195227717,False,
2025-11-24 23:15:00,8704473,5208467,6,1,13.9129407250386,0,0.2321,0.1389,5e-05,1,0.25208546118355657,False,
2025-11-24 23:20:00,11770788,5530240,2,2,17.30102878261327,0,0.3139,0.1475,2.3e-05,1,0.20824479911901916,False,
2025-11-24 23:25:00,11207841,8209047,2,5,19.416888929573997,0,0.2989,0.2189,3.6e-05,1,0.1386805159254889,False,
2025-11-24 23:30:00,10430971,7450477,5,2,17.881449448564485,0,0.2782,0.1987,3.9e-05,1,0.2214633184533486,False,
2025-11-24 23:35:00,7614877,5912727,2,1,13.527604458711506,0,0.2031,0.1577,2.2e-05,1,0.2469052894063291,False,
2025-11-24 23:40:00,8464955,5799367,4,3,14.264322725841737,0,0.2257,0.1546,4.9e-05,1,0.252614601039343,False,
2025-11-24 23:45:00,8852171,7171306,2,3,16.023478632000483,0,0.2361,0.1912,3.1e-05,1,0.2654163064220278,False,
2025-11-24 23:50:00,10788435,7898220,2,3,18.68665595299433,0,0.2877,0.2106,2.7e-05,1,0.19199371343445043,False,
2025-11-24 23:55:00,7741167,6630797,3,0,14.371965483007887,0,0.2064,0.1768,2.1e-05,1,0.2552249853538651,False,
2025-11-25 00:00:00,9345199,6885725,2,2,16.230925841658014,0,0.2492,0.1836,2.5e-05,1,0.2701111632449722,False,
2025-11-25 00:05:00,6454420,5024207,1,2,11.47862802450808,0,0.1721,0.134,2.6e-05,1,0.1885389798647683,False,
2025-11-25 00:10:00,8917343,7778343,1,0,16.69568666926224,0,0.2378,0.2074,6e-06,1,0.19420122388815458,False,
2025-11-25 00:15:00,8622334,5900174,3,0,14.52250969506924,0,0.2299,0.1573,2.1e-05,1,0.2567551516074157,False,
2025-11-25 00:20:00,7125460,5523364,4,3,12.648824635914549,0,0.19,0.1473,5.5e-05,1,0.2254245359296177,False,
2025-11-25 00:25:00,12595988,6315649,3,0,18.9116383945366,0,0.3359,0.1684,1.6e-05,1,0.13696219165959012,False,
2025-11-25 00:30:00,9118143,5898405,8,1,15.016548994593018,0,0.2432,0.1573,6e-05,1,0.22638358506333828,False,
2025-11-25 00:35:00,13391560,4899626,2,3,18.291186998731806,0,0.3571,0.1307,2.7e-05,1,0.13510770449525988,False,
2025-11-25 00:40:00,11054571,5892430,4,1,16.94700143774083,0,0.2948,0.1571,3e-05,1,0.24232722343032964,False,
2025-11-25 00:45:00,8551920,5340903,2,5,13.892824527917051,0,0.2281,0.1424,5e-05,1,0.2506135020873582,False,
2025-11-25 00:50:00,9679774,5746635,4,0,15.426410033685558,0,0.2581,0.1532,2.6e-05,1,0.2649589735955376,False,
2025-11-25 00:55:00,7485397,5417468,3,1,12.902866331577073,0,0.1996,0.1445,3.1e-05,1,0.24663558895438342,False,
2025-11-25 01:00:00,8716867,7878051,3,3,16.594918505818043,0,0.2324,0.2101,3.6e-05,1,0.23307107740255978,False,
2025-11-25 01:05:00,9823251,7838401,3,2,17.661653139718297,0,0.262,0.209,2.8e-05,1,0.2270814513732437,False,
2025-11-25 01:10:00,9523426,6959750,3,3,16.483177580565485,0,0.254,0.1856,3.6e-05,1,0.2650364383097175,False,
2025-11-25 01:15:00,10219146,6636255,4,5,16.855401594081933,0,0.2725,0.177,5.3e-05,1,0.2156714657185323,False,
2025-11-25 01:20:00,9985580,6167589,3,1,16.15317000235259,0,0.2663,0.1645,2.5e-05,1,0.26117680573046875,False,
2025-11-25 01:25:00,11585835,7206424,6,2,18.792260642297723,0,0.309,0.1922,4.3e-05,1,0.1752980801058917,False,
2025-11-25 01:30:00,10195121,5434114,1,2,15.629236043963587,0,0.2719,0.1449,1.9e-05,1,0.24723901432468842,False,
2025-11-25 01:35:00,10663567,7177728,2,1,17.841296056276835,0,0.2844,0.1914,1.7e-05,1,0.21956703232698677,False,
2025-11-25 01:40:00,7744228,4576250,2,0,12.320478685349125,0,0.2065,0.122,1.6e-05,1,0.19407456501257525,False,
2025-11-25 01:45:00,7474688,5756186,6,2,13.23087548080825,0,0.1993,0.1535,6e-05,1,0.2154343599470856,False,
2025-11-25 01:50:00,9640405,6802278,5,4,16.442683609853475,0,0.2571,0.1814,5.5e-05,1,0.22159662818906634,False,
2025-11-25 01:55:00,8871744,5582802,5,4,14.45454662059891,0,0.2366,0.1489,6.2e-05,1,0.21983378256698705,False,
2025-11-25 02:00:00,8573317,6951082,5,1,15.524400124007192,0,0.2286,0.1854,3.9e-05,1,0.26104067755364874,False,
2025-11-25 02:05:00,10568838,6963324,3,0,17.532162614530865,0,0.2818,0.1857,1.7e-05,1,0.22652231077903534,False,
2025-11-25 02:10:00,8286412,6119589,0,4,14.4060025656299,0,0.221,0.1632,2.8e-05,1,0.2703470685005139,False,
2025-11-25 02:15:00,7818648,6769436,1,4,14.588085117688909,0,0.2085,0.1805,3.4e-05,1,0.2600669813629548,False,
2025-11-25 02:20:00,7205754,5024711,3,4,12.230466102418774,0,0.1922,0.134,5.7e-05,1,0.20337735250494665,False,
2025-11-25 02:25:00,11129097,7615801,2,3,18.74489859722488,0,0.2968,0.2031,2.7e-05,1,0.1913961941964355,False,
2025-11-25 02:30:00,8345302,6092035,1,3,14.437337767443,0,0.2225,0.1625,2.8e-05,1,0.268344678222111,False,
2025-11-25 02:35:00,7666487,6973451,3,3,14.639938734435113,0,0.2044,0.186,4.1e-05,1,0.25184871333273545,False,
2025-11-25 02:40:00,9787819,4456894,1,1,14.244714127730717,0,0.261,0.1189,1.4e-05,1,0.1936730812007605,False,
2025-11-25 02:45:00,8336363,4021585,3,0,12.357949137505958,0,0.2223,0.1072,2.4e-05,1,0.21624888199022663,False,
2025-11-25 02:50:00,10311177,6056001,2,2,16.367178788739693,0,0.275,0.1615,2.4e-05,1,0.25817447759071244,False,
2025-11-25 02:55:00,9762704,5688462,4,0,15.45116644694788,0,0.2603,0.1517,2.6e-05,1,0.26572276601076006,False,
2025-11-25 03:00:00,8936794,6226511,1,3,15.163306437915722,0,0.2383,0.166,2.6e-05,1,0.2724296076527391,False,
2025-11-25 03:05:00,8413564,8541934,6,5,16.955498676662543,0,0.2244,0.2278,6.5e-05,1,0.12306934451781792,False,
2025-11-25 03:10:00,9185111,4825329,2,2,14.010440368736814,0,0.2449,0.1287,2.9e-05,1,0.2562727116670054,False,
2025-11-25 03:15:00,10825827,6842976,3,3,17.668803952730574,0,0.2887,0.1825,3.4e-05,1,0.23988615583297224,False,
2025-11-25 03:20:00,9502194,4435620,3,3,13.93781505263933,0,0.2534,0.1183,4.3e-05,1,0.22528858083919207,False,
2025-11-25 03:25:00,10428039,5205815,3,0,15.633854895527536,0,0.2781,0.1388,1.9e-05,1,0.23812000104256187,False,
2025-11-25 03:30:00,11254283,5562465,3,3,16.81674957727526,0,0.3001,0.1483,3.6e-05,1,0.2412072617218355,False,
2025-11-25 03:35:00,7956936,8317665,1,3,16.274601450958762,0,0.2122,0.2218,2.5e-05,1,0.20225502862206735,False,
2025-11-25 03:40:00,10291958,7039825,1,2,17.33178376440519,0,0.2745,0.1877,1.7e-05,1,0.23036660489587552,False,
2025-11-25 03:45:00,6814858,6818007,3,1,13.632866539757096,0,0.1817,0.1818,2.9e-05,1,0.23109531413363948,False,
2025-11-25 03:50:00,9965338,6664057,5,2,16.629395870536367,0,0.2657,0.1777,4.2e-05,1,0.24703053111729378,False,
2025-11-25 03:55:00,11196312,6140915,7,5,17.337228140404903,0,0.2986,0.1638,6.9e-05,1,0.13878809895368904,False,
2025-11-25 04:00:00,10687745,5566803,4,1,16.254549873731683,0,0.285,0.1484,3.1e-05,1,0.26268902287927715,False,
2025-11-25 04:05:00,7775564,3988753,1,2,11.76431801090197,0,0.2073,0.1064,2.6e-05,1,0.19244784771015244,False,
2025-11-25 04:10:00,9712458,5799719,4,4,15.512178007352215,0,0.259,0.1547,5.2e-05,1,0.24263050596252778,False,
2025-11-25 04:15:00,9302973,3382806,3,0,12.685780550718151,0,0.2481,0.0902,2.4e-05,1,0.18761772475124733,False,
2025-11-25 04:20:00,10171001,6135706,4,2,16.30670807615691,0,0.2712,0.1636,3.7e-05,1,0.25766828211369525,False,
2025-11-25 04:25:00,9811194,3337645,3,2,13.148839992090728,0,0.2616,0.089,3.8e-05,1,0.18690045539981365,False,
2025-11-25 04:30:00,8938803,5692891,4,1,14.631694791278472,0,0.2384,0.1518,3.4e-05,1,0.27085269232552117,False,
2025-11-25 04:35:00,9257232,4591984,2,3,13.84921682717986,0,0.2469,0.1225,3.6e-05,1,0.24451216915384621,False,
2025-11-25 04:40:00,10458694,5428861,5,4,15.887556251785442,0,0.2789,0.1448,5.7e-05,1,0.21237480857778124,False,
2025-11-25 04:45:00,11187096,6128042,5,3,17.315139136939916,0,0.2983,0.1634,4.6e-05,1,0.2065367217659173,False,
2025-11-25 04:50:00,8929273,5962559,4,3,14.891832640889904,0,0.2381,0.159,4.7e-05,1,0.2567650116977468,False,
2025-11-25 04:55:00,8393596,5732581,2,0,14.12617803024541,0,0.2238,0.1529,1.4e-05,1,0.2286955770843952,False,
2025-11-25 05:00:00,8181603,5662901,3,2,13.844504871629953,0,0.2182,0.151,3.6e-05,1,0.26796177808572735,False,
2025-11-25 05:05:00,9170924,4001109,5,4,13.172034397831014,0,0.2446,0.1067,6.8e-05,1,0.15808126913827303,False,
2025-11-25 05:10:00,9799365,5690313,3,0,15.489679831661071,0,0.2613,0.1517,1.9e-05,1,0.25624875507699396,False,
2025-11-25 05:15:00,8785420,5152604,1,1,13.93802554820573,0,0.2343,0.1374,1.4e-05,1,0.22665836562313552,False,
2025-11-25 05:20:00,9783117,7511503,3,1,17.294621594209193,0,0.2609,0.2003,2.3e-05,1,0.23891112005523435,False,
2025-11-25 05:25:00,11607318,6142534,7,1,17.749852868050354,0,0.3095,0.1638,4.5e-05,1,0.19287584927747486,False,
2025-11-25 05:30:00,9573024,6775349,1,1,16.34837460927018,0,0.2553,0.1807,1.2e-05,1,0.23572587046251764,False,
2025-11-25 05:35:00,9453608,7203602,2,2,16.657211150622473,0,0.2521,0.1921,2.4e-05,1,0.259532447272594,False,
2025-11-25 05:40:00,11392193,6529693,3,6,17.9218875131691,0,0.3038,0.1741,5e-05,1,0.18322431469042721,False,
2025-11-25 05:45:00,9176190,6230467,3,0,15.406658314085735,0,0.2447,0.1661,1.9e-05,1,0.2618588035214423,False,
2025-11-25 05:50:00,9171481,7149917,2,0,16.32139852090582,0,0.2446,0.1907,1.2e-05,1,0.2375380800897522,False,
2025-11-25 05:55:00,8992052,5414302,5,3,14.406355511896171,0,0.2398,0.1444,5.6e-05,1,0.23523146733258998,False,
2025-11-25 06:00:00,9680086,6621420,0,3,16.301506193185684,0,0.2581,0.1766,1.8e-05,1,0.25931624286201516,False,
2025-11-25 06:05:00,8220000,5068671,6,0,13.28867185756716,0,0.2192,0.1352,4.5e-05,1,0.25149584237750056,False,
2025-11-25 06:10:00,10486854,5532615,3,4,16.019469765119762,0,0.2796,0.1475,4.4e-05,1,0.23893572289934206,False,
2025-11-25 06:15:00,7045738,5654808,2,0,12.700547937373722,0,0.1879,0.1508,1.6e-05,1,0.20892552051290691,False,
2025-11-25 06:20:00,7577084,5737227,6,4,13.314312093216968,0,0.2021,0.153,7.5e-05,1,0.15508580440439834,False,
2025-11-25 06:25:00,8895754,6988153,5,2,15.883907866870334,0,0.2372,0.1864,4.4e-05,1,0.24663439917266633,False,
2025-11-25 06:30:00,12024677,4445696,2,1,16.47037472236917,0,0.3207,0.1186,1.8e-05,1,0.17384563045787904,False,
2025-11-25 06:35:00,9280712,6503904,2,2,15.784616680245836,0,0.2475,0.1734,2.5e-05,1,0.2684137601670095,False,
2025-11-25 06:40:00,10619084,5946754,2,2,16.565839134674583,0,0.2832,0.1586,2.4e-05,1,0.2544330149948766,False,
2025-11-25 06:45:00,6079449,5827361,3,4,11.90681184354319,0,0.1621,0.1554,5.9e-05,1,0.178441331416286,False,
2025-11-25 06:50:00,9550598,6432681,3,4,15.983280276567465,0,0.2547,0.1715,4.4e-05,1,0.2473994121659408,False,
2025-11-25 06:55:00,9182137,8126123,1,1,17.308260578302377,0,0.2449,0.2167,1.2e-05,1,0.18501715834993326,False,
2025-11-25 07:00:00,9028055,7906622,1,0,16.934677680542613,0,0.2407,0.2108,6e-06,1,0.18024735772232664,False,
2025-11-25 07:05:00,8351294,8332244,3,3,16.683538667262575,0,0.2227,0.2222,3.6e-05,1,0.19983938572597887,False,
2025-11-25 07:10:00,7354537,5012355,3,3,12.366892987245492,0,0.1961,0.1337,4.9e-05,1,0.2250642457578101,False,
2025-11-25 07:15:00,8288682,5709656,2,1,13.99833871872753,0,0.221,0.1523,2.1e-05,1,0.25814511658564326,False,
2025-11-25 07:20:00,5515872,5598122,1,5,11.113994869292382,0,0.1471,0.1493,5.4e-05,1,0.14563058652858796,False,
2025-11-25 07:25:00,7812699,3661428,1,2,11.474127847311062,0,0.2083,0.0976,2.6e-05,1,0.16859355597777848,False,
2025-11-25 07:30:00,6923210,6058647,6,4,12.981857375809408,0,0.1846,0.1616,7.7e-05,1,0.14284209207193566,False,
2025-11-25 07:35:00,10649233,7199412,3,1,17.848646253603544,0,0.284,0.192,2.2e-05,1,0.23230084950110552,False,
2025-11-25 07:40:00,7228788,3770378,5,2,10.999166940920627,0,0.1928,0.1005,6.4e-05,1,0.12191328241997124,False,
2025-11-25 07:45:00,9688826,5371945,1,0,15.060772536224873,0,0.2584,0.1433,7e-06,1,0.20988540272353945,False,
2025-11-25 07:50:00,10431617,6126328,1,2,16.557946819489803,0,0.2782,0.1634,1.8e-05,1,0.2484868386514446,False,
2025-11-25 07:55:00,7878425,8122719,1,3,16.001145368968682,0,0.2101,0.2166,2.5e-05,1,0.20982429406927733,False,
2025-11-25 08:00:00,7324044,4813513,8,3,12.137558344790552,0,0.1953,0.1284,9.1e-05,1,0.09524569691610152,False,
2025-11-25 08:05:00,8994538,7642387,8,4,16.636925604663066,0,0.2399,0.2038,7.2e-05,1,0.13606991780695643,False,
2025-11-25 08:10:00,10515429,5073345,0,2,15.58877472531363,0,0.2804,0.1353,1.3e-05,1,0.20787770962039165,False,
2025-11-25 08:15:00,9212383,6758727,5,2,15.971110887709523,0,0.2457,0.1802,4.4e-05,1,0.24879642503151278,False,
2025-11-25 08:20:00,8793359,6916876,5,1,15.710236502953176,0,0.2345,0.1845,3.8e-05,1,0.265366402483949,False,
2025-11-25 08:25:00,13822717,4872426,0,2,18.695143259447622,0,0.3686,0.1299,1.1e-05,1,0.07967333365486906,False,
2025-11-25 08:30:00,9400449,4688968,5,3,14.089418632539342,0,0.2507,0.125,5.7e-05,1,0.21025473209014423,False,
2025-11-25 08:35:00,8831798,6772744,4,2,15.604543755765462,0,0.2355,0.1806,3.8e-05,1,0.2691274630234716,False,
2025-11-25 08:40:00,10274689,5545096,4,3,15.819785676045406,0,0.274,0.1479,4.4e-05,1,0.24015683799941656,False,
2025-11-25 08:45:00,9748561,6469548,2,3,16.21811025726993,0,0.26,0.1725,3.1e-05,1,0.26765498764581974,False,
2025-11-25 08:50:00,10518456,5168977,2,6,15.687434251856306,0,0.2805,0.1378,5.1e-05,1,0.22887428818055744,False,
2025-11-25 08:55:00,6571624,6128172,1,1,12.699796679628776,0,0.1752,0.1634,1.6e-05,1,0.20421562579964836,False,
2025-11-25 09:00:00,8885303,6272063,3,2,15.157366708922398,0,0.2369,0.1673,3.3e-05,1,0.2732873340987882,False,
2025-11-25 09:05:00,10196101,5846325,2,1,16.04242716161572,0,0.2719,0.1559,1.9e-05,1,0.2501008979935104,False,
2025-11-25 09:10:00,7836350,7772313,2,2,15.608664849376083,0,0.209,0.2073,2.6e-05,1,0.24547379323836943,False,
2025-11-25 09:15:00,10263247,3120384,1,0,13.38363203049899,0,0.2737,0.0832,7e-06,1,0.1099747686415321,False,
2025-11-25 09:20:00,9840512,5069174,4,2,14.909686776425977,0,0.2624,0.1352,4e-05,1,0.25774179974545663,False,
2025-11-25 09:25:00,9790127,5693972,6,6,15.4841004463083,0,0.2611,0.1518,7.7e-05,1,0.140073796521478,False,
2025-11-25 09:30:00,7461686,7943319,2,2,15.405006443147814,0,0.199,0.2118,2.6e-05,1,0.23263866083655377,False,
2025-11-25 09:35:00,7042113,4812224,5,3,11.854338813996945,0,0.1878,0.1283,6.7e-05,1,0.1660437067905136,False,
2025-11-25 09:40:00,7405687,6617176,6,2,14.022864822525944,0,0.1975,0.1765,5.7e-05,1,0.2253032814344315,False,
2025-11-25 09:45:00,7853015,6197874,1,2,14.0508895919501,0,0.2094,0.1653,2.1e-05,1,0.2560844446326669,False,
2025-11-25 09:50:00,9705552,6968684,1,0,16.674236656833337,0,0.2588,0.1858,6e-06,1,0.21501032795700503,False,
2025-11-25 09:55:00,8332508,6931638,4,0,15.26414650321655,0,0.2222,0.1848,2.6e-05,1,0.26575292344180934,False,
2025-11-25 10:00:00,8125878,6495840,1,1,14.62171965423259,0,0.2167,0.1732,1.4e-05,1,0.2404052648204575,False,
2025-11-25 10:05:00,5571518,5832955,4,2,11.40447440982205,0,0.1486,0.1555,5.3e-05,1,0.15731722712280743,False,
2025-11-25 10:10:00,6831080,6409229,2,0,13.240309499118776,0,0.1822,0.1709,1.5e-05,1,0.20039803308886056,False,
2025-11-25 10:15:00,8873742,7154176,3,2,16.027919243198628,0,0.2366,0.1908,3.1e-05,1,0.26486298080175774,False,
2025-11-25 10:20:00,6059970,7232620,4,1,13.29259014923869,0,0.1616,0.1929,3.8e-05,1,0.20436094641418157,False,
2025-11-25 10:25:00,8798676,5404126,3,1,14.202803896100615,0,0.2346,0.1441,2.8e-05,1,0.26528039604739173,False,
2025-11-25 10:30:00,8972980,6484971,1,3,15.45795175382417,0,0.2393,0.1729,2.6e-05,1,0.2721129149453952,False,
2025-11-25 10:35:00,12052061,5199800,5,3,17.25186189698072,0,0.3214,0.1387,4.6e-05,1,0.17798299118612604,False,
2025-11-25 10:40:00,8044950,7337500,4,0,15.382451084899524,0,0.2145,0.1957,2.6e-05,1,0.2612890480767416,False,
2025-11-25 10:45:00,11416320,4165961,1,1,15.582282456462082,0,0.3044,0.1111,1.3e-05,1,0.15738396764304696,False,
2025-11-25 10:50:00,10953084,7544357,4,2,18.49744202532145,0,0.2921,0.2012,3.2e-05,1,0.21403066861375514,False,
2025-11-25 10:55:00,8939284,6083254,6,2,15.022539590619738,0,0.2384,0.1622,5.3e-05,1,0.2514155030060826,False,
2025-11-25 11:00:00,8183158,8032006,5,3,16.215164980088378,0,0.2182,0.2142,4.9e-05,1,0.20542922437248334,False,
2025-11-25 11:05:00,8162160,6815673,4,2,14.977834007856524,0,0.2177,0.1818,4e-05,1,0.26525369467467025,False,
2025-11-25 11:10:00,7543766,5347733,3,0,12.891499726154503,0,0.2012,0.1426,2.3e-05,1,0.23553730702552195,False,
2025-11-25 11:15:00,7852702,5397202,2,1,13.249905199791517,0,0.2094,0.1439,2.3e-05,1,0.2424682200660957,False,
2025-11-25 11:20:00,9038508,6474865,2,2,15.513374161329704,0,0.241,0.1727,2.6e-05,1,0.2746253967021263,False,
2025-11-25 11:25:00,10908335,7774703,5,1,18.68303871456443,0,0.2909,0.2073,3.2e-05,1,0.20067110972915753,False,
2025-11-25 11:30:00,6556749,5773736,1,3,12.33048587884476,0,0.1748,0.154,3.2e-05,1,0.2351325467164087,False,
2025-11-25 11:35:00,8968659,4491670,4,5,13.46032929048574,0,0.2392,0.1198,6.7e-05,1,0.1743047977879872,False,
2025-11-25 11:40:00,9993114,5203034,5,2,15.19614931435612,0,0.2665,0.1387,4.6e-05,1,0.24679848661160286,False,
2025-11-25 11:45:00,7849057,7188040,2,5,15.037097379494194,0,0.2093,0.1917,4.7e-05,1,0.24521119218878584,False,
2025-11-25 11:50:00,8398493,4984932,3,2,13.38342674712916,0,0.224,0.1329,3.7e-05,1,0.25369721303279263,False,
2025-11-25 11:55:00,7165522,5359077,3,2,12.52460035465714,0,0.1911,0.1429,4e-05,1,0.2381698525892566,False,
2025-11-25 12:00:00,8666601,3650300,3,1,12.316901080490268,0,0.2311,0.0973,3.2e-05,1,0.2050802071779157,False,
2025-11-25 12:05:00,7370967,3272469,3,1,10.643436842857332,0,0.1966,0.0873,3.8e-05,1,0.12837091533759792,False,
2025-11-25 12:10:00,9292554,5688188,5,1,14.98074355476259,0,0.2478,0.1517,4e-05,1,0.2698471768651472,False,
2025-11-25 12:15:00,8970829,6669579,1,5,15.64040873175127,0,0.2392,0.1779,3.8e-05,1,0.26786049673558504,False,
2025-11-25 12:20:00,8559788,6004539,3,2,14.564327423139162,0,0.2283,0.1601,3.4e-05,1,0.2678544231963655,False,
2025-11-25 12:25:00,7588657,5877928,0,0,13.466585913633198,0,0.2024,0.1567,0.0,1,0.13962171570115955,False,
2025-11-25 12:30:00,8261165,7389340,1,5,15.650506311356695,0,0.2203,0.197,3.8e-05,1,0.25711583567396373,False,
2025-11-25 12:35:00,7433094,5513706,2,3,12.946801793691792,0,0.1982,0.147,3.9e-05,1,0.24846946291504868,False,
2025-11-25 12:40:00,10011481,5364994,3,2,15.376476073719692,0,0.267,0.1431,3.3e-05,1,0.2618631737069957,False,
2025-11-25 12:45:00,7842018,6302045,1,0,14.144064217539484,0,0.2091,0.1681,7e-06,1,0.1972162902258281,False,
2025-11-25 12:50:00,10304157,6101945,1,1,16.4061027409593,0,0.2748,0.1627,1.2e-05,1,0.22688550513777878,False,
2025-11-25 12:55:00,10094705,4084054,1,2,14.178760955926522,0,0.2692,0.1089,2.1e-05,1,0.21025419090573583,False,
2025-11-25 13:00:00,7796595,6892314,5,1,14.688909292503608,0,0.2079,0.1838,4.1e-05,1,0.2562495166166237,False,
2025-11-25 13:05:00,8217000,7257202,3,1,15.474202452430143,0,0.2191,0.1935,2.6e-05,1,0.2644521830057406,False,
2025-11-25 13:10:00,8184393,6975180,4,2,15.159573984460348,0,0.2183,0.186,4e-05,1,0.2653035871747233,False,
2025-11-25 13:15:00,10401243,3993850,2,2,14.395093491929012,0,0.2774,0.1065,2.8e-05,1,0.21145599557351047,False,
2025-11-25 13:20:00,10550034,5135281,5,0,15.685316487304874,0,0.2813,0.1369,3.2e-05,1,0.2554943314799465,False,
2025-11-25 13:25:00,5456985,4881964,3,1,10.338950075328986,0,0.1455,0.1302,3.9e-05,1,0.12232583094195659,False,
2025-11-25 13:30:00,9020027,5949464,3,0,14.969491638488272,0,0.2405,0.1587,2e-05,1,0.2680519951469471,False,
2025-11-25 13:35:00,10031367,7759274,1,1,17.790642215129616,0,0.2675,0.2069,1.1e-05,1,0.18967194558957157,False,
2025-11-25 13:40:00,10198429,6199091,0,0,16.397521004567615,0,0.272,0.1653,0.0,1,0.1716785318263292,False,
2025-11-25 13:45:00,10154801,5567338,3,1,15.722139727141505,0,0.2708,0.1485,2.5e-05,1,0.2631525042601204,False,
2025-11-25 13:50:00,11886436,5444156,6,3,17.33059284891598,0,0.317,0.1452,5.2e-05,1,0.16904176129405124,False,
2025-11-25 13:55:00,10216270,6168187,4,1,16.38445799152972,0,0.2724,0.1645,3.1e-05,1,0.26035095412223347,False,
2025-11-25 14:00:00,5652492,5576507,3,2,11.229000584561572,0,0.1507,0.1487,4.5e-05,1,0.16522577071774408,False,
2025-11-25 14:05:00,7815999,5707018,5,2,13.523018417442309,0,0.2084,0.1522,5.2e-05,1,0.24731188066875426,False,
2025-11-25 14:10:00,4374068,5797908,3,1,10.17197623773945,0,0.1166,0.1546,3.9e-05,1,0.09550655098183336,False,
2025-11-25 14:15:00,8152170,5447047,3,2,13.59921797732054,0,0.2174,0.1453,3.7e-05,1,0.26169649719092114,False,
2025-11-25 14:20:00,11796969,7313345,1,2,19.110314996170946,0,0.3146,0.195,1.6e-05,1,0.1455624331948721,False,
2025-11-25 14:25:00,7721941,6316004,1,3,14.037946334870528,0,0.2059,0.1684,2.8e-05,1,0.26221226811948833,False,
2025-11-25 14:30:00,8463105,5734384,2,2,14.197490502308346,0,0.2257,0.1529,2.8e-05,1,0.26520289592683116,False,
2025-11-25 14:35:00,9029765,7546147,1,1,16.575912867986883,0,0.2408,0.2012,1.2e-05,1,0.2214978616550209,False,
2025-11-25 14:40:00,13156010,5834891,5,3,18.99090201442997,0,0.3508,0.1556,4.2e-05,1,0.12002948575284356,False,
2025-11-25 14:45:00,8607751,7595219,4,3,16.2029715467221,0,0.2295,0.2025,4.3e-05,1,0.23027209114784858,False,
2025-11-25 14:50:00,10226719,5898616,7,3,16.125336574406557,0,0.2727,0.1573,6.2e-05,1,0.19477221570159975,False,
2025-11-25 14:55:00,9665896,5556071,5,1,15.221968085778927,0,0.2578,0.1482,3.9e-05,1,0.26228746150063686,False,
2025-11-25 15:00:00,8356826,4353266,1,2,12.7100931280374,0,0.2228,0.1161,2.4e-05,1,0.22817209286621382,False,
2025-11-25 15:05:00,7729551,6977447,4,1,14.706999188075804,0,0.2061,0.1861,3.4e-05,1,0.2602087876284617,False,
2025-11-25 15:10:00,8172540,6050516,3,0,14.22305653144366,0,0.2179,0.1613,2.1e-05,1,0.26311672080711646,False,
2025-11-25 15:15:00,8533292,4461305,3,1,12.994598021036468,0,0.2276,0.119,3.1e-05,1,0.23336660406883103,False,
2025-11-25 15:20:00,6397990,4439754,1,3,10.837744961107123,0,0.1706,0.1184,3.7e-05,1,0.15891330760158462,False,
2025-11-25 15:25:00,8253938,5137589,2,6,13.39152836766936,0,0.2201,0.137,6e-05,1,0.2149180868791889,False,
2025-11-25 15:30:00,6965468,6865680,5,4,13.831149133206758,0,0.1857,0.1831,6.5e-05,1,0.18356946265400537,False,
2025-11-25 15:35:00,8205497,6335616,2,1,14.541114449859908,0,0.2188,0.1689,2.1e-05,1,0.2557738421000182,False,
2025-11-25 15:40:00,7074162,6157503,5,1,13.23166672830077,0,0.1886,0.1642,4.5e-05,1,0.23793041943614324,False,
2025-11-25 15:45:00,9140332,6222331,2,3,15.36266443491172,0,0.2437,0.1659,3.3e-05,1,0.26992779884279033,False,
2025-11-25 15:50:00,7807023,7209683,3,1,15.016706687031627,0,0.2082,0.1923,2.7e-05,1,0.2610331485261309,False,
2025-11-25 15:55:00,11729829,5083453,2,1,16.81328311249746,0,0.3128,0.1356,1.8e-05,1,0.20011859357455375,False,
2025-11-25 16:00:00,7793865,7077475,2,0,14.871341412831754,0,0.2078,0.1887,1.3e-05,1,0.2262546835760561,False,
2025-11-25 16:05:00,8033639,4081144,2,0,12.114784471263896,0,0.2142,0.1088,1.7e-05,1,0.18780852739237952,False,
2025-11-25 16:10:00,9925862,2294329,1,4,12.220192170742374,0,0.2647,0.0612,4.1e-05,1,0.14437534453639966,False,
2025-11-25 16:15:00,11639034,8684803,3,4,20.323838265909195,0,0.3104,0.2316,3.4e-05,1,0.09663941401180443,False,
2025-11-25 16:20:00,9508460,6797103,8,5,16.30556347623006,0,0.2536,0.1813,8e-05,1,0.11999519819242588,False,
2025-11-25 16:25:00,9308767,6565883,3,1,15.87465041670989,0,0.2482,0.1751,2.5e-05,1,0.2683436605365087,False,
2025-11-25 16:30:00,9766017,6622261,5,3,16.38827905001145,0,0.2604,0.1766,4.9e-05,1,0.24169879016874696,False,
2025-11-25 16:35:00,9100372,5619151,4,2,14.719524758806068,0,0.2427,0.1498,4.1e-05,1,0.2662562208711242,False,
2025-11-25 16:40:00,8245807,6040372,1,0,14.286179473269424,0,0.2199,0.1611,7e-06,1,0.20914284290290797,False,
2025-11-25 16:45:00,10293659,4898218,1,4,15.191878363438448,0,0.2745,0.1306,3.3e-05,1,0.2500856489131232,False,
2025-11-25 16:50:00,7465141,3867823,2,0,11.332965234241287,0,0.1991,0.1031,1.8e-05,1,0.1502997109102251,False,
2025-11-25 16:55:00,8500776,6800981,4,1,15.301757662487944,0,0.2267,0.1814,3.3e-05,1,0.26563868114920336,False,
2025-11-25 17:00:00,7101992,4135224,4,2,11.237216088578936,0,0.1894,0.1103,5.3e-05,1,0.1682555335253939,False,
2025-11-25 17:05:00,5904000,4500602,2,1,10.404602746272412,0,0.1574,0.12,2.9e-05,1,0.12397722338868944,False,
2025-11-25 17:10:00,10111036,7492696,4,3,17.603733080438865,0,0.2696,0.1998,4e-05,1,0.22615175023514117,False,
2025-11-25 17:15:00,8788889,5860504,2,0,14.64939436777116,0,0.2344,0.1563,1.4e-05,1,0.23720182857075517,False,
2025-11-25 17:20:00,8635873,4377331,0,6,13.013204661361105,0,0.2303,0.1167,4.6e-05,1,0.22963850044828177,False,
2025-11-25 17:25:00,9941895,7171239,3,3,17.11313454441096,0,0.2651,0.1912,3.5e-05,1,0.2519514797805803,False,
2025-11-25 17:30:00,8210281,7551621,6,3,15.761902638772511,0,0.2189,0.2014,5.7e-05,1,0.21217879793378508,False,
2025-11-25 17:35:00,7752214,5525258,3,1,13.277473289706808,0,0.2067,0.1473,3e-05,1,0.2557964669520254,False,
2025-11-25 17:40:00,9441281,6589256,3,2,16.030537816954066,0,0.2518,0.1757,3.1e-05,1,0.26854763182884933,False,
2025-11-25 17:45:00,8981963,5256223,2,2,14.238187484985993,0,0.2395,0.1402,2.8e-05,1,0.2623142067995998,False,
2025-11-25 17:50:00,5748480,5882750,3,0,11.631231478714012,0,0.1533,0.1569,2.6e-05,1,0.185277910159715,False,
2025-11-25 17:55:00,11335715,6104051,5,2,17.439767093060276,0,0.3023,0.1628,4e-05,1,0.2160044369253446,False,
2025-11-25 18:00:00,12660653,7552067,3,3,20.212721327565045,0,0.3376,0.2014,3e-05,1,0.0889610730855862,False,
2025-11-25 18:05:00,8830864,6581756,2,0,15.412621650012971,0,0.2355,0.1755,1.3e-05,1,0.2464888252121461,False,
2025-11-25 18:10:00,8140009,7223780,1,1,15.363790360091825,0,0.2171,0.1926,1.3e-05,1,0.23810965028388636,False,
2025-11-25 18:15:00,8112061,4310181,1,2,12.4222429065142,0,0.2163,0.1149,2.4e-05,1,0.2184429938261347,False,
2025-11-25 18:20:00,8780835,4723620,2,3,13.504455598900972,0,0.2342,0.126,3.7e-05,1,0.24545349771098518,False,
2025-11-25 18:25:00,10069394,5571112,5,1,15.640506814158917,0,0.2685,0.1486,3.8e-05,1,0.262762949819779,False,
2025-11-25 18:30:00,9788462,6639689,4,2,16.428151799777606,0,0.261,0.1771,3.7e-05,1,0.2592549748309968,False,
2025-11-25 18:35:00,7360133,6932973,0,3,14.293106895651423,0,0.1963,0.1849,2.1e-05,1,0.24466532744453057,False,
2025-11-25 18:40:00,7294893,4751982,1,1,12.046876498006892,0,0.1945,0.1267,1.7e-05,1,0.18899380749009187,False,
2025-11-25 18:45:00,13309985,5502554,1,7,18.812540265026342,0,0.3549,0.1467,4.3e-05,1,0.12184509606429761,False,
2025-11-25 18:50:00,7525997,9197683,5,2,16.72368097360512,0,0.2007,0.2453,4.2e-05,1,0.13192043314747448,False,
2025-11-25 18:55:00,10787727,6722990,4,3,17.5107176921082,0,0.2877,0.1793,4e-05,1,0.22847971417422952,False,
2025-11-25 19:00:00,7363532,7589067,2,5,14.952599774365474,0,0.1964,0.2024,4.7e-05,1,0.22409909253736682,False,
2025-11-25 19:05:00,10030290,6735141,1,4,16.765431320283618,0,0.2675,0.1796,3e-05,1,0.25818794196548356,False,
2025-11-25 19:10:00,11177464,5067278,3,2,16.244743104920424,0,0.2981,0.1351,3.1e-05,1,0.23521103603529459,False,
2025-11-25 19:15:00,10370720,5651479,1,1,16.022199634309388,0,0.2766,0.1507,1.2e-05,1,0.21643320532008198,False,
2025-11-25 19:20:00,12184929,3509778,7,1,15.694708505930404,0,0.3249,0.0936,5.1e-05,1,0.14463899021576243,False,
2025-11-25 19:25:00,8430868,6531745,3,3,14.962613460048624,0,0.2248,0.1742,4e-05,1,0.26531443583470365,False,
2025-11-25 19:30:00,11161933,3895559,3,1,15.057493483608528,0,0.2977,0.1039,2.7e-05,1,0.20961801771108524,False,
2025-11-25 19:35:00,11193645,7605911,3,2,18.799556648396475,0,0.2985,0.2028,2.7e-05,1,0.1917029523730222,False,
2025-11-25 19:40:00,7172722,6300346,2,1,13.473069110306833,0,0.1913,0.168,2.2e-05,1,0.23119504239178573,False,
2025-11-25 19:45:00,11164549,7306148,0,3,18.470698018197908,0,0.2977,0.1948,1.6e-05,1,0.1854887979087803,False,
2025-11-25 19:50:00,8927398,8063536,1,1,16.990934837458283,0,0.2381,0.215,1.2e-05,1,0.19674333016928752,False,
2025-11-25 19:55:00,8243204,6850701,3,2,15.093906651718273,0,0.2198,0.1827,3.3e-05,1,0.2667066814853468,False,
2025-11-25 20:00:00,8956466,8609072,3,4,17.56553887860722,0,0.2388,0.2296,4e-05,1,0.17498435083437203,False,
2025-11-25 20:05:00,10279826,3843866,2,1,14.123692725658785,0,0.2741,0.1025,2.1e-05,1,0.19654535384976513,False,
2025-11-25 20:10:00,10070141,6986440,3,2,17.056581532665795,0,0.2685,0.1863,2.9e-05,1,0.2481214980024371,False,
2025-11-25 20:15:00,10726997,6507700,3,1,17.234697872685565,0,0.2861,0.1735,2.3e-05,1,0.2458028682752343,False,
2025-11-25 20:20:00,7343358,5233074,5,3,12.576432989376212,0,0.1958,0.1395,6.4e-05,1,0.19662226707150648,False,
2025-11-25 20:25:00,6780062,6737662,4,1,13.51772519751922,0,0.1808,0.1797,3.7e-05,1,0.23138886042461337,False,
2025-11-25 20:30:00,10579403,7469926,2,1,18.04933067576156,0,0.2821,0.1992,1.7e-05,1,0.2117816306663356,False,
2025-11-25 20:35:00,10413613,6762598,7,1,17.176212351542897,0,0.2777,0.1803,4.7e-05,1,0.2213192697800473,False,
2025-11-25 20:40:00,9619175,6484777,2,4,16.10395343623092,0,0.2565,0.1729,3.7e-05,1,0.26388879690874006,False,
2025-11-25 20:45:00,7404342,5365807,2,2,12.770149812168146,0,0.1974,0.1431,3.1e-05,1,0.241860692684494,False,
2025-11-25 20:50:00,11636409,6208016,3,2,17.844425869593522,0,0.3103,0.1655,2.8e-05,1,0.21443435701945085,False,
2025-11-25 20:55:00,8458087,6080626,4,2,14.538714557009303,0,0.2255,0.1622,4.1e-05,1,0.26337548488787965,False,
2025-11-25 21:00:00,7582503,9182952,2,1,16.765456411706587,0,0.2022,0.2449,1.8e-05,1,0.14790648637394727,False,
2025-11-25 21:05:00,9781392,5056491,3,2,14.837884459077586,0,0.2608,0.1348,3.4e-05,1,0.25872241710040017,False,
2025-11-25 21:10:00,9496963,7187429,4,1,16.684392868753626,0,0.2533,0.1917,3e-05,1,0.26398439261762524,False,
2025-11-25 21:15:00,5266145,4781792,0,1,10.0479379456064,0,0.1404,0.1275,1e-05,1,0.044823667338881434,False,
2025-11-25 21:20:00,10035927,5858493,3,1,15.89442102170596,0,0.2676,0.1562,2.5e-05,1,0.26118674537054387,False,
2025-11-25 21:25:00,8354084,7045917,3,2,15.400001778523825,0,0.2228,0.1879,3.2e-05,1,0.2646801657653495,False,
2025-11-25 21:30:00,10289436,5047407,3,4,15.336844351453962,0,0.2744,0.1346,4.6e-05,1,0.23441099870295395,False,
2025-11-25 21:35:00,10459256,8225303,1,2,18.684559296603584,0,0.2789,0.2193,1.6e-05,1,0.1597425085350504,False,
2025-11-25 21:40:00,9588102,6241007,0,4,15.829110602829369,0,0.2557,0.1664,2.5e-05,1,0.2639633572559896,False,
2025-11-25 21:45:00,10457350,7754843,5,2,18.212193408459687,0,0.2789,0.2068,3.8e-05,1,0.20746463323820807,False,
2025-11-25 21:50:00,10702539,5503205,1,0,16.20574540101679,0,0.2854,0.1468,6e-06,1,0.19358380659530244,False,
2025-11-25 21:55:00,8442022,6227868,1,2,14.66989192629676,0,0.2251,0.1661,2e-05,1,0.25574269754723045,False,
2025-11-25 22:00:00,9300556,4912649,0,1,14.213206158836249,0,0.248,0.131,7e-06,1,0.193383040519728,False,
2025-11-25 22:05:00,7620644,3626429,3,5,11.24707450512879,0,0.2032,0.0967,7.1e-05,1,0.10322746388470128,False,
2025-11-25 22:10:00,8509839,7308323,0,5,15.818162946655292,0,0.2269,0.1949,3.2e-05,1,0.25601314224635385,False,
2025-11-25 22:15:00,8042803,4332673,4,0,12.375477170574472,0,0.2145,0.1155,3.2e-05,1,0.22505109440319815,False,
2025-11-25 22:20:00,8185926,6709400,5,1,14.895326902635226,0,0.2183,0.1789,4e-05,1,0.26419588191272936,False,
2025-11-25 22:25:00,10504057,7908531,2,1,18.41258839162414,0,0.2801,0.2109,1.6e-05,1,0.17538456528326873,False,
2025-11-25 22:30:00,11576336,7568478,5,3,19.14481457827368,0,0.3087,0.2018,4.2e-05,1,0.15300921865857275,False,
2025-11-25 22:35:00,7556550,8239934,3,1,15.796485323631352,0,0.2015,0.2197,2.5e-05,1,0.1978835856611087,False,
2025-11-25 22:40:00,9049523,5625333,6,2,14.674856776705344,0,0.2413,0.15,5.5e-05,1,0.239472036320718,False,
2025-11-25 22:45:00,8792796,4772555,1,2,13.565351541764976,0,0.2345,0.1273,2.2e-05,1,0.23848233399778773,False,
2025-11-25 22:50:00,8176501,7037715,1,1,15.21421761062498,0,0.218,0.1877,1.3e-05,1,0.2373683444379439,False,
2025-11-25 22:55:00,7887660,4227402,5,4,12.115063363161944,0,0.2103,0.1127,7.4e-05,1,0.12181802766701189,False,
2025-11-25 23:00:00,10017718,6604183,3,2,16.621901650911493,0,0.2671,0.1761,3e-05,1,0.26038550698506185,False,
2025-11-25 23:05:00,10265448,5474640,3,1,15.74008889805543,0,0.2737,0.146,2.5e-05,1,0.257836532620631,False,
2025-11-25 23:10:00,7655419,6933393,4,2,14.588812653372452,0,0.2041,0.1849,4.1e-05,1,0.25136549085726706,False,
2025-11-25 23:15:00,5574714,6487475,2,4,12.062189463574006,0,0.1487,0.173,5e-05,1,0.17160749737532288,False,
2025-11-25 23:20:00,8248096,5103599,5,1,13.35169582211006,0,0.2199,0.1361,4.5e-05,1,0.2522292707149761,False,
2025-11-25 23:25:00,6592603,5327073,4,1,11.91967679286235,0,0.1758,0.1421,4.2e-05,1,0.2117031216016551,False,
2025-11-25 23:30:00,10046778,5688562,2,0,15.735341308584392,0,0.2679,0.1517,1.3e-05,1,0.22730986140690923,False,
2025-11-25 23:35:00,10498151,5950377,3,0,16.448528775368235,0,0.28,0.1587,1.8e-05,1,0.24636979889375354,False,
2025-11-25 23:40:00,6751777,6224903,2,0,12.976680281611182,0,0.18,0.166,1.5e-05,1,0.20517711010158135,False,
2025-11-25 23:45:00,10032267,5510083,5,3,15.542350839914542,0,0.2675,0.1469,5.1e-05,1,0.239846712958023,False,
2025-11-25 23:50:00,10256069,5520578,1,2,15.776648048270063,0,0.2735,0.1472,1.9e-05,1,0.25123593959062823,False,
2025-11-25 23:55:00,9945264,7081947,2,4,17.027212240192014,0,0.2652,0.1889,3.5e-05,1,0.2515749063461124,False,
2025-11-26 00:00:00,7058948,4945265,6,1,12.004214393623426,0,0.1882,0.1319,5.8e-05,1,0.19025928676617732,False,
2025-11-26 00:05:00,7957713,4925853,0,1,12.8835670651944,0,0.2122,0.1314,8e-06,1,0.17661801098781488,False,
2025-11-26 00:10:00,9888813,7846244,2,3,17.735058094304215,0,0.2637,0.2092,2.8e-05,1,0.22774047740228964,False,
2025-11-26 00:15:00,9118074,5160267,2,1,14.278342465846809,0,0.2431,0.1376,2.1e-05,1,0.25379246575435466,False,
2025-11-26 00:20:00,5986304,6207509,1,1,12.193814215853974,0,0.1596,0.1655,1.6e-05,1,0.17750208467621065,False,
2025-11-26 00:25:00,9522052,6155703,5,2,15.677755518538348,0,0.2539,0.1642,4.5e-05,1,0.2542144352776123,False,
2025-11-26 00:30:00,10374166,4734439,1,3,15.108606087034987,0,0.2766,0.1263,2.6e-05,1,0.24190011073230305,False,
2025-11-26 00:35:00,9636960,6454997,2,2,16.091958150653817,0,0.257,0.1721,2.5e-05,1,0.26958886719365477,False,
2025-11-26 00:40:00,9736459,7510933,3,3,17.247392982624213,0,0.2596,0.2003,3.5e-05,1,0.24543631914414643,False,
2025-11-26 00:45:00,8532549,6112904,5,1,14.64545401217308,0,0.2275,0.163,4.1e-05,1,0.26253131602806673,False,
2025-11-26 00:50:00,10465741,5343878,5,2,15.809620027105767,0,0.2791,0.1425,4.4e-05,1,0.23653663854218565,False,
2025-11-26 00:55:00,8589085,6312165,3,1,14.90125184897257,0,0.229,0.1683,2.7e-05,1,0.26608515575282393,False,
2025-11-26 01:00:00,8211886,6186464,1,2,14.398351242369628,0,0.219,0.165,2.1e-05,1,0.25760649796560386,False,
2025-11-26 01:05:00,11526372,5800861,1,2,17.327234567048215,0,0.3074,0.1547,1.7e-05,1,0.20439576337380833,False,
2025-11-26 01:10:00,12145929,6397206,0,2,18.54313561119188,0,0.3239,0.1706,1.1e-05,1,0.1360043208705478,False,
2025-11-26 01:15:00,8777774,4833764,3,2,13.611539287585703,0,0.2341,0.1289,3.7e-05,1,0.25050225387416813,False,
2025-11-26 01:20:00,8724227,6413269,3,3,15.137496853987251,0,0.2326,0.171,4e-05,1,0.2648625747949547,False,
2025-11-26 01:25:00,8039165,4103358,2,1,12.14252408111715,0,0.2144,0.1094,2.5e-05,1,0.21433445844643817,False,
2025-11-26 01:30:00,8679397,6663238,3,1,15.342635674682878,0,0.2315,0.1777,2.6e-05,1,0.2655399879959108,False,
2025-11-26 01:35:00,11188599,5364451,3,4,16.553051457046386,0,0.2984,0.1431,4.2e-05,1,0.22162457269696456,False,
2025-11-26 01:40:00,9527765,6008036,3,2,15.535801988666783,0,0.2541,0.1602,3.2e-05,1,0.26845277977789245,False,
2025-11-26 01:45:00,7206999,6239058,3,0,13.446058501512514,0,0.1922,0.1664,2.2e-05,1,0.23572273222134643,False,
2025-11-26 01:50:00,5687734,7977793,5,1,13.665528454748776,0,0.1517,0.2127,4.4e-05,1,0.15993480554743633,False,
2025-11-26 01:55:00,11934794,5986964,7,2,17.921759185707575,0,0.3183,0.1597,5e-05,1,0.16886535112209472,False,
2025-11-26 02:00:00,7906768,7014854,3,2,14.921623256765171,0,0.2108,0.1871,3.4e-05,1,0.26141206247898674,False,
2025-11-26 02:05:00,6274979,7159122,1,3,13.434101863192904,0,0.1673,0.1909,3e-05,1,0.2085701716239859,False,
2025-11-26 02:10:00,10203275,6080547,4,2,16.283822727267758,0,0.2721,0.1621,3.7e-05,1,0.25654188127223293,False,
2025-11-26 02:15:00,8572368,7317042,2,1,15.889410302474715,0,0.2286,0.1951,1.9e-05,1,0.24873196531700248,False,
2025-11-26 02:20:00,9959729,5575926,5,4,15.535655728557924,0,0.2656,0.1487,5.8e-05,1,0.21742704961700315,False,
2025-11-26 02:25:00,9495807,4682063,3,1,14.177871799675437,0,0.2532,0.1249,2.8e-05,1,0.24669356221997096,False,
2025-11-26 02:30:00,7375256,6566571,5,1,13.941828073028034,0,0.1967,0.1751,4.3e-05,1,0.24140526510184362,False,
2025-11-26 02:35:00,7430318,6740507,4,0,14.170826084586436,0,0.1981,0.1797,2.8e-05,1,0.2548353899531448,False,
2025-11-26 02:40:00,9267739,6531632,3,2,15.799371885724122,0,0.2471,0.1742,3.2e-05,1,0.2708135352309493,False,
2025-11-26 02:45:00,6699176,6952301,3,5,13.651477244694272,0,0.1786,0.1854,5.9e-05,1,0.19202363884077628,False,
2025-11-26 02:50:00,9190655,5209185,3,3,14.399840386320191,0,0.2451,0.1389,4.2e-05,1,0.25496626375346626,False,
2025-11-26 02:55:00,10301553,8026106,6,1,18.32765950693421,0,0.2747,0.214,3.8e-05,1,0.19097025406852836,False,
2025-11-26 03:00:00,10025590,7824384,2,4,17.8499747698526,0,0.2673,0.2087,3.4e-05,1,0.22230783655226072,False,
2025-11-26 03:05:00,8799218,5459365,2,3,14.258584203853506,0,0.2346,0.1456,3.5e-05,1,0.26866620702641125,False,
2025-11-26 03:10:00,5992327,5152486,1,6,11.14481432284739,0,0.1598,0.1374,6.3e-05,1,0.1449028254844711,False,
2025-11-26 03:15:00,8295402,5752447,1,1,14.047849649732877,0,0.2212,0.1534,1.4e-05,1,0.23174525014672614,False,
2025-11-26 03:20:00,9502338,7729942,2,1,17.23228085262846,0,0.2534,0.2061,1.7e-05,1,0.2297269353708628,False,
2025-11-26 03:25:00,10552285,5278439,5,4,15.830724954426026,0,0.2814,0.1408,5.7e-05,1,0.21136831161891934,False,
2025-11-26 03:30:00,6540397,3182836,5,1,9.723233384792248,0,0.1744,0.0849,6.2e-05,1,0.0427971134510724,False,
2025-11-26 03:35:00,9509082,6108748,2,3,15.617830771523176,0,0.2536,0.1629,3.2e-05,1,0.2707116931100469,False,
2025-11-26 03:40:00,10336547,6191475,1,2,16.528022385384105,0,0.2756,0.1651,1.8e-05,1,0.24705998573687182,False,
2025-11-26 03:45:00,10924824,6341436,2,1,17.26626166077369,0,0.2913,0.1691,1.7e-05,1,0.22804048893816298,False,
2025-11-26 03:50:00,9105241,5855587,6,1,14.960829402709363,0,0.2428,0.1561,4.7e-05,1,0.25619251713027963,False,
2025-11-26 03:55:00,8620444,7475468,0,3,16.095913048937124,0,0.2299,0.1993,1.9e-05,1,0.24786935991325798,False,
2025-11-26 04:00:00,9824721,5772968,2,3,15.597690038219426,0,0.262,0.1539,3.2e-05,1,0.26885021649273555,False,
2025-11-26 04:05:00,10350728,5823031,2,1,16.173760032419963,0,0.276,0.1553,1.9e-05,1,0.24855061904989056,False,
2025-11-26 04:10:00,6870771,8446686,2,4,15.317457708020331,0,0.1832,0.2252,3.9e-05,1,0.18587173719137068,False,
2025-11-26 04:15:00,6026693,3800079,3,0,9.826772950300429,0,0.1607,0.1013,3.1e-05,1,0.09407637553142012,False,
2025-11-26 04:20:00,10176472,6365784,3,0,16.54225710531864,0,0.2714,0.1698,1.8e-05,1,0.25124944961181445,False,
2025-11-26 04:25:00,8588218,5073746,1,1,13.661964847869893,0,0.229,0.1353,1.5e-05,1,0.2241786893709024,False,
2025-11-26 04:30:00,9692844,5753741,7,1,15.446585345140829,0,0.2585,0.1534,5.2e-05,1,0.2441360571914965,False,
2025-11-26 04:35:00,9593603,5770684,3,1,15.364287977003553,0,0.2558,0.1539,2.6e-05,1,0.26592331720644113,False,
2025-11-26 04:40:00,8900519,8082991,4,0,16.983510769019905,0,0.2373,0.2155,2.4e-05,1,0.21781547909968324,False,
2025-11-26 04:45:00,11434306,6189844,4,2,17.624150054627606,0,0.3049,0.1651,3.4e-05,1,0.21840088043119044,False,
2025-11-26 04:50:00,9252001,5686987,5,6,14.938988072673542,0,0.2467,0.1517,7.4e-05,1,0.16127059662085247,False,
2025-11-26 04:55:00,8584230,5602193,4,2,14.186424638482237,0,0.2289,0.1494,4.2e-05,1,0.25932129827423,False,
2025-11-26 05:00:00,8952945,7618853,4,4,16.571798922555704,0,0.2387,0.2032,4.8e-05,1,0.22415131301085872,False,
2025-11-26 05:05:00,5687177,5819696,7,4,11.506874760391137,0,0.1517,0.1552,9.6e-05,1,0.04816170220993232,False,
2025-11-26 05:10:00,9430733,5273535,1,4,14.704268996464217,0,0.2515,0.1406,3.4e-05,1,0.26561585662508436,False,
2025-11-26 05:15:00,8267838,5785746,5,2,14.05358483298518,0,0.2205,0.1543,5e-05,1,0.25492969266164633,False,
2025-11-26 05:20:00,9322485,5908852,4,1,15.231337677307376,0,0.2486,0.1576,3.3e-05,1,0.26922688652360544,False,
2025-11-26 05:25:00,9151349,6882237,4,4,16.033586967344448,0,0.244,0.1835,5e-05,1,0.24529505664392937,False,
2025-11-26 05:30:00,7114248,7056884,2,0,14.171133597675126,0,0.1897,0.1882,1.4e-05,1,0.20767082956194421,False,
2025-11-26 05:35:00,10563482,7448777,3,2,18.012259552267373,0,0.2817,0.1986,2.8e-05,1,0.23231860393533804,False,
2025-11-26 05:40:00,12099302,8014148,0,3,20.11345134853068,0,0.3226,0.2137,1.5e-05,1,0.08206682620026817,False,
2025-11-26 05:45:00,12641546,4766830,3,2,17.408376981591747,0,0.3371,0.1271,2.9e-05,1,0.17778959754301243,False,
2025-11-26 05:50:00,8750820,3593870,3,3,12.34469114555286,0,0.2334,0.0958,4.9e-05,1,0.1968552791402839,False,
2025-11-26 05:55:00,7890207,5739923,3,2,13.63013112447105,0,0.2104,0.1531,3.7e-05,1,0.2541269930093711,False,
2025-11-26 06:00:00,11322578,6135512,2,2,17.45809117304969,0,0.3019,0.1636,2.3e-05,1,0.22333997831541558,False,
2025-11-26 06:05:00,8344424,4237908,3,0,12.582332998536032,0,0.2225,0.113,2.4e-05,1,0.21940607875259266,False,
2025-11-26 06:10:00,9688073,6286392,2,3,15.974465603987689,0,0.2583,0.1676,3.1e-05,1,0.2631810590677253,False,
2025-11-26 06:15:00,7246487,6501059,2,1,13.747546801281016,0,0.1932,0.1734,2.2e-05,1,0.23520016500576008,False,
2025-11-26 06:20:00,11176175,5706873,1,2,16.883048845108288,0,0.298,0.1522,1.8e-05,1,0.2285732188666117,False,
2025-11-26 06:25:00,11436822,5276196,3,0,16.713019212263905,0,0.305,0.1407,1.8e-05,1,0.21400235865573453,False,
2025-11-26 06:30:00,9872377,6178483,2,4,16.05086027517916,0,0.2633,0.1648,3.7e-05,1,0.2583482180275654,False,
2025-11-26 06:35:00,8291805,5189180,2,4,13.480986281732532,0,0.2211,0.1384,4.5e-05,1,0.25194579191493166,False,
2025-11-26 06:40:00,9713921,6986624,4,3,16.700546621717663,0,0.259,0.1863,4.2e-05,1,0.2484996374279151,False,
2025-11-26 06:45:00,6965635,7250237,6,2,14.215873027139567,0,0.1858,0.1933,5.6e-05,1,0.20410419517874218,False,
2025-11-26 06:50:00,6291356,5690559,0,0,11.981916354152926,0,0.1678,0.1517,0.0,1,0.1022920838698419,False,
2025-11-26 06:55:00,10056547,8256127,2,1,18.312675207571885,0,0.2682,0.2202,1.6e-05,1,0.1660978184924754,False,
2025-11-26 07:00:00,10712286,3733116,5,2,14.445402669662135,0,0.2857,0.0995,4.8e-05,1,0.18891572163839537,False,
2025-11-26 07:05:00,8877381,7952629,2,2,16.83001062926328,0,0.2367,0.2121,2.4e-05,1,0.22779336236922726,False,
2025-11-26 07:10:00,7204615,4187491,3,4,11.392106464516509,0,0.1921,0.1117,6.1e-05,1,0.15181883056930207,False,
2025-11-26 07:15:00,9007520,5455238,2,3,14.462758373244124,0,0.2402,0.1455,3.5e-05,1,0.26830534015708307,False,
2025-11-26 07:20:00,8557304,4671553,4,1,13.228857595707044,0,0.2282,0.1246,3.8e-05,1,0.2424237291675565,False,
2025-11-26 07:25:00,12000448,5723622,3,2,17.724070548848193,0,0.32,0.1526,2.8e-05,1,0.20413446769176835,False,
2025-11-26 07:30:00,8278258,5435756,3,1,13.714014733930297,0,0.2208,0.145,2.9e-05,1,0.2606247132842836,False,
2025-11-26 07:35:00,8026245,5759617,2,0,13.785863400396364,0,0.214,0.1536,1.5e-05,1,0.23538048772166714,False,
2025-11-26 07:40:00,10114206,4488457,2,2,14.602664784613262,0,0.2697,0.1197,2.7e-05,1,0.2413531306160429,False,
2025-11-26 07:45:00,8808449,6590121,3,0,15.398571861171062,0,0.2349,0.1757,1.9e-05,1,0.26297894401573885,False,
2025-11-26 07:50:00,7576244,6762299,5,2,14.338543617312476,0,0.202,0.1803,4.9e-05,1,0.23797381315339095,False,
2025-11-26 07:55:00,7799074,5133945,3,0,12.933019762224967,0,0.208,0.1369,2.3e-05,1,0.24151812979681364,False,
2025-11-26 08:00:00,9802073,5736468,4,0,15.538541817590303,0,0.2614,0.153,2.6e-05,1,0.2673368610786961,False,
2025-11-26 08:05:00,10376538,4139660,2,0,14.51619886054399,0,0.2767,0.1104,1.4e-05,1,0.18250105132250838,False,
2025-11-26 08:10:00,10212603,3633093,1,2,13.845697023905378,0,0.2723,0.0969,2.2e-05,1,0.18886232987610652,False,
2025-11-26 08:15:00,9360485,5511572,3,2,14.872058013961103,0,0.2496,0.147,3.4e-05,1,0.26735584213377295,False,
2025-11-26 08:20:00,9674212,6208237,1,2,15.882450350921108,0,0.258,0.1656,1.9e-05,1,0.25522450594662077,False,
2025-11-26 08:25:00,6477553,5328710,5,2,11.806263582558916,0,0.1727,0.1421,5.9e-05,1,0.17951923718215046,False,
2025-11-26 08:30:00,11788097,5763920,1,2,17.552018393262237,0,0.3143,0.1537,1.7e-05,1,0.1891114962271695,False,
2025-11-26 08:35:00,6373628,4837346,5,2,11.210974729293817,0,0.17,0.129,6.2e-05,1,0.1528844621259695,False,
2025-11-26 08:40:00,9968426,5942499,2,0,15.910925590222,0,0.2658,0.1585,1.3e-05,1,0.23089254014234206,False,
2025-11-26 08:45:00,11702537,5763173,3,2,17.465710887003087,0,0.3121,0.1537,2.9e-05,1,0.21857420180196035,False,
2025-11-26 08:50:00,7839979,5806604,2,1,13.646583394832268,0,0.2091,0.1548,2.2e-05,1,0.2532493731899206,False,
2025-11-26 08:55:00,7609284,7147829,1,4,14.75711460846035,0,0.2029,0.1906,3.4e-05,1,0.2572578911164088,False,
2025-11-26 09:00:00,6640961,6568274,1,5,13.209236356216358,0,0.1771,0.1752,4.5e-05,1,0.2241511024070299,False,
2025-11-26 09:05:00,8816726,3915083,1,3,12.731809804628504,0,0.2351,0.1044,3.1e-05,1,0.22150306637066314,False,
2025-11-26 09:10:00,9208619,8528238,5,3,17.736857789926198,0,0.2456,0.2274,4.5e-05,1,0.16513829693044652,False,
2025-11-26 09:15:00,11567274,3576648,3,1,15.14392253030025,0,0.3085,0.0954,2.6e-05,1,0.18242671290495482,False,
2025-11-26 09:20:00,11210089,6619479,6,1,17.8295681468191,0,0.2989,0.1765,3.9e-05,1,0.2150795746487688,False,
2025-11-26 09:25:00,7611678,5612301,2,2,13.223979643604638,0,0.203,0.1497,3e-05,1,0.24991806080633944,False,
2025-11-26 09:30:00,9730234,2397134,1,2,12.127368318544066,0,0.2595,0.0639,2.5e-05,1,0.14411504649701046,False,
2025-11-26 09:35:00,10856496,4764583,2,2,15.621079768281762,0,0.2895,0.1271,2.6e-05,1,0.23906836941447596,False,
2025-11-26 09:40:00,12409042,7706571,2,1,20.11561436253704,0,0.3309,0.2055,1.5e-05,1,0.08345280378571374,False,
2025-11-26 09:45:00,9521669,6627644,3,2,16.149314194592794,0,0.2539,0.1767,3.1e-05,1,0.26856354444415154,False,
2025-11-26 09:50:00,9891872,5521958,5,1,15.413831271923833,0,0.2638,0.1473,3.9e-05,1,0.2604115135433655,False,
2025-11-26 09:55:00,8211273,7762635,2,4,15.973908288672051,0,0.219,0.207,3.8e-05,1,0.24099183263964696,False,
2025-11-26 10:00:00,7145105,6905967,3,1,14.051072664781422,0,0.1905,0.1842,2.8e-05,1,0.24685344284156607,False,
2025-11-26 10:05:00,10394961,8050767,5,5,18.445729251392372,0,0.2772,0.2147,5.4e-05,1,0.1480013559585278,False,
2025-11-26 10:10:00,9307864,7144661,5,7,16.452526032115152,0,0.2482,0.1905,7.3e-05,1,0.14511815658738708,False,
2025-11-26 10:15:00,10151180,8945947,1,2,19.097128451242355,0,0.2707,0.2386,1.6e-05,1,0.12164053025602961,False,
2025-11-26 10:20:00,9125053,6715407,2,1,15.84046098493997,0,0.2433,0.1791,1.9e-05,1,0.2662993496315953,False,
2025-11-26 10:25:00,7100544,6714226,3,2,13.814770816126332,0,0.1893,0.179,3.6e-05,1,0.24694690343406633,False,
2025-11-26 10:30:00,8438290,6703416,3,3,15.141707134623964,0,0.225,0.1788,4e-05,1,0.26422623083488495,False,
2025-11-26 10:35:00,11369406,3572877,2,0,14.942284032458636,0,0.3032,0.0953,1.3e-05,1,0.1438755870805728,False,
2025-11-26 10:40:00,5646853,7570879,3,3,13.21773306096172,0,0.1506,0.2019,4.5e-05,1,0.16360344602698101,False,
2025-11-26 10:45:00,9408906,5893532,5,2,15.302438326872169,0,0.2509,0.1572,4.6e-05,1,0.25294885831407693,False,
2025-11-26 10:50:00,7868652,5850095,3,1,13.71874774140426,0,0.2098,0.156,2.9e-05,1,0.25943618119983436,False,
2025-11-26 10:55:00,10385314,5250013,3,2,15.635327379136148,0,0.2769,0.14,3.2e-05,1,0.25166890399881214,False,
2025-11-26 11:00:00,8114040,4754440,4,2,12.86848021454621,0,0.2164,0.1268,4.7e-05,1,0.2373210538869065,False,
2025-11-26 11:05:00,9902863,6117738,1,0,16.020601879401237,0,0.2641,0.1631,6e-06,1,0.20568134836645074,False,
2025-11-26 11:10:00,8518637,6142474,1,1,14.661112021054636,0,0.2272,0.1638,1.4e-05,1,0.23388642821630717,False,
2025-11-26 11:15:00,9140365,7046536,5,2,16.186901153175487,0,0.2437,0.1879,4.3e-05,1,0.2506890694773608,False,
2025-11-26 11:20:00,7253655,6942781,3,7,14.196437325916008,0,0.1934,0.1851,7e-05,1,0.1667368389733193,False,
2025-11-26 11:25:00,7857434,3834289,3,3,11.691723735375255,0,0.2095,0.1022,5.1e-05,1,0.18215229748102413,False,
2025-11-26 11:30:00,8628090,4715259,2,2,13.3433505230717,0,0.2301,0.1257,3e-05,1,0.24558421823228727,False,
2025-11-26 11:35:00,11074626,4941565,3,1,16.016192255718106,0,0.2953,0.1318,2.5e-05,1,0.23648184884937024,False,
2025-11-26 11:40:00,8265338,6410956,4,1,14.676294850165997,0,0.2204,0.171,3.4e-05,1,0.26640235623977976,False,
2025-11-26 11:45:00,6531542,6812298,4,2,13.343840794283098,0,0.1742,0.1817,4.5e-05,1,0.2140917820411496,False,
2025-11-26 11:50:00,10201206,6011492,2,4,16.21269883845977,0,0.272,0.1603,3.7e-05,1,0.25527415430087463,False,
2025-11-26 11:55:00,10947192,5890811,4,3,16.838003909114967,0,0.2919,0.1571,4.2e-05,1,0.22485962033231877,False,
2025-11-26 12:00:00,8477637,6611866,5,1,15.089504383254797,0,0.2261,0.1763,4e-05,1,0.26658927338083305,False,
2025-11-26 12:05:00,9136312,6618712,2,2,15.75502563663346,0,0.2436,0.1765,2.5e-05,1,0.27150080807462834,False,
2025-11-26 12:10:00,9664740,5322412,2,4,14.98715248637279,0,0.2577,0.1419,4e-05,1,0.2606499471158873,False,
2025-11-26 12:15:00,6603299,4540370,3,4,11.143669241473509,0,0.1761,0.1211,6.3e-05,1,0.13943439269262425,False,
2025-11-26 12:20:00,8370876,6286502,5,3,14.65737924783619,0,0.2232,0.1676,5.5e-05,1,0.23697509800851235,False,
2025-11-26 12:25:00,8819613,5452091,4,3,14.27170470329798,0,0.2352,0.1454,4.9e-05,1,0.2568141627637292,False,
2025-11-26 12:30:00,11162633,5875851,3,1,17.03848571041163,0,0.2977,0.1567,2.3e-05,1,0.2303014882209667,False,
2025-11-26 12:35:00,9842562,6941128,3,1,16.78369155333946,0,0.2625,0.1851,2.4e-05,1,0.26387381353457584,False,
2025-11-26 12:40:00,11390734,4746811,6,1,16.13754527760102,0,0.3038,0.1266,4.3e-05,1,0.202854964633488,False,
2025-11-26 12:45:00,9296494,7282476,2,1,16.57897143468071,0,0.2479,0.1942,1.8e-05,1,0.24471578410073858,False,
2025-11-26 12:50:00,11192948,7624466,1,0,18.817414365378863,0,0.2985,0.2033,5e-06,1,0.1166632817069807,False,
2025-11-26 12:55:00,9553568,6981417,1,1,16.53498603770218,0,0.2548,0.1862,1.2e-05,1,0.23599400939069443,False,
2025-11-26 13:00:00,7859599,6090847,1,1,13.950447179842437,0,0.2096,0.1624,1.4e-05,1,0.22926147884860426,False,
2025-11-26 13:05:00,9456452,8034700,4,3,17.491153255981313,0,0.2522,0.2143,4e-05,1,0.2040792746051464,False,
2025-11-26 13:10:00,9335578,5053779,1,2,14.389357223030672,0,0.2489,0.1348,2.1e-05,1,0.25151065398353045,False,
2025-11-26 13:15:00,9704967,5235250,2,3,14.940218125718683,0,0.2588,0.1396,3.3e-05,1,0.2642973529769658,False,
2025-11-26 13:20:00,13139747,6423571,1,0,19.563319245818555,0,0.3504,0.1713,5e-06,1,0.05393549007131493,False,
2025-11-26 13:25:00,11439808,7419858,3,0,18.85966726793805,0,0.3051,0.1979,1.6e-05,1,0.16416044320895695,False,
2025-11-26 13:30:00,11600426,5142255,3,2,16.74268155431306,0,0.3093,0.1371,3e-05,1,0.2242033390621616,False,
2025-11-26 13:35:00,8563415,7092165,4,1,15.65558083034944,0,0.2284,0.1891,3.2e-05,1,0.2653657560401536,False,
2025-11-26 13:40:00,5190553,4219017,4,3,9.409571778234408,0,0.1384,0.1125,7.4e-05,1,0.0086563228764035,False,
2025-11-26 13:45:00,11082278,4655614,3,4,15.737892976778664,0,0.2955,0.1241,4.4e-05,1,0.213472202722147,False,
2025-11-26 13:50:00,10065056,4849192,2,0,14.914248992931093,0,0.2684,0.1293,1.3e-05,1,0.2033083115279648,False,
2025-11-26 13:55:00,5442343,5603102,8,5,11.045445223907722,0,0.1451,0.1494,0.000118,1,0.023749178717551334,False,
2025-11-26 14:00:00,10528109,6549316,2,2,17.0774260859535,0,0.2807,0.1746,2.3e-05,1,0.24370208783135539,False,
2025-11-26 14:05:00,8943083,6630383,7,1,15.573467185407166,0,0.2385,0.1768,5.1e-05,1,0.25216820582013966,False,
2025-11-26 14:10:00,8157877,5982943,0,1,14.140821226216508,0,0.2175,0.1595,7e-06,1,0.2034108227450266,False,
2025-11-26 14:15:00,10585081,4523303,6,3,15.108384656709909,0,0.2823,0.1206,6e-05,1,0.17771841305723501,False,
2025-11-26 14:20:00,6532719,6622369,3,1,13.15508897077782,0,0.1742,0.1766,3e-05,1,0.22796294566291797,False,
2025-11-26 14:25:00,10475432,7734709,5,3,18.210142214848148,0,0.2793,0.2063,4.4e-05,1,0.1930714075251943,False,
2025-11-26 14:30:00,10494179,6811130,4,2,17.30530997996492,0,0.2798,0.1816,3.5e-05,1,0.24527029646246057,False,
2025-11-26 14:35:00,9209887,5232665,6,0,14.442552790301002,0,0.2456,0.1395,4.2e-05,1,0.25856541836190805,False,
2025-11-26 14:40:00,8934162,4877200,1,0,13.811363216175748,0,0.2382,0.1301,7e-06,1,0.18842537414474714,False,
2025-11-26 14:45:00,8751847,7460896,8,3,16.212744573058902,0,0.2334,0.199,6.8e-05,1,0.17556720756295197,False,
2025-11-26 14:50:00,8274328,6436626,5,2,14.71095534219186,0,0.2206,0.1716,4.8e-05,1,0.25242749410451837,False,
2025-11-26 14:55:00,9765829,6500845,1,2,16.266675443058467,0,0.2604,0.1734,1.8e-05,1,0.25938445333871735,False,
2025-11-26 15:00:00,10113826,5325917,3,1,15.439744284990908,0,0.2697,0.142,2.6e-05,1,0.25858392942429603,False,
2025-11-26 15:05:00,8824694,5574879,4,0,14.399573704089184,0,0.2353,0.1487,2.8e-05,1,0.26885993079781173,False,
2025-11-26 15:10:00,11411169,3981644,2,2,15.39281427662872,0,0.3043,0.1062,2.6e-05,1,0.19368272863968244,False,
2025-11-26 15:15:00,8575637,7487151,2,4,16.062788700006298,0,0.2287,0.1997,3.7e-05,1,0.2516544408532732,False,
2025-11-26 15:20:00,9089228,5835206,2,2,14.924435213654808,0,0.2424,0.1556,2.7e-05,1,0.27445478691396075,False,
2025-11-26 15:25:00,8110875,4587902,3,2,12.698777850858336,0,0.2163,0.1223,3.9e-05,1,0.23874998448214235,False,
2025-11-26 15:30:00,10513932,8071841,4,4,18.58577436184804,0,0.2804,0.2152,4.3e-05,1,0.1716817662401045,False,
2025-11-26 15:35:00,7841853,5496137,3,4,13.33799109529688,0,0.2091,0.1466,5.2e-05,1,0.2486426300360785,False,
2025-11-26 15:40:00,8283053,6539629,4,0,14.822682839964926,0,0.2209,0.1744,2.7e-05,1,0.2687528255725797,False,
2025-11-26 15:45:00,9150832,6424939,1,3,15.575772062585251,0,0.244,0.1713,2.6e-05,1,0.2740777868735965,False,
2025-11-26 15:50:00,8897737,6210902,3,1,15.108639662778774,0,0.2373,0.1656,2.6e-05,1,0.27359280647202844,False,
2025-11-26 15:55:00,11609751,5289853,4,3,16.89960484485326,0,0.3096,0.1411,4.1e-05,1,0.20568263691111277,False,
2025-11-26 16:00:00,8137649,7007044,1,3,15.144694428432096,0,0.217,0.1869,2.6e-05,1,0.26968690469802276,False,
2025-11-26 16:05:00,9999928,5083897,8,1,15.08382597883689,0,0.2667,0.1356,6e-05,1,0.21012246240885496,False,
2025-11-26 16:10:00,9124910,5159186,3,2,14.284097675530475,0,0.2433,0.1376,3.5e-05,1,0.2621407164780536,False,
2025-11-26 16:15:00,10605023,5811260,4,2,16.416283600316312,0,0.2828,0.155,3.7e-05,1,0.25416360483640493,False,
2025-11-26 16:20:00,7601869,5009201,1,3,12.611070195200991,0,0.2027,0.1336,3.2e-05,1,0.2422251975512953,False,
2025-11-26 16:25:00,6654321,6674220,3,2,13.328542156587815,0,0.1774,0.178,3.8e-05,1,0.23297939536939838,False,
2025-11-26 16:30:00,4800800,8252065,1,3,13.052865056939808,0,0.128,0.2201,3.1e-05,1,0.1352586620296129,False,
2025-11-26 16:35:00,6661400,6302372,4,1,12.963773024416692,0,0.1776,0.1681,3.9e-05,1,0.23254731044837446,False,
2025-11-26 16:40:00,10568785,6573428,4,2,17.142214155224003,0,0.2818,0.1753,3.5e-05,1,0.2467597630395787,False,
2025-11-26 16:45:00,11297119,7616077,5,1,18.913197246956678,0,0.3013,0.2031,3.2e-05,1,0.19212235154632729,False,
2025-11-26 16:50:00,10235625,6471064,3,0,16.706689614692998,0,0.273,0.1726,1.8e-05,1,0.2526121193869245,False,
2025-11-26 16:55:00,8744329,8181512,2,1,16.925842017730147,0,0.2332,0.2182,1.8e-05,1,0.2053575369455944,False,
2025-11-26 17:00:00,8301474,6323654,3,3,14.625128027553352,0,0.2214,0.1686,4.1e-05,1,0.26488245051525094,False,
2025-11-26 17:05:00,10073655,7016863,3,3,17.090518642774562,0,0.2686,0.1871,3.5e-05,1,0.24759205717471788,False,
2025-11-26 17:10:00,8090536,4659640,2,3,12.750177005450904,0,0.2157,0.1243,3.9e-05,1,0.2395919296931326,False,
2025-11-26 17:15:00,9547687,5645549,3,1,15.193237116354524,0,0.2546,0.1505,2.6e-05,1,0.2643253670317747,False,
2025-11-26 17:20:00,9324459,5703791,3,3,15.02825161910158,0,0.2487,0.1521,4e-05,1,0.2705707231843349,False,
2025-11-26 17:25:00,6981371,5964561,1,2,12.945933419636432,0,0.1862,0.1591,2.3e-05,1,0.23141755166351113,False,
2025-11-26 17:30:00,11372350,6593873,3,2,17.966223355059185,0,0.3033,0.1758,2.8e-05,1,0.22097162058174247,False,
2025-11-26 17:35:00,8727723,5553639,4,1,14.281362435923178,0,0.2327,0.1481,3.5e-05,1,0.2668164551905383,False,
2025-11-26 17:40:00,7928863,5986418,3,2,13.915281689496595,0,0.2114,0.1596,3.6e-05,1,0.26109096720008723,False,
2025-11-26 17:45:00,9006709,5595609,3,3,14.602318256760674,0,0.2402,0.1492,4.1e-05,1,0.26501280981987424,False,
2025-11-26 17:50:00,8616825,4585348,4,3,13.202173538890085,0,0.2298,0.1223,5.3e-05,1,0.22916175965631097,False,
2025-11-26 17:55:00,7953875,7920085,2,3,15.87396060728546,0,0.2121,0.2112,3.1e-05,1,0.22498541131133276,False,
2025-11-26 18:00:00,7401773,7728414,7,1,15.130188273822723,0,0.1974,0.2061,5.3e-05,1,0.21124440743116685,False,
2025-11-26 18:05:00,9532293,5279070,1,1,14.811363871600214,0,0.2542,0.1408,1.4e-05,1,0.221083895748448,False,
2025-11-26 18:10:00,9806427,7565437,3,2,17.371865308371017,0,0.2615,0.2017,2.9e-05,1,0.24011269580377465,False,
2025-11-26 18:15:00,7774858,6147918,2,0,13.922777526174038,0,0.2073,0.1639,1.4e-05,1,0.22806459594726158,False,
2025-11-26 18:20:00,10396692,6577946,5,0,16.974638231346987,0,0.2772,0.1754,2.9e-05,1,0.24549541336437564,False,
2025-11-26 18:25:00,8456511,5673348,2,1,14.12986004966438,0,0.2255,0.1513,2.1e-05,1,0.2547847118130353,False,
2025-11-26 18:30:00,8552278,4679565,4,1,13.231843934254137,0,0.2281,0.1248,3.8e-05,1,0.2424237291675565,False,
2025-11-26 18:35:00,9720767,5661091,4,1,15.38185889877107,0,0.2592,0.151,3.3e-05,1,0.2671768342994428,False,
2025-11-26 18:40:00,7155122,5523843,4,0,12.678965108547082,0,0.1908,0.1473,3.2e-05,1,0.2458124754188012,False,
2025-11-26 18:45:00,9535017,7366067,2,0,16.901084898527184,0,0.2543,0.1964,1.2e-05,1,0.2240374377326168,False,
2025-11-26 18:50:00,9582517,8760864,4,2,18.34338174295546,0,0.2555,0.2336,3.3e-05,1,0.1687394847634356,False,
2025-11-26 18:55:00,10482019,5092084,3,2,15.574103811310206,0,0.2795,0.1358,3.2e-05,1,0.2521820246121146,False,
2025-11-26 19:00:00,11118475,7519171,7,1,18.637647179133804,0,0.2965,0.2005,4.3e-05,1,0.18624435782754406,False,
2025-11-26 19:05:00,11833193,6180113,1,1,18.013306442767504,0,0.3156,0.1648,1.1e-05,1,0.15560018987725166,False,
2025-11-26 19:10:00,10476231,4588839,5,3,15.06507095675738,0,0.2794,0.1224,5.3e-05,1,0.20823292467086496,False,
2025-11-26 19:15:00,7237597,6857218,4,3,14.094816357563378,0,0.193,0.1829,5e-05,1,0.22609660482974997,False,
2025-11-26 19:20:00,6761980,6509710,3,2,13.271691054584926,0,0.1803,0.1736,3.8e-05,1,0.23672162982015038,False,
2025-11-26 19:25:00,9842632,3499220,7,4,13.341853242763376,0,0.2625,0.0933,8.2e-05,1,0.07197471830058144,False,
2025-11-26 19:30:00,8094565,6340501,1,1,14.435066914392994,0,0.2159,0.1691,1.4e-05,1,0.23667444171372798,False,
2025-11-26 19:35:00,8564425,5491297,4,1,14.055723590534312,0,0.2284,0.1464,3.6e-05,1,0.2659421240923666,False,
2025-11-26 19:40:00,10868335,8799518,4,4,19.667854647609293,0,0.2898,0.2347,4.1e-05,1,0.11720070703559637,False,
2025-11-26 19:45:00,10008040,7105539,1,3,17.113579493182836,0,0.2669,0.1895,2.3e-05,1,0.24425141038036446,False,
2025-11-26 19:50:00,11584268,4027803,3,1,15.612071942915126,0,0.3089,0.1074,2.6e-05,1,0.1902018436691072,False,
2025-11-26 19:55:00,9319180,7175607,2,2,16.494788291048472,0,0.2485,0.1913,2.4e-05,1,0.2596944082691032,False,
2025-11-26 20:00:00,10119480,8584611,2,4,18.704092083716077,0,0.2699,0.2289,3.2e-05,1,0.16884307897940826,False,
2025-11-26 20:05:00,6180842,6101250,6,1,12.282093452708995,0,0.1648,0.1627,5.7e-05,1,0.19093360046182567,False,
2025-11-26 20:10:00,9545529,5546466,2,1,15.091996125300772,0,0.2545,0.1479,2e-05,1,0.2570876399497586,False,
2025-11-26 20:15:00,9430231,7410114,0,3,16.840346155607307,0,0.2515,0.1976,1.8e-05,1,0.24396725650606305,False,
2025-11-26 20:20:00,8565007,8481588,1,5,17.046595765728764,0,0.2284,0.2262,3.5e-05,1,0.19355453975540698,False,
2025-11-26 20:25:00,8113500,7664018,3,3,15.777518853420808,0,0.2164,0.2044,3.8e-05,1,0.24194785304668398,False,
2025-11-26 20:30:00,9572138,5484242,3,3,15.056380918188689,0,0.2553,0.1462,4e-05,1,0.2626214973911381,False,
2025-11-26 20:35:00,6215597,5755225,6,4,11.97082351147212,0,0.1657,0.1535,8.4e-05,1,0.08418442117987457,False,
2025-11-26 20:40:00,7859909,4334520,1,2,12.194429620467718,0,0.2096,0.1156,2.5e-05,1,0.21099617837011198,False,
2025-11-26 20:45:00,11627678,5912198,4,1,17.53987727760178,0,0.3101,0.1577,2.9e-05,1,0.2187492755381656,False,
2025-11-26 20:50:00,8408251,5881044,1,2,14.289295896010834,0,0.2242,0.1568,2.1e-05,1,0.25978254930188394,False,
2025-11-26 20:55:00,9819661,6440000,3,2,16.259662351184662,0,0.2619,0.1717,3.1e-05,1,0.26754529962097373,False,
2025-11-26 21:00:00,9051881,7869320,2,4,16.92120175806186,0,0.2414,0.2098,3.5e-05,1,0.2331971727770039,False,
2025-11-26 21:05:00,5813843,5821559,2,3,11.635403051817606,0,0.155,0.1552,4.3e-05,1,0.19123627047832875,False,
2025-11-26 21:10:00,10704839,7824994,3,4,18.52983359464519,0,0.2855,0.2087,3.8e-05,1,0.19721774875463066,False,
2025-11-26 21:15:00,8874881,6488404,2,3,15.363285796500312,0,0.2367,0.173,3.3e-05,1,0.27146726602267723,False,
2025-11-26 21:20:00,10077046,5707911,3,2,15.78495770242351,0,0.2687,0.1522,3.2e-05,1,0.26830684343227823,False,
2025-11-26 21:25:00,10298809,7511293,1,4,17.81010349704847,0,0.2746,0.2003,2.8e-05,1,0.23496272490019432,False,
2025-11-26 21:30:00,8399381,5209216,0,2,13.608597389340144,0,0.224,0.1389,1.5e-05,1,0.22782525433531398,False,
2025-11-26 21:35:00,9005095,4530487,4,2,13.535582577826736,0,0.2401,0.1208,4.4e-05,1,0.23252827384575875,False,
2025-11-26 21:40:00,9074607,6235835,2,1,15.310442787623764,0,0.242,0.1663,2e-05,1,0.2657836421695318,False,
2025-11-26 21:45:00,11056665,4840643,2,4,15.897309002807344,0,0.2948,0.1291,3.8e-05,1,0.23251736107906235,False,
2025-11-26 21:50:00,11737222,7149768,2,2,18.886990847425245,0,0.313,0.1907,2.1e-05,1,0.1808440327529917,False,
2025-11-26 21:55:00,10244538,5464829,5,0,15.709367949648524,0,0.2732,0.1457,3.2e-05,1,0.26209784036578715,False,
2025-11-26 22:00:00,7483768,4611252,2,0,12.095020535974044,0,0.1996,0.123,1.7e-05,1,0.1923950689547772,False,
2025-11-26 22:05:00,8152055,6493063,7,2,14.645118954811156,0,0.2174,0.1731,6.1e-05,1,0.22320525467495378,False,
2025-11-26 22:10:00,10606371,5515885,3,3,16.12225737483596,0,0.2828,0.1471,3.7e-05,1,0.2549301489595743,False,
2025-11-26 22:15:00,7967775,5962128,4,1,13.929903959784172,0,0.2125,0.159,3.6e-05,1,0.2633308793844331,False,
2025-11-26 22:20:00,9644829,6128260,0,4,15.773090635268751,0,0.2572,0.1634,2.5e-05,1,0.26519294404777405,False,
2025-11-26 22:25:00,8656452,6974746,2,3,15.631199147971293,0,0.2308,0.186,3.2e-05,1,0.26843329955436956,False,
2025-11-26 22:30:00,8067337,3383497,1,2,11.450835095970572,0,0.2151,0.0902,2.6e-05,1,0.16229007956948294,False,
2025-11-26 22:35:00,10665340,6676576,6,3,17.341917060403144,0,0.2844,0.178,5.2e-05,1,0.20598277132983916,False,
2025-11-26 22:40:00,7147208,5596306,0,2,12.743514260836978,0,0.1906,0.1492,1.6e-05,1,0.21231265962804247,False,
2025-11-26 22:45:00,10476451,8236701,3,1,18.71315307677166,0,0.2794,0.2196,2.1e-05,1,0.17237275728239138,False,
2025-11-26 22:50:00,7035774,7761106,6,0,14.796881828945796,0,0.1876,0.207,4.1e-05,1,0.2219406461719553,False,
2025-11-26 22:55:00,8808709,7310077,2,3,16.118787341310387,0,0.2349,0.1949,3.1e-05,1,0.2602163129624639,False,
2025-11-26 23:00:00,8180755,6852570,4,3,15.03332590167921,0,0.2182,0.1827,4.7e-05,1,0.2519843487355141,False,
2025-11-26 23:05:00,10108885,3891369,1,0,14.000255795271158,0,0.2696,0.1038,7e-06,1,0.1425729330602098,False,
2025-11-26 23:10:00,10187911,5725807,3,0,15.913719102538437,0,0.2717,0.1527,1.9e-05,1,0.25375837936302287,False,
2025-11-26 23:15:00,6347602,7199655,3,3,13.54725802944312,0,0.1693,0.192,4.4e-05,1,0.19654805228145317,False,
2025-11-26 23:20:00,8615660,7131057,7,3,15.746718039540417,0,0.2298,0.1902,6.4e-05,1,0.20029357612483573,False,
2025-11-26 23:25:00,9551721,7337428,1,2,16.88915014535353,0,0.2547,0.1957,1.8e-05,1,0.24191007139553478,False,
2025-11-26 23:30:00,8349254,4282079,3,2,12.631333773831535,0,0.2226,0.1142,4e-05,1,0.2311526000681029,False,
2025-11-26 23:35:00,7750895,5044155,2,3,12.795050470956143,0,0.2067,0.1345,3.9e-05,1,0.24571848439820343,False,
2025-11-26 23:40:00,9644104,4192744,5,2,13.836849149604827,0,0.2572,0.1118,5.1e-05,1,0.20041180948750031,False,
2025-11-26 23:45:00,9860800,3358096,1,2,13.21889746135535,0,0.263,0.0895,2.3e-05,1,0.18076630887897005,False,
2025-11-26 23:50:00,9708375,7120728,0,1,16.829103677190826,0,0.2589,0.1899,6e-06,1,0.20642165039584381,False,
2025-11-26 23:55:00,8164446,6352343,3,1,14.516789488369405,0,0.2177,0.1694,2.8e-05,1,0.26919427897205556,False,
2025-11-27 00:00:00,8670795,4808234,3,1,13.479029362934597,0,0.2312,0.1282,3e-05,1,0.25198451799781396,False,
2025-11-27 00:05:00,8185431,2978219,5,3,11.163651666194736,0,0.2183,0.0794,7.2e-05,1,0.07168085953125758,False,
2025-11-27 00:10:00,9388769,5803669,1,1,15.192438992702698,0,0.2504,0.1548,1.3e-05,1,0.23800995134627423,False,
2025-11-27 00:15:00,10671379,5098743,9,4,15.77012351899999,0,0.2846,0.136,8.2e-05,1,0.1116084730009883,False,
2025-11-27 00:20:00,11967978,5282790,1,1,17.25076826603248,0,0.3191,0.1409,1.2e-05,1,0.16286151010961453,False,
2025-11-27 00:25:00,5994914,5046119,3,5,11.041034128543888,0,0.1599,0.1346,7.2e-05,1,0.10667106428462658,False,
2025-11-27 00:30:00,6925705,4971085,2,4,11.896791545164428,0,0.1847,0.1326,5e-05,1,0.20671251047274275,False,
2025-11-27 00:35:00,9084307,6254327,5,1,15.338635198806584,0,0.2422,0.1668,3.9e-05,1,0.2660339852458086,False,
2025-11-27 00:40:00,8520502,6315461,4,1,14.835964640320952,0,0.2272,0.1684,3.4e-05,1,0.2677474017747845,False,
2025-11-27 00:45:00,9582817,5637316,3,3,15.220133279548037,0,0.2555,0.1503,3.9e-05,1,0.2625998022209564,False,
2025-11-27 00:50:00,9232539,6197649,3,3,15.43018957590987,0,0.2462,0.1653,3.9e-05,1,0.2618855341335129,False,
2025-11-27 00:55:00,9803890,5784482,2,5,15.588372851437688,0,0.2614,0.1543,4.5e-05,1,0.2512640265614585,False,
2025-11-27 01:00:00,8930564,7195866,2,0,16.126431191089214,0,0.2381,0.1919,1.2e-05,1,0.23652957197364294,False,
2025-11-27 01:05:00,7016473,7978441,1,1,14.994914495402917,0,0.1871,0.2128,1.3e-05,1,0.18336196307885372,False,
2025-11-27 01:10:00,8061234,7213307,4,4,15.274542101856277,0,0.215,0.1924,5.2e-05,1,0.2389073180232021,False,
2025-11-27 01:15:00,7119276,6161994,3,3,13.281271388563532,0,0.1898,0.1643,4.5e-05,1,0.240933537585917,False,
2025-11-27 01:20:00,8703453,8397143,6,2,17.10059691457852,0,0.2321,0.2239,4.7e-05,1,0.178035852093607,False,
2025-11-27 01:25:00,9473817,6516555,7,3,15.990373390028548,0,0.2526,0.1738,6.3e-05,1,0.20586597941243512,False,
2025-11-27 01:30:00,9896430,5730294,3,1,15.626725341809788,0,0.2639,0.1528,2.6e-05,1,0.2667572798781548,False,
2025-11-27 01:35:00,8589012,6518346,1,2,15.107358897844856,0,0.229,0.1738,2e-05,1,0.26122682695620375,False,
2025-11-27 01:40:00,9740858,6351040,4,0,16.09189882810169,0,0.2598,0.1694,2.5e-05,1,0.26789797360247025,False,
2025-11-27 01:45:00,5442772,4562271,1,4,10.005044366696373,0,0.1451,0.1217,5e-05,1,0.09302700997071867,False,
2025-11-27 01:50:00,8787778,5945494,3,2,14.7332730242627,0,0.2343,0.1585,3.4e-05,1,0.27296309134840885,False,
2025-11-27 01:55:00,8228868,4955453,0,3,13.184321843159296,0,0.2194,0.1321,2.3e-05,1,0.24141399474697517,False,
2025-11-27 02:00:00,10524855,4169039,7,2,14.693895249226832,0,0.2807,0.1112,6.1e-05,1,0.16410997092617768,False,
2025-11-27 02:05:00,10018313,3886028,5,3,13.90434130965234,0,0.2672,0.1036,5.8e-05,1,0.16721858968323816,False,
2025-11-27 02:10:00,8170796,5507404,2,2,13.67820109134492,0,0.2179,0.1469,2.9e-05,1,0.2658399959153523,False,
2025-11-27 02:15:00,9986032,5034054,3,3,15.020086896498984,0,0.2663,0.1342,4e-05,1,0.25806485014477015,False,
2025-11-27 02:20:00,9972419,6263655,3,5,16.236074755372364,0,0.2659,0.167,4.9e-05,1,0.23700981467770516,False,
2025-11-27 02:25:00,5910568,5523365,4,1,11.433934179089484,0,0.1576,0.1473,4.4e-05,1,0.18107279948879762,False,
2025-11-27 02:30:00,8032005,7210211,3,4,15.24221684757877,0,0.2142,0.1923,4.6e-05,1,0.24670389464938836,False,
2025-11-27 02:35:00,10973808,6504615,3,1,17.4784232651324,0,0.2926,0.1735,2.3e-05,1,0.23520085192728363,False,
2025-11-27 02:40:00,8032222,3662606,1,2,11.69482887553601,0,0.2142,0.0977,2.6e-05,1,0.17683814169507922,False,
2025-11-27 02:45:00,7227444,4594003,5,1,11.821448109450008,0,0.1927,0.1225,5.1e-05,1,0.2003672121644482,False,
2025-11-27 02:50:00,9027556,4999273,1,3,14.026829540500108,0,0.2407,0.1333,2.9e-05,1,0.2590805574721675,False,
2025-11-27 02:55:00,7727496,7619075,3,2,15.346572036096124,0,0.2061,0.2032,3.3e-05,1,0.24904346532215638,False,
2025-11-27 03:00:00,10157807,6305807,1,2,16.46361468996377,0,0.2709,0.1682,1.8e-05,1,0.2501447144476538,False,
2025-11-27 03:05:00,9302910,5225896,6,1,14.528806524656847,0,0.2481,0.1394,4.8e-05,1,0.2513863355540823,False,
2025-11-27 03:10:00,8944248,6708119,1,3,15.65236795703066,0,0.2385,0.1789,2.6e-05,1,0.2733923597327921,False,
2025-11-27 03:15:00,7724021,7596260,3,1,15.320282141851536,0,0.206,0.2026,2.6e-05,1,0.2516788205268266,False,
2025-11-27 03:20:00,9414462,7763684,2,4,17.17814639318164,0,0.2511,0.207,3.5e-05,1,0.23697516974262162,False,
2025-11-27 03:25:00,8170604,4333109,5,2,12.50371401605101,0,0.2179,0.1155,5.6e-05,1,0.20259390188080217,False,
2025-11-27 03:30:00,10927599,5495253,4,1,16.42285317393906,0,0.2914,0.1465,3e-05,1,0.25077699577922286,False,
2025-11-27 03:35:00,9089448,6571714,3,2,15.661163296960488,0,0.2424,0.1752,3.2e-05,1,0.2724227731964782,False,
2025-11-27 03:40:00,12635801,4365780,2,0,17.00158165031664,0,0.337,0.1164,1.2e-05,1,0.12610929603296273,False,
2025-11-27 03:45:00,8622950,4126731,5,2,12.749681871139954,0,0.2299,0.11,5.5e-05,1,0.21306578324946568,False,
2025-11-27 03:50:00,9393444,6451437,4,2,15.844882020837412,0,0.2505,0.172,3.8e-05,1,0.26319663068214894,False,
2025-11-27 03:55:00,7582429,5762943,6,2,13.345373138965568,0,0.2022,0.1537,6e-05,1,0.21810271831658595,False,
2025-11-27 04:00:00,9326123,5645519,4,1,14.971643585192355,0,0.2487,0.1505,3.3e-05,1,0.27401979777927993,False,
2025-11-27 04:05:00,8100383,4355579,2,1,12.455962822878144,0,0.216,0.1161,2.4e-05,1,0.219305805307987,False,
2025-11-27 04:10:00,8427493,5293747,1,1,13.721240801812336,0,0.2247,0.1412,1.5e-05,1,0.23314930467780892,False,
2025-11-27 04:15:00,9887040,4916494,2,2,14.80353503074929,0,0.2637,0.1311,2.7e-05,1,0.2624199287603462,False,
2025-11-27 04:20:00,9745305,5910100,3,4,15.655406663057878,0,0.2599,0.1576,4.5e-05,1,0.24901468446329134,False,
2025-11-27 04:25:00,10881475,5875987,4,2,16.757462470370633,0,0.2902,0.1567,3.6e-05,1,0.2459202681181898,False,
2025-11-27 04:30:00,10138974,5179635,3,1,15.31861067114507,0,0.2704,0.1381,2.6e-05,1,0.2555841708079449,False,
2025-11-27 04:35:00,8605816,4941001,3,6,13.546817396019277,0,0.2295,0.1318,6.6e-05,1,0.19650737724956358,False,
2025-11-27 04:40:00,10114725,4980519,2,1,15.095244905213006,0,0.2697,0.1328,2e-05,1,0.24811816448502572,False,
2025-11-27 04:45:00,7720307,7150127,4,3,14.870435324570682,0,0.2059,0.1907,4.7e-05,1,0.2438524777646317,False,
2025-11-27 04:50:00,9234982,6435657,1,1,15.67063941126806,0,0.2463,0.1716,1.3e-05,1,0.24504530538457714,False,
2025-11-27 04:55:00,10101304,4498949,3,3,14.60025464025172,0,0.2694,0.12,4.1e-05,1,0.2376349025434642,False,
2025-11-27 05:00:00,8415538,4709060,0,2,13.12459929961671,0,0.2244,0.1256,1.5e-05,1,0.20827364292963202,False,
2025-11-27 05:05:00,6532028,7387929,2,2,13.91995741797415,0,0.1742,0.197,2.9e-05,1,0.21714156411743318,False,
2025-11-27 05:10:00,8491372,6141372,6,1,14.6327455007769,0,0.2264,0.1638,4.8e-05,1,0.2503231652213799,False,
2025-11-27 05:15:00,6985852,6342836,0,3,13.32868913169462,0,0.1863,0.1691,2.3e-05,1,0.23011112347068496,False,
2025-11-27 05:20:00,6549319,5221572,2,1,11.77089210144188,0,0.1746,0.1392,2.5e-05,1,0.19713605140868617,False,
2025-11-27 05:25:00,7823984,7908801,4,0,15.732785822482178,0,0.2086,0.2109,2.5e-05,1,0.2267624099305836,False,
2025-11-27 05:30:00,9588573,7129557,3,1,16.71813114151067,0,0.2557,0.1901,2.4e-05,1,0.2611318007495442,False,
2025-11-27 05:35:00,9399778,4707843,5,3,14.107621565903584,0,0.2507,0.1255,5.7e-05,1,0.2129473479856001,False,
2025-11-27 05:40:00,9575291,5709041,5,3,15.28433270059354,0,0.2553,0.1522,5.2e-05,1,0.24558181167275206,False,
2025-11-27 05:45:00,8618017,5610001,2,2,14.228018420859744,0,0.2298,0.1496,2.8e-05,1,0.2665031465030257,False,
2025-11-27 05:50:00,11023832,4230353,4,1,15.254186186800398,0,0.294,0.1128,3.3e-05,1,0.2199917817822022,False,
2025-11-27 05:55:00,7644374,5219200,2,1,12.86357448679937,0,0.2038,0.1392,2.3e-05,1,0.23629433454720905,False,
2025-11-27 06:00:00,7333423,6161318,5,4,13.494742298375062,0,0.1956,0.1643,6.7e-05,1,0.19002582876913626,False,
2025-11-27 06:05:00,8946507,7488375,2,1,16.434883251085843,0,0.2386,0.1997,1.8e-05,1,0.2450410807026795,False,
2025-11-27 06:10:00,6978531,7596533,6,0,14.575064941748828,0,0.1861,0.2026,4.1e-05,1,0.22124256761950062,False,
2025-11-27 06:15:00,8336927,7211826,2,3,15.548753934800894,0,0.2223,0.1923,3.2e-05,1,0.26415560565871377,False,
2025-11-27 06:20:00,9358462,4507581,1,4,13.866044070214922,0,0.2496,0.1202,3.6e-05,1,0.2398688858759997,False,
2025-11-27 06:25:00,8942354,5381000,0,2,14.323354598257543,0,0.2385,0.1435,1.4e-05,1,0.234566512832806,False,
2025-11-27 06:30:00,10978194,7436899,3,3,18.415094285629323,0,0.2928,0.1983,3.3e-05,1,0.215184642924721,False,
2025-11-27 06:35:00,8427363,5320965,1,1,13.748328937593376,0,0.2247,0.1419,1.5e-05,1,0.23378857209189047,False,
2025-11-27 06:40:00,10256542,5428340,1,1,15.684883373311475,0,0.2735,0.1448,1.3e-05,1,0.22162256112755313,False,
2025-11-27 06:45:00,7129488,6309600,3,3,13.439089064032514,0,0.1901,0.1683,4.5e-05,1,0.23254493577425006,False,
2025-11-27 06:50:00,8895998,6113170,4,3,15.009168709046824,0,0.2372,0.163,4.7e-05,1,0.2591966097274566,False,
2025-11-27 06:55:00,10335265,7697533,5,3,18.03279850774315,0,0.2756,0.2053,4.4e-05,1,0.1999428175397065,False,
2025-11-27 07:00:00,10953075,5383431,1,0,16.33650695059919,0,0.2921,0.1436,6e-06,1,0.18571499936100827,False,
2025-11-27 07:05:00,9110625,5872225,2,0,14.982851182592055,0,0.243,0.1566,1.3e-05,1,0.2423756703435383,False,
2025-11-27 07:10:00,8229299,6341843,3,0,14.571142936733487,0,0.2194,0.1691,2.1e-05,1,0.2563860379573852,False,
2025-11-27 07:15:00,7020509,4784857,2,1,11.805367004079644,0,0.1872,0.1276,2.5e-05,1,0.20620441795343025,False,
2025-11-27 07:20:00,11030296,4530646,9,1,15.560943157628342,0,0.2941,0.1208,6.4e-05,1,0.1624467428930661,False,
2025-11-27 07:25:00,10001279,6959586,0,1,16.960866123136984,0,0.2667,0.1856,6e-06,1,0.20124827216634494,False,
2025-11-27 07:30:00,7169593,4118341,5,2,11.287935328780994,0,0.1912,0.1098,6.2e-05,1,0.1456309468786791,False,
2025-11-27 07:35:00,11581502,8075018,4,1,19.65652171420881,0,0.3088,0.2153,2.5e-05,1,0.13635482937900245,False,
2025-11-27 07:40:00,8082864,7046129,5,2,15.12899416720688,0,0.2155,0.1879,4.6e-05,1,0.25275821382146446,False,
2025-11-27 07:45:00,6810631,7974346,1,3,14.784977841768068,0,0.1816,0.2126,2.7e-05,1,0.2137549761930283,False,
2025-11-27 07:50:00,9726960,6900375,2,1,16.627335651225277,0,0.2594,0.184,1.8e-05,1,0.2562317950324255,False,
2025-11-27 07:55:00,8986076,6788429,2,2,15.77450592958548,0,0.2396,0.181,2.5e-05,1,0.2721043891343267,False,
2025-11-27 08:00:00,10395001,6801713,4,1,17.196714375014174,0,0.2772,0.1814,2.9e-05,1,0.24901270124457203,False,
2025-11-27 08:05:00,8468076,7437428,7,1,15.905504807649685,0,0.2258,0.1983,5e-05,1,0.22977390130598319,False,
2025-11-27 08:10:00,7437817,7738134,2,2,15.175952261423584,0,0.1983,0.2064,2.6e-05,1,0.244449846380642,False,
2025-11-27 08:15:00,6666421,6917281,2,2,13.583703336437331,0,0.1778,0.1845,2.9e-05,1,0.22759960512595118,False,
2025-11-27 08:20:00,8739127,6504667,4,3,15.243795433148303,0,0.233,0.1735,4.6e-05,1,0.25182155850849364,False,
2025-11-27 08:25:00,7214124,5823693,2,4,13.037818581147771,0,0.1924,0.1553,4.6e-05,1,0.2377965021305119,False,
2025-11-27 08:30:00,9766143,5058038,1,1,14.824181733355005,0,0.2604,0.1349,1.3e-05,1,0.21127892111168745,False,
2025-11-27 08:35:00,9390046,5548302,4,2,14.938348413253314,0,0.2504,0.148,4e-05,1,0.2688857459028612,False,
2025-11-27 08:40:00,10123621,5022139,0,1,15.145760871088529,0,0.27,0.1339,7e-06,1,0.1963394990190206,False,
2025-11-27 08:45:00,7495434,6045786,1,6,13.541220933496335,0,0.1999,0.1612,5.2e-05,1,0.2391786813126956,False,
2025-11-27 08:50:00,10471236,6071698,1,2,16.542935376589003,0,0.2792,0.1619,1.8e-05,1,0.24919548914721323,False,
2025-11-27 08:55:00,8275440,6641444,3,4,14.91688545602903,0,0.2207,0.1771,4.7e-05,1,0.2548877062477866,False,
2025-11-27 09:00:00,8076995,6407674,2,2,14.484670098310456,0,0.2154,0.1709,2.8e-05,1,0.2682727989612609,False,
2025-11-27 09:05:00,10567273,4737303,4,7,15.304576287591484,0,0.2818,0.1263,7.2e-05,1,0.1438981543411827,False,
2025-11-27 09:10:00,8964394,6153838,1,1,15.118232720232042,0,0.2391,0.1641,1.3e-05,1,0.2478519829251979,False,
2025-11-27 09:15:00,10649461,5333580,5,1,15.983041875616804,0,0.284,0.1422,3.8e-05,1,0.24960212956379124,False,
2025-11-27 09:20:00,8458575,5590313,3,1,14.04888916356106,0,0.2256,0.1491,2.8e-05,1,0.2659840444432665,False,
2025-11-27 09:25:00,6368919,8265250,0,3,14.634169873052254,0,0.1698,0.2204,2e-05,1,0.17081711565594493,False,
2025-11-27 09:30:00,8102644,6695567,0,0,14.79821192957051,0,0.2161,0.1785,0.0,1,0.17890140881540412,False,
2025-11-27 09:35:00,6040048,4498999,4,4,10.53904863907183,0,0.1611,0.12,7.6e-05,1,0.06238115037883807,False,
2025-11-27 09:40:00,9017737,5547526,3,5,14.565263815451583,0,0.2405,0.1479,5.5e-05,1,0.23899150242572775,False,
2025-11-27 09:45:00,11149249,6277731,2,8,17.426980359450944,0,0.2973,0.1674,5.7e-05,1,0.17894927288099194,False,
2025-11-27 09:50:00,10464818,4008198,2,1,14.473016630508312,0,0.2791,0.1069,2.1e-05,1,0.2089129741312168,False,
2025-11-27 09:55:00,6418804,6124177,1,3,12.54298158760676,0,0.1712,0.1633,3.2e-05,1,0.23374253397243894,False,
2025-11-27 10:00:00,9616219,3783934,3,1,13.400154556106674,0,0.2564,0.1009,3e-05,1,0.21024289966337217,False,
2025-11-27 10:05:00,9782134,3875738,5,0,13.65787306968323,0,0.2609,0.1034,3.7e-05,1,0.20810352547228667,False,
2025-11-27 10:10:00,9614429,4383992,4,1,13.9984221327318,0,0.2564,0.1169,3.6e-05,1,0.23027909451512996,False,
2025-11-27 10:15:00,8670522,5031012,1,4,13.701535217737652,0,0.2312,0.1342,3.6e-05,1,0.2617567907766156,False,
2025-11-27 10:20:00,10065077,6659417,3,5,16.724495455703522,0,0.2684,0.1776,4.8e-05,1,0.2312237511678295,False,
2025-11-27 10:25:00,12125165,2903276,5,1,15.028441602597532,0,0.3233,0.0774,4e-05,1,0.145776945901532,False,
2025-11-27 10:30:00,10691447,6066966,1,1,16.758414362636866,0,0.2851,0.1618,1.2e-05,1,0.2198877456477677,False,
2025-11-27 10:35:00,10933833,5014616,1,0,15.948450325436072,0,0.2916,0.1337,6e-06,1,0.17084448204930086,False,
2025-11-27 10:40:00,8444713,5162865,3,1,13.607578617031376,0,0.2252,0.1377,2.9e-05,1,0.2555946603621389,False,
2025-11-27 10:45:00,9826644,5877119,3,5,15.703763558960423,0,0.262,0.1567,5.1e-05,1,0.23904202655365786,False,
2025-11-27 10:50:00,7367357,7283063,3,3,14.650420785359724,0,0.1965,0.1942,4.1e-05,1,0.24332335992534027,False,
2025-11-27 10:55:00,7904757,3981190,3,2,11.885947544120375,0,0.2108,0.1062,4.2e-05,1,0.20257947767982998,False,
2025-11-27 11:00:00,8946191,4348841,4,4,13.295033314681625,0,0.2386,0.116,6e-05,1,0.19506821527785578,False,
2025-11-27 11:05:00,9922171,5916805,3,3,15.838977506299717,0,0.2646,0.1578,3.8e-05,1,0.25625271407206535,False,
2025-11-27 11:10:00,6961384,5497765,3,2,12.459149523552624,0,0.1856,0.1466,4e-05,1,0.2398341731143867,False,
2025-11-27 11:15:00,9153926,7105043,0,3,16.25896918431829,0,0.2441,0.1895,1.8e-05,1,0.2559867187008368,False,
2025-11-27 11:20:00,11508807,4713763,3,2,16.222571072313634,0,0.3069,0.1257,3.1e-05,1,0.21610209554947651,False,
2025-11-27 11:25:00,6885460,3434218,4,2,10.319678810701332,0,0.1836,0.0916,5.8e-05,1,0.08701085715644308,False,
2025-11-27 11:30:00,8335856,6400635,4,0,14.736491532304155,0,0.2223,0.1707,2.7e-05,1,0.26664189936333654,False,
2025-11-27 11:35:00,11462101,3643557,2,2,15.10565934563485,0,0.3057,0.0972,2.6e-05,1,0.1866392842901472,False,
2025-11-27 11:40:00,9416533,5912585,3,2,15.329118757067487,0,0.2511,0.1577,3.3e-05,1,0.26853437050294554,False,
2025-11-27 11:45:00,8966602,5995718,2,2,14.96232098423932,0,0.2391,0.1599,2.7e-05,1,0.27447830869653506,False,
2025-11-27 11:50:00,9165104,8114373,2,1,17.279478159036234,0,0.2444,0.2164,1.7e-05,1,0.2014937002292288,False,
2025-11-27 11:55:00,8069397,5656607,3,1,13.726004986524714,0,0.2152,0.1508,2.9e-05,1,0.2645821697327798,False,
2025-11-27 12:00:00,10637009,7172134,5,1,17.809143660273484,0,0.2837,0.1913,3.4e-05,1,0.2358161442203709,False,
2025-11-27 12:05:00,8256762,4901379,2,4,13.15814132171158,0,0.2202,0.1307,4.6e-05,1,0.24161920564191758,False,
2025-11-27 12:10:00,8639786,7574613,1,1,16.214400045790104,0,0.2304,0.202,1.2e-05,1,0.22428401985197455,False,
2025-11-27 12:15:00,8012478,6616417,2,2,14.628895603423612,0,0.2137,0.1764,2.7e-05,1,0.2670421984153199,False,
2025-11-27 12:20:00,9972672,5898454,3,4,15.871126655920836,0,0.2659,0.1573,4.4e-05,1,0.24146696121076083,False,
2025-11-27 12:25:00,8218794,5642821,4,2,13.861616363308752,0,0.2192,0.1505,4.3e-05,1,0.2597190332905577,False,
2025-11-27 12:30:00,8234845,3503610,2,4,11.738456241659351,0,0.2196,0.0934,5.1e-05,1,0.16867464938791848,False,
2025-11-27 12:35:00,8575982,6028215,3,2,14.604198022291554,0,0.2287,0.1608,3.4e-05,1,0.2695386358407063,False,
2025-11-27 12:40:00,9635600,6435331,2,2,16.070932580150068,0,0.2569,0.1716,2.5e-05,1,0.26809704908799237,False,
2025-11-27 12:45:00,7003744,4494180,3,2,11.49792475407044,0,0.1868,0.1198,4.3e-05,1,0.19588275361137353,False,
2025-11-27 12:50:00,8247158,6033068,5,4,14.280226970886886,0,0.2199,0.1609,6.3e-05,1,0.225680320389192,False,
2025-11-27 12:55:00,9326375,5668387,6,3,14.994763154385016,0,0.2487,0.1512,6e-05,1,0.22790863900702402,False,
2025-11-27 13:00:00,9669647,6252546,5,1,15.92219404089244,0,0.2579,0.1667,3.8e-05,1,0.25926960275598704,False,
2025-11-27 13:05:00,7632910,5844468,3,1,13.477378393294014,0,0.2035,0.1559,3e-05,1,0.2559861221082822,False,
2025-11-27 13:10:00,9598560,6832365,3,3,16.430925655568636,0,0.256,0.1822,3.7e-05,1,0.26104746354089325,False,
2025-11-27 13:15:00,9619070,6959938,2,1,16.579009538624224,0,0.2565,0.1856,1.8e-05,1,0.25530244023799603,False,
2025-11-27 13:20:00,7777790,6174766,5,2,13.95255695966008,0,0.2074,0.1647,5e-05,1,0.24734828330360642,False,
2025-11-27 13:25:00,10507039,5481530,1,1,15.98857093107816,0,0.2802,0.1462,1.3e-05,1,0.22039936670458188,False,
2025-11-27 13:30:00,7273324,7776893,1,0,15.050218289447791,0,0.194,0.2074,7e-06,1,0.18267360469470456,False,
2025-11-27 13:35:00,7422836,5441429,4,4,12.864265925166007,0,0.1979,0.1451,6.2e-05,1,0.21256771059381518,False,
2025-11-27 13:40:00,8857012,6653206,2,2,15.510219059279686,0,0.2362,0.1774,2.6e-05,1,0.2730137706445641,False,
2025-11-27 13:45:00,9860877,6607461,1,0,16.468338329897023,0,0.263,0.1762,6e-06,1,0.21141037828417814,False,
2025-11-27 13:50:00,9542865,6185344,2,4,15.728210198473636,0,0.2545,0.1649,3.8e-05,1,0.257558765787994,False,
2025-11-27 13:55:00,11180342,5122890,3,1,16.30323255382473,0,0.2981,0.1366,2.5e-05,1,0.24052440862466318,False,
2025-11-27 14:00:00,12301267,5476644,3,2,17.777912645658915,0,0.328,0.146,2.8e-05,1,0.1897639577912999,False,
2025-11-27 14:05:00,10517751,4189318,3,5,14.707069871324412,0,0.2805,0.1117,5.4e-05,1,0.18807447376146913,False,
2025-11-27 14:10:00,9577749,6489716,2,1,16.06746621952174,0,0.2554,0.1731,1.9e-05,1,0.26001713511866253,False,
2025-11-27 14:15:00,10355019,6410604,5,1,16.76562449032928,0,0.2761,0.1709,3.6e-05,1,0.2516565240494062,False,
2025-11-27 14:20:00,10611593,5339801,4,0,15.951395334340829,0,0.283,0.1424,2.5e-05,1,0.2512178471655492,False,
2025-11-27 14:25:00,7188143,6978189,6,5,14.166332472796814,0,0.1917,0.1861,7.8e-05,1,0.12924167447672374,False,
2025-11-27 14:30:00,5830578,3079850,4,0,8.910429266033926,0,0.1555,0.0821,4.5e-05,1,0.021394739575733235,False,
2025-11-27 14:35:00,9568361,6103588,2,4,15.67195070690763,0,0.2552,0.1628,3.8e-05,1,0.2625970922202347,False,
2025-11-27 14:40:00,8545113,6002973,3,0,14.548086779216217,0,0.2279,0.1601,2.1e-05,1,0.2571391181570754,False,
2025-11-27 14:45:00,9637143,7035757,3,0,16.672900815605576,0,0.257,0.1876,1.8e-05,1,0.2549280066384242,False,
2025-11-27 14:50:00,12052848,7639050,1,4,19.69189889931143,0,0.3214,0.2037,2.5e-05,1,0.13072068457363117,False,
2025-11-27 14:55:00,10222886,6536059,3,2,16.758945966705,0,0.2726,0.1743,3e-05,1,0.258219749043008,False,
2025-11-27 15:00:00,8807667,6630485,4,2,15.438152315536694,0,0.2349,0.1768,3.9e-05,1,0.26405293904357124,False,
2025-11-27 15:05:00,7701586,5348285,3,2,13.04987260613098,0,0.2054,0.1426,3.8e-05,1,0.24531772377691957,False,
2025-11-27 15:10:00,10879702,6096825,2,2,16.976528354062793,0,0.2901,0.1626,2.4e-05,1,0.24133929332922394,False,
2025-11-27 15:15:00,6629725,4935602,4,2,11.56532806183334,0,0.1768,0.1316,5.2e-05,1,0.18550713071905667,False,
2025-11-27 15:20:00,8531156,4533441,1,2,13.064597858291638,0,0.2275,0.1209,2.3e-05,1,0.22765533643578362,False,
2025-11-27 15:25:00,7946828,5175486,1,3,13.122315119907244,0,0.2119,0.138,3e-05,1,0.2478604997877511,False,
2025-11-27 15:30:00,10164546,6033723,1,2,16.19826963203311,0,0.2711,0.1609,1.9e-05,1,0.25462286881629714,False,
2025-11-27 15:35:00,8947915,6586266,2,3,15.534182607595952,0,0.2386,0.1756,3.2e-05,1,0.2729492139030818,False,
2025-11-27 15:40:00,7762741,4467324,1,1,12.230065988017046,0,0.207,0.1191,1.6e-05,1,0.18499120811377012,False,
2025-11-27 15:45:00,7979028,4716841,1,4,12.69586945436838,0,0.2128,0.1258,3.9e-05,1,0.23822787980755716,False,
2025-11-27 15:50:00,10096044,6299128,3,1,16.395173170787103,0,0.2692,0.168,2.4e-05,1,0.26207825717925265,False,
2025-11-27 15:55:00,11496837,5605649,2,3,17.102486875445123,0,0.3066,0.1495,2.9e-05,1,0.22803233505724002,False,
2025-11-27 16:00:00,7150923,5287711,4,5,12.438635255915935,0,0.1907,0.141,7.2e-05,1,0.16105799225979162,False,
2025-11-27 16:05:00,7778624,6482527,4,4,14.26115209906182,0,0.2074,0.1729,5.6e-05,1,0.2326959888220832,False,
2025-11-27 16:10:00,9572863,6372041,3,2,15.944904823499092,0,0.2553,0.1699,3.1e-05,1,0.2639931477962527,False,
2025-11-27 16:15:00,9565051,5104869,3,0,14.6699209334666,0,0.2551,0.1361,2e-05,1,0.24872039931319834,False,
2025-11-27 16:20:00,10690038,5270195,4,2,15.960234367865372,0,0.2851,0.1405,3.8e-05,1,0.24675685879231696,False,
2025-11-27 16:25:00,7887664,4915083,4,0,12.802747675452071,0,0.2103,0.1311,3.1e-05,1,0.24830787934423448,False,
2025-11-27 16:30:00,10423105,7550607,1,4,17.973713246435178,0,0.2779,0.2013,2.8e-05,1,0.23015281463919252,False,
2025-11-27 16:35:00,9210859,6024971,2,2,15.23583095098528,0,0.2456,0.1607,2.6e-05,1,0.271925109237585,False,
2025-11-27 16:40:00,9067217,5635821,3,1,14.703038376801889,0,0.2418,0.1503,2.7e-05,1,0.2713135119224602,False,
2025-11-27 16:45:00,10157159,5385117,2,3,15.542276442832817,0,0.2709,0.1436,3.2e-05,1,0.2648003653659416,False,
2025-11-27 16:50:00,8579914,6234385,6,2,14.814299806188666,0,0.2288,0.1663,5.4e-05,1,0.2411304153356808,False,
2025-11-27 16:55:00,8905282,6942774,5,3,15.848057054322624,0,0.2375,0.1851,5e-05,1,0.24676291707824133,False,
2025-11-27 17:00:00,6987310,2826697,3,4,9.814008020937855,0,0.1863,0.0754,7.1e-05,1,0.02168981422594629,False,
2025-11-27 17:05:00,8039284,7099511,2,3,15.138796167105903,0,0.2144,0.1893,3.3e-05,1,0.26597912181271105,False,
2025-11-27 17:10:00,9656942,4635247,5,0,14.292189609677274,0,0.2575,0.1236,3.5e-05,1,0.24414759736454156,False,
2025-11-27 17:15:00,8167082,7417403,0,2,15.58448594086294,0,0.2178,0.1978,1.3e-05,1,0.23424518059878718,False,
2025-11-27 17:20:00,10079616,6856254,3,0,16.935870179467695,0,0.2688,0.1828,1.8e-05,1,0.24604035799342489,False,
2025-11-27 17:25:00,9384055,8138937,4,4,17.522993551164205,0,0.2502,0.217,4.6e-05,1,0.1834137419593836,False,
2025-11-27 17:30:00,6629201,9693598,4,1,16.322800091509848,0,0.1768,0.2585,3.1e-05,1,0.13999613082321094,False,
2025-11-27 17:35:00,8087527,5253528,3,0,13.341056515033126,0,0.2157,0.1401,2.2e-05,1,0.2480593866232686,False,
2025-11-27 17:40:00,7592837,5903268,5,7,13.496106932561515,0,0.2025,0.1574,8.9e-05,1,0.10834568689606217,False,
2025-11-27 17:45:00,10402062,4163745,3,2,14.565808144966685,0,0.2774,0.111,3.4e-05,1,0.22137999277757248,False,
2025-11-27 17:50:00,12460254,5195137,4,0,17.655391271617937,0,0.3323,0.1385,2.3e-05,1,0.18086888629532738,False,
2025-11-27 17:55:00,10356682,5759631,3,0,16.11631420192923,0,0.2762,0.1536,1.9e-05,1,0.24888578620232676,False,
2025-11-27 18:00:00,10249920,5971449,1,3,16.22136975168014,0,0.2733,0.1592,2.5e-05,1,0.2584995613556195,False,
2025-11-27 18:05:00,10793943,5028803,3,2,15.822746740413148,0,0.2878,0.1341,3.2e-05,1,0.25028991577615806,False,
2025-11-27 18:10:00,8393847,4607017,0,1,13.000864412482663,0,0.2238,0.1229,8e-06,1,0.1654541464378116,False,
2025-11-27 18:15:00,9952017,7915638,3,2,17.86765585764819,0,0.2654,0.2111,2.8e-05,1,0.21742918259417565,False,
2025-11-27 18:20:00,8022762,5516072,3,3,13.538835038718569,0,0.2139,0.1471,4.4e-05,1,0.2550667334768567,False,
2025-11-27 18:25:00,5909850,5297084,0,2,11.2069346503106,0,0.1576,0.1413,1.8e-05,1,0.15622515549684346,False,
2025-11-27 18:30:00,7099703,5919751,2,3,13.019455047201529,0,0.1893,0.1579,3.8e-05,1,0.24729839189358083,False,
2025-11-27 18:35:00,8827096,5980394,2,2,14.80749149158093,0,0.2354,0.1595,2.7e-05,1,0.2701275105464945,False,
2025-11-27 18:40:00,8334987,5288467,3,2,13.623455316983788,0,0.2223,0.141,3.7e-05,1,0.2566800623514027,False,
2025-11-27 18:45:00,9155864,6258776,2,1,15.414640724116586,0,0.2442,0.1669,1.9e-05,1,0.26293373091824507,False,
2025-11-27 18:50:00,6942958,5745887,4,0,12.688845978968978,0,0.1851,0.1532,3.2e-05,1,0.2445194843928542,False,
2025-11-27 18:55:00,7685788,7508743,2,1,15.194532060950689,0,0.205,0.2002,2e-05,1,0.2444603287141915,False,
2025-11-27 19:00:00,9610634,6471428,4,3,16.082063043927832,0,0.2563,0.1726,4.4e-05,1,0.25078005364168937,False,
2025-11-27 19:05:00,9509207,4579982,2,4,14.089190235459498,0,0.2536,0.1221,4.3e-05,1,0.23199496603387054,False,
2025-11-27 19:10:00,10480577,7717056,2,3,18.197634983914693,0,0.2795,0.2058,2.7e-05,1,0.2163456008127566,False,
2025-11-27 19:15:00,8406836,4328854,6,4,12.73569098872819,0,0.2242,0.1154,7.9e-05,1,0.11732937927632625,False,
2025-11-27 19:20:00,7743288,5536467,2,5,13.279756399343723,0,0.2065,0.1476,5.3e-05,1,0.24443707598369974,False,
2025-11-27 19:25:00,9108060,7534320,5,0,16.642380659532783,0,0.2429,0.2009,3e-05,1,0.25417425003773875,False,
2025-11-27 19:30:00,10315608,5429104,3,2,15.744713236628824,0,0.2751,0.1448,3.2e-05,1,0.2610771580629194,False,
2025-11-27 19:35:00,9303553,6655126,3,3,15.958680155686547,0,0.2481,0.1775,3.8e-05,1,0.2629411794284873,False,
2025-11-27 19:40:00,7534434,7002408,1,5,14.536842552178667,0,0.2009,0.1867,4.1e-05,1,0.24911885306656423,False,
2025-11-27 19:45:00,10611463,5854187,2,0,16.465651551371497,0,0.283,0.1561,1.2e-05,1,0.21999320731566868,False,
2025-11-27 19:50:00,8823366,4844867,3,3,13.668233734354548,0,0.2353,0.1292,4.4e-05,1,0.2525909550900923,False,
2025-11-27 19:55:00,6075242,7141062,4,2,13.216305291087432,0,0.162,0.1904,4.5e-05,1,0.19620031179926556,False,
2025-11-27 20:00:00,7603377,6535359,2,0,14.138737231602471,0,0.2028,0.1743,1.4e-05,1,0.22055701028272123,False,
2025-11-27 20:05:00,8865805,7886884,3,3,16.752690008688024,0,0.2364,0.2103,3.6e-05,1,0.23765876670667452,False,
2025-11-27 20:10:00,9626896,5275047,2,1,14.901944466842249,0,0.2567,0.1407,2e-05,1,0.25069953673871326,False,
2025-11-27 20:15:00,9058145,8283179,2,1,17.341325252608627,0,0.2416,0.2209,1.7e-05,1,0.19513445982011096,False,
2025-11-27 20:20:00,7848080,5014331,3,1,12.86241268946195,0,0.2093,0.1337,3.1e-05,1,0.249578318697177,False,
2025-11-27 20:25:00,7725683,5962048,6,1,13.687731221546304,0,0.206,0.159,5.1e-05,1,0.25020892228003255,False,
2025-11-27 20:30:00,9819030,6999146,1,2,16.818176684037393,0,0.2618,0.1866,1.8e-05,1,0.2519332505900092,False,
2025-11-27 20:35:00,8925807,8580353,2,3,17.506161329030974,0,0.238,0.2288,2.9e-05,1,0.19094850555157195,False,
2025-11-27 20:40:00,6547365,8353518,3,3,14.900884271376755,0,0.1746,0.2228,4e-05,1,0.17755750180361302,False,
2025-11-27 20:45:00,9259432,7329785,1,3,16.5892185444899,0,0.2469,0.1955,2.4e-05,1,0.2549101763879645,False,
2025-11-27 20:50:00,7972142,5530700,0,2,13.502843421825158,0,0.2126,0.1475,1.5e-05,1,0.22984556357222002,False,
2025-11-27 20:55:00,6419347,6231263,2,1,12.65061047346036,0,0.1712,0.1662,2.4e-05,1,0.21805973241415344,False,
2025-11-27 21:00:00,7088358,4336030,1,2,11.424389088378572,0,0.189,0.1156,2.6e-05,1,0.18133348118165726,False,
2025-11-27 21:05:00,5949524,4728451,2,0,10.677976774293732,0,0.1587,0.1261,1.9e-05,1,0.1142387799875687,False,
2025-11-27 21:10:00,11457928,6251307,3,1,17.70923617857041,0,0.3055,0.1667,2.3e-05,1,0.21512977354085777,False,
2025-11-27 21:15:00,9110467,6116985,1,3,15.22745327000305,0,0.2429,0.1631,2.6e-05,1,0.2727239589364225,False,
2025-11-27 21:20:00,10723608,6086980,6,3,16.81058911965758,0,0.286,0.1623,5.4e-05,1,0.2039804054591416,False,
2025-11-27 21:25:00,6990443,6439928,1,5,13.430371595008175,0,0.1864,0.1717,4.5e-05,1,0.23416427061278622,False,
2025-11-27 21:30:00,9336973,6744236,2,1,16.08121030216875,0,0.249,0.1798,1.9e-05,1,0.2650897902711232,False,
2025-11-27 21:35:00,6128143,6132349,1,3,12.26049305946932,0,0.1634,0.1635,3.3e-05,1,0.21212136792262748,False,
2025-11-27 21:40:00,8766206,6678383,1,4,15.444589474538525,0,0.2338,0.1781,3.2e-05,1,0.27061417804784277,False,
2025-11-27 21:45:00,9539715,5978271,4,1,15.517986406766369,0,0.2544,0.1594,3.2e-05,1,0.26615034220459877,False,
2025-11-27 21:50:00,8569214,4544799,3,3,13.114013574347934,0,0.2285,0.1212,4.6e-05,1,0.2302080810471862,False,
2025-11-27 21:55:00,8863669,5452293,4,2,14.315963253445467,0,0.2364,0.1454,4.2e-05,1,0.26200169211696317,False,
2025-11-27 22:00:00,8810732,6129410,3,1,14.940143101748063,0,0.235,0.1635,2.7e-05,1,0.27412817153559027,False,
2025-11-27 22:05:00,6587592,4175480,2,3,10.763073290437877,0,0.1757,0.1113,4.6e-05,1,0.14375910453496643,False,
2025-11-27 22:10:00,10759017,6648246,1,2,17.40726434608087,0,0.2869,0.1773,1.7e-05,1,0.23045828666604834,False,
2025-11-27 22:15:00,10582455,4932243,4,2,15.514698126005802,0,0.2822,0.1315,3.9e-05,1,0.23986044546459157,False,
2025-11-27 22:20:00,8570532,6492079,5,3,15.062611980341067,0,0.2285,0.1731,5.3e-05,1,0.24384362007721105,False,
2025-11-27 22:25:00,9659971,6197103,4,2,15.857074061549442,0,0.2576,0.1653,3.8e-05,1,0.25744648174274515,False,
2025-11-27 22:30:00,10645384,3957136,4,0,14.602520695705698,0,0.2839,0.1055,2.7e-05,1,0.2176026305692143,False,
2025-11-27 22:35:00,9380463,6612119,1,2,15.992583582006636,0,0.2501,0.1763,1.9e-05,1,0.26518196947136946,False,
2025-11-27 22:40:00,7975285,6103030,3,4,14.078315422449696,0,0.2127,0.1627,5e-05,1,0.2522378412752383,False,
2025-11-27 22:45:00,8239722,5649948,1,2,13.88967090126403,0,0.2197,0.1507,2.2e-05,1,0.25574999555124134,False,
2025-11-27 22:50:00,6802076,4286116,4,1,11.08819247789076,0,0.1814,0.1143,4.5e-05,1,0.1762883060446221,False,
2025-11-27 22:55:00,8832112,4762362,4,2,13.594474255077046,0,0.2355,0.127,4.4e-05,1,0.24504567419964485,False,
2025-11-27 23:00:00,11069893,4635070,2,0,15.70496409156922,0,0.2952,0.1236,1.3e-05,1,0.1833328463415529,False,
2025-11-27 23:05:00,7229616,5729488,2,1,12.95910514745849,0,0.1928,0.1528,2.3e-05,1,0.2361098478040412,False,
2025-11-27 23:10:00,7743544,4422935,4,2,12.166480242143155,0,0.2065,0.1179,4.9e-05,1,0.20896563456877826,False,
2025-11-27 23:15:00,9144530,6157014,3,0,15.301544454666374,0,0.2439,0.1642,2e-05,1,0.26479727744634474,False,
2025-11-27 23:20:00,7688778,4114086,3,1,11.802864308186663,0,0.205,0.1097,3.4e-05,1,0.19679855652122075,False,
2025-11-27 23:25:00,7184571,6092816,4,1,13.277388051850927,0,0.1916,0.1625,3.8e-05,1,0.24737167133007798,False,
2025-11-27 23:30:00,11016588,6524813,4,1,17.541401940892808,0,0.2938,0.174,2.9e-05,1,0.23809236490583008,False,
2025-11-27 23:35:00,8591060,5723385,4,3,14.31444607504882,0,0.2291,0.1526,4.9e-05,1,0.2511544996571583,False,
2025-11-27 23:40:00,8296697,5925431,1,1,14.222128779294282,0,0.2212,0.158,1.4e-05,1,0.23803881515422104,False,
2025-11-27 23:45:00,9531424,4137667,3,2,13.66909152109833,0,0.2542,0.1103,3.7e-05,1,0.2195532626670424,False,
2025-11-27 23:50:00,10990260,5369791,0,2,16.36005262707576,0,0.2931,0.1432,1.2e-05,1,0.2060289226438652,False,
2025-11-27 23:55:00,9493767,6893014,3,3,16.38678204999732,0,0.2532,0.1838,3.7e-05,1,0.2641662528039614,False,
2025-11-28 00:00:00,8338042,7039613,6,3,15.377656028415911,0,0.2223,0.1877,5.9e-05,1,0.22176082226625027,False,
2025-11-28 00:05:00,9720556,3465802,4,1,13.186358765426675,0,0.2592,0.0924,3.8e-05,1,0.19085492643847485,False,
2025-11-28 00:10:00,10335094,4817583,6,2,15.15267815540878,0,0.2756,0.1285,5.3e-05,1,0.2165310527839327,False,
2025-11-28 00:15:00,9819212,5875320,1,2,15.694532803113889,0,0.2618,0.1567,1.9e-05,1,0.2558455100792282,False,
2025-11-28 00:20:00,7964496,9375429,2,1,17.33992550240884,0,0.2124,0.25,1.7e-05,1,0.1321343321524916,False,
2025-11-28 00:25:00,9488570,4986902,3,3,14.475472890560242,0,0.253,0.133,4.1e-05,1,0.2552036126634448,False,
2025-11-28 00:30:00,9471376,5003872,2,3,14.475249543272872,0,0.2526,0.1334,3.5e-05,1,0.26260298743585925,False,
2025-11-28 00:35:00,10476252,4155738,4,2,14.631991929575976,0,0.2794,0.1108,4.1e-05,1,0.21687593017792528,False,
2025-11-28 00:40:00,42534334,30638123,9,1,12.708941197703256,1,1.1342,0.817,1.4e-05,-1,-0.04724064714997933,False,
2025-11-28 00:45:00,43618251,30555601,4,4,13.710336258067048,1,1.1632,0.8148,1.1e-05,-1,-0.04569216275640853,False,
2025-11-28 00:50:00,44288665,33312234,15,2,17.13738300050095,1,1.181,0.8883,2.2e-05,-1,-0.030046836790946663,False,
2025-11-28 00:55:00,43986041,31234220,6,2,14.75674570084756,1,1.173,0.8329,1.1e-05,-1,-0.04206758374387365,False,
2025-11-28 01:00:00,44526815,31324283,13,2,15.387582321558083,1,1.1874,0.8353,2e-05,-1,-0.0290184066376572,False,
2025-11-28 01:05:00,42249318,33006753,11,1,14.792555736528302,1,1.1266,0.8802,1.6e-05,-1,-0.03329252008839423,False,
2025-11-28 01:10:00,45987136,31999403,12,1,17.523023826790038,1,1.2263,0.8533,1.7e-05,-1,-0.04799746984860087,False,
2025-11-28 01:15:00,46410145,32103440,11,1,18.050069942759755,1,1.2376,0.8561,1.5e-05,-1,-0.05784011669886402,False,
2025-11-28 01:20:00,44635068,31303577,11,4,15.475129524165816,1,1.1903,0.8348,2e-05,-1,-0.029931006881334543,False,
2025-11-28 01:25:00,45378200,29953974,18,3,14.868658352257244,1,1.2101,0.7988,2.8e-05,-1,-0.03949881463160987,False,
2025-11-28 01:30:00,42833816,33046936,16,4,15.417236620877816,1,1.1422,0.8813,2.6e-05,-1,-0.03797430526037071,False,
2025-11-28 01:35:00,45752698,31721808,15,4,17.010990301207805,1,1.2201,0.8459,2.5e-05,-1,-0.04323766197990564,False,
2025-11-28 01:40:00,43231303,33593546,11,3,16.36133289479897,1,1.1528,0.8958,1.8e-05,-1,-0.04105201573535111,False,
2025-11-28 01:45:00,44561492,33007614,17,2,17.105590823512955,1,1.1883,0.8802,2.4e-05,-1,-0.0356774396163515,False,
2025-11-28 01:50:00,42563851,33423014,10,0,15.523349920260513,1,1.135,0.8913,1.3e-05,-1,-0.044775148650958885,False,
2025-11-28 01:55:00,43416166,34025046,15,1,16.977696219340668,1,1.1578,0.9073,2.1e-05,-1,-0.038837711854952106,False,
2025-11-28 02:00:00,44232155,31551661,13,3,15.320300665188652,1,1.1795,0.8414,2.1e-05,-1,-0.028736388366469745,False,
2025-11-28 02:05:00,44202517,32950738,13,2,16.689739235804513,1,1.1787,0.8787,1.9e-05,-1,-0.03479899639877304,False,
2025-11-28 02:10:00,43851498,32661919,19,3,16.049901656790762,1,1.1694,0.871,2.9e-05,-1,-0.04765193841292881,False,
2025-11-28 02:15:00,78626845,51692241,27,2,16.059422529168593,1,2.0967,1.3785,2.2e-05,-1,-0.09493803644240417,False,
2025-11-28 02:20:00,80290393,53841129,22,2,19.87185837453466,1,2.1411,1.4358,1.8e-05,-1,-0.10668310495286515,False,
2025-11-28 02:25:00,79594225,53080403,25,2,18.41496391005727,1,2.1225,1.4155,2e-05,-1,-0.09451182729873564,False,
2025-11-28 02:30:00,78869072,49818652,33,2,14.428060275913104,1,2.1032,1.3285,2.7e-05,-1,-0.0936747934552522,False,
2025-11-28 02:35:00,79266271,51356112,26,1,16.362719216565687,1,2.1138,1.3695,2.1e-05,-1,-0.09293837641026759,False,
2025-11-28 02:40:00,78754913,50982968,21,2,15.478216989219264,1,2.1001,1.3595,1.8e-05,-1,-0.09541059850514977,False,
2025-11-28 02:45:00,78497543,52898807,29,2,17.1366872308745,1,2.0933,1.4106,2.4e-05,-1,-0.09229547559761142,False,
2025-11-28 02:50:00,77909110,52324111,29,3,15.973557587016952,1,2.0776,1.3953,2.5e-05,-1,-0.09959718088896763,False,
2025-11-28 02:55:00,42735212,26576789,19,2,15.515853829896628,1,1.1396,0.7087,3e-05,-1,-0.03978533832711806,False,
2025-11-28 03:00:00,44291055,26589902,14,1,17.084810486293883,1,1.1811,0.7091,2.1e-05,-1,-0.026966166683733306,False,
2025-11-28 03:05:00,43470561,24858428,16,0,14.532841890972517,1,1.1592,0.6629,2.3e-05,-1,-0.02514313662394474,False,
2025-11-28 03:10:00,45425563,27613596,11,3,19.24301191258273,1,1.2113,0.7364,1.9e-05,-1,-0.06469780527410574,False,
2025-11-28 03:15:00,43212062,25077649,7,1,14.493563915518768,1,1.1523,0.6687,1.2e-05,-1,-0.033885730370553535,False,
2025-11-28 03:20:00,43465259,26075001,8,1,15.744113212310989,1,1.1591,0.6953,1.3e-05,-1,-0.027641507506069862,False,
2025-11-28 03:25:00,46612471,27219466,16,3,20.035790053765044,1,1.243,0.7259,2.6e-05,-1,-0.07592834819772498,False,
2025-11-28 03:30:00,42074942,26833509,13,1,15.112304507389274,1,1.122,0.7156,2e-05,-1,-0.02469814850575136,False,
2025-11-28 03:35:00,41888112,24025408,15,4,12.117373034212786,1,1.117,0.6407,2.9e-05,-1,-0.05372995139259651,False,
2025-11-28 03:40:00,40571318,27784071,11,2,14.5592412815159,1,1.0819,0.7409,1.9e-05,-1,-0.027413822798347587,False,
2025-11-28 03:45:00,44068453,26592778,11,4,16.865083290072015,1,1.1752,0.7091,2.1e-05,-1,-0.02543153648699714,False,
2025-11-28 03:50:00,41462579,26063679,13,2,13.730110859305892,1,1.1057,0.695,2.2e-05,-1,-0.024110584888935915,False,
2025-11-28 03:55:00,41786970,26450570,14,2,14.441392439895523,1,1.1143,0.7053,2.3e-05,-1,-0.023035642208702245,False,
2025-11-28 04:00:00,42437415,25751284,22,2,14.392551629638254,1,1.1317,0.6867,3.5e-05,-1,-0.04312128947864413,False,
2025-11-28 04:05:00,43628973,27417750,12,1,17.25057614550598,1,1.1634,0.7311,1.8e-05,-1,-0.029113822379787768,False,
2025-11-28 04:10:00,42094171,23487840,11,4,11.785863231967774,1,1.1225,0.6263,2.3e-05,-1,-0.04933120371600286,False,
2025-11-28 04:15:00,44990230,23143330,6,0,14.33741341357644,1,1.1997,0.6172,9e-06,-1,-0.04705354824804753,False,
2025-11-28 04:20:00,45976873,25837111,18,2,18.017836925350142,1,1.226,0.689,2.8e-05,-1,-0.05398119963068637,False,
2025-11-28 04:25:00,8426663,4427133,4,3,12.85379690726166,0,0.2247,0.1181,5.4e-05,1,0.22106237616689384,False,
2025-11-28 04:30:00,6573786,5628114,2,3,12.201901210138704,0,0.1753,0.1501,4.1e-05,1,0.2276121440957875,False,
2025-11-28 04:35:00,10645019,7177206,4,2,17.8222253804042,0,0.2839,0.1914,3.4e-05,1,0.23599444268276187,False,
2025-11-28 04:40:00,10525581,8236312,5,2,18.76189394763779,0,0.2807,0.2196,3.7e-05,1,0.17235801610441198,False,
2025-11-28 04:45:00,8310138,6923892,8,1,15.234030468048855,0,0.2216,0.1846,5.9e-05,1,0.22196485625836226,False,
2025-11-28 04:50:00,11035719,5460706,4,2,16.496425703987146,0,0.2943,0.1456,3.6e-05,1,0.24477467973807987,False,
2025-11-28 04:55:00,8222037,5544921,6,2,13.766958600210923,0,0.2193,0.1479,5.8e-05,1,0.23167691304440752,False,
2025-11-28 05:00:00,12634562,4422024,1,2,17.056586915741892,0,0.3369,0.1179,1.8e-05,1,0.14716905135546038,False,
2025-11-28 05:05:00,12003832,6208638,2,0,18.212471449997107,0,0.3201,0.1656,1.1e-05,1,0.14264803304311702,False,
2025-11-28 05:10:00,6551326,5785378,8,0,12.336704981036275,0,0.1747,0.1543,6.5e-05,1,0.18904833983415292,False,
2025-11-28 05:15:00,10804880,5919439,3,1,16.724319381036622,0,0.2881,0.1579,2.4e-05,1,0.2501435857865642,False,
2025-11-28 05:20:00,3908126,7116741,3,3,11.024867973961156,0,0.1042,0.1898,5.4e-05,1,0.09944870462390787,False,
2025-11-28 05:25:00,6161080,7388585,3,1,13.549666659525986,0,0.1643,0.197,3e-05,1,0.20164398521053645,False,
2025-11-28 05:30:00,10271149,7106239,1,1,17.377389074568438,0,0.2739,0.1895,1.2e-05,1,0.21347643401110772,False,
2025-11-28 05:35:00,9105822,5705312,7,0,14.811134831123068,0,0.2428,0.1521,4.7e-05,1,0.2591649873706491,False,
2025-11-28 05:40:00,9648308,5899806,5,2,15.548114756855432,0,0.2573,0.1573,4.5e-05,1,0.2525144898870912,False,
2025-11-28 05:45:00,9057099,6342780,4,1,15.399879650900129,0,0.2415,0.1691,3.2e-05,1,0.271911538714821,False,
2025-11-28 05:50:00,7883335,6147145,5,3,14.03048025029278,0,0.2102,0.1639,5.7e-05,1,0.2344938511183169,False,
2025-11-28 05:55:00,7297927,6590888,2,1,13.888816210293776,0,0.1946,0.1758,2.2e-05,1,0.23929856777519987,False,
2025-11-28 06:00:00,9298280,5294673,2,1,14.592954457969292,0,0.248,0.1412,2.1e-05,1,0.25594969277880086,False,
2025-11-28 06:05:00,9250649,6027933,1,4,15.278583164416728,0,0.2467,0.1607,3.3e-05,1,0.27322969645002776,False,
2025-11-28 06:10:00,10492244,6075709,4,3,16.567954454704456,0,0.2798,0.162,4.2e-05,1,0.23939823847050362,False,
2025-11-28 06:15:00,8629110,3783474,4,3,12.41258510038329,0,0.2301,0.1009,5.6e-05,1,0.18845128757973412,False,
2025-11-28 06:20:00,8973173,5252462,2,3,14.225635962509434,0,0.2393,0.1401,3.5e-05,1,0.26232541200285553,False,
2025-11-28 06:25:00,7641225,4708479,4,1,12.349704622931174,0,0.2038,0.1256,4e-05,1,0.2319219065416706,False,
2025-11-28 06:30:00,6306641,7305784,2,1,13.612426364613423,0,0.1682,0.1948,2.2e-05,1,0.2019561755557598,False,
2025-11-28 06:35:00,8124330,5396100,4,1,13.520430223735564,0,0.2166,0.1439,3.7e-05,1,0.2588024805627879,False,
2025-11-28 06:40:00,9497104,5692882,4,1,15.189986554964037,0,0.2533,0.1518,3.3e-05,1,0.271088063608939,False,
2025-11-28 06:45:00,8715117,4860655,3,3,13.575772194800209,0,0.2324,0.1296,4.4e-05,1,0.25125197148164746,False,
2025-11-28 06:50:00,9323023,6213177,3,2,15.536201094402545,0,0.2486,0.1657,3.2e-05,1,0.27070482214194164,False,
2025-11-28 06:55:00,9581895,6445591,3,2,16.027486856568974,0,0.2555,0.1719,3.1e-05,1,0.2676027501772903,False,
2025-11-28 07:00:00,9134154,4778525,4,3,13.91268018694714,0,0.2436,0.1274,5e-05,1,0.23795673403781792,False,
2025-11-28 07:05:00,10283021,6348477,4,2,16.63149911013375,0,0.2742,0.1693,3.6e-05,1,0.25737379200051524,False,
2025-11-28 07:10:00,8505027,6893500,4,0,15.39852719949418,0,0.2268,0.1838,2.6e-05,1,0.2656156732411007,False,
2025-11-28 07:15:00,9883502,5053657,4,2,14.937160115530968,0,0.2636,0.1348,4e-05,1,0.25984395581114356,False,
2025-11-28 07:20:00,9458165,4285693,3,4,13.743858304353475,0,0.2522,0.1143,5.1e-05,1,0.21209690966945477,False,
2025-11-28 07:25:00,10952190,6153428,1,2,17.105619120484068,0,0.2921,0.1641,1.8e-05,1,0.22665502610045152,False,
2025-11-28 07:30:00,9134975,4394593,2,1,13.529568684634818,0,0.2436,0.1172,2.2e-05,1,0.22849054702833044,False,
2025-11-28 07:35:00,6975601,6475074,8,1,13.45067598544866,0,0.186,0.1727,6.7e-05,1,0.17862196614070008,False,
2025-11-28 07:40:00,8784407,7046485,1,2,15.830892703031058,0,0.2343,0.1879,1.9e-05,1,0.2610144404378119,False,
2025-11-28 07:45:00,10527052,6849289,5,1,17.376342446093844,0,0.2807,0.1826,3.5e-05,1,0.24544458820854426,False,
2025-11-28 07:50:00,11870800,4962182,1,0,16.832983283181257,0,0.3166,0.1323,6e-06,1,0.1399279715344076,False,
2025-11-28 07:55:00,8104534,5520896,4,1,13.625431206053351,0,0.2161,0.1472,3.7e-05,1,0.26246808176829234,False,
2025-11-28 08:00:00,10885598,6406135,2,3,17.291733372172043,0,0.2903,0.1708,2.9e-05,1,0.24221372931043522,False,
2025-11-28 08:05:00,11728459,4970736,3,1,16.699196555295902,0,0.3128,0.1326,2.4e-05,1,0.21568732938225293,False,
2025-11-28 08:10:00,11045919,6258679,7,2,17.30459897118,0,0.2946,0.1669,5.2e-05,1,0.19828926755269033,False,
2025-11-28 08:15:00,9806339,5954289,5,0,15.76062890563823,0,0.2615,0.1588,3.2e-05,1,0.2668174138386194,False,
2025-11-28 08:20:00,9785585,5275094,0,1,15.060680673142157,0,0.2609,0.1407,7e-06,1,0.2066598138644914,False,
2025-11-28 08:25:00,8193066,7249203,4,4,15.442270317260904,0,0.2185,0.1933,5.2e-05,1,0.24073089684551108,False,
2025-11-28 08:30:00,7219577,5597366,2,3,12.816943850893228,0,0.1925,0.1493,3.9e-05,1,0.2467427916482144,False,
2025-11-28 08:35:00,8433017,5981634,5,3,14.41465146659438,0,0.2249,0.1595,5.5e-05,1,0.24114635316752364,False,
2025-11-28 08:40:00,7135887,6575770,2,2,13.711657486858028,0,0.1903,0.1754,2.9e-05,1,0.24461002362777845,False,
2025-11-28 08:45:00,8804057,7553725,2,3,16.3577832921977,0,0.2348,0.2014,3.1e-05,1,0.2538609766170168,False,
2025-11-28 08:50:00,10146679,6233370,4,4,16.380050221261026,0,0.2706,0.1662,4.9e-05,1,0.2311107599386118,False,
2025-11-28 08:55:00,10721384,7492504,3,1,18.213889174403185,0,0.2859,0.1998,2.2e-05,1,0.2161748776695242,False,
2025-11-28 09:00:00,7308101,5141496,4,5,12.449598328432664,0,0.1949,0.1371,7.2e-05,1,0.15949287592307293,False,
2025-11-28 09:05:00,6908389,7162108,5,3,14.07049868897596,0,0.1842,0.191,5.7e-05,1,0.20467371534126305,False,
2025-11-28 09:10:00,11081559,5614666,2,4,16.69622688160662,0,0.2955,0.1497,3.6e-05,1,0.24871782105545615,False,
2025-11-28 09:15:00,8487898,5405396,4,4,13.89329523202339,0,0.2263,0.1441,5.8e-05,1,0.22881732695044332,False,
2025-11-28 09:20:00,8740875,6833881,0,1,15.574757233431022,0,0.2331,0.1822,6e-06,1,0.21975004069053405,False,
2025-11-28 09:25:00,11510227,6875402,2,2,18.385629850921067,0,0.3069,0.1833,2.2e-05,1,0.19791548480756188,False,
2025-11-28 09:30:00,9973417,5489656,3,4,15.463073274784112,0,0.266,0.1464,4.5e-05,1,0.24828147269206258,False,
2025-11-28 09:35:00,7542921,4512779,2,2,12.055700355792643,0,0.2011,0.1203,3.3e-05,1,0.21081682890437475,False,
2025-11-28 09:40:00,11931576,7885836,3,4,19.817412702313003,0,0.3182,0.2103,3.5e-05,1,0.12230259063445914,False,
2025-11-28 09:45:00,9808284,7581421,6,2,17.389705442226884,0,0.2616,0.2022,4.6e-05,1,0.2118346778943188,False,
2025-11-28 09:50:00,8091156,6015733,4,4,14.10689002298358,0,0.2158,0.1604,5.7e-05,1,0.24285145224530408,False,
2025-11-28 09:55:00,10741949,6290115,3,1,17.032065115840343,0,0.2865,0.1677,2.3e-05,1,0.2404296509965993,False,
2025-11-28 10:00:00,8778010,5305468,1,3,14.083479364371282,0,0.2341,0.1415,2.8e-05,1,0.26204304314327526,False,
2025-11-28 10:05:00,9653143,6687638,3,0,16.3407820640495,0,0.2574,0.1783,1.8e-05,1,0.2576575734385621,False,
2025-11-28 10:10:00,9642268,5676350,4,3,15.318618514613606,0,0.2571,0.1514,4.6e-05,1,0.2521659506924692,False,
2025-11-28 10:15:00,10589221,7999570,5,1,18.58879226615267,0,0.2824,0.2133,3.2e-05,1,0.19125547126341125,False,
2025-11-28 10:20:00,9859815,8021064,4,0,17.88088047047773,0,0.2629,0.2139,2.2e-05,1,0.20531069747035735,False,
2025-11-28 10:25:00,7808243,6946864,1,3,14.75510829517632,0,0.2082,0.1852,2.7e-05,1,0.2628293934569632,False,
2025-11-28 10:30:00,11243611,6681599,3,5,17.925210944685475,0,0.2998,0.1782,4.5e-05,1,0.20186507416109617,False,
2025-11-28 10:35:00,8658455,9021989,3,0,17.680445142221316,0,0.2309,0.2406,1.7e-05,1,0.15717458041228505,False,
2025-11-28 10:40:00,9086540,4471670,2,2,13.558211199979208,0,0.2423,0.1192,3e-05,1,0.23476571650135836,False,
2025-11-28 10:45:00,8314310,6279911,4,1,14.594222321315389,0,0.2217,0.1675,3.4e-05,1,0.2661649231609113,False,
2025-11-28 10:50:00,9754839,8098240,3,2,17.853079286454157,0,0.2601,0.216,2.8e-05,1,0.2050603358684579,False,
2025-11-28 10:55:00,8783047,6249784,2,2,15.032831313114231,0,0.2342,0.1667,2.7e-05,1,0.2729221916940465,False,
2025-11-28 11:00:00,8017574,7263240,3,5,15.280814993450395,0,0.2138,0.1937,5.2e-05,1,0.23782432556134753,False,
2025-11-28 11:05:00,9832054,6486514,2,3,16.31856844878951,0,0.2622,0.173,3.1e-05,1,0.26842670809504476,False,
2025-11-28 11:10:00,6841008,4991410,0,3,11.83241859268418,0,0.1824,0.1331,2.5e-05,1,0.20712005682102763,False,
2025-11-28 11:15:00,8807896,5573739,4,2,14.381635697391662,0,0.2349,0.1486,4.2e-05,1,0.26300530277657297,False,
2025-11-28 11:20:00,7481503,7731257,4,5,15.212760892209165,0,0.1995,0.2062,5.9e-05,1,0.195277816275308,False,
2025-11-28 11:25:00,5241102,7042800,6,3,12.283902488544474,0,0.1398,0.1878,7.3e-05,1,0.10186159799616079,False,
2025-11-28 11:30:00,8304515,8290021,5,4,16.594536799410356,0,0.2215,0.2211,5.4e-05,1,0.16786814489284907,False,
2025-11-28 11:35:00,11991841,6504189,3,1,18.496031665145097,0,0.3198,0.1734,2.2e-05,1,0.18174952800111227,False,
2025-11-28 11:40:00,11695433,5486860,1,1,17.18229315855269,0,0.3119,0.1463,1.2e-05,1,0.1801205558303952,False,
2025-11-28 11:45:00,9418527,7297163,1,3,16.71569168902918,0,0.2512,0.1946,2.4e-05,1,0.2584506425234494,False,
2025-11-28 11:50:00,6345830,3731766,3,0,10.077596945280067,0,0.1692,0.0995,3e-05,1,0.10077448880628026,False,
2025-11-28 11:55:00,6608747,6469345,3,2,13.078093103391378,0,0.1762,0.1725,3.8e-05,1,0.23662465362764828,False,
2025-11-28 12:00:00,9938645,7173494,6,4,17.11214031319995,0,0.265,0.1913,5.8e-05,1,0.18803995614088403,False,
2025-11-28 12:05:00,9710924,6311736,3,1,16.02266148942108,0,0.259,0.1683,2.5e-05,1,0.26666031558043907,False,
2025-11-28 12:10:00,5765854,6439427,2,4,12.205281659314997,0,0.1538,0.1717,4.9e-05,1,0.18454172236526,False,
2025-11-28 12:15:00,10087987,5358929,2,1,15.446916832651986,0,0.269,0.1429,1.9e-05,1,0.24795125749067481,False,
2025-11-28 12:20:00,11589255,9189068,3,3,20.778324036912984,0,0.309,0.245,2.9e-05,1,0.07672307135321088,False,
2025-11-28 12:25:00,8652768,6677894,1,1,15.330662800333176,0,0.2307,0.1781,1.3e-05,1,0.2442586177723053,False,
2025-11-28 12:30:00,7398003,6369264,1,1,13.767268084565968,0,0.1973,0.1698,1.5e-05,1,0.2206368034767237,False,
2025-11-28 12:35:00,6914883,6037573,2,3,12.95245726556928,0,0.1844,0.161,3.9e-05,1,0.2424574047933174,False,
2025-11-28 12:40:00,9033365,6709349,3,4,15.74271551635662,0,0.2409,0.1789,4.4e-05,1,0.2541371474860511,False,
2025-11-28 12:45:00,8001688,5357947,2,0,13.359636231990702,0,0.2134,0.1429,1.5e-05,1,0.2263368298443974,False,
2025-11-28 12:50:00,7998171,4193296,1,4,12.191467512039932,0,0.2133,0.1118,4.1e-05,1,0.21625616080759286,False,
2025-11-28 12:55:00,11554766,8530988,0,1,20.0857549406779,0,0.3081,0.2275,5e-06,1,0.058379020632205236,False,
2025-11-28 13:00:00,8498779,4930149,2,3,13.42892946634746,0,0.2266,0.1315,3.7e-05,1,0.2544835064323398,False,
2025-11-28 13:05:00,10629114,6524058,4,3,17.15317301156493,0,0.2834,0.174,4.1e-05,1,0.23360236371399584,False,
2025-11-28 13:10:00,8364730,5457141,4,2,13.821871849660049,0,0.2231,0.1455,4.3e-05,1,0.25779303648634866,False,
2025-11-28 13:15:00,9362229,3929010,2,4,13.291240481372688,0,0.2497,0.1048,4.5e-05,1,0.21549450149565935,False,
2025-11-28 13:20:00,12928589,6725386,2,0,19.653975388296672,0,0.3448,0.1793,1e-05,1,0.08279631192109604,False,
2025-11-28 13:25:00,9217352,5389535,4,3,14.60688793961846,0,0.2458,0.1437,4.8e-05,1,0.25626819597398437,False,
2025-11-28 13:30:00,7993596,4282829,4,5,12.276426081101814,0,0.2132,0.1142,7.3e-05,1,0.1313486522558297,False,
2025-11-28 13:35:00,8769984,5274158,1,1,14.04414291670977,0,0.2339,0.1406,1.4e-05,1,0.2278308443982725,False,
2025-11-28 13:40:00,9334538,4933562,1,2,14.268100662749765,0,0.2489,0.1316,2.1e-05,1,0.25243251661885663,False,
2025-11-28 13:45:00,8033633,5756827,2,2,13.790461096654775,0,0.2142,0.1535,2.9e-05,1,0.26334336032493255,False,
2025-11-28 13:50:00,11409153,4961144,3,4,16.370298762606676,0,0.3042,0.1323,4.3e-05,1,0.20684927679029713,False,
2025-11-28 13:55:00,8250296,6056873,4,2,14.307170141041755,0,0.22,0.1615,4.2e-05,1,0.26428616068545974,False,
2025-11-28 14:00:00,8407981,6607657,1,4,15.015639340023125,0,0.2242,0.1762,3.3e-05,1,0.26952025046792494,False,
2025-11-28 14:05:00,10826500,5378239,5,3,16.204740398496316,0,0.2887,0.1434,4.9e-05,1,0.22128355481966533,False,
2025-11-28 14:10:00,9198399,4957848,3,2,14.156247798011348,0,0.2453,0.1322,3.5e-05,1,0.25981363266328533,False,
2025-11-28 14:15:00,6070138,5700959,2,0,11.7710978388911,0,0.1619,0.152,1.7e-05,1,0.17080208025842902,False,
2025-11-28 14:20:00,9234507,5536739,1,2,14.771247701615104,0,0.2463,0.1476,2e-05,1,0.26180857280921377,False,
2025-11-28 14:25:00,9799831,4535185,1,1,14.335017301838723,0,0.2613,0.1209,1.4e-05,1,0.1987809067235496,False,
2025-11-28 14:30:00,9006614,6449116,1,1,15.45573023815059,0,0.2402,0.172,1.3e-05,1,0.24827997254241507,False,
2025-11-28 14:35:00,7531662,5435239,3,1,12.966902577023316,0,0.2008,0.1449,3.1e-05,1,0.24821476411440352,False,
2025-11-28 14:40:00,9079029,3506495,3,3,12.58552486506668,0,0.2421,0.0935,4.8e-05,1,0.1884418230526988,False,
2025-11-28 14:45:00,10017098,6856075,3,4,16.873173759639258,0,0.2671,0.1828,4.1e-05,1,0.24539460143856118,False,
2025-11-28 14:50:00,9289546,4861667,5,6,14.151214684463664,0,0.2477,0.1296,7.8e-05,1,0.13958582248630536,False,
2025-11-28 14:55:00,10710379,4419081,0,1,15.12946065127934,0,0.2856,0.1178,7e-06,1,0.1665519221233645,False,
2025-11-28 15:00:00,8228499,5233682,4,3,13.462181720050422,0,0.2194,0.1396,5.2e-05,1,0.24551530364696206,False,
2025-11-28 15:05:00,9589660,6754006,3,3,16.343667524663726,0,0.2557,0.1801,3.7e-05,1,0.2617375436208668,False,
2025-11-28 15:10:00,6098448,5673745,7,1,11.7721946303609,0,0.1626,0.1513,6.8e-05,1,0.14420985678334408,False,
2025-11-28 15:15:00,9185356,6236988,6,2,15.422345561575453,0,0.2449,0.1663,5.2e-05,1,0.24961806958663957,False,
2025-11-28 15:20:00,7137938,4999256,5,4,12.137195227998673,0,0.1903,0.1333,7.4e-05,1,0.13932691090803861,False,
2025-11-28 15:25:00,10630456,6531236,3,1,17.161692924667516,0,0.2835,0.1742,2.3e-05,1,0.24496019060528657,False,
2025-11-28 15:30:00,9268915,8800528,3,1,18.06944338412126,0,0.2472,0.2347,2.2e-05,1,0.1674573851368833,False,
2025-11-28 15:35:00,6233378,5607920,1,0,11.841299159659648,0,0.1662,0.1495,8e-06,1,0.1355666900125687,False,
2025-11-28 15:40:00,7750248,6972716,0,3,14.722964683154675,0,0.2067,0.1859,2e-05,1,0.2514783590251994,False,
2025-11-28 15:45:00,9000578,6814422,3,2,15.815001039972342,0,0.24,0.1817,3.2e-05,1,0.27233896163389404,False,
2025-11-28 15:50:00,7501071,4954321,4,2,12.455392964992576,0,0.2,0.1321,4.8e-05,1,0.2250037098886724,False,
2025-11-28 15:55:00,9226381,6468334,2,3,15.69471581346821,0,0.246,0.1725,3.2e-05,1,0.2732739555157122,False,
2025-11-28 16:00:00,7753421,7201810,4,1,14.955232013389768,0,0.2068,0.192,3.3e-05,1,0.25934080512526275,False,
2025-11-28 16:05:00,6304378,4937161,1,1,11.241540023171408,0,0.1681,0.1317,1.8e-05,1,0.15925554998797659,False,
2025-11-28 16:10:00,7597867,7456741,3,6,15.05460951702876,0,0.2026,0.1988,6e-05,1,0.20683455601483713,False,
2025-11-28 16:15:00,9393067,3335729,5,7,12.72879688910592,0,0.2505,0.089,9.4e-05,1,0.05328523225691684,False,
2025-11-28 16:20:00,9923296,5343571,1,1,15.266868402202306,0,0.2646,0.1425,1.3e-05,1,0.22356619936405187,False,
2025-11-28 16:25:00,7538143,5867636,3,3,13.405779663890414,0,0.201,0.1565,4.5e-05,1,0.24759561285185688,False,
2025-11-28 16:30:00,9673538,3806078,1,3,13.479616720681154,0,0.258,0.1015,3e-05,1,0.21452056132202368,False,
2025-11-28 16:35:00,7377954,3411338,6,3,10.78929254541922,0,0.1967,0.091,8.3e-05,1,0.0383575917826785,False,
2025-11-28 16:40:00,8739920,5904694,3,2,14.644614598507657,0,0.2331,0.1575,3.4e-05,1,0.26716333941235415,False,
2025-11-28 16:45:00,7884138,5683188,3,3,13.5673271109721,0,0.2102,0.1516,4.4e-05,1,0.25259285572451307,False,
2025-11-28 16:50:00,10978185,5734017,1,3,16.71220232218085,0,0.2928,0.1529,2.4e-05,1,0.24954171906921918,False,
2025-11-28 16:55:00,8666763,5549140,4,1,14.2159041861957,0,0.2311,0.148,3.5e-05,1,0.26612337106560513,False,
2025-11-28 17:00:00,8501545,7147802,4,3,15.649348571819829,0,0.2267,0.1906,4.5e-05,1,0.24721987197176826,False,
2025-11-28 17:05:00,9953852,5343963,3,2,15.297816627387885,0,0.2654,0.1425,3.3e-05,1,0.26127132195001923,False,
2025-11-28 17:10:00,9307594,6183544,2,0,15.491139608970522,0,0.2482,0.1649,1.3e-05,1,0.24262138277568407,False,
2025-11-28 17:15:00,8901877,4834966,2,1,13.736844172987418,0,0.2374,0.1289,2.2e-05,1,0.24399657648285278,False,
2025-11-28 17:20:00,10437733,5111992,2,3,15.549726126019657,0,0.2783,0.1363,3.2e-05,1,0.2521820246121146,False,
2025-11-28 17:25:00,9753723,4621089,2,1,14.3748131545547,0,0.2601,0.1232,2.1e-05,1,0.23569863244200923,False,
2025-11-28 17:30:00,5284280,7735466,4,3,13.01974624671652,0,0.1409,0.2063,5.4e-05,1,0.15016631292694949,False,
2025-11-28 17:35:00,7877217,6628636,3,3,14.50585430241546,0,0.2101,0.1768,4.1e-05,1,0.2574807173122667,False,
2025-11-28 17:40:00,11634020,4174720,2,3,15.808740938533536,0,0.3102,0.1113,3.2e-05,1,0.19553902274953439,False,
2025-11-28 17:45:00,7366691,6796024,5,2,14.16271533575492,0,0.1964,0.1812,4.9e-05,1,0.23012647050419704,False,
2025-11-28 17:50:00,11349816,6629269,2,3,17.979085789385394,0,0.3027,0.1768,2.8e-05,1,0.22432039678699156,False,
2025-11-28 17:55:00,8954840,7662274,2,3,16.61711449738479,0,0.2388,0.2043,3e-05,1,0.25342965283514207,False,
2025-11-28 18:00:00,10580209,6404275,2,2,16.984484624402196,0,0.2821,0.1708,2.4e-05,1,0.24862308393266525,False,
2025-11-28 18:05:00,9675652,7002507,3,2,16.678160171153365,0,0.258,0.1867,3e-05,1,0.2666059501216443,False,
2025-11-28 18:10:00,7482611,4845197,3,0,12.327808985382555,0,0.1995,0.1292,2.4e-05,1,0.22462761118123314,False,
2025-11-28 18:15:00,9089406,5364930,2,1,14.454337008585204,0,0.2424,0.1431,2.1e-05,1,0.2590724126803038,False,
2025-11-28 18:20:00,10413349,5924133,5,0,16.337482722917134,0,0.2777,0.158,3.1e-05,1,0.25657369764506993,False,
2025-11-28 18:25:00,10031448,6803098,4,2,16.834547376901714,0,0.2675,0.1814,3.6e-05,1,0.2567599635947197,False,
2025-11-28 18:30:00,10292123,5670879,1,1,15.963003391137317,0,0.2745,0.1512,1.3e-05,1,0.22258792307816477,False,
2025-11-28 18:35:00,11861991,5657858,2,3,17.519850359531226,0,0.3163,0.1509,2.9e-05,1,0.21292323291412785,False,
2025-11-28 18:40:00,10636853,6393765,0,1,17.030618862717247,0,0.2836,0.1705,6e-06,1,0.1898407756166529,False,
2025-11-28 18:45:00,8777770,4963506,3,2,13.741276420796057,0,0.2341,0.1324,3.6e-05,1,0.2591068589413652,False,
2025-11-28 18:50:00,7032502,6967099,4,0,13.99960163298492,0,0.1875,0.1858,2.9e-05,1,0.2415381794877327,False,
2025-11-28 18:55:00,9850574,4641809,2,3,14.492383776523257,0,0.2627,0.1238,3.5e-05,1,0.24612785599761905,False,
2025-11-28 19:00:00,8814309,5627394,3,3,14.441704203855435,0,0.235,0.1501,4.2e-05,1,0.2633790099881084,False,
2025-11-28 19:05:00,8738379,6401762,0,4,15.14014254243524,0,0.233,0.1707,2.6e-05,1,0.26764192198235504,False,
2025-11-28 19:10:00,6924128,3881967,4,1,10.806096289385628,0,0.1846,0.1035,4.6e-05,1,0.1479222797852513,False,
2025-11-28 19:15:00,7417708,6573466,2,1,13.991174955527203,0,0.1978,0.1753,2.1e-05,1,0.24611686664779953,False,
2025-11-28 19:20:00,6264016,6435691,6,4,12.6997081686563,0,0.167,0.1716,7.9e-05,1,0.11116043843957901,False,
2025-11-28 19:25:00,11664133,7465536,5,6,19.12966972320756,0,0.311,0.1991,5.8e-05,1,0.12415469241342003,False,
2025-11-28 19:30:00,10500785,5236020,1,2,15.736806071920029,0,0.28,0.1396,1.9e-05,1,0.2396331184444246,False,
2025-11-28 19:35:00,8796206,6308874,6,4,15.10508165062299,0,0.2346,0.1682,6.6e-05,1,0.20663192901284527,False,
2025-11-28 19:40:00,7616682,7182324,3,5,14.799006325054146,0,0.2031,0.1915,5.4e-05,1,0.22795953666701385,False,
2025-11-28 19:45:00,8480909,5189029,5,5,13.66993927400647,0,0.2262,0.1384,7.3e-05,1,0.17645539550935518,False,
2025-11-28 19:50:00,10174054,6362031,4,1,16.53608633109205,0,0.2713,0.1697,3e-05,1,0.2611707435069231,False,
2025-11-28 19:55:00,7302144,6887691,3,0,14.189836315853665,0,0.1947,0.1837,2.1e-05,1,0.23994389690413198,False,
2025-11-28 20:00:00,6719795,6850455,1,1,13.570250321651445,0,0.1792,0.1827,1.5e-05,1,0.2018487381627671,False,
2025-11-28 20:05:00,7098334,4009341,4,1,11.107675810583885,0,0.1893,0.1069,4.5e-05,1,0.1768010978786897,False,
2025-11-28 20:10:00,11778765,6796357,3,2,18.57512304721757,0,0.3141,0.1812,2.7e-05,1,0.18592549713433942,False,
2025-11-28 20:15:00,8016932,6953764,2,2,14.970697176973747,0,0.2138,0.1854,2.7e-05,1,0.27043954012029114,False,
2025-11-28 20:20:00,9951876,6376419,0,2,16.328296331072124,0,0.2654,0.17,1.2e-05,1,0.2341234621589851,False,
2025-11-28 20:25:00,7453158,7519651,3,2,14.972810372872594,0,0.1988,0.2005,3.3e-05,1,0.2515812376997433,False,
2025-11-28 20:30:00,8943022,7085260,3,0,16.028282516240488,0,0.2385,0.1889,1.9e-05,1,0.25928349151860686,False,
2025-11-28 20:35:00,11131697,5724340,1,2,16.856038002589784,0,0.2968,0.1526,1.8e-05,1,0.23147821988818051,False,
2025-11-28 20:40:00,6751479,6581539,1,3,13.333018267321062,0,0.18,0.1755,3e-05,1,0.2341761051418043,False,
2025-11-28 20:45:00,10700360,5852998,4,2,16.553359043754266,0,0.2853,0.1561,3.6e-05,1,0.2535463248376307,False,
2025-11-28 20:50:00,7030914,5763366,2,2,12.794280690724214,0,0.1875,0.1537,3.1e-05,1,0.24648572778152417,False,
2025-11-28 20:55:00,9898500,5247609,2,2,15.14611014155808,0,0.264,0.1399,2.6e-05,1,0.26130944711712045,False,
2025-11-28 21:00:00,7981117,7205253,0,4,15.186371834934528,0,0.2128,0.1921,2.6e-05,1,0.26082067817771626,False,
2025-11-28 21:05:00,10829126,7399334,2,2,18.228460794839567,0,0.2888,0.1973,2.2e-05,1,0.21771123499847794,False,
2025-11-28 21:10:00,8822543,6911046,3,0,15.733590140181317,0,0.2353,0.1843,1.9e-05,1,0.2618960974324755,False,
2025-11-28 21:15:00,5916174,7269360,3,0,13.185535062145428,0,0.1578,0.1938,2.3e-05,1,0.18411586271458785,False,
2025-11-28 21:20:00,8374508,7327773,1,2,15.702281203662952,0,0.2233,0.1954,1.9e-05,1,0.24959747173199887,False,
2025-11-28 21:25:00,10143275,6085700,2,1,16.228975864687804,0,0.2705,0.1623,1.8e-05,1,0.2519006140077601,False,
2025-11-28 21:30:00,7545956,4824186,4,3,12.37014284805257,0,0.2012,0.1286,5.7e-05,1,0.21025241445789078,False,
2025-11-28 21:35:00,9588007,5227341,2,2,14.815348880575891,0,0.2557,0.1394,2.7e-05,1,0.2603560345606941,False,
2025-11-28 21:40:00,10242040,5094089,2,3,15.33612998352019,0,0.2731,0.1358,3.3e-05,1,0.254299878850899,False,
2025-11-28 21:45:00,8889536,6998430,3,2,15.887967301037683,0,0.2371,0.1866,3.1e-05,1,0.2683597107853853,False,
2025-11-28 21:50:00,7498142,7995046,3,3,15.49318858102668,0,0.2,0.2132,3.9e-05,1,0.21773535359035462,False,
2025-11-28 21:55:00,7909063,5557163,2,3,13.466226161939945,0,0.2109,0.1482,3.7e-05,1,0.2555738336656479,False,
2025-11-28 22:00:00,8251869,6283094,2,5,14.534964038658352,0,0.22,0.1675,4.8e-05,1,0.2482470344573557,False,
2025-11-28 22:05:00,12894231,7160378,3,1,20.054609952275545,0,0.3438,0.1909,2e-05,1,0.08972577020460692,False,
2025-11-28 22:10:00,9947840,5387215,2,2,15.335055997159907,0,0.2653,0.1437,2.6e-05,1,0.26190318950606967,False,
2025-11-28 22:15:00,7647766,7882382,1,1,15.530149188339248,0,0.2039,0.2102,1.3e-05,1,0.21204640091436627,False,
2025-11-28 22:20:00,8804251,5287559,6,4,14.091811768523444,0,0.2348,0.141,7.1e-05,1,0.1870501430125876,False,
2025-11-28 22:25:00,7337851,7233925,0,1,14.571776849250917,0,0.1957,0.1929,7e-06,1,0.1843243355232025,False,
2025-11-28 22:30:00,13045468,6332868,3,1,19.378336903180397,0,0.3479,0.1689,2.1e-05,1,0.11035523033813954,False,
2025-11-28 22:35:00,10005846,4854210,3,3,14.86005724942651,0,0.2668,0.1294,4e-05,1,0.25229556905406386,False,
2025-11-28 22:40:00,8173865,5419070,2,2,13.592936581354362,0,0.218,0.1445,2.9e-05,1,0.25998141753789766,False,
2025-11-28 22:45:00,10016273,5729485,1,1,15.745759387988883,0,0.2671,0.1528,1.3e-05,1,0.22988372196675966,False,
2025-11-28 22:50:00,13911443,6564978,1,4,20.47642188619477,0,0.371,0.1751,2.4e-05,1,0.07236759984984409,False,
2025-11-28 22:55:00,8102319,7782902,6,3,15.885221822408075,0,0.2161,0.2075,5.7e-05,1,0.19711590717851618,False,
2025-11-28 23:00:00,8883046,5148992,4,1,14.032039097452792,0,0.2369,0.1373,3.6e-05,1,0.26259414346867493,False,
2025-11-28 23:05:00,8886247,5251493,4,2,14.137741741990048,0,0.237,0.14,4.2e-05,1,0.25664491624879254,False,
2025-11-28 23:10:00,7897430,4718022,2,1,12.61545310585808,0,0.2106,0.1258,2.4e-05,1,0.22867713495645914,False,
2025-11-28 23:15:00,8443909,6077199,2,0,14.52110852696288,0,0.2252,0.1621,1.4e-05,1,0.2383247246169809,False,
2025-11-28 23:20:00,8954360,5717161,6,2,14.671521534193992,0,0.2388,0.1525,5.5e-05,1,0.24136002499352677,False,
2025-11-28 23:25:00,9469388,6225029,5,2,15.69441838129681,0,0.2525,0.166,4.5e-05,1,0.25101351710538106,False,
2025-11-28 23:30:00,9497545,6428689,2,1,15.926234939074927,0,0.2533,0.1714,1.9e-05,1,0.2594898100776497,False,
2025-11-28 23:35:00,8963265,6683550,3,4,15.646816057774084,0,0.239,0.1782,4.5e-05,1,0.2550424470395746,False,
2025-11-28 23:40:00,6184273,4943573,2,1,11.127847042557056,0,0.1649,0.1318,2.7e-05,1,0.17548171540495683,False,
2025-11-28 23:45:00,9132886,6095610,4,4,15.228497653012038,0,0.2435,0.1625,5.3e-05,1,0.24565392426435195,False,
2025-11-28 23:50:00,9116467,5869565,3,1,14.986032958524447,0,0.2431,0.1565,2.7e-05,1,0.2744358983490863,False,
2025-11-28 23:55:00,7540269,6033804,2,2,13.574073435826907,0,0.2011,0.1609,2.9e-05,1,0.25224667179177235,False,
2025-11-29 00:00:00,8419729,5448725,3,1,13.868454401745424,0,0.2245,0.1453,2.9e-05,1,0.2624595155681211,False,
2025-11-29 00:05:00,11165164,5672726,1,1,16.83789118217492,0,0.2977,0.1513,1.2e-05,1,0.20488525182411343,False,
2025-11-29 00:10:00,8360223,6344356,1,3,14.704579968597589,0,0.2229,0.1692,2.7e-05,1,0.26571537936804246,False,
2025-11-29 00:15:00,10192187,4901007,3,1,15.093194584682672,0,0.2718,0.1307,2.7e-05,1,0.255834115881658,False,
2025-11-29 00:20:00,8849363,4516393,5,1,13.36575731455004,0,0.236,0.1204,4.5e-05,1,0.2401718068070689,False,
2025-11-29 00:25:00,9937375,6790212,1,0,16.727587722092245,0,0.265,0.1811,6e-06,1,0.21104102542620407,False,
2025-11-29 00:30:00,10176344,5870441,1,3,16.046785996177224,0,0.2714,0.1565,2.5e-05,1,0.25710071715198146,False,
2025-11-29 00:35:00,10024024,7798577,3,3,17.82260228886185,0,0.2673,0.208,3.4e-05,1,0.2233412046022471,False,
2025-11-29 00:40:00,8505823,5672175,1,2,14.177999160671424,0,0.2268,0.1513,2.1e-05,1,0.25460290308655326,False,
2025-11-29 00:45:00,7896260,6296614,3,5,14.19287553097259,0,0.2106,0.1679,5.6e-05,1,0.2320076147728003,False,
2025-11-29 00:50:00,7239166,7929159,2,2,15.16832604315042,0,0.193,0.2114,2.6e-05,1,0.2294724697907064,False,
2025-11-29 00:55:00,9167161,6526585,4,1,15.693746384481909,0,0.2445,0.174,3.2e-05,1,0.27276137210022006,False,
2025-11-29 01:00:00,6877475,7453531,1,0,14.33100690607551,0,0.1834,0.1988,7e-06,1,0.16841245942421895,False,
2025-11-29 01:05:00,10525601,4750069,5,2,15.27567103351752,0,0.2807,0.1267,4.6e-05,1,0.22607130059651753,False,
2025-11-29 01:10:00,8470395,6503141,0,4,14.973537344187454,0,0.2259,0.1734,2.7e-05,1,0.26770836726064884,False,
2025-11-29 01:15:00,7833532,5413425,4,1,13.246957507908416,0,0.2089,0.1444,3.8e-05,1,0.24912965387244046,False,
2025-11-29 01:20:00,3734011,5709326,4,3,9.44333805800916,0,0.0996,0.1522,7.4e-05,1,0.010577901859851524,False,
2025-11-29 01:25:00,6845758,6275816,7,2,13.121575575714507,0,0.1826,0.1674,6.9e-05,1,0.16072394661591122,False,
2025-11-29 01:30:00,7372928,5623846,3,2,12.996774993687804,0,0.1966,0.15,3.8e-05,1,0.24975717664746644,False,
2025-11-29 01:35:00,9390030,4592036,3,2,13.982066653868072,0,0.2504,0.1225,3.6e-05,1,0.2448320141129619,False,
2025-11-29 01:40:00,6919074,7552724,4,2,14.471798337427249,0,0.1845,0.2014,4.1e-05,1,0.22281890376203445,False,
2025-11-29 01:45:00,8612985,6050976,6,1,14.66396195907332,0,0.2297,0.1614,4.8e-05,1,0.24996534659240072,False,
2025-11-29 01:50:00,8475512,5730145,3,2,14.205658174774909,0,0.226,0.1528,3.5e-05,1,0.26459638131838786,False,
2025-11-29 01:55:00,7639200,7510520,2,1,15.14972081156379,0,0.2037,0.2003,2e-05,1,0.242691072891138,False,
2025-11-29 02:00:00,8730102,8547501,5,1,17.27760381225848,0,0.2328,0.2279,3.5e-05,1,0.19329391219249725,False,
2025-11-29 02:05:00,9535641,8109279,3,2,17.64492027802583,0,0.2543,0.2162,2.8e-05,1,0.20542289406552156,False,
2025-11-29 02:10:00,6841579,3959380,2,2,10.80096008652278,0,0.1824,0.1056,3.7e-05,1,0.15221118387347876,False,
2025-11-29 02:15:00,10409961,5837969,3,3,16.247930634314862,0,0.2776,0.1557,3.7e-05,1,0.25312770788468175,False,
2025-11-29 02:20:00,11221808,6774507,4,3,17.99631567212849,0,0.2992,0.1807,3.9e-05,1,0.21047944403499919,False,
2025-11-29 02:25:00,7939360,5953743,2,4,13.893104244566947,0,0.2117,0.1588,4.3e-05,1,0.25453699711240513,False,
2025-11-29 02:30:00,9103978,6211043,0,6,15.315022618807712,0,0.2428,0.1656,3.9e-05,1,0.26349196918138995,False,
2025-11-29 02:35:00,8051899,6040176,1,0,14.092075697031014,0,0.2147,0.1611,7e-06,1,0.20267646128712236,False,
2025-11-29 02:40:00,10355988,7355050,5,1,17.711039360608634,0,0.2762,0.1961,3.4e-05,1,0.23020654282314607,False,
2025-11-29 02:45:00,8285513,5165098,4,7,13.450611982735875,0,0.2209,0.1377,8.2e-05,1,0.13255632853650512,False,
2025-11-29 02:50:00,6136293,6690817,3,3,12.827110878537976,0,0.1636,0.1784,4.7e-05,1,0.20443472067360424,False,
2025-11-29 02:55:00,6962502,4781283,1,2,11.743785747684878,0,0.1857,0.1275,2.6e-05,1,0.20522181836664627,False,
2025-11-29 03:00:00,7632726,7079881,5,2,14.712607770131164,0,0.2035,0.1888,4.8e-05,1,0.24062716394632394,False,
2025-11-29 03:05:00,8604794,7271955,5,2,15.876749644174229,0,0.2295,0.1939,4.4e-05,1,0.2350566673101434,False,
2025-11-29 03:10:00,12000888,6194527,4,3,18.195416394722702,0,0.32,0.1652,3.8e-05,1,0.17530407908219098,False,
2025-11-29 03:15:00,9798875,5137449,3,0,14.936325120769231,0,0.2613,0.137,2e-05,1,0.2518799663481093,False,
2025-11-29 03:20:00,10179782,4331334,5,1,14.511117161031503,0,0.2715,0.1155,4.1e-05,1,0.23023284030018032,False,
2025-11-29 03:25:00,8978978,6578331,2,2,15.557310387653306,0,0.2394,0.1754,2.6e-05,1,0.2727789989956233,False,
2025-11-29 03:30:00,7655235,4801794,2,2,12.4570292432816,0,0.2041,0.128,3.2e-05,1,0.2358436535054142,False,
2025-11-29 03:35:00,11592503,8675908,5,1,20.268411622709586,0,0.3091,0.2314,3e-05,1,0.09735475632287016,False,
2025-11-29 03:40:00,7911349,7075364,1,2,14.986713780382663,0,0.211,0.1887,2e-05,1,0.2542218890377331,False,
2025-11-29 03:45:00,7411996,5539842,4,3,12.95183912509046,0,0.1977,0.1477,5.4e-05,1,0.23440507261818744,False,
2025-11-29 03:50:00,8594051,6689932,1,1,15.283983352522029,0,0.2292,0.1784,1.3e-05,1,0.24273484097631193,False,
2025-11-29 03:55:00,8162593,4052346,1,3,12.214939438497623,0,0.2177,0.1081,3.3e-05,1,0.21535073682948042,False,
2025-11-29 04:00:00,8954056,8399103,8,1,17.353159202697633,0,0.2388,0.224,5.2e-05,1,0.16824918052354454,False,
2025-11-29 04:05:00,11690227,5628201,3,3,17.318429329173362,0,0.3117,0.1501,3.5e-05,1,0.21966934718164277,False,
2025-11-29 04:10:00,7570045,7499439,2,2,15.06948477971664,0,0.2019,0.2,2.7e-05,1,0.2553231589190971,False,
2025-11-29 04:15:00,10159556,6732398,7,1,16.891954720189347,0,0.2709,0.1795,4.7e-05,1,0.23060292858598247,False,
2025-11-29 04:20:00,9677041,7463428,5,1,17.14046923967278,0,0.2581,0.199,3.5e-05,1,0.249065926039581,False,
2025-11-29 04:25:00,7531653,7072891,3,1,14.60454579404082,0,0.2008,0.1886,2.7e-05,1,0.2542239141008262,False,
2025-11-29 04:30:00,9008240,5505996,2,2,14.514237579358328,0,0.2402,0.1468,2.8e-05,1,0.2722908536971809,False,
2025-11-29 04:35:00,10793133,5251846,1,1,16.044980070133988,0,0.2878,0.14,1.2e-05,1,0.20397320770009336,False,
2025-11-29 04:40:00,9989922,6390364,6,1,16.38028737955252,0,0.2664,0.1704,4.3e-05,1,0.24633201059968585,False,
2025-11-29 04:45:00,8600313,6838354,1,4,15.438667994603438,0,0.2293,0.1824,3.2e-05,1,0.2684019989108349,False,
2025-11-29 04:50:00,7167918,8853837,1,0,16.021755411799386,0,0.1911,0.2361,6e-06,1,0.12143600284212497,False,
2025-11-29 04:55:00,7335054,4417487,5,2,11.75254107639197,0,0.1956,0.1178,6e-05,1,0.1647390355793758,False,
2025-11-29 05:00:00,9364199,7050640,2,6,16.41484063756454,0,0.2497,0.188,4.9e-05,1,0.24241916554090037,False,
2025-11-29 05:05:00,10324813,6100123,2,1,16.424937449547983,0,0.2753,0.1627,1.8e-05,1,0.24884621884684516,False,
2025-11-29 05:10:00,9426224,5169729,3,1,14.595954268147892,0,0.2514,0.1379,2.7e-05,1,0.2637915263439804,False,
2025-11-29 05:15:00,8284529,6043044,1,3,14.32757428736794,0,0.2209,0.1611,2.8e-05,1,0.27244898352397123,False,
2025-11-29 05:20:00,8109094,5590497,4,1,13.699591728703538,0,0.2162,0.1491,3.6e-05,1,0.2701550158492033,False,
2025-11-29 05:25:00,9384371,7823569,2,0,17.207940695776294,0,0.2502,0.2086,1.2e-05,1,0.20882311799691539,False,
2025-11-29 05:30:00,9018148,6789661,3,1,15.807809961383828,0,0.2405,0.1811,2.5e-05,1,0.2720450834369141,False,
2025-11-29 05:35:00,8143854,4487320,2,0,12.631175278359455,0,0.2172,0.1197,1.6e-05,1,0.19785314664489212,False,
2025-11-29 05:40:00,8494460,5617594,3,3,14.112055318131777,0,0.2265,0.1498,4.3e-05,1,0.257594136994112,False,
2025-11-29 05:45:00,10101665,5681234,1,1,15.782899629250476,0,0.2694,0.1515,1.3e-05,1,0.22674370872605204,False,
2025-11-29 05:50:00,7329197,5441476,3,4,12.770673523935203,0,0.1954,0.1451,5.5e-05,1,0.23131757235677458,False,
2025-11-29 05:55:00,11201487,4912177,3,2,16.113665064145646,0,0.2987,0.131,3.1e-05,1,0.23207064393203602,False,
2025-11-29 06:00:00,6887610,5581155,6,3,12.468766433119722,0,0.1837,0.1488,7.2e-05,1,0.16128498597649654,False,
2025-11-29 06:05:00,12241630,8008797,3,4,20.25042793976017,0,0.3264,0.2136,3.5e-05,1,0.08373424297464682,False,
2025-11-29 06:10:00,6696350,5347649,4,2,12.044000554055025,0,0.1786,0.1426,5e-05,1,0.20745291601255977,False,
2025-11-29 06:15:00,9393420,6568539,3,3,15.961960734654069,0,0.2505,0.1752,3.8e-05,1,0.2611251298423119,False,
2025-11-29 06:20:00,10069693,7295421,1,6,17.365114915399882,0,0.2685,0.1945,4e-05,1,0.2349796241804083,False,
2025-11-29 06:25:00,11298868,6257376,3,1,17.55624494734195,0,0.3013,0.1669,2.3e-05,1,0.2224546722578455,False,
2025-11-29 06:30:00,10441662,6841340,3,1,17.283003754454818,0,0.2784,0.1824,2.3e-05,1,0.24581140961643821,False,
2025-11-29 06:35:00,10871660,8401239,2,1,19.272900338245396,0,0.2899,0.224,1.6e-05,1,0.13897344773929032,False,
2025-11-29 06:40:00,6714941,6912904,3,2,13.627846189556353,0,0.1791,0.1843,3.7e-05,1,0.2282802012054601,False,
2025-11-29 06:45:00,8062811,8089827,3,2,16.152638620579403,0,0.215,0.2157,3.1e-05,1,0.21967480998855443,False,
2025-11-29 06:50:00,7943100,5047409,5,3,12.990509256145955,0,0.2118,0.1346,6.2e-05,1,0.2121919389847049,False,
2025-11-29 06:55:00,9586964,5755922,3,4,15.342886148242307,0,0.2557,0.1535,4.6e-05,1,0.2507361026804604,False,
2025-11-29 07:00:00,8214114,5778459,7,4,13.992573588387923,0,0.219,0.1541,7.9e-05,1,0.14830072093308122,False,
2025-11-29 07:05:00,9606024,7464357,3,1,17.07038208470854,0,0.2562,0.199,2.3e-05,1,0.24536271837401352,False,
2025-11-29 07:10:00,9671575,6697743,2,4,16.369318483909847,0,0.2579,0.1786,3.7e-05,1,0.2633077802734302,False,
2025-11-29 07:15:00,4894129,6959747,4,1,11.8538772975396,0,0.1305,0.1856,4.2e-05,1,0.14569576782660343,False,
2025-11-29 07:20:00,9167486,6769412,3,0,15.936898915798093,0,0.2445,0.1805,1.9e-05,1,0.26163635210303965,False,
2025-11-29 07:25:00,8945332,6759092,5,1,15.70442584308772,0,0.2385,0.1802,3.8e-05,1,0.2664034218835675,False,
2025-11-29 07:30:00,8559711,5113470,1,2,13.67318210765886,0,0.2283,0.1364,2.2e-05,1,0.2510855469910691,False,
2025-11-29 07:35:00,8313605,7859738,5,0,16.173343311642473,0,0.2217,0.2096,3.1e-05,1,0.2409014206053291,False,
2025-11-29 07:40:00,8781653,7456867,4,2,16.238521070663463,0,0.2342,0.1988,3.7e-05,1,0.2564781466961286,False,
2025-11-29 07:45:00,10230051,6958302,4,0,17.188354170527443,0,0.2728,0.1856,2.3e-05,1,0.24677328534418963,False,
2025-11-29 07:50:00,7561632,6906729,3,1,14.468362729851457,0,0.2016,0.1842,2.8e-05,1,0.25648515177783765,False,
2025-11-29 07:55:00,7589061,4728674,1,2,12.317736633985508,0,0.2024,0.1261,2.4e-05,1,0.2227470064801852,False,
2025-11-29 08:00:00,9333726,6942607,6,0,16.276333378977824,0,0.2489,0.1851,3.7e-05,1,0.26626435502266177,False,
2025-11-29 08:05:00,8506264,4493596,5,4,12.999861509988026,0,0.2268,0.1198,6.9e-05,1,0.16758370802073536,False,
2025-11-29 08:10:00,7092367,6645092,6,1,13.737459521549528,0,0.1891,0.1772,5.1e-05,1,0.22501292342750906,False,
2025-11-29 08:15:00,11670469,4104087,2,4,15.774556884327232,0,0.3112,0.1094,3.8e-05,1,0.186975371412419,False,
2025-11-29 08:20:00,8823102,4128542,5,0,12.951644997603594,0,0.2353,0.1101,3.9e-05,1,0.23129852549594837,False,
2025-11-29 08:25:00,8033463,6047649,1,0,14.081112477742233,0,0.2142,0.1613,7e-06,1,0.20267646128712236,False,
2025-11-29 08:30:00,10467059,5470448,1,0,15.937507482671082,0,0.2791,0.1459,6e-06,1,0.19363180091649274,False,
2025-11-29 08:35:00,6403599,5470731,3,2,11.87433135644136,0,0.1708,0.1459,4.2e-05,1,0.2116108440783877,False,
2025-11-29 08:40:00,10678112,6345170,5,5,17.023282842194327,0,0.2847,0.1692,5.9e-05,1,0.18282970783503394,False,
2025-11-29 08:45:00,9114329,7226269,2,3,16.34059965233447,0,0.243,0.1927,3.1e-05,1,0.2643452984214777,False,
2025-11-29 08:50:00,8561375,6723480,1,1,15.28485585849012,0,0.2283,0.1793,1.3e-05,1,0.241021919490639,False,
2025-11-29 08:55:00,7952131,7745085,3,4,15.697216919668048,0,0.2121,0.2065,4.5e-05,1,0.22335421585687731,False,
2025-11-29 09:00:00,10134205,6971470,5,1,17.10567528583855,0,0.2702,0.1859,3.5e-05,1,0.2478686339057657,False,
2025-11-29 09:05:00,10465969,3561847,5,4,14.027816384134134,0,0.2791,0.095,6.4e-05,1,0.13684096778127763,False,
2025-11-29 09:10:00,7632526,5018876,1,1,12.65140295710378,0,0.2035,0.1338,1.6e-05,1,0.21351198961020013,False,
2025-11-29 09:15:00,9952910,7699276,2,7,17.652187081674878,0,0.2654,0.2053,5.1e-05,1,0.19424191081405773,False,
2025-11-29 09:20:00,10611927,4975100,5,2,15.587027899665776,0,0.283,0.1327,4.5e-05,1,0.23343105766115968,False,
2025-11-29 09:25:00,8235065,5268775,3,2,13.503840572847697,0,0.2196,0.1405,3.7e-05,1,0.2542673860654405,False,
2025-11-29 09:30:00,7654041,5859788,3,1,13.513829453110915,0,0.2041,0.1563,3e-05,1,0.2558841178800323,False,
2025-11-29 09:35:00,6993151,5565669,4,1,12.558821246907694,0,0.1865,0.1484,4e-05,1,0.24227988890515612,False,
2025-11-29 09:40:00,10172616,6683890,4,4,16.85650760557209,0,0.2713,0.1782,4.7e-05,1,0.2302404918832573,False,
2025-11-29 09:45:00,9213519,6877628,1,0,16.091148098873706,0,0.2457,0.1834,6e-06,1,0.21693960464686557,False,
2025-11-29 09:50:00,7059534,6480608,3,1,13.540143151699032,0,0.1883,0.1728,3e-05,1,0.23932787520801768,False,
2025-11-29 09:55:00,7894107,5868078,1,3,13.762185592976472,0,0.2105,0.1565,2.9e-05,1,0.2612218619843322,False,
2025-11-29 10:00:00,8145795,4672020,6,3,12.817815169048943,0,0.2172,0.1246,7e-05,1,0.16864973952456958,False,
2025-11-29 10:05:00,9680540,7149093,4,2,16.82963350178315,0,0.2581,0.1906,3.6e-05,1,0.25768205910402514,False,
2025-11-29 10:10:00,9791284,6070837,3,2,15.862122432151082,0,0.2611,0.1619,3.2e-05,1,0.26791649583131094,False,
2025-11-29 10:15:00,7580460,7336032,0,2,14.916493166458864,0,0.2021,0.1956,1.3e-05,1,0.21939509169834476,False,
2025-11-29 10:20:00,8844475,5398039,3,1,14.2425152954023,0,0.2359,0.1439,2.8e-05,1,0.2668657875905697,False,
2025-11-29 10:25:00,10721415,5293778,3,2,16.015193243713995,0,0.2859,0.1412,3.1e-05,1,0.25060437715462536,False,
2025-11-29 10:30:00,8042475,4821427,2,1,12.863902802511385,0,0.2145,0.1286,2.3e-05,1,0.24141542011359773,False,
2025-11-29 10:35:00,7799396,4935049,1,2,12.734446273425808,0,0.208,0.1316,2.4e-05,1,0.23868006767009464,False,
2025-11-29 10:40:00,10891494,6723417,5,5,17.614912673284934,0,0.2904,0.1793,5.7e-05,1,0.18176318079538295,False,
2025-11-29 10:45:00,7363506,7354452,5,3,14.717959340877368,0,0.1964,0.1961,5.4e-05,1,0.21646498749879955,False,
2025-11-29 10:50:00,7625624,5290329,2,0,12.915954562065776,0,0.2033,0.1411,1.5e-05,1,0.2189282024308093,False,
2025-11-29 10:55:00,8384131,5819056,2,5,14.203187642083297,0,0.2236,0.1552,4.9e-05,1,0.253310155131425,False,
2025-11-29 11:00:00,8377559,8025802,3,2,16.403361798802894,0,0.2234,0.214,3e-05,1,0.22566491620478896,False,
2025-11-29 11:05:00,10362440,6741693,2,2,17.104133681441823,0,0.2763,0.1798,2.3e-05,1,0.24096874240707195,False,
2025-11-29 11:10:00,9010870,6033153,5,2,15.04402390360052,0,0.2403,0.1609,4.7e-05,1,0.25965578902391373,False,
2025-11-29 11:15:00,9573249,5893345,5,5,15.466594605573563,0,0.2553,0.1572,6.5e-05,1,0.20383362287548557,False,
2025-11-29 11:20:00,5749569,6126171,2,3,11.875740640162553,0,0.1533,0.1634,4.2e-05,1,0.18689197234222954,False,
2025-11-29 11:25:00,11118672,7426284,6,1,18.544957208607904,0,0.2965,0.198,3.8e-05,1,0.2026633860453551,False,
2025-11-29 11:30:00,7212022,7128142,2,2,14.340165167472518,0,0.1923,0.1901,2.8e-05,1,0.25216021810669415,False,
2025-11-29 11:35:00,8290823,7225112,2,0,15.515935938220029,0,0.2211,0.1927,1.3e-05,1,0.24147501293475598,False,
2025-11-29 11:40:00,9358319,6693868,4,0,16.052187487140486,0,0.2496,0.1785,2.5e-05,1,0.27160876526972105,False,
2025-11-29 11:45:00,8714676,6233849,1,1,14.948525429324356,0,0.2324,0.1662,1.3e-05,1,0.2429059622276996,False,
2025-11-29 11:50:00,6624320,6984826,2,0,13.60914645786228,0,0.1766,0.1863,1.5e-05,1,0.197029085442801,False,
2025-11-29 11:55:00,8596480,5873602,2,4,14.470082212954672,0,0.2292,0.1566,4.1e-05,1,0.25926887892171485,False,
2025-11-29 12:00:00,8011659,5773677,4,6,13.785337461370627,0,0.2136,0.154,7.3e-05,1,0.1802822724660068,False,
2025-11-29 12:05:00,9845057,5966596,0,1,15.811653167922756,0,0.2625,0.1591,6e-06,1,0.20319361897907795,False,
2025-11-29 12:10:00,10454998,5410131,6,3,15.865130302640871,0,0.2788,0.1443,5.7e-05,1,0.21389518352308412,False,
2025-11-29 12:15:00,10247452,6343084,2,4,16.59053703067033,0,0.2733,0.1691,3.6e-05,1,0.2578355475634773,False,
2025-11-29 12:20:00,9113987,6781445,3,4,15.89543261708386,0,0.243,0.1808,4.4e-05,1,0.25050460509150996,False,
2025-11-29 12:25:00,11767398,6778449,2,1,18.545847862139453,0,0.3138,0.1808,1.6e-05,1,0.16783011741199044,False,
2025-11-29 12:30:00,8619375,6429932,2,3,15.049308367858169,0,0.2298,0.1715,3.3e-05,1,0.26921532174817914,False,
2025-11-29 12:35:00,7256606,5993755,1,2,13.250362300569655,0,0.1935,0.1598,2.3e-05,1,0.23254041176273282,False,
2025-11-29 12:40:00,11330533,7047372,4,3,18.37790574713605,0,0.3021,0.1879,3.8e-05,1,0.19878893720328406,False,
2025-11-29 12:45:00,11113172,7302943,0,6,18.41611642551639,0,0.2964,0.1947,3.3e-05,1,0.21239343942872596,False,
2025-11-29 12:50:00,10501330,4844171,1,3,15.345502052601844,0,0.28,0.1292,2.6e-05,1,0.24486206887567719,False,
2025-11-29 12:55:00,7596842,4309526,3,2,11.90636874741972,0,0.2026,0.1149,4.2e-05,1,0.2084931203087409,False,
2025-11-29 13:00:00,10635495,8019190,3,0,18.65468561291346,0,0.2836,0.2138,1.6e-05,1,0.16849808652032316,False,
2025-11-29 13:05:00,8767472,6102956,7,2,14.870429410024984,0,0.2338,0.1627,6.1e-05,1,0.22648763847444542,False,
2025-11-29 13:10:00,9757114,7137636,4,2,16.894750666240178,0,0.2602,0.1903,3.6e-05,1,0.25792761549385196,False,
2025-11-29 13:15:00,7553738,5750280,5,0,13.30401929347555,0,0.2014,0.1533,3.8e-05,1,0.25165905477576206,False,
2025-11-29 13:20:00,9711440,6584656,2,0,16.296096930562236,0,0.259,0.1756,1.2e-05,1,0.23915355249926407,False,
2025-11-29 13:25:00,8711290,7242127,3,2,15.953417225093538,0,0.2323,0.1931,3.1e-05,1,0.2591849091621713,False,
2025-11-29 13:30:00,8348062,3061585,1,2,11.409648700640751,0,0.2226,0.0816,2.6e-05,1,0.14068149623267368,False,
2025-11-29 13:35:00,11213573,6911680,2,3,18.125254257761128,0,0.299,0.1843,2.8e-05,1,0.22812675747136596,False,
2025-11-29 13:40:00,6833139,4387104,2,0,11.220243605537773,0,0.1822,0.117,1.8e-05,1,0.15392631288106362,False,
2025-11-29 13:45:00,6051740,5877921,2,2,11.9296622255195,0,0.1614,0.1567,3.4e-05,1,0.21042834768134483,False,
2025-11-29 13:50:00,9818994,7073651,2,3,16.89264612266512,0,0.2618,0.1886,3e-05,1,0.2606213630410099,False,
2025-11-29 13:55:00,10142907,8316904,1,1,18.459811458004165,0,0.2705,0.2218,1.1e-05,1,0.14500563745600775,False,
2025-11-29 14:00:00,9245663,6814755,4,2,16.060419183189794,0,0.2466,0.1817,3.7e-05,1,0.26708269673409935,False,
2025-11-29 14:05:00,9001635,5414439,1,4,14.416074573586904,0,0.24,0.1444,3.5e-05,1,0.2648127876150659,False,
2025-11-29 14:10:00,9104276,6459259,3,1,15.563535828351329,0,0.2428,0.1722,2.6e-05,1,0.27419069717404393,False,
2025-11-29 14:15:00,12146190,4939534,3,5,17.08572523651128,0,0.3239,0.1317,4.7e-05,1,0.16221539436202076,False,
2025-11-29 14:20:00,10234386,8670758,2,5,18.90514474221356,0,0.2729,0.2312,3.7e-05,1,0.1573582019915845,False,
2025-11-29 14:25:00,8559679,7257322,4,1,15.817001860098364,0,0.2283,0.1935,3.2e-05,1,0.2594306041508264,False,
2025-11-29 14:30:00,8141684,5605723,3,2,13.747407729515274,0,0.2171,0.1495,3.6e-05,1,0.2675658368307844,False,
2025-11-29 14:35:00,9965018,7186948,2,0,17.151967651064222,0,0.2657,0.1917,1.2e-05,1,0.2240680744523026,False,
2025-11-29 14:40:00,8373201,3443956,5,2,11.817157492237405,0,0.2233,0.0918,5.9e-05,1,0.14878513404301708,False,
2025-11-29 14:45:00,8853367,6798049,3,1,15.651417288959449,0,0.2361,0.1813,2.6e-05,1,0.272005817830508,False,
2025-11-29 14:50:00,8823754,6298679,2,2,15.122433736062366,0,0.2353,0.168,2.6e-05,1,0.2704179645329408,False,
2025-11-29 14:55:00,10902012,4944489,4,1,15.846502511797114,0,0.2907,0.1319,3.2e-05,1,0.244063117663409,False,
2025-11-29 15:00:00,9145107,5403607,5,1,14.548714458766703,0,0.2439,0.1441,4.1e-05,1,0.26165997767895555,False,
2025-11-29 15:05:00,6886605,6354994,4,5,13.241600113610987,0,0.1836,0.1695,6.8e-05,1,0.1728352642146505,False,
2025-11-29 15:10:00,11342653,6781049,11,1,18.12370284715861,0,0.3025,0.1808,6.6e-05,1,0.1374438008145713,False,
2025-11-29 15:15:00,7725075,6859438,4,4,14.584514064288491,0,0.206,0.1829,5.5e-05,1,0.23226900452127114,False,
2025-11-29 15:20:00,9520818,6242763,3,1,15.763581774878435,0,0.2539,0.1665,2.5e-05,1,0.26276325529542244,False,
2025-11-29 15:25:00,10713828,7157269,3,0,17.871097511637718,0,0.2857,0.1909,1.7e-05,1,0.21886555044389172,False,
2025-11-29 15:30:00,8686442,7893297,3,4,16.57974026512313,0,0.2316,0.2105,4.2e-05,1,0.21349261372667033,False,
2025-11-29 15:35:00,9355503,5169330,2,1,14.524833621520116,0,0.2495,0.1378,2.1e-05,1,0.2535254230194471,False,
2025-11-29 15:40:00,11680944,5837946,2,4,17.518890469199313,0,0.3115,0.1557,3.4e-05,1,0.2201462552301799,False,
2025-11-29 15:45:00,6849411,6813262,4,0,13.662673451873903,0,0.1827,0.1817,2.9e-05,1,0.23686937223670484,False,
2025-11-29 15:50:00,9245892,7438107,3,0,16.68399973673845,0,0.2466,0.1983,1.8e-05,1,0.24439457513715113,False,
2025-11-29 15:55:00,11596494,6134710,6,0,17.731204314821348,0,0.3092,0.1636,3.4e-05,1,0.21701500277670377,False,
2025-11-29 16:00:00,9721998,7466722,2,3,17.188721130177363,0,0.2593,0.1991,2.9e-05,1,0.2512809266873263,False,
2025-11-29 16:05:00,9242717,5638936,6,7,14.881653951986266,0,0.2465,0.1504,8.7e-05,1,0.11524975712791563,False,
2025-11-29 16:10:00,8127674,6993910,4,1,15.121585103518967,0,0.2167,0.1865,3.3e-05,1,0.2681733387578553,False,
2025-11-29 16:15:00,7828046,6434424,4,4,14.262470740774166,0,0.2087,0.1716,5.6e-05,1,0.23310542912283932,False,
2025-11-29 16:20:00,8467060,5623840,7,2,14.090900974904008,0,0.2258,0.15,6.4e-05,1,0.2118926762249202,False,
2025-11-29 16:25:00,9938837,7247555,2,2,17.186392805684076,0,0.265,0.1933,2.3e-05,1,0.2503069263285862,False,
2025-11-29 16:30:00,9514505,4965939,1,3,14.480444964317536,0,0.2537,0.1324,2.8e-05,1,0.25892344952257246,False,
2025-11-29 16:35:00,9017568,6096795,3,6,15.114363945572308,0,0.2405,0.1626,6e-05,1,0.23230273535457924,False,
2025-11-29 16:40:00,9163205,4995288,5,0,14.158494559370336,0,0.2444,0.1332,3.5e-05,1,0.2604825076558836,False,
2025-11-29 16:45:00,9484707,6475533,0,2,15.960241212459335,0,0.2529,0.1727,1.3e-05,1,0.23561718380865182,False,
2025-11-29 16:50:00,8508610,6073790,5,1,14.582400579025387,0,0.2269,0.162,4.1e-05,1,0.2645153387499029,False,
2025-11-29 16:55:00,10307758,5769050,2,3,16.076809409459134,0,0.2749,0.1538,3.1e-05,1,0.25862621062768126,False,
2025-11-29 17:00:00,10009689,7244234,1,3,17.25392341063407,0,0.2669,0.1932,2.3e-05,1,0.24472618379563,False,
2025-11-29 17:05:00,7977830,8071811,5,4,16.049642239378077,0,0.2127,0.2152,5.6e-05,1,0.1750538878882168,False,
2025-11-29 17:10:00,9014763,6968322,0,3,15.98308636463046,0,0.2404,0.1858,1.9e-05,1,0.264702996815493,False,
2025-11-29 17:15:00,7973012,2832856,2,3,10.805868817983711,0,0.2126,0.0755,4.6e-05,1,0.1189489806251417,False,
2025-11-29 17:20:00,9046627,7108813,1,1,16.155440988661066,0,0.2412,0.1896,1.2e-05,1,0.2395529487040346,False,
2025-11-29 17:25:00,11296768,7027172,4,2,18.323940619037188,0,0.3012,0.1874,3.3e-05,1,0.21183724639983392,False,
2025-11-29 17:30:00,7595723,7669886,2,2,15.265609595235782,0,0.2026,0.2045,2.6e-05,1,0.2460970106452806,False,
2025-11-29 17:35:00,8753728,5096611,6,0,13.850340666210412,0,0.2334,0.1359,4.3e-05,1,0.25763484434670325,False,
2025-11-29 17:40:00,7138333,6835561,3,0,13.973894426109188,0,0.1904,0.1823,2.1e-05,1,0.23787452454020735,False,
2025-11-29 17:45:00,7998837,7464792,5,1,15.463629368536605,0,0.2133,0.1991,3.9e-05,1,0.2474599247010576,False,
2025-11-29 17:50:00,10071717,6802753,4,2,16.8744710717913,0,0.2686,0.1814,3.6e-05,1,0.25534624778635745,False,
2025-11-29 17:55:00,8774272,5483168,3,3,14.25744038528896,0,0.234,0.1462,4.2e-05,1,0.2620070336579431,False,
2025-11-29 18:00:00,10411565,5685728,1,2,16.097294048529292,0,0.2776,0.1516,1.9e-05,1,0.2514467774356376,False,
2025-11-29 18:05:00,8314763,6262275,4,2,14.577039385340257,0,0.2217,0.167,4.1e-05,1,0.2639249462619411,False,
2025-11-29 18:10:00,8089807,6392506,1,4,14.48231430495834,0,0.2157,0.1705,3.5e-05,1,0.267811940312251,False,
2025-11-29 18:15:00,10229156,5861217,2,2,16.090374024675498,0,0.2728,0.1563,2.5e-05,1,0.25758630072523,False,
2025-11-29 18:20:00,8899847,6380020,0,2,15.279868199413997,0,0.2373,0.1701,1.3e-05,1,0.24424156277494397,False,
2025-11-29 18:25:00,8519929,4561271,4,2,13.08120086978361,0,0.2272,0.1216,4.6e-05,1,0.2309962010839513,False,
2025-11-29 18:30:00,7944324,7662212,2,0,15.606536871451413,0,0.2118,0.2043,1.3e-05,1,0.22363049670673307,False,
2025-11-29 18:35:00,8395472,4951863,5,1,13.34733544292454,0,0.2239,0.132,4.5e-05,1,0.2529642698029267,False,
2025-11-29 18:40:00,8358507,4925334,2,5,13.2838421282805,0,0.2229,0.1313,5.3e-05,1,0.24144765514568767,False,
2025-11-29 18:45:00,10631252,5883026,3,5,16.514278169637382,0,0.2835,0.1569,4.8e-05,1,0.22937798513261193,False,
2025-11-29 18:50:00,10477665,5985400,6,1,16.46306559367586,0,0.2794,0.1596,4.3e-05,1,0.23746073360317643,False,
2025-11-29 18:55:00,8631946,7543964,0,1,16.175910866418715,0,0.2302,0.2012,6e-06,1,0.19760198253816919,False,
2025-11-29 19:00:00,10463593,4900903,1,2,15.364496726615364,0,0.279,0.1307,2e-05,1,0.24072975829309917,False,
2025-11-29 19:05:00,4920331,7287154,2,1,12.207485402341137,0,0.1312,0.1943,2.5e-05,1,0.15057294405274824,False,
2025-11-29 19:10:00,11744075,6985637,3,2,18.7297131481038,0,0.3132,0.1863,2.7e-05,1,0.18225711219724067,False,
2025-11-29 19:15:00,10041783,5601135,1,3,15.642918796993314,0,0.2678,0.1494,2.6e-05,1,0.26466814313972703,False,
2025-11-29 19:20:00,8454249,6602632,2,1,15.056881553840505,0,0.2254,0.1761,2e-05,1,0.2604488127818824,False,
2025-11-29 19:25:00,9994082,7444880,3,1,17.438962697603106,0,0.2665,0.1985,2.3e-05,1,0.23297733955926697,False,
2025-11-29 19:30:00,8481880,6543915,4,0,15.025796081681351,0,0.2262,0.1745,2.7e-05,1,0.26768600225453737,False,
2025-11-29 19:35:00,7882280,4042691,6,3,11.924972526288542,0,0.2102,0.1078,7.5e-05,1,0.1046117825739713,False,
2025-11-29 19:40:00,8504665,3587040,3,2,12.091705219755012,0,0.2268,0.0957,4.1e-05,1,0.20069209354379897,False,
2025-11-29 19:45:00,9786185,4721742,3,3,14.507928403042836,0,0.261,0.1259,4.1e-05,1,0.2494368080429843,False,
2025-11-29 19:50:00,8785899,7396624,6,2,16.182523876257836,0,0.2343,0.1972,4.9e-05,1,0.23465365343406913,False,
2025-11-29 19:55:00,9852621,7578910,0,1,17.431531756271877,0,0.2627,0.2021,6e-06,1,0.17856310410179865,False,
2025-11-29 20:00:00,9648911,5834642,1,3,15.483554819069942,0,0.2573,0.1556,2.6e-05,1,0.2660541082043372,False,
2025-11-29 20:05:00,9007619,4899992,2,2,13.907611580268949,0,0.2402,0.1307,2.9e-05,1,0.25730439679094175,False,
2025-11-29 20:10:00,9859476,4909577,3,3,14.769054172966817,0,0.2629,0.1309,4.1e-05,1,0.257210666308154,False,
2025-11-29 20:15:00,10777164,6919504,1,1,17.69666884556116,0,0.2874,0.1845,1.1e-05,1,0.20916195072471028,False,
2025-11-29 20:20:00,10912887,5145272,1,2,16.058159742543108,0,0.291,0.1372,1.9e-05,1,0.2311509226289581,False,
2025-11-29 20:25:00,7984854,5864102,3,2,13.84895668590759,0,0.2129,0.1564,3.6e-05,1,0.26396033441156513,False,
2025-11-29 20:30:00,8957943,6650414,2,2,15.60835802908028,0,0.2389,0.1773,2.6e-05,1,0.27398311100034983,False,
2025-11-29 20:35:00,8497454,7551130,2,0,16.04858558091448,0,0.2266,0.2014,1.2e-05,1,0.2241491910824328,False,
2025-11-29 20:40:00,9491280,5296355,2,3,14.787635458671344,0,0.2531,0.1412,3.4e-05,1,0.2657959155076063,False,
2025-11-29 20:45:00,12357138,5400670,4,2,17.757809273799406,0,0.3295,0.144,3.4e-05,1,0.1876189437823192,False,
2025-11-29 20:50:00,8222046,6289486,3,1,14.51153268294224,0,0.2193,0.1677,2.8e-05,1,0.266826502812875,False,
2025-11-29 20:55:00,9419907,5700123,3,1,15.120030991006123,0,0.2512,0.152,2.6e-05,1,0.2713641248484745,False,
2025-11-29 21:00:00,10714016,4509991,1,2,15.22400730437455,0,0.2857,0.1203,2e-05,1,0.2181284770416424,False,
2025-11-29 21:05:00,11230143,7562616,5,1,18.79276008560741,0,0.2995,0.2017,3.2e-05,1,0.19641948547540056,False,
2025-11-29 21:10:00,9765868,4742145,5,2,14.508014007291914,0,0.2604,0.1265,4.8e-05,1,0.2365645756777593,False,
2025-11-29 21:15:00,7869702,6604407,0,4,14.4741099709758,0,0.2099,0.1761,2.8e-05,1,0.26256371427507036,False,
2025-11-29 21:20:00,8493987,6547952,5,2,15.041940441994385,0,0.2265,0.1746,4.7e-05,1,0.2548989820076383,False,
2025-11-29 21:25:00,9171919,5389292,0,2,14.561212667640842,0,0.2446,0.1437,1.4e-05,1,0.234311484723577,False,
2025-11-29 21:30:00,8974584,5842358,3,2,14.816942841850771,0,0.2393,0.1558,3.4e-05,1,0.27356096353573306,False,
2025-11-29 21:35:00,12512957,4794934,2,3,17.307891384250045,0,0.3337,0.1279,2.9e-05,1,0.18559434156976,False,
2025-11-29 21:40:00,9610330,6465165,3,2,16.07549588557435,0,0.2563,0.1724,3.1e-05,1,0.2676254936678788,False,
2025-11-29 21:45:00,10853368,6135217,5,2,16.988586583391502,0,0.2894,0.1636,4.1e-05,1,0.22559053277819596,False,
2025-11-29 21:50:00,6786683,5536983,3,0,12.32366638602632,0,0.181,0.1477,2.4e-05,1,0.22605160471630265,False,
2025-11-29 21:55:00,10554805,3846362,0,1,14.401168513424114,0,0.2815,0.1026,7e-06,1,0.15114080359231657,False,
2025-11-29 22:00:00,9772348,4759552,4,0,14.531901472776212,0,0.2606,0.1269,2.8e-05,1,0.2543891768174869,False,
2025-11-29 22:05:00,6845083,6333460,3,1,13.178543819157005,0,0.1825,0.1689,3e-05,1,0.23578259466378154,False,
2025-11-29 22:10:00,8423736,6806333,5,6,15.23006990285398,0,0.2246,0.1815,7.2e-05,1,0.17199657084636077,False,
2025-11-29 22:15:00,9635862,6583654,3,5,16.2195162215251,0,0.257,0.1756,4.9e-05,1,0.24500989980352578,False,
2025-11-29 22:20:00,9515517,6017828,5,4,15.533346098962175,0,0.2537,0.1605,5.8e-05,1,0.22851972463488207,False,
2025-11-29 22:25:00,10936679,6679490,5,1,17.61616955770191,0,0.2916,0.1781,3.4e-05,1,0.23594292103375536,False,
2025-11-29 22:30:00,6227537,6504053,3,3,12.731590598374057,0,0.1661,0.1734,4.7e-05,1,0.20876263823830477,False,
2025-11-29 22:35:00,8792595,5707361,0,4,14.49995745073596,0,0.2345,0.1522,2.8e-05,1,0.2704881563295088,False,
2025-11-29 22:40:00,6438618,4919733,4,1,11.358351342881146,0,0.1717,0.1312,4.4e-05,1,0.1845711952123248,False,
2025-11-29 22:45:00,9242047,5524884,2,2,14.766931516531915,0,0.2465,0.1473,2.7e-05,1,0.2703779076567674,False,
2025-11-29 22:50:00,8073927,6267296,1,1,14.341224254178004,0,0.2153,0.1671,1.4e-05,1,0.23814846469991136,False,
2025-11-29 22:55:00,10191136,7399339,3,3,17.590475440247154,0,0.2718,0.1973,3.4e-05,1,0.23602351676461714,False,
2025-11-29 23:00:00,8454187,5732872,1,2,14.187059961131672,0,0.2254,0.1529,2.1e-05,1,0.2539586583856482,False,
2025-11-29 23:05:00,8250237,4235281,2,2,12.48551922785802,0,0.22,0.1129,3.2e-05,1,0.2234736809581716,False,
2025-11-29 23:10:00,10845334,6732223,7,0,17.577558873086847,0,0.2892,0.1795,4e-05,1,0.2248770037157194,False,
2025-11-29 23:15:00,11456864,5833055,4,2,17.289919355222207,0,0.3055,0.1555,3.5e-05,1,0.22883406768005443,False,
2025-11-29 23:20:00,7027365,9131838,7,2,16.159204340428225,0,0.1874,0.2435,5.6e-05,1,0.11116015065354223,False,
2025-11-29 23:25:00,7712536,6582947,3,2,14.295483123729609,0,0.2057,0.1755,3.5e-05,1,0.263880733711551,False,
2025-11-29 23:30:00,8999866,7212395,3,1,16.21226191316842,0,0.24,0.1923,2.5e-05,1,0.26529378067618903,False,
2025-11-29 23:35:00,9821920,6576442,2,4,16.398363293501934,0,0.2619,0.1754,3.7e-05,1,0.26231336850250975,False,
2025-11-29 23:40:00,10566058,3820132,2,4,14.38619030274187,0,0.2818,0.1019,4.2e-05,1,0.20156817682353434,False,
2025-11-29 23:45:00,9998426,6497659,3,0,16.496085648654763,0,0.2666,0.1733,1.8e-05,1,0.2525561776503305,False,
2025-11-29 23:50:00,11755726,5079890,3,2,16.835616832452523,0,0.3135,0.1355,3e-05,1,0.2105258149612661,False,
2025-11-29 23:55:00,9298261,5760739,5,3,15.059001155629714,0,0.248,0.1536,5.3e-05,1,0.24556118571531438,False,
2025-11-30 00:00:00,11366159,8162581,0,1,19.528741173633424,0,0.3031,0.2177,5e-06,1,0.0778814971066103,False,
2025-11-30 00:05:00,12159172,6160042,7,1,18.319214717181264,0,0.3242,0.1643,4.4e-05,1,0.160234140328868,False,
2025-11-30 00:10:00,10216428,7406344,3,0,17.622772560060266,0,0.2724,0.1975,1.7e-05,1,0.22156849753279878,False,
2025-11-30 00:15:00,9080991,6154634,4,2,15.235626227641912,0,0.2422,0.1641,3.9e-05,1,0.2681949027603629,False,
2025-11-30 00:20:00,7847714,3645723,1,3,11.493437641558558,0,0.2093,0.0972,3.5e-05,1,0.1768073780083247,False,
2025-11-30 00:25:00,9578053,5376349,4,2,14.954402857352752,0,0.2554,0.1434,4e-05,1,0.2602828036064039,False,
2025-11-30 00:30:00,9150206,6652208,1,2,15.80241456993827,0,0.244,0.1774,1.9e-05,1,0.26526483569792636,False,
2025-11-30 00:35:00,11033902,3701522,1,2,14.73542498901497,0,0.2942,0.0987,2e-05,1,0.18935212377228222,False,
2025-11-30 00:40:00,9900932,5435766,6,1,15.336698827929496,0,0.264,0.145,4.6e-05,1,0.24944062776456305,False,
2025-11-30 00:45:00,8905079,6691396,6,1,15.596476155939392,0,0.2375,0.1784,4.5e-05,1,0.25638040689429187,False,
2025-11-30 00:50:00,10383022,6814008,1,3,17.197031461244645,0,0.2769,0.1817,2.3e-05,1,0.2433612514638594,False,
2025-11-30 00:55:00,7442953,7887849,0,2,15.330802602255584,0,0.1985,0.2103,1.3e-05,1,0.20675524255839606,False,
2025-11-30 01:00:00,12876209,4894344,4,1,17.770553704369753,0,0.3434,0.1305,2.8e-05,1,0.16928260654138738,False,
2025-11-30 01:05:00,8875271,6436027,2,2,15.311299712260029,0,0.2367,0.1716,2.6e-05,1,0.26851788707129454,False,
2025-11-30 01:10:00,10995573,6196390,5,0,17.191963270474638,0,0.2932,0.1652,2.9e-05,1,0.2401483393579909,False,
2025-11-30 01:15:00,6343912,7617588,2,1,13.96150181055422,0,0.1692,0.2031,2.1e-05,1,0.2045458269541614,False,
2025-11-30 01:20:00,10006768,4850828,3,1,14.857596984377327,0,0.2668,0.1294,2.7e-05,1,0.2556479479285357,False,
2025-11-30 01:25:00,8083786,4978592,3,2,13.062379658370803,0,0.2156,0.1328,3.8e-05,1,0.25092335081941153,False,
2025-11-30 01:30:00,7770099,7783418,3,1,15.553518388805765,0,0.2072,0.2076,2.6e-05,1,0.24450394831933608,False,
2025-11-30 01:35:00,9288313,4173486,3,2,13.461800530869176,0,0.2477,0.1113,3.7e-05,1,0.22738064622680088,False,
2025-11-30 01:40:00,11003975,3896156,1,3,14.900132042793071,0,0.2934,0.1039,2.7e-05,1,0.2096850279187093,False,
2025-11-30 01:45:00,7997032,5017547,1,2,13.014580508456833,0,0.2133,0.1338,2.3e-05,1,0.2448984911912721,False,
2025-11-30 01:50:00,11363118,6881179,1,2,18.244298069388115,0,0.303,0.1835,1.6e-05,1,0.18465606714292238,False,
2025-11-30 01:55:00,11243377,6158838,3,2,17.402215825882287,0,0.2998,0.1642,2.9e-05,1,0.23284636756775012,False,
2025-11-30 02:00:00,8843456,4769759,9,1,13.613216237730144,0,0.2358,0.1272,7.3e-05,1,0.16552637758610528,False,
2025-11-30 02:05:00,8183734,6566873,1,4,14.750607683168514,0,0.2182,0.1751,3.4e-05,1,0.2700364663687308,False,
2025-11-30 02:10:00,7835217,5826931,1,1,13.662148356514855,0,0.2089,0.1554,1.5e-05,1,0.2304505704182815,False,
2025-11-30 02:15:00,6598743,5467830,1,4,12.06657374567358,0,0.176,0.1458,4.1e-05,1,0.22834103263964117,False,
2025-11-30 02:20:00,11136795,7087525,2,1,18.2243210943332,0,0.297,0.189,1.6e-05,1,0.19310188101993042,False,
2025-11-30 02:25:00,10004567,8700381,2,2,18.704949341607183,0,0.2668,0.232,2.1e-05,1,0.15646796866753637,False,
2025-11-30 02:30:00,7268391,5444723,2,2,12.713114856691806,0,0.1938,0.1452,3.1e-05,1,0.2429452425292351,False,
2025-11-30 02:35:00,6764004,4790556,4,1,11.554561347675532,0,0.1804,0.1277,4.3e-05,1,0.19987342163629684,False,
2025-11-30 02:40:00,9396723,6346676,5,4,15.743400017354208,0,0.2506,0.1692,5.7e-05,1,0.23047389080646657,False,
2025-11-30 02:45:00,10909100,6010008,3,2,16.919109258340068,0,0.2909,0.1603,3e-05,1,0.24611482920706707,False,
2025-11-30 02:50:00,10258646,3585571,2,3,13.84421796498467,0,0.2736,0.0956,3.6e-05,1,0.19588498463695347,False,
2025-11-30 02:55:00,9833449,6746161,2,2,16.579610559463596,0,0.2622,0.1799,2.4e-05,1,0.26481335628960445,False,
2025-11-30 03:00:00,9939800,3278522,3,2,13.2183229622363,0,0.2651,0.0874,3.8e-05,1,0.18565916160134638,False,
2025-11-30 03:05:00,6074679,6591322,6,2,12.66600117442304,0,0.162,0.1758,6.3e-05,1,0.17989475289655665,False,
2025-11-30 03:10:00,8423345,8075180,1,2,16.498525525579787,0,0.2246,0.2153,1.8e-05,1,0.21910831130501573,False,
2025-11-30 03:15:00,8884407,7860456,2,1,16.74486461373851,0,0.2369,0.2096,1.8e-05,1,0.23026328276136387,False,
2025-11-30 03:20:00,9048511,8849988,0,2,17.898500453239755,0,0.2413,0.236,1.1e-05,1,0.13874831157091894,False,
2025-11-30 03:25:00,6618660,6765003,5,0,13.383664606397108,0,0.1765,0.1804,3.7e-05,1,0.2286847290745989,False,
2025-11-30 03:30:00,8724580,5935191,3,2,14.659771817988778,0,0.2327,0.1583,3.4e-05,1,0.2683548749596186,False,
2025-11-30 03:35:00,9937192,5418265,2,2,15.355458284454372,0,0.265,0.1445,2.6e-05,1,0.2614251933495215,False,
2025-11-30 03:40:00,5439367,8914451,3,2,14.353819498940714,0,0.145,0.2377,3.5e-05,1,0.14260108299605323,False,
2025-11-30 03:45:00,8268170,5425685,4,3,13.693855411323645,0,0.2205,0.1447,5.1e-05,1,0.25353420011447564,False,
2025-11-30 03:50:00,10421457,5988260,0,3,16.40971763993808,0,0.2779,0.1597,1.8e-05,1,0.2455812751569117,False,
2025-11-30 03:55:00,9172778,5543758,1,1,14.7165369187129,0,0.2446,0.1478,1.4e-05,1,0.23645989460564448,False,
2025-11-30 04:00:00,10196397,6242993,2,1,16.439391019561402,0,0.2719,0.1665,1.8e-05,1,0.2483053660207737,False,
2025-11-30 04:05:00,8392976,5240515,2,0,13.633491823784086,0,0.2238,0.1397,1.5e-05,1,0.22782525433531398,False,
2025-11-30 04:10:00,8493326,5365689,2,3,13.859016633341897,0,0.2265,0.1431,3.6e-05,1,0.26433946801361397,False,
2025-11-30 04:15:00,6527290,4360042,4,1,10.887332544675354,0,0.1741,0.1163,4.6e-05,1,0.15580282964211278,False,
2025-11-30 04:20:00,10672363,4793735,1,0,15.466099806555746,0,0.2846,0.1278,6e-06,1,0.17521494854242475,False,
2025-11-30 04:25:00,9931228,5919850,1,2,15.851078971242064,0,0.2648,0.1579,1.9e-05,1,0.25331801361909734,False,
2025-11-30 04:30:00,9528542,7508038,0,2,17.036580231770554,0,0.2541,0.2002,1.2e-05,1,0.2135803488626738,False,
2025-11-30 04:35:00,7112210,5985590,3,1,13.097801595924432,0,0.1897,0.1596,3.1e-05,1,0.24460564840757038,False,
2025-11-30 04:40:00,11316318,4301723,2,4,15.618041892773215,0,0.3018,0.1147,3.8e-05,1,0.20479454205574943,False,
2025-11-30 04:45:00,10108728,5367215,2,1,15.475944394851968,0,0.2696,0.1431,1.9e-05,1,0.24870318515333983,False,
2025-11-30 04:50:00,10224146,4364832,3,3,14.58897903398994,0,0.2726,0.1164,4.1e-05,1,0.22803583140439437,False,
2025-11-30 04:55:00,11719628,5151507,1,1,16.871136176812758,0,0.3125,0.1374,1.2e-05,1,0.17496446729640813,False,
2025-11-30 05:00:00,11926996,6569242,2,1,18.496239464024463,0,0.3181,0.1752,1.6e-05,1,0.16161518729768448,False,
2025-11-30 05:05:00,7909330,4831010,2,0,12.740340531351052,0,0.2109,0.1288,1.6e-05,1,0.21356425194598622,False,
2025-11-30 05:10:00,8421188,7433934,1,0,15.85512365822012,0,0.2246,0.1982,6e-06,1,0.19255600587135313,False,
2025-11-30 05:15:00,8023760,4087276,3,3,12.111037590094703,0,0.214,0.109,5e-05,1,0.2089220388694436,False,
2025-11-30 05:20:00,6324899,5972844,6,5,12.29774368587692,0,0.1687,0.1593,8.9e-05,1,0.09007535852218662,False,
2025-11-30 05:25:00,8433613,6781094,3,1,15.214708862763295,0,0.2249,0.1808,2.6e-05,1,0.2615269408823686,False,
2025-11-30 05:30:00,7143235,4565744,2,1,11.708979716401776,0,0.1905,0.1218,2.6e-05,1,0.19356819376959394,False,
2025-11-30 05:35:00,10845204,4273456,3,3,15.118660968127712,0,0.2892,0.114,4e-05,1,0.21995603747790698,False,
2025-11-30 05:40:00,10292242,4593692,1,3,14.885934818665374,0,0.2745,0.1225,2.7e-05,1,0.23848943288231095,False,
2025-11-30 05:45:00,9096835,7319273,0,2,16.416109055893763,0,0.2426,0.1952,1.2e-05,1,0.23101412428384732,False,
2025-11-30 05:50:00,6439174,4020107,5,4,10.459281652915124,0,0.1717,0.1072,8.6e-05,1,0.02191967002644568,False,
2025-11-30 05:55:00,8713234,6310617,2,1,15.023852384008068,0,0.2324,0.1683,2e-05,1,0.2605477350765689,False,
2025-11-30 06:00:00,10868452,6563969,3,1,17.43242208499356,0,0.2898,0.175,2.3e-05,1,0.23598575156840113,False,
2025-11-30 06:05:00,7601345,6472442,3,0,14.07378860960226,0,0.2027,0.1726,2.1e-05,1,0.25042245145498326,False,
2025-11-30 06:10:00,7282791,7139062,3,2,14.421853507611134,0,0.1942,0.1904,3.5e-05,1,0.2501613317963403,False,
2025-11-30 06:15:00,8876809,6340900,5,2,15.217710249530846,0,0.2367,0.1691,4.6e-05,1,0.25413635311001787,False,
2025-11-30 06:20:00,8467500,4316294,1,4,12.783794865196883,0,0.2258,0.1151,3.9e-05,1,0.2329395075886141,False,
2025-11-30 06:25:00,10666270,6906185,2,2,17.572455562309006,0,0.2844,0.1842,2.3e-05,1,0.23561919458291675,False,
2025-11-30 06:30:00,9024365,6871238,1,2,15.895603322385773,0,0.2406,0.1832,1.9e-05,1,0.2660254473877012,False,
2025-11-30 06:35:00,7836056,8441994,3,3,16.27805038698694,0,0.209,0.2251,3.7e-05,1,0.19216643015606688,False,
2025-11-30 06:40:00,9630690,5186346,3,2,14.817037744826644,0,0.2568,0.1383,3.4e-05,1,0.25888035408911286,False,
2025-11-30 06:45:00,8334725,5227422,4,4,13.56214730077642,0,0.2223,0.1394,5.9e-05,1,0.22433939951515303,False,
2025-11-30 06:50:00,8848125,4527404,3,3,13.375530334251978,0,0.236,0.1207,4.5e-05,1,0.23876917625280503,False,
2025-11-30 06:55:00,9242185,5922913,4,1,15.16509858791792,0,0.2465,0.1579,3.3e-05,1,0.27093514291665977,False,
2025-11-30 07:00:00,10931445,6750896,2,2,17.682341492311743,0,0.2915,0.18,2.3e-05,1,0.23535748147931768,False,
2025-11-30 07:05:00,9953147,4647020,3,1,14.600168285194798,0,0.2654,0.1239,2.7e-05,1,0.24883635386203512,False,
2025-11-30 07:10:00,7575846,6183014,3,2,13.758860570242648,0,0.202,0.1649,3.6e-05,1,0.25240328720800803,False,
2025-11-30 07:15:00,9728206,6538603,5,3,16.266810055590035,0,0.2594,0.1744,4.9e-05,1,0.2424108277850875,False,
2025-11-30 07:20:00,10387544,7188189,2,2,17.575733804469937,0,0.277,0.1917,2.3e-05,1,0.22997588324947776,False,
2025-11-30 07:25:00,10264677,4309069,2,0,14.573746683098832,0,0.2737,0.1149,1.4e-05,1,0.1905251557847712,False,
2025-11-30 07:30:00,8020138,6347941,4,0,14.368080038133895,0,0.2139,0.1693,2.8e-05,1,0.266300132427264,False,
2025-11-30 07:35:00,9364948,6853536,1,0,16.218484236862242,0,0.2497,0.1828,6e-06,1,0.21370283345180535,False,
2025-11-30 07:40:00,9303098,4779779,2,1,14.08287836362314,0,0.2481,0.1275,2.1e-05,1,0.24252812550074926,False,
2025-11-30 07:45:00,10498205,5577190,3,4,16.075395740391773,0,0.28,0.1487,4.4e-05,1,0.23994111445003768,False,
2025-11-30 07:50:00,7130464,4055491,6,2,11.185956887511637,0,0.1901,0.1081,7.2e-05,1,0.10758856362616043,False,
2025-11-30 07:55:00,9632184,5776212,4,0,15.4083973009329,0,0.2569,0.154,2.6e-05,1,0.2652334525929188,False,
2025-11-30 08:00:00,9993183,4525390,1,2,14.518574011906615,0,0.2665,0.1207,2.1e-05,1,0.23684305155352703,False,
2025-11-30 08:05:00,7948354,7935984,4,5,15.884339303743566,0,0.212,0.2116,5.7e-05,1,0.1826644736850097,False,
2025-11-30 08:10:00,9447203,5448903,3,2,14.896107045065737,0,0.2519,0.1453,3.4e-05,1,0.26953708598384474,False,
2025-11-30 08:15:00,7486269,5948108,0,2,13.43437855399186,0,0.1996,0.1586,1.5e-05,1,0.222082996738928,False,
2025-11-30 08:20:00,8398102,6058969,1,4,14.457072302371202,0,0.2239,0.1616,3.5e-05,1,0.26821623387892063,False,
2025-11-30 08:25:00,7090672,3291909,4,1,10.382582042952162,0,0.1891,0.0878,4.8e-05,1,0.10148470133454235,False,
2025-11-30 08:30:00,6855432,6767219,5,4,13.62265220699546,0,0.1828,0.1805,6.6e-05,1,0.17659229707887608,False,
2025-11-30 08:35:00,10514470,6453168,5,1,16.96763896179661,0,0.2804,0.1721,3.5e-05,1,0.24512466984087983,False,
2025-11-30 08:40:00,10271596,5901317,6,1,16.172914174259674,0,0.2739,0.1574,4.3e-05,1,0.2395059824495226,False,
2025-11-30 08:45:00,8522660,6902544,5,6,15.42520493287106,0,0.2273,0.1841,7.1e-05,1,0.17762852648105815,False,
2025-11-30 08:50:00,9141306,4906530,4,3,14.047836819293613,0,0.2438,0.1308,5e-05,1,0.24525350920172723,False,
2025-11-30 08:55:00,9714843,4607096,1,6,14.321939731149994,0,0.2591,0.1229,4.9e-05,1,0.2231452136953846,False,
2025-11-30 09:00:00,10528451,5500507,2,2,16.028958642502356,0,0.2808,0.1467,2.5e-05,1,0.2550344833115885,False,
2025-11-30 09:05:00,10235186,6211524,3,3,16.4467104182353,0,0.2729,0.1656,3.6e-05,1,0.2559446610823693,False,
2025-11-30 09:10:00,9787548,5720482,3,1,15.508031417739373,0,0.261,0.1525,2.6e-05,1,0.26660531142019983,False,
2025-11-30 09:15:00,6439888,6283733,5,4,12.72362218896704,0,0.1717,0.1676,7.1e-05,1,0.14843469337328447,False,
2025-11-30 09:20:00,8666059,5127128,4,1,13.79318818966021,0,0.2311,0.1367,3.6e-05,1,0.2594887886653973,False,
2025-11-30 09:25:00,10954438,5885689,2,1,16.840127859399278,0,0.2921,0.157,1.8e-05,1,0.23478361666181746,False,
2025-11-30 09:30:00,10349023,5800619,4,1,16.14964375381685,0,0.276,0.1547,3.1e-05,1,0.2551142167632584,False,
2025-11-30 09:35:00,9937716,7250142,2,3,17.187858389607825,0,0.265,0.1933,2.9e-05,1,0.25409902694210185,False,
2025-11-30 09:40:00,9664612,5489581,3,2,15.15419331016983,0,0.2577,0.1464,3.3e-05,1,0.2673811021000039,False,
2025-11-30 09:45:00,7133370,5140691,1,2,12.27406165912117,0,0.1902,0.1371,2.4e-05,1,0.22376589089312432,False,
2025-11-30 09:50:00,8321629,5393838,4,2,13.715468834326602,0,0.2219,0.1438,4.4e-05,1,0.2594474089475911,False,
2025-11-30 09:55:00,9773902,6841240,1,1,16.615142285573476,0,0.2606,0.1824,1.2e-05,1,0.23712630876192348,False,
2025-11-30 10:00:00,11286746,6151432,1,1,17.438179038628515,0,0.301,0.164,1.1e-05,1,0.18857646520277516,False,
2025-11-30 10:05:00,10343738,5560385,3,0,15.904124392639126,0,0.2758,0.1483,1.9e-05,1,0.24876849380475952,False,
2025-11-30 10:10:00,10604418,7878807,5,3,18.48322585337108,0,0.2828,0.2101,4.3e-05,1,0.18041657161484814,False,
2025-11-30 10:15:00,9731799,5500165,2,2,15.231965730208795,0,0.2595,0.1467,2.6e-05,1,0.26176868261400454,False,
2025-11-30 10:20:00,8439062,3544958,4,1,11.984021090729147,0,0.225,0.0945,4.2e-05,1,0.1929166043403407,False,
2025-11-30 10:25:00,7914657,5662629,1,0,13.577286329796785,0,0.2111,0.151,7e-06,1,0.1862921935768599,False,
2025-11-30 10:30:00,7676194,4731869,3,2,12.408064565366733,0,0.2047,0.1262,4e-05,1,0.2280681333259753,False,
2025-11-30 10:35:00,6457335,5863940,1,0,12.321276294906122,0,0.1722,0.1564,8e-06,1,0.1619863990947435,False,
2025-11-30 10:40:00,7466984,7678330,4,2,15.145315675358296,0,0.1991,0.2048,4e-05,1,0.2379362418000905,False,
2025-11-30 10:45:00,7705072,4551413,5,2,12.256485600798264,0,0.2055,0.1214,5.7e-05,1,0.19388301923133866,False,
2025-11-30 10:50:00,9237822,6297573,0,4,15.5353958462762,0,0.2463,0.1679,2.6e-05,1,0.27165387908872124,False,
2025-11-30 10:55:00,6815459,4396209,3,1,11.211668528578182,0,0.1817,0.1172,3.6e-05,1,0.18632998218270014,False,
2025-11-30 11:00:00,7531495,6094779,4,4,13.626275053754494,0,0.2008,0.1625,5.9e-05,1,0.22036252811870227,False,
2025-11-30 11:05:00,8840916,4733408,2,2,13.574325090634805,0,0.2358,0.1262,2.9e-05,1,0.24497374980354258,False,
2025-11-30 11:10:00,10077525,7367172,2,3,17.44469752437242,0,0.2687,0.1965,2.9e-05,1,0.23875123360399275,False,
2025-11-30 11:15:00,8380029,7599269,4,3,15.979298772173172,0,0.2235,0.2026,4.4e-05,1,0.22873964886790793,False,
2025-11-30 11:20:00,9475018,7388531,7,2,16.863550017460568,0,0.2527,0.197,5.3e-05,1,0.21332927933579615,False,
2025-11-30 11:25:00,9667772,5885892,3,4,15.553664168353546,0,0.2578,0.157,4.5e-05,1,0.2525144898870912,False,
2025-11-30 11:30:00,7333947,3187277,1,1,10.5212242964307,0,0.1956,0.085,1.9e-05,1,0.0783897114308667,False,
2025-11-30 11:35:00,11035718,4096503,3,2,15.132222252114378,0,0.2943,0.1092,3.3e-05,1,0.21197923276933062,False,
2025-11-30 11:40:00,5506030,4294911,2,3,9.800942280589265,0,0.1468,0.1145,5.1e-05,1,0.07477808672710096,False,
2025-11-30 11:45:00,6087779,5082760,3,3,11.170540288991928,0,0.1623,0.1355,5.4e-05,1,0.1639670305337489,False,
2025-11-30 11:50:00,9149242,7519331,5,1,16.668573893907748,0,0.244,0.2005,3.6e-05,1,0.25006199782144467,False,
2025-11-30 11:55:00,7061554,5752835,2,3,12.814390608423167,0,0.1883,0.1534,3.9e-05,1,0.24444211376015884,False,
2025-11-30 12:00:00,8371124,4322872,2,1,12.693997887799355,0,0.2232,0.1153,2.4e-05,1,0.22564338486456154,False,
2025-11-30 12:05:00,9338287,6598495,2,3,15.93678286119366,0,0.249,0.176,3.1e-05,1,0.2688444941622178,False,
2025-11-30 12:10:00,10742991,8016632,4,3,18.75962365780663,0,0.2865,0.2138,3.7e-05,1,0.1778316244773387,False,
2025-11-30 12:15:00,8926824,6448560,5,2,15.375384411568035,0,0.238,0.172,4.6e-05,1,0.25262164908447216,False,
2025-11-30 12:20:00,7166290,6597934,3,0,13.764225022473417,0,0.1911,0.1759,2.2e-05,1,0.23722570757484168,False,
2025-11-30 12:25:00,9313129,7585200,1,5,16.898330373744674,0,0.2484,0.2023,3.6e-05,1,0.24689537373149256,False,
2025-11-30 12:30:00,10810668,8248706,0,3,19.05937525195385,0,0.2883,0.22,1.6e-05,1,0.14529070758606843,False,
2025-11-30 12:35:00,9737877,6867200,2,2,16.605078516296683,0,0.2597,0.1831,2.4e-05,1,0.26671891589330027,False,
2025-11-30 12:40:00,12597429,5766624,1,3,18.36405358533061,0,0.3359,0.1538,2.2e-05,1,0.16683879911266203,False,
2025-11-30 12:45:00,7764135,6350828,3,1,14.1149638412573,0,0.207,0.1694,2.8e-05,1,0.2609278113114291,False,
2025-11-30 12:50:00,8119745,7572841,4,4,15.69258673518211,0,0.2165,0.2019,5.1e-05,1,0.23053462208267106,False,
2025-11-30 12:55:00,10249569,5916037,1,1,16.165607097182864,0,0.2733,0.1578,1.2e-05,1,0.22081922417600197,False,
2025-11-30 13:00:00,9783841,7386431,5,3,17.170273000162588,0,0.2609,0.197,4.7e-05,1,0.22108934585403617,False,
2025-11-30 13:05:00,9087501,7507715,3,0,16.59521691552937,0,0.2423,0.2002,1.8e-05,1,0.24383653594269883,False,
2025-11-30 13:10:00,7274095,8132779,6,1,15.406874885027388,0,0.194,0.2169,4.5e-05,1,0.1948138559712133,False,
2025-11-30 13:15:00,7740464,4879467,6,1,12.619932903340429,0,0.2064,0.1301,5.5e-05,1,0.2244291420198401,False,
2025-11-30 13:20:00,10004784,7622984,6,1,17.627768269246786,0,0.2668,0.2033,4e-05,1,0.22128714067294847,False,
2025-11-30 13:25:00,9209974,5853687,2,1,15.063661665007052,0,0.2456,0.1561,2e-05,1,0.26495142032560587,False,
2025-11-30 13:30:00,9055720,5994707,3,2,15.05042827398976,0,0.2415,0.1599,3.3e-05,1,0.27556086925217077,False,
2025-11-30 13:35:00,7794763,7019445,4,2,14.814209488006924,0,0.2079,0.1872,4.1e-05,1,0.25794200792409316,False,
2025-11-30 13:40:00,5373625,4791286,1,0,10.164912407534391,0,0.1433,0.1278,1e-05,1,0.04713627247633234,False,
2025-11-30 13:45:00,11813986,6996456,0,1,18.810443097914494,0,0.315,0.1866,5e-06,1,0.11048123055159886,False,
2025-11-30 13:50:00,9522021,6500564,1,3,16.02258669773164,0,0.2539,0.1733,2.5e-05,1,0.2670388483160652,False,
2025-11-30 13:55:00,7529604,5277440,2,2,12.807045157869137,0,0.2008,0.1407,3.1e-05,1,0.2451364579205373,False,
2025-11-30 14:00:00,8147997,6256032,3,3,14.40402963994731,0,0.2173,0.1668,4.2e-05,1,0.2635872264912127,False,
2025-11-30 14:05:00,9105151,5810708,2,1,14.915860260876215,0,0.2428,0.155,2e-05,1,0.26462905617524085,False,
2025-11-30 14:10:00,8314491,4542858,5,6,12.857349423474975,0,0.2217,0.1211,8.6e-05,1,0.10228130939200919,False,
2025-11-30 14:15:00,9837945,6743096,2,2,16.581041908135855,0,0.2623,0.1798,2.4e-05,1,0.26510247451031677,False,
2025-11-30 14:20:00,7202154,5770542,3,4,12.97269668334796,0,0.1921,0.1539,5.4e-05,1,0.2300172019657737,False,
2025-11-30 14:25:00,9057445,6417321,1,2,15.474766738261916,0,0.2415,0.1711,1.9e-05,1,0.26514046751670767,False,
2025-11-30 14:30:00,9809905,5576993,1,6,15.38689880231747,0,0.2616,0.1487,4.5e-05,1,0.2535387158907358,False,
2025-11-30 14:35:00,9480348,8353947,5,3,17.83429593496386,0,0.2528,0.2228,4.5e-05,1,0.17672120938045455,False,
2025-11-30 14:40:00,9341686,8827672,6,4,18.169359088400174,0,0.2491,0.2354,5.5e-05,1,0.13073339947541907,False,
2025-11-30 14:45:00,9236411,5319659,4,3,14.556071138515634,0,0.2463,0.1419,4.8e-05,1,0.252979358378668,False,
2025-11-30 14:50:00,8641367,6682338,5,2,15.323705459684064,0,0.2304,0.1782,4.6e-05,1,0.2490110900769411,False,
2025-11-30 14:55:00,9314331,6305531,2,2,15.619862474868167,0,0.2484,0.1681,2.6e-05,1,0.272297527478588,False,
2025-11-30 15:00:00,7535157,6938939,5,2,14.474097439321191,0,0.2009,0.185,4.8e-05,1,0.23586403196533023,False,
2025-11-30 15:05:00,7902765,4920323,1,1,12.82308943909343,0,0.2107,0.1312,1.6e-05,1,0.21687633989692057,False,
2025-11-30 15:10:00,9550444,6163495,1,1,15.713940829366,0,0.2547,0.1644,1.3e-05,1,0.23479251517392702,False,
2025-11-30 15:15:00,6116364,4931487,5,4,11.0478516372203,0,0.1631,0.1315,8.1e-05,1,0.0751819112027523,False,
2025-11-30 15:20:00,10434668,7538809,2,2,17.9734781649944,0,0.2783,0.201,2.2e-05,1,0.22525646506019192,False,
2025-11-30 15:25:00,8497202,7450148,2,1,15.947350617156712,0,0.2266,0.1987,1.9e-05,1,0.24313773547868345,False,
2025-11-30 15:30:00,9226221,7070829,2,1,16.29705191990709,0,0.246,0.1886,1.8e-05,1,0.2571924719044482,False,
2025-11-30 15:35:00,7688153,5949332,2,3,13.63748653289032,0,0.205,0.1586,3.7e-05,1,0.2568564678871499,False,
2025-11-30 15:40:00,6856225,4811036,3,1,11.667261610162903,0,0.1828,0.1283,3.4e-05,1,0.2124625357301831,False,
2025-11-30 15:45:00,8096656,6569087,2,0,14.665743927609263,0,0.2159,0.1752,1.4e-05,1,0.23694047773894938,False,
2025-11-30 15:50:00,7730177,7922736,4,2,15.652914167385635,0,0.2061,0.2113,3.8e-05,1,0.22574277526240938,False,
2025-11-30 15:55:00,8968245,7652404,4,5,16.620650292559546,0,0.2392,0.2041,5.4e-05,1,0.20679094736342557,False,
2025-11-30 16:00:00,8720544,5820075,1,1,14.540620211352689,0,0.2325,0.1552,1.4e-05,1,0.23731985822209983,False,
2025-11-30 16:05:00,13081448,8176488,1,2,21.257936697210475,0,0.3488,0.218,1.4e-05,1,0.04364338170677373,False,
2025-11-30 16:10:00,3770953,5613529,3,4,9.384483129604524,0,0.1006,0.1497,7.5e-05,1,0.0066055767287319656,False,
2025-11-30 16:15:00,11157289,7714044,2,1,18.87133351486013,0,0.2975,0.2057,1.6e-05,1,0.16549023222009157,False,
2025-11-30 16:20:00,7194420,5092578,1,1,12.286998780127352,0,0.1919,0.1358,1.6e-05,1,0.20386366309833687,False,
2025-11-30 16:25:00,11719234,6114677,3,1,17.833911682507654,0,0.3125,0.1631,2.2e-05,1,0.20772226613978595,False,
2025-11-30 16:30:00,9955724,7191000,2,0,17.146724951954724,0,0.2655,0.1918,1.2e-05,1,0.2240680744523026,False,
2025-11-30 16:35:00,7057452,4784201,2,3,11.841653818771524,0,0.1882,0.1276,4.2e-05,1,0.21656297105061428,False,
2025-11-30 16:40:00,8725311,5988169,5,1,14.71348129857292,0,0.2327,0.1597,4.1e-05,1,0.2632457987708138,False,
2025-11-30 16:45:00,9105015,5126624,3,2,14.231640096430636,0,0.2428,0.1367,3.5e-05,1,0.26105109692246103,False,
2025-11-30 16:50:00,7159885,4984966,1,0,12.144852639704586,0,0.1909,0.1329,8e-06,1,0.15687622358165276,False,
2025-11-30 16:55:00,9751661,6128436,2,2,15.880098951960326,0,0.26,0.1634,2.5e-05,1,0.2641207938596131,False,
2025-11-30 17:00:00,9709352,4442761,3,2,14.152114461685455,0,0.2589,0.1185,3.5e-05,1,0.23086550788768184,False,
2025-11-30 17:05:00,10346309,7578312,1,1,17.924622721417805,0,0.2759,0.2021,1.1e-05,1,0.1866943953740972,False,
2025-11-30 17:10:00,8090738,5624542,3,3,13.71528066280619,0,0.2158,0.15,4.4e-05,1,0.26014833487625916,False,
2025-11-30 17:15:00,6496587,6730395,2,0,13.226983859928412,0,0.1732,0.1795,1.5e-05,1,0.192922956372236,False,
2025-11-30 17:20:00,7180202,5880788,2,4,13.060991183660372,0,0.1915,0.1568,4.6e-05,1,0.23851305262772382,False,
2025-11-30 17:25:00,8847620,4501019,8,3,13.348639563791387,0,0.2359,0.12,8.2e-05,1,0.1125173299028086,False,
2025-11-30 17:30:00,7999105,4900061,3,1,12.899167331649398,0,0.2133,0.1307,3.1e-05,1,0.24801051486258546,False,
2025-11-30 17:35:00,8203263,4991675,6,1,13.19493879811543,0,0.2188,0.1331,5.3e-05,1,0.23801801309547166,False,
2025-11-30 17:40:00,11548996,8166103,3,0,19.715099998315715,0,0.308,0.2178,1.5e-05,1,0.1124204052169202,False,
2025-11-30 17:45:00,9607404,6404599,3,2,16.012004529899425,0,0.2562,0.1708,3.1e-05,1,0.2666347476428403,False,
2025-11-30 17:50:00,11164956,7789690,5,0,18.95464663285552,0,0.2977,0.2077,2.6e-05,1,0.1845102653919879,False,
2025-11-30 17:55:00,6371747,4352011,1,1,10.723758451025304,0,0.1699,0.1161,1.9e-05,1,0.11602590879830588,False,
2025-11-30 18:00:00,7948173,8172744,1,1,16.120918131369304,0,0.212,0.2179,1.2e-05,1,0.18408977241072932,False,
2025-11-30 18:05:00,8446901,7777216,5,3,16.224118544203037,0,0.2253,0.2074,4.9e-05,1,0.22119664718668375,False,
2025-11-30 18:10:00,10589277,6601875,6,5,17.191153567817523,0,0.2824,0.1761,6.4e-05,1,0.1710851711545624,False,
2025-11-30 18:15:00,8878123,6326847,3,3,15.20497136930102,0,0.2367,0.1687,3.9e-05,1,0.265798066678809,False,
2025-11-30 18:20:00,8851245,6137176,2,4,14.988422064500098,0,0.236,0.1637,4e-05,1,0.2729563049591096,False,
2025-11-30 18:25:00,7760256,7113494,6,0,14.873751879192609,0,0.2069,0.1897,4e-05,1,0.25633799214216796,False,
2025-11-30 18:30:00,6763286,6619484,3,0,13.382770817416167,0,0.1804,0.1765,2.2e-05,1,0.22423150502527522,False,
2025-11-30 18:35:00,8955525,5539620,12,2,14.495145737737904,0,0.2388,0.1477,9.7e-05,1,0.10500753096134396,False,
2025-11-30 18:40:00,12463026,6012070,3,1,18.475096882259688,0,0.3323,0.1603,2.2e-05,1,0.16410637884754714,False,
2025-11-30 18:45:00,5903135,5330094,4,2,11.233230135150931,0,0.1574,0.1421,5.3e-05,1,0.16735145042651933,False,
2025-11-30 18:50:00,11262391,8126646,4,0,19.389038850551763,0,0.3003,0.2167,2.1e-05,1,0.1412516351024682,False,
2025-11-30 18:55:00,11804458,4738272,2,1,16.54273108234266,0,0.3148,0.1264,1.8e-05,1,0.18739763640274593,False,
2025-11-30 19:00:00,10549116,8784313,2,1,19.333429999965965,0,0.2813,0.2342,1.6e-05,1,0.1280921800467989,False,
2025-11-30 19:05:00,7037863,3823723,3,0,10.861587409438272,0,0.1877,0.102,2.8e-05,1,0.14970578643190885,False,
2025-11-30 19:10:00,10242637,6403959,2,3,16.646597932670186,0,0.2731,0.1708,3e-05,1,0.2598071618080302,False,
2025-11-30 19:15:00,9003715,6018435,3,4,15.022151607505757,0,0.2401,0.1605,4.7e-05,1,0.25965578902391373,False,
2025-11-30 19:20:00,7035215,6346850,3,5,13.382066324625534,0,0.1876,0.1692,6e-05,1,0.19930036569276388,False,
2025-11-30 19:25:00,7425672,4418444,2,4,11.844117283302175,0,0.198,0.1178,5.1e-05,1,0.20127386461087632,False,
2025-11-30 19:30:00,5862222,5131943,3,2,10.994165613271509,0,0.1563,0.1369,4.5e-05,1,0.16129339381520208,False,
2025-11-30 19:35:00,6226374,7821255,1,1,14.04763062955019,0,0.166,0.2086,1.4e-05,1,0.17044341932045542,False,
2025-11-30 19:40:00,8705394,5718407,2,0,14.42380217311731,0,0.2321,0.1525,1.4e-05,1,0.23239907119961695,False,
2025-11-30 19:45:00,9275571,6282336,3,3,15.557908049772252,0,0.2473,0.1675,3.9e-05,1,0.2639218982037976,False,
2025-11-30 19:50:00,7888825,5332765,4,1,13.221590748053282,0,0.2104,0.1422,3.8e-05,1,0.24396727460937973,False,
2025-11-30 19:55:00,7416275,6610895,4,0,14.027170888061256,0,0.1978,0.1763,2.9e-05,1,0.2547713334946204,False,
2025-11-30 20:00:00,8400013,6806683,1,4,15.206696552873774,0,0.224,0.1815,3.3e-05,1,0.263313425190307,False,
2025-11-30 20:05:00,8115461,6662100,4,1,14.777562749513423,0,0.2164,0.1777,3.4e-05,1,0.2703570090533369,False,
2025-11-30 20:10:00,9837546,5479789,3,0,15.317335538347262,0,0.2623,0.1461,2e-05,1,0.2563363821626971,False,
2025-11-30 20:15:00,11427130,4617953,4,4,16.045083599670722,0,0.3047,0.1231,5e-05,1,0.1853861716422196,False,
2025-11-30 20:20:00,7412048,5023124,2,2,12.435173173741038,0,0.1977,0.1339,3.2e-05,1,0.23625082155483312,False,
2025-11-30 20:25:00,10188789,6931880,6,2,17.12066944241718,0,0.2717,0.1849,4.7e-05,1,0.22069887079322498,False,
2025-11-30 20:30:00,7773443,5444376,4,4,13.217820149117236,0,0.2073,0.1452,6.1e-05,1,0.21744589946335235,False,
2025-11-30 20:35:00,9366894,4845997,3,2,14.212892186086762,0,0.2498,0.1292,3.5e-05,1,0.2562572089089644,False,
2025-11-30 20:40:00,8336497,2928767,2,4,11.265264379719351,0,0.2223,0.0781,5.3e-05,1,0.13624903348462492,False,
2025-11-30 20:45:00,37513842,26998920,21,3,17.000502601488776,1,1.0004,0.72,3.7e-05,-1,-0.031283140445439006,False,
2025-11-30 20:50:00,34514695,27266220,14,2,14.268656248149869,1,0.9204,0.7271,2.6e-05,-1,-0.009216752630884728,False,
2025-11-30 20:55:00,35465846,25381123,7,2,13.33470985914692,1,0.9458,0.6768,1.5e-05,-1,-0.024860319393268937,False,
2025-11-30 21:00:00,39088790,25877867,12,2,17.45439717063523,1,1.0424,0.6901,2.2e-05,-1,-0.021699965733910753,False,
2025-11-30 21:05:00,36709779,26043321,13,1,15.240840583282043,1,0.9789,0.6945,2.2e-05,-1,-0.006181214289894266,False,
2025-11-30 21:10:00,38822022,24067655,10,1,15.377417362070975,1,1.0353,0.6418,1.7e-05,-1,-0.023240185077500697,False,
2025-11-30 21:15:00,35109037,22673020,10,1,10.269797896799815,1,0.9362,0.6046,1.9e-05,-1,-0.062048746894025064,False,
2025-11-30 21:20:00,39055354,22618050,18,2,14.161145451177848,1,1.0415,0.6031,3.2e-05,-1,-0.020931829023284942,False,
2025-11-30 21:25:00,37952753,23189900,8,1,13.630394375635536,1,1.0121,0.6184,1.5e-05,-1,-0.027937610210675312,False,
2025-11-30 21:30:00,36211190,25105461,18,1,13.804391187005011,1,0.9656,0.6695,3.1e-05,-1,-0.020957354320582655,False,
2025-11-30 21:35:00,35242458,27173484,18,3,14.903682903006152,1,0.9398,0.7246,3.4e-05,-1,-0.021729302640772996,False,
2025-11-30 21:40:00,39315494,24843766,15,2,16.647000284201134,1,1.0484,0.6625,2.6e-05,-1,-0.019123881655172648,False,
2025-11-30 21:45:00,36402989,26244741,9,0,15.135470389139034,1,0.9707,0.6999,1.4e-05,-1,-0.022046730970251116,False,
2025-11-30 21:50:00,36153831,25193317,18,3,13.834888722364727,1,0.9641,0.6718,3.4e-05,-1,-0.026336698561340577,False,
2025-11-30 21:55:00,38796323,25285937,16,2,16.570001224194613,1,1.0346,0.6743,2.8e-05,-1,-0.022636727233710796,False,
2025-11-30 22:00:00,39734676,25171261,7,4,17.393677729373664,1,1.0596,0.6712,1.7e-05,-1,-0.024528405151121757,False,
2025-11-30 22:05:00,37852641,24119576,12,0,14.459958346851016,1,1.0094,0.6432,1.9e-05,-1,-0.02299548403660867,False,
2025-11-30 22:10:00,36728330,26307974,4,2,15.524044417499605,1,0.9794,0.7015,1e-05,-1,-0.021059893751529946,False,
2025-11-30 22:15:00,35814397,27175862,8,3,15.478000118011911,1,0.9551,0.7247,1.7e-05,-1,-0.018641504671512932,False,
2025-11-30 22:20:00,35897494,26252394,13,3,14.637628688706537,1,0.9573,0.7001,2.6e-05,-1,-0.01144406786804808,False,
2025-11-30 22:25:00,36459739,28723549,6,0,17.671029533379645,1,0.9723,0.766,9e-06,-1,-0.039095717838329214,False,
2025-11-30 22:30:00,37571856,25492268,17,1,15.551864660434948,1,1.0019,0.6798,2.9e-05,-1,-0.019307252759338644,False,
2025-11-30 22:35:00,37765352,26687704,13,2,16.94079735130928,1,1.0071,0.7117,2.3e-05,-1,-0.020135920193812273,False,
2025-11-30 22:40:00,35744263,25628573,16,1,13.86057734672828,1,0.9532,0.6834,2.8e-05,-1,-0.02074799668126448,False,
2025-11-30 22:45:00,35025168,23845940,10,2,11.358849224175778,1,0.934,0.6359,2e-05,-1,-0.04219791528489014,False,
2025-11-30 22:50:00,37701591,26326783,8,0,16.516114093061553,1,1.0054,0.702,1.2e-05,-1,-0.022736852482180492,False,
2025-11-30 22:55:00,33582740,25635961,17,4,11.70644210369326,1,0.8955,0.6836,3.5e-05,-1,-0.04592181549776375,False,
2025-11-30 23:00:00,35822703,26773705,9,0,15.084148836608,1,0.9553,0.714,1.4e-05,-1,-0.019794170623757212,False,
2025-11-30 23:05:00,39267104,26658354,14,2,18.413199733627803,1,1.0471,0.7109,2.4e-05,-1,-0.04810704345492167,False,
2025-11-30 23:10:00,34041263,26125802,19,6,12.654805361396845,1,0.9078,0.6967,4.2e-05,-1,-0.042305153932952866,False,
2025-11-30 23:15:00,35816220,26854666,14,1,15.158627478149024,1,0.9551,0.7161,2.4e-05,-1,-0.012171058502513321,False,
2025-11-30 23:20:00,39247871,26799365,15,0,18.53497644478004,1,1.0466,0.7146,2.3e-05,-1,-0.04296821757046165,False,
2025-11-30 23:25:00,36073335,26743105,16,3,15.304180351248077,1,0.962,0.7131,3e-05,-1,-0.015116038573180668,False,
2025-11-30 23:30:00,38627574,24259325,14,1,15.37463968008402,1,1.0301,0.6469,2.4e-05,-1,-0.018444606379261264,False,
2025-11-30 23:35:00,11660371,6221161,3,1,17.88153327851855,0,0.3109,0.1659,2.2e-05,1,0.20673780074097065,False,
2025-11-30 23:40:00,8948056,5231888,5,2,14.179944794263518,0,0.2386,0.1395,4.9e-05,1,0.24879185199268178,False,
2025-11-30 23:45:00,8351358,7190536,2,3,15.54189504981599,0,0.2227,0.1917,3.2e-05,1,0.26537696526143706,False,
2025-11-30 23:50:00,9048327,6368713,1,4,15.417040869347195,0,0.2413,0.1698,3.2e-05,1,0.27286622672417427,False,
2025-11-30 23:55:00,8388055,10002121,2,1,18.390176877913092,0,0.2237,0.2667,1.6e-05,1,0.10177220813390153,False,
2025-12-01 00:00:00,9002185,6490970,5,1,15.493155973163304,0,0.2401,0.1731,3.9e-05,1,0.26528449501340423,False,
2025-12-01 00:05:00,8842319,6506467,5,2,15.34878769522266,0,0.2358,0.1735,4.6e-05,1,0.2543723447146088,False,
2025-12-01 00:10:00,10691531,6913704,3,1,17.60523632794168,0,0.2851,0.1844,2.3e-05,1,0.23590979036886583,False,
2025-12-01 00:15:00,10321277,6263018,2,3,16.58429639527218,0,0.2752,0.167,3e-05,1,0.25956986988167574,False,
2025-12-01 00:20:00,8526050,3491889,5,1,12.017939562698576,0,0.2274,0.0931,5e-05,1,0.18369102867756953,False,
2025-12-01 00:25:00,11209442,5314814,3,2,16.524257174746523,0,0.2989,0.1417,3e-05,1,0.23867535783623428,False,
2025-12-01 00:30:00,10114024,7896544,2,1,18.010568695019096,0,0.2697,0.2106,1.7e-05,1,0.20237595771749733,False,
2025-12-01 00:35:00,7415475,6731821,3,2,14.147296277041812,0,0.1977,0.1795,3.5e-05,1,0.25466228025461124,False,
2025-12-01 00:40:00,10182994,3857203,6,4,14.040197567690411,0,0.2715,0.1029,7.1e-05,1,0.13086137176918344,False,
2025-12-01 00:45:00,10547657,7964352,1,5,18.51201078066867,0,0.2813,0.2124,3.2e-05,1,0.19884982928087896,False,
2025-12-01 00:50:00,10881376,7048259,1,4,17.929635839149185,0,0.2902,0.188,2.8e-05,1,0.23543208014856154,False,
2025-12-01 00:55:00,7874010,6930890,2,2,14.804901048277666,0,0.21,0.1848,2.7e-05,1,0.26305104383816524,False,
2025-12-01 01:00:00,9734599,5835103,5,0,15.569702396656393,0,0.2596,0.1556,3.2e-05,1,0.26778472057288716,False,
2025-12-01 01:05:00,12643172,8879086,3,2,21.52225845316203,0,0.3372,0.2368,2.3e-05,1,0.056246209918092815,False,
2025-12-01 01:10:00,10189344,5677996,1,1,15.86734118900122,0,0.2717,0.1514,1.3e-05,1,0.22479141035114902,False,
2025-12-01 01:15:00,9913701,5928550,4,2,15.842252545872048,0,0.2644,0.1581,3.8e-05,1,0.25661835247464454,False,
2025-12-01 01:20:00,6866605,7505487,4,1,14.372093130616443,0,0.1831,0.2001,3.5e-05,1,0.2335925145949359,False,
2025-12-01 01:25:00,10989591,8975490,4,6,19.96508157480658,0,0.2931,0.2393,5e-05,1,0.0870822353333347,False,
2025-12-01 01:30:00,7949771,5584564,3,2,13.534335932192349,0,0.212,0.1489,3.7e-05,1,0.25623001274172374,False,
2025-12-01 01:35:00,9122386,7367469,2,2,16.489856206016782,0,0.2433,0.1965,2.4e-05,1,0.2572516193726516,False,
2025-12-01 01:40:00,9397591,5458340,4,3,14.855932223833202,0,0.2506,0.1456,4.7e-05,1,0.25451287256397753,False,
2025-12-01 01:45:00,7603388,5738424,3,3,13.341813102189803,0,0.2028,0.153,4.5e-05,1,0.24786725180745606,False,
2025-12-01 01:50:00,8798453,4206088,4,1,13.0045418723982,0,0.2346,0.1122,3.8e-05,1,0.2325446996675017,False,
2025-12-01 01:55:00,6178560,6192643,6,2,12.371203980308016,0,0.1648,0.1651,6.5e-05,1,0.17619529001516465,False,
2025-12-01 02:00:00,9254539,6018163,3,1,15.272703090588177,0,0.2468,0.1605,2.6e-05,1,0.2710422941592388,False,
2025-12-01 02:05:00,9763646,6102191,5,1,15.865838409235408,0,0.2604,0.1627,3.8e-05,1,0.26051949933458796,False,
2025-12-01 02:10:00,9100128,3514821,4,6,12.614949561511482,0,0.2427,0.0937,7.9e-05,1,0.0871652448309429,False,
2025-12-01 02:15:00,5792869,3440413,5,1,9.233282623367074,0,0.1545,0.0917,6.5e-05,1,0.021063133393575573,False,
2025-12-01 02:20:00,6550612,7488791,0,0,14.039404338879006,0,0.1747,0.1997,0.0,1,0.12275052441189427,False,
2025-12-01 02:25:00,7594800,4932723,2,2,12.527523846750352,0,0.2025,0.1315,3.2e-05,1,0.23800256480361592,False,
2025-12-01 02:30:00,10462969,4329739,2,2,14.792708307628462,0,0.279,0.1155,2.7e-05,1,0.23470334391190084,False,
2025-12-01 02:35:00,11216325,5980399,1,0,17.19672421103997,0,0.2991,0.1595,6e-06,1,0.17393325650274155,False,
2025-12-01 02:40:00,8415093,4792117,2,2,13.2072111070661,0,0.2244,0.1278,3e-05,1,0.24844703532527362,False,
2025-12-01 02:45:00,11729426,4880657,1,3,16.61008479958056,0,0.3128,0.1302,2.4e-05,1,0.21544991066005292,False,
2025-12-01 02:50:00,8728248,4331539,2,1,13.059787775847584,0,0.2328,0.1155,2.3e-05,1,0.2215379313420257,False,
2025-12-01 02:55:00,9344611,5404688,6,4,14.749299013514278,0,0.2492,0.1441,6.8e-05,1,0.2017414121418762,False,
2025-12-01 03:00:00,9535711,7689183,4,3,17.224895398233777,0,0.2543,0.205,4.1e-05,1,0.22778176924046867,False,
2025-12-01 03:05:00,8635082,6044706,4,1,14.679789008044413,0,0.2303,0.1612,3.4e-05,1,0.2684358468664062,False,
2025-12-01 03:10:00,9442597,6603540,5,1,16.046138897904182,0,0.2518,0.1761,3.7e-05,1,0.26497577890619095,False,
2025-12-01 03:15:00,8591022,3697395,2,2,12.288417924175828,0,0.2291,0.0986,3.3e-05,1,0.20274080206508815,False,
2025-12-01 03:20:00,11410463,2343560,3,2,13.754023853765984,0,0.3043,0.0625,3.6e-05,1,0.15383153639571429,False,
2025-12-01 03:25:00,8221230,4323453,1,2,12.5446836867074,0,0.2192,0.1153,2.4e-05,1,0.21589017150380452,False,
2025-12-01 03:30:00,10400709,5065559,2,1,15.46626882764666,0,0.2774,0.1351,1.9e-05,1,0.2330430898725137,False,
2025-12-01 03:35:00,9280354,8308777,5,0,17.589131776791824,0,0.2475,0.2216,2.8e-05,1,0.19314828703365666,False,
2025-12-01 03:40:00,6332845,5480207,2,1,11.813052196442042,0,0.1689,0.1461,2.5e-05,1,0.20170577225861536,False,
2025-12-01 03:45:00,6740887,6151499,5,4,12.89238729489299,0,0.1798,0.164,7e-05,1,0.16442170130576383,False,
2025-12-01 03:50:00,10762496,5803501,3,1,16.56599865205938,0,0.287,0.1548,2.4e-05,1,0.2543759444698566,False,
2025-12-01 03:55:00,8576838,6900876,2,2,15.47771577103961,0,0.2287,0.184,2.6e-05,1,0.26882358634426157,False,
2025-12-01 04:00:00,11846066,5848163,3,2,17.6942304838295,0,0.3159,0.156,2.8e-05,1,0.20942071175406263,False,
2025-12-01 04:05:00,12002577,6872735,4,3,18.87531268957425,0,0.3201,0.1833,3.7e-05,1,0.17682905731718102,False,
2025-12-01 04:10:00,6073451,4278731,7,0,10.352182657900268,0,0.162,0.1141,6.8e-05,1,0.08392748613420464,False,
2025-12-01 04:15:00,11781925,6007928,3,4,17.789854222522347,0,0.3142,0.1602,3.9e-05,1,0.19592751158975585,False,
2025-12-01 04:20:00,9549694,7944261,1,2,17.49395573416518,0,0.2547,0.2118,1.7e-05,1,0.20349915455279466,False,
2025-12-01 04:25:00,8031539,6821271,3,3,14.852811481242949,0,0.2142,0.1819,4e-05,1,0.2617028984457774,False,
2025-12-01 04:30:00,8316865,4651794,4,2,12.968659740784783,0,0.2218,0.124,4.6e-05,1,0.23438644694924432,False,
2025-12-01 04:35:00,10373638,5464665,1,0,15.838303446954342,0,0.2766,0.1457,6e-06,1,0.18950837556117528,False,
2025-12-01 04:40:00,6023001,6306582,6,2,12.329583894525204,0,0.1606,0.1682,6.5e-05,1,0.16968084512983866,False,
2025-12-01 04:45:00,7719195,5859430,0,0,13.578626037469318,0,0.2058,0.1563,0.0,1,0.1481641984481179,False,
2025-12-01 04:50:00,5814925,7209202,3,0,13.02412727521944,0,0.1551,0.1922,2.3e-05,1,0.18577593630055067,False,
2025-12-01 04:55:00,7580923,6297953,2,3,13.878876624184947,0,0.2022,0.1679,3.6e-05,1,0.25653435160918636,False,
2025-12-01 05:00:00,8860667,4564992,0,1,13.425660588813695,0,0.2363,0.1217,7e-06,1,0.16888883062645854,False,
2025-12-01 05:05:00,11557768,6657639,3,6,18.21540779530127,0,0.3082,0.1775,4.9e-05,1,0.17230784606767746,False,
2025-12-01 05:10:00,6786861,6231809,1,0,13.018671125103667,0,0.181,0.1662,8e-06,1,0.16929163455345753,False,
2025-12-01 05:15:00,9071346,5414127,4,2,14.485473812351044,0,0.2419,0.1444,4.1e-05,1,0.25971748336129924,False,
2025-12-01 05:20:00,7948663,7146554,3,2,15.09521844326305,0,0.212,0.1906,3.3e-05,1,0.25898199061902055,False,
2025-12-01 05:25:00,9863129,8039480,4,5,17.902610329657396,0,0.263,0.2144,5e-05,1,0.17991891837537333,False,
2025-12-01 05:30:00,8603704,4525843,3,3,13.129548233978944,0,0.2294,0.1207,4.6e-05,1,0.23040822090136187,False,
2025-12-01 05:35:00,9516246,8018619,3,3,17.53486661533786,0,0.2538,0.2138,3.4e-05,1,0.20580288813934344,False,
2025-12-01 05:40:00,8859941,4986046,4,4,13.845987797629451,0,0.2363,0.133,5.8e-05,1,0.22780848504392265,False,
2025-12-01 05:45:00,10836706,4845870,2,2,15.6825778595694,0,0.289,0.1292,2.6e-05,1,0.24262802939576428,False,
2025-12-01 05:50:00,10644331,5523111,2,1,16.16744334159211,0,0.2838,0.1473,1.9e-05,1,0.25037202713398093,False,
2025-12-01 05:55:00,11760915,6138523,1,2,17.899438762953025,0,0.3136,0.1637,1.7e-05,1,0.18636005068854,False,
2025-12-01 06:00:00,8200549,6567704,1,2,14.768253615174212,0,0.2187,0.1751,2e-05,1,0.2586822564800459,False,
2025-12-01 06:05:00,11149879,5300329,2,1,16.450208245497386,0,0.2973,0.1413,1.8e-05,1,0.22200862491900275,False,
2025-12-01 06:10:00,8834050,4057104,3,0,12.891154256990204,0,0.2356,0.1082,2.3e-05,1,0.22111862125551252,False,
2025-12-01 06:15:00,8519333,4348054,2,1,12.867388154253035,0,0.2272,0.1159,2.3e-05,1,0.2252214727916575,False,
2025-12-01 06:20:00,11569620,5279737,7,2,16.849357338949325,0,0.3085,0.1408,5.3e-05,1,0.17711441290636243,False,
2025-12-01 06:25:00,10447017,5382172,5,2,15.829189998205017,0,0.2786,0.1435,4.4e-05,1,0.2364127917032064,False,
2025-12-01 06:30:00,9781744,5099330,7,1,14.881074348164708,0,0.2608,0.136,5.4e-05,1,0.22228461558044033,False,
2025-12-01 06:35:00,10242884,5480447,4,0,15.723332634121942,0,0.2731,0.1461,2.5e-05,1,0.25899554058429053,False,
2025-12-01 06:40:00,9209563,6808005,4,3,16.01756896460994,0,0.2456,0.1815,4.4e-05,1,0.25230301188754534,False,
2025-12-01 06:45:00,7436645,7634009,3,2,15.070655277550552,0,0.1983,0.2036,3.3e-05,1,0.24719970595640828,False,
2025-12-01 06:50:00,7716285,5240357,2,2,12.956643084476822,0,0.2058,0.1397,3.1e-05,1,0.2491490886331641,False,
2025-12-01 06:55:00,11046695,7439003,3,2,18.485698627574116,0,0.2946,0.1984,2.7e-05,1,0.21069293323334437,False,
2025-12-01 07:00:00,8759240,5678561,4,2,14.4378013918055,0,0.2336,0.1514,4.2e-05,1,0.2601023088773003,False,
2025-12-01 07:05:00,8197636,8100893,2,0,16.298530384067487,0,0.2186,0.216,1.2e-05,1,0.19674522263359623,False,
2025-12-01 07:10:00,8973742,4544868,5,0,13.51861062809023,0,0.2393,0.1212,3.7e-05,1,0.23712814909235536,False,
2025-12-01 07:15:00,10587158,4232817,4,1,14.819975232171435,0,0.2823,0.1129,3.4e-05,1,0.22880454079480733,False,
2025-12-01 07:20:00,10778875,8325928,3,1,19.10480426975471,0,0.2874,0.222,2.1e-05,1,0.1625024151805976,False,
2025-12-01 07:25:00,9012250,4718984,5,1,13.731234538727444,0,0.2403,0.1258,4.4e-05,1,0.23997507084854308,False,
2025-12-01 07:30:00,9147863,7515857,2,1,16.663720827587895,0,0.2439,0.2004,1.8e-05,1,0.24292737540710863,False,
2025-12-01 07:35:00,6906745,7033094,3,3,13.93983993900415,0,0.1842,0.1875,4.3e-05,1,0.22441268054538355,False,
2025-12-01 07:40:00,8805640,7825811,5,3,16.631451797974044,0,0.2348,0.2087,4.8e-05,1,0.21449476531778794,False,
2025-12-01 07:45:00,10423014,3110461,3,1,13.53347646688696,0,0.2779,0.0829,3e-05,1,0.17773198914322036,False,
2025-12-01 07:50:00,8343024,5580006,1,3,13.923030988841392,0,0.2225,0.1488,2.9e-05,1,0.26540697198170293,False,
2025-12-01 07:55:00,7480183,4329226,2,0,11.809409769573769,0,0.1995,0.1154,1.7e-05,1,0.17112089638193806,False,
2025-12-01 08:00:00,9461392,3944342,3,3,13.405735556779868,0,0.2523,0.1052,4.5e-05,1,0.21814353647582313,False,
2025-12-01 08:05:00,6697282,4874230,3,2,11.571513498149,0,0.1786,0.13,4.3e-05,1,0.20242326117232123,False,
2025-12-01 08:10:00,9264530,5905360,4,0,15.1698912674244,0,0.2471,0.1575,2.6e-05,1,0.27128961376836574,False,
2025-12-01 08:15:00,8525387,5024205,1,1,13.54959365766846,0,0.2273,0.134,1.5e-05,1,0.21701068763593667,False,
2025-12-01 08:20:00,8788411,6668866,3,0,15.457278206778597,0,0.2344,0.1778,1.9e-05,1,0.26505400498396176,False,
2025-12-01 08:25:00,7913962,6640711,5,4,14.554673546844658,0,0.211,0.1771,6.2e-05,1,0.2167832650722506,False,
2025-12-01 08:30:00,10290450,5324082,2,2,15.614532748590912,0,0.2744,0.142,2.6e-05,1,0.25408130059559386,False,
2025-12-01 08:35:00,8426304,6659629,3,1,15.085934024292891,0,0.2247,0.1776,2.7e-05,1,0.26704089492638106,False,
2025-12-01 08:40:00,9373623,4350414,1,3,13.724037274935244,0,0.25,0.116,2.9e-05,1,0.23351287479602206,False,
2025-12-01 08:45:00,10396878,6214826,1,1,16.611705848637204,0,0.2773,0.1657,1.2e-05,1,0.21872699769434373,False,
2025-12-01 08:50:00,10670747,5972238,4,2,16.642986073891304,0,0.2846,0.1593,3.6e-05,1,0.25387703293096675,False,
2025-12-01 08:55:00,9524991,7029210,2,0,16.55420151013861,0,0.254,0.1874,1.2e-05,1,0.23609747497432276,False,
2025-12-01 09:00:00,10136772,7064748,2,0,17.20152162055102,0,0.2703,0.1884,1.2e-05,1,0.21976256975521302,False,
2025-12-01 09:05:00,11171083,6250573,3,2,17.42165688071453,0,0.2979,0.1667,2.9e-05,1,0.233958179107076,False,
2025-12-01 09:10:00,6443586,5353058,4,0,11.796644839810932,0,0.1718,0.1427,3.4e-05,1,0.2035548605064807,False,
2025-12-01 09:15:00,10458374,6923366,1,1,17.381741367796412,0,0.2789,0.1846,1.2e-05,1,0.21581960969808578,False,
2025-12-01 09:20:00,8085166,5757468,3,0,13.842634198414116,0,0.2156,0.1535,2.2e-05,1,0.2578198462855309,False,
2025-12-01 09:25:00,10162028,5951765,3,0,16.11379442348619,0,0.271,0.1587,1.9e-05,1,0.25256282533837854,False,
2025-12-01 09:30:00,6945871,6277173,5,5,13.223044720321278,0,0.1852,0.1674,7.6e-05,1,0.1357582557427368,False,
2025-12-01 09:35:00,6596435,6972735,1,3,13.569171348422929,0,0.1759,0.1859,2.9e-05,1,0.22471919451743433,False,
2025-12-01 09:40:00,7337798,5739752,3,1,13.077550527000364,0,0.1957,0.1531,3.1e-05,1,0.24960707280987482,False,
2025-12-01 09:45:00,9495497,5529789,5,2,15.025286473595823,0,0.2532,0.1475,4.7e-05,1,0.25623011021967834,False,
2025-12-01 09:50:00,10854060,6517735,1,2,17.37179514381133,0,0.2894,0.1738,1.7e-05,1,0.22981789703400907,False,
2025-12-01 09:55:00,7805941,5615307,2,1,13.421249242136588,0,0.2082,0.1497,2.2e-05,1,0.2504278709698617,False,
2025-12-01 10:00:00,9141936,6404568,0,1,15.546505461122283,0,0.2438,0.1708,6e-06,1,0.2230811895468216,False,
2025-12-01 10:05:00,12269672,7227475,3,2,19.49714851840026,0,0.3272,0.1927,2.6e-05,1,0.13443154371427812,False,
2025-12-01 10:10:00,7311826,7634098,1,1,14.94592458639746,0,0.195,0.2036,1.3e-05,1,0.20597652812893402,False,
2025-12-01 10:15:00,9569043,5453102,3,2,15.022146051127384,0,0.2552,0.1454,3.3e-05,1,0.2671135620877899,False,
2025-12-01 10:20:00,11735414,6928033,4,3,18.66344790369141,0,0.3129,0.1847,3.8e-05,1,0.18768000770954746,False,
2025-12-01 10:25:00,8582088,4166663,7,0,12.74875197814061,0,0.2289,0.1111,5.5e-05,1,0.2128572703156038,False,
2025-12-01 10:30:00,8131176,5656444,4,2,13.787620765765604,0,0.2168,0.1508,4.4e-05,1,0.2602311684458736,False,
2025-12-01 10:35:00,7934788,5631068,0,3,13.565856741619054,0,0.2116,0.1502,2.2e-05,1,0.2571025699871038,False,
2025-12-01 10:40:00,10839797,5613148,0,5,16.45294574904773,0,0.2891,0.1497,3e-05,1,0.2575204537997446,False,
2025-12-01 10:45:00,13148897,5570850,5,1,18.7197482231742,0,0.3506,0.1486,3.2e-05,1,0.1437781044860219,False,
2025-12-01 10:50:00,10511198,6695852,3,4,17.20705093670892,0,0.2803,0.1786,4.1e-05,1,0.23514551919746568,False,
2025-12-01 10:55:00,7963230,3584798,2,5,11.54802865661729,0,0.2124,0.0956,6.1e-05,1,0.14066381926615146,False,
2025-12-01 11:00:00,9668263,8043820,3,3,17.712083524142148,0,0.2578,0.2145,3.4e-05,1,0.20709485403670003,False,
2025-12-01 11:05:00,7003210,7042822,2,5,14.046032716282507,0,0.1868,0.1878,5e-05,1,0.21814216694669192,False,
2025-12-01 11:10:00,8180386,3611119,2,0,11.791506007692073,0,0.2181,0.0963,1.7e-05,1,0.15239751154499892,False,
2025-12-01 11:15:00,10029431,7448462,3,1,17.477893935738674,0,0.2675,0.1986,2.3e-05,1,0.2330473278367332,False,
2025-12-01 11:20:00,9753976,5291933,5,1,15.04590965019616,0,0.2601,0.1411,4e-05,1,0.26084967773508294,False,
2025-12-01 11:25:00,8486812,5372865,2,2,13.85967879015757,0,0.2263,0.1433,2.9e-05,1,0.2595979607669833,False,
2025-12-01 11:30:00,8963202,6917106,3,2,15.880309345380326,0,0.239,0.1845,3.1e-05,1,0.27021940429932073,False,
2025-12-01 11:35:00,10177840,6543369,5,4,16.721210043740307,0,0.2714,0.1745,5.4e-05,1,0.2125110338762085,False,
2025-12-01 11:40:00,9203669,8006030,5,1,17.209699595614442,0,0.2454,0.2135,3.5e-05,1,0.21163365653694494,False,
2025-12-01 11:45:00,6946949,6137936,1,5,13.08488543796305,0,0.1853,0.1637,4.6e-05,1,0.23210614343891373,False,
2025-12-01 11:50:00,9461154,7002512,4,3,16.46366707891712,0,0.2523,0.1867,4.3e-05,1,0.2489301797602042,False,
2025-12-01 11:55:00,7314236,6853236,2,2,14.167472739065545,0,0.195,0.1828,2.8e-05,1,0.2509620385390168,False,
2025-12-01 12:00:00,9757322,4979868,1,2,14.73719122322827,0,0.2602,0.1328,2e-05,1,0.24965523424032543,False,
2025-12-01 12:05:00,10696572,7426681,4,2,18.12325456662581,0,0.2852,0.198,3.3e-05,1,0.22704234591828037,False,
2025-12-01 12:10:00,9208068,6497207,5,2,15.705275726808088,0,0.2455,0.1733,4.5e-05,1,0.25469631650028485,False,
2025-12-01 12:15:00,10657634,5309438,2,1,15.967073677433788,0,0.2842,0.1416,1.9e-05,1,0.2391326909144627,False,
2025-12-01 12:20:00,12913709,4448833,3,1,17.3625428010704,0,0.3444,0.1186,2.3e-05,1,0.15296211510456825,False,
2025-12-01 12:25:00,9401965,6479647,2,2,15.881612648973178,0,0.2507,0.1728,2.5e-05,1,0.26900851630544004,False,
2025-12-01 12:30:00,11292754,7142943,5,0,18.43569723600384,0,0.3011,0.1905,2.7e-05,1,0.20599906630123987,False,
2025-12-01 12:35:00,9446517,6473054,0,3,15.919572507761162,0,0.2519,0.1726,1.9e-05,1,0.2616151868387254,False,
2025-12-01 12:40:00,8368718,6474715,8,0,14.843433773821603,0,0.2232,0.1727,5.4e-05,1,0.24098937609307697,False,
2025-12-01 12:45:00,9619215,5059081,5,2,14.678297057387836,0,0.2565,0.1349,4.8e-05,1,0.2437189473151607,False,
2025-12-01 12:50:00,7095635,5921200,1,2,13.016835439497244,0,0.1892,0.1579,2.3e-05,1,0.23317926664851651,False,
2025-12-01 12:55:00,9618224,6979024,5,3,16.59724954093989,0,0.2565,0.1861,4.8e-05,1,0.23791877683600887,False,
2025-12-01 13:00:00,8588471,5284599,4,2,13.873071094070768,0,0.229,0.1409,4.3e-05,1,0.2571747166631947,False,
2025-12-01 13:05:00,8092111,6684475,1,2,14.77658709779722,0,0.2158,0.1783,2e-05,1,0.26120044797676234,False,
2025-12-01 13:10:00,8926242,3978190,3,0,12.904433283682415,0,0.238,0.1061,2.3e-05,1,0.21592979946503987,False,
2025-12-01 13:15:00,11898128,6089013,1,1,17.987141776423364,0,0.3173,0.1624,1.1e-05,1,0.15776929160369774,False,
2025-12-01 13:20:00,9529758,5157623,6,1,14.68738214182785,0,0.2541,0.1375,4.8e-05,1,0.24647232798023455,False,
2025-12-01 13:25:00,7489001,3769158,5,2,11.25816002208961,0,0.1997,0.1005,6.2e-05,1,0.13980582145610232,False,
2025-12-01 13:30:00,9732904,6044096,3,0,15.7770004334492,0,0.2595,0.1612,1.9e-05,1,0.2574253297021229,False,
2025-12-01 13:35:00,6251374,3606732,1,3,9.85810716414674,0,0.1667,0.0962,4.1e-05,1,0.08542693977943816,False,
2025-12-01 13:40:00,9827994,6386030,3,2,16.21402402087157,0,0.2621,0.1703,3.1e-05,1,0.26648588663564665,False,
2025-12-01 13:45:00,8340206,3346607,2,1,11.686813983502123,0,0.2224,0.0892,2.6e-05,1,0.1664302982489732,False,
2025-12-01 13:50:00,9362841,6626898,3,4,15.989739712728008,0,0.2497,0.1767,4.4e-05,1,0.253350475361898,False,
2025-12-01 13:55:00,8469519,4849103,2,4,13.318623153181298,0,0.2259,0.1293,4.5e-05,1,0.24986011463038166,False,
2025-12-01 14:00:00,8967361,7359736,2,0,16.3270976939795,0,0.2391,0.1963,1.2e-05,1,0.2316278927801722,False,
2025-12-01 14:05:00,7979345,4947880,6,1,12.927226391856903,0,0.2128,0.1319,5.4e-05,1,0.23274020279979307,False,
2025-12-01 14:10:00,8856488,7051922,4,1,15.908411583277568,0,0.2362,0.1881,3.1e-05,1,0.2679374209334521,False,
2025-12-01 14:15:00,7337110,5209585,2,1,12.546695621248457,0,0.1957,0.1389,2.4e-05,1,0.22647448698923628,False,
2025-12-01 14:20:00,11357283,7080938,0,0,18.43822197722161,0,0.3029,0.1888,0.0,1,0.12027483348431534,False,
2025-12-01 14:25:00,9299210,6958604,4,8,16.25781486403485,0,0.248,0.1856,7.4e-05,1,0.14071840237368172,False,
2025-12-01 14:30:00,10012513,5180721,5,3,15.193235617772377,0,0.267,0.1382,5.3e-05,1,0.2297764070308948,False,
2025-12-01 14:35:00,10376928,7651317,2,1,18.02824582872521,0,0.2767,0.204,1.7e-05,1,0.20675911973846328,False,
2025-12-01 14:40:00,9723579,7001534,5,3,16.72511469099985,0,0.2593,0.1867,4.8e-05,1,0.2331074092692791,False,
2025-12-01 14:45:00,8508264,6652277,5,2,15.1605413582259,0,0.2269,0.1774,4.6e-05,1,0.2549187406464006,False,
2025-12-01 14:50:00,9049915,3897503,3,1,12.947419453722643,0,0.2413,0.1039,3.1e-05,1,0.22064625201742594,False,
2025-12-01 14:55:00,8842391,5450559,1,4,14.29295075863492,0,0.2358,0.1453,3.5e-05,1,0.2716309813449383,False,
2025-12-01 15:00:00,9899546,7459420,3,2,17.3589668778055,0,0.264,0.1989,2.9e-05,1,0.2445813531634471,False,
2025-12-01 15:05:00,8984884,5702645,2,4,14.687529677923015,0,0.2396,0.1521,4.1e-05,1,0.2658148926224803,False,
2025-12-01 15:10:00,11989758,7207112,4,0,19.196871552809704,0,0.3197,0.1922,2.1e-05,1,0.15678673789094605,False,
2025-12-01 15:15:00,9366592,7600560,2,0,16.967152830884398,0,0.2498,0.2027,1.2e-05,1,0.2159489238422509,False,
2025-12-01 15:20:00,10958738,5414453,3,3,16.37319139044978,0,0.2922,0.1444,3.7e-05,1,0.24555910816089932,False,
2025-12-01 15:25:00,9574219,7038098,5,0,16.61231828161043,0,0.2553,0.1877,3e-05,1,0.2641360901904947,False,
2025-12-01 15:30:00,9692581,4312393,2,2,14.00497484595834,0,0.2585,0.115,2.9e-05,1,0.22882267171819792,False,
2025-12-01 15:35:00,9387946,5645387,3,1,15.03333424983727,0,0.2503,0.1505,2.7e-05,1,0.27219133719324023,False,
2025-12-01 15:40:00,6634751,8152274,2,3,14.78702635196437,0,0.1769,0.2174,3.4e-05,1,0.1912907231816139,False,
2025-12-01 15:45:00,7153750,5391681,2,3,12.54543172853876,0,0.1908,0.1438,4e-05,1,0.2401456854349236,False,
2025-12-01 15:50:00,11490084,5969693,6,1,17.459778038818843,0,0.3064,0.1592,4e-05,1,0.2112725753931866,False,
2025-12-01 15:55:00,9519935,4902969,3,0,14.422905102622558,0,0.2539,0.1307,2.1e-05,1,0.24434040865669143,False,
2025-12-01 16:00:00,3803389,6067102,9,2,9.870492274152417,0,0.1014,0.1618,0.000111,-1,-0.023071567980349816,False,
2025-12-01 16:05:00,10035533,5893322,4,4,15.928856035867224,0,0.2676,0.1572,5e-05,1,0.22884736119279026,False,
2025-12-01 16:10:00,11237117,7033448,3,1,18.27056643994449,0,0.2997,0.1876,2.2e-05,1,0.20795123596883297,False,
2025-12-01 16:15:00,11438646,6051910,5,1,17.490557486735565,0,0.305,0.1614,3.4e-05,1,0.22590606812985248,False,
2025-12-01 16:20:00,8114814,3905578,4,1,12.020393287592318,0,0.2164,0.1041,4.2e-05,1,0.2108147117855828,False,
2025-12-01 16:25:00,8571732,6402367,5,2,14.974100051868875,0,0.2286,0.1707,4.7e-05,1,0.25334346893869414,False,
2025-12-01 16:30:00,8950191,2804208,1,3,11.754399905284888,0,0.2387,0.0748,3.4e-05,1,0.15122339592990636,False,
2025-12-01 16:35:00,10517829,6225664,3,2,16.74349428817883,0,0.2805,0.166,3e-05,1,0.2525749892047592,False,
2025-12-01 16:40:00,11309814,5991651,3,4,17.30146680893627,0,0.3016,0.1598,4e-05,1,0.21937155148061888,False,
2025-12-01 16:45:00,9062451,6411570,5,2,15.47402121444662,0,0.2417,0.171,4.5e-05,1,0.25480517284167176,False,
2025-12-01 16:50:00,6853474,5886088,2,1,12.73956384791651,0,0.1828,0.157,2.4e-05,1,0.23380617678047233,False,
2025-12-01 16:55:00,11287274,8167445,2,3,19.454720020438103,0,0.301,0.2178,2.6e-05,1,0.1438184922514153,False,
2025-12-01 17:00:00,8116207,6312922,5,0,14.429129761808618,0,0.2164,0.1683,3.5e-05,1,0.26726361915350033,False,
2025-12-01 17:05:00,7174350,6256080,2,1,13.430430379359374,0,0.1913,0.1668,2.2e-05,1,0.23627610020262246,False,
2025-12-01 17:10:00,9760490,7083397,4,3,16.84388746854427,0,0.2603,0.1889,4.2e-05,1,0.24419521159510654,False,
2025-12-01 17:15:00,9665996,6811702,2,0,16.477699176547297,0,0.2578,0.1816,1.2e-05,1,0.23795872217566888,False,
2025-12-01 17:20:00,7218694,5502642,3,2,12.72133696621218,0,0.1925,0.1467,3.9e-05,1,0.24553357629813288,False,
2025-12-01 17:25:00,12485266,7403054,3,1,19.888321103434155,0,0.3329,0.1974,2e-05,1,0.10646468569746359,False,
2025-12-01 17:30:00,12808232,2364160,1,2,15.172392445797128,0,0.3416,0.063,2e-05,1,0.1310357708068023,False,
2025-12-01 17:35:00,8622984,4354807,3,1,12.977792801332887,0,0.2299,0.1161,3.1e-05,1,0.23196569619471158,False,
2025-12-01 17:40:00,9507600,5211585,4,3,14.719185980518503,0,0.2535,0.139,4.8e-05,1,0.25046862642034196,False,
2025-12-01 17:45:00,10508450,6100858,4,1,16.609309746467577,0,0.2802,0.1627,3e-05,1,0.2592847540668776,False,
2025-12-01 17:50:00,12139801,6850464,3,7,18.990265629771415,0,0.3237,0.1827,5.3e-05,1,0.12791992503274585,False,
2025-12-01 17:55:00,8507359,6592400,2,0,15.099759708189838,0,0.2269,0.1758,1.3e-05,1,0.24210102895253027,False,
2025-12-01 18:00:00,6713693,4233489,2,3,10.947183813466877,0,0.179,0.1129,4.6e-05,1,0.1610090549261105,False,
2025-12-01 18:05:00,8064732,3276268,1,0,11.341001093993452,0,0.2151,0.0874,9e-06,1,0.1053443700621497,False,
2025-12-01 18:10:00,8233379,7771264,2,1,16.00464425889414,0,0.2196,0.2072,1.9e-05,1,0.24019457296221597,False,
2025-12-01 18:15:00,9410551,7447290,3,1,16.857841191174668,0,0.2509,0.1986,2.4e-05,1,0.2536279930125419,False,
2025-12-01 18:20:00,8378811,6883177,6,1,15.261988523778069,0,0.2234,0.1836,4.6e-05,1,0.2473957055709346,False,
2025-12-01 18:25:00,9907486,4554817,5,1,14.462304010674554,0,0.2642,0.1215,4.1e-05,1,0.24029930320038256,False,
2025-12-01 18:30:00,9614213,6510438,3,2,16.124651883521718,0,0.2564,0.1736,3.1e-05,1,0.26873881638198416,False,
2025-12-01 18:35:00,7395433,6635877,4,0,14.03131114428185,0,0.1972,0.177,2.9e-05,1,0.25305575054914614,False,
2025-12-01 18:40:00,7782965,4189823,5,2,11.97278893128062,0,0.2075,0.1117,5.8e-05,1,0.17635459312273838,False,
2025-12-01 18:45:00,8100321,5963409,2,2,14.06373153383048,0,0.216,0.159,2.8e-05,1,0.27302535019624785,False,
2025-12-01 18:50:00,8523790,5189197,2,3,13.712987371051316,0,0.2273,0.1384,3.6e-05,1,0.2613779083091636,False,
2025-12-01 18:55:00,7394573,8228283,4,1,15.62285699971984,0,0.1972,0.2194,3.2e-05,1,0.20160855229725072,False,
2025-12-01 19:00:00,8251091,4579062,3,1,12.830153857896445,0,0.22,0.1221,3.1e-05,1,0.2367337854535247,False,
2025-12-01 19:05:00,7632901,6444216,2,2,14.077117980492693,0,0.2035,0.1718,2.8e-05,1,0.2598995849143613,False,
2025-12-01 19:10:00,10051799,6985361,2,0,17.03716171938141,0,0.268,0.1863,1.2e-05,1,0.2174899726934298,False,
2025-12-01 19:15:00,9818428,6480785,4,6,16.29921392645748,0,0.2618,0.1728,6.1e-05,1,0.20051835467543766,False,
2025-12-01 19:20:00,11664627,5378145,1,1,17.0427733205945,0,0.3111,0.1434,1.2e-05,1,0.1749113739668136,False,
2025-12-01 19:25:00,8823304,3912034,3,2,12.735338578335051,0,0.2353,0.1043,3.9e-05,1,0.2237886061074177,False,
2025-12-01 19:30:00,10577676,9192143,3,0,19.769819755296165,0,0.2821,0.2451,1.5e-05,1,0.09556708505234857,False,
2025-12-01 19:35:00,8994058,6054331,3,3,15.048390505518922,0,0.2398,0.1614,4e-05,1,0.2738646656580953,False,
2025-12-01 19:40:00,9821626,5645176,3,1,15.466802379286806,0,0.2619,0.1505,2.6e-05,1,0.2653705155965123,False,
2025-12-01 19:45:00,9689949,7987355,4,2,17.677304435980822,0,0.2584,0.213,3.4e-05,1,0.20861503465599462,False,
2025-12-01 19:50:00,8313558,5057808,3,3,13.371367187972028,0,0.2217,0.1349,4.5e-05,1,0.25222317239195363,False,
2025-12-01 19:55:00,10830292,6260217,4,0,17.09051029325278,0,0.2888,0.1669,2.3e-05,1,0.2389442041283001,False,
2025-12-01 20:00:00,7698979,6005070,1,0,13.704050174359216,0,0.2053,0.1601,7e-06,1,0.19342114075862216,False,
2025-12-01 20:05:00,8371742,7089379,7,3,15.461122124030704,0,0.2232,0.1891,6.5e-05,1,0.20511829029874568,False,
2025-12-01 20:10:00,6228724,4641969,1,4,10.87069385977673,0,0.1661,0.1238,4.6e-05,1,0.15065049169055517,False,
2025-12-01 20:15:00,7611804,8001558,3,3,15.613362604959695,0,0.203,0.2134,3.8e-05,1,0.21824965648746464,False,
2025-12-01 20:20:00,12111918,4564580,1,2,16.676499206139212,0,0.323,0.1217,1.8e-05,1,0.17715522367278586,False,
2025-12-01 20:25:00,8588665,5809015,1,1,14.397680859567949,0,0.229,0.1549,1.4e-05,1,0.2340677789218733,False,
2025-12-01 20:30:00,11585479,4557141,4,2,16.142621118460916,0,0.3089,0.1215,3.7e-05,1,0.20447759473286498,False,
2025-12-01 20:35:00,7069606,6674084,4,2,13.743691035213024,0,0.1885,0.178,4.4e-05,1,0.22948293478956894,False,
2025-12-01 20:40:00,9258673,5754231,3,3,15.012904653728082,0,0.2469,0.1534,4e-05,1,0.2694167406421491,False,
2025-12-01 20:45:00,9976357,6276427,5,0,16.25278529419959,0,0.266,0.1674,3.1e-05,1,0.2630381752398351,False,
2025-12-01 20:50:00,7918476,6881253,1,3,14.799729773751274,0,0.2112,0.1835,2.7e-05,1,0.2658006418881321,False,
2025-12-01 20:55:00,7997941,7586645,5,1,15.584586548467296,0,0.2133,0.2023,3.8e-05,1,0.24546323273897036,False,
2025-12-01 21:00:00,10601742,6936669,0,1,17.53841135057473,0,0.2827,0.185,6e-06,1,0.1867206914065988,False,
2025-12-01 21:05:00,7192286,7569337,5,4,14.76162384074251,0,0.1918,0.2018,6.1e-05,1,0.18614057255685101,False,
2025-12-01 21:10:00,10100440,4571879,4,2,14.672319940067313,0,0.2693,0.1219,4.1e-05,1,0.24621555996850053,False,
2025-12-01 21:15:00,8888725,6799665,1,1,15.688390370031168,0,0.237,0.1813,1.3e-05,1,0.24920467609956082,False,
2025-12-01 21:20:00,9775363,7995579,1,0,17.770943016037165,0,0.2607,0.2132,6e-06,1,0.15685360386526165,False,
2025-12-01 21:25:00,12243028,4920122,5,1,17.16315109198671,0,0.3265,0.1312,3.5e-05,1,0.1898782929095732,False,
2025-12-01 21:30:00,7052300,4699332,1,3,11.75163265921352,0,0.1881,0.1253,3.4e-05,1,0.20555196725680286,False,
2025-12-01 21:35:00,9729182,5097923,6,0,14.827106184266633,0,0.2594,0.1359,4e-05,1,0.2549487589705196,False,
2025-12-01 21:40:00,9039442,6432716,4,3,15.472159277603048,0,0.2411,0.1715,4.5e-05,1,0.2561131432356856,False,
2025-12-01 21:45:00,10585139,6796149,4,1,17.381289154849565,0,0.2823,0.1812,2.9e-05,1,0.24711006226824983,False,
2025-12-01 21:50:00,9305068,5717198,4,2,15.022267744530836,0,0.2481,0.1525,4e-05,1,0.26952097621956417,False,
2025-12-01 21:55:00,8158971,6498098,5,3,14.657070765539745,0,0.2176,0.1733,5.5e-05,1,0.24216127738247323,False,
2025-12-01 22:00:00,8190743,5547625,5,1,13.73836829851669,0,0.2184,0.1479,4.4e-05,1,0.2585541474535023,False,
2025-12-01 22:05:00,10111558,7309328,3,2,17.42088676931234,0,0.2696,0.1949,2.9e-05,1,0.2418850097830929,False,
2025-12-01 22:10:00,10255051,6414659,5,1,16.669711179857906,0,0.2735,0.1711,3.6e-05,1,0.2585521374579877,False,
2025-12-01 22:15:00,9788109,6182466,1,4,15.970576435377618,0,0.261,0.1649,3.1e-05,1,0.26182834646579517,False,
2025-12-01 22:20:00,10080223,5556383,3,1,15.636607198154628,0,0.2688,0.1482,2.6e-05,1,0.26466814313972703,False,
2025-12-01 22:25:00,9923974,7040141,5,0,16.964115871621825,0,0.2646,0.1877,2.9e-05,1,0.2558484253215645,False,
2025-12-01 22:30:00,6627217,6963319,4,1,13.590536736650051,0,0.1767,0.1857,3.7e-05,1,0.22444850443829256,False,
2025-12-01 22:35:00,10249532,5671372,0,1,15.920904978420634,0,0.2733,0.1512,6e-06,1,0.19711425820295608,False,
2025-12-01 22:40:00,9149947,7507939,2,0,16.657887642256703,0,0.244,0.2002,1.2e-05,1,0.22227973236077575,False,
2025-12-01 22:45:00,7055766,7174909,2,3,14.230676206464102,0,0.1882,0.1913,3.5e-05,1,0.24574587264306463,False,
2025-12-01 22:50:00,14748936,7346059,3,2,22.09499600176801,0,0.3933,0.1959,2.3e-05,1,0.054424642779643984,False,
2025-12-01 22:55:00,9618290,6678026,4,3,16.296317352944175,0,0.2565,0.1781,4.3e-05,1,0.2516650341590386,False,
2025-12-01 23:00:00,7718138,5952753,2,1,13.670891370881186,0,0.2058,0.1587,2.2e-05,1,0.25504167666729394,False,
2025-12-01 23:05:00,10987301,3089583,1,3,14.07688528083964,0,0.293,0.0824,2.8e-05,1,0.1739483117900658,False,
2025-12-01 23:10:00,9420905,6716687,7,1,16.13759290460787,0,0.2512,0.1791,5e-05,1,0.24606707935330152,False,
2025-12-01 23:15:00,11270128,5362479,6,2,16.632607359019026,0,0.3005,0.143,4.8e-05,1,0.20911057940453098,False,
2025-12-01 23:20:00,8029285,7713585,3,2,15.742870151053587,0,0.2141,0.2057,3.2e-05,1,0.24714078567743658,False,
2025-12-01 23:25:00,8246311,6320592,4,2,14.566904778799165,0,0.2199,0.1685,4.1e-05,1,0.2619678100548054,False,
2025-12-01 23:30:00,8006925,8508888,3,1,16.515813536515562,0,0.2135,0.2269,2.4e-05,1,0.19419485466254188,False,
2025-12-01 23:35:00,11774597,6394293,2,4,18.168891361611102,0,0.314,0.1705,3.3e-05,1,0.19272018509732053,False,
2025-12-01 23:40:00,8930905,7312941,3,1,16.243847044663752,0,0.2382,0.195,2.5e-05,1,0.26092378893775325,False,
2025-12-01 23:45:00,8654900,6412693,4,1,15.067593319448664,0,0.2308,0.171,3.3e-05,1,0.26788919199924976,False,
2025-12-01 23:50:00,7374725,5097147,3,1,12.47187343778227,0,0.1967,0.1359,3.2e-05,1,0.2356407568585685,False,
2025-12-01 23:55:00,8262261,8089284,1,1,16.351546752697,0,0.2203,0.2157,1.2e-05,1,0.19602349648443612,False,
2025-12-02 00:00:00,8530398,4813557,3,3,13.34395632205466,0,0.2275,0.1284,4.5e-05,1,0.24963324724518088,False,
2025-12-02 00:05:00,8950814,6040398,2,4,14.991212242586654,0,0.2387,0.1611,4e-05,1,0.27302369099982005,False,
2025-12-02 00:10:00,8828020,5406685,1,3,14.23470660743435,0,0.2354,0.1442,2.8e-05,1,0.2670226247744015,False,
2025-12-02 00:15:00,9152680,6054856,1,4,15.20753652480526,0,0.2441,0.1615,3.3e-05,1,0.2737725652620866,False,
2025-12-02 00:20:00,9342947,7237011,2,1,16.579959431115057,0,0.2491,0.193,1.8e-05,1,0.2501395886082521,False,
2025-12-02 00:25:00,8558066,7807584,2,1,16.365650468095435,0,0.2282,0.2082,1.8e-05,1,0.23671359779354423,False,
2025-12-02 00:30:00,8876531,3843701,6,2,12.720233777407048,0,0.2367,0.1025,6.3e-05,1,0.17903490762343788,False,
2025-12-02 00:35:00,9378152,6265566,2,0,15.643719275172568,0,0.2501,0.1671,1.3e-05,1,0.24163314052541557,False,
2025-12-02 00:40:00,6032664,6346121,2,2,12.378786204373045,0,0.1609,0.1692,3.2e-05,1,0.2108237821843662,False,
2025-12-02 00:45:00,10523279,5113016,4,1,15.636296035084762,0,0.2806,0.1363,3.2e-05,1,0.25324005706155994,False,
2025-12-02 00:50:00,8051967,6209026,3,0,14.260994107826685,0,0.2147,0.1656,2.1e-05,1,0.2598882266184251,False,
2025-12-02 00:55:00,10097736,7054123,2,3,17.151860304378697,0,0.2693,0.1881,2.9e-05,1,0.25140251731594093,False,
2025-12-02 01:00:00,10397145,5592322,2,1,15.989467553258711,0,0.2773,0.1491,1.9e-05,1,0.24915372979355804,False,
2025-12-02 01:05:00,7312302,6794777,3,1,14.107079760768332,0,0.195,0.1812,2.8e-05,1,0.24905746329494838,False,
2025-12-02 01:10:00,7441225,5115157,2,0,12.556382325020696,0,0.1984,0.1364,1.6e-05,1,0.21150812513247286,False,
2025-12-02 01:15:00,8373728,7675508,1,0,16.04923734319662,0,0.2233,0.2047,6e-06,1,0.191079480981742,False,
2025-12-02 01:20:00,8090909,4822963,1,1,12.913872838470796,0,0.2158,0.1286,1.5e-05,1,0.21574859881229236,False,
2025-12-02 01:25:00,9558689,5321402,2,2,14.880091680648796,0,0.2549,0.1419,2.7e-05,1,0.25951064457939205,False,
2025-12-02 01:30:00,8542553,5047077,4,2,13.58963171711008,0,0.2278,0.1346,4.4e-05,1,0.25373811111169925,False,
2025-12-02 01:35:00,9444037,5460534,2,5,14.904572490088611,0,0.2518,0.1456,4.7e-05,1,0.25528087888452733,False,
2025-12-02 01:40:00,11599848,6834544,7,2,18.434392328817857,0,0.3093,0.1823,4.9e-05,1,0.17407315597119166,False,
2025-12-02 01:45:00,8114634,7705644,6,3,15.82027957094292,0,0.2164,0.2055,5.7e-05,1,0.20325596552120412,False,
2025-12-02 01:50:00,9183332,5469918,4,1,14.653251062049618,0,0.2449,0.1459,3.4e-05,1,0.27032918322519556,False,
2025-12-02 01:55:00,8368208,6938154,0,0,15.306363677592492,0,0.2232,0.185,0.0,1,0.18313534109476765,False,
2025-12-02 02:00:00,9625029,3367497,3,1,12.992526677919738,0,0.2567,0.0898,3.1e-05,1,0.19522970185544403,False,
2025-12-02 02:05:00,11411824,6102587,4,2,17.51441244552269,0,0.3043,0.1627,3.4e-05,1,0.22520242069299556,False,
2025-12-02 02:10:00,8240779,6404885,2,1,14.645664566199526,0,0.2198,0.1708,2e-05,1,0.2571456672928087,False,
2025-12-02 02:15:00,9199023,8542911,4,4,17.741935483427664,0,0.2453,0.2278,4.5e-05,1,0.16182585298590202,False,
2025-12-02 02:20:00,12533342,6042771,2,2,18.57611396827752,0,0.3342,0.1611,2.2e-05,1,0.16109228577909362,False,
2025-12-02 02:25:00,13342196,6222245,1,2,19.56444226774721,0,0.3558,0.1659,1.5e-05,1,0.0880484006882366,False,
2025-12-02 02:30:00,8050203,5030367,1,2,13.080571103599764,0,0.2147,0.1341,2.3e-05,1,0.24255789942173994,False,
2025-12-02 02:35:00,4293258,7605847,4,3,11.899106482454169,0,0.1145,0.2028,5.9e-05,1,0.10480093004662516,False,
2025-12-02 02:40:00,10423322,3549997,3,1,13.973319583431234,0,0.278,0.0947,2.9e-05,1,0.18754637688108328,False,
2025-12-02 02:45:00,8310314,6595191,4,4,14.905505614178646,0,0.2216,0.1759,5.4e-05,1,0.2405029952742056,False,
2025-12-02 02:50:00,9144731,7426483,3,3,16.571215364391367,0,0.2439,0.198,3.6e-05,1,0.2528229435035028,False,
2025-12-02 02:55:00,6146289,4210576,1,0,10.356865996703997,0,0.1639,0.1123,1e-05,1,0.06360158379792347,False,
2025-12-02 03:00:00,8340832,4556483,3,2,12.89731603558836,0,0.2224,0.1215,3.9e-05,1,0.2373947776475699,False,
2025-12-02 03:05:00,9912610,8837627,4,4,18.75023771814132,0,0.2643,0.2357,4.3e-05,1,0.1420761098742278,False,
2025-12-02 03:10:00,8719695,4066256,3,4,12.785952917295369,0,0.2325,0.1084,5.5e-05,1,0.20945309310258103,False,
2025-12-02 03:15:00,9419800,4501294,2,1,13.92109484394216,0,0.2512,0.12,2.2e-05,1,0.22901349368403023,False,
2025-12-02 03:20:00,7658011,7185970,5,1,14.843981979260276,0,0.2042,0.1916,4e-05,1,0.25086541065653095,False,
2025-12-02 03:25:00,11941298,6936390,1,2,18.877689527397813,0,0.3184,0.185,1.6e-05,1,0.1535166079396617,False,
2025-12-02 03:30:00,9639309,7832103,3,1,17.471412432604215,0,0.257,0.2089,2.3e-05,1,0.2183009845274539,False,
2025-12-02 03:35:00,11451397,5749661,2,2,17.201059773146845,0,0.3054,0.1533,2.3e-05,1,0.22718967845466265,False,
2025-12-02 03:40:00,7221135,6058356,5,0,13.279492092317566,0,0.1926,0.1616,3.8e-05,1,0.2483856093471576,False,
2025-12-02 03:45:00,8602061,5738527,3,2,14.340588881839947,0,0.2294,0.153,3.5e-05,1,0.2651041380123117,False,
2025-12-02 03:50:00,10570777,5752774,6,3,16.32355207510105,0,0.2819,0.1534,5.5e-05,1,0.21273816601251166,False,
2025-12-02 03:55:00,8981224,6782944,2,3,15.764168980731691,0,0.2395,0.1809,3.2e-05,1,0.27372276333760254,False,
2025-12-02 04:00:00,7941016,4974431,3,2,12.915447837710914,0,0.2118,0.1327,3.9e-05,1,0.24581745044993758,False,
2025-12-02 04:05:00,6376461,5658468,3,6,12.034929872800502,0,0.17,0.1509,7.5e-05,1,0.12563982830575204,False,
2025-12-02 04:10:00,11367106,5504912,1,2,16.8720190477937,0,0.3031,0.1468,1.8e-05,1,0.2176769949438368,False,
2025-12-02 04:15:00,8560959,5129817,4,2,13.690776460581707,0,0.2283,0.1368,4.4e-05,1,0.2580221505018677,False,
2025-12-02 04:20:00,9119573,4276076,1,3,13.395649447549395,0,0.2432,0.114,3e-05,1,0.23531985002456768,False,
2025-12-02 04:25:00,7847470,4130144,4,1,11.977615037436964,0,0.2093,0.1101,4.2e-05,1,0.21053377508918197,False,
2025-12-02 04:30:00,9450480,5728647,1,1,15.17912777372287,0,0.252,0.1528,1.3e-05,1,0.23792056830773212,False,
2025-12-02 04:35:00,10736232,6239721,2,2,16.975954348335424,0,0.2863,0.1664,2.4e-05,1,0.2447760449543256,False,
2025-12-02 04:40:00,9569122,4257441,1,3,13.826564571745264,0,0.2552,0.1135,2.9e-05,1,0.22459939074942453,False,
2025-12-02 04:45:00,9511152,5812985,3,4,15.324137836390658,0,0.2536,0.155,4.6e-05,1,0.2508400934801554,False,
2025-12-02 04:50:00,9751383,6465353,2,1,16.216736039026156,0,0.26,0.1724,1.8e-05,1,0.2584119603694461,False,
2025-12-02 04:55:00,7899285,7576518,2,4,15.475803998074603,0,0.2106,0.202,3.9e-05,1,0.24273055545475286,False,
2025-12-02 05:00:00,8868702,2871496,3,2,11.740199550956609,0,0.2365,0.0766,4.3e-05,1,0.15239284870237235,False,
2025-12-02 05:05:00,5793869,5796335,1,0,11.590205091699616,0,0.1545,0.1546,9e-06,1,0.13143170005847105,False,
2025-12-02 05:10:00,8976905,5953044,2,3,14.929950467095749,0,0.2394,0.1587,3.3e-05,1,0.2746141287032985,False,
2025-12-02 05:15:00,10863845,5730387,4,4,16.594232311692412,0,0.2897,0.1528,4.8e-05,1,0.22690098415518412,False,
2025-12-02 05:20:00,8884231,4701989,2,2,13.586221146947569,0,0.2369,0.1254,2.9e-05,1,0.23977262654556702,False,
2025-12-02 05:25:00,6396451,5041828,1,3,11.438280601753604,0,0.1706,0.1344,3.5e-05,1,0.19302919727742796,False,
2025-12-02 05:30:00,7321667,6451558,4,1,13.773225263300182,0,0.1952,0.172,3.6e-05,1,0.24648965734551082,False,
2025-12-02 05:35:00,8513256,3895222,3,0,12.408479027136163,0,0.227,0.1039,2.4e-05,1,0.20981580001963218,False,
2025-12-02 05:40:00,10511284,7012960,4,0,17.524244772199452,0,0.2803,0.187,2.3e-05,1,0.23625012119319505,False,
2025-12-02 05:45:00,7765894,4763886,3,4,12.529781068320398,0,0.2071,0.127,5.6e-05,1,0.20776498467160343,False,
2025-12-02 05:50:00,9045666,8033108,4,3,17.078775228186267,0,0.2412,0.2142,4.1e-05,1,0.20680519930438424,False,
2025-12-02 05:55:00,8640717,6809345,2,3,15.450063354251872,0,0.2304,0.1816,3.2e-05,1,0.2681612928865825,False,
2025-12-02 06:00:00,9416000,6552685,1,0,15.96868594380746,0,0.2511,0.1747,6e-06,1,0.21057001492528687,False,
2025-12-02 06:05:00,8261319,5255945,2,4,13.517265386448903,0,0.2203,0.1402,4.4e-05,1,0.2517193220354787,False,
2025-12-02 06:10:00,9176663,5483322,1,1,14.659985976598694,0,0.2447,0.1462,1.4e-05,1,0.23467336922648235,False,
2025-12-02 06:15:00,10016769,5254304,4,2,15.271073506030094,0,0.2671,0.1401,3.9e-05,1,0.2541103821484961,False,
2025-12-02 06:20:00,7253343,6458404,4,4,13.711747906876449,0,0.1934,0.1722,5.8e-05,1,0.20948519468978638,False,
2025-12-02 06:25:00,10791287,6139551,2,1,16.930839649572214,0,0.2878,0.1637,1.8e-05,1,0.23719879310821512,False,
2025-12-02 06:30:00,7441672,5944749,5,1,13.386421675454516,0,0.1984,0.1585,4.5e-05,1,0.2453954344112847,False,
2025-12-02 06:35:00,9853812,5297614,2,1,15.151427136906207,0,0.2628,0.1413,2e-05,1,0.2522073764925151,False,
2025-12-02 06:40:00,8126722,5575956,4,3,13.702678659194714,0,0.2167,0.1487,5.1e-05,1,0.25646374371954267,False,
2025-12-02 06:45:00,7338740,6984355,6,3,14.323095788672832,0,0.1957,0.1862,6.3e-05,1,0.20183311237322477,False,
2025-12-02 06:50:00,11000946,4768835,2,2,15.76978198044641,0,0.2934,0.1272,2.5e-05,1,0.2350613506267889,False,
2025-12-02 06:55:00,5934847,7400303,5,5,13.335151122371885,0,0.1583,0.1973,7.5e-05,1,0.1126103078253321,False,
2025-12-02 07:00:00,7669768,4756443,3,5,12.426212559603597,0,0.2045,0.1268,6.4e-05,1,0.18200926338647033,False,
2025-12-02 07:05:00,6492363,5886648,1,1,12.379012219241448,0,0.1731,0.157,1.6e-05,1,0.20073852613347964,False,
2025-12-02 07:10:00,9490590,7439411,3,1,16.930002328453217,0,0.2531,0.1984,2.4e-05,1,0.25229718438625137,False,
2025-12-02 07:15:00,8686719,4929291,6,1,13.61601065709376,0,0.2316,0.1314,5.1e-05,1,0.24612513482265586,False,
2025-12-02 07:20:00,6108084,6082215,6,1,12.190300035160174,0,0.1629,0.1622,5.7e-05,1,0.18765425845417028,False,
2025-12-02 07:25:00,11413483,5797391,0,4,17.210875036140504,0,0.3044,0.1546,2.3e-05,1,0.22814382500371277,False,
2025-12-02 07:30:00,10881753,6569530,2,2,17.451284459499487,0,0.2902,0.1752,2.3e-05,1,0.23335210714314247,False,
2025-12-02 07:35:00,7858325,6680912,4,6,14.539237673395288,0,0.2096,0.1782,6.9e-05,1,0.17987184506683213,False,
2025-12-02 07:40:00,10326953,6595438,3,1,16.9223923875569,0,0.2754,0.1759,2.4e-05,1,0.2535300852983462,False,
2025-12-02 07:45:00,7084926,8932668,4,1,16.017594730759505,0,0.1889,0.2382,3.1e-05,1,0.16845736564941038,False,
2025-12-02 07:50:00,8912669,7155625,2,3,16.06829447437365,0,0.2377,0.1908,3.1e-05,1,0.2661682226156941,False,
2025-12-02 07:55:00,8644675,7274464,5,1,15.919139859822993,0,0.2305,0.194,3.8e-05,1,0.25476405513303874,False,
2025-12-02 08:00:00,7644086,4028865,3,1,11.672951482723464,0,0.2038,0.1074,3.4e-05,1,0.19382931235407114,False,
2025-12-02 08:05:00,10021554,4553107,2,0,14.574662283735655,0,0.2672,0.1214,1.4e-05,1,0.2001330792829134,False,
2025-12-02 08:10:00,6731378,6580889,2,2,13.312268161549284,0,0.1795,0.1755,3e-05,1,0.2339696843817261,False,
2025-12-02 08:15:00,10788337,3570711,1,2,14.359049032066448,0,0.2877,0.0952,2.1e-05,1,0.18998395079679348,False,
2025-12-02 08:20:00,10428672,6311221,7,1,16.739894331253723,0,0.2781,0.1683,4.8e-05,1,0.2278320424412349,False,
2025-12-02 08:25:00,12198609,5414744,0,0,17.613354338906674,0,0.3253,0.1444,0.0,1,0.10327979354827665,False,
2025-12-02 08:30:00,7439936,3632078,2,1,11.07201554251328,0,0.1984,0.0969,2.7e-05,1,0.15665769085613085,False,
2025-12-02 08:35:00,6389774,3041220,3,2,9.43099522246058,0,0.1704,0.0811,5.3e-05,1,0.03425321569692885,False,
2025-12-02 08:40:00,9053715,6024267,3,2,15.07798304455346,0,0.2414,0.1606,3.3e-05,1,0.27640243063530784,False,
2025-12-02 08:45:00,7416036,5867243,0,3,13.283279931232691,0,0.1978,0.1565,2.3e-05,1,0.24337205862442424,False,
2025-12-02 08:50:00,7082631,7015131,5,3,14.097762385592356,0,0.1889,0.1871,5.7e-05,1,0.2092054759331674,False,
2025-12-02 08:55:00,10586895,5163997,0,1,15.750892689594217,0,0.2823,0.1377,6e-06,1,0.1877832316950988,False,
2025-12-02 09:00:00,8383269,5489474,2,0,13.872743056127826,0,0.2236,0.1464,1.4e-05,1,0.22901561187331881,False,
2025-12-02 09:05:00,9496560,6043419,4,2,15.53998003560768,0,0.2532,0.1612,3.9e-05,1,0.26257913261991284,False,
2025-12-02 09:10:00,9711625,6217260,2,2,15.928885616979665,0,0.259,0.1658,2.5e-05,1,0.25981489543996794,False,
2025-12-02 09:15:00,8915402,6764394,1,4,15.679796986672306,0,0.2377,0.1804,3.2e-05,1,0.27185909659042967,False,
2025-12-02 09:20:00,9828214,7742617,2,1,17.570831830339678,0,0.2621,0.2065,1.7e-05,1,0.22026349221367164,False,
2025-12-02 09:25:00,5731554,6398367,2,0,12.12992165689048,0,0.1528,0.1706,1.6e-05,1,0.15909464031705328,False,
2025-12-02 09:30:00,11229508,6510958,4,4,17.740467381252294,0,0.2995,0.1736,4.5e-05,1,0.20607723779051906,False,
2025-12-02 09:35:00,9520748,4990961,6,2,14.5117099104103,0,0.2539,0.1331,5.5e-05,1,0.22732368588718327,False,
2025-12-02 09:40:00,6572676,5654937,4,2,12.227614637035453,0,0.1753,0.1508,4.9e-05,1,0.2138059760269323,False,
2025-12-02 09:45:00,9353330,6504955,5,1,15.858285313837472,0,0.2494,0.1735,3.8e-05,1,0.26367942411498035,False,
2025-12-02 09:50:00,11481307,6768502,4,1,18.24980928802696,0,0.3062,0.1805,2.7e-05,1,0.20584591744733005,False,
2025-12-02 09:55:00,8933923,6250373,2,5,15.184296462694016,0,0.2382,0.1667,4.6e-05,1,0.25844023201554495,False,
2025-12-02 10:00:00,7816000,4427009,1,3,12.243009406626784,0,0.2084,0.1181,3.3e-05,1,0.2176504428999967,False,
2025-12-02 10:05:00,9141881,4911855,4,3,14.053736986769067,0,0.2438,0.131,5e-05,1,0.24525350920172723,False,
2025-12-02 10:10:00,7386507,7426762,5,3,14.81326993227002,0,0.197,0.198,5.4e-05,1,0.21637399277898256,False,
2025-12-02 10:15:00,11973544,5480464,2,2,17.454008305735535,0,0.3193,0.1461,2.3e-05,1,0.19801782628204467,False,
2025-12-02 10:20:00,9028000,6443037,1,2,15.471038502067172,0,0.2407,0.1718,1.9e-05,1,0.26514046751670767,False,
2025-12-02 10:25:00,9344686,6249241,3,3,15.593927779038816,0,0.2492,0.1666,3.8e-05,1,0.26652225413749364,False,
2025-12-02 10:30:00,11416400,4603818,7,5,16.020219417546652,0,0.3044,0.1228,7.5e-05,1,0.09791331640037138,False,
2025-12-02 10:35:00,10656074,5480221,4,1,16.136295396562396,0,0.2842,0.1461,3.1e-05,1,0.25900886361707115,False,
2025-12-02 10:40:00,10752756,5843699,0,2,16.59645641630745,0,0.2867,0.1558,1.2e-05,1,0.21692422294083263,False,
2025-12-02 10:45:00,8425482,7950740,2,2,16.37622247906327,0,0.2247,0.212,2.4e-05,1,0.23143486924101148,False,
2025-12-02 10:50:00,9345241,5834047,1,2,15.179288954339052,0,0.2492,0.1556,2e-05,1,0.26400712363134626,False,
2025-12-02 10:55:00,11026116,6026767,3,1,17.05288379475572,0,0.294,0.1607,2.3e-05,1,0.234956263604105,False,
2025-12-02 11:00:00,9059507,7109855,5,0,16.169362773425934,0,0.2416,0.1896,3.1e-05,1,0.26768504895187806,False,
2025-12-02 11:05:00,11279327,5016362,3,3,16.29568998934785,0,0.3008,0.1338,3.7e-05,1,0.2256448696923451,False,
2025-12-02 11:10:00,11112317,5407505,3,1,16.51982331005466,0,0.2963,0.1442,2.4e-05,1,0.24545488418166955,False,
2025-12-02 11:15:00,10172074,6541569,1,4,16.713644515248966,0,0.2713,0.1744,3e-05,1,0.2590171611435073,False,
2025-12-02 11:20:00,9928937,5769268,3,1,15.698206039964122,0,0.2648,0.1538,2.5e-05,1,0.26510146817704117,False,
2025-12-02 11:25:00,7051206,8334951,4,4,15.386157684608277,0,0.188,0.2223,5.2e-05,1,0.16559972693931418,False,
2025-12-02 11:30:00,8761066,4812874,2,0,13.573940762724254,0,0.2336,0.1283,1.5e-05,1,0.2120173989622679,False,
2025-12-02 11:35:00,9565280,6347467,1,3,15.912747840806238,0,0.2551,0.1693,2.5e-05,1,0.2642673714359756,False,
2025-12-02 11:40:00,9349747,6871915,4,4,16.221662603014522,0,0.2493,0.1833,4.9e-05,1,0.24647932035532177,False,
2025-12-02 11:45:00,8070422,9314997,3,2,17.385420780861995,0,0.2152,0.2484,2.9e-05,1,0.14460110088485945,False,
2025-12-02 11:50:00,9022950,7874794,3,1,16.897744084365524,0,0.2406,0.21,2.4e-05,1,0.23541869270088728,False,
2025-12-02 11:55:00,11105620,4168451,3,2,15.274072620783691,0,0.2961,0.1112,3.3e-05,1,0.21104151306092234,False,
2025-12-02 12:00:00,7988247,5641304,1,3,13.629551710262223,0,0.213,0.1504,2.9e-05,1,0.2624516818348969,False,
2025-12-02 12:05:00,7943020,6282214,3,4,14.225234846073803,0,0.2118,0.1675,4.9e-05,1,0.24632805210476655,False,
2025-12-02 12:10:00,8793729,6258894,2,2,15.05262444626922,0,0.2345,0.1669,2.7e-05,1,0.2729221916940465,False,
2025-12-02 12:15:00,10145703,8264104,3,2,18.40980813440482,0,0.2706,0.2204,2.7e-05,1,0.18364513509623998,False,
2025-12-02 12:20:00,11659184,5379460,3,3,17.03864432744663,0,0.3109,0.1435,3.5e-05,1,0.21336097498197248,False,
2025-12-02 12:25:00,10333680,8766735,4,2,19.100416200466164,0,0.2756,0.2338,3.1e-05,1,0.14858563055349483,False,
2025-12-02 12:30:00,12779406,6690667,7,2,19.470073651015927,0,0.3408,0.1784,4.6e-05,1,0.10141197553141013,False,
2025-12-02 12:35:00,9310991,7310597,2,1,16.62158927626566,0,0.2483,0.1949,1.8e-05,1,0.24884116216160418,False,
2025-12-02 12:40:00,8958185,5223892,3,3,14.18207790237027,0,0.2389,0.1393,4.2e-05,1,0.2558071469331511,False,
2025-12-02 12:45:00,7497522,7869992,2,1,15.367514523163376,0,0.1999,0.2099,2e-05,1,0.22996620505969312,False,
2025-12-02 12:50:00,7275415,6773023,2,3,14.048438641323784,0,0.194,0.1806,3.6e-05,1,0.25113003247161464,False,
2025-12-02 12:55:00,9531560,6189144,3,1,15.720705010700875,0,0.2542,0.165,2.5e-05,1,0.26148940179549707,False,
2025-12-02 13:00:00,7480388,3699812,3,2,11.180201165212944,0,0.1995,0.0987,4.5e-05,1,0.1690449225530692,False,
2025-12-02 13:05:00,10042677,7738126,4,0,17.78080413243439,0,0.2678,0.2064,2.2e-05,1,0.2253669762912044,False,
2025-12-02 13:10:00,7246795,3762258,4,0,11.009053822454058,0,0.1932,0.1003,3.6e-05,1,0.15525687816115435,False,
2025-12-02 13:15:00,9138400,5995416,4,2,15.13381674449038,0,0.2437,0.1599,4e-05,1,0.26894280708189733,False,
2025-12-02 13:20:00,8961412,6248899,5,3,15.21031164914761,0,0.239,0.1666,5.3e-05,1,0.24504930950942483,False,
2025-12-02 13:25:00,7309083,4325527,1,3,11.63461147482638,0,0.1949,0.1153,3.4e-05,1,0.19750537304340215,False,
2025-12-02 13:30:00,7586494,6690479,4,2,14.276973961469295,0,0.2023,0.1784,4.2e-05,1,0.2475465382441951,False,
2025-12-02 13:35:00,6652868,6023845,2,3,12.676714741879708,0,0.1774,0.1606,3.9e-05,1,0.23404564626091523,False,
2025-12-02 13:40:00,11194983,9569832,2,4,20.764815215562507,0,0.2985,0.2552,2.9e-05,1,0.06871062587216692,False,
2025-12-02 13:45:00,8091736,3992922,3,3,12.0846592415051,0,0.2158,0.1065,5e-05,1,0.208127084792391,False,
2025-12-02 13:50:00,6453352,7950508,2,0,14.403860988789845,0,0.1721,0.212,1.4e-05,1,0.16862075986510233,False,
2025-12-02 13:55:00,10501167,4246574,2,5,14.747742204111889,0,0.28,0.1132,4.7e-05,1,0.21287238266040698,False,
2025-12-02 14:00:00,7383425,4696509,3,0,12.07993418017104,0,0.1969,0.1252,2.5e-05,1,0.21676917663267037,False,
2025-12-02 14:05:00,9148132,6047402,1,2,15.195534468552667,0,0.244,0.1613,2e-05,1,0.2666597010903369,False,
2025-12-02 14:10:00,10143666,4769831,5,2,14.913498035373236,0,0.2705,0.1272,4.7e-05,1,0.2371586807668728,False,
2025-12-02 14:15:00,11364664,6350743,4,1,17.715408079149014,0,0.3031,0.1694,2.8e-05,1,0.22641078283789895,False,
2025-12-02 14:20:00,11450606,6308631,1,2,17.759238103412994,0,0.3053,0.1682,1.7e-05,1,0.20354715245799954,False,
2025-12-02 14:25:00,8848406,5390068,1,3,14.238474415406008,0,0.236,0.1437,2.8e-05,1,0.2660057089125753,False,
2025-12-02 14:30:00,10102985,7360095,4,2,17.46308083481252,0,0.2694,0.1963,3.4e-05,1,0.23819192367298847,False,
2025-12-02 14:35:00,11212979,6933198,3,2,18.14617801274386,0,0.299,0.1849,2.8e-05,1,0.22375388098542437,False,
2025-12-02 14:40:00,6339013,5942531,3,1,12.28154578134499,0,0.169,0.1585,3.3e-05,1,0.22274623981854424,False,
2025-12-02 14:45:00,10431916,6656744,4,2,17.088660411000625,0,0.2782,0.1775,3.5e-05,1,0.24390168863648487,False,
2025-12-02 14:50:00,11388289,4462851,1,0,15.851140844234887,0,0.3037,0.119,6e-06,1,0.142324725120744,False,
2025-12-02 14:55:00,9483718,6035488,2,2,15.519207006931932,0,0.2529,0.1609,2.6e-05,1,0.268780458605541,False,
2025-12-02 15:00:00,8290258,4696304,1,3,12.986563071458152,0,0.2211,0.1252,3.1e-05,1,0.24454542956612413,False,
2025-12-02 15:05:00,7873862,6261405,3,4,14.135268348320396,0,0.21,0.167,5e-05,1,0.24888166822564084,False,
2025-12-02 15:10:00,11501894,6516978,3,4,18.01887323508997,0,0.3067,0.1738,3.9e-05,1,0.2005741832747444,False,
2025-12-02 15:15:00,8139879,6146222,6,2,14.286101960118444,0,0.2171,0.1639,5.6e-05,1,0.24353488657675282,False,
2025-12-02 15:20:00,9276452,4646138,7,0,13.922590596009035,0,0.2474,0.1239,5e-05,1,0.23346993564519408,False,
2025-12-02 15:25:00,11205704,5177239,3,1,16.38294362112466,0,0.2988,0.1381,2.4e-05,1,0.23838478526045298,False,
2025-12-02 15:30:00,7411133,7167552,0,1,14.578685820471488,0,0.1976,0.1911,7e-06,1,0.18403269453670773,False,
2025-12-02 15:35:00,9129038,6698833,2,1,15.827872228741777,0,0.2434,0.1786,1.9e-05,1,0.2662993496315953,False,
2025-12-02 15:40:00,10403698,5509530,4,2,15.913228591687098,0,0.2774,0.1469,3.8e-05,1,0.25035027850665537,False,
2025-12-02 15:45:00,8571706,4086388,2,4,12.65809551917441,0,0.2286,0.109,4.7e-05,1,0.22240541331554914,False,
2025-12-02 15:50:00,9251457,7662641,2,2,16.914099021013588,0,0.2467,0.2043,2.4e-05,1,0.24458417455350712,False,
2025-12-02 15:55:00,8567536,7941377,2,0,16.508914985315403,0,0.2285,0.2118,1.2e-05,1,0.2077095512019878,False,
2025-12-02 16:00:00,9914135,6502772,4,0,16.41690802964396,0,0.2644,0.1734,2.4e-05,1,0.2658966764008057,False,
2025-12-02 16:05:00,12022088,7023105,1,2,19.045194290500053,0,0.3206,0.1873,1.6e-05,1,0.14591171299965422,False,
2025-12-02 16:10:00,7370339,4360488,3,2,11.730827359313604,0,0.1965,0.1163,4.3e-05,1,0.19692053598937792,False,
2025-12-02 16:15:00,8651429,3844421,6,5,12.495851067984049,0,0.2307,0.1025,8.8e-05,1,0.09135610645940306,False,
2025-12-02 16:20:00,9315925,7942443,4,0,17.258368643695736,0,0.2484,0.2118,2.3e-05,1,0.22318161721265323,False,
2025-12-02 16:25:00,8878288,6833193,3,2,15.711481669894296,0,0.2368,0.1822,3.2e-05,1,0.26928506319463175,False,
2025-12-02 16:30:00,9468967,4207549,2,1,13.676516953402906,0,0.2525,0.1122,2.2e-05,1,0.22617637841531646,False,
2025-12-02 16:35:00,11635785,6340885,8,3,17.97667116350415,0,0.3103,0.1691,6.1e-05,1,0.14699541768137803,False,
2025-12-02 16:40:00,8076278,4407928,2,1,12.4842076695785,0,0.2154,0.1175,2.4e-05,1,0.219305805307987,False,
2025-12-02 16:45:00,10056239,5031492,2,1,15.08773230127049,0,0.2682,0.1342,2e-05,1,0.24811816448502572,False,
2025-12-02 16:50:00,10445487,7254274,2,2,17.69976204020586,0,0.2785,0.1934,2.3e-05,1,0.23462360035814755,False,
2025-12-02 16:55:00,9993738,5776257,3,3,15.769996297897729,0,0.2665,0.154,3.8e-05,1,0.2594916228553071,False,
2025-12-02 17:00:00,7167744,5540541,4,0,12.708286358607792,0,0.1911,0.1477,3.1e-05,1,0.24667774382303626,False,
2025-12-02 17:05:00,9480906,7823285,1,1,17.304191414994886,0,0.2528,0.2086,1.2e-05,1,0.20452141987902217,False,
2025-12-02 17:10:00,6711731,5591112,3,5,12.302843474502213,0,0.179,0.1491,6.5e-05,1,0.19012856487566993,False,
2025-12-02 17:15:00,8846519,8298905,6,2,17.14542580489575,0,0.2359,0.2213,4.7e-05,1,0.18210941506585415,False,
2025-12-02 17:20:00,8860607,5983771,8,3,14.844379177827038,0,0.2363,0.1596,7.4e-05,1,0.15645386198830125,False,
2025-12-02 17:25:00,8010218,6068648,4,2,14.078866549467016,0,0.2136,0.1618,4.3e-05,1,0.2591059139615203,False,
2025-12-02 17:30:00,7718074,4828955,2,0,12.54702976424451,0,0.2058,0.1288,1.6e-05,1,0.20543507706828962,False,
2025-12-02 17:35:00,11836150,5278322,1,1,17.114473251171816,0,0.3156,0.1408,1.2e-05,1,0.16385246123920894,False,
2025-12-02 17:40:00,8697798,6495391,4,2,15.193189398536362,0,0.2319,0.1732,3.9e-05,1,0.2660659859157665,False,
2025-12-02 17:45:00,8932905,6544528,9,0,15.477434301456988,0,0.2382,0.1745,5.8e-05,1,0.23153426364166713,False,
2025-12-02 17:50:00,11406102,6240275,4,3,17.646377833719242,0,0.3042,0.1664,4e-05,1,0.20473087644839955,False,
2025-12-02 17:55:00,10169182,9388918,2,2,19.558100224282704,0,0.2712,0.2504,2e-05,1,0.094162491054537,False,
2025-12-02 18:00:00,7990724,5353612,3,2,13.344336703121987,0,0.2131,0.1428,3.7e-05,1,0.2516393328888988,False,
2025-12-02 18:05:00,7785555,5755963,4,0,13.541519800297072,0,0.2076,0.1535,3e-05,1,0.2590646434160705,False,
2025-12-02 18:10:00,10112463,5562344,1,1,15.674808025649323,0,0.2697,0.1483,1.3e-05,1,0.2281773334151504,False,
2025-12-02 18:15:00,9105419,7036654,6,1,16.142074502955044,0,0.2428,0.1876,4.3e-05,1,0.2504091099150058,False,
2025-12-02 18:20:00,5865176,6588052,2,4,12.45322965942061,0,0.1564,0.1757,4.8e-05,1,0.19576637020581755,False,
2025-12-02 18:25:00,9504418,5213643,2,3,14.718062465329313,0,0.2535,0.139,3.4e-05,1,0.26442082631808234,False,
2025-12-02 18:30:00,9239429,5639674,0,0,14.87910357801206,0,0.2464,0.1504,0.0,1,0.17801988038273397,False,
2025-12-02 18:35:00,11659459,6177794,2,1,17.83725435843151,0,0.3109,0.1647,1.7e-05,1,0.1946610763524224,False,
2025-12-02 18:40:00,7542236,4708628,4,2,12.25086466732927,0,0.2011,0.1256,4.9e-05,1,0.21716890476793344,False,
2025-12-02 18:45:00,9676007,7087086,3,3,16.7630943300661,0,0.258,0.189,3.6e-05,1,0.2605902380549116,False,
2025-12-02 18:50:00,9027800,9054354,4,4,18.082155371950485,0,0.2407,0.2414,4.4e-05,1,0.1417963193590004,False,
2025-12-02 18:55:00,6541574,7543471,2,3,14.0850456862929,0,0.1744,0.2012,3.5e-05,1,0.21192081369617405,False,
2025-12-02 19:00:00,7894088,5048425,2,0,12.942513351028564,0,0.2105,0.1346,1.5e-05,1,0.21776962791121485,False,
2025-12-02 19:05:00,8280858,6101107,3,3,14.381966013701186,0,0.2208,0.1627,4.2e-05,1,0.26586479328967133,False,
2025-12-02 19:10:00,6407833,6194847,2,3,12.602680632972788,0,0.1709,0.1652,4e-05,1,0.22713462933030126,False,
2025-12-02 19:15:00,11208595,3757004,5,3,14.965600221981438,0,0.2989,0.1002,5.3e-05,1,0.16990414156355788,False,
2025-12-02 19:20:00,7691577,4565883,0,1,12.25746120683491,0,0.2051,0.1218,8e-06,1,0.14855042238863758,False,
2025-12-02 19:25:00,9131848,7073191,3,5,16.20503997864809,0,0.2435,0.1886,4.9e-05,1,0.243554019984273,False,
2025-12-02 19:30:00,11159822,5802828,0,2,16.962650759287776,0,0.2976,0.1547,1.2e-05,1,0.19741851619671585,False,
2025-12-02 19:35:00,45364524,29993370,6,2,15.22378840356724,1,1.2097,0.7998,1.1e-05,-1,-0.041843923620530576,False,
2025-12-02 19:40:00,46767130,29903767,14,2,16.53679138436056,1,1.2471,0.7974,2.1e-05,-1,-0.031640587444399126,False,
2025-12-02 19:45:00,45154284,29350132,14,2,14.370310061880245,1,1.2041,0.7827,2.1e-05,-1,-0.024845865081897234,False,
2025-12-02 19:50:00,44102162,27676233,12,2,11.644289793290948,1,1.1761,0.738,2e-05,-1,-0.052781505332249234,False,
2025-12-02 19:55:00,44423387,29633617,11,0,13.92289896504592,1,1.1846,0.7902,1.5e-05,-1,-0.035233860764711245,False,
2025-12-02 20:00:00,46202179,30023717,9,1,16.091790724867042,1,1.2321,0.8006,1.3e-05,-1,-0.04296525255302863,False,
2025-12-02 20:05:00,45476975,26401747,16,2,11.744615944530509,1,1.2127,0.704,2.5e-05,-1,-0.05593873583089426,False,
2025-12-02 20:10:00,47712601,31408388,12,2,18.986883040875945,1,1.2723,0.8376,1.8e-05,-1,-0.07049317284329593,False,
2025-12-02 20:15:00,43676584,29802379,20,0,13.34485719238695,1,1.1647,0.7947,2.7e-05,-1,-0.03956802042932961,False,
2025-12-02 20:20:00,46603285,30653640,10,3,17.122819610250712,1,1.2428,0.8174,1.7e-05,-1,-0.03829693437511561,False,
2025-12-02 20:25:00,46068491,29792589,16,1,15.726974705637966,1,1.2285,0.7945,2.2e-05,-1,-0.027905284973419375,False,
2025-12-02 20:30:00,46142012,26444069,9,1,12.451975796154729,1,1.2305,0.7052,1.4e-05,-1,-0.054244016597520095,False,
2025-12-02 20:35:00,46426004,30323592,11,0,16.615490708319463,1,1.238,0.8086,1.4e-05,-1,-0.04072668916084832,False,
2025-12-02 20:40:00,44438502,28884672,9,3,13.189068582917429,1,1.185,0.7703,1.6e-05,-1,-0.035016184509760184,False,
2025-12-02 20:45:00,45099068,29650874,9,3,14.615835522113416,1,1.2026,0.7907,1.6e-05,-1,-0.02897304369915532,False,
2025-12-02 20:50:00,46607793,30302506,10,0,16.776193326119586,1,1.2429,0.8081,1.3e-05,-1,-0.04398178321008894,False,
2025-12-02 20:55:00,46480805,30033974,12,2,16.380673284554945,1,1.2395,0.8009,1.8e-05,-1,-0.038326685102923475,False,
2025-12-02 21:00:00,47839387,27529226,11,0,15.234507968674208,1,1.2757,0.7341,1.5e-05,-1,-0.04102312768529115,False,
2025-12-02 21:05:00,43482059,29101912,16,1,12.4498654169228,1,1.1595,0.7761,2.3e-05,-1,-0.043150427504173194,False,
2025-12-02 21:10:00,48992762,28737037,19,6,17.595693653202474,1,1.3065,0.7663,3.2e-05,-1,-0.06205015754543175,False,
2025-12-02 21:15:00,48323184,27512991,9,2,15.702068590560902,1,1.2886,0.7337,1.5e-05,-1,-0.04561068830797754,False,
2025-12-02 21:20:00,46951526,31052048,14,6,17.869468820809605,1,1.252,0.8281,2.6e-05,-1,-0.058559933359918825,False,
2025-12-02 21:25:00,45294893,28922964,12,2,14.08375146474439,1,1.2079,0.7713,1.9e-05,-1,-0.033312273956521476,False,
2025-12-02 21:30:00,8600405,5333363,3,4,13.933769191174065,0,0.2293,0.1422,5e-05,1,0.2521978651776613,False,
2025-12-02 21:35:00,11549896,6532378,5,1,18.08227467064823,0,0.308,0.1742,3.3e-05,1,0.21355162960105906,False,
2025-12-02 21:40:00,12256646,3733274,0,1,15.989921495095023,0,0.3268,0.0996,6e-06,1,0.10796008176015381,False,
2025-12-02 21:45:00,10803413,5116404,2,0,15.919818160574478,0,0.2881,0.1364,1.3e-05,1,0.20466760069446238,False,
2025-12-02 21:50:00,8641741,7903555,3,3,16.545297087661133,0,0.2304,0.2108,3.6e-05,1,0.2279012378290181,False,
2025-12-02 21:55:00,8052114,8186727,3,1,16.238842660204515,0,0.2147,0.2183,2.5e-05,1,0.21003891201892305,False,
2025-12-02 22:00:00,10552368,7502531,3,0,18.05490017345896,0,0.2814,0.2001,1.7e-05,1,0.21194115122547263,False,
2025-12-02 22:05:00,8264759,6158796,5,3,14.42355561514576,0,0.2204,0.1642,5.5e-05,1,0.24343410075770266,False,
2025-12-02 22:10:00,9140065,4563127,3,0,13.703193009240522,0,0.2437,0.1217,2.2e-05,1,0.23306566616039326,False,
2025-12-02 22:15:00,8634840,5036594,0,1,13.67143505091323,0,0.2303,0.1343,7e-06,1,0.19052615688230895,False,
2025-12-02 22:20:00,10347975,5986617,0,2,16.33459238333091,0,0.2759,0.1596,1.2e-05,1,0.22081847177902786,False,
2025-12-02 22:25:00,10829574,5807033,2,1,16.636607747005495,0,0.2888,0.1549,1.8e-05,1,0.2421938526745238,False,
2025-12-02 22:30:00,9246047,5320413,7,0,14.56646122826664,0,0.2466,0.1419,4.8e-05,1,0.25216162092719635,False,
2025-12-02 22:35:00,7605432,2931497,3,0,10.536929608076454,0,0.2028,0.0782,2.8e-05,1,0.10182713432176704,False,
2025-12-02 22:40:00,9965291,4927046,6,1,14.89233762021337,0,0.2657,0.1314,4.7e-05,1,0.24195696734456074,False,
2025-12-02 22:45:00,9907246,7526842,1,2,17.434089233515465,0,0.2642,0.2007,1.7e-05,1,0.22381750372199577,False,
2025-12-02 22:50:00,10371358,6744981,1,3,17.116340494508723,0,0.2766,0.1799,2.3e-05,1,0.24038763206531594,False,
2025-12-02 22:55:00,7496649,6726569,1,4,14.223219265497232,0,0.1999,0.1794,3.5e-05,1,0.2566599237065101,False,
2025-12-02 23:00:00,6730672,7398079,1,6,14.128751909662874,0,0.1795,0.1973,5e-05,1,0.20149572645063762,False,
2025-12-02 23:05:00,7668536,5682992,2,2,13.351529027703243,0,0.2045,0.1515,3e-05,1,0.2526689224461256,False,
2025-12-02 23:10:00,8564710,6460925,1,1,15.02563626140912,0,0.2284,0.1723,1.3e-05,1,0.24311294062514105,False,
2025-12-02 23:15:00,10815155,5193215,2,4,16.008371459897873,0,0.2884,0.1385,3.7e-05,1,0.2442910423973485,False,
2025-12-02 23:20:00,8115591,6910287,3,1,15.025879005792891,0,0.2164,0.1843,2.7e-05,1,0.27156655562397464,False,
2025-12-02 23:25:00,8337372,5711143,0,1,14.04851690188917,0,0.2223,0.1523,7e-06,1,0.19493411945027717,False,
2025-12-02 23:30:00,8576667,5473777,2,0,14.050445143761753,0,0.2287,0.146,1.4e-05,1,0.22977778077738154,False,
2025-12-02 23:35:00,7510691,7124974,3,1,14.635665699147586,0,0.2003,0.19,2.7e-05,1,0.2542239141008262,False,
2025-12-02 23:40:00,8640860,7898297,4,2,16.5391583366988,0,0.2304,0.2106,3.6e-05,1,0.2282086156806475,False,
2025-12-02 23:45:00,10229434,6768023,3,0,16.99745785855938,0,0.2728,0.1805,1.8e-05,1,0.23927646544496584,False,
2025-12-02 23:50:00,6896154,7348993,2,2,14.245147880865469,0,0.1839,0.196,2.8e-05,1,0.2356063900674602,False,
2025-12-02 23:55:00,10142693,6156245,8,1,16.298938966230775,0,0.2705,0.1642,5.5e-05,1,0.2170238164631949,False,
2025-12-03 00:00:00,8408085,5007481,3,3,13.41556674279892,0,0.2242,0.1335,4.5e-05,1,0.2539050174716684,False,
2025-12-03 00:05:00,6263043,6246813,1,1,12.5098575399812,0,0.167,0.1666,1.6e-05,1,0.1918008372419046,False,
2025-12-03 00:10:00,10420384,7189267,3,4,17.609651678028694,0,0.2779,0.1917,4e-05,1,0.22397165504948047,False,
2025-12-03 00:15:00,7550044,4108165,2,4,11.65821046701116,0,0.2013,0.1096,5.1e-05,1,0.18793040884459472,False,
2025-12-03 00:20:00,9825512,5848047,5,0,15.673559936941686,0,0.262,0.1559,3.2e-05,1,0.2684056461089669,False,
2025-12-03 00:25:00,6254811,3500564,2,1,9.75537607148591,0,0.1668,0.0933,3.1e-05,1,0.08014207952156205,False,
2025-12-03 00:30:00,9550223,6451800,2,2,16.002023797436195,0,0.2547,0.172,2.5e-05,1,0.26510094043186755,False,
2025-12-03 00:35:00,8188313,3745833,3,2,11.934147105839212,0,0.2184,0.0999,4.2e-05,1,0.19756636445033798,False,
2025-12-03 00:40:00,8459012,6331092,5,3,14.79010526159865,0,0.2256,0.1688,5.4e-05,1,0.2407394649694004,False,
2025-12-03 00:45:00,6008252,6053691,3,3,12.06194467208766,0,0.1602,0.1614,5e-05,1,0.19666707029551111,False,
2025-12-03 00:50:00,7914419,7039728,6,0,14.95414828678082,0,0.2111,0.1877,4e-05,1,0.25855882030835287,False,
2025-12-03 00:55:00,9323475,4626021,6,0,13.949497007911496,0,0.2486,0.1234,4.3e-05,1,0.23617209248683052,False,
2025-12-03 01:00:00,8901545,5339610,2,2,14.241155497596049,0,0.2374,0.1424,2.8e-05,1,0.26181181613211535,False,
2025-12-03 01:05:00,9332718,6505957,4,5,15.838676512767416,0,0.2489,0.1735,5.7e-05,1,0.22447608964728527,False,
2025-12-03 01:10:00,10441238,5405684,1,2,15.846922917765433,0,0.2784,0.1442,1.9e-05,1,0.24484890436798162,False,
2025-12-03 01:15:00,10135116,5927425,2,3,16.062542373414317,0,0.2703,0.1581,3.1e-05,1,0.2571377461838359,False,
2025-12-03 01:20:00,7067862,7691886,3,2,14.759749291814034,0,0.1885,0.2051,3.4e-05,1,0.2334224263586877,False,
2025-12-03 01:25:00,10420242,5121647,5,2,15.54188954827282,0,0.2779,0.1366,4.5e-05,1,0.23654464747098147,False,
2025-12-03 01:30:00,9012025,5689827,3,2,14.701853582463915,0,0.2403,0.1517,3.4e-05,1,0.27163090980300253,False,
2025-12-03 01:35:00,10613440,5324098,3,2,15.937538664007167,0,0.283,0.142,3.1e-05,1,0.25321468151912124,False,
2025-12-03 01:40:00,8381005,8137660,4,1,16.518665292152008,0,0.2235,0.217,3e-05,1,0.21751128309232437,False,
2025-12-03 01:45:00,7423904,7670484,6,1,15.094389475287027,0,0.198,0.2045,4.6e-05,1,0.22100659763747688,False,
2025-12-03 01:50:00,9684859,5384901,2,2,15.069760268352072,0,0.2583,0.1436,2.7e-05,1,0.2642471168843027,False,
2025-12-03 01:55:00,13501371,7551345,1,1,21.052716271520573,0,0.36,0.2014,9e-06,1,0.03734697820236754,False,
2025-12-03 02:00:00,9897514,3163926,1,2,13.06144126097054,0,0.2639,0.0844,2.3e-05,1,0.17433873915885134,False,
2025-12-03 02:05:00,8905435,6120815,4,4,15.026250831157606,0,0.2375,0.1632,5.3e-05,1,0.25287858184233325,False,
2025-12-03 02:10:00,7439108,7138141,2,3,14.577249799311392,0,0.1984,0.1904,3.4e-05,1,0.2514073840031993,False,
2025-12-03 02:15:00,10581048,5687924,2,2,16.268972822446507,0,0.2822,0.1517,2.5e-05,1,0.26052858784893207,False,
2025-12-03 02:20:00,8452411,7383615,1,2,15.83602708013529,0,0.2254,0.1969,1.9e-05,1,0.2458155861572423,False,
2025-12-03 02:25:00,7897132,3846741,1,2,11.74387399744226,0,0.2106,0.1026,2.6e-05,1,0.1877296685947462,False,
2025-12-03 02:30:00,7650713,7087910,3,1,14.73862443682312,0,0.204,0.189,2.7e-05,1,0.25828280527678626,False,
2025-12-03 02:35:00,13221939,7647806,3,1,20.869746192625573,0,0.3526,0.2039,1.9e-05,1,0.062141141358446284,False,
2025-12-03 02:40:00,8528806,7468998,1,2,15.997804727894206,0,0.2274,0.1992,1.9e-05,1,0.24644912752337916,False,
2025-12-03 02:45:00,8294360,7142451,2,1,15.43681145605952,0,0.2212,0.1905,1.9e-05,1,0.2567448339325014,False,
2025-12-03 02:50:00,10382128,6558587,3,1,16.940715604136177,0,0.2769,0.1749,2.4e-05,1,0.24971559966524332,False,
2025-12-03 02:55:00,7664846,6805513,1,2,14.470360170665677,0,0.2044,0.1815,2.1e-05,1,0.24820437406999046,False,
2025-12-03 03:00:00,9336857,4959788,2,1,14.296645729204242,0,0.249,0.1323,2.1e-05,1,0.25312706140750296,False,
2025-12-03 03:05:00,10838039,6760709,5,1,17.598749282384247,0,0.289,0.1803,3.4e-05,1,0.2395540422768206,False,
2025-12-03 03:10:00,11877896,5590933,0,1,17.468829870822937,0,0.3167,0.1491,6e-06,1,0.14262784307119725,False,
2025-12-03 03:15:00,9494819,5404911,3,0,14.89973130023923,0,0.2532,0.1441,2e-05,1,0.25967228342612386,False,
2025-12-03 03:20:00,10237621,5083514,3,4,15.321135569492656,0,0.273,0.1356,4.6e-05,1,0.23791887283097835,False,
2025-12-03 03:25:00,7160418,6610922,3,2,13.771340858489753,0,0.1909,0.1763,3.6e-05,1,0.2487101328318847,False,
2025-12-03 03:30:00,9451446,5111188,4,2,14.56263471460546,0,0.252,0.1363,4.1e-05,1,0.2595716670887927,False,
2025-12-03 03:35:00,10027278,5752838,1,3,15.780117362969348,0,0.2674,0.1534,2.5e-05,1,0.2641681441372369,False,
2025-12-03 03:40:00,7810923,4988140,5,1,12.799064294961198,0,0.2083,0.133,4.7e-05,1,0.24390938704084997,False,
2025-12-03 03:45:00,8371152,6186651,5,3,14.557803397325422,0,0.2232,0.165,5.5e-05,1,0.23883973316302176,False,
2025-12-03 03:50:00,9741566,6227480,3,2,15.969046857752712,0,0.2598,0.1661,3.1e-05,1,0.2618715789559136,False,
2025-12-03 03:55:00,7341358,5130296,5,2,12.471654590990136,0,0.1958,0.1368,5.6e-05,1,0.2161439310033807,False,
2025-12-03 04:00:00,9754178,7107029,2,0,16.86120841001434,0,0.2601,0.1895,1.2e-05,1,0.23373608851422645,False,
2025-12-03 04:05:00,8770238,6781403,3,2,15.551641984002634,0,0.2339,0.1808,3.2e-05,1,0.27242283267707407,False,
2025-12-03 04:10:00,10003104,6623590,2,0,16.62669459864598,0,0.2667,0.1766,1.2e-05,1,0.2278478993065226,False,
2025-12-03 04:15:00,9663941,6011930,3,2,15.675872386488814,0,0.2577,0.1603,3.2e-05,1,0.26928853481510484,False,
2025-12-03 04:20:00,10008354,5542856,1,2,15.55121086867872,0,0.2669,0.1478,1.9e-05,1,0.25486395532813994,False,
2025-12-03 04:25:00,6557410,6461271,2,2,13.018681109790188,0,0.1749,0.1723,3.1e-05,1,0.23375497159474712,False,
2025-12-03 04:30:00,10000188,5012143,4,3,15.01233230453277,0,0.2667,0.1337,4.7e-05,1,0.24663810011371567,False,
2025-12-03 04:35:00,11413772,7014891,4,1,18.428664588035858,0,0.3044,0.1871,2.7e-05,1,0.2026315816451093,False,
2025-12-03 04:40:00,9186124,6635245,4,1,15.821370459654444,0,0.245,0.1769,3.2e-05,1,0.271873366616119,False,
2025-12-03 04:45:00,7633818,4492657,1,3,12.126475643567034,0,0.2036,0.1198,3.3e-05,1,0.21487662393198464,False,
2025-12-03 04:50:00,11226052,7830671,2,1,19.05672390881645,0,0.2994,0.2088,1.6e-05,1,0.1548223576627159,False,
2025-12-03 04:55:00,7806318,7130829,4,3,14.937147364052624,0,0.2082,0.1902,4.7e-05,1,0.24664018680131145,False,
2025-12-03 05:00:00,9024294,5383668,4,1,14.407963228473342,0,0.2406,0.1436,3.5e-05,1,0.2639333770123477,False,
2025-12-03 05:05:00,8405496,6075790,2,1,14.481286458537303,0,0.2241,0.162,2.1e-05,1,0.256592745511513,False,
2025-12-03 05:10:00,6800254,7297961,2,3,14.098216752945705,0,0.1813,0.1946,3.5e-05,1,0.2339378467790419,False,
2025-12-03 05:15:00,8868411,6049562,4,1,14.917974077861745,0,0.2365,0.1613,3.4e-05,1,0.27580945881803315,False,
2025-12-03 05:20:00,7973030,8650324,0,3,16.623355130998956,0,0.2126,0.2307,1.8e-05,1,0.1780516679884675,False,
2025-12-03 05:25:00,10539002,4856313,2,1,15.395316019767982,0,0.281,0.1295,1.9e-05,1,0.23039093751086165,False,
2025-12-03 05:30:00,10687320,5163498,5,3,15.850819177581302,0,0.285,0.1377,5e-05,1,0.22554614241782228,False,
2025-12-03 05:35:00,9233700,6935317,2,2,16.169018218154303,0,0.2462,0.1849,2.5e-05,1,0.26910404826967277,False,
2025-12-03 05:40:00,9074849,5974348,1,2,15.049198631426814,0,0.242,0.1593,2e-05,1,0.266153132836632,False,
2025-12-03 05:45:00,8574375,5276840,1,3,13.851216684605577,0,0.2286,0.1407,2.9e-05,1,0.2590943851420835,False,
2025-12-03 05:50:00,9487533,7294868,4,2,16.782401712478602,0,0.253,0.1945,3.6e-05,1,0.2585903605595765,False,
2025-12-03 05:55:00,8407831,6705044,5,3,15.112876127197492,0,0.2242,0.1788,5.3e-05,1,0.24357819885432386,False,
2025-12-03 06:00:00,4869316,4532989,6,1,9.402306046836058,0,0.1298,0.1209,7.4e-05,1,0.013420588366530262,False,
2025-12-03 06:05:00,12220503,6871516,4,0,19.09201959976915,0,0.3259,0.1832,2.1e-05,1,0.15210316327762297,False,
2025-12-03 06:10:00,11098943,6460614,1,1,17.559557642141062,0,0.296,0.1723,1.1e-05,1,0.19763079782984783,False,
2025-12-03 06:15:00,9730758,4216635,3,0,13.94739402828372,0,0.2595,0.1124,2.2e-05,1,0.2197186436513066,False,
2025-12-03 06:20:00,11499353,5977797,4,3,17.477151363864035,0,0.3066,0.1594,4e-05,1,0.2112725753931866,False,
2025-12-03 06:25:00,9656407,4388613,2,1,14.045020312757936,0,0.2575,0.117,2.1e-05,1,0.22386261989513462,False,
2025-12-03 06:30:00,12707286,6290566,2,1,18.99785206633743,0,0.3389,0.1677,1.6e-05,1,0.12704649108533095,False,
2025-12-03 06:35:00,8010275,7255918,4,1,15.266194159497534,0,0.2136,0.1935,3.3e-05,1,0.2602555632888183,False,
2025-12-03 06:40:00,8489884,7373459,3,2,15.863343862496093,0,0.2264,0.1966,3.2e-05,1,0.25332739622437267,False,
2025-12-03 06:45:00,9861545,5751705,2,2,15.61325160051824,0,0.263,0.1534,2.6e-05,1,0.2667572798781548,False,
2025-12-03 06:50:00,8271658,7294244,3,1,15.565902948417929,0,0.2206,0.1945,2.6e-05,1,0.2620544753107469,False,
2025-12-03 06:55:00,9257352,6616780,4,0,15.87413318610284,0,0.2469,0.1764,2.5e-05,1,0.26923091982296293,False,
2025-12-03 07:00:00,8439725,4976359,0,1,13.41608506813382,0,0.2251,0.1327,7e-06,1,0.17989712285340453,False,
2025-12-03 07:05:00,9826358,6159185,0,2,15.985543957169554,0,0.262,0.1642,1.3e-05,1,0.2353830152493221,False,
2025-12-03 07:10:00,8528623,6569249,2,2,15.097873916036953,0,0.2274,0.1752,2.6e-05,1,0.2682324483482564,False,
2025-12-03 07:15:00,9885640,4703674,1,2,14.589315225991756,0,0.2636,0.1254,2.1e-05,1,0.24207748597131812,False,
2025-12-03 07:20:00,8128764,6902664,2,1,15.031428260459414,0,0.2168,0.1841,2e-05,1,0.26168185555524204,False,
2025-12-03 07:25:00,8571800,5777404,3,2,14.349205117546248,0,0.2286,0.1541,3.5e-05,1,0.2669193601904824,False,
2025-12-03 07:30:00,10937654,8227408,4,3,19.16506255201912,0,0.2917,0.2194,3.7e-05,1,0.15543194462329796,False,
2025-12-03 07:35:00,9758110,5158679,3,1,14.916790275234554,0,0.2602,0.1376,2.7e-05,1,0.2616664656128905,False,
2025-12-03 07:40:00,8546811,5855026,0,0,14.40183788296694,0,0.2279,0.1561,0.0,1,0.16921582314604683,False,
2025-12-03 07:45:00,8894124,4005440,3,1,12.899564910304258,0,0.2372,0.1068,3.1e-05,1,0.2228893699110413,False,
2025-12-03 07:50:00,8133101,5294827,4,4,13.427929014207374,0,0.2169,0.1412,6e-05,1,0.21939406226574504,False,
2025-12-03 07:55:00,10170403,7096721,2,3,17.2671241572385,0,0.2712,0.1892,2.9e-05,1,0.24738242191797472,False,
2025-12-03 08:00:00,9782563,6043781,4,3,15.826345102226869,0,0.2609,0.1612,4.4e-05,1,0.2468558728034681,False,
2025-12-03 08:05:00,10283456,4597803,2,1,14.881260466129184,0,0.2742,0.1226,2e-05,1,0.22979105423655194,False,
2025-12-03 08:10:00,11757315,6839265,6,3,18.59658149202661,0,0.3135,0.1824,4.8e-05,1,0.1638823561769588,False,
2025-12-03 08:15:00,10242757,7045501,0,3,17.28825942571516,0,0.2731,0.1879,1.7e-05,1,0.2329727697205966,False,
2025-12-03 08:20:00,8725154,3915105,2,1,12.64026009850117,0,0.2327,0.1044,2.4e-05,1,0.21154673683297898,False,
2025-12-03 08:25:00,10211993,6874290,4,1,17.0862837413368,0,0.2723,0.1833,2.9e-05,1,0.24770086539859987,False,
2025-12-03 08:30:00,9502915,5873254,2,1,15.376169768637643,0,0.2534,0.1566,2e-05,1,0.26004396465747753,False,
2025-12-03 08:35:00,10424045,4624111,4,2,15.048156788057168,0,0.278,0.1233,4e-05,1,0.2365797693634213,False,
2025-12-03 08:40:00,7768052,4980438,1,2,12.74849085990656,0,0.2071,0.1328,2.4e-05,1,0.238112533203791,False,
2025-12-03 08:45:00,9337478,6060884,2,2,15.398362314739902,0,0.249,0.1616,2.6e-05,1,0.27116277668112776,False,
2025-12-03 08:50:00,9188133,5700926,6,3,14.889060263219973,0,0.245,0.152,6e-05,1,0.2245821359222035,False,
2025-12-03 08:55:00,9898211,6943827,1,2,16.842038848449654,0,0.264,0.1852,1.8e-05,1,0.25156566749337583,False,
2025-12-03 09:00:00,7587427,4098084,6,2,11.685511866009508,0,0.2023,0.1093,6.8e-05,1,0.13470758097533264,False,
2025-12-03 09:05:00,9123864,5037122,3,5,14.16098679626843,0,0.2433,0.1343,5.6e-05,1,0.22883447845123345,False,
2025-12-03 09:10:00,11458778,5849358,0,4,17.3081373159627,0,0.3056,0.156,2.3e-05,1,0.22371123172572738,False,
2025-12-03 09:15:00,8010300,3950114,4,3,11.960415058146866,0,0.2136,0.1053,5.9e-05,1,0.17260993031262845,False,
2025-12-03 09:20:00,9166236,5742050,3,1,14.908286969552927,0,0.2444,0.1531,2.7e-05,1,0.27133848307843844,False,
2025-12-03 09:25:00,6855795,6369453,4,2,13.225248602508437,0,0.1828,0.1699,4.5e-05,1,0.2304870010692019,False,
2025-12-03 09:30:00,6062639,6658361,4,5,12.721001083941369,0,0.1617,0.1776,7.1e-05,1,0.1411015956080628,False,
2025-12-03 09:35:00,11032027,6855673,2,3,17.887701143009814,0,0.2942,0.1828,2.8e-05,1,0.23612631237443393,False,
2025-12-03 09:40:00,7592981,5640615,0,0,13.233597209482609,0,0.2025,0.1504,0.0,1,0.1357018547040555,False,
2025-12-03 09:45:00,7190891,7700682,1,1,14.891574517187331,0,0.1918,0.2054,1.3e-05,1,0.2013383998627214,False,
2025-12-03 09:50:00,11340060,8263706,2,0,19.603766941248605,0,0.3024,0.2204,1e-05,1,0.0947876769849686,False,
2025-12-03 09:55:00,5929175,5260735,3,2,11.189911076282218,0,0.1581,0.1403,4.5e-05,1,0.1799987550549642,False,
2025-12-03 10:00:00,9844501,3181794,5,0,13.026296101492834,0,0.2625,0.0848,3.8e-05,1,0.18437920278617442,False,
2025-12-03 10:05:00,10723539,6718619,1,2,17.442159125860922,0,0.286,0.1792,1.7e-05,1,0.22760612520381207,False,
2025-12-03 10:10:00,9427089,5752024,2,1,15.179113827568678,0,0.2514,0.1534,2e-05,1,0.26423718140481856,False,
2025-12-03 10:15:00,7989965,4875114,6,1,12.86508023736904,0,0.2131,0.13,5.4e-05,1,0.23211270186026078,False,
2025-12-03 10:20:00,8819840,6572315,1,2,15.392156948694987,0,0.2352,0.1753,1.9e-05,1,0.26205805263389637,False,
2025-12-03 10:25:00,8150149,5775048,1,3,13.925198216304713,0,0.2173,0.154,2.9e-05,1,0.26896924373648595,False,
2025-12-03 10:30:00,10830716,6528795,3,2,17.35951234264782,0,0.2888,0.1741,2.9e-05,1,0.24175811457092838,False,
2025-12-03 10:35:00,7565427,5577055,2,2,13.142482782430845,0,0.2017,0.1487,3e-05,1,0.25003156964005063,False,
2025-12-03 10:40:00,8608387,8330261,3,4,16.938648893780435,0,0.2296,0.2221,4.1e-05,1,0.19312215127316928,False,
2025-12-03 10:45:00,10086899,6938810,3,0,17.02570982719449,0,0.269,0.185,1.8e-05,1,0.23771844300774397,False,
2025-12-03 10:50:00,5548406,6726167,4,3,12.274573948841072,0,0.148,0.1794,5.7e-05,1,0.1585518448679618,False,
2025-12-03 10:55:00,5983236,6231889,3,1,12.21512619809364,0,0.1596,0.1662,3.3e-05,1,0.20811384109410536,False,
2025-12-03 11:00:00,6510448,5182041,1,1,11.692489218199096,0,0.1736,0.1382,1.7e-05,1,0.17718653292130554,False,
2025-12-03 11:05:00,11491127,7003525,6,4,18.494653359995134,0,0.3064,0.1868,5.4e-05,1,0.15246924708499066,False,
2025-12-03 11:10:00,11329605,4365245,3,5,15.694850646547,0,0.3021,0.1164,5.1e-05,1,0.18134522059487146,False,
2025-12-03 11:15:00,11086943,6773287,3,2,17.860230658031544,0,0.2957,0.1806,2.8e-05,1,0.2351408348299147,False,
2025-12-03 11:20:00,8670808,8884430,2,0,17.555239197408774,0,0.2312,0.2369,1.1e-05,1,0.1456718371660073,False,
2025-12-03 11:25:00,9363335,6337707,4,0,15.701042267216415,0,0.2497,0.169,2.5e-05,1,0.2699399872125724,False,
2025-12-03 11:30:00,8760967,6247603,3,2,15.008570513686918,0,0.2336,0.1666,3.3e-05,1,0.2711399136806084,False,
2025-12-03 11:35:00,9518278,4642019,5,0,14.160297746345943,0,0.2538,0.1238,3.5e-05,1,0.24027724608288853,False,
2025-12-03 11:40:00,7368534,6849435,1,1,14.217970420415138,0,0.1965,0.1827,1.4e-05,1,0.21675743968315336,False,
2025-12-03 11:45:00,8392643,8002699,3,1,16.395343338167905,0,0.2238,0.2134,2.4e-05,1,0.22388689433162967,False,
2025-12-03 11:50:00,8569576,6998761,1,1,15.568337406675688,0,0.2285,0.1866,1.3e-05,1,0.24580017378352353,False,
2025-12-03 11:55:00,10578914,6548971,4,3,17.127886334278095,0,0.2821,0.1746,4.1e-05,1,0.23186576557038213,False,
2025-12-03 12:00:00,8543948,4898585,2,2,13.44253364561456,0,0.2278,0.1306,3e-05,1,0.2541498503251858,False,
2025-12-03 12:05:00,10731046,5449454,6,4,16.18050094106078,0,0.2862,0.1453,6.2e-05,1,0.18886291069990047,False,
2025-12-03 12:10:00,5071713,6518902,2,2,11.590616558404356,0,0.1352,0.1738,3.5e-05,1,0.16140762338810855,False,
2025-12-03 12:15:00,10856292,7695736,1,1,18.55202915659189,0,0.2895,0.2052,1.1e-05,1,0.16529153317085976,False,
2025-12-03 12:20:00,9170018,6733828,4,2,15.903846505886008,0,0.2445,0.1796,3.8e-05,1,0.26561467929330973,False,
2025-12-03 12:25:00,7330279,7722727,6,1,15.053006631802276,0,0.1955,0.2059,4.7e-05,1,0.21730854331415422,False,
2025-12-03 12:30:00,13472089,5623633,1,3,19.095723897560685,0,0.3593,0.15,2.1e-05,1,0.11381197590518544,False,
2025-12-03 12:35:00,9896067,5482723,2,1,15.378790258726424,0,0.2639,0.1462,2e-05,1,0.25660372800146575,False,
2025-12-03 12:40:00,8734377,5053694,2,3,13.788071414953116,0,0.2329,0.1348,3.6e-05,1,0.2572530489185622,False,
2025-12-03 12:45:00,7192047,7060392,4,2,14.252439961577611,0,0.1918,0.1883,4.2e-05,1,0.23819022256404293,False,
2025-12-03 12:50:00,8992604,6170803,6,1,15.163408559070406,0,0.2398,0.1646,4.6e-05,1,0.2614402013155394,False,
2025-12-03 12:55:00,8123352,6185406,5,3,14.308759016439998,0,0.2166,0.1649,5.6e-05,1,0.23951171950997924,False,
2025-12-03 13:00:00,10345747,3394157,3,3,13.739904746818445,0,0.2759,0.0905,4.4e-05,1,0.17802797963416733,False,
2025-12-03 13:05:00,9027124,5039277,0,1,14.066401854754112,0,0.2407,0.1344,7e-06,1,0.19610738312014808,False,
2025-12-03 13:10:00,8599470,6786407,0,3,15.38587820649227,0,0.2293,0.181,1.9e-05,1,0.25824189552635995,False,
2025-12-03 13:15:00,9581908,6892187,3,0,16.47409625085463,0,0.2555,0.1838,1.8e-05,1,0.2559949789206038,False,
2025-12-03 13:20:00,7715809,5499866,0,2,13.215676956305142,0,0.2058,0.1467,1.5e-05,1,0.22263873509323695,False,
2025-12-03 13:25:00,7515515,4702159,2,0,12.217674911426164,0,0.2004,0.1254,1.6e-05,1,0.1940690232540105,False,
2025-12-03 13:30:00,12222367,7996529,2,1,20.21889714063971,0,0.3259,0.2132,1.5e-05,1,0.07356291629750988,False,
2025-12-03 13:35:00,12675423,7127981,3,0,19.803404841531627,0,0.338,0.1901,1.5e-05,1,0.10404948947170567,False,
2025-12-03 13:40:00,7557078,5075520,3,0,12.632599033515127,0,0.2015,0.1353,2.4e-05,1,0.23368268629807992,False,
2025-12-03 13:45:00,8759721,5776072,4,2,14.535793442863875,0,0.2336,0.154,4.1e-05,1,0.2618919112591766,False,
2025-12-03 13:50:00,11629049,6261524,1,1,17.890573543311316,0,0.3101,0.167,1.1e-05,1,0.1730964842458116,False,
2025-12-03 13:55:00,8851231,5940256,4,2,14.791488847754293,0,0.236,0.1584,4.1e-05,1,0.2688726012847707,False,
2025-12-03 14:00:00,8824974,5784272,6,2,14.609247544528348,0,0.2353,0.1542,5.5e-05,1,0.24328540164183698,False,
2025-12-03 14:05:00,7640812,4301864,2,2,11.942676211361116,0,0.2038,0.1147,3.3e-05,1,0.20777426145812994,False,
2025-12-03 14:10:00,9139426,6888544,3,2,16.027971449576494,0,0.2437,0.1837,3.1e-05,1,0.27090521629833614,False,
2025-12-03 14:15:00,8867947,5121757,2,3,13.989704943960632,0,0.2365,0.1366,3.6e-05,1,0.26331715801082506,False,
2025-12-03 14:20:00,7121649,6986551,2,1,14.1082012337904,0,0.1899,0.1863,2.1e-05,1,0.23521621355611716,False,
2025-12-03 14:25:00,7294894,7000052,5,0,14.294947428523011,0,0.1945,0.1867,3.5e-05,1,0.25322724530994617,False,
2025-12-03 14:30:00,8808450,6880719,0,3,15.689169937908352,0,0.2349,0.1835,1.9e-05,1,0.2624608542283262,False,
2025-12-03 14:35:00,9797433,5083666,11,1,14.881099725277547,0,0.2613,0.1356,8.1e-05,1,0.1217051356292077,False,
2025-12-03 14:40:00,8119270,5152760,5,2,13.27203102631296,0,0.2165,0.1374,5.3e-05,1,0.24394969548259043,False,
2025-12-03 14:45:00,10165902,6004495,5,3,16.170398062929923,0,0.2711,0.1601,4.9e-05,1,0.23244983240296635,False,
2025-12-03 14:50:00,9751928,6501594,3,2,16.253522537844965,0,0.2601,0.1734,3.1e-05,1,0.2685361399430244,False,
2025-12-03 14:55:00,8755126,4631932,6,1,13.387058928635708,0,0.2335,0.1235,5.2e-05,1,0.2318467479740859,False,
2025-12-03 15:00:00,8542799,5580246,2,1,14.12304610102476,0,0.2278,0.1488,2.1e-05,1,0.2560429402645271,False,
2025-12-03 15:05:00,10605111,5082869,2,2,15.68798123440335,0,0.2828,0.1355,2.5e-05,1,0.24834695369975507,False,
2025-12-03 15:10:00,10214551,6840054,3,5,17.054605852978582,0,0.2724,0.1824,4.7e-05,1,0.22020776375361223,False,
2025-12-03 15:15:00,9105116,3909439,3,1,13.014555539005247,0,0.2428,0.1043,3.1e-05,1,0.2223656274397653,False,
2025-12-03 15:20:00,10736736,5845943,4,2,16.582679886081017,0,0.2863,0.1559,3.6e-05,1,0.25226365555932406,False,
2025-12-03 15:25:00,8525921,6507546,3,0,15.03346756655124,0,0.2274,0.1735,2e-05,1,0.2619421685463411,False,
2025-12-03 15:30:00,7688687,6618697,3,1,14.307385319060732,0,0.205,0.1765,2.8e-05,1,0.2617738624962341,False,
2025-12-03 15:35:00,11261056,6196147,2,0,17.457204415199655,0,0.3003,0.1652,1.1e-05,1,0.19156495194583434,False,
2025-12-03 15:40:00,8717947,6579344,6,5,15.297291734580506,0,0.2325,0.1754,7.2e-05,1,0.1702994635017991,False,
2025-12-03 15:45:00,7753539,6857284,1,4,14.610824532346667,0,0.2068,0.1829,3.4e-05,1,0.2597619781722275,False,
2025-12-03 15:50:00,7525192,6925035,5,1,14.450228534434888,0,0.2007,0.1847,4.2e-05,1,0.24750366666523455,False,
2025-12-03 15:55:00,9718450,4139963,2,4,13.85841454909368,0,0.2592,0.1104,4.3e-05,1,0.21158054379914543,False,
2025-12-03 16:00:00,9599200,6655687,4,2,16.254887497946697,0,0.256,0.1775,3.7e-05,1,0.2625237022880996,False,
2025-12-03 16:05:00,9436480,4258542,1,1,13.695022739172083,0,0.2516,0.1136,1.5e-05,1,0.20056644449991695,False,
2025-12-03 16:10:00,7235502,6371127,2,2,13.60663032600006,0,0.1929,0.1699,2.9e-05,1,0.242342367794245,False,
2025-12-03 16:15:00,10316427,8236040,2,5,18.552467861581405,0,0.2751,0.2196,3.8e-05,1,0.17934755624397575,False,
2025-12-03 16:20:00,7732606,4539132,6,3,12.271738776822003,0,0.2062,0.121,7.3e-05,1,0.13228170668911132,False,
2025-12-03 16:25:00,8497000,4722405,4,1,13.219406178508043,0,0.2266,0.1259,3.8e-05,1,0.24481237565439035,False,
2025-12-03 16:30:00,6260896,7989779,2,1,14.250676266147186,0,0.167,0.2131,2.1e-05,1,0.18846479535232902,False,
2025-12-03 16:35:00,10528385,6087013,1,2,16.615398838226067,0,0.2808,0.1623,1.8e-05,1,0.24788523160213644,False,
2025-12-03 16:40:00,10842620,5119491,0,3,15.962112346946643,0,0.2891,0.1365,1.9e-05,1,0.23174511564056016,False,
2025-12-03 16:45:00,8406234,8831395,7,5,17.23762907209611,0,0.2242,0.2355,7e-05,1,0.0908372472142619,False,
2025-12-03 16:50:00,9306512,5732628,5,1,15.039140977634032,0,0.2482,0.1529,4e-05,1,0.27016333672062426,False,
2025-12-03 16:55:00,8617743,6458609,3,1,15.076353253798382,0,0.2298,0.1722,2.7e-05,1,0.2682065525723482,False,
2025-12-03 17:00:00,9232674,5023319,1,2,14.25599470738081,0,0.2462,0.134,2.1e-05,1,0.25091385843213426,False,
2025-12-03 17:05:00,7910017,5982531,1,0,13.89254934995177,0,0.2109,0.1595,7e-06,1,0.19511129968782331,False,
2025-12-03 17:10:00,11925208,6864941,4,0,18.79014970526047,0,0.318,0.1831,2.1e-05,1,0.17262829207851382,False,
2025-12-03 17:15:00,7355201,5709140,6,1,13.0643423050461,0,0.1961,0.1522,5.4e-05,1,0.23628841148845725,False,
2025-12-03 17:20:00,9506992,5133040,6,3,14.640032970149358,0,0.2535,0.1369,6.1e-05,1,0.2141440392742005,False,
2025-12-03 17:25:00,10005176,6113435,2,2,16.118612420268978,0,0.2668,0.163,2.5e-05,1,0.2623440844310882,False,
2025-12-03 17:30:00,9853075,8064615,3,1,17.91769123507782,0,0.2627,0.2151,2.2e-05,1,0.20346044084322984,False,
2025-12-03 17:35:00,8413622,6547093,3,1,14.960715940219576,0,0.2244,0.1746,2.7e-05,1,0.2670827639062315,False,
2025-12-03 17:40:00,11059747,5858193,3,3,16.917940690963114,0,0.2949,0.1562,3.5e-05,1,0.23841220264177104,False,
2025-12-03 17:45:00,11439792,6008939,3,2,17.448731949630915,0,0.3051,0.1602,2.9e-05,1,0.2234666573190438,False,
2025-12-03 17:50:00,8118316,8081653,4,1,16.199970356109965,0,0.2165,0.2155,3.1e-05,1,0.22432899150529323,False,
2025-12-03 17:55:00,9108073,6055721,3,1,15.1637949833943,0,0.2429,0.1615,2.6e-05,1,0.275368539888186,False,
2025-12-03 18:00:00,11252226,7082755,2,0,18.33498221354936,0,0.3001,0.1889,1.1e-05,1,0.17385947638531069,False,
2025-12-03 18:05:00,10698937,6071855,5,2,16.77079290575128,0,0.2853,0.1619,4.2e-05,1,0.23450025751252324,False,
2025-12-03 18:10:00,8986051,4816697,3,1,13.8027490802087,0,0.2396,0.1284,2.9e-05,1,0.2502598108267034,False,
2025-12-03 18:15:00,8961357,6167871,1,1,15.129228992933925,0,0.239,0.1645,1.3e-05,1,0.24691477371702175,False,
2025-12-03 18:20:00,10967950,4807903,2,3,15.775854176645154,0,0.2925,0.1282,3.2e-05,1,0.24431418963737772,False,
2025-12-03 18:25:00,9623946,4491276,3,3,14.11522335480969,0,0.2566,0.1198,4.3e-05,1,0.2219174902862106,False,
2025-12-03 18:30:00,9800457,5912556,2,3,15.713013995979711,0,0.2613,0.1577,3.2e-05,1,0.2637233693891668,False,
2025-12-03 18:35:00,11721956,5640352,4,3,17.3623088822311,0,0.3126,0.1504,4e-05,1,0.20327625627196777,False,
2025-12-03 18:40:00,10958754,3200514,1,2,14.159269289075109,0,0.2922,0.0853,2.1e-05,1,0.17680008159443728,False,
2025-12-03 18:45:00,9176223,7457323,1,0,16.633546284989738,0,0.2447,0.1989,6e-06,1,0.19833219862856455,False,
2025-12-03 18:50:00,8648817,6711113,4,0,15.359931177281403,0,0.2306,0.179,2.6e-05,1,0.26747814584349094,False,
2025-12-03 18:55:00,7064224,2907538,1,2,9.971762675556697,0,0.1884,0.0775,3e-05,1,0.08083101790304359,False,
2025-12-03 19:00:00,9340093,6388906,3,1,15.728999776010424,0,0.2491,0.1704,2.5e-05,1,0.26842984002957937,False,
2025-12-03 19:05:00,7468690,4485027,2,3,11.953718466989963,0,0.1992,0.1196,4.2e-05,1,0.21051080804239863,False,
2025-12-03 19:10:00,9708550,6754430,5,3,16.4629812025904,0,0.2589,0.1801,4.9e-05,1,0.23862476685640172,False,
2025-12-03 19:15:00,9089478,7111646,0,1,16.2011240920385,0,0.2424,0.1896,6e-06,1,0.21240475477691767,False,
2025-12-03 19:20:00,7932273,4286818,0,7,12.219091381322247,0,0.2115,0.1143,5.7e-05,1,0.18963631224758276,False,
2025-12-03 19:25:00,8778924,6596560,3,0,15.37548559924842,0,0.2341,0.1759,2e-05,1,0.2653800144925878,False,
2025-12-03 19:30:00,11945521,3758810,2,3,15.704332037601615,0,0.3185,0.1002,3.2e-05,1,0.17342546199547543,False,
2025-12-03 19:35:00,6489604,6415445,3,2,12.905049768656523,0,0.1731,0.1711,3.9e-05,1,0.22954062452372104,False,
2025-12-03 19:40:00,7289876,6099212,5,4,13.38908902990302,0,0.1944,0.1626,6.7e-05,1,0.18974845915089722,False,
2025-12-03 19:45:00,4107181,7325885,2,4,11.433067136575662,0,0.1095,0.1954,5.2e-05,1,0.10718894933016021,False,
2025-12-03 19:50:00,10491607,4820709,0,0,15.312317637512091,0,0.2798,0.1286,0.0,1,0.14608092735624617,False,
2025-12-03 19:55:00,9853783,6351734,9,0,16.205518549716047,0,0.2628,0.1694,5.6e-05,1,0.22021719138965484,False,
2025-12-03 20:00:00,8456343,5993277,3,2,14.44962088709218,0,0.2255,0.1598,3.5e-05,1,0.26657240001052096,False,
2025-12-03 20:05:00,11270517,6773095,4,4,18.04361224789534,0,0.3005,0.1806,4.4e-05,1,0.1982350745451527,False,
2025-12-03 20:10:00,8956558,8050291,2,1,17.00684982477116,0,0.2388,0.2147,1.8e-05,1,0.21123776463506,False,
2025-12-03 20:15:00,7795879,6440969,1,4,14.236848559145724,0,0.2079,0.1718,3.5e-05,1,0.2616531323855609,False,
2025-12-03 20:20:00,7471630,5550703,3,4,13.022334708262845,0,0.1992,0.148,5.4e-05,1,0.2353171201026228,False,
2025-12-03 20:25:00,9365173,5197127,6,5,14.562301425935138,0,0.2497,0.1386,7.6e-05,1,0.14487895964387143,False,
2025-12-03 20:30:00,9154113,4671013,1,2,13.825127286380862,0,0.2441,0.1246,2.2e-05,1,0.23467978790646904,False,
2025-12-03 20:35:00,8581281,6141911,1,2,14.723192249918524,0,0.2288,0.1638,2e-05,1,0.2577774078457152,False,
2025-12-03 20:40:00,11629458,6550265,3,2,18.17972408916896,0,0.3101,0.1747,2.8e-05,1,0.2047995210107953,False,
2025-12-03 20:45:00,8127534,8488984,4,3,16.616519201408746,0,0.2167,0.2264,4.2e-05,1,0.18619448436882274,False,
2025-12-03 20:50:00,12050689,4758679,5,0,16.809369082134435,0,0.3214,0.1269,3e-05,1,0.20570988564424403,False,
2025-12-03 20:55:00,11496003,6432507,2,2,17.928510417459982,0,0.3066,0.1715,2.2e-05,1,0.21066033544908475,False,
2025-12-03 21:00:00,10098101,7028981,2,2,17.127083359434515,0,0.2693,0.1874,2.3e-05,1,0.24628891237858536,False,
2025-12-03 21:05:00,7255331,6006278,2,1,13.261609834774632,0,0.1935,0.1602,2.3e-05,1,0.2366316159159942,False,
2025-12-03 21:10:00,7729957,3069571,4,1,10.799529045492724,0,0.2061,0.0819,4.6e-05,1,0.12160552758658194,False,
2025-12-03 21:15:00,8005545,6071531,1,2,14.077077105636596,0,0.2135,0.1619,2.1e-05,1,0.2587575701597748,False,
2025-12-03 21:20:00,7861956,5042427,5,0,12.90438361980806,0,0.2097,0.1345,3.9e-05,1,0.24826596874205198,False,
2025-12-03 21:25:00,9701552,6188225,3,0,15.889777658940924,0,0.2587,0.165,1.9e-05,1,0.25717469261889647,False,
2025-12-03 21:30:00,6161629,6661642,3,1,12.823272011172008,0,0.1643,0.1776,3.1e-05,1,0.21641084506864872,False,
2025-12-03 21:35:00,10253810,3954802,2,1,14.208613029948507,0,0.2734,0.1055,2.1e-05,1,0.20576343449045215,False,
2025-12-03 21:40:00,8051451,5854689,4,3,13.906140859871632,0,0.2147,0.1561,5e-05,1,0.25599887307028035,False,
2025-12-03 21:45:00,7634052,5021742,4,1,12.655795010042125,0,0.2036,0.1339,4e-05,1,0.24164175741425037,False,
2025-12-03 21:50:00,9856321,6137630,5,1,15.993952091152051,0,0.2628,0.1637,3.8e-05,1,0.2603468796116715,False,
2025-12-03 21:55:00,7854380,6479228,6,3,14.333608677481402,0,0.2095,0.1728,6.3e-05,1,0.21615269476850058,False,
2025-12-03 22:00:00,9544443,6255732,3,3,15.800175543484263,0,0.2545,0.1668,3.8e-05,1,0.2585919545315159,False,
2025-12-03 22:05:00,9610905,6800806,6,1,16.411712570363793,0,0.2563,0.1814,4.3e-05,1,0.25174495723237217,False,
2025-12-03 22:10:00,9202289,5502354,2,3,14.704644561299936,0,0.2454,0.1467,3.4e-05,1,0.27042160710400004,False,
2025-12-03 22:15:00,9807531,5347909,4,1,15.155441469833708,0,0.2615,0.1426,3.3e-05,1,0.2644799640319989,False,
2025-12-03 22:20:00,8585748,6717362,3,2,15.303110895271988,0,0.229,0.1791,3.3e-05,1,0.26702886151144695,False,
2025-12-03 22:25:00,11126455,5356252,2,2,16.482708644785017,0,0.2967,0.1428,2.4e-05,1,0.24154284358254763,False,
2025-12-03 22:30:00,8714350,5494508,4,0,14.20885871164807,0,0.2324,0.1465,2.8e-05,1,0.26640208998008963,False,
2025-12-03 22:35:00,11191440,5968265,3,1,17.15970605123019,0,0.2984,0.1592,2.3e-05,1,0.2343720127933428,False,
2025-12-03 22:40:00,9290212,6511468,8,2,15.801680626060412,0,0.2477,0.1736,6.3e-05,1,0.21229307419587368,False,
2025-12-03 22:45:00,9711051,5057140,6,1,14.768191508317896,0,0.259,0.1349,4.7e-05,1,0.24708509551536773,False,
2025-12-03 22:50:00,9507335,7994514,3,0,17.501850051133545,0,0.2535,0.2132,1.7e-05,1,0.19933824141619527,False,
2025-12-03 22:55:00,9490663,7825899,1,3,17.316563772195735,0,0.2531,0.2087,2.3e-05,1,0.22746266700285644,False,
2025-12-03 23:00:00,9533376,4601354,1,6,14.13473140838954,0,0.2542,0.1227,5e-05,1,0.22079781821368882,False,
2025-12-03 23:05:00,8466787,4597702,5,2,13.064489633988238,0,0.2258,0.1226,5.4e-05,1,0.22124881393999601,False,
2025-12-03 23:10:00,8500322,6122315,5,1,14.622637497446892,0,0.2267,0.1633,4.1e-05,1,0.2631933019588597,False,
2025-12-03 23:15:00,10570673,6180700,0,2,16.751373844526128,0,0.2819,0.1648,1.2e-05,1,0.22160783070217727,False,
2025-12-03 23:20:00,8977935,4866686,6,1,13.844622689383254,0,0.2394,0.1298,5.1e-05,1,0.2426025858272416,False,
2025-12-03 23:25:00,10858688,3912916,0,2,14.771604185717264,0,0.2896,0.1043,1.4e-05,1,0.17387180941528735,False,
2025-12-03 23:30:00,9503152,5729580,4,1,15.232733151128238,0,0.2534,0.1528,3.3e-05,1,0.2687369586155979,False,
2025-12-03 23:35:00,8087384,8013186,5,2,16.100570981253657,0,0.2157,0.2137,4.3e-05,1,0.21400683324235664,False,
2025-12-03 23:40:00,12187697,6882447,4,2,19.0701447333698,0,0.325,0.1835,3.1e-05,1,0.1634514415390393,False,
2025-12-03 23:45:00,8678648,5900867,2,3,14.579515902457343,0,0.2314,0.1574,3.4e-05,1,0.2687542048626116,False,
2025-12-03 23:50:00,8065557,4647514,1,3,12.71307157569566,0,0.2151,0.1239,3.1e-05,1,0.2403581651202359,False,
2025-12-03 23:55:00,11221848,6517079,5,1,17.738928074842093,0,0.2992,0.1738,3.4e-05,1,0.22963789644265487,False,
2025-12-04 00:00:00,7736624,5409484,1,1,13.14610891420163,0,0.2063,0.1443,1.5e-05,1,0.22147593878511979,False,
2025-12-04 00:05:00,8446196,7066347,3,2,15.512544880182228,0,0.2252,0.1884,3.2e-05,1,0.2665746333500719,False,
2025-12-04 00:10:00,8313575,6257804,2,3,14.571379638084828,0,0.2217,0.1669,3.4e-05,1,0.26723359081254955,False,
2025-12-04 00:15:00,9276146,4956339,5,2,14.232486273836804,0,0.2474,0.1322,4.9e-05,1,0.2442495739015335,False,
2025-12-04 00:20:00,11853985,5253891,1,1,17.107876825727033,0,0.3161,0.1401,1.2e-05,1,0.1635268534254688,False,
2025-12-04 00:25:00,8867466,5984615,4,2,14.852081947068848,0,0.2365,0.1596,4e-05,1,0.266973329136382,False,
2025-12-04 00:30:00,7945835,6242479,5,2,14.188315558543598,0,0.2119,0.1665,4.9e-05,1,0.25026686563739653,False,
2025-12-04 00:35:00,9134278,5428635,3,4,14.56291393900218,0,0.2436,0.1448,4.8e-05,1,0.254003017370125,False,
2025-12-04 00:40:00,10127526,5153064,3,0,15.280591265483489,0,0.2701,0.1374,2e-05,1,0.2470128540454979,False,
2025-12-04 00:45:00,10145986,5737919,4,0,15.883906539548324,0,0.2706,0.153,2.5e-05,1,0.2627333012166288,False,
2025-12-04 00:50:00,8907406,5639602,5,1,14.547008329519509,0,0.2375,0.1504,4.1e-05,1,0.2631790862011202,False,
2025-12-04 00:55:00,11438279,4751545,4,3,16.18982491659869,0,0.305,0.1267,4.3e-05,1,0.20479284286584265,False,
2025-12-04 01:00:00,10939492,5797668,2,3,16.737160800939318,0,0.2917,0.1546,3e-05,1,0.24834975387162345,False,
2025-12-04 01:05:00,10275226,5299625,6,1,15.574851777602705,0,0.274,0.1413,4.5e-05,1,0.2396699770425481,False,
2025-12-04 01:10:00,10024244,7316940,4,0,17.341185062202317,0,0.2673,0.1951,2.3e-05,1,0.2395097289035506,False,
2025-12-04 01:15:00,10222324,6761622,3,2,16.983946006069665,0,0.2726,0.1803,2.9e-05,1,0.25007621803053753,False,
2025-12-04 01:20:00,7170843,5364652,7,3,12.535496324039288,0,0.1912,0.1431,8e-05,1,0.12925750073645725,False,
2025-12-04 01:25:00,8614144,7814151,4,4,16.428296539383698,0,0.2297,0.2084,4.9e-05,1,0.20979971267172537,False,
2025-12-04 01:30:00,8853083,4564076,2,3,13.417159886140537,0,0.2361,0.1217,3.7e-05,1,0.24045488282481237,False,
2025-12-04 01:35:00,7469238,5180832,3,3,12.650071058558687,0,0.1992,0.1382,4.7e-05,1,0.2377282434398274,False,
2025-12-04 01:40:00,11115221,5678310,2,4,16.7935321574893,0,0.2964,0.1514,3.6e-05,1,0.24728316220585717,False,
2025-12-04 01:45:00,6216862,6905691,4,4,13.12255447761397,0,0.1658,0.1842,6.1e-05,1,0.17942137542333142,False,
2025-12-04 01:50:00,9485380,9399542,3,0,18.884922950816836,0,0.2529,0.2507,1.6e-05,1,0.11132568404185961,False,
2025-12-04 01:55:00,9571209,6647461,1,2,16.21867145840797,0,0.2552,0.1773,1.8e-05,1,0.2573501718763849,False,
2025-12-04 02:00:00,9221167,7301354,3,2,16.522521550732677,0,0.2459,0.1947,3e-05,1,0.2608604043491915,False,
2025-12-04 02:05:00,9089829,3343743,3,2,12.433572987117602,0,0.2424,0.0892,4e-05,1,0.19219026896221075,False,
2025-12-04 02:10:00,6967172,6783164,3,2,13.75033754558268,0,0.1858,0.1809,3.6e-05,1,0.2435349165770752,False,
2025-12-04 02:15:00,8801909,7966238,3,3,16.76814801954634,0,0.2347,0.2124,3.6e-05,1,0.2252313451385659,False,
2025-12-04 02:20:00,7911141,7228990,5,2,15.140132460174987,0,0.211,0.1928,4.6e-05,1,0.24475445993049205,False,
2025-12-04 02:25:00,8700145,4567059,1,3,13.267205723696918,0,0.232,0.1218,3e-05,1,0.2414439650065906,False,
2025-12-04 02:30:00,7378816,7436992,2,1,14.815809077486245,0,0.1968,0.1983,2e-05,1,0.2355402167718783,False,
2025-12-04 02:35:00,8950293,7961769,5,1,16.91206281987279,0,0.2387,0.2123,3.5e-05,1,0.22595825824855048,False,
2025-12-04 02:40:00,11078903,5058113,2,3,16.13701637208243,0,0.2954,0.1349,3.1e-05,1,0.2373756499663799,False,
2025-12-04 02:45:00,7184116,7074149,5,4,14.25826565153226,0,0.1916,0.1886,6.3e-05,1,0.1948098865946158,False,
2025-12-04 02:50:00,8834699,5677507,4,0,14.512207052176654,0,0.2356,0.1514,2.8e-05,1,0.2711154266019784,False,
2025-12-04 02:55:00,8785537,5691060,4,3,14.47659735596489,0,0.2343,0.1518,4.8e-05,1,0.25390483377824774,False,
2025-12-04 03:00:00,7517184,6485775,3,1,14.002960234518484,0,0.2005,0.173,2.9e-05,1,0.2553796147339083,False,
2025-12-04 03:05:00,8537179,9581104,7,2,18.118284504787308,0,0.2277,0.2555,5e-05,1,0.11524589140520014,False,
2025-12-04 03:10:00,8115469,6848539,5,2,14.964008358102388,0,0.2164,0.1826,4.7e-05,1,0.253157345594363,False,
2025-12-04 03:15:00,7825712,6840989,2,2,14.666702573582292,0,0.2087,0.1824,2.7e-05,1,0.2602556885705422,False,
2025-12-04 03:20:00,7652124,5180269,4,3,12.832394149788804,0,0.2041,0.1381,5.5e-05,1,0.22996340337845012,False,
2025-12-04 03:25:00,8768720,6583253,2,3,15.351973876311398,0,0.2338,0.1756,3.3e-05,1,0.2678835110541843,False,
2025-12-04 03:30:00,9180204,5487209,1,0,14.667414552893534,0,0.2448,0.1463,7e-06,1,0.2161402006324289,False,
2025-12-04 03:35:00,10393828,5469265,4,3,15.863093356112518,0,0.2772,0.1458,4.4e-05,1,0.23591977299744654,False,
2025-12-04 03:40:00,6778519,6980496,3,1,13.759016191130597,0,0.1808,0.1861,2.9e-05,1,0.23231453450674205,False,
2025-12-04 03:45:00,6125381,5531916,2,1,11.6572983515646,0,0.1633,0.1475,2.6e-05,1,0.19353283272459237,False,
2025-12-04 03:50:00,7412470,3973232,5,2,11.38570277814424,0,0.1977,0.106,6.1e-05,1,0.14932114250966405,False,
2025-12-04 03:55:00,8213219,5133462,4,3,13.3466813292238,0,0.219,0.1369,5.2e-05,1,0.24387818547345963,False,
2025-12-04 04:00:00,9778803,5292522,3,2,15.07132503434072,0,0.2608,0.1411,3.3e-05,1,0.26426009649946897,False,
2025-12-04 04:05:00,8233872,4586700,2,1,12.82057243320438,0,0.2196,0.1223,2.3e-05,1,0.23031991099338706,False,
2025-12-04 04:10:00,7073818,5699090,6,3,12.772909281017505,0,0.1886,0.152,7e-05,1,0.17208476340981071,False,
2025-12-04 04:15:00,4883394,7046986,3,2,11.930381081321649,0,0.1302,0.1879,4.2e-05,1,0.14860215968921758,False,
2025-12-04 04:20:00,8925156,5515637,1,3,14.440793605481309,0,0.238,0.1471,2.8e-05,1,0.27021089725241487,False,
2025-12-04 04:25:00,4745332,6692036,3,2,11.437369125021004,0,0.1265,0.1785,4.4e-05,1,0.12568696715282845,False,
2025-12-04 04:30:00,10534102,6032545,4,2,16.56664817706702,0,0.2809,0.1609,3.6e-05,1,0.2548748928355776,False,
2025-12-04 04:35:00,9696571,7341298,0,2,17.037869077002338,0,0.2586,0.1958,1.2e-05,1,0.21955017769907254,False,
2025-12-04 04:40:00,9626433,8145163,7,1,17.771597766014622,0,0.2567,0.2172,4.5e-05,1,0.18633980612623258,False,
2025-12-04 04:45:00,9869390,5722237,2,3,15.591628636391093,0,0.2632,0.1526,3.2e-05,1,0.27010001413503587,False,
2025-12-04 04:50:00,10402905,4377281,6,1,14.780187503374078,0,0.2774,0.1167,4.7e-05,1,0.21765489652090464,False,
2025-12-04 04:55:00,7059922,4328296,4,2,11.388218960562064,0,0.1883,0.1154,5.3e-05,1,0.17012944515981687,False,
2025-12-04 05:00:00,7776600,7032289,5,2,14.808890024272678,0,0.2074,0.1875,4.7e-05,1,0.2468722193013293,False,
2025-12-04 05:05:00,9507819,6135034,2,2,15.642854435021173,0,0.2535,0.1636,2.6e-05,1,0.267912262786208,False,
2025-12-04 05:10:00,9537439,7359311,0,3,16.89675049081359,0,0.2543,0.1962,1.8e-05,1,0.24191007139553478,False,
2025-12-04 05:15:00,8091199,7422305,4,2,15.513505001345129,0,0.2158,0.1979,3.9e-05,1,0.25235779535509484,False,
2025-12-04 05:20:00,11077130,5681409,2,0,16.758539895896675,0,0.2954,0.1515,1.2e-05,1,0.20608273985734854,False,
2025-12-04 05:25:00,9572765,7508545,1,1,17.08131129601588,0,0.2553,0.2002,1.2e-05,1,0.21509008153557363,False,
2025-12-04 05:30:00,7746118,5563896,5,5,13.310015500909175,0,0.2066,0.1484,7.5e-05,1,0.15440661306261205,False,
2025-12-04 05:35:00,8010327,4791769,4,3,12.802096695227364,0,0.2136,0.1278,5.5e-05,1,0.22734837872194402,False,
2025-12-04 05:40:00,13160224,7499004,7,0,20.659229775854445,0,0.3509,0.2,3.4e-05,1,0.07743520459350617,False,
2025-12-04 05:45:00,9810623,6570787,2,0,16.381411578424597,0,0.2616,0.1752,1.2e-05,1,0.23566424460474023,False,
2025-12-04 05:50:00,8831325,5947373,5,1,14.778698746801233,0,0.2355,0.1586,4.1e-05,1,0.2688726012847707,False,
2025-12-04 05:55:00,6689456,5723128,5,2,12.41258450123112,0,0.1784,0.1526,5.6e-05,1,0.21011363727214694,False,
2025-12-04 06:00:00,7732620,7148289,2,4,14.88091008990142,0,0.2062,0.1906,4e-05,1,0.25633799214216796,False,
2025-12-04 06:05:00,9090566,5820534,4,2,14.911100318503124,0,0.2424,0.1552,4e-05,1,0.2671587306914569,False,
2025-12-04 06:10:00,6287839,4264006,4,3,10.551846103458129,0,0.1677,0.1137,6.6e-05,1,0.0959070812580276,False,
2025-12-04 06:15:00,9465406,8740286,4,1,18.20569318190428,0,0.2524,0.2331,2.7e-05,1,0.17608687547307905,False,
2025-12-04 06:20:00,7214396,5320325,3,3,12.534721718817648,0,0.1924,0.1419,4.8e-05,1,0.2258004489501073,False,
2025-12-04 06:25:00,9296412,5313510,2,1,14.60992248402581,0,0.2479,0.1417,2.1e-05,1,0.25823359622683156,False,
2025-12-04 06:30:00,10167160,6744925,4,4,16.912086031187613,0,0.2711,0.1799,4.7e-05,1,0.23095869712151662,False,
2025-12-04 06:35:00,8948094,7412841,1,1,16.360936176484845,0,0.2386,0.1977,1.2e-05,1,0.22777343424545865,False,
2025-12-04 06:40:00,7302041,5267626,3,1,12.569667589465544,0,0.1947,0.1405,3.2e-05,1,0.23755971346907512,False,
2025-12-04 06:45:00,41618616,35371399,14,6,14.680250690964042,1,1.1098,0.9432,2.6e-05,-1,-0.04805134291829716,False,
2025-12-04 06:50:00,42360147,37187260,32,1,17.23764263863183,1,1.1296,0.9917,4.1e-05,-1,-0.07165495750665196,False,
2025-12-04 06:55:00,42765747,36219090,18,2,16.675071719586388,1,1.1404,0.9658,2.5e-05,-1,-0.06012925061859353,False,
2025-12-04 07:00:00,42628715,36902460,10,1,17.221410118603902,1,1.1368,0.9841,1.4e-05,-1,-0.06266035934461334,False,
2025-12-04 07:05:00,41119552,33560158,13,3,12.369945076435744,1,1.0965,0.8949,2.1e-05,-1,-0.04688494926761955,False,
2025-12-04 07:10:00,40594617,34155774,17,2,12.440625730368687,1,1.0825,0.9108,2.5e-05,-1,-0.0592775782630901,False,
2025-12-04 07:15:00,44809814,36300305,8,3,18.800353441945187,1,1.1949,0.968,1.4e-05,-1,-0.07681361361594607,False,
2025-12-04 07:20:00,42232201,34388682,16,0,14.311117613338938,1,1.1262,0.917,2.1e-05,-1,-0.03991840966354987,False,
2025-12-04 07:25:00,40333318,33196036,9,3,11.219588324026716,1,1.0756,0.8852,1.6e-05,-1,-0.060577818093347724,False,
2025-12-04 07:30:00,40949103,35344445,10,0,13.983782845525525,1,1.092,0.9425,1.3e-05,-1,-0.052502338853023356,False,
2025-12-04 07:35:00,40829865,34846130,7,3,13.366229058046668,1,1.0888,0.9292,1.3e-05,-1,-0.053623323415900814,False,
2025-12-04 07:40:00,42626826,36542256,18,2,16.8593164517049,1,1.1367,0.9745,2.5e-05,-1,-0.056917099621116796,False,
2025-12-04 07:45:00,41847817,33325024,21,2,12.86307634588397,1,1.1159,0.8887,3.1e-05,-1,-0.05037108917571509,False,
2025-12-04 07:50:00,43363772,34053319,8,2,15.107326556666184,1,1.1564,0.9081,1.3e-05,-1,-0.04672536657150195,False,
2025-12-04 07:55:00,44210303,34885710,20,1,16.786247289477327,1,1.1789,0.9303,2.7e-05,-1,-0.054427938878154,False,
2025-12-04 08:00:00,40949764,34401695,17,5,13.041694554302982,1,1.092,0.9174,2.9e-05,-1,-0.054299494973351625,False,
2025-12-04 08:05:00,42004963,34579031,18,2,14.274229038583872,1,1.1201,0.9221,2.6e-05,-1,-0.044896168224783484,False,
2025-12-04 08:10:00,40220166,34186624,12,4,12.097024407422175,1,1.0725,0.9116,2.2e-05,-1,-0.059547251239598364,False,
2025-12-04 08:15:00,42549489,34351320,16,4,14.591043903038148,1,1.1347,0.916,2.6e-05,-1,-0.04477702057974087,False,
2025-12-04 08:20:00,42738565,35315551,9,1,15.744350593163158,1,1.1397,0.9417,1.3e-05,-1,-0.05607804978181408,False,
2025-12-04 08:25:00,44567549,34837510,21,4,17.095294358805344,1,1.1885,0.929,3.1e-05,-1,-0.05662256344709515,False,
2025-12-04 08:30:00,40015859,37030712,12,2,14.73680559182002,1,1.0671,0.9875,1.8e-05,-1,-0.05191023818150742,False,
2025-12-04 08:35:00,43183642,34976854,11,1,15.850730474917215,1,1.1516,0.9327,1.5e-05,-1,-0.04743922120777244,False,
2025-12-04 08:40:00,41387161,36148353,14,5,15.225748581295685,1,1.1037,0.964,2.5e-05,-1,-0.056208654203981245,False,
2025-12-04 08:45:00,43518944,34095602,17,6,15.304780455295008,1,1.1605,0.9092,3e-05,-1,-0.049128820643227766,False,
2025-12-04 08:50:00,43292273,32650281,17,0,13.632789045567009,1,1.1545,0.8707,2.2e-05,-1,-0.023704560682936804,False,
2025-12-04 08:55:00,42365530,34376458,8,0,14.432222164292677,1,1.1297,0.9167,1e-05,-1,-0.05737790050599745,False,
2025-12-04 09:00:00,41684268,33079204,14,1,12.453707347694976,1,1.1116,0.8821,2e-05,-1,-0.04501516166112007,False,
2025-12-04 09:05:00,9734044,6728214,5,3,16.462259818859838,0,0.2596,0.1794,4.9e-05,1,0.23862476685640172,False,
2025-12-04 09:10:00,9427367,5965338,8,0,15.392706065684102,0,0.2514,0.1591,5.2e-05,1,0.2495089145561794,False,
2025-12-04 09:15:00,9762775,6102953,3,3,15.865729519246482,0,0.2603,0.1627,3.8e-05,1,0.26051949933458796,False,
2025-12-04 09:20:00,9250715,6454812,2,1,15.705527938934312,0,0.2467,0.1721,1.9e-05,1,0.2631413299471526,False,
2025-12-04 09:25:00,7596974,3203330,0,3,10.800304143730576,0,0.2026,0.0854,2.8e-05,1,0.12873912403761179,False,
2025-12-04 09:30:00,11404070,4875092,6,1,16.279162102160207,0,0.3041,0.13,4.3e-05,1,0.20689561486679492,False,
2025-12-04 09:35:00,7899429,7361435,3,1,15.26086465020394,0,0.2107,0.1963,2.6e-05,1,0.2561657157774912,False,
2025-12-04 09:40:00,9630595,6999919,1,2,16.630514611733417,0,0.2568,0.1867,1.8e-05,1,0.25514698559540444,False,
2025-12-04 09:45:00,9913175,5701997,7,2,15.61517318887099,0,0.2644,0.1521,5.8e-05,1,0.21838270487976386,False,
2025-12-04 09:50:00,9661224,5672004,5,5,15.333228882763985,0,0.2576,0.1513,6.5e-05,1,0.205934479647285,False,
2025-12-04 09:55:00,7403825,9610489,2,3,17.01431522066299,0,0.1974,0.2563,2.9e-05,1,0.12894101293486226,False,
2025-12-04 10:00:00,10236340,5268197,7,4,15.504538676342891,0,0.273,0.1405,7.1e-05,1,0.16479974398300223,False,
2025-12-04 10:05:00,10580058,5853332,2,4,16.433390798089423,0,0.2821,0.1561,3.7e-05,1,0.2510072514192136,False,
2025-12-04 10:10:00,9786926,6793664,2,0,16.580590952723306,0,0.261,0.1812,1.2e-05,1,0.23684121624240706,False,
2025-12-04 10:15:00,14326792,7396152,4,3,21.722945301798877,0,0.382,0.1972,3.2e-05,1,0.05119663659376872,False,
2025-12-04 10:20:00,10266870,7559265,2,2,17.82613544217094,0,0.2738,0.2016,2.2e-05,1,0.22793540775210502,False,
2025-12-04 10:25:00,7850473,5535335,4,1,13.385808701543164,0,0.2093,0.1476,3.7e-05,1,0.25541186991491804,False,
2025-12-04 10:30:00,7114001,4921756,2,3,12.035757450375913,0,0.1897,0.1312,4.2e-05,1,0.2220831821289056,False,
2025-12-04 10:35:00,8994330,7546521,3,3,16.54085210849026,0,0.2398,0.2012,3.6e-05,1,0.2506783240772521,False,
2025-12-04 10:40:00,8682195,5870615,0,2,14.552811025041844,0,0.2315,0.1565,1.4e-05,1,0.2381507449170771,False,
2025-12-04 10:45:00,9264999,7143051,3,5,16.408050310564096,0,0.2471,0.1905,4.9e-05,1,0.2379879138400684,False,
2025-12-04 10:50:00,9249966,4931866,2,2,14.18183278414431,0,0.2467,0.1315,2.8e-05,1,0.2576767398605102,False,
2025-12-04 10:55:00,8608394,4542747,3,2,13.151142070523422,0,0.2296,0.1211,3.8e-05,1,0.23626911746784818,False,
2025-12-04 11:00:00,8768026,6017443,6,2,14.785470502167442,0,0.2338,0.1605,5.4e-05,1,0.24663066112200854,False,
2025-12-04 11:05:00,9661248,5302258,2,1,14.963506842572691,0,0.2576,0.1414,2e-05,1,0.2551503821878332,False,
2025-12-04 11:10:00,7816710,4643071,4,2,12.45978181226194,0,0.2084,0.1238,4.8e-05,1,0.22065636007185863,False,
2025-12-04 11:15:00,5422270,7428501,6,1,12.8507721898982,0,0.1446,0.1981,5.4e-05,1,0.16094378799895026,False,
2025-12-04 11:20:00,10085426,6732484,4,3,16.817911152007444,0,0.2689,0.1795,4.2e-05,1,0.24060233754437044,False,
2025-12-04 11:25:00,8300764,6689018,3,2,14.989782605609324,0,0.2214,0.1784,3.3e-05,1,0.27001429915201525,False,
2025-12-04 11:30:00,7974894,7760252,3,2,15.735146461940094,0,0.2127,0.2069,3.2e-05,1,0.24070759142360804,False,
2025-12-04 11:35:00,9646113,6460207,2,5,16.10632076365946,0,0.2572,0.1723,4.3e-05,1,0.2534775035097624,False,
2025-12-04 11:40:00,8301191,4577924,2,1,12.879116162905277,0,0.2214,0.1221,2.3e-05,1,0.2307278620364605,False,
2025-12-04 11:45:00,9013982,5875496,1,1,14.889479182504072,0,0.2404,0.1567,1.3e-05,1,0.23870545873311189,False,
2025-12-04 11:50:00,10122476,6712255,5,3,16.83473233650932,0,0.2699,0.179,4.8e-05,1,0.23046877010722172,False,
2025-12-04 11:55:00,6992159,5653454,3,3,12.645613821635637,0,0.1865,0.1508,4.7e-05,1,0.234347073430471,False,
2025-12-04 12:00:00,10372280,5504766,2,2,15.877046821583129,0,0.2766,0.1468,2.5e-05,1,0.25195025981889996,False,
2025-12-04 12:05:00,8218679,6616476,7,2,14.835155334863714,0,0.2192,0.1764,6.1e-05,1,0.22299816422020363,False,
2025-12-04 12:10:00,7958112,6633651,1,1,14.591764006464208,0,0.2122,0.1769,1.4e-05,1,0.23384021491125662,False,
2025-12-04 12:15:00,7258128,6809007,0,2,14.067136728415951,0,0.1936,0.1816,1.4e-05,1,0.21239817913337078,False,
2025-12-04 12:20:00,10927875,6282036,3,3,17.20991219721943,0,0.2914,0.1675,3.5e-05,1,0.2403008709525733,False,
2025-12-04 12:25:00,10578171,5917501,3,0,16.49567298267185,0,0.2821,0.1578,1.8e-05,1,0.24551961386462073,False,
2025-12-04 12:30:00,8253358,5527497,4,0,13.780856498400166,0,0.2201,0.1474,2.9e-05,1,0.261690936152327,False,
2025-12-04 12:35:00,9640578,5615718,4,2,15.256297288559796,0,0.2571,0.1498,3.9e-05,1,0.26071717445856296,False,
2025-12-04 12:40:00,10071198,7633230,3,0,17.70442967178763,0,0.2686,0.2036,1.7e-05,1,0.22023488306181016,False,
2025-12-04 12:45:00,6467633,3751785,4,1,10.219419883285411,0,0.1725,0.1,4.9e-05,1,0.09698513731000435,False,
2025-12-04 12:50:00,10543742,4967799,7,1,15.51154161153488,0,0.2812,0.1325,5.2e-05,1,0.2224805358942848,False,
2025-12-04 12:55:00,10978800,4962694,3,1,15.941494783070478,0,0.2928,0.1323,2.5e-05,1,0.2391149378928356,False,
2025-12-04 13:00:00,9350549,5916140,1,0,15.26668981517974,0,0.2493,0.1578,7e-06,1,0.22290513722259175,False,
2025-12-04 13:05:00,9563880,6943864,1,2,16.507745782259782,0,0.255,0.1852,1.8e-05,1,0.2545922896841077,False,
2025-12-04 13:10:00,8635604,6492569,2,1,15.12817466862363,0,0.2303,0.1731,2e-05,1,0.2620520571055956,False,
2025-12-04 13:15:00,8082831,5750887,4,4,13.833718704408774,0,0.2155,0.1534,5.8e-05,1,0.23368554921375562,False,
2025-12-04 13:20:00,9418856,5415423,1,3,14.834279985639595,0,0.2512,0.1444,2.7e-05,1,0.26507721952859364,False,
2025-12-04 13:25:00,8489153,6766045,6,4,15.255199300049776,0,0.2264,0.1804,6.6e-05,1,0.1980953906939928,False,
2025-12-04 13:30:00,11100189,4818510,3,1,15.918700786207248,0,0.296,0.1285,2.5e-05,1,0.23606307389152542,False,
2025-12-04 13:35:00,9684294,4856849,0,1,14.541144141403429,0,0.2582,0.1295,7e-06,1,0.1942697895096106,False,
2025-12-04 13:40:00,13047986,6299236,3,2,19.347222773488813,0,0.3479,0.168,2.6e-05,1,0.11681468778502058,False,
2025-12-04 13:45:00,9348511,4622558,3,3,13.97107011320949,0,0.2493,0.1233,4.3e-05,1,0.23617209248683052,False,
2025-12-04 13:50:00,9418211,6269316,3,2,15.687528309000944,0,0.2512,0.1672,3.2e-05,1,0.2736052449259401,False,
2025-12-04 13:55:00,8326003,5553561,8,3,13.87956577619456,0,0.222,0.1481,7.9e-05,1,0.1450057698155373,False,
2025-12-04 14:00:00,11289697,6334604,3,0,17.62430215710119,0,0.3011,0.1689,1.7e-05,1,0.20745387332842924,False,
2025-12-04 14:05:00,11422972,6158869,1,1,17.581841677700048,0,0.3046,0.1642,1.1e-05,1,0.18135818040595048,False,
2025-12-04 14:10:00,8645522,4104225,6,4,12.74974802438605,0,0.2305,0.1094,7.8e-05,1,0.12379062239017158,False,
2025-12-04 14:15:00,10264062,5189168,1,3,15.453231335418716,0,0.2737,0.1384,2.6e-05,1,0.2514427930359295,False,
2025-12-04 14:20:00,8876423,7663256,2,1,16.53967995950038,0,0.2367,0.2044,1.8e-05,1,0.2405685007553457,False,
2025-12-04 14:25:00,8923382,6460905,4,2,15.384287927219356,0,0.238,0.1723,3.9e-05,1,0.26304322305607836,False,
2025-12-04 14:30:00,8542715,6555578,3,1,15.098294563700012,0,0.2278,0.1748,2.6e-05,1,0.2672585124885733,False,
2025-12-04 14:35:00,10074680,5975975,1,3,16.05065559989721,0,0.2687,0.1594,2.5e-05,1,0.2594698978822465,False,
2025-12-04 14:40:00,9836428,6168053,4,0,16.004481956089435,0,0.2623,0.1645,2.5e-05,1,0.26390462456195374,False,
2025-12-04 14:45:00,10702481,7500750,4,0,18.20323262709228,0,0.2854,0.2,2.2e-05,1,0.21753487609111166,False,
2025-12-04 14:50:00,7524895,7428768,3,0,14.953664648111994,0,0.2007,0.1981,2e-05,1,0.24323068834592876,False,
2025-12-04 14:55:00,7382964,5693382,2,0,13.07634716029242,0,0.1969,0.1518,1.5e-05,1,0.21803910656649017,False,
2025-12-04 15:00:00,9509499,9387264,1,3,18.89676395518965,0,0.2536,0.2503,2.1e-05,1,0.11994933441642674,False,
2025-12-04 15:05:00,11103853,6452044,1,2,17.5558985432542,0,0.2961,0.1721,1.7e-05,1,0.21682858280565792,False,
2025-12-04 15:10:00,6615958,6570639,5,3,13.186597936487724,0,0.1764,0.1752,6.1e-05,1,0.19135242628135135,False,
2025-12-04 15:15:00,10588962,5582267,2,1,16.17123023845374,0,0.2824,0.1489,1.9e-05,1,0.2524435346282867,False,
2025-12-04 15:20:00,7639022,5160234,3,2,12.799257192460232,0,0.2037,0.1376,3.9e-05,1,0.2442762463878495,False,
2025-12-04 15:25:00,8457741,6798525,6,1,15.256267043000577,0,0.2255,0.1813,4.6e-05,1,0.24710272341836692,False,
2025-12-04 15:30:00,10123341,6171503,3,0,16.29484570649722,0,0.27,0.1646,1.8e-05,1,0.25069045973522425,False,
2025-12-04 15:35:00,8432800,3945398,3,3,12.378199064424312,0,0.2249,0.1052,4.8e-05,1,0.21617941320157358,False,
2025-12-04 15:40:00,6964717,6079276,4,3,13.043994404509348,0,0.1857,0.1621,5.4e-05,1,0.23002878039211333,False,
2025-12-04 15:45:00,8602901,7232767,6,3,15.835668430124224,0,0.2294,0.1929,5.7e-05,1,0.216150805121196,False,
2025-12-04 15:50:00,7939169,7639174,4,4,15.57834351038724,0,0.2117,0.2037,5.1e-05,1,0.2258801616288847,False,
2025-12-04 15:55:00,9971240,7090589,3,2,17.06183008086446,0,0.2659,0.1891,2.9e-05,1,0.2509770461416666,False,
2025-12-04 16:00:00,10862457,5361435,4,4,16.22389296764359,0,0.2897,0.143,4.9e-05,1,0.22066115808023246,False,
2025-12-04 16:05:00,8637627,5325113,3,2,13.9627401896582,0,0.2303,0.142,3.6e-05,1,0.26231286837623713,False,
2025-12-04 16:10:00,9727447,4534913,2,4,14.262360548402375,0,0.2594,0.1209,4.2e-05,1,0.23468488415624966,False,
2025-12-04 16:15:00,11846133,7084977,1,3,18.931111416718952,0,0.3159,0.1889,2.1e-05,1,0.1749359413789267,False,
2025-12-04 16:20:00,8371570,5305601,2,2,13.677171249050335,0,0.2232,0.1415,2.9e-05,1,0.2607611724983958,False,
2025-12-04 16:25:00,12101330,6221884,7,1,18.323214679940307,0,0.3227,0.1659,4.4e-05,1,0.1577609244285359,False,
2025-12-04 16:30:00,6322151,4275425,2,0,10.59757674627931,0,0.1686,0.114,1.9e-05,1,0.0998366856962668,False,
2025-12-04 16:35:00,6685621,6093681,0,0,12.779303831318092,0,0.1783,0.1625,0.0,1,0.11798923805718087,False,
2025-12-04 16:40:00,7549860,7880965,4,1,15.43082543126756,0,0.2013,0.2102,3.2e-05,1,0.2414359801318079,False,
2025-12-04 16:45:00,8758398,5226090,3,3,13.98448943055525,0,0.2336,0.1394,4.3e-05,1,0.25696231363507893,False,
2025-12-04 16:50:00,9442409,5743262,6,1,15.185672248388526,0,0.2518,0.1532,4.6e-05,1,0.2580998117295361,False,
2025-12-04 16:55:00,8355302,4274117,7,3,12.62941986685566,0,0.2228,0.114,7.9e-05,1,0.11176639320490367,False,
2025-12-04 17:00:00,10543402,5325644,3,1,15.869046636511277,0,0.2812,0.142,2.5e-05,1,0.2536443877254277,False,
2025-12-04 17:05:00,10971972,6623772,2,4,17.595744782160935,0,0.2926,0.1766,3.4e-05,1,0.23659901586445875,False,
2025-12-04 17:10:00,7763739,4473437,2,3,12.23717637096337,0,0.207,0.1193,4.1e-05,1,0.21964403896117812,False,
2025-12-04 17:15:00,9688639,5823304,1,3,15.511944484802385,0,0.2584,0.1553,2.6e-05,1,0.26652683848744546,False,
2025-12-04 17:20:00,12285139,4511408,2,2,16.79654782443852,0,0.3276,0.1203,2.4e-05,1,0.1893072548051427,False,
2025-12-04 17:25:00,11218803,4809196,2,2,16.027999866358865,0,0.2992,0.1282,2.5e-05,1,0.23075145877429548,False,
2025-12-04 17:30:00,6491138,5392263,3,2,11.883401685015452,0,0.1731,0.1438,4.2e-05,1,0.2117596591868003,False,
2025-12-04 17:35:00,10222176,6952847,0,2,17.17502390498916,0,0.2726,0.1854,1.2e-05,1,0.21823247147857566,False,
2025-12-04 17:40:00,6748845,7626593,3,4,14.375439205974484,0,0.18,0.2034,4.9e-05,1,0.19743178710681386,False,
2025-12-04 17:45:00,10254401,5400154,4,5,15.65455598363148,0,0.2735,0.144,5.7e-05,1,0.22014819166213123,False,
2025-12-04 17:50:00,9110504,6958659,2,1,16.06916472771079,0,0.2429,0.1856,1.9e-05,1,0.26561457755028633,False,
2025-12-04 17:55:00,9030903,7711863,3,6,16.742766900583845,0,0.2408,0.2056,5.4e-05,1,0.2033799452152804,False,
2025-12-04 18:00:00,8545643,7010718,3,3,15.556361203910452,0,0.2279,0.187,3.9e-05,1,0.26004731489605065,False,
2025-12-04 18:05:00,9207186,6708017,6,2,15.91520398249092,0,0.2455,0.1789,5e-05,1,0.24641472890424193,False,
2025-12-04 18:10:00,5961226,4186798,3,3,10.14802559301547,0,0.159,0.1116,5.9e-05,1,0.09435762231660749,False,
2025-12-04 18:15:00,9830910,7693797,5,1,17.524708045277595,0,0.2622,0.2052,3.4e-05,1,0.22895799512339216,False,
2025-12-04 18:20:00,6245659,4732971,4,4,10.97863100024708,0,0.1666,0.1262,7.3e-05,1,0.10075788477810887,False,
2025-12-04 18:25:00,9997256,5175982,5,3,15.173239313903547,0,0.2666,0.138,5.3e-05,1,0.23042375221443173,False,
2025-12-04 18:30:00,10411880,4609782,3,0,15.021663515478906,0,0.2777,0.1229,2e-05,1,0.22908646764400153,False,
2025-12-04 18:35:00,9032011,5208330,1,1,14.240342577789486,0,0.2409,0.1389,1.4e-05,1,0.2299087177480112,False,
2025-12-04 18:40:00,10836723,7636264,2,3,18.472988407047467,0,0.289,0.2036,2.7e-05,1,0.2114432454846768,False,
2025-12-04 18:45:00,7800930,7062177,5,2,14.863108116465009,0,0.208,0.1883,4.7e-05,1,0.24529375975739404,False,
2025-12-04 18:50:00,7822702,5271633,1,0,13.09433542268341,0,0.2086,0.1406,8e-06,1,0.17580348633291504,False,
2025-12-04 18:55:00,9228394,6831636,6,1,16.060030483026893,0,0.2461,0.1822,4.4e-05,1,0.2515900650536318,False,
2025-12-04 19:00:00,7417584,5737413,3,0,13.15499873206886,0,0.1978,0.153,2.3e-05,1,0.23862403564713808,False,
2025-12-04 19:05:00,9090780,5307297,2,1,14.398078203700274,0,0.2424,0.1415,2.1e-05,1,0.25547524832389246,False,
2025-12-04 19:10:00,10077179,4932004,3,1,15.0091835637947,0,0.2687,0.1315,2.7e-05,1,0.25966241239457555,False,
2025-12-04 19:15:00,11159931,5771608,4,5,16.931540887318327,0,0.2976,0.1539,5.3e-05,1,0.19609973556436705,False,
2025-12-04 19:20:00,9464702,4111569,3,3,13.576271094619043,0,0.2524,0.1096,4.4e-05,1,0.21459844016434332,False,
2025-12-04 19:25:00,8312884,4559240,1,3,12.872125099609915,0,0.2217,0.1216,3.1e-05,1,0.2362005988903672,False,
2025-12-04 19:30:00,8321795,7128066,3,0,15.44986246673939,0,0.2219,0.1901,1.9e-05,1,0.25655539387929716,False,
2025-12-04 19:35:00,6627821,5574731,7,4,12.20255356215056,0,0.1767,0.1487,9e-05,1,0.09368526447635528,False,
2025-12-04 19:40:00,7303776,7185040,1,3,14.488817231056911,0,0.1948,0.1916,2.8e-05,1,0.24614152965492492,False,
2025-12-04 19:45:00,4742263,5904918,2,0,10.647182360939684,0,0.1265,0.1575,1.9e-05,1,0.0970313809740544,False,
2025-12-04 19:50:00,6544103,5510505,4,4,12.054608342033276,0,0.1745,0.1469,6.6e-05,1,0.17218530885701527,False,
2025-12-04 19:55:00,11441186,8236941,2,2,19.6781283213202,0,0.3051,0.2197,2e-05,1,0.12072872319429007,False,
2025-12-04 20:00:00,7031587,4568168,3,1,11.599756658046022,0,0.1875,0.1218,3.4e-05,1,0.19823885995225204,False,
2025-12-04 20:05:00,10968381,3574807,4,0,14.543188978118998,0,0.2925,0.0953,2.8e-05,1,0.19884143506529567,False,
2025-12-04 20:10:00,10642788,5800755,4,2,16.443544846467027,0,0.2838,0.1547,3.6e-05,1,0.25798642915788106,False,
2025-12-04 20:15:00,8450385,6716075,3,2,15.166461310014828,0,0.2253,0.1791,3.3e-05,1,0.2676881673006236,False,
2025-12-04 20:20:00,10393756,5298581,2,2,15.692338342794365,0,0.2772,0.1413,2.5e-05,1,0.24914199422777222,False,
2025-12-04 20:25:00,8869576,6715013,6,3,15.584590151268396,0,0.2365,0.1791,5.8e-05,1,0.23527129194160895,False,
2025-12-04 20:30:00,9774093,6204612,7,4,15.978705985176408,0,0.2606,0.1655,6.9e-05,1,0.16582437401983946,False,
2025-12-04 20:35:00,7605325,6354620,4,1,13.959946472280237,0,0.2028,0.1695,3.6e-05,1,0.2567237527458695,False,
2025-12-04 20:40:00,8991079,6103019,3,3,15.094099547046548,0,0.2398,0.1627,4e-05,1,0.2730868196737233,False,
2025-12-04 20:45:00,10901911,4835155,3,1,15.737067254764824,0,0.2907,0.1289,2.5e-05,1,0.24069751111127036,False,
2025-12-04 20:50:00,10550627,6118786,0,2,16.669413401877684,0,0.2814,0.1632,1.2e-05,1,0.22549516963171856,False,
2025-12-04 20:55:00,10547687,6568686,2,4,17.116374268653082,0,0.2813,0.1752,3.5e-05,1,0.24446957044540235,False,
2025-12-04 21:00:00,11008452,4411494,3,2,15.41994663139408,0,0.2936,0.1176,3.2e-05,1,0.22242641318719192,False,
2025-12-04 21:05:00,12226666,7340276,2,3,19.566943666899384,0,0.326,0.1957,2.6e-05,1,0.13351721520007365,False,
2025-12-04 21:10:00,8274551,4591559,4,1,12.866111311245918,0,0.2207,0.1224,3.9e-05,1,0.2389682866779005,False,
2025-12-04 21:15:00,9165344,3822907,4,1,12.988252350131027,0,0.2444,0.1019,3.8e-05,1,0.2181941332376996,False,
2025-12-04 21:20:00,8569663,7052779,3,1,15.622443361604128,0,0.2285,0.1881,2.6e-05,1,0.2658628557808744,False,
2025-12-04 21:25:00,11253901,6300683,4,1,17.55458476152281,0,0.3001,0.168,2.8e-05,1,0.2332369428198322,False,
2025-12-04 21:30:00,7308233,3882757,2,2,11.190990879384428,0,0.1949,0.1035,3.6e-05,1,0.1784017995887029,False,
2025-12-04 21:35:00,6773765,5841889,2,7,12.615655658646045,0,0.1806,0.1558,7.1e-05,1,0.15988401721954315,False,
2025-12-04 21:40:00,8280432,3283872,2,1,11.564304353266154,0,0.2208,0.0876,2.6e-05,1,0.16779822996134175,False,
2025-12-04 21:45:00,9415325,4770177,4,1,14.185502624803323,0,0.2511,0.1272,3.5e-05,1,0.2507277863156607,False,
2025-12-04 21:50:00,9265642,5494287,2,5,14.759929806550144,0,0.2471,0.1465,4.7e-05,1,0.25769309255624606,False,
2025-12-04 21:55:00,6307944,7182716,5,2,13.490661241062224,0,0.1682,0.1915,5.2e-05,1,0.1907976000176782,False,
2025-12-04 22:00:00,7740192,4620989,2,2,12.36118215743618,0,0.2064,0.1232,3.2e-05,1,0.23127844819821475,False,
2025-12-04 22:05:00,8168550,5707902,6,3,13.876452862081605,0,0.2178,0.1522,6.5e-05,1,0.22042242448833937,False,
2025-12-04 22:10:00,5679082,4680427,1,0,10.35950976269718,0,0.1514,0.1248,1e-05,1,0.05966088842971684,False,
2025-12-04 22:15:00,10922285,7443894,0,2,18.36617926769585,0,0.2913,0.1985,1.1e-05,1,0.17754077575569066,False,
2025-12-04 22:20:00,8200357,6053305,3,1,14.25366334050697,0,0.2187,0.1614,2.8e-05,1,0.270755007935242,False,
2025-12-04 22:25:00,8344533,5985469,4,1,14.33000224163157,0,0.2225,0.1596,3.5e-05,1,0.26732693545223474,False,
2025-12-04 22:30:00,10355968,5467181,1,5,15.823150883176009,0,0.2762,0.1458,3.8e-05,1,0.25002789746152587,False,
2025-12-04 22:35:00,7314161,6744695,3,1,14.05885679706333,0,0.195,0.1799,2.8e-05,1,0.25173382285484314,False,
2025-12-04 22:40:00,12205114,5317751,2,0,17.5228666309656,0,0.3255,0.1418,1.1e-05,1,0.1480737566252739,False,
2025-12-04 22:45:00,11183003,4281031,3,3,15.464034523708897,0,0.2982,0.1142,3.9e-05,1,0.208467569870336,False,
2025-12-04 22:50:00,8881284,7217199,1,4,16.098483427046048,0,0.2368,0.1925,3.1e-05,1,0.26302035513714384,False,
2025-12-04 22:55:00,8293015,7340027,2,1,15.633042661549856,0,0.2211,0.1957,1.9e-05,1,0.25105322013156744,False,
2025-12-04 23:00:00,9954176,7667556,4,1,17.621732813001884,0,0.2654,0.2045,2.8e-05,1,0.23323624518463093,False,
2025-12-04 23:05:00,7458575,5008805,2,1,12.467381078746683,0,0.1989,0.1336,2.4e-05,1,0.22571172111755183,False,
2025-12-04 23:10:00,7628938,6303034,7,3,13.93197229449888,0,0.2034,0.1681,7.2e-05,1,0.17350728989817765,False,
2025-12-04 23:15:00,7687929,4724932,4,6,12.412862282260294,0,0.205,0.126,8.1e-05,1,0.11383552989283197,False,
2025-12-04 23:20:00,10632519,7742943,1,0,18.37546342158202,0,0.2835,0.2065,5e-06,1,0.14071589500865533,False,
2025-12-04 23:25:00,6684776,5878785,4,2,12.563561515385285,0,0.1783,0.1568,4.8e-05,1,0.22570752896802332,False,
2025-12-04 23:30:00,10207501,5319651,4,2,15.52715310796594,0,0.2722,0.1419,3.9e-05,1,0.2497811408505472,False,
2025-12-04 23:35:00,9127708,5622177,6,4,14.749885365061788,0,0.2434,0.1499,6.8e-05,1,0.1979842782953452,False,
2025-12-04 23:40:00,11344201,6632997,6,1,17.977198950097094,0,0.3025,0.1769,3.9e-05,1,0.20587488831867912,False,
2025-12-04 23:45:00,10139106,5892919,3,0,16.03202619685344,0,0.2704,0.1571,1.9e-05,1,0.2506909237073339,False,
2025-12-04 23:50:00,12355883,5729029,5,1,18.084913736074416,0,0.3295,0.1528,3.3e-05,1,0.18177854395491289,False,
2025-12-04 23:55:00,7192978,4823091,4,1,12.016070530515623,0,0.1918,0.1286,4.2e-05,1,0.22077789925129848,False,
2025-12-05 00:00:00,8082691,6236032,2,1,14.318723555428994,0,0.2155,0.1663,2.1e-05,1,0.2623476499712381,False,
2025-12-05 00:05:00,10443655,6380466,3,2,16.824122381265013,0,0.2785,0.1701,3e-05,1,0.25567102193384733,False,
2025-12-05 00:10:00,6658150,6091383,1,3,12.749534777760095,0,0.1776,0.1624,3.1e-05,1,0.23859883746413652,False,
2025-12-05 00:15:00,7572753,6783659,5,1,14.356412877108626,0,0.2019,0.1809,4.2e-05,1,0.2469746082946307,False,
2025-12-05 00:20:00,8268800,4646308,1,3,12.9151085806483,0,0.2205,0.1239,3.1e-05,1,0.24045510209387894,False,
2025-12-05 00:25:00,6411143,4644458,3,2,11.055601571963908,0,0.171,0.1239,4.5e-05,1,0.16485595291109634,False,
2025-12-05 00:30:00,10209314,5323568,5,2,15.532882991808702,0,0.2722,0.142,4.5e-05,1,0.24095920653744224,False,
2025-12-05 00:35:00,8019307,6109828,3,1,14.129135629590884,0,0.2138,0.1629,2.8e-05,1,0.26900951776758236,False,
2025-12-05 00:40:00,8020843,4491716,2,4,12.512559944166783,0,0.2139,0.1198,4.8e-05,1,0.21641492966383796,False,
2025-12-05 00:45:00,9027415,7054922,4,2,16.082337691956937,0,0.2407,0.1881,3.7e-05,1,0.26735855638178596,False,
2025-12-05 00:50:00,6548858,6047870,5,0,12.596729648356494,0,0.1746,0.1613,4e-05,1,0.23364018325974556,False,
2025-12-05 00:55:00,10971520,7971344,2,0,18.942865483377613,0,0.2926,0.2126,1.1e-05,1,0.14430331754572479,False,
2025-12-05 01:00:00,9112898,3540620,2,5,12.65351907681887,0,0.243,0.0944,5.5e-05,1,0.17716382166742206,False,
2025-12-05 01:05:00,9849752,6133216,2,1,15.982968840051033,0,0.2627,0.1636,1.9e-05,1,0.25650708313807147,False,
2025-12-05 01:10:00,7729816,6626013,4,1,14.35582955279855,0,0.2061,0.1767,3.5e-05,1,0.2643715203311069,False,
2025-12-05 01:15:00,9335898,5993645,3,3,15.32954316411451,0,0.249,0.1598,3.9e-05,1,0.2644315747945928,False,
2025-12-05 01:20:00,5166725,6529216,4,2,11.69594145095083,0,0.1378,0.1741,5.1e-05,1,0.14492243420906226,False,
2025-12-05 01:25:00,11254685,6861896,2,1,18.116582051610045,0,0.3001,0.183,1.7e-05,1,0.2037014060659358,False,
2025-12-05 01:30:00,9598902,5304700,2,3,14.903602963604706,0,0.256,0.1415,3.4e-05,1,0.2614615682424125,False,
2025-12-05 01:35:00,2780679,3992311,3,2,6.772990965418105,0,0.0742,0.1065,7.4e-05,-1,-0.03141854452978621,False,
2025-12-05 01:40:00,10146296,6939596,6,1,17.085893082100924,0,0.2706,0.1851,4.1e-05,1,0.2352673678783162,False,
2025-12-05 01:45:00,10217725,5738819,0,4,15.956545515755716,0,0.2725,0.153,2.5e-05,1,0.26047654438770806,False,
2025-12-05 01:50:00,9977959,6051568,1,2,16.02952820694245,0,0.2661,0.1614,1.9e-05,1,0.25424515626557276,False,
2025-12-05 01:55:00,10440373,6529395,6,0,16.96976848988797,0,0.2784,0.1741,3.5e-05,1,0.24429799758688836,False,
2025-12-05 02:00:00,7109909,5152939,0,4,12.26284863584758,0,0.1896,0.1374,3.3e-05,1,0.23057500810318615,False,
2025-12-05 02:05:00,9615558,5877248,3,2,15.49280718322513,0,0.2564,0.1567,3.2e-05,1,0.26822282806682846,False,
2025-12-05 02:10:00,7565839,7963988,6,2,15.529828101920934,0,0.2018,0.2124,5.2e-05,1,0.20191428786331111,False,
2025-12-05 02:15:00,9468945,5753284,3,3,15.222230018861648,0,0.2525,0.1534,3.9e-05,1,0.26607848894515407,False,
2025-12-05 02:20:00,6560759,6191106,4,3,12.751866402491476,0,0.175,0.1651,5.5e-05,1,0.2138810037830584,False,
2025-12-05 02:25:00,10206115,5126369,2,3,15.332485155623008,0,0.2722,0.1367,3.3e-05,1,0.25337320272054253,False,
2025-12-05 02:30:00,10465225,6292895,2,2,16.758121088256317,0,0.2791,0.1678,2.4e-05,1,0.2563752932267916,False,
2025-12-05 02:35:00,11125693,8840424,4,3,19.96611852206033,0,0.2967,0.2357,3.5e-05,1,0.11333478177962641,False,
2025-12-05 02:40:00,9501134,6370335,2,0,15.871470495529096,0,0.2534,0.1699,1.3e-05,1,0.2385592461257508,False,
2025-12-05 02:45:00,9538129,6137812,2,1,15.675941861144372,0,0.2544,0.1637,1.9e-05,1,0.2556041616520363,False,
2025-12-05 02:50:00,8745479,4288587,3,4,13.0340677173189,0,0.2332,0.1144,5.4e-05,1,0.21606872331452442,False,
2025-12-05 02:55:00,8918139,7221454,7,1,16.13959433902499,0,0.2378,0.1926,5e-05,1,0.2395022299546296,False,
2025-12-05 03:00:00,9453485,6351404,3,3,15.80488925666922,0,0.2521,0.1694,3.8e-05,1,0.2624281964478078,False,
2025-12-05 03:05:00,8863736,6065150,4,3,14.928886939266938,0,0.2364,0.1617,4.7e-05,1,0.2604920896302663,False,
2025-12-05 03:10:00,8332656,5956899,4,3,14.289556044321277,0,0.2222,0.1589,4.9e-05,1,0.25657656586389505,False,
2025-12-05 03:15:00,8717508,6965490,3,0,15.682998933067989,0,0.2325,0.1857,1.9e-05,1,0.2598888062581355,False,
2025-12-05 03:20:00,8675525,5847975,3,4,14.523500651570176,0,0.2313,0.1559,4.8e-05,1,0.25077836789103297,False,
2025-12-05 03:25:00,11083438,6751418,2,3,17.834856048084166,0,0.2956,0.18,2.8e-05,1,0.23578552825319005,False,
2025-12-05 03:30:00,9517624,7200782,4,2,16.71840677773697,0,0.2538,0.192,3.6e-05,1,0.2601674928896276,False,
2025-12-05 03:35:00,8459197,6242004,3,3,14.701202614946537,0,0.2256,0.1665,4.1e-05,1,0.2633183250740419,False,
2025-12-05 03:40:00,9777354,6421353,3,3,16.19870720800248,0,0.2607,0.1712,3.7e-05,1,0.2634803091994419,False,
2025-12-05 03:45:00,8628438,6064173,6,1,14.69261139787598,0,0.2301,0.1617,4.8e-05,1,0.25084956845125167,False,
2025-12-05 03:50:00,9832006,3664513,4,3,13.496519862666023,0,0.2622,0.0977,5.2e-05,1,0.18503268011603247,False,
2025-12-05 03:55:00,8483680,5008970,2,3,13.492650884430358,0,0.2262,0.1336,3.7e-05,1,0.2527082746729063,False,
2025-12-05 04:00:00,10682422,6389798,8,4,17.0722209310289,0,0.2849,0.1704,7e-05,1,0.13677585970620176,False,
2025-12-05 04:05:00,7051884,6122417,4,2,13.174301101135358,0,0.1881,0.1633,4.6e-05,1,0.23295155405866352,False,
2025-12-05 04:10:00,10499968,5924963,3,1,16.42493209577769,0,0.28,0.158,2.4e-05,1,0.2543671310422792,False,
2025-12-05 04:15:00,7452469,6973257,5,2,14.425727586842918,0,0.1987,0.186,4.9e-05,1,0.2329657022473609,False,
2025-12-05 04:20:00,8695167,4492382,2,2,13.187549809900789,0,0.2319,0.1198,3e-05,1,0.23380718250285654,False,
2025-12-05 04:25:00,8302205,6266058,3,2,14.56826365485104,0,0.2214,0.1671,3.4e-05,1,0.26759655424899526,False,
2025-12-05 04:30:00,8343379,6987539,2,1,15.33091865863431,0,0.2225,0.1863,2e-05,1,0.25731878606743386,False,
2025-12-05 04:35:00,10015491,5060620,4,2,15.076112552689237,0,0.2671,0.1349,4e-05,1,0.25854021206206595,False,
2025-12-05 04:40:00,9208860,5184605,2,1,14.393465590899462,0,0.2456,0.1383,2.1e-05,1,0.25084451485168,False,
2025-12-05 04:45:00,8407245,5286093,6,1,13.693338689703968,0,0.2242,0.141,5.1e-05,1,0.25224675038206107,False,
2025-12-05 04:50:00,10420342,6711093,2,1,17.13143660774705,0,0.2779,0.179,1.8e-05,1,0.2398686025970651,False,
2025-12-05 04:55:00,7820790,5444569,2,1,13.26535979913296,0,0.2086,0.1452,2.3e-05,1,0.24613204200672167,False,
2025-12-05 05:00:00,7928441,3825329,4,3,11.753771695735512,0,0.2114,0.102,6e-05,1,0.15612897407037835,False,
2025-12-05 05:05:00,8111652,7197697,8,2,15.309349646731173,0,0.2163,0.1919,6.5e-05,1,0.20265065043340885,False,
2025-12-05 05:10:00,10283133,7388885,2,5,17.672019052326203,0,0.2742,0.197,4e-05,1,0.22413659252387208,False,
2025-12-05 05:15:00,10676141,6417252,4,2,17.093393970174787,0,0.2847,0.1711,3.5e-05,1,0.24378462846936666,False,
2025-12-05 05:20:00,9895899,6572940,1,1,16.46884021084318,0,0.2639,0.1753,1.2e-05,1,0.23466506700196094,False,
2025-12-05 05:25:00,7126255,6456898,0,3,13.583154042152188,0,0.19,0.1722,2.2e-05,1,0.23222760645119417,False,
2025-12-05 05:30:00,8483248,6614343,3,1,15.09759288136342,0,0.2262,0.1764,2.6e-05,1,0.2679290848270223,False,
2025-12-05 05:35:00,11417629,4307833,2,1,15.725463502014296,0,0.3045,0.1149,1.9e-05,1,0.1963506736257455,False,
2025-12-05 05:40:00,10142273,8610969,1,3,18.75324299967189,0,0.2705,0.2296,2.1e-05,1,0.15538249745006,False,
2025-12-05 05:45:00,9543941,4351945,3,2,13.895886883941165,0,0.2545,0.1161,3.6e-05,1,0.22633942592437528,False,
2025-12-05 05:50:00,7390361,6878058,3,4,14.268419230440916,0,0.1971,0.1834,4.9e-05,1,0.23243584448351645,False,
2025-12-05 05:55:00,9234531,4368180,2,2,13.602712226350224,0,0.2463,0.1165,2.9e-05,1,0.2321253687357378,False,
2025-12-05 06:00:00,7824663,6329210,3,0,14.15387476518246,0,0.2087,0.1688,2.1e-05,1,0.2536058370857834,False,
2025-12-05 06:05:00,10503109,7675151,2,3,18.17826042219917,0,0.2801,0.2047,2.8e-05,1,0.22196988306035792,False,
2025-12-05 06:10:00,9715396,3953906,2,4,13.669303342084152,0,0.2591,0.1054,4.4e-05,1,0.20947052913396885,False,
2025-12-05 06:15:00,10043289,5756708,4,1,15.799998021117617,0,0.2678,0.1535,3.2e-05,1,0.26466287636678537,False,
2025-12-05 06:20:00,6796838,6506329,3,4,13.30316862525074,0,0.1812,0.1735,5.3e-05,1,0.22595832092260293,False,
2025-12-05 06:25:00,10759736,7053068,2,2,17.812804286127665,0,0.2869,0.1881,2.2e-05,1,0.23449307729340646,False,
2025-12-05 06:30:00,10431820,5504148,6,3,15.935968550968385,0,0.2782,0.1468,5.6e-05,1,0.2127162134409209,False,
2025-12-05 06:35:00,6219621,6687733,2,5,12.907354978173927,0,0.1659,0.1783,5.4e-05,1,0.20072329723633803,False,
2025-12-05 06:40:00,7027961,6925363,2,3,13.953325635947818,0,0.1874,0.1847,3.6e-05,1,0.2448834084484366,False,
2025-12-05 06:45:00,8800373,6204136,1,0,15.00450960747886,0,0.2347,0.1654,7e-06,1,0.22934535155019176,False,
2025-12-05 06:50:00,8373372,5765248,1,0,14.138620112734198,0,0.2233,0.1537,7e-06,1,0.1988261379477858,False,
2025-12-05 06:55:00,7699314,6912303,0,2,14.611618054460571,0,0.2053,0.1843,1.4e-05,1,0.22650992194192243,False,
2025-12-05 07:00:00,6746918,5630348,2,0,12.37726672900373,0,0.1799,0.1501,1.6e-05,1,0.20398581378017744,False,
2025-12-05 07:05:00,12231937,5407093,1,2,17.639031264059224,0,0.3262,0.1442,1.7e-05,1,0.1735391992762474,False,
2025-12-05 07:10:00,12001330,6718647,1,4,18.719977869936287,0,0.32,0.1792,2.7e-05,1,0.17546777115414292,False,
2025-12-05 07:15:00,11576836,2715183,6,2,14.292019658044572,0,0.3087,0.0724,5.6e-05,1,0.1314953481430231,False,
2025-12-05 07:20:00,8264188,6346583,4,2,14.610772530053644,0,0.2204,0.1692,4.1e-05,1,0.2639992104466583,False,
2025-12-05 07:25:00,11031810,4968856,5,2,16.000667275357568,0,0.2942,0.1325,4.4e-05,1,0.22083366174777058,False,
2025-12-05 07:30:00,9157845,7832005,1,1,16.989850250457422,0,0.2442,0.2089,1.2e-05,1,0.2069997993542982,False,
2025-12-05 07:35:00,10265246,4289534,4,3,14.554781331585406,0,0.2737,0.1144,4.8e-05,1,0.21587047718384622,False,
2025-12-05 07:40:00,8508042,6580395,2,2,15.08843879914324,0,0.2269,0.1755,2.7e-05,1,0.2677640842275849,False,
2025-12-05 07:45:00,9457316,4305233,1,2,13.762549583860242,0,0.2522,0.1148,2.2e-05,1,0.22494118181102757,False,
2025-12-05 07:50:00,11408694,4108485,0,3,15.517179874958156,0,0.3042,0.1096,1.9e-05,1,0.18204804014442427,False,
2025-12-05 07:55:00,9432297,5692357,1,3,15.124654349489788,0,0.2515,0.1518,2.6e-05,1,0.2720476204894933,False,
2025-12-05 08:00:00,7508134,8095531,4,3,15.603666052986592,0,0.2002,0.2159,4.5e-05,1,0.20021465546944828,False,
2025-12-05 08:05:00,10347834,5910372,7,2,16.258206233489435,0,0.2759,0.1576,5.5e-05,1,0.20980369862234366,False,
2025-12-05 08:10:00,7583443,5892325,3,1,13.475769476605906,0,0.2022,0.1571,3e-05,1,0.2554945960976706,False,
2025-12-05 08:15:00,9150760,4579157,3,0,13.72991775553552,0,0.244,0.1221,2.2e-05,1,0.23325523519211178,False,
2025-12-05 08:20:00,7376854,4589814,3,2,11.966668760908664,0,0.1967,0.1224,4.2e-05,1,0.2148358701327116,False,
2025-12-05 08:25:00,7250167,7225989,2,1,14.4761560234622,0,0.1933,0.1927,2.1e-05,1,0.23495790973330716,False,
2025-12-05 08:30:00,12774746,7221590,1,1,19.99633701475357,0,0.3407,0.1926,1e-05,1,0.07888205600689469,False,
2025-12-05 08:35:00,10398744,7325739,4,3,17.724484274891793,0,0.2773,0.1954,3.9e-05,1,0.22213603602377968,False,
2025-12-05 08:40:00,8721805,4629370,1,3,13.35117595311886,0,0.2326,0.1234,3e-05,1,0.2410203225187773,False,
2025-12-05 08:45:00,6767688,6288620,3,1,13.056309472403042,0,0.1805,0.1677,3.1e-05,1,0.23474606278397647,False,
2025-12-05 08:50:00,10516014,4054743,2,3,14.570758136743214,0,0.2804,0.1081,3.4e-05,1,0.21988493666995307,False,
2025-12-05 08:55:00,10259289,6368000,3,4,16.6272897377696,0,0.2736,0.1698,4.2e-05,1,0.24218579895752546,False,
2025-12-05 09:00:00,8944716,5857260,2,0,14.801976387434795,0,0.2385,0.1562,1.4e-05,1,0.2388558346110275,False,
2025-12-05 09:05:00,10851594,3289940,3,2,14.141534763124945,0,0.2894,0.0877,3.5e-05,1,0.1833333913002555,False,
2025-12-05 09:10:00,10102917,6423213,0,2,16.5261310617421,0,0.2694,0.1713,1.2e-05,1,0.22619154896744964,False,
2025-12-05 09:15:00,7811860,4359240,1,3,12.17110102109502,0,0.2083,0.1162,3.3e-05,1,0.21561421948378107,False,
2025-12-05 09:20:00,8895390,5649280,3,2,14.544671467732035,0,0.2372,0.1506,3.4e-05,1,0.2692810906208424,False,
2025-12-05 09:25:00,9739849,3693965,5,2,13.433814646797462,0,0.2597,0.0985,5.2e-05,1,0.18669042905564287,False,
2025-12-05 09:30:00,10454335,5730508,4,3,16.184844039089324,0,0.2788,0.1528,4.3e-05,1,0.24295254883813572,False,
2025-12-05 09:35:00,9142053,6059084,4,3,15.201138544841818,0,0.2438,0.1616,4.6e-05,1,0.2566983105819934,False,
2025-12-05 09:40:00,9303977,5378068,8,5,14.682046219237735,0,0.2481,0.1434,8.9e-05,1,0.10991993621411833,False,
2025-12-05 09:45:00,11151681,5461339,1,4,16.613020951703,0,0.2974,0.1456,3e-05,1,0.24627044713561336,False,
2025-12-05 09:50:00,7403629,5419209,1,4,12.822838700224798,0,0.1974,0.1445,3.9e-05,1,0.24457869238298818,False,
2025-12-05 09:55:00,8432487,6244614,5,1,14.677102282268232,0,0.2249,0.1665,4.1e-05,1,0.26347818528168593,False,
2025-12-05 10:00:00,6783107,6624203,2,0,13.407310513752464,0,0.1809,0.1766,1.5e-05,1,0.20240952472039603,False,
2025-12-05 10:05:00,8474161,3986415,7,2,12.46057649532844,0,0.226,0.1063,7.2e-05,1,0.14154310504214995,False,
2025-12-05 10:10:00,9383837,5789562,2,4,15.173399604934298,0,0.2502,0.1544,4e-05,1,0.2676657215489217,False,
2025-12-05 10:15:00,8375784,6676991,2,2,15.052775527790091,0,0.2234,0.1781,2.7e-05,1,0.26857708942394776,False,
2025-12-05 10:20:00,8703308,5678845,2,1,14.382153255969268,0,0.2321,0.1514,2.1e-05,1,0.2564015998016623,False,
2025-12-05 10:25:00,9469697,4925024,7,1,14.394722675553922,0,0.2525,0.1313,5.6e-05,1,0.22280353495896033,False,
2025-12-05 10:30:00,10811862,6701833,5,3,17.51369583262849,0,0.2883,0.1787,4.6e-05,1,0.2135668390628167,False,
2025-12-05 10:35:00,8037699,4401681,0,4,12.439380973550834,0,0.2143,0.1174,3.2e-05,1,0.2241235754110264,False,
2025-12-05 10:40:00,9910983,5343382,4,4,15.254365470666812,0,0.2643,0.1425,5.2e-05,1,0.23838646066685681,False,
2025-12-05 10:45:00,10254461,5957350,2,1,16.21181231409389,0,0.2735,0.1589,1.9e-05,1,0.2524063461122777,False,
2025-12-05 10:50:00,5758605,5235832,6,2,10.994438422626216,0,0.1536,0.1396,7.3e-05,1,0.09141581302363899,False,
2025-12-05 10:55:00,8123147,5725485,0,3,13.848633674947871,0,0.2166,0.1527,2.2e-05,1,0.2593541308513845,False,
2025-12-05 11:00:00,10840589,7557943,5,2,18.398532462625464,0,0.2891,0.2015,3.8e-05,1,0.20788671501084477,False,
2025-12-05 11:05:00,8194309,5606718,4,2,13.801027619258829,0,0.2185,0.1495,4.3e-05,1,0.25922028988244794,False,
2025-12-05 11:10:00,7040665,6230267,1,1,13.270933122447683,0,0.1878,0.1661,1.5e-05,1,0.21145445209301078,False,
2025-12-05 11:15:00,7074893,5454254,1,2,12.529148488095627,0,0.1887,0.1454,2.4e-05,1,0.22972207306376063,False,
2025-12-05 11:20:00,9022842,5392950,3,3,14.415793373241693,0,0.2406,0.1438,4.2e-05,1,0.26012407641127266,False,
2025-12-05 11:25:00,9528661,5364665,4,1,14.893327345830572,0,0.2541,0.1431,3.4e-05,1,0.2616297267739961,False,
2025-12-05 11:30:00,12012120,5408764,2,4,17.420885032903158,0,0.3203,0.1442,3.4e-05,1,0.2034857381429614,False,
2025-12-05 11:35:00,9962309,5659598,2,1,15.621908172821858,0,0.2657,0.1509,1.9e-05,1,0.2552049439705991,False,
2025-12-05 11:40:00,9804884,8468643,3,0,18.27352803698063,0,0.2615,0.2258,1.6e-05,1,0.16217486831218603,False,
2025-12-05 11:45:00,9979733,6340502,2,3,16.320235794769122,0,0.2661,0.1691,3.1e-05,1,0.26362893522867187,False,
2025-12-05 11:50:00,8745741,6757273,2,4,15.503014197533076,0,0.2332,0.1802,3.9e-05,1,0.2618786817802697,False,
2025-12-05 11:55:00,7182974,5136036,3,2,12.319010629015064,0,0.1915,0.137,4.1e-05,1,0.23739277393125052,False,
2025-12-05 12:00:00,9420944,6954673,3,1,16.37561858493904,0,0.2512,0.1855,2.4e-05,1,0.26648592430017715,False,
2025-12-05 12:05:00,9891299,3443354,1,1,13.334653705181784,0,0.2638,0.0918,1.5e-05,1,0.15730027865751395,False,
2025-12-05 12:10:00,10886727,6242275,4,2,17.12900213229352,0,0.2903,0.1665,3.5e-05,1,0.2393273567317345,False,
2025-12-05 12:15:00,8362638,4074746,3,3,12.43738459954666,0,0.223,0.1087,4.8e-05,1,0.21756275672162462,False,
2025-12-05 12:20:00,6770925,5386766,1,0,12.157692175448318,0,0.1806,0.1436,8e-06,1,0.15498495755155028,False,
2025-12-05 12:25:00,9706826,6617267,7,1,16.32409416457633,0,0.2588,0.1765,4.9e-05,1,0.24318695467514073,False,
2025-12-05 12:30:00,8517454,6811686,3,1,15.329140955412218,0,0.2271,0.1816,2.6e-05,1,0.2644183193190287,False,
2025-12-05 12:35:00,9932404,6570843,4,1,16.50324804551308,0,0.2649,0.1752,3e-05,1,0.26288868393320397,False,
2025-12-05 12:40:00,8107234,7773551,3,0,15.88078548771442,0,0.2162,0.2073,1.9e-05,1,0.23508612258564238,False,
2025-12-05 12:45:00,8977529,6392396,2,1,15.36992548473886,0,0.2394,0.1705,2e-05,1,0.26535182035295907,False,
2025-12-05 12:50:00,6118915,4261225,2,2,10.380141329998542,0,0.1632,0.1136,3.9e-05,1,0.1250338274019367,False,
2025-12-05 12:55:00,8425370,4569234,3,2,12.994605507654414,0,0.2247,0.1218,3.8e-05,1,0.24038073386611947,False,
2025-12-05 13:00:00,7479633,5343574,3,0,12.823207836833008,0,0.1995,0.1425,2.3e-05,1,0.23394467758227389,False,
2025-12-05 13:05:00,7762930,6984931,4,3,14.74786203025366,0,0.207,0.1863,4.7e-05,1,0.2472689684052709,False,
2025-12-05 13:10:00,9818176,4969034,3,1,14.787211622969762,0,0.2618,0.1325,2.7e-05,1,0.26270364255963985,False,
2025-12-05 13:15:00,8770330,8091450,2,4,16.86178119829262,0,0.2339,0.2158,3.6e-05,1,0.2179823649222018,False,
2025-12-05 13:20:00,10192424,4333693,7,3,14.52611791981488,0,0.2718,0.1156,6.9e-05,1,0.1426387627070269,False,
2025-12-05 13:25:00,8268490,4015052,3,3,12.283543300220938,0,0.2205,0.1071,4.9e-05,1,0.2084057013455926,False,
2025-12-05 13:30:00,7974733,6531812,7,1,14.506546047776904,0,0.2127,0.1742,5.5e-05,1,0.23521311476574208,False,
2025-12-05 13:35:00,8387644,5952123,1,1,14.339767958451038,0,0.2237,0.1587,1.4e-05,1,0.23786454532506834,False,
2025-12-05 13:40:00,11181970,5497406,3,0,16.679376575072382,0,0.2982,0.1466,1.8e-05,1,0.231875563444305,False,
2025-12-05 13:45:00,8875653,6250706,7,2,15.126360607821946,0,0.2367,0.1667,5.9e-05,1,0.23767669616058806,False,
2025-12-05 13:50:00,8338354,6372171,6,0,14.71052584454195,0,0.2224,0.1699,4.1e-05,1,0.26408447529400675,False,
2025-12-05 13:55:00,11271417,6688070,4,5,17.959487954225274,0,0.3006,0.1783,5e-05,1,0.18787079990845212,False,
2025-12-05 14:00:00,8964130,6941660,1,2,15.905791643863257,0,0.239,0.1851,1.9e-05,1,0.2641943203605953,False,
2025-12-05 14:05:00,11071132,2501994,1,0,13.573126917734882,0,0.2952,0.0667,7e-06,1,0.09632134411632143,False,
2025-12-05 14:10:00,9421871,5363931,3,3,14.785803434689427,0,0.2512,0.143,4.1e-05,1,0.2627271995943146,False,
2025-12-05 14:15:00,10011762,6037941,2,0,16.04970377022052,0,0.267,0.161,1.2e-05,1,0.22852028249376144,False,
2025-12-05 14:20:00,10170300,5372223,1,2,15.5425240292074,0,0.2712,0.1433,1.9e-05,1,0.24901099584093495,False,
2025-12-05 14:25:00,8846577,5482824,4,1,14.32940230319734,0,0.2359,0.1462,3.5e-05,1,0.2696200475418936,False,
2025-12-05 14:30:00,7297906,5957416,1,4,13.2553224529692,0,0.1946,0.1589,3.8e-05,1,0.24985943719009884,False,
2025-12-05 14:35:00,9482055,3790604,3,4,13.272660323977176,0,0.2529,0.1011,5.3e-05,1,0.19802067940468338,False,
2025-12-05 14:40:00,9594494,6944375,1,1,16.53887005695304,0,0.2559,0.1852,1.2e-05,1,0.2372286666340443,False,
2025-12-05 14:45:00,8063895,3224416,6,2,11.288312021626018,0,0.215,0.086,7.1e-05,1,0.08692254134645183,False,
2025-12-05 14:50:00,8805266,6592980,2,3,15.398246186573228,0,0.2348,0.1758,3.2e-05,1,0.270642730140135,False,
2025-12-05 14:55:00,4487645,7346491,2,1,11.834137479176924,0,0.1197,0.1959,2.5e-05,1,0.12922569928138328,False,
2025-12-05 15:00:00,7666065,4962614,2,2,12.62867975639013,0,0.2044,0.1323,3.2e-05,1,0.24102743951959515,False,
2025-12-05 15:05:00,7425334,5688440,3,3,13.113775434354269,0,0.198,0.1517,4.6e-05,1,0.23956148055203141,False,
2025-12-05 15:10:00,9136820,6347111,1,3,15.483932381517617,0,0.2436,0.1693,2.6e-05,1,0.272724712297187,False,
2025-12-05 15:15:00,10026738,5713257,2,1,15.739996125060356,0,0.2674,0.1524,1.9e-05,1,0.253106293914305,False,
2025-12-05 15:20:00,7965334,6731182,3,1,14.696517168398488,0,0.2124,0.1795,2.7e-05,1,0.2652000897613681,False,
2025-12-05 15:25:00,8816462,6371103,3,3,15.187565403277532,0,0.2351,0.1699,4e-05,1,0.26942070643452076,False,
2025-12-05 15:30:00,9292924,5210311,3,2,14.503235535596993,0,0.2478,0.1389,3.4e-05,1,0.2648939465044061,False,
2025-12-05 15:35:00,10389893,8197057,5,1,18.5869507711438,0,0.2771,0.2186,3.2e-05,1,0.18239138948706768,False,
2025-12-05 15:40:00,8273489,3996453,8,2,12.26994209493852,0,0.2206,0.1066,8.1e-05,1,0.09489689866470707,False,
2025-12-05 15:45:00,7379956,5629591,3,3,13.00954824173328,0,0.1968,0.1501,4.6e-05,1,0.23968443534998995,False,
2025-12-05 15:50:00,6503788,7035132,7,0,13.538920829909884,0,0.1734,0.1876,5.2e-05,1,0.20070746751884705,False,
2025-12-05 15:55:00,10811852,4027261,1,4,14.839114033999987,0,0.2883,0.1074,3.4e-05,1,0.21194376207018506,False,
2025-12-05 16:00:00,9160377,5428749,1,0,14.589126547162357,0,0.2443,0.1448,7e-06,1,0.21340362542242602,False,
2025-12-05 16:05:00,8158613,5762875,4,2,13.921489611449294,0,0.2176,0.1537,4.3e-05,1,0.26289487809136136,False,
2025-12-05 16:10:00,10666388,6039554,3,4,16.70594343668114,0,0.2844,0.1611,4.2e-05,1,0.2380477738921663,False,
2025-12-05 16:15:00,10144129,6444654,3,3,16.588784489266565,0,0.2705,0.1719,3.6e-05,1,0.2586141803993074,False,
2025-12-05 16:20:00,8619780,5629876,2,1,14.249656959374365,0,0.2299,0.1501,2.1e-05,1,0.2557050430601446,False,
2025-12-05 16:25:00,9646282,5518280,2,4,15.164562822613956,0,0.2572,0.1472,4e-05,1,0.2627542171852252,False,
2025-12-05 16:30:00,7958806,5155112,5,2,13.11391927374502,0,0.2122,0.1375,5.3e-05,1,0.23710779173676777,False,
2025-12-05 16:35:00,10035609,4973647,5,1,15.00925661177269,0,0.2676,0.1326,4e-05,1,0.2563964673309137,False,
2025-12-05 16:40:00,8670894,6605540,5,1,15.276434837569614,0,0.2312,0.1761,3.9e-05,1,0.26215419221119546,False,
2025-12-05 16:45:00,10250972,4763143,2,1,15.01411594754508,0,0.2734,0.127,2e-05,1,0.23856030786986043,False,
2025-12-05 16:50:00,7802860,6652398,0,0,14.455259456934993,0,0.2081,0.1774,0.0,1,0.17226946122642406,False,
2025-12-05 16:55:00,12270847,7713810,4,1,19.98465802963943,0,0.3272,0.2057,2.5e-05,1,0.10948347629357502,False,
2025-12-05 17:00:00,8623462,6598335,4,0,15.22179854733148,0,0.23,0.176,2.6e-05,1,0.26620111028416316,False,
2025-12-05 17:05:00,10210455,6780946,5,2,16.991401230888606,0,0.2723,0.1808,4.1e-05,1,0.23634375302227595,False,
2025-12-05 17:10:00,7490694,7934238,2,1,15.424932368346042,0,0.1998,0.2116,1.9e-05,1,0.21763365658705863,False,
2025-12-05 17:15:00,8378590,4893862,3,1,13.272452734619655,0,0.2234,0.1305,3e-05,1,0.2548945041654603,False,
2025-12-05 17:20:00,8979192,7106640,3,1,16.085833779027986,0,0.2394,0.1895,2.5e-05,1,0.2672824131170764,False,
2025-12-05 17:25:00,10212077,4538297,4,0,14.7503751220167,0,0.2723,0.121,2.7e-05,1,0.2444844935475191,False,
2025-12-05 17:30:00,9170209,5609964,3,1,14.780173579401255,0,0.2445,0.1496,2.7e-05,1,0.271632143148377,False,
2025-12-05 17:35:00,6466894,5938868,2,0,12.405762610028274,0,0.1725,0.1584,1.6e-05,1,0.19979131094974034,False,
2025-12-05 17:40:00,10542136,7905903,5,3,18.44803999583237,0,0.2811,0.2108,4.3e-05,1,0.1814578054264061,False,
2025-12-05 17:45:00,7513306,4001093,1,1,11.514400438658225,0,0.2004,0.1067,1.7e-05,1,0.15905003133799694,False,
2025-12-05 17:50:00,9821078,6057334,4,2,15.878412393394756,0,0.2619,0.1615,3.8e-05,1,0.2604396574102993,False,
2025-12-05 17:55:00,5973318,5080169,3,2,11.053487432100871,0,0.1593,0.1355,4.5e-05,1,0.17335043390896004,False,
2025-12-05 18:00:00,9204995,6042617,3,2,15.247613272226271,0,0.2455,0.1611,3.3e-05,1,0.2751705592622204,False,
2025-12-05 18:05:00,10289364,4954807,1,2,15.244172154750284,0,0.2744,0.1321,2e-05,1,0.2396443860682418,False,
2025-12-05 18:10:00,8809163,5806040,4,0,14.615203531204434,0,0.2349,0.1548,2.7e-05,1,0.2696260949797983,False,
2025-12-05 18:15:00,8727769,7400499,2,1,16.12826916832071,0,0.2327,0.1973,1.9e-05,1,0.2499203189368694,False,
2025-12-05 18:20:00,10074377,5805095,2,2,15.879473005195525,0,0.2687,0.1548,2.5e-05,1,0.2620360546591924,False,
2025-12-05 18:25:00,9590946,4695212,5,1,14.286159307236543,0,0.2558,0.1252,4.2e-05,1,0.23786712656213094,False,
2025-12-05 18:30:00,9236676,6413340,2,0,15.650016602050048,0,0.2463,0.171,1.3e-05,1,0.24399526878440142,False,
2025-12-05 18:35:00,11254530,4790643,1,3,16.045173908715658,0,0.3001,0.1278,2.5e-05,1,0.2295933158567856,False,
2025-12-05 18:40:00,7801542,6625817,1,4,14.427359933827605,0,0.208,0.1767,3.5e-05,1,0.2631370601494813,False,
2025-12-05 18:45:00,8779577,6481931,5,6,15.261509344514192,0,0.2341,0.1729,7.2e-05,1,0.17086734997257247,False,
2025-12-05 18:50:00,11253715,5658509,5,2,16.912224933664106,0,0.3001,0.1509,4.1e-05,1,0.22552964679822562,False,
2025-12-05 18:55:00,7788458,3955969,3,2,11.744428808132287,0,0.2077,0.1055,4.3e-05,1,0.19376902937697182,False,
2025-12-05 19:00:00,9697435,6545706,5,0,16.243142672481994,0,0.2586,0.1746,3.1e-05,1,0.26649560923006327,False,
2025-12-05 19:05:00,11491705,7186632,2,4,18.678337372604386,0,0.3064,0.1916,3.2e-05,1,0.20311980092927256,False,
2025-12-05 19:10:00,9132721,8524065,4,2,17.65678661936223,0,0.2435,0.2273,3.4e-05,1,0.1861625867321141,False,
2025-12-05 19:15:00,12168209,8214148,5,3,20.382357486629395,0,0.3245,0.219,3.9e-05,1,0.07518391576109329,False,
2025-12-05 19:20:00,8684033,5520232,6,4,14.204266071030691,0,0.2316,0.1472,7e-05,1,0.18426073238055118,False,
2025-12-05 19:25:00,4305840,6805812,4,1,11.11165313861819,0,0.1148,0.1815,4.5e-05,1,0.11857749043043819,False,
2025-12-05 19:30:00,8503978,8077361,4,3,16.58134016576472,0,0.2268,0.2154,4.2e-05,1,0.21003548498356228,False,
2025-12-05 19:35:00,8821368,5422708,4,2,14.24407690755092,0,0.2352,0.1446,4.2e-05,1,0.2639677319280945,False,
2025-12-05 19:40:00,6784440,8110582,2,2,14.895022681320867,0,0.1809,0.2163,2.7e-05,1,0.2039343829779548,False,
2025-12-05 19:45:00,8840754,4558722,0,4,13.399477047878404,0,0.2358,0.1216,3e-05,1,0.23879551541069327,False,
2025-12-05 19:50:00,12423805,5876036,1,0,18.299842353628037,0,0.3313,0.1567,5e-06,1,0.10251646877984566,False,
2025-12-05 19:55:00,7814852,6215689,1,0,14.030541585069471,0,0.2084,0.1658,7e-06,1,0.19477530639315038,False,
2025-12-05 20:00:00,9837430,6861473,2,2,16.698904327449103,0,0.2623,0.183,2.4e-05,1,0.26617931099169173,False,
2025-12-05 20:05:00,7864910,8086522,1,0,15.951433020474216,0,0.2097,0.2156,6e-06,1,0.15646608502354192,False,
2025-12-05 20:10:00,8379798,5626340,3,0,14.006139101781232,0,0.2235,0.15,2.1e-05,1,0.25679289602144595,False,
2025-12-05 20:15:00,10848374,6809335,3,4,17.657709897112,0,0.2893,0.1816,4e-05,1,0.22615615632354197,False,
2025-12-05 20:20:00,10443169,6222486,3,2,16.66565534570558,0,0.2785,0.1659,3e-05,1,0.2536745130136792,False,
2025-12-05 20:25:00,9556671,5739903,3,2,15.296575048827917,0,0.2548,0.1531,3.3e-05,1,0.26590758867118164,False,
2025-12-05 20:30:00,10537688,3805789,2,0,14.34347752037496,0,0.281,0.1015,1.4e-05,1,0.16982141447159388,False,
2025-12-05 20:35:00,9569420,6465388,1,3,16.03480891794241,0,0.2552,0.1724,2.5e-05,1,0.2663783852493036,False,
2025-12-05 20:40:00,9018449,5446122,3,1,14.4645719484486,0,0.2405,0.1452,2.8e-05,1,0.26791023403438263,False,
2025-12-05 20:45:00,8106197,6585966,1,4,14.692163742581466,0,0.2162,0.1756,3.4e-05,1,0.2682741445266804,False,
2025-12-05 20:50:00,6320426,5414897,3,2,11.735324783577186,0,0.1685,0.1444,4.3e-05,1,0.2019320157950747,False,
2025-12-05 20:55:00,11272591,6373048,3,3,17.6456403296781,0,0.3006,0.1699,3.4e-05,1,0.22458253608051293,False,
2025-12-05 21:00:00,6540937,4340735,5,4,10.881673062520711,0,0.1744,0.1158,8.3e-05,1,0.054500085253110675,False,
2025-12-05 21:05:00,8105397,7491108,7,1,15.59650585169406,0,0.2161,0.1998,5.1e-05,1,0.2348528782563537,False,
2025-12-05 21:10:00,8694783,6433820,7,2,15.1286044577463,0,0.2319,0.1716,5.9e-05,1,0.23155578873324856,False,
2025-12-05 21:15:00,7717725,4760055,1,3,12.477781284871613,0,0.2058,0.1269,3.2e-05,1,0.23276682981335012,False,
2025-12-05 21:20:00,7897523,5015379,3,0,12.9129033343149,0,0.2106,0.1337,2.3e-05,1,0.24169982181692656,False,
2025-12-05 21:25:00,11239069,8707280,5,0,19.94634931921956,0,0.2997,0.2322,2.5e-05,1,0.1214605952622092,False,
2025-12-05 21:30:00,10035378,9292936,2,2,19.32831446203203,0,0.2676,0.2478,2.1e-05,1,0.1021795635124827,False,
2025-12-05 21:35:00,9197077,5107870,2,2,14.304948163262097,0,0.2453,0.1362,2.8e-05,1,0.26098425277099346,False,
2025-12-05 21:40:00,6012872,6102684,1,3,12.115556390947583,0,0.1603,0.1627,3.3e-05,1,0.20757863007942778,False,
2025-12-05 21:45:00,9873135,7995257,6,1,17.868393150956923,0,0.2633,0.2132,3.9e-05,1,0.20113462074823552,False,
2025-12-05 21:50:00,8539855,5801079,2,1,14.340934920951517,0,0.2277,0.1547,2.1e-05,1,0.25795710846901204,False,
2025-12-05 21:55:00,10822164,5652930,3,2,16.475094944241413,0,0.2886,0.1507,3e-05,1,0.25769788120900333,False,
2025-12-05 22:00:00,9404952,7964714,8,3,17.369667030113852,0,0.2508,0.2124,6.3e-05,1,0.15903142675325088,False,
2025-12-05 22:05:00,4656546,7668907,4,0,12.32545383217482,0,0.1242,0.2045,3.2e-05,1,0.14888507790349276,False,
2025-12-05 22:10:00,10558036,5309635,2,2,15.867671648596202,0,0.2815,0.1416,2.5e-05,1,0.2536443877254277,False,
2025-12-05 22:15:00,10699943,3827468,4,1,14.527412343173838,0,0.2853,0.1021,3.4e-05,1,0.21202730863600372,False,
2025-12-05 22:20:00,8695180,7120852,3,2,15.816032785987533,0,0.2319,0.1899,3.2e-05,1,0.2629687396872307,False,
2025-12-05 22:25:00,8693271,4916010,2,3,13.609282313984613,0,0.2318,0.1311,3.7e-05,1,0.252238759243652,False,
2025-12-05 22:30:00,9517718,6702591,2,1,16.22031002836104,0,0.2538,0.1787,1.8e-05,1,0.25874875420286525,False,
2025-12-05 22:35:00,7795074,6450646,1,2,14.245721676386788,0,0.2079,0.172,2.1e-05,1,0.25457924256825293,False,
2025-12-05 22:40:00,9878716,4528275,3,2,14.406991683649142,0,0.2634,0.1208,3.5e-05,1,0.24003882703443102,False,
2025-12-05 22:45:00,9269901,4898971,2,3,14.16887299203538,0,0.2472,0.1306,3.5e-05,1,0.2601951926394098,False,
2025-12-05 22:50:00,9959951,5902089,5,3,15.862040379260176,0,0.2656,0.1574,5e-05,1,0.23517696285603396,False,
2025-12-05 22:55:00,10753387,6320788,4,1,17.074175610153148,0,0.2868,0.1686,2.9e-05,1,0.24556956922549056,False,
2025-12-05 23:00:00,11001125,6102430,1,2,17.103555574420177,0,0.2934,0.1627,1.8e-05,1,0.22820969577716177,False,
2025-12-05 23:05:00,10531948,6398070,1,2,16.930018603889017,0,0.2809,0.1706,1.8e-05,1,0.2428557775738721,False,
2025-12-05 23:10:00,9422238,7400434,0,1,16.82267362816291,0,0.2513,0.1973,6e-06,1,0.19775106511198026,False,
2025-12-05 23:15:00,9399264,4718008,2,4,14.11727330882189,0,0.2506,0.1258,4.3e-05,1,0.2413373451187606,False,
2025-12-05 23:20:00,10982021,6567782,3,2,17.54980442500817,0,0.2929,0.1751,2.8e-05,1,0.23939790250563836,False,
2025-12-05 23:25:00,10648640,6024060,4,1,16.672701008449327,0,0.284,0.1606,3e-05,1,0.25716365999945145,False,
2025-12-05 23:30:00,7572041,6091054,3,2,13.663096462101898,0,0.2019,0.1624,3.7e-05,1,0.2513129246812926,False,
2025-12-05 23:35:00,7646911,6225715,5,2,13.87262673566443,0,0.2039,0.166,5e-05,1,0.24204248419167707,False,
2025-12-05 23:40:00,6670870,6318508,2,3,12.989378377149835,0,0.1779,0.1685,3.8e-05,1,0.23481192399367473,False,
2025-12-05 23:45:00,7248025,6167089,4,2,13.415114571950998,0,0.1933,0.1645,4.5e-05,1,0.24022574885243214,False,
2025-12-05 23:50:00,11021912,7757148,3,3,18.779061315235964,0,0.2939,0.2069,3.2e-05,1,0.19156766891275673,False,
2025-12-05 23:55:00,7467884,5984605,1,3,13.452489909696991,0,0.1991,0.1596,3e-05,1,0.25136760277822295,False,
2025-12-06 00:00:00,8961063,6473921,6,1,15.434984635243785,0,0.239,0.1726,4.5e-05,1,0.25566001017723444,False,
2025-12-06 00:05:00,10630086,7317260,2,3,17.947346972232612,0,0.2835,0.1951,2.8e-05,1,0.23409608787798053,False,
2025-12-06 00:10:00,8332493,6290285,3,4,14.622778985718888,0,0.2222,0.1677,4.8e-05,1,0.2486120960584725,False,
2025-12-06 00:15:00,9807539,4937293,2,2,14.7448336142397,0,0.2615,0.1317,2.7e-05,1,0.26185493395641635,False,
2025-12-06 00:20:00,7317109,6915290,0,3,14.232400412605305,0,0.1951,0.1844,2.1e-05,1,0.23994389690413198,False,
2025-12-06 00:25:00,8501028,5928705,3,1,14.429733416968697,0,0.2267,0.1581,2.8e-05,1,0.2664172684599884,False,
2025-12-06 00:30:00,10158450,5758815,1,3,15.917266522205148,0,0.2709,0.1536,2.5e-05,1,0.2599377205561654,False,
2025-12-06 00:35:00,8713878,7907635,3,2,16.621513423419653,0,0.2324,0.2109,3e-05,1,0.23323729654351455,False,
2025-12-06 00:40:00,10940305,6691618,1,2,17.631924592578528,0,0.2917,0.1784,1.7e-05,1,0.22422275267072755,False,
2025-12-06 00:45:00,8471770,5729331,6,0,14.201102255104315,0,0.2259,0.1528,4.2e-05,1,0.25891567726993103,False,
2025-12-06 00:50:00,8023675,6102531,3,4,14.12620708859883,0,0.214,0.1627,5e-05,1,0.2533599042572469,False,
2025-12-06 00:55:00,7258585,4359053,3,0,11.617639968709458,0,0.1936,0.1162,2.6e-05,1,0.19221371388252756,False,
2025-12-06 01:00:00,8050816,4654082,1,3,12.704899870930072,0,0.2147,0.1241,3.1e-05,1,0.2403581651202359,False,
2025-12-06 01:05:00,10192572,3761423,1,3,13.953996126831576,0,0.2718,0.1003,2.9e-05,1,0.19911126800683765,False,
2025-12-06 01:10:00,8140368,6868153,4,3,15.008522367937966,0,0.2171,0.1832,4.7e-05,1,0.25189964288623357,False,
2025-12-06 01:15:00,9988980,3538814,5,1,13.527795495519,0,0.2664,0.0944,4.4e-05,1,0.18955488126788173,False,
2025-12-06 01:20:00,10829789,5430279,4,1,16.260069033844037,0,0.2888,0.1448,3.1e-05,1,0.25342278979362,False,
2025-12-06 01:25:00,11214305,5247329,2,1,16.461634392350373,0,0.299,0.1399,1.8e-05,1,0.22002351569168438,False,
2025-12-06 01:30:00,8654458,6551448,1,2,15.205906414371595,0,0.2308,0.1747,2e-05,1,0.25838292607093344,False,
2025-12-06 01:35:00,10393820,6088151,2,2,16.48197213427909,0,0.2772,0.1624,2.4e-05,1,0.2552428640044263,False,
2025-12-06 01:40:00,6926832,6343345,4,2,13.270178702942964,0,0.1847,0.1692,4.5e-05,1,0.23418288271246285,False,
2025-12-06 01:45:00,6286959,7253257,1,1,13.540216961555544,0,0.1677,0.1934,1.5e-05,1,0.1804128820624707,False,
2025-12-06 01:50:00,7645423,8840067,2,1,16.485490839941498,0,0.2039,0.2357,1.8e-05,1,0.16604780548894799,False,
2025-12-06 01:55:00,10472675,3122623,2,2,13.59529916639436,0,0.2793,0.0833,2.9e-05,1,0.1730206668807932,False,
2025-12-06 02:00:00,8563515,4685295,0,0,13.248811170982233,0,0.2284,0.1249,0.0,1,0.12601999943148412,False,
2025-12-06 02:05:00,9591602,5400518,3,5,14.992120738132815,0,0.2558,0.144,5.3e-05,1,0.24096224598837895,False,
2025-12-06 02:10:00,9380741,5573933,3,1,14.95467548976247,0,0.2502,0.1486,2.7e-05,1,0.2714105144077048,False,
2025-12-06 02:15:00,11245779,5486743,2,1,16.732523886727215,0,0.2999,0.1463,1.8e-05,1,0.22872002840332772,False,
2025-12-06 02:20:00,8986890,6103470,4,0,15.09036111972282,0,0.2397,0.1628,2.7e-05,1,0.2762791804123063,False,
2025-12-06 02:25:00,7658434,4403357,5,1,12.061791784007296,0,0.2042,0.1174,5e-05,1,0.2078944516221916,False,
2025-12-06 02:30:00,7840534,4053582,3,2,11.89411698556538,0,0.2091,0.1081,4.2e-05,1,0.20447900748297126,False,
2025-12-06 02:35:00,8156454,4302477,5,0,12.45893218470924,0,0.2175,0.1147,4e-05,1,0.2273540480041349,False,
2025-12-06 02:40:00,6783661,5740351,3,0,12.524013078963488,0,0.1809,0.1531,2.4e-05,1,0.22655324750221656,False,
2025-12-06 02:45:00,8792421,5968448,5,2,14.760870198360385,0,0.2345,0.1592,4.7e-05,1,0.2555319108631354,False,
2025-12-06 02:50:00,7859707,6391654,1,1,14.251361266606413,0,0.2096,0.1704,1.4e-05,1,0.22916659472396372,False,
2025-12-06 02:55:00,10566516,7305053,2,4,17.871570679357532,0,0.2818,0.1948,3.4e-05,1,0.2346983582365687,False,
2025-12-06 03:00:00,8347489,7554416,1,0,15.901906475368868,0,0.2226,0.2015,6e-06,1,0.1913390160404822,False,
2025-12-06 03:05:00,9871466,7554890,2,2,17.426357097484175,0,0.2632,0.2015,2.3e-05,1,0.2358598973234361,False,
2025-12-06 03:10:00,9260706,5386776,0,5,14.647483295313505,0,0.247,0.1436,3.4e-05,1,0.26765662485097685,False,
2025-12-06 03:15:00,9557569,6393118,3,3,15.950687594546938,0,0.2549,0.1705,3.8e-05,1,0.25753987177268833,False,
2025-12-06 03:20:00,8947931,6208367,4,4,15.156299166642969,0,0.2386,0.1656,5.3e-05,1,0.24795546822194386,False,
2025-12-06 03:25:00,10320087,6076731,5,1,16.39681875517401,0,0.2752,0.162,3.7e-05,1,0.25524283655258784,False,
2025-12-06 03:30:00,7231594,5289007,3,2,12.520601496670045,0,0.1928,0.141,4e-05,1,0.2360156134573721,False,
2025-12-06 03:35:00,9905041,7856858,2,4,17.761900164356216,0,0.2641,0.2095,3.4e-05,1,0.2228545845552261,False,
2025-12-06 03:40:00,9544061,5651423,3,0,15.195485170526291,0,0.2545,0.1507,2e-05,1,0.25585197116094055,False,
2025-12-06 03:45:00,9090923,8822392,6,4,17.913316761248627,0,0.2424,0.2353,5.6e-05,1,0.13219552337214824,False,
2025-12-06 03:50:00,9121824,3964067,2,2,13.085891634132755,0,0.2432,0.1057,3.1e-05,1,0.222543851401925,False,
2025-12-06 03:55:00,9623188,7609246,6,2,17.232435413951087,0,0.2566,0.2029,4.6e-05,1,0.21567469985576387,False,
2025-12-06 04:00:00,9620519,7800256,5,3,17.420775332377772,0,0.2565,0.208,4.6e-05,1,0.2055120841865336,False,
2025-12-06 04:05:00,10038789,4579543,2,0,14.61833277373843,0,0.2677,0.1221,1.4e-05,1,0.20227492429682348,False,
2025-12-06 04:10:00,8254588,3767065,1,2,12.021653994002236,0,0.2201,0.1005,2.5e-05,1,0.19371156472219386,False,
2025-12-06 04:15:00,8886737,5624659,4,1,14.51139668426059,0,0.237,0.15,3.4e-05,1,0.26925200958176754,False,
2025-12-06 04:20:00,9190189,6086966,3,2,15.277156089716012,0,0.2451,0.1623,3.3e-05,1,0.2751705592622204,False,
2025-12-06 04:25:00,11137112,5648684,5,1,16.785796585948958,0,0.297,0.1506,3.6e-05,1,0.24646380577035976,False,
2025-12-06 04:30:00,9179938,6879018,1,1,16.05895661942952,0,0.2448,0.1834,1.2e-05,1,0.24393684926794623,False,
2025-12-06 04:35:00,10092893,7348728,2,1,17.441621997036435,0,0.2691,0.196,1.7e-05,1,0.22343517139753072,False,
2025-12-06 04:40:00,8484235,6038671,6,2,14.522907213511605,0,0.2262,0.161,5.5e-05,1,0.24006487296742962,False,
2025-12-06 04:45:00,10776953,6295877,1,3,17.072830570960484,0,0.2874,0.1679,2.3e-05,1,0.24082331729888684,False,
2025-12-06 04:50:00,7233711,7432775,3,1,14.66648677506362,0,0.1929,0.1982,2.7e-05,1,0.24593006911315862,False,
2025-12-06 04:55:00,9242835,5976252,5,3,15.21908792431406,0,0.2465,0.1594,5.3e-05,1,0.24111133259869133,False,
2025-12-06 05:00:00,8415900,4590887,2,3,13.006787996705215,0,0.2244,0.1224,3.8e-05,1,0.23972046328922952,False,
2025-12-06 05:05:00,9419669,7476496,2,2,16.896165772118334,0,0.2512,0.1994,2.4e-05,1,0.2509312430674319,False,
2025-12-06 05:10:00,7642009,7083132,4,3,14.72514183230287,0,0.2038,0.1889,4.8e-05,1,0.24062716394632394,False,
2025-12-06 05:15:00,8772021,6435574,4,1,15.207595641166998,0,0.2339,0.1716,3.3e-05,1,0.2693918332991164,False,
2025-12-06 05:20:00,6824475,6617497,3,0,13.44197339626694,0,0.182,0.1765,2.2e-05,1,0.22791749890085572,False,
2025-12-06 05:25:00,7240339,4956486,4,5,12.196825718483224,0,0.1931,0.1322,7.4e-05,1,0.139190646674073,False,
2025-12-06 05:30:00,8912577,6192062,3,2,15.104639377086274,0,0.2377,0.1651,3.3e-05,1,0.27482337231305576,False,
2025-12-06 05:35:00,8164389,8252287,2,4,16.416676120902284,0,0.2177,0.2201,3.7e-05,1,0.20178916172906786,False,
2025-12-06 05:40:00,9593542,7050963,4,2,16.644506451380437,0,0.2558,0.188,3.6e-05,1,0.262542168773714,False,
2025-12-06 05:45:00,8508720,4669450,1,2,13.17817066656438,0,0.2269,0.1245,2.3e-05,1,0.2323687357409539,False,
2025-12-06 05:50:00,9100995,5479010,3,2,14.58000651009908,0,0.2427,0.1461,3.4e-05,1,0.2694694698326557,False,
2025-12-06 05:55:00,5618393,6466875,1,3,12.085268984340606,0,0.1498,0.1724,3.3e-05,1,0.1855974449625089,False,
2025-12-06 06:00:00,8131224,6873675,2,2,15.004900276723353,0,0.2168,0.1833,2.7e-05,1,0.27131844121779325,False,
2025-12-06 06:05:00,5461479,6375698,5,2,11.837178572456365,0,0.1456,0.17,5.9e-05,1,0.1491640178720553,False,
2025-12-06 06:10:00,9386887,6740172,3,1,16.127060162757736,0,0.2503,0.1797,2.5e-05,1,0.26975685222810974,False,
2025-12-06 06:15:00,9023450,6802981,0,2,15.826432304670783,0,0.2406,0.1814,1.3e-05,1,0.24901708546776113,False,
2025-12-06 06:20:00,13163346,6826157,2,3,19.989503741225807,0,0.351,0.182,2.5e-05,1,0.0964512866839532,False,
2025-12-06 06:25:00,7286993,6597367,3,1,13.88436120165884,0,0.1943,0.1759,2.9e-05,1,0.24945228769144778,False,
2025-12-06 06:30:00,9490760,7920868,4,0,17.411629635018784,0,0.2531,0.2112,2.3e-05,1,0.22003331942591486,False,
2025-12-06 06:35:00,7806591,5486868,4,1,13.293460354428296,0,0.2082,0.1463,3.8e-05,1,0.255810730059922,False,
2025-12-06 06:40:00,9455266,5120959,2,2,14.57622568480603,0,0.2521,0.1366,2.7e-05,1,0.2632558659797878,False,
2025-12-06 06:45:00,10704821,5308540,4,1,16.01336240202995,0,0.2855,0.1416,3.1e-05,1,0.2528611786876318,False,
2025-12-06 06:50:00,9298172,4636822,0,3,13.934995365492323,0,0.248,0.1236,2.2e-05,1,0.23723254098535695,False,
2025-12-06 06:55:00,10323620,3618594,5,0,13.942215812874704,0,0.2753,0.0965,3.6e-05,1,0.19625639091422215,False,
2025-12-06 07:00:00,10586301,5630665,2,6,16.21696711949128,0,0.2823,0.1502,4.9e-05,1,0.23113442647469645,False,
2025-12-06 07:05:00,7083788,6073159,4,1,13.1569477642886,0,0.1889,0.162,3.8e-05,1,0.24284813465375954,False,
2025-12-06 07:10:00,9931841,7573649,2,0,17.50549096558541,0,0.2648,0.202,1.1e-05,1,0.20026376568874876,False,
2025-12-06 07:15:00,7708886,5532298,4,1,13.241185168121852,0,0.2056,0.1475,3.8e-05,1,0.25054983001251574,False,
2025-12-06 07:20:00,7883156,5610872,1,4,13.49402884641612,0,0.2102,0.1496,3.7e-05,1,0.2549716704354014,False,
2025-12-06 07:25:00,9982651,6808279,1,3,16.790931243628933,0,0.2662,0.1816,2.4e-05,1,0.2586043445908066,False,
2025-12-06 07:30:00,9536500,5858385,5,1,15.39488596222629,0,0.2543,0.1562,3.9e-05,1,0.2560627176083711,False,
2025-12-06 07:35:00,10142069,5876729,4,1,16.01879887009001,0,0.2705,0.1567,3.1e-05,1,0.25784727040941274,False,
2025-12-06 07:40:00,9643884,5229308,1,3,14.87319323159678,0,0.2572,0.1394,2.7e-05,1,0.2612881404586084,False,
2025-12-06 07:45:00,7752515,6151565,4,3,13.904080832409402,0,0.2067,0.164,5e-05,1,0.24977437897683108,False,
2025-12-06 07:50:00,8571539,7561102,4,0,16.13264114404135,0,0.2286,0.2016,2.5e-05,1,0.2531643722934649,False,
2025-12-06 07:55:00,8682677,7291728,0,1,15.974406832900096,0,0.2315,0.1944,6e-06,1,0.2011134494052627,False,
2025-12-06 08:00:00,8361837,7576150,8,3,15.937987511162602,0,0.223,0.202,6.9e-05,1,0.15932264286244407,False,
2025-12-06 08:05:00,9323216,5878271,7,1,15.201488628876724,0,0.2486,0.1568,5.3e-05,1,0.23999787584479204,False,
2025-12-06 08:10:00,6500752,6618463,2,1,13.119215700184956,0,0.1734,0.1765,2.3e-05,1,0.2163846890741517,False,
2025-12-06 08:15:00,9882781,6789889,5,1,16.67267127525827,0,0.2635,0.1811,3.6e-05,1,0.2636105884174582,False,
2025-12-06 08:20:00,10162430,7068444,5,2,17.230875019148492,0,0.271,0.1885,4.1e-05,1,0.23674670663045894,False,
2025-12-06 08:25:00,7017356,6497699,1,1,13.5150558072576,0,0.1871,0.1733,1.5e-05,1,0.20655000207531504,False,
2025-12-06 08:30:00,10670727,7988027,4,2,18.65875483553753,0,0.2846,0.213,3.2e-05,1,0.18909295449721614,False,
2025-12-06 08:35:00,8077138,4735395,3,1,12.812534291404178,0,0.2154,0.1263,3.1e-05,1,0.24439984095465472,False,
2025-12-06 08:40:00,9326512,6831337,3,3,16.157850287129275,0,0.2487,0.1822,3.7e-05,1,0.2669641164397246,False,
2025-12-06 08:45:00,9729778,7826842,2,4,17.556621791908015,0,0.2595,0.2087,3.4e-05,1,0.2226970226783237,False,
2025-12-06 08:50:00,9959637,5135204,1,0,15.094841306407488,0,0.2656,0.1369,7e-06,1,0.20244945532404668,False,
2025-12-06 08:55:00,8495250,6411374,4,4,14.906624625635418,0,0.2265,0.171,5.4e-05,1,0.23971810418506012,False,
2025-12-06 09:00:00,11040467,7730696,1,5,18.771163475046297,0,0.2944,0.2062,3.2e-05,1,0.19495744922458208,False,
2025-12-06 09:05:00,10015120,5338260,6,2,15.3533813905684,0,0.2671,0.1424,5.2e-05,1,0.23755610010466394,False,
2025-12-06 09:10:00,8638881,5814034,2,2,14.452916583749426,0,0.2304,0.155,2.8e-05,1,0.2667062644016443,False,
2025-12-06 09:15:00,11784943,7926277,1,4,19.71122047807981,0,0.3143,0.2114,2.5e-05,1,0.1223804230865222,False,
2025-12-06 09:20:00,13413978,4523962,7,2,17.937941648112236,0,0.3577,0.1206,5e-05,1,0.10698464847711076,False,
2025-12-06 09:25:00,7612470,5057689,1,1,12.670160034631756,0,0.203,0.1349,1.6e-05,1,0.21453123813268554,False,
2025-12-06 09:30:00,11149036,4660874,4,0,15.80991093469598,0,0.2973,0.1243,2.5e-05,1,0.22750139924638202,False,
2025-12-06 09:35:00,8874507,6418263,1,4,15.292770402509504,0,0.2367,0.1712,3.3e-05,1,0.2711493752082365,False,
2025-12-06 09:40:00,9306513,6635442,2,0,15.94195654250537,0,0.2482,0.1769,1.3e-05,1,0.24212527288619928,False,
2025-12-06 09:45:00,8295676,5784699,4,8,14.080375849867403,0,0.2212,0.1543,8.5e-05,1,0.13122809859021467,False,
2025-12-06 09:50:00,9238116,5543641,3,1,14.781757693005696,0,0.2463,0.1478,2.7e-05,1,0.2710259582141233,False,
2025-12-06 09:55:00,9602406,4312839,0,0,13.91524598522424,0,0.2561,0.115,0.0,1,0.12640137687402697,False,
2025-12-06 10:00:00,8845948,5762526,4,1,14.608474868914604,0,0.2359,0.1537,3.4e-05,1,0.270817940446272,False,
2025-12-06 10:05:00,9746460,7085872,1,4,16.8323328954944,0,0.2599,0.189,3e-05,1,0.2621964770159284,False,
2025-12-06 10:10:00,3602871,6085196,3,0,9.688067964713376,0,0.0961,0.1623,3.1e-05,1,0.08343874381705185,False,
2025-12-06 10:15:00,8629631,6446465,4,3,15.076097529851218,0,0.2301,0.1719,4.6e-05,1,0.25506317376741877,False,
2025-12-06 10:20:00,9570869,6833544,2,3,16.40441374697983,0,0.2552,0.1822,3e-05,1,0.26705070882122733,False,
2025-12-06 10:25:00,8136677,6770206,2,1,14.906884822389854,0,0.217,0.1805,2e-05,1,0.25792620069902417,False,
2025-12-06 10:30:00,8065627,6114851,4,2,14.180478603379342,0,0.2151,0.1631,4.2e-05,1,0.2650672091992795,False,
2025-12-06 10:35:00,11097360,7162036,1,1,18.259396893819105,0,0.2959,0.191,1.1e-05,1,0.1778583164973076,False,
2025-12-06 10:40:00,10180343,6540595,2,5,16.720938475705257,0,0.2715,0.1744,4.2e-05,1,0.24264614837335824,False,
2025-12-06 10:45:00,7545893,5142490,4,2,12.688383930253645,0,0.2012,0.1371,4.7e-05,1,0.23723405471390901,False,
2025-12-06 10:50:00,10807851,5204287,3,2,16.01213985496784,0,0.2882,0.1388,3.1e-05,1,0.24690677509347853,False,
2025-12-06 10:55:00,7096122,6937817,1,3,14.033940471394926,0,0.1892,0.185,2.9e-05,1,0.24458864996418733,False,
2025-12-06 11:00:00,11182807,6445535,5,0,17.628343464712785,0,0.2982,0.1719,2.8e-05,1,0.2357614587967623,False,
2025-12-06 11:05:00,8814511,6505716,4,1,15.320227669606693,0,0.2351,0.1735,3.3e-05,1,0.2713309042888975,False,
2025-12-06 11:10:00,7335183,6011387,3,2,13.34657039780979,0,0.1956,0.1603,3.7e-05,1,0.24970416228872105,False,
2025-12-06 11:15:00,10407820,4523913,4,4,14.931734328550258,0,0.2775,0.1206,5.4e-05,1,0.20096815811550262,False,
2025-12-06 11:20:00,8798307,5218675,3,2,14.016982317019124,0,0.2346,0.1392,3.6e-05,1,0.26369832030997004,False,
2025-12-06 11:25:00,8631993,5837660,3,1,14.469654702333418,0,0.2302,0.1557,2.8e-05,1,0.26507109302603676,False,
2025-12-06 11:30:00,10035810,7035274,4,2,17.071084535179388,0,0.2676,0.1876,3.5e-05,1,0.24735227297473844,False,
2025-12-06 11:35:00,9106187,5587143,2,0,14.693331474724868,0,0.2428,0.149,1.4e-05,1,0.23951430623016978,False,
2025-12-06 11:40:00,8640638,6144267,0,2,14.784906132193914,0,0.2304,0.1638,1.4e-05,1,0.2391501099985615,False,
2025-12-06 11:45:00,8273095,4694312,4,2,12.96740866571848,0,0.2206,0.1252,4.6e-05,1,0.2335089687247638,False,
2025-12-06 11:50:00,9004896,4973483,10,3,13.97837961306498,0,0.2401,0.1326,9.3e-05,1,0.1118034974722728,False,
2025-12-06 11:55:00,10200691,5871239,5,1,16.07193137527772,0,0.272,0.1566,3.7e-05,1,0.25105610683647556,False,
2025-12-06 12:00:00,6780159,5662503,2,1,12.44266274593912,0,0.1808,0.151,2.4e-05,1,0.22647044939537014,False,
2025-12-06 12:05:00,9579358,4641059,2,0,14.22041818901785,0,0.2554,0.1238,1.4e-05,1,0.19475415128304613,False,
2025-12-06 12:10:00,9967439,8335846,1,1,18.30328670343313,0,0.2658,0.2223,1.1e-05,1,0.1476748773274265,False,
2025-12-06 12:15:00,5296426,5539874,2,2,10.836300364912333,0,0.1412,0.1477,3.7e-05,1,0.15144817879266886,False,
2025-12-06 12:20:00,9234101,6046463,2,1,15.280564850789949,0,0.2462,0.1612,2e-05,1,0.26426597087433573,False,
2025-12-06 12:25:00,11925776,6907211,6,1,18.83298817712738,0,0.318,0.1842,3.7e-05,1,0.1785591305957937,False,
2025-12-06 12:30:00,7816073,5566616,4,1,13.38268987060507,0,0.2084,0.1484,3.7e-05,1,0.2555480633525468,False,
2025-12-06 12:35:00,8437654,6515553,6,1,14.953207566899817,0,0.225,0.1737,4.7e-05,1,0.2563258581121202,False,
2025-12-06 12:40:00,10763480,4362296,4,1,15.125777131688809,0,0.287,0.1163,3.3e-05,1,0.22812085023660317,False,
2025-12-06 12:45:00,9836301,6386256,3,0,16.222558223165933,0,0.2623,0.1703,1.8e-05,1,0.2566307575002128,False,
2025-12-06 12:50:00,9273631,5101144,3,0,14.374775666447858,0,0.2473,0.136,2.1e-05,1,0.25211141932223646,False,
2025-12-06 12:55:00,8590402,5067179,2,1,13.657581373707528,0,0.2291,0.1351,2.2e-05,1,0.24913393503878933,False,
2025-12-06 13:00:00,9781542,8102040,4,2,17.883582845352418,0,0.2608,0.2161,3.4e-05,1,0.20368384538666645,False,
2025-12-06 13:05:00,6095014,7046810,2,0,13.14182572540284,0,0.1625,0.1879,1.5e-05,1,0.17587295804101288,False,
2025-12-06 13:10:00,11342038,4956457,2,2,16.298496218446907,0,0.3025,0.1322,2.5e-05,1,0.22484168635352486,False,
2025-12-06 13:15:00,7068833,5995703,2,0,13.064536841587518,0,0.1885,0.1599,1.5e-05,1,0.20903036398641278,False,
2025-12-06 13:20:00,6293445,6210931,4,1,12.504377218229273,0,0.1678,0.1656,4e-05,1,0.21959246217408684,False,
2025-12-06 13:25:00,6434619,9474534,1,1,15.909154051056923,0,0.1716,0.2527,1.3e-05,1,0.11328704341163098,False,
2025-12-06 13:30:00,7155750,6857627,3,3,14.013377911487702,0,0.1908,0.1829,4.3e-05,1,0.2291189913267166,False,
2025-12-06 13:35:00,8831463,6242337,5,1,15.073800727263013,0,0.2355,0.1665,4e-05,1,0.27212645845683636,False,
2025-12-06 13:40:00,9984724,6853288,7,1,16.838013084126825,0,0.2663,0.1828,4.8e-05,1,0.22917401769211576,False,
2025-12-06 13:45:00,8260517,5333705,4,3,13.594222272782105,0,0.2203,0.1422,5.1e-05,1,0.2496426204043926,False,
2025-12-06 13:50:00,6735063,6989996,2,1,13.725060801507494,0,0.1796,0.1864,2.2e-05,1,0.22507200609006023,False,
2025-12-06 13:55:00,9684334,5260400,4,4,14.944734707603628,0,0.2582,0.1403,5.4e-05,1,0.23164921631325175,False,
2025-12-06 14:00:00,6693155,5905022,3,3,12.598178040090152,0,0.1785,0.1575,4.8e-05,1,0.22610969224835098,False,
2025-12-06 14:05:00,9494374,6260620,1,1,15.754995029100424,0,0.2532,0.1669,1.3e-05,1,0.2379949020305212,False,
2025-12-06 14:10:00,7890327,6526026,2,1,14.416354025692131,0,0.2104,0.174,2.1e-05,1,0.2551505211925647,False,
2025-12-06 14:15:00,9032779,3898779,5,2,12.931558518278058,0,0.2409,0.104,5.4e-05,1,0.20200409450058882,False,
2025-12-06 14:20:00,8570889,4621179,2,1,13.192068848531202,0,0.2286,0.1232,2.3e-05,1,0.23112453792755827,False,
2025-12-06 14:25:00,8025997,6361826,4,2,14.387823210457126,0,0.214,0.1696,4.2e-05,1,0.2610438112235996,False,
2025-12-06 14:30:00,11583801,5816360,3,2,17.400162515649235,0,0.3089,0.1551,2.9e-05,1,0.22133799670558735,False,
2025-12-06 14:35:00,9786027,4639708,1,0,14.425736288801774,0,0.261,0.1237,7e-06,1,0.17900953341826642,False,
2025-12-06 14:40:00,10024960,5549590,7,0,15.574550619114849,0,0.2673,0.148,4.5e-05,1,0.24983877915435226,False,
2025-12-06 14:45:00,8659210,5118861,4,3,13.778071721934923,0,0.2309,0.1365,5.1e-05,1,0.24763394103013403,False,
2025-12-06 14:50:00,10217244,7108029,3,1,17.325273526003315,0,0.2725,0.1895,2.3e-05,1,0.24000442879692263,False,
2025-12-06 14:55:00,9490117,5415582,4,1,14.90570058562922,0,0.2531,0.1444,3.4e-05,1,0.2681570319163476,False,
2025-12-06 15:00:00,7116557,6463314,1,2,13.579872149743547,0,0.1898,0.1724,2.2e-05,1,0.23222760645119417,False,
2025-12-06 15:05:00,9348557,6509527,3,3,15.85808426093572,0,0.2493,0.1736,3.8e-05,1,0.26367942411498035,False,
2025-12-06 15:10:00,10318175,4997124,1,2,15.31530002845277,0,0.2752,0.1333,2e-05,1,0.2396075608293864,False,
2025-12-06 15:15:00,7803352,8761058,0,5,16.564410722842066,0,0.2081,0.2336,3e-05,1,0.1793805733930166,False,
2025-12-06 15:20:00,8970361,4690864,0,4,13.661225639215456,0,0.2392,0.1251,2.9e-05,1,0.24456119908952534,False,
2025-12-06 15:25:00,10547821,4935952,0,4,15.483774425766214,0,0.2813,0.1316,2.6e-05,1,0.24853108156049836,False,
2025-12-06 15:30:00,8267819,5316525,4,2,13.584344376581836,0,0.2205,0.1418,4.4e-05,1,0.25567269166303946,False,
2025-12-06 15:35:00,11367419,6108397,3,0,17.475817145494368,0,0.3031,0.1629,1.7e-05,1,0.20865946471604557,False,
2025-12-06 15:40:00,8130572,4950451,4,0,13.08102433105943,0,0.2168,0.132,3.1e-05,1,0.24910467792980268,False,
2025-12-06 15:45:00,8730109,7312604,5,2,16.042713783740844,0,0.2328,0.195,4.4e-05,1,0.2379756242127395,False,
2025-12-06 15:50:00,7994803,2953613,1,3,10.94841712862084,0,0.2132,0.0788,3.7e-05,1,0.1302840345166031,False,
2025-12-06 15:55:00,13381896,4809120,4,1,18.191017545643437,0,0.3569,0.1282,2.7e-05,1,0.1363664634184617,False,
2025-12-06 16:00:00,7365633,5410648,1,2,12.776282233680432,0,0.1964,0.1443,2.3e-05,1,0.2330365729995843,False,
2025-12-06 16:05:00,9190342,6062994,3,1,15.253336442414756,0,0.2451,0.1617,2.6e-05,1,0.27246177282551376,False,
2025-12-06 16:10:00,9540273,6090888,4,2,15.631161582944072,0,0.2544,0.1624,3.8e-05,1,0.26253453603810156,False,
2025-12-06 16:15:00,9730241,6662722,3,1,16.392964321462138,0,0.2595,0.1777,2.4e-05,1,0.2676981882432928,False,
2025-12-06 16:20:00,7943073,7160234,1,1,15.103308850969045,0,0.2118,0.1909,1.3e-05,1,0.2312670853575629,False,
2025-12-06 16:25:00,10717602,6356208,4,3,17.073811242976706,0,0.2858,0.1695,4.1e-05,1,0.2281705206946893,False,
2025-12-06 16:30:00,10665674,8342003,4,0,19.007677929776364,0,0.2844,0.2225,2.1e-05,1,0.1632535929917437,False,
2025-12-06 16:35:00,7879682,5167149,3,2,13.046831685149629,0,0.2101,0.1378,3.8e-05,1,0.24475447710317244,False,
2025-12-06 16:40:00,9365821,5770018,3,2,15.13584021100235,0,0.2498,0.1539,3.3e-05,1,0.2715852584750767,False,
2025-12-06 16:45:00,9781815,5689829,1,3,15.471644951181112,0,0.2608,0.1517,2.6e-05,1,0.26572276601076006,False,
2025-12-06 16:50:00,7704552,6339350,1,2,14.043902326735273,0,0.2055,0.169,2.1e-05,1,0.2547296233805298,False,
2025-12-06 16:55:00,9314072,6386299,3,1,15.70037229213558,0,0.2484,0.1703,2.5e-05,1,0.2697376759730487,False,
2025-12-06 17:00:00,7925967,5623884,1,0,13.549852193431375,0,0.2114,0.15,7e-06,1,0.18564954225322228,False,
2025-12-06 17:05:00,7788162,8416551,2,3,16.204714544549848,0,0.2077,0.2244,3.1e-05,1,0.19748943199215158,False,
2025-12-06 17:10:00,7871365,7041628,2,1,14.912993709073104,0,0.2099,0.1878,2e-05,1,0.2518222255721309,False,
2025-12-06 17:15:00,10155063,6898889,3,0,17.053952465991447,0,0.2708,0.184,1.8e-05,1,0.23647998712149948,False,
2025-12-06 17:20:00,10167409,7485365,1,1,17.652774225649743,0,0.2711,0.1996,1.1e-05,1,0.20075649909640242,False,
2025-12-06 17:25:00,11223421,6816327,2,2,18.03974884889132,0,0.2993,0.1818,2.2e-05,1,0.22159967364817718,False,
2025-12-06 17:30:00,9398336,7056797,0,1,16.455134819313837,0,0.2506,0.1882,6e-06,1,0.20754317815173612,False,
2025-12-06 17:35:00,9115058,5656299,3,3,14.771357874353871,0,0.2431,0.1508,4.1e-05,1,0.2672206790913326,False,
2025-12-06 17:40:00,8437919,5349816,2,1,13.787736727213687,0,0.225,0.1427,2.2e-05,1,0.2510567517315753,False,
2025-12-06 17:45:00,34654178,34430894,12,4,16.41373280723028,1,0.9241,0.9182,2.3e-05,-1,-0.03404229692575722,False,
2025-12-06 17:50:00,32009995,35689788,17,7,15.02844411746771,1,0.8536,0.9517,3.5e-05,-1,-0.06614539217485838,False,
2025-12-06 17:55:00,34131725,33163179,23,3,14.623565328678929,1,0.9102,0.8844,3.9e-05,-1,-0.025682120463057068,False,
2025-12-06 18:00:00,32755490,32965737,14,3,13.04988671481684,1,0.8735,0.8791,2.6e-05,-1,-0.03045099880824087,False,
2025-12-06 18:05:00,30192995,34113073,15,1,11.634728099068266,1,0.8051,0.9097,2.5e-05,-1,-0.06253537119531383,False,
2025-12-06 18:10:00,35147317,34125427,9,1,16.60140419875884,1,0.9373,0.91,1.4e-05,-1,-0.04300758849221564,False,
2025-12-06 18:15:00,35350769,34403246,10,3,17.08267475453803,1,0.9427,0.9174,1.9e-05,-1,-0.04160868854195787,False,
2025-12-06 18:20:00,35619358,36217352,13,0,19.165370465573588,1,0.9498,0.9658,1.8e-05,-1,-0.06704135145800216,False,
2025-12-06 18:25:00,33292169,34831095,13,4,15.4519242203902,1,0.8878,0.9288,2.5e-05,-1,-0.04731355880083088,False,
2025-12-06 18:30:00,33173923,34554587,7,1,15.05717056833215,1,0.8846,0.9215,1.2e-05,-1,-0.048334306486242595,False,
2025-12-06 18:35:00,36152286,34572475,14,3,18.05342144866069,1,0.9641,0.9219,2.4e-05,-1,-0.05427299716235312,False,
2025-12-06 18:40:00,32682857,32805624,12,2,12.817142272121806,1,0.8715,0.8748,2.1e-05,-1,-0.022880704806055085,False,
2025-12-06 18:45:00,32240369,34452111,13,1,14.021140373168302,1,0.8597,0.9187,2.1e-05,-1,-0.03066621776989542,False,
2025-12-06 18:50:00,33447271,35862481,10,1,16.638413172503906,1,0.8919,0.9563,1.6e-05,-1,-0.05521652404258326,False,
2025-12-06 18:55:00,32413897,35292718,15,2,15.03527520768687,1,0.8644,0.9411,2.5e-05,-1,-0.051140535878803295,False,
2025-12-06 19:00:00,33576862,31793915,9,0,12.699438323656867,1,0.8954,0.8478,1.4e-05,-1,-0.03978793302845318,False,
2025-12-06 19:05:00,31273645,33386122,19,4,11.988427731409752,1,0.834,0.8903,3.6e-05,-1,-0.06786059804307876,False,
2025-12-06 19:10:00,32396580,33358273,13,1,13.08351367330222,1,0.8639,0.8896,2.1e-05,-1,-0.027288009414749292,False,
2025-12-06 19:15:00,34370531,34616613,12,0,16.315804393812193,1,0.9165,0.9231,1.7e-05,-1,-0.04899953499522813,False,
2025-12-06 19:20:00,9421086,5132786,3,3,14.553873019231233,0,0.2512,0.1369,4.1e-05,1,0.25887813717028985,False,
2025-12-06 19:25:00,7854240,5970497,5,2,13.824738016515989,0,0.2094,0.1592,5.1e-05,1,0.24603225453494898,False,
2025-12-06 19:30:00,8989933,6516205,6,1,15.506139093320892,0,0.2397,0.1738,4.5e-05,1,0.25663056872082474,False,
2025-12-06 19:35:00,8891990,4564473,2,0,13.456464496799075,0,0.2371,0.1217,1.5e-05,1,0.20058669684267283,False,
2025-12-06 19:40:00,8956073,6070893,4,0,15.026966665386448,0,0.2388,0.1619,2.7e-05,1,0.27616924973652957,False,
2025-12-06 19:45:00,8066577,7667176,3,3,15.73375357551066,0,0.2151,0.2045,3.8e-05,1,0.24293868960741333,False,
2025-12-06 19:50:00,10056378,6658148,6,2,16.714527492887864,0,0.2682,0.1776,4.8e-05,1,0.23266214378934108,False,
2025-12-06 19:55:00,9167701,6123282,0,1,15.290983902729923,0,0.2445,0.1633,7e-06,1,0.23096394134610448,False,
2025-12-06 20:00:00,10408622,4974476,5,1,15.383099278680316,0,0.2776,0.1327,3.9e-05,1,0.2409481861944754,False,
2025-12-06 20:05:00,9564969,3565299,5,2,13.130268903338374,0,0.2551,0.0951,5.3e-05,1,0.1817454507404217,False,
2025-12-06 20:10:00,10046053,3868821,6,3,13.914875804973311,0,0.2679,0.1032,6.5e-05,1,0.152085910631638,False,
2025-12-06 20:15:00,10289145,7748458,0,1,18.03760416134661,0,0.2744,0.2066,6e-06,1,0.16322197558371837,False,
2025-12-06 20:20:00,9807626,6276497,3,3,16.084124231610613,0,0.2615,0.1674,3.7e-05,1,0.2610053199294618,False,
2025-12-06 20:25:00,11039475,5519166,4,3,16.558641607486773,0,0.2944,0.1472,4.2e-05,1,0.2308092288158783,False,
2025-12-06 20:30:00,10591311,6330192,1,1,16.921503803261448,0,0.2824,0.1688,1.2e-05,1,0.2211706759799678,False,
2025-12-06 20:35:00,9505590,5787700,2,2,15.293291197214254,0,0.2535,0.1543,2.6e-05,1,0.2658023350137897,False,
2025-12-06 20:40:00,8592033,6126738,3,1,14.718772112895984,0,0.2291,0.1634,2.7e-05,1,0.26806375660582243,False,
2025-12-06 20:45:00,6922541,6284458,4,4,13.206999796097952,0,0.1846,0.1676,6.1e-05,1,0.2000298846472962,False,
2025-12-06 20:50:00,10013086,4278074,1,2,14.291161526164622,0,0.267,0.1141,2.1e-05,1,0.2269390741955168,False,
2025-12-06 20:55:00,9483292,5066136,6,1,14.54942901724574,0,0.2529,0.1351,4.8e-05,1,0.2491065254610782,False,
2025-12-06 21:00:00,13413478,6880763,1,2,20.294241614355503,0,0.3577,0.1835,1.5e-05,1,0.06783975079210713,False,
2025-12-06 21:05:00,9036233,7789350,3,2,16.82558456253224,0,0.241,0.2077,3e-05,1,0.24524561479162432,False,
2025-12-06 21:10:00,8088315,5751746,3,3,13.840062472501195,0,0.2157,0.1534,4.3e-05,1,0.26025812831896045,False,
2025-12-06 21:15:00,7464721,4906333,4,0,12.371055499193432,0,0.1991,0.1308,3.2e-05,1,0.23621710190896839,False,
2025-12-06 21:20:00,7104423,6489058,2,4,13.593481851950315,0,0.1895,0.173,4.4e-05,1,0.2321254852690844,False,
2025-12-06 21:25:00,6614302,7596869,4,1,14.211171837469424,0,0.1764,0.2026,3.5e-05,1,0.21803916215507352,False,
2025-12-06 21:30:00,9990487,3757838,3,1,13.74832616449631,0,0.2664,0.1002,2.9e-05,1,0.19496695749668125,False,
2025-12-06 21:35:00,7820924,7179377,3,2,15.00030145653986,0,0.2086,0.1915,3.3e-05,1,0.25983940520971066,False,
2025-12-06 21:40:00,10476978,4317577,2,0,14.794556377401818,0,0.2794,0.1151,1.4e-05,1,0.19043055768215317,False,
2025-12-06 21:45:00,9788009,5634319,2,3,15.422329057847078,0,0.261,0.1502,3.2e-05,1,0.268923171018284,False,
2025-12-06 21:50:00,8972983,5995983,3,1,14.968967441394287,0,0.2393,0.1599,2.7e-05,1,0.27447830869653506,False,
2025-12-06 21:55:00,7372155,6612333,5,0,13.984488660554309,0,0.1966,0.1763,3.6e-05,1,0.2549376585505503,False,
2025-12-06 22:00:00,9431494,6795456,2,1,16.226950654683012,0,0.2515,0.1812,1.8e-05,1,0.26054591624417694,False,
2025-12-06 22:05:00,8890766,5671225,6,1,14.561991161288374,0,0.2371,0.1512,4.8e-05,1,0.2532070291086738,False,
2025-12-06 22:10:00,7937225,4393375,2,2,12.330600783647611,0,0.2117,0.1172,3.2e-05,1,0.2233289993887933,False,
2025-12-06 22:15:00,5937468,7371105,1,4,13.30857311978056,0,0.1583,0.1966,3.8e-05,1,0.19838429230740562,False,
2025-12-06 22:20:00,10469507,5420727,2,2,15.890235565908029,0,0.2792,0.1446,2.5e-05,1,0.25428302969921956,False,
2025-12-06 22:25:00,7523321,6406597,4,3,13.929919468677666,0,0.2006,0.1708,5e-05,1,0.23960747830836915,False,
2025-12-06 22:30:00,8851277,6702037,2,1,15.553314795219716,0,0.236,0.1787,1.9e-05,1,0.2647322468066735,False,
2025-12-06 22:35:00,8172262,7272712,2,2,15.444974347932993,0,0.2179,0.1939,2.6e-05,1,0.2669707241811137,False,
2025-12-06 22:40:00,8029311,5190795,3,0,13.22010684387682,0,0.2141,0.1384,2.3e-05,1,0.2432001798361813,False,
2025-12-06 22:45:00,10072191,4969207,2,2,15.04139843237044,0,0.2686,0.1325,2.7e-05,1,0.25966241239457555,False,
2025-12-06 22:50:00,10427039,5008820,4,1,15.435860871185897,0,0.2781,0.1336,3.2e-05,1,0.25137095787355485,False,
2025-12-06 22:55:00,7255829,4758053,1,1,12.013882170753082,0,0.1935,0.1269,1.7e-05,1,0.18899380749009187,False,
2025-12-06 23:00:00,7075722,5456615,1,1,12.532338060499296,0,0.1887,0.1455,1.6e-05,1,0.2081546442216653,False,
2025-12-06 23:05:00,12693612,6465644,2,1,19.159256992707977,0,0.3385,0.1724,1.6e-05,1,0.12390068021717693,False,
2025-12-06 23:10:00,8918898,7744451,3,3,16.66334996426706,0,0.2378,0.2065,3.6e-05,1,0.249484569289035,False,
2025-12-06 23:15:00,6817202,5884985,2,2,12.702187711123534,0,0.1818,0.1569,3.1e-05,1,0.2456856897577414,False,
2025-12-06 23:20:00,10838772,4962162,2,1,15.800934987752091,0,0.289,0.1323,1.9e-05,1,0.22861845992093427,False,
2025-12-06 23:25:00,5856996,7090317,3,2,12.947313552412936,0,0.1562,0.1891,3.9e-05,1,0.19919647529031864,False,
2025-12-06 23:30:00,9611155,8451902,1,3,18.063057595403315,0,0.2563,0.2254,2.2e-05,1,0.1865408079798595,False,
2025-12-06 23:35:00,6985413,4938180,4,2,11.923594437067944,0,0.1863,0.1317,5e-05,1,0.2068694677244679,False,
2025-12-06 23:40:00,10888033,7340104,4,3,18.228137531538483,0,0.2903,0.1957,3.8e-05,1,0.21225310176370216,False,
2025-12-06 23:45:00,8760122,6852853,2,0,15.612975948619876,0,0.2336,0.1827,1.3e-05,1,0.24796597929937403,False,
2025-12-06 23:50:00,6477806,5876695,4,1,12.3545028238382,0,0.1727,0.1567,4e-05,1,0.23270129900867442,False,
2025-12-06 23:55:00,8471566,5725056,0,0,14.196622648075316,0,0.2259,0.1527,0.0,1,0.15627599355021504,False,
2025-12-07 00:00:00,7791107,5407419,2,4,13.1985264835,0,0.2078,0.1442,4.5e-05,1,0.24930848779782222,False,
2025-12-07 00:05:00,9131471,4675943,3,0,13.807414430974903,0,0.2435,0.1247,2.2e-05,1,0.2357666268238633,False,
2025-12-07 00:10:00,7840743,5777190,2,3,13.617933610971328,0,0.2091,0.1541,3.7e-05,1,0.2583554600128385,False,
2025-12-07 00:15:00,9103122,5847441,0,3,14.950563392441516,0,0.2427,0.1559,2e-05,1,0.26638475832941755,False,
2025-12-07 00:20:00,11570892,6392676,3,0,17.963569400834444,0,0.3086,0.1705,1.7e-05,1,0.19515065393290454,False,
2025-12-07 00:25:00,6433805,6337169,5,1,12.77097537216214,0,0.1716,0.169,4.7e-05,1,0.21533126752919274,False,
2025-12-07 00:30:00,8681349,6381560,4,1,15.062909251921944,0,0.2315,0.1702,3.3e-05,1,0.26823937882194865,False,
2025-12-07 00:35:00,6955349,8060234,3,3,15.01558367149602,0,0.1855,0.2149,4e-05,1,0.20480356513616177,False,
2025-12-07 00:40:00,8302181,5079215,4,3,13.381397552043287,0,0.2214,0.1354,5.2e-05,1,0.2459529091222547,False,
2025-12-07 00:45:00,10250935,5354653,3,3,15.605589329345143,0,0.2734,0.1428,3.8e-05,1,0.2542367984770961,False,
2025-12-07 00:50:00,8368179,5019166,3,3,13.387345881090608,0,0.2232,0.1338,4.5e-05,1,0.252719905754285,False,
2025-12-07 00:55:00,9703296,4309275,0,3,14.012572029594752,0,0.2588,0.1149,2.1e-05,1,0.2233186774192955,False,
2025-12-07 01:00:00,9408054,7660520,2,3,17.06857432180909,0,0.2509,0.2043,2.9e-05,1,0.24138431627628876,False,
2025-12-07 01:05:00,8881010,4960437,3,3,13.841447768551882,0,0.2368,0.1323,4.3e-05,1,0.25561600088976166,False,
2025-12-07 01:10:00,9689590,5556924,2,0,15.246514538344073,0,0.2584,0.1482,1.3e-05,1,0.22852595225323552,False,
2025-12-07 01:15:00,9407479,6774077,1,4,16.1815566411333,0,0.2509,0.1806,3.1e-05,1,0.27102417444954313,False,
2025-12-07 01:20:00,10810962,5043955,4,1,15.85491804924269,0,0.2883,0.1345,3.2e-05,1,0.24839168671560974,False,
2025-12-07 01:25:00,9568197,6439937,6,2,16.008134664943768,0,0.2552,0.1717,5e-05,1,0.24107944939582926,False,
2025-12-07 01:30:00,7743986,6902039,4,3,14.646026113802302,0,0.2065,0.1841,4.8e-05,1,0.2441048072668473,False,
2025-12-07 01:35:00,9671040,5355965,2,4,15.027006130628154,0,0.2579,0.1428,4e-05,1,0.26219326066578547,False,
2025-12-07 01:40:00,8243448,5393459,2,1,13.636908214867011,0,0.2198,0.1438,2.2e-05,1,0.25118563119075565,False,
2025-12-07 01:45:00,9702142,7780270,5,2,17.482413529168184,0,0.2587,0.2075,4e-05,1,0.21872524039860314,False,
2025-12-07 01:50:00,12896862,6280833,3,3,19.17769589059896,0,0.3439,0.1675,3.1e-05,1,0.13787133934524354,False,
2025-12-07 01:55:00,9968034,6449621,4,3,16.417655734791733,0,0.2658,0.172,4.3e-05,1,0.24735162023741453,False,
2025-12-07 02:00:00,8223152,5484975,1,3,13.708127137883022,0,0.2193,0.1463,2.9e-05,1,0.261354668722067,False,
2025-12-07 02:05:00,7706076,6332225,1,4,14.03830251667316,0,0.2055,0.1689,3.6e-05,1,0.2612329799343131,False,
2025-12-07 02:10:00,8338294,6010236,1,0,14.348530792073907,0,0.2224,0.1603,7e-06,1,0.20947692559088643,False,
2025-12-07 02:15:00,8418518,6978441,3,3,15.396960123495116,0,0.2245,0.1861,3.9e-05,1,0.25847804121066226,False,
2025-12-07 02:20:00,9628569,8490998,5,2,18.11956886069176,0,0.2568,0.2264,3.9e-05,1,0.18069303038401668,False,
2025-12-07 02:25:00,6819846,5843140,3,2,12.66298707155589,0,0.1819,0.1558,3.9e-05,1,0.2428120071956837,False,
2025-12-07 02:30:00,8848265,6886073,1,6,15.7343383359486,0,0.236,0.1836,4.4e-05,1,0.24856465633061048,False,
2025-12-07 02:35:00,5149815,3193180,4,2,8.342995899300814,0,0.1373,0.0852,7.2e-05,-1,-0.02923050853784881,False,
2025-12-07 02:40:00,11447121,6401597,0,0,17.848718367148596,0,0.3053,0.1707,0.0,1,0.1283237350856894,False,
2025-12-07 02:45:00,9626912,4978254,4,1,14.605167026641706,0,0.2567,0.1328,3.4e-05,1,0.2576303517458509,False,
2025-12-07 02:50:00,7239548,6398718,5,4,13.638267172771116,0,0.1931,0.1706,6.6e-05,1,0.18137043556619842,False,
2025-12-07 02:55:00,8003534,6476362,3,2,14.479896984917143,0,0.2134,0.1727,3.5e-05,1,0.26228182027646735,False,
2025-12-07 03:00:00,10968255,4768612,2,4,15.736867757056451,0,0.2925,0.1272,3.8e-05,1,0.23578234154266964,False,
2025-12-07 03:05:00,9500885,5826911,3,3,15.32779671535954,0,0.2534,0.1554,3.9e-05,1,0.26050390398493656,False,
2025-12-07 03:10:00,7438720,9044732,4,3,16.483452454939577,0,0.1984,0.2412,4.2e-05,1,0.14218867434156768,False,
2025-12-07 03:15:00,10442658,6617051,3,2,17.05970993787419,0,0.2785,0.1765,2.9e-05,1,0.24851687706222458,False,
2025-12-07 03:20:00,11519685,8535004,2,3,20.054689532978163,0,0.3072,0.2276,2.5e-05,1,0.1184367408225031,False,
2025-12-07 03:25:00,10963274,7143578,2,2,18.10685258208266,0,0.2924,0.1905,2.2e-05,1,0.22739331590637707,False,
2025-12-07 03:30:00,8037386,6223267,4,1,14.260654044022663,0,0.2143,0.166,3.5e-05,1,0.2650995082144025,False,
2025-12-07 03:35:00,7046534,5125302,3,3,12.171837265372549,0,0.1879,0.1367,4.9e-05,1,0.21925038939377461,False,
2025-12-07 03:40:00,6944764,7298214,1,3,14.2429792977852,0,0.1852,0.1946,2.8e-05,1,0.2391652841036524,False,
2025-12-07 03:45:00,10235200,6186938,3,2,16.42213938925447,0,0.2729,0.165,3e-05,1,0.25911620366667903,False,
2025-12-07 03:50:00,8371742,4897001,3,3,13.268744642090727,0,0.2232,0.1306,4.5e-05,1,0.2522785638599432,False,
2025-12-07 03:55:00,9345524,5948060,8,2,15.293585206418747,0,0.2492,0.1586,6.5e-05,1,0.21107051121699938,False,
2025-12-07 04:00:00,8424637,4462379,1,0,12.887017596535197,0,0.2247,0.119,8e-06,1,0.16171845183243522,False,
2025-12-07 04:05:00,10292948,6191672,3,2,16.484620622656813,0,0.2745,0.1651,3e-05,1,0.2582642498075618,False,
2025-12-07 04:10:00,6818115,5116070,2,1,11.93418622291389,0,0.1818,0.1364,2.5e-05,1,0.20878538710704447,False,
2025-12-07 04:15:00,8790528,7190138,3,2,15.980666958051396,0,0.2344,0.1917,3.1e-05,1,0.26377172648822106,False,
2025-12-07 04:20:00,9597324,4178359,1,0,13.775684250431864,0,0.2559,0.1114,7e-06,1,0.15111501006392075,False,
2025-12-07 04:25:00,7950160,4941942,1,1,12.892102344031173,0,0.212,0.1318,1.6e-05,1,0.21783406983653925,False,
2025-12-07 04:30:00,6820797,5728139,2,2,12.548936829127028,0,0.1819,0.1528,3.2e-05,1,0.24294053225486828,False,
2025-12-07 04:35:00,7937974,5490757,5,4,13.428731962860676,0,0.2117,0.1464,6.7e-05,1,0.20297935068072465,False,
2025-12-07 04:40:00,7200517,6828211,4,3,14.028729394960768,0,0.192,0.1821,5e-05,1,0.22541480215892895,False,
2025-12-07 04:45:00,7885253,5777027,6,3,13.662281141098427,0,0.2103,0.1541,6.6e-05,1,0.20645784472352718,False,
2025-12-07 04:50:00,5992990,3712844,2,1,9.705835148918185,0,0.1598,0.099,3.1e-05,1,0.08051190606566616,False,
2025-12-07 04:55:00,9769423,6614782,3,5,16.384205735519117,0,0.2605,0.1764,4.9e-05,1,0.24169879016874696,False,
2025-12-07 05:00:00,8769146,6064021,2,2,14.83316820302488,0,0.2338,0.1617,2.7e-05,1,0.27101760467193436,False,
2025-12-07 05:05:00,7596148,6594138,2,3,14.190286531696334,0,0.2026,0.1758,3.5e-05,1,0.25860280081235293,False,
2025-12-07 05:10:00,9427159,6669844,4,2,16.097003737144107,0,0.2514,0.1779,3.7e-05,1,0.2655647575033784,False,
2025-12-07 05:15:00,10006875,4579619,2,0,14.586495140585845,0,0.2668,0.1221,1.4e-05,1,0.2015757338758853,False,
2025-12-07 05:20:00,7847008,4692400,3,1,12.539408888938834,0,0.2093,0.1251,3.2e-05,1,0.2325610933377914,False,
2025-12-07 05:25:00,8773499,5840942,2,3,14.614441747008447,0,0.234,0.1558,3.4e-05,1,0.2712905266514939,False,
2025-12-07 05:30:00,9096622,6284988,3,3,15.381610330953253,0,0.2426,0.1676,3.9e-05,1,0.26336190442109886,False,
2025-12-07 05:35:00,11457203,5924948,1,1,17.3821520253203,0,0.3055,0.158,1.2e-05,1,0.18451306274965423,False,
2025-12-07 05:40:00,8415914,7714684,7,1,16.130599183810226,0,0.2244,0.2057,5e-05,1,0.22130237194540198,False,
2025-12-07 05:45:00,7497299,5184219,5,3,12.6815194640332,0,0.1999,0.1382,6.3e-05,1,0.205763403133762,False,
2025-12-07 05:50:00,9322800,6906754,2,2,16.22955463648268,0,0.2486,0.1842,2.5e-05,1,0.2701111632449722,False,
2025-12-07 05:55:00,6835826,6092066,3,1,12.927893255496423,0,0.1823,0.1625,3.1e-05,1,0.24472748436528952,False,
2025-12-07 06:00:00,10601892,4787885,1,1,15.38977737098895,0,0.2827,0.1277,1.3e-05,1,0.19771184213841758,False,
2025-12-07 06:05:00,6945797,6145313,2,2,13.091111030998848,0,0.1852,0.1639,3.1e-05,1,0.24532983682304071,False,
2025-12-07 06:10:00,7236094,5093059,1,1,12.329154165716494,0,0.193,0.1358,1.6e-05,1,0.20507679660658745,False,
2025-12-07 06:15:00,8108821,9305271,1,0,17.414092887105102,0,0.2162,0.2481,6e-06,1,0.10382116639055439,False,
2025-12-07 06:20:00,11450358,5646129,5,1,17.096488096019815,0,0.3053,0.1506,3.5e-05,1,0.22640584948356596,False,
2025-12-07 06:25:00,10760650,5683260,2,3,16.443910831504862,0,0.287,0.1516,3e-05,1,0.25900683066318503,False,
2025-12-07 06:30:00,9913027,5381531,3,2,15.29455928490678,0,0.2643,0.1435,3.3e-05,1,0.2631293140774845,False,
2025-12-07 06:35:00,10778708,7130980,2,3,17.90968891974184,0,0.2874,0.1902,2.8e-05,1,0.23551835345314243,False,
2025-12-07 06:40:00,7534981,5648699,3,0,13.183681416632664,0,0.2009,0.1506,2.3e-05,1,0.24040867271083938,False,
2025-12-07 06:45:00,7396121,7299502,5,2,14.695624137586702,0,0.1972,0.1947,4.8e-05,1,0.22719562239741398,False,
2025-12-07 06:50:00,9989978,7125968,0,4,17.115947422168762,0,0.2664,0.19,2.3e-05,1,0.24425141038036446,False,
2025-12-07 06:55:00,6939863,4140292,3,3,11.080156109874329,0,0.1851,0.1104,5.4e-05,1,0.1614047882283443,False,
2025-12-07 07:00:00,9299023,5757849,3,1,15.056872838568513,0,0.248,0.1535,2.7e-05,1,0.27164878846889007,False,
2025-12-07 07:05:00,6262035,5709491,8,0,11.971527115935087,0,0.167,0.1523,6.7e-05,1,0.16161134271068683,False,
2025-12-07 07:10:00,11137698,6672190,3,2,17.809888141120663,0,0.297,0.1779,2.8e-05,1,0.23473814098813867,False,
2025-12-07 07:15:00,6936873,7521278,4,1,14.458152299020426,0,0.185,0.2006,3.5e-05,1,0.23241639266354108,False,
2025-12-07 07:20:00,7304425,6353558,2,3,13.657983859403624,0,0.1948,0.1694,3.7e-05,1,0.24304333023711966,False,
2025-12-07 07:25:00,8146243,5980680,5,1,14.126923164519845,0,0.2172,0.1595,4.2e-05,1,0.2638565805026437,False,
2025-12-07 07:30:00,12197628,4678706,4,3,16.876335378427896,0,0.3253,0.1248,4.1e-05,1,0.1750555019734401,False,
2025-12-07 07:35:00,8423228,6841163,3,0,15.264392385728684,0,0.2246,0.1824,2e-05,1,0.2558201489516773,False,
2025-12-07 07:40:00,7900973,4301301,2,1,12.202274210862337,0,0.2107,0.1147,2.5e-05,1,0.210667330152555,False,
2025-12-07 07:45:00,11093113,9323037,3,4,20.41615097759074,0,0.2958,0.2486,3.4e-05,1,0.08372439985304236,False,
2025-12-07 07:50:00,9383039,6461414,1,1,15.8444549445169,0,0.2502,0.1723,1.3e-05,1,0.24199126215158184,False,
2025-12-07 07:55:00,9997391,4796736,2,1,14.794128072454528,0,0.2666,0.1279,2e-05,1,0.24658040342940835,False,
2025-12-07 08:00:00,8354883,4618095,2,3,12.972978265623212,0,0.2228,0.1231,3.9e-05,1,0.23937016565707037,False,
2025-12-07 08:05:00,9710154,3647512,2,1,13.357666366879624,0,0.2589,0.0973,2.2e-05,1,0.18890523704705697,False,
2025-12-07 08:10:00,5703354,6798161,3,2,12.501515822323888,0,0.1521,0.1813,4e-05,1,0.19274195542806594,False,
2025-12-07 08:15:00,11499024,7273214,2,3,18.77223934411425,0,0.3066,0.194,2.7e-05,1,0.1906925673514273,False,
2025-12-07 08:20:00,9103569,5906223,4,1,15.009793283706047,0,0.2428,0.1575,3.3e-05,1,0.27339203715606203,False,
2025-12-07 08:25:00,8353060,6991597,6,1,15.344658743700409,0,0.2227,0.1864,4.6e-05,1,0.24586319070763274,False,
2025-12-07 08:30:00,8452838,6765673,7,4,15.218512332557104,0,0.2254,0.1804,7.2e-05,1,0.17094063455115605,False,
2025-12-07 08:35:00,6599018,6494129,5,5,13.09314733137436,0,0.176,0.1732,7.6e-05,1,0.13342705650153286,False,
2025-12-07 08:40:00,7208423,7238055,2,1,14.44647852073729,0,0.1922,0.193,2.1e-05,1,0.23646106399815292,False,
2025-12-07 08:45:00,9672292,7359186,3,3,17.031478552224304,0,0.2579,0.1962,3.5e-05,1,0.24482334699430075,False,
2025-12-07 08:50:00,8861461,5757824,2,2,14.619285971551218,0,0.2363,0.1535,2.7e-05,1,0.2676995884987985,False,
2025-12-07 08:55:00,9881296,6775590,2,1,16.65688675237701,0,0.2635,0.1807,1.8e-05,1,0.25445733159986245,False,
2025-12-07 09:00:00,8795729,3738878,1,4,12.53460779644725,0,0.2346,0.0997,4e-05,1,0.20757145226748286,False,
2025-12-07 09:05:00,8915670,6119132,1,0,15.034803644333524,0,0.2378,0.1632,7e-06,1,0.23091415781498537,False,
2025-12-07 09:10:00,8661769,4645603,1,1,13.307372556001887,0,0.231,0.1239,1.5e-05,1,0.2051503552372423,False,
2025-12-07 09:15:00,6196639,6628198,5,0,12.824837810416618,0,0.1652,0.1768,3.9e-05,1,0.21604223460048483,False,
2025-12-07 09:20:00,7617168,4689983,3,3,12.307151732402478,0,0.2031,0.1251,4.9e-05,1,0.22176709546862122,False,
2025-12-07 09:25:00,7449932,6621199,5,3,14.071131770475075,0,0.1987,0.1766,5.7e-05,1,0.2269604344031711,False,
2025-12-07 09:30:00,10141390,5342060,0,2,15.483450938080589,0,0.2704,0.1425,1.3e-05,1,0.22115914297421818,False,
2025-12-07 09:35:00,11117234,7161842,5,3,18.279077084443912,0,0.2965,0.191,4.4e-05,1,0.19405296609015188,False,
2025-12-07 09:40:00,9566361,8872955,2,2,18.43931722226397,0,0.2551,0.2366,2.2e-05,1,0.15096188410204248,False,
2025-12-07 09:45:00,8949357,4700647,2,1,13.650004710313926,0,0.2386,0.1254,2.2e-05,1,0.23607947778885924,False,
2025-12-07 09:50:00,10266578,5708426,3,0,15.975004560693987,0,0.2738,0.1522,1.9e-05,1,0.24969812856057794,False,
2025-12-07 09:55:00,4667205,6396054,3,4,11.063259755004417,0,0.1245,0.1706,6.3e-05,1,0.09418616410855718,False,
2025-12-07 10:00:00,7824247,7175684,1,3,14.99993190961558,0,0.2086,0.1914,2.7e-05,1,0.2610331485261309,False,
2025-12-07 10:05:00,9996502,6996421,1,2,16.992924223978054,0,0.2666,0.1866,1.8e-05,1,0.23907231157662834,False,
2025-12-07 10:10:00,7625808,6664836,2,2,14.290644462934145,0,0.2034,0.1777,2.8e-05,1,0.2602480492021437,False,
2025-12-07 10:15:00,9682465,4914663,1,1,14.59712925412905,0,0.2582,0.1311,1.4e-05,1,0.21338202246590487,False,
2025-12-07 10:20:00,7883830,5352214,5,3,13.236045398213248,0,0.2102,0.1427,6e-05,1,0.21492662639178928,False,
2025-12-07 10:25:00,8380871,6842119,3,2,15.222991087231469,0,0.2235,0.1825,3.3e-05,1,0.2635037092531149,False,
2025-12-07 10:30:00,8656664,5269184,3,1,13.92584845980371,0,0.2308,0.1405,2.9e-05,1,0.2594727492569162,False,
2025-12-07 10:35:00,9125354,5653693,2,0,14.779048063847483,0,0.2433,0.1508,1.4e-05,1,0.23789320871325803,False,
2025-12-07 10:40:00,7439485,6199920,2,2,13.639406037154863,0,0.1984,0.1653,2.9e-05,1,0.25212001912989307,False,
2025-12-07 10:45:00,11733632,5253175,4,3,16.986808083446512,0,0.3129,0.1401,4.1e-05,1,0.19352302609738392,False,
2025-12-07 10:50:00,8930612,5224762,1,0,14.155375177091695,0,0.2381,0.1393,7e-06,1,0.19864483654104576,False,
2025-12-07 10:55:00,11241662,5057392,0,2,16.299054875232443,0,0.2998,0.1349,1.2e-05,1,0.18354199101124485,False,
2025-12-07 11:00:00,9362201,3939143,5,1,13.301345025998002,0,0.2497,0.105,4.5e-05,1,0.2179040978953884,False,
2025-12-07 11:05:00,9705183,5458720,1,1,15.1639035263201,0,0.2588,0.1456,1.3e-05,1,0.22934701287825532,False,
2025-12-07 11:10:00,10376044,5438859,0,2,15.814903858718983,0,0.2767,0.145,1.3e-05,1,0.21562670100966225,False,
2025-12-07 11:15:00,9572828,7333642,3,0,16.906471177767745,0,0.2553,0.1956,1.8e-05,1,0.2426918615517002,False,
2025-12-07 11:20:00,9198677,4789712,4,3,13.988389861094788,0,0.2453,0.1277,5e-05,1,0.24194117195550885,False,
2025-12-07 11:25:00,7408559,4836976,3,0,12.24553567963382,0,0.1976,0.129,2.4e-05,1,0.22162019999167948,False,
2025-12-07 11:30:00,6972767,6841145,3,0,13.813913499418554,0,0.1859,0.1824,2.2e-05,1,0.23330517873057782,False,
2025-12-07 11:35:00,8890153,6565753,7,0,15.455906593952475,0,0.2371,0.1751,4.5e-05,1,0.2545381266325001,False,
2025-12-07 11:40:00,9284008,4938509,1,2,14.22251802104592,0,0.2476,0.1317,2.1e-05,1,0.24939620021462522,False,
2025-12-07 11:45:00,8292296,5694847,5,1,13.987144516895908,0,0.2211,0.1519,4.3e-05,1,0.2603973070966536,False,
2025-12-07 11:50:00,6241210,5347958,4,0,11.589169627624234,0,0.1664,0.1426,3.5e-05,1,0.19884190818629527,False,
2025-12-07 11:55:00,8466145,4703022,4,2,13.169168449963736,0,0.2258,0.1254,4.6e-05,1,0.2345071783192782,False,
2025-12-07 12:00:00,11735619,8154867,2,3,19.89048687929648,0,0.3129,0.2175,2.5e-05,1,0.12631435525112555,False,
2025-12-07 12:05:00,10658835,4610718,3,2,15.26955468163664,0,0.2842,0.123,3.3e-05,1,0.23536671982790108,False,
2025-12-07 12:10:00,9077410,7196138,2,2,16.27354812462415,0,0.2421,0.1919,2.5e-05,1,0.26657994136490626,False,
2025-12-07 12:15:00,9814851,5633473,4,6,15.448324845334454,0,0.2617,0.1502,6.5e-05,1,0.2022360844168789,False,
2025-12-07 12:20:00,13554084,7434656,5,2,20.988740905024457,0,0.3614,0.1983,3.3e-05,1,0.06739437896518585,False,
2025-12-07 12:25:00,8486882,6434203,0,1,14.92108607490674,0,0.2263,0.1716,7e-06,1,0.21861444270932096,False,
2025-12-07 12:30:00,11410665,7826032,1,3,19.236697864611678,0,0.3043,0.2087,2.1e-05,1,0.158922266698456,False,
2025-12-07 12:35:00,10417026,5701050,1,0,16.11807672728924,0,0.2778,0.152,6e-06,1,0.19422536419925623,False,
2025-12-07 12:40:00,9759994,5912464,4,0,15.672458856725513,0,0.2603,0.1577,2.6e-05,1,0.26443295956754853,False,
2025-12-07 12:45:00,9357368,5151799,4,3,14.509168829214453,0,0.2495,0.1374,4.8e-05,1,0.2506649687339034,False,
2025-12-07 12:50:00,6523649,4388066,1,1,10.911716296802558,0,0.174,0.117,1.8e-05,1,0.12994897414629347,False,
2025-12-07 12:55:00,8327693,5451620,0,3,13.779314381740493,0,0.2221,0.1454,2.2e-05,1,0.25480779085238414,False,
2025-12-07 13:00:00,5670146,5996474,3,1,11.666621752931352,0,0.1512,0.1599,3.4e-05,1,0.18193777831714308,False,
2025-12-07 13:05:00,8285935,6688833,1,3,14.974769677703174,0,0.221,0.1784,2.7e-05,1,0.27118934618731283,False,
2025-12-07 13:10:00,12103854,6203160,2,0,18.30701498929925,0,0.3228,0.1654,1.1e-05,1,0.1387549940118854,False,
2025-12-07 13:15:00,10474655,6070172,3,2,16.54482783623867,0,0.2793,0.1619,3e-05,1,0.2592847540668776,False,
2025-12-07 13:20:00,9608613,6805848,3,5,16.414462046476284,0,0.2562,0.1815,4.9e-05,1,0.24196184431257434,False,
2025-12-07 13:25:00,10830100,7313590,3,1,18.143690299770995,0,0.2888,0.195,2.2e-05,1,0.22518275258888443,False,
2025-12-07 13:30:00,9698920,5311162,4,2,15.010083166127911,0,0.2586,0.1416,4e-05,1,0.2599030869740726,False,
2025-12-07 13:35:00,8585492,7058496,2,0,15.643988657269132,0,0.2289,0.1882,1.3e-05,1,0.24421774801298457,False,
2025-12-07 13:40:00,7476528,5393333,3,6,12.869861509924082,0,0.1994,0.1438,7e-05,1,0.17623240031316484,False,
2025-12-07 13:45:00,8039589,5115528,4,2,13.1551171809642,0,0.2144,0.1364,4.6e-05,1,0.2467738758524457,False,
2025-12-07 13:50:00,6823690,4418199,4,5,11.241889943962423,0,0.182,0.1178,8e-05,1,0.08230511647231786,False,
2025-12-07 13:55:00,7168410,5042549,3,2,12.210960325946358,0,0.1912,0.1345,4.1e-05,1,0.23025731057053184,False,
2025-12-07 14:00:00,6206552,6190685,3,0,12.397238365118794,0,0.1655,0.1651,2.4e-05,1,0.20688088865128917,False,
2025-12-07 14:05:00,9526825,5798376,1,1,15.325201931046449,0,0.254,0.1546,1.3e-05,1,0.23360064152626253,False,
2025-12-07 14:10:00,7142718,6984585,1,0,14.12730391214838,0,0.1905,0.1863,7e-06,1,0.17774953486633716,False,
2025-12-07 14:15:00,9543817,6957945,0,2,16.501763017062558,0,0.2545,0.1855,1.2e-05,1,0.23688080354413776,False,
2025-12-07 14:20:00,6609223,5433934,6,4,12.043158317276266,0,0.1762,0.1449,8.3e-05,1,0.10010785716716752,False,
2025-12-07 14:25:00,8859315,9227246,0,0,18.08656252698134,0,0.2362,0.2461,0.0,1,0.08533689550469625,False,
2025-12-07 14:30:00,7135074,4019680,5,0,11.154755124698964,0,0.1903,0.1072,4.5e-05,1,0.1768010978786897,False,
2025-12-07 14:35:00,4446728,5712308,1,0,10.159036692933352,0,0.1186,0.1523,1e-05,1,0.04375872829431493,False,
2025-12-07 14:40:00,7203499,5903942,3,5,13.107442104998658,0,0.1921,0.1574,6.1e-05,1,0.21305552787905419,False,
2025-12-07 14:45:00,9270937,7443360,3,2,16.714298097149218,0,0.2472,0.1985,3e-05,1,0.2566507562316222,False,
2025-12-07 14:50:00,9121792,7988134,4,3,17.1099277009961,0,0.2432,0.213,4.1e-05,1,0.20486931967163768,False,
2025-12-07 14:55:00,9857755,4588295,3,3,14.446051077119792,0,0.2629,0.1224,4.2e-05,1,0.2401502210447386,False,
2025-12-07 15:00:00,9276978,4873328,2,3,14.150306796446827,0,0.2474,0.13,3.5e-05,1,0.25881695262374066,False,
2025-12-07 15:05:00,7312316,4441333,4,1,11.75364964397083,0,0.195,0.1184,4.3e-05,1,0.19906917909427124,False,
2025-12-07 15:10:00,10328288,5517530,8,1,15.845818486576558,0,0.2754,0.1471,5.7e-05,1,0.21243948165386534,False,
2025-12-07 15:15:00,8646915,4696618,8,3,13.343533448107436,0,0.2306,0.1252,8.2e-05,1,0.11646743022690542,False,
2025-12-07 15:20:00,8478468,8374807,3,1,16.85327582128409,0,0.2261,0.2233,2.4e-05,1,0.20276712325794377,False,
2025-12-07 15:25:00,9288123,5623133,4,0,14.91125708525321,0,0.2477,0.15,2.7e-05,1,0.27000569161577187,False,
2025-12-07 15:30:00,9663942,5863858,2,2,15.52780103530488,0,0.2577,0.1564,2.6e-05,1,0.2675117194734973,False,
2025-12-07 15:35:00,8917127,6641607,1,2,15.55873497976163,0,0.2378,0.1771,1.9e-05,1,0.26677366409788084,False,
2025-12-07 15:40:00,8450710,5778281,2,2,14.228992101703374,0,0.2254,0.1541,2.8e-05,1,0.2663485751728067,False,
2025-12-07 15:45:00,10213577,3748250,4,1,13.96182819441144,0,0.2724,0.1,3.6e-05,1,0.20170878767995515,False,
2025-12-07 15:50:00,10528708,4962552,4,4,15.491261303724416,0,0.2808,0.1323,5.2e-05,1,0.22405648010960683,False,
2025-12-07 15:55:00,9705200,4616525,6,0,14.321726429016271,0,0.2588,0.1231,4.2e-05,1,0.23476796062978827,False,
2025-12-07 16:00:00,8720111,4706738,1,0,13.426849413200229,0,0.2325,0.1255,7e-06,1,0.17296998256934265,False,
2025-12-07 16:05:00,8541656,5662188,1,0,14.203845172493748,0,0.2278,0.151,7e-06,1,0.20226101128831925,False,
2025-12-07 16:10:00,6385984,6675670,2,3,13.061654343676365,0,0.1703,0.178,3.8e-05,1,0.22678664220972738,False,
2025-12-07 16:15:00,11664066,5950940,5,2,17.615007179495095,0,0.311,0.1587,4e-05,1,0.2060314135186983,False,
2025-12-07 16:20:00,7524758,4925422,1,2,12.450181321906964,0,0.2007,0.1313,2.4e-05,1,0.22685686216321638,False,
2025-12-07 16:25:00,10125945,4920559,2,0,15.046505718994284,0,0.27,0.1312,1.3e-05,1,0.2110627947511748,False,
2025-12-07 16:30:00,9988087,5983830,3,4,15.971917335799269,0,0.2663,0.1596,4.4e-05,1,0.237579373346409,False,
2025-12-07 16:35:00,8939348,5700964,5,1,14.640313492077928,0,0.2384,0.152,4.1e-05,1,0.2650245508259583,False,
2025-12-07 16:40:00,11464775,4431032,3,3,15.895808035955564,0,0.3057,0.1182,3.8e-05,1,0.20641874661586201,False,
2025-12-07 16:45:00,7954682,6270162,3,4,14.224845038138591,0,0.2121,0.1672,4.9e-05,1,0.24728859566792966,False,
2025-12-07 16:50:00,9074973,7310595,3,3,16.385568826857867,0,0.242,0.1949,3.7e-05,1,0.26005163539108056,False,
2025-12-07 16:55:00,7579569,5333828,3,1,12.913397252585094,0,0.2021,0.1422,3.1e-05,1,0.24614764691652036,False,
2025-12-07 17:00:00,7219819,5689493,5,3,12.90931237398062,0,0.1925,0.1517,6.2e-05,1,0.21108832200415129,False,
2025-12-07 17:05:00,7639043,5233150,6,1,12.872194561545916,0,0.2037,0.1396,5.4e-05,1,0.2330970058257295,False,
2025-12-07 17:10:00,12263137,5691960,2,2,17.95509831740868,0,0.327,0.1518,2.2e-05,1,0.1837025306385317,False,
2025-12-07 17:15:00,11353961,7507502,0,1,18.86146442309751,0,0.3028,0.2002,5e-06,1,0.11559938649123058,False,
2025-12-07 17:20:00,6458006,4542522,5,1,11.000529230955763,0,0.1722,0.1211,5.5e-05,1,0.14633017377026192,False,
2025-12-07 17:25:00,10223381,5849513,4,3,16.07289517233937,0,0.2726,0.156,4.4e-05,1,0.236477572815269,False,
2025-12-07 17:30:00,8438078,7870723,0,2,16.308802410149422,0,0.225,0.2099,1.2e-05,1,0.21400273824815497,False,
2025-12-07 17:35:00,7859906,5639546,2,0,13.49945262073454,0,0.2096,0.1504,1.5e-05,1,0.2268681021532144,False,
2025-12-07 17:40:00,8283096,6482967,4,1,14.766064277011267,0,0.2209,0.1729,3.4e-05,1,0.27107948116084,False,
2025-12-07 17:45:00,11797225,5430654,3,1,17.227880435598678,0,0.3146,0.1448,2.3e-05,1,0.20888450481409304,False,
2025-12-07 17:50:00,9849133,5566760,2,2,15.415893532827551,0,0.2626,0.1484,2.6e-05,1,0.26411337053138806,False,
2025-12-07 17:55:00,7983335,6796040,4,2,14.779376055824416,0,0.2129,0.1812,4.1e-05,1,0.26053861650403026,False,
2025-12-07 18:00:00,7964324,6188594,4,3,14.152918441202392,0,0.2124,0.165,4.9e-05,1,0.24843998772174758,False,
2025-12-07 18:05:00,7852856,7174829,3,5,15.027686251263614,0,0.2094,0.1913,5.3e-05,1,0.23524170364913766,False,
2025-12-07 18:10:00,8157498,4138490,5,0,12.29598985761206,0,0.2175,0.1104,4.1e-05,1,0.22406709393713165,False,
2025-12-07 18:15:00,10469634,6939845,4,2,17.409480023929984,0,0.2792,0.1851,3.4e-05,1,0.2458200635842176,False,
2025-12-07 18:20:00,10632875,5771659,2,0,16.404534793264727,0,0.2835,0.1539,1.2e-05,1,0.22136509198112736,False,
2025-12-07 18:25:00,10767704,4292388,3,2,15.060093839070182,0,0.2871,0.1145,3.3e-05,1,0.2294810063628922,False,
2025-12-07 18:30:00,7696111,5575407,2,1,13.271518931191808,0,0.2052,0.1487,2.3e-05,1,0.24754225517141037,False,
2025-12-07 18:35:00,9570088,5401271,4,6,14.97136017483899,0,0.2552,0.144,6.7e-05,1,0.20580138735966985,False,
2025-12-07 18:40:00,10115297,4494196,8,0,14.609493978651017,0,0.2697,0.1198,5.5e-05,1,0.20374394937407836,False,
2025-12-07 18:45:00,8121048,4421554,4,2,12.542602402786905,0,0.2166,0.1179,4.8e-05,1,0.21922054425875398,False,
2025-12-07 18:50:00,9086785,3399634,1,2,12.486420901168923,0,0.2423,0.0907,2.4e-05,1,0.18781531808746227,False,
2025-12-07 18:55:00,9535087,7987625,6,0,17.522712415881784,0,0.2543,0.213,3.4e-05,1,0.2067584949039612,False,
2025-12-07 19:00:00,10829067,7699903,1,3,18.5289718142994,0,0.2888,0.2053,2.2e-05,1,0.20536601485422945,False,
2025-12-07 19:05:00,6256946,6971400,2,1,13.228347520712818,0,0.1669,0.1859,2.3e-05,1,0.20125723818948144,False,
2025-12-07 19:10:00,10530609,6274540,2,3,16.80514997682193,0,0.2808,0.1673,3e-05,1,0.2566936141817626,False,
2025-12-07 19:15:00,7342761,5674370,3,6,13.0171322017465,0,0.1958,0.1513,6.9e-05,1,0.1771823459242704,False,
2025-12-07 19:20:00,8159458,7272216,2,2,15.431674969463488,0,0.2176,0.1939,2.6e-05,1,0.2669707241811137,False,
2025-12-07 19:25:00,7255830,5165334,2,0,12.421164543517872,0,0.1935,0.1377,1.6e-05,1,0.20749526461596568,False,
2025-12-07 19:30:00,9885775,6582498,3,3,16.468274365956994,0,0.2636,0.1755,3.6e-05,1,0.2621900248538979,False,
2025-12-07 19:35:00,9940114,6094274,0,6,16.034389089128265,0,0.2651,0.1625,3.7e-05,1,0.26099894371821175,False,
2025-12-07 19:40:00,7646711,7350340,3,3,14.997052226526458,0,0.2039,0.196,4e-05,1,0.24952884377123785,False,
2025-12-07 19:45:00,8352391,5825979,2,1,14.1783705769236,0,0.2227,0.1554,2.1e-05,1,0.25801805810115463,False,
2025-12-07 19:50:00,8900243,5880181,4,2,14.780424654406366,0,0.2373,0.1568,4.1e-05,1,0.26667292810919874,False,
2025-12-07 19:55:00,8458596,3344012,3,4,11.80260869412477,0,0.2256,0.0892,5.9e-05,1,0.13882300754693544,False,
2025-12-07 20:00:00,9071829,7354085,6,2,16.42591508389589,0,0.2419,0.1961,4.9e-05,1,0.23184348693696571,False,
2025-12-07 20:05:00,7560010,6466750,5,0,14.026761266536075,0,0.2016,0.1724,3.6e-05,1,0.256762184803473,False,
2025-12-07 20:10:00,9407275,6729254,1,0,16.136529947074703,0,0.2509,0.1794,6e-06,1,0.21473118692211113,False,
2025-12-07 20:15:00,7572810,6687598,0,3,14.2604090737985,0,0.2019,0.1783,2.1e-05,1,0.24964431716675706,False,
2025-12-07 20:20:00,9958006,6369221,4,1,16.327228181225315,0,0.2655,0.1698,3.1e-05,1,0.265738063131918,False,
2025-12-07 20:25:00,11418493,6009062,3,2,17.427555720532176,0,0.3045,0.1602,2.9e-05,1,0.2234666573190438,False,
2025-12-07 20:30:00,9359791,6601733,3,3,15.961525334149604,0,0.2496,0.176,3.8e-05,1,0.26353359667916954,False,
2025-12-07 20:35:00,6036849,6770780,1,3,12.807630650730642,0,0.161,0.1806,3.1e-05,1,0.20709176382316374,False,
2025-12-07 20:40:00,8298390,5003433,2,0,13.301824468013264,0,0.2213,0.1334,1.5e-05,1,0.2211086110524279,False,
2025-12-07 20:45:00,8808760,6198669,4,1,15.00742979170789,0,0.2349,0.1653,3.3e-05,1,0.2745340846693986,False,
2025-12-07 20:50:00,9802135,5417822,3,2,15.219957787701205,0,0.2614,0.1445,3.3e-05,1,0.26389531247188797,False,
2025-12-07 20:55:00,8740297,5247599,3,4,13.987897447118828,0,0.2331,0.1399,5e-05,1,0.25285569621578896,False,
2025-12-07 21:00:00,8717568,5388747,2,2,14.10631669126782,0,0.2325,0.1437,2.8e-05,1,0.2627099701492187,False,
2025-12-07 21:05:00,6076006,4990295,2,2,11.06630212787537,0,0.162,0.1331,3.6e-05,1,0.17857601085568892,False,
2025-12-07 21:10:00,7231036,4910880,1,5,12.141916963632044,0,0.1928,0.131,4.9e-05,1,0.2147759061675164,False,
2025-12-07 21:15:00,7611047,6520303,3,1,14.131350611086727,0,0.203,0.1739,2.8e-05,1,0.25760636381322655,False,
2025-12-07 21:20:00,10259503,7075276,2,0,17.3347802052746,0,0.2736,0.1887,1.2e-05,1,0.21379884039128683,False,
2025-12-07 21:25:00,10232969,7771214,2,1,18.004183364810444,0,0.2729,0.2072,1.7e-05,1,0.20621969658266276,False,
2025-12-07 21:30:00,9831550,5124138,1,1,14.955689523849763,0,0.2622,0.1366,1.3e-05,1,0.2228270759422396,False,
2025-12-07 21:35:00,9785710,5906608,5,1,15.692319677969788,0,0.261,0.1575,3.8e-05,1,0.26048851088258806,False,
2025-12-07 21:40:00,12698129,6767658,3,2,19.465788505080106,0,0.3386,0.1805,2.6e-05,1,0.1288387462057422,False,
2025-12-07 21:45:00,8818914,6566935,1,1,15.385849905033467,0,0.2352,0.1751,1.3e-05,1,0.24626208587860665,False,
2025-12-07 21:50:00,8923218,5033432,1,3,13.956650739263,0,0.238,0.1342,2.9e-05,1,0.25787655147438104,False,
2025-12-07 21:55:00,7946938,6834052,2,3,14.78099151390661,0,0.2119,0.1822,3.4e-05,1,0.2639213914906715,False,
2025-12-07 22:00:00,9078919,7932284,0,1,17.011203264978537,0,0.2421,0.2115,6e-06,1,0.1741239249163164,False,
2025-12-07 22:05:00,8353091,5871332,4,2,14.224423945222975,0,0.2227,0.1566,4.2e-05,1,0.2617205085623727,False,
2025-12-07 22:10:00,9300141,4169111,3,5,13.46925236171864,0,0.248,0.1112,5.9e-05,1,0.18360919550702565,False,
2025-12-07 22:15:00,9517420,4788702,2,2,14.306122970663502,0,0.2538,0.1277,2.8e-05,1,0.2517689989062913,False,
2025-12-07 22:20:00,9220987,7124310,4,0,16.345297528152546,0,0.2459,0.19,2.4e-05,1,0.2606562580004013,False,
2025-12-07 22:25:00,8141641,6663039,5,1,14.804681696267307,0,0.2171,0.1777,4.1e-05,1,0.2667830054500723,False,
2025-12-07 22:30:00,10157668,4689913,2,1,14.84758175172222,0,0.2709,0.1251,2e-05,1,0.2374655982727335,False,
2025-12-07 22:35:00,10971481,5419881,0,1,16.39136243148078,0,0.2926,0.1445,6e-06,1,0.1844845856564712,False,
2025-12-07 22:40:00,10354448,5283325,5,3,15.637773924469077,0,0.2761,0.1409,5.1e-05,1,0.22759431648987305,False,
2025-12-07 22:45:00,9429446,7658073,4,0,17.087520136380952,0,0.2515,0.2042,2.3e-05,1,0.23984557095791897,False,
2025-12-07 22:50:00,6909610,7264548,6,2,14.174158352760449,0,0.1843,0.1937,5.6e-05,1,0.20400209315583423,False,
2025-12-07 22:55:00,6845380,4474538,2,3,11.31991927705298,0,0.1825,0.1193,4.4e-05,1,0.1882131067898452,False,
2025-12-07 23:00:00,9271110,5896227,2,3,15.16733784600727,0,0.2472,0.1572,3.3e-05,1,0.27144089465130816,False,
2025-12-07 23:05:00,8464382,7504605,2,2,15.96898812410506,0,0.2257,0.2001,2.5e-05,1,0.2502011882517794,False,
2025-12-07 23:10:00,8996077,6932707,2,1,15.92878533271564,0,0.2399,0.1849,1.9e-05,1,0.26327686566533565,False,
2025-12-07 23:15:00,9382391,5837850,1,0,15.220242776864843,0,0.2502,0.1557,7e-06,1,0.22241876056878673,False,
2025-12-07 23:20:00,10494693,3633377,3,1,14.128070927437715,0,0.2799,0.0969,2.8e-05,1,0.19196068699062058,False,
2025-12-07 23:25:00,6780600,6124965,3,1,12.905566300596746,0,0.1808,0.1633,3.1e-05,1,0.24363211011560426,False,
2025-12-07 23:30:00,7790364,8355167,4,1,16.145531330504177,0,0.2077,0.2228,3.1e-05,1,0.19863058692845514,False,
2025-12-07 23:35:00,11289055,5803448,3,4,17.09250407171658,0,0.301,0.1548,4.1e-05,1,0.21562229316891796,False,
2025-12-07 23:40:00,11439293,6057783,3,2,17.497076711510516,0,0.305,0.1615,2.9e-05,1,0.2245365956971795,False,
2025-12-07 23:45:00,8016043,7763539,2,2,15.779583717970883,0,0.2138,0.207,2.5e-05,1,0.24281479530357453,False,
2025-12-07 23:50:00,8665118,6626575,2,3,15.291694160030216,0,0.2311,0.1767,3.3e-05,1,0.2675288810531734,False,
2025-12-07 23:55:00,7045396,5248169,5,3,12.293565926163208,0,0.1879,0.14,6.5e-05,1,0.1894790410315771,False,
2025-12-08 00:00:00,8400752,6780495,5,5,15.1812476242852,0,0.224,0.1808,6.6e-05,1,0.20205766171068779,False,
2025-12-08 00:05:00,8393430,4982175,3,0,13.375606564765649,0,0.2238,0.1329,2.2e-05,1,0.24622418158762205,False,
2025-12-08 00:10:00,9530826,6033382,4,5,15.564209364973738,0,0.2542,0.1609,5.8e-05,1,0.22851972463488207,False,
2025-12-08 00:15:00,7431973,5694223,5,3,13.126197357610009,0,0.1982,0.1518,6.1e-05,1,0.21516304506692668,False,
2025-12-08 00:20:00,8770395,4261315,2,0,13.03171019711483,0,0.2339,0.1136,1.5e-05,1,0.19676437731298163,False,
2025-12-08 00:25:00,10743842,5503474,5,3,16.247317841273095,0,0.2865,0.1468,4.9e-05,1,0.22823916386327864,False,
2025-12-08 00:30:00,9255491,3989722,3,2,13.245214425321326,0,0.2468,0.1064,3.8e-05,1,0.21846524870036516,False,
2025-12-08 00:35:00,6898667,6805341,7,2,13.70400898060715,0,0.184,0.1815,6.6e-05,1,0.1799533589470274,False,
2025-12-08 00:40:00,8694199,6026475,4,3,14.72067512170786,0,0.2318,0.1607,4.8e-05,1,0.2541416965116167,False,
2025-12-08 00:45:00,10032961,7279060,6,2,17.312022128400358,0,0.2675,0.1941,4.6e-05,1,0.21832803888022856,False,
2025-12-08 00:50:00,10287884,4716020,4,1,15.00390461703803,0,0.2743,0.1258,3.3e-05,1,0.24875304363461676,False,
2025-12-08 00:55:00,9188045,5390665,4,0,14.57871123959469,0,0.245,0.1438,2.7e-05,1,0.2675329302868764,False,
2025-12-08 01:00:00,7616087,8008632,2,2,15.624720368323896,0,0.2031,0.2136,2.6e-05,1,0.22391684860751387,False,
2025-12-08 01:05:00,8875423,3913427,0,0,12.788851587195904,0,0.2367,0.1044,0.0,1,0.111500749908922,False,
2025-12-08 01:10:00,8969014,5576424,2,1,14.545438910737449,0,0.2392,0.1487,2.1e-05,1,0.26194246717638126,False,
2025-12-08 01:15:00,10508683,5421862,5,2,15.930545889516834,0,0.2802,0.1446,4.4e-05,1,0.23560824179726436,False,
2025-12-08 01:20:00,4672452,6802547,4,3,11.475000261013085,0,0.1246,0.1814,6.1e-05,1,0.10339484973540514,False,
2025-12-08 01:25:00,10399871,6956554,2,1,17.356425721465822,0,0.2773,0.1855,1.7e-05,1,0.23039277839008182,False,
2025-12-08 01:30:00,8995302,7332854,4,1,16.328156531042307,0,0.2399,0.1955,3.1e-05,1,0.26267417262607906,False,
2025-12-08 01:35:00,7474632,5142037,4,5,12.616669832462044,0,0.1993,0.1371,7.1e-05,1,0.1664725054400663,False,
2025-12-08 01:40:00,6022262,7265747,6,1,13.288009716688189,0,0.1606,0.1938,5.3e-05,1,0.1862742498106581,False,
2025-12-08 01:45:00,11246853,6813706,3,3,18.060559649103684,0,0.2999,0.1817,3.3e-05,1,0.2241561864243231,False,
2025-12-08 01:50:00,7409656,6037744,2,2,13.447401967254546,0,0.1976,0.161,3e-05,1,0.2511093027554858,False,
2025-12-08 01:55:00,6777384,6551073,0,1,13.328458071342258,0,0.1807,0.1747,8e-06,1,0.1732243319381273,False,
2025-12-08 02:00:00,9666411,6305824,3,0,15.972236067230977,0,0.2578,0.1682,1.9e-05,1,0.25682225916453577,False,
2025-12-08 02:05:00,11086547,6183360,3,0,17.26990792638331,0,0.2956,0.1649,1.7e-05,1,0.21919547432909792,False,
2025-12-08 02:10:00,8669325,6016515,2,4,14.685840768836847,0,0.2312,0.1604,4.1e-05,1,0.2628440926141646,False,
2025-12-08 02:15:00,7084483,4524768,3,5,11.60925144429434,0,0.1889,0.1207,6.9e-05,1,0.13033982460926874,False,
2025-12-08 02:20:00,7615853,4592542,6,4,12.20839609497503,0,0.2031,0.1225,8.2e-05,1,0.10519256238287034,False,
2025-12-08 02:25:00,9702507,6722342,3,2,16.42484933797606,0,0.2587,0.1793,3e-05,1,0.26670640282544406,False,
2025-12-08 02:30:00,7395619,6320031,5,4,13.715650416557017,0,0.1972,0.1685,6.6e-05,1,0.18819446583460547,False,
2025-12-08 02:35:00,11067450,5081378,4,2,16.14882911889524,0,0.2951,0.1355,3.7e-05,1,0.23704995404225243,False,
2025-12-08 02:40:00,8405984,6725932,2,1,15.131916889166238,0,0.2242,0.1794,2e-05,1,0.25708058680908846,False,
2025-12-08 02:45:00,15427933,7148071,5,1,22.576005067185896,0,0.4114,0.1906,2.7e-05,1,0.047054553089960316,False,
2025-12-08 02:50:00,9212560,7096496,1,2,16.30905736266535,0,0.2457,0.1892,1.8e-05,1,0.2561229954096739,False,
2025-12-08 02:55:00,9463952,4572144,3,2,14.036097091178943,0,0.2524,0.1219,3.6e-05,1,0.24554753832402043,False,
2025-12-08 03:00:00,10478909,6776585,0,1,17.2554954588717,0,0.2794,0.1807,6e-06,1,0.19655803527798182,False,
2025-12-08 03:05:00,7962736,5966568,2,4,13.929305960693098,0,0.2123,0.1591,4.3e-05,1,0.2544098335411889,False,
2025-12-08 03:10:00,7463353,6730774,2,1,14.194128137428452,0,0.199,0.1795,2.1e-05,1,0.24624579771599264,False,
2025-12-08 03:15:00,10384288,6244368,1,2,16.628657166719343,0,0.2769,0.1665,1.8e-05,1,0.2444625577254484,False,
2025-12-08 03:20:00,6730211,6446062,0,2,13.176274501902151,0,0.1795,0.1719,1.5e-05,1,0.1989752973787367,False,
2025-12-08 03:25:00,10566562,5236338,4,0,15.802900529889566,0,0.2818,0.1396,2.5e-05,1,0.25048712931853,False,
2025-12-08 03:30:00,6258013,5667682,3,1,11.9256960005751,0,0.1669,0.1511,3.4e-05,1,0.2070062685106132,False,
2025-12-08 03:35:00,11660629,5693082,6,0,17.353711913768493,0,0.311,0.1518,3.5e-05,1,0.22117356455648862,False,
2025-12-08 03:40:00,9238715,5522284,5,4,14.760999182837184,0,0.2464,0.1473,6.1e-05,1,0.2208567682282746,False,
2025-12-08 03:45:00,7025803,4963727,3,1,11.989530532126542,0,0.1874,0.1324,3.3e-05,1,0.22110588367379463,False,
2025-12-08 03:50:00,9592070,6545800,4,4,16.137871031257276,0,0.2558,0.1746,5e-05,1,0.24284164967643357,False,
2025-12-08 03:55:00,11339628,5023085,2,2,16.36271339786857,0,0.3024,0.1339,2.4e-05,1,0.22797029038109873,False,
2025-12-08 04:00:00,6543938,6088816,4,2,12.632755822685043,0,0.1745,0.1624,4.7e-05,1,0.22237226857085962,False,
2025-12-08 04:05:00,9362438,6815791,1,0,16.178230015198082,0,0.2497,0.1818,6e-06,1,0.21394263291075222,False,
2025-12-08 04:10:00,9834541,6666368,4,2,16.500909380061547,0,0.2623,0.1778,3.6e-05,1,0.26331136976305,False,
2025-12-08 04:15:00,8539759,6015586,3,3,14.55534645798685,0,0.2277,0.1604,4.1e-05,1,0.26330898186433593,False,
2025-12-08 04:20:00,8586677,5871272,2,1,14.457949462785631,0,0.229,0.1566,2.1e-05,1,0.2562768806413894,False,
2025-12-08 04:25:00,8584093,5940908,3,1,14.525002085603331,0,0.2289,0.1584,2.8e-05,1,0.26912738966977584,False,
2025-12-08 04:30:00,8526181,5941449,4,1,14.4676307037804,0,0.2274,0.1584,3.5e-05,1,0.2677493486652007,False,
2025-12-08 04:35:00,9660297,5285965,1,2,14.94626374044065,0,0.2576,0.141,2e-05,1,0.2542480060542113,False,
2025-12-08 04:40:00,11296435,4746480,2,1,16.042915198436187,0,0.3012,0.1266,1.9e-05,1,0.20763625311876954,False,
2025-12-08 04:45:00,8384618,4986158,5,4,13.370777325973066,0,0.2236,0.133,6.7e-05,1,0.20056374806713134,False,
2025-12-08 04:50:00,6598018,5078609,2,0,11.676627964520485,0,0.1759,0.1354,1.7e-05,1,0.17632416736394196,False,
2025-12-08 04:55:00,7867925,4669283,4,1,12.537209190549106,0,0.2098,0.1245,4e-05,1,0.23106611311598008,False,
2025-12-08 05:00:00,10306847,4730255,1,1,15.03710299546549,0,0.2748,0.1261,1.3e-05,1,0.1993709597131637,False,
2025-12-08 05:05:00,10811916,5712051,6,4,16.523967228911186,0,0.2883,0.1523,6.1e-05,1,0.18995228889612015,False,
2025-12-08 05:10:00,6825443,6510628,2,5,13.336071399687835,0,0.182,0.1736,5.2e-05,1,0.22574669004743053,False,
2025-12-08 05:15:00,8823508,6276227,4,3,15.0997355984729,0,0.2353,0.1674,4.6e-05,1,0.2590295605729023,False,
2025-12-08 05:20:00,8356549,6179945,3,3,14.536495145169292,0,0.2228,0.1648,4.1e-05,1,0.262180422942075,False,
2025-12-08 05:25:00,11583090,7262525,6,1,18.845615937225883,0,0.3089,0.1937,3.7e-05,1,0.18899399158632718,False,
2025-12-08 05:30:00,5325065,5645657,2,3,10.970723432525787,0,0.142,0.1506,4.6e-05,1,0.1397401168890947,False,
2025-12-08 05:35:00,8304561,7479881,3,1,15.784443620602056,0,0.2215,0.1995,2.5e-05,1,0.255054824831494,False,
2025-12-08 05:40:00,6302157,6127890,3,1,12.430047721379625,0,0.1681,0.1634,3.2e-05,1,0.22668463168675762,False,
2025-12-08 05:45:00,9460721,5738949,3,3,15.199670122163267,0,0.2523,0.153,3.9e-05,1,0.26617666065000445,False,
2025-12-08 05:50:00,11240498,4794977,4,4,16.035476348576285,0,0.2997,0.1279,5e-05,1,0.1987401860142674,False,
2025-12-08 05:55:00,8683984,5717205,2,3,14.401189822004447,0,0.2316,0.1525,3.5e-05,1,0.26410108766733464,False,
2025-12-08 06:00:00,10293019,5372887,1,5,15.665907182961432,0,0.2745,0.1433,3.8e-05,1,0.2528428447289198,False,
2025-12-08 06:05:00,6718511,4852507,4,1,11.571018806394946,0,0.1792,0.1294,4.3e-05,1,0.20049361062124588,False,
2025-12-08 06:10:00,8471598,4828635,5,2,13.300234145644737,0,0.2259,0.1288,5.3e-05,1,0.2393095131996515,False,
2025-12-08 06:15:00,10068066,7483641,3,3,17.55170815662355,0,0.2685,0.1996,3.4e-05,1,0.23656998526661172,False,
2025-12-08 06:20:00,7614009,6858907,4,3,14.472916868690016,0,0.203,0.1829,4.8e-05,1,0.23687065121871032,False,
2025-12-08 06:25:00,6945608,4208196,4,4,11.153804744682812,0,0.1852,0.1122,7.2e-05,1,0.11158142297124041,False,
2025-12-08 06:30:00,8345446,5686202,7,2,14.031648770348108,0,0.2225,0.1516,6.4e-05,1,0.21446894737567224,False,
2025-12-08 06:35:00,10881354,4852213,1,3,15.733567593195646,0,0.2902,0.1294,2.5e-05,1,0.24069751111127036,False,
2025-12-08 06:40:00,6655273,4735153,2,3,11.390426740791288,0,0.1775,0.1263,4.4e-05,1,0.18779176847594015,False,
2025-12-08 06:45:00,12735500,2845569,4,3,15.581070956296331,0,0.3396,0.0759,4.5e-05,1,0.13152304689606886,False,
2025-12-08 06:50:00,8875592,7510423,4,5,16.38601635153282,0,0.2367,0.2003,5.5e-05,1,0.20652457319057144,False,
2025-12-08 06:55:00,4794939,4841883,6,2,9.636822991850998,0,0.1279,0.1291,8.3e-05,-1,-0.00514330238481242,False,
2025-12-08 07:00:00,9491886,7493531,5,4,16.98541807251372,0,0.2531,0.1998,5.3e-05,1,0.20647799595481814,False,
2025-12-08 07:05:00,6963484,8822111,1,2,15.785595486665368,0,0.1857,0.2353,1.9e-05,1,0.16075326197952328,False,
2025-12-08 07:10:00,9824085,5639345,3,4,15.463431815145343,0,0.262,0.1504,4.5e-05,1,0.252224638288295,False,
2025-12-08 07:15:00,6293953,6436247,5,3,12.73020130930112,0,0.1678,0.1716,6.3e-05,1,0.18127859647349853,False,
2025-12-08 07:20:00,10071589,6154854,5,3,16.226443220152728,0,0.2686,0.1641,4.9e-05,1,0.2352834909010434,False,
2025-12-08 07:25:00,8312352,4949795,2,1,13.262148387942222,0,0.2217,0.132,2.3e-05,1,0.24608200700962202,False,
2025-12-08 07:30:00,8802404,5609947,5,0,14.41235217896686,0,0.2347,0.1496,3.5e-05,1,0.2679808571113751,False,
2025-12-08 07:35:00,8213303,4367845,5,4,12.581149149871251,0,0.219,0.1165,7.2e-05,1,0.14350503397343128,False,
2025-12-08 07:40:00,10499429,5246670,3,2,15.74609970917574,0,0.28,0.1399,3.2e-05,1,0.25683954096872813,False,
2025-12-08 07:45:00,6787896,5732876,3,1,12.520772516095214,0,0.181,0.1529,3.2e-05,1,0.24143555746805695,False,
2025-12-08 07:50:00,6218459,4980877,2,2,11.199337331428763,0,0.1658,0.1328,3.6e-05,1,0.18775378649839208,False,
2025-12-08 07:55:00,11228703,4069422,2,4,15.2981259380768,0,0.2994,0.1085,3.9e-05,1,0.1971897239210409,False,
2025-12-08 08:00:00,6365084,7290601,2,0,13.655685657148831,0,0.1697,0.1944,1.5e-05,1,0.18665921498245625,False,
2025-12-08 08:05:00,8813666,3628939,3,1,12.442606165013132,0,0.235,0.0968,3.2e-05,1,0.2048195251736185,False,
2025-12-08 08:10:00,12466163,4160726,0,2,16.626890048356056,0,0.3324,0.111,1.2e-05,1,0.13591198726135711,False,
2025-12-08 08:15:00,10865385,5763647,0,3,16.62903352006247,0,0.2897,0.1537,1.8e-05,1,0.24192606374662118,False,
2025-12-08 08:20:00,11540193,4886249,1,1,16.42644321229114,0,0.3077,0.1303,1.2e-05,1,0.16868103730001777,False,
2025-12-08 08:25:00,7565956,6013850,4,1,13.579806364787656,0,0.2018,0.1604,3.7e-05,1,0.2507344039355066,False,
2025-12-08 08:30:00,7415400,5752749,2,1,13.16815009728874,0,0.1977,0.1534,2.3e-05,1,0.23862403564713808,False,
2025-12-08 08:35:00,12059207,6189026,1,4,18.24823413554741,0,0.3216,0.165,2.7e-05,1,0.1746970679257946,False,
2025-12-08 08:40:00,8123723,6886901,1,3,15.010625045325584,0,0.2166,0.1837,2.7e-05,1,0.27131844121779325,False,
2025-12-08 08:45:00,7863744,6240318,3,0,14.104062561071643,0,0.2097,0.1664,2.1e-05,1,0.2574455758982226,False,
2025-12-08 08:50:00,11686271,7079918,1,3,18.76619037711476,0,0.3116,0.1888,2.1e-05,1,0.1824672495093952,False,
2025-12-08 08:55:00,11251744,3441480,6,0,14.693224643898864,0,0.3,0.0918,4.1e-05,1,0.18407365704403272,False,
2025-12-08 09:00:00,7297704,5993352,0,3,13.29105721388258,0,0.1946,0.1598,2.3e-05,1,0.2377689906341509,False,
2025-12-08 09:05:00,6833020,5785654,2,3,12.618674764847212,0,0.1822,0.1543,4e-05,1,0.24400013856033753,False,
2025-12-08 09:10:00,9451745,6312042,2,1,15.76378773309619,0,0.252,0.1683,1.9e-05,1,0.26262891917383835,False,
2025-12-08 09:15:00,8452477,6208958,4,4,14.661436757411256,0,0.2254,0.1656,5.5e-05,1,0.236830005846078,False,
2025-12-08 09:20:00,12091546,6094732,0,1,18.186279037018963,0,0.3224,0.1625,5e-06,1,0.11105713808123852,False,
2025-12-08 09:25:00,8139929,6201425,3,3,14.341355221441928,0,0.2171,0.1654,4.2e-05,1,0.2645630854398919,False,
2025-12-08 09:30:00,9690931,5700642,1,1,15.391574134388891,0,0.2584,0.152,1.3e-05,1,0.23170011123239648,False,
2025-12-08 09:35:00,8433822,5061026,2,3,13.494849170379233,0,0.2249,0.135,3.7e-05,1,0.25340056042694425,False,
2025-12-08 09:40:00,9444473,4774435,2,0,14.21890928972131,0,0.2519,0.1273,1.4e-05,1,0.20841903599287964,False,
2025-12-08 09:45:00,8039259,5508840,1,1,13.548100278820364,0,0.2144,0.1469,1.5e-05,1,0.2307039696869253,False,
2025-12-08 09:50:00,7055029,6407711,2,2,13.462740703811871,0,0.1881,0.1709,3e-05,1,0.23924020738954455,False,
2025-12-08 09:55:00,7555437,6525944,4,2,14.08138237039738,0,0.2015,0.174,4.3e-05,1,0.2444637813245391,False,
2025-12-08 10:00:00,8015412,7796138,3,1,15.8115501905236,0,0.2137,0.2079,2.5e-05,1,0.23808443976920995,False,
2025-12-08 10:05:00,5882709,7125883,8,8,13.008593697317108,0,0.1569,0.19,0.000123,1,0.06972934352753213,False,
2025-12-08 10:10:00,5962783,7578083,4,2,13.540867519271211,0,0.159,0.2021,4.4e-05,1,0.17730188521833645,False,
2025-12-08 10:15:00,7862336,3866762,4,5,11.729098863623456,0,0.2097,0.1031,7.7e-05,1,0.08975406370271033,False,
2025-12-08 10:20:00,7534147,4470552,1,3,12.00470045745242,0,0.2009,0.1192,3.3e-05,1,0.21027800937583457,False,
2025-12-08 10:25:00,6205959,5600996,3,2,11.806955750055396,0,0.1655,0.1494,4.2e-05,1,0.20225548601682447,False,
2025-12-08 10:30:00,11060351,6936524,6,1,17.996876698322588,0,0.2949,0.185,3.9e-05,1,0.2135405837230952,False,
2025-12-08 10:35:00,10808215,6784117,1,2,17.592332972517543,0,0.2882,0.1809,1.7e-05,1,0.22551375796389062,False,
2025-12-08 10:40:00,8088140,4611473,3,1,12.699614911411572,0,0.2157,0.123,3.1e-05,1,0.23721680288506453,False,
2025-12-08 10:45:00,10723819,6999063,6,4,17.72288324788003,0,0.286,0.1866,5.6e-05,1,0.1828767247236439,False,
2025-12-08 10:50:00,6897857,6708958,0,1,13.6068162542099,0,0.1839,0.1789,7e-06,1,0.17152337247422694,False,
2025-12-08 10:55:00,10244795,5269812,4,1,15.514608061946548,0,0.2732,0.1405,3.2e-05,1,0.2565615063977745,False,
2025-12-08 11:00:00,10044728,5566593,5,1,15.611321338955886,0,0.2679,0.1484,3.8e-05,1,0.2635122932100874,False,
2025-12-08 11:05:00,10230206,6205203,1,2,16.43540994801502,0,0.2728,0.1655,1.8e-05,1,0.24783406205510639,False,
2025-12-08 11:10:00,9186929,8358546,3,2,17.545475914189208,0,0.245,0.2229,2.8e-05,1,0.19391505192463554,False,
2025-12-08 11:15:00,8924966,5604722,6,2,14.529689293463385,0,0.238,0.1495,5.5e-05,1,0.2408109535529655,False,
2025-12-08 11:20:00,8740333,4899430,2,1,13.639763818752456,0,0.2331,0.1307,2.2e-05,1,0.24522474936941135,False,
2025-12-08 11:25:00,10869960,8029725,3,3,18.89968662967088,0,0.2899,0.2141,3.2e-05,1,0.18319698103948534,False,
2025-12-08 11:30:00,8446659,3543830,5,2,11.990489794990554,0,0.2252,0.0945,5.8e-05,1,0.15791443926718152,False,
2025-12-08 11:35:00,10485679,4771277,7,2,15.256957690240307,0,0.2796,0.1272,5.9e-05,1,0.19021060112408428,False,
2025-12-08 11:40:00,8461843,4595737,3,0,13.057580693413698,0,0.2256,0.1226,2.3e-05,1,0.22874728039621678,False,
2025-12-08 11:45:00,8905267,6481680,5,1,15.38694813676797,0,0.2375,0.1728,3.9e-05,1,0.2635213664894341,False,
2025-12-08 11:50:00,7796332,4763396,2,1,12.55972911795968,0,0.2079,0.127,2.4e-05,1,0.22568728154927892,False,
2025-12-08 11:55:00,8740434,6350606,3,2,15.091041023873805,0,0.2331,0.1693,3.3e-05,1,0.26880233603947234,False,
2025-12-08 12:00:00,9790551,3788932,3,2,13.579483865498824,0,0.2611,0.101,3.7e-05,1,0.20192804964170008,False,
2025-12-08 12:05:00,8697392,6122199,7,1,14.819592219279071,0,0.2319,0.1633,5.4e-05,1,0.2436268742065235,False,
2025-12-08 12:10:00,9121872,7913735,3,1,17.03560831456968,0,0.2432,0.211,2.3e-05,1,0.21890568208432049,False,
2025-12-08 12:15:00,9840059,6857713,4,5,16.697772748735478,0,0.2624,0.1829,5.4e-05,1,0.2148381519389801,False,
2025-12-08 12:20:00,9420708,6760820,1,2,16.181529037208364,0,0.2512,0.1803,1.9e-05,1,0.26340160507954674,False,
2025-12-08 12:25:00,8108438,5641997,2,3,13.75043524418921,0,0.2162,0.1505,3.6e-05,1,0.26770093412242313,False,
2025-12-08 12:30:00,9705815,5531305,1,2,15.237120782106498,0,0.2588,0.1475,2e-05,1,0.2543665029356515,False,
2025-12-08 12:35:00,9167430,7439116,4,1,16.606546634887216,0,0.2445,0.1984,3e-05,1,0.2562507788230539,False,
2025-12-08 12:40:00,7133057,5690686,3,5,12.823743240318551,0,0.1902,0.1518,6.2e-05,1,0.20969647470022462,False,
2025-12-08 12:45:00,9991993,8294608,1,3,18.28660201439781,0,0.2665,0.2212,2.2e-05,1,0.1855880777164699,False,
2025-12-08 12:50:00,8168154,4575270,1,2,12.74342470317196,0,0.2178,0.122,2.4e-05,1,0.2318248550418488,False,
2025-12-08 12:55:00,9760229,7270002,5,0,17.030231508480252,0,0.2603,0.1939,2.9e-05,1,0.25136617833885383,False,
2025-12-08 13:00:00,6989188,5699089,5,4,12.688277214787034,0,0.1864,0.152,7.1e-05,1,0.16563341731121844,False,
2025-12-08 13:05:00,7341177,5424321,2,2,12.76549910423254,0,0.1958,0.1446,3.1e-05,1,0.24381859778463733,False,
2025-12-08 13:10:00,9888702,9070810,1,0,18.959512287989565,0,0.2637,0.2419,5e-06,1,0.07808976679581892,False,
2025-12-08 13:15:00,11921802,8286641,3,3,20.20844404182764,0,0.3179,0.221,3e-05,1,0.0919899444234984,False,
2025-12-08 13:20:00,7691111,5409068,2,3,13.100180684253084,0,0.2051,0.1442,3.8e-05,1,0.24610614395217723,False,
2025-12-08 13:25:00,10804053,6508547,3,4,17.31260102944954,0,0.2881,0.1736,4e-05,1,0.23149402099829053,False,
2025-12-08 13:30:00,7981631,5927992,3,2,13.90962396187738,0,0.2128,0.1581,3.6e-05,1,0.2637357065946571,False,
2025-12-08 13:35:00,8984028,5819688,4,0,14.803717163087365,0,0.2396,0.1552,2.7e-05,1,0.2733984956768308,False,
2025-12-08 13:40:00,9999498,6824126,4,1,16.82362518622203,0,0.2667,0.182,3e-05,1,0.25777896958505614,False,
2025-12-08 13:45:00,9069128,6407974,3,1,15.477102666106028,0,0.2418,0.1709,2.6e-05,1,0.2722720410796795,False,
2025-12-08 13:50:00,7778642,5230323,1,2,13.008966407853498,0,0.2074,0.1395,2.3e-05,1,0.24032977265613525,False,
2025-12-08 13:55:00,8695595,5354322,6,1,14.049918362220415,0,0.2319,0.1428,5e-05,1,0.25218698716483595,False,
2025-12-08 14:00:00,12666416,7140078,4,2,19.80649551693979,0,0.3378,0.1904,3e-05,1,0.12097709483569363,False,
2025-12-08 14:05:00,6243167,5525051,3,2,11.768219065892454,0,0.1665,0.1473,4.2e-05,1,0.2019291361562912,False,
2025-12-08 14:10:00,11938092,7317120,2,2,19.25521311198219,0,0.3183,0.1951,2.1e-05,1,0.15481718199162853,False,
2025-12-08 14:15:00,10520718,3718965,2,2,14.239683631101473,0,0.2806,0.0992,2.8e-05,1,0.1985378900774225,False,
2025-12-08 14:20:00,10945761,4639798,5,2,15.585560457555603,0,0.2919,0.1237,4.5e-05,1,0.21343790440749721,False,
2025-12-08 14:25:00,9342088,6310411,7,1,15.652500914187112,0,0.2491,0.1683,5.1e-05,1,0.25026493199462313,False,
2025-12-08 14:30:00,6076581,6476278,0,1,12.552860364318905,0,0.162,0.1727,8e-06,1,0.14848649349248433,False,
2025-12-08 14:35:00,8498879,5013160,3,4,13.512039943635031,0,0.2266,0.1337,5.2e-05,1,0.24446268322907272,False,
2025-12-08 14:40:00,6071687,6288686,2,1,12.36037431660748,0,0.1619,0.1677,2.4e-05,1,0.19499842079967655,False,
2025-12-08 14:45:00,10672813,8018548,5,1,18.69136151089709,0,0.2846,0.2138,3.2e-05,1,0.1858012060413377,False,
2025-12-08 14:50:00,8230647,7614118,2,2,15.844766049471088,0,0.2195,0.203,2.5e-05,1,0.2523099335358557,False,
2025-12-08 14:55:00,10645752,5773859,6,0,16.41961166868044,0,0.2839,0.154,3.7e-05,1,0.2539209117116876,False,
2025-12-08 15:00:00,9595185,6250795,1,1,15.845981023005177,0,0.2559,0.1667,1.3e-05,1,0.23695410954029683,False,
2025-12-08 15:05:00,9151447,5288713,2,3,14.440160962177345,0,0.244,0.141,3.5e-05,1,0.26356276853730637,False,
2025-12-08 15:10:00,8194734,6169387,5,0,14.364121948138465,0,0.2185,0.1645,3.5e-05,1,0.27143085629416636,False,
2025-12-08 15:15:00,10661767,5571282,3,0,16.23305017337894,0,0.2843,0.1486,1.8e-05,1,0.2481562436879649,False,
2025-12-08 15:20:00,10343583,6220932,2,1,16.564516253319876,0,0.2758,0.1659,1.8e-05,1,0.24399847412646053,False,
2025-12-08 15:25:00,9710491,2877158,2,2,12.587649686308868,0,0.2589,0.0767,3.2e-05,1,0.1646259994789891,False,
2025-12-08 15:30:00,7197390,8360332,5,1,15.557722867350302,0,0.1919,0.2229,3.9e-05,1,0.1941452443885296,False,
2025-12-08 15:35:00,7428093,8112798,0,4,15.540892217060396,0,0.1981,0.2163,2.6e-05,1,0.21666878955024965,False,
2025-12-08 15:40:00,12037205,5681037,3,5,17.71824273295082,0,0.321,0.1515,4.5e-05,1,0.18332312136292334,False,
2025-12-08 15:45:00,9053100,6330014,2,1,15.383114751771563,0,0.2414,0.1688,2e-05,1,0.2664064842729723,False,
2025-12-08 15:50:00,47946759,34879481,16,1,15.91277155972856,1,1.2786,0.9301,2.1e-05,-1,-0.0570540283110077,False,
2025-12-08 15:55:00,47469646,35947083,8,3,16.50325991312763,1,1.2659,0.9586,1.3e-05,-1,-0.07054075213428623,False,
2025-12-08 16:00:00,46908202,33841306,10,3,13.836039385589643,1,1.2509,0.9024,1.6e-05,-1,-0.05412612652312332,False,
2025-12-08 16:05:00,45182570,35094999,16,2,13.364100207243084,1,1.2049,0.9359,2.2e-05,-1,-0.04899092205859645,False,
2025-12-08 16:10:00,50474275,31457527,11,2,15.018333887436322,1,1.346,0.8389,1.6e-05,-1,-0.05235212663965416,False,
2025-12-08 16:15:00,48159596,35934160,19,2,17.180287042773827,1,1.2843,0.9582,2.5e-05,-1,-0.07052386999190419,False,
2025-12-08 16:20:00,48556360,33481633,20,2,15.124524513550034,1,1.2948,0.8928,2.7e-05,-1,-0.05848589994520492,False,
2025-12-08 16:25:00,48711397,36880889,6,3,18.67881745269077,1,1.299,0.9835,1.1e-05,-1,-0.09310971964280845,False,
2025-12-08 16:30:00,48182583,33819006,12,1,15.088119991555912,1,1.2849,0.9018,1.6e-05,-1,-0.056999247244856166,False,
2025-12-08 16:35:00,46285266,35761782,11,1,15.13357822507838,1,1.2343,0.9536,1.5e-05,-1,-0.059797533735686303,False,
2025-12-08 16:40:00,48323359,34801563,12,2,16.21145238565115,1,1.2886,0.928,1.7e-05,-1,-0.06948503273059004,False,
2025-12-08 16:45:00,48779924,34463094,10,1,16.32954962443323,1,1.3008,0.919,1.3e-05,-1,-0.07239115124251716,False,
2025-12-08 16:50:00,48610623,36074027,10,3,17.771181465057744,1,1.2963,0.962,1.5e-05,-1,-0.07704702906749328,False,
2025-12-08 16:55:00,47491260,35214764,18,2,15.792554846947942,1,1.2664,0.9391,2.4e-05,-1,-0.06819771407098041,False,
2025-12-08 17:00:00,47741192,35925480,11,0,16.753202749847297,1,1.2731,0.958,1.3e-05,-1,-0.07247971436456502,False,
2025-12-08 17:05:00,47352316,33639732,10,4,14.078579459470152,1,1.2627,0.8971,1.7e-05,-1,-0.04929454374724207,False,
2025-12-08 17:10:00,46138884,35195626,13,2,14.421040676048232,1,1.2304,0.9386,1.8e-05,-1,-0.05737790050599745,False,
2025-12-08 17:15:00,44860657,34102841,10,3,12.050028971765675,1,1.1963,0.9094,1.6e-05,-1,-0.06529029604715741,False,
2025-12-08 17:20:00,48984745,34332153,16,0,16.403429023934972,1,1.3063,0.9155,1.9e-05,-1,-0.061428908285113826,False,
2025-12-08 17:25:00,47002837,34633018,12,0,14.722385702265958,1,1.2534,0.9235,1.5e-05,-1,-0.0588627046542447,False,
2025-12-08 17:30:00,46419812,34439912,15,3,13.94625494403543,1,1.2379,0.9184,2.2e-05,-1,-0.049678653710022336,False,
2025-12-08 17:35:00,46667771,34620390,11,0,14.374692720191064,1,1.2445,0.9232,1.4e-05,-1,-0.0626243697959622,False,
2025-12-08 17:40:00,47950774,34890963,9,3,15.928268106890432,1,1.2787,0.9304,1.4e-05,-1,-0.06707226299667679,False,
2025-12-08 17:45:00,46658162,33869015,11,2,13.61370800490744,1,1.2442,0.9032,1.6e-05,-1,-0.05311074300144003,False,
2025-12-08 17:50:00,46691019,33550494,17,1,13.328043915077217,1,1.2451,0.8947,2.2e-05,-1,-0.045035615467341916,False,
2025-12-08 17:55:00,45593316,35757129,10,0,14.436976357546236,1,1.2158,0.9535,1.2e-05,-1,-0.06454187854525206,False,
2025-12-08 18:00:00,48183366,31992236,9,5,13.262133241805696,1,1.2849,0.8531,1.7e-05,-1,-0.05225286397123419,False,
2025-12-08 18:05:00,48284849,33042667,9,0,14.414047596516468,1,1.2876,0.8811,1.1e-05,-1,-0.05974593499381431,False,
2025-12-08 18:10:00,45772414,34312455,18,2,13.17140069739561,1,1.2206,0.915,2.5e-05,-1,-0.05642462833107731,False,
2025-12-08 18:15:00,11004356,6031918,2,3,17.036274745986216,0,0.2934,0.1609,2.9e-05,1,0.2387296750259693,False,
2025-12-08 18:20:00,8851981,7877114,4,5,16.72909550781584,0,0.2361,0.2101,5.4e-05,1,0.19420210820088807,False,
2025-12-08 18:25:00,8638279,6464410,4,2,15.102690093108844,0,0.2304,0.1724,4e-05,1,0.26585231783362223,False,
2025-12-08 18:30:00,9209640,5862156,2,6,15.071796247849942,0,0.2456,0.1563,5.3e-05,1,0.24480635710288573,False,
2025-12-08 18:35:00,7985279,5440466,5,2,13.425745566941965,0,0.2129,0.1451,5.2e-05,1,0.2481149492948247,False,
2025-12-08 18:40:00,11862128,3047668,4,2,14.909796939628258,0,0.3163,0.0813,4e-05,1,0.14859913286030424,False,
2025-12-08 18:45:00,9553959,5471404,5,2,15.025364393379911,0,0.2548,0.1459,4.7e-05,1,0.2514276404959214,False,
2025-12-08 18:50:00,8910407,5626112,2,0,14.536520381073595,0,0.2376,0.15,1.4e-05,1,0.23697015676697147,False,
2025-12-08 18:55:00,6717365,5804507,3,1,12.52187261906701,0,0.1791,0.1548,3.2e-05,1,0.2402608341974431,False,
2025-12-08 19:00:00,9017621,7044711,2,1,16.062332959276077,0,0.2405,0.1879,1.9e-05,1,0.26420508975845386,False,
2025-12-08 19:05:00,5698101,4292879,4,2,9.990980248752486,0,0.1519,0.1145,6e-05,1,0.08210446653229675,False,
2025-12-08 19:10:00,6710514,6127771,1,2,12.838285763158952,0,0.1789,0.1634,2.3e-05,1,0.2280388067498525,False,
2025-12-08 19:15:00,8318710,7237059,3,3,15.555770270389932,0,0.2218,0.193,3.9e-05,1,0.2567614953225408,False,
2025-12-08 19:20:00,6788930,6633109,6,3,13.422039879814225,0,0.181,0.1769,6.7e-05,1,0.17541713907252388,False,
2025-12-08 19:25:00,8935214,6514159,2,0,15.449374089827996,0,0.2383,0.1737,1.3e-05,1,0.2474233259487631,False,
2025-12-08 19:30:00,10621314,3631550,4,1,14.252865397019576,0,0.2832,0.0968,3.5e-05,1,0.20025420788357867,False,
2025-12-08 19:35:00,8683842,5343845,4,2,14.027688339977706,0,0.2316,0.1425,4.3e-05,1,0.25759931139969455,False,
2025-12-08 19:40:00,8132871,5482645,3,0,13.615517389797544,0,0.2169,0.1462,2.2e-05,1,0.2540460158181106,False,
2025-12-08 19:45:00,9518994,4018436,1,3,13.537431069130152,0,0.2538,0.1072,3e-05,1,0.22090807090384712,False,
2025-12-08 19:50:00,10350991,4385513,6,4,14.736505074357328,0,0.276,0.1169,6.8e-05,1,0.15430769469278877,False,
2025-12-08 19:55:00,10142704,7266817,3,4,17.409522009315097,0,0.2705,0.1938,4e-05,1,0.23359449297145563,False,
2025-12-08 20:00:00,10422985,7187130,2,0,17.610116336293867,0,0.2779,0.1917,1.1e-05,1,0.20679277892628356,False,
2025-12-08 20:05:00,9097515,7674349,5,4,16.771865629355013,0,0.2426,0.2046,5.4e-05,1,0.2031253302026904,False,
2025-12-08 20:10:00,8230939,7004967,1,2,15.23590696420337,0,0.2195,0.1868,2e-05,1,0.2568199019590643,False,
2025-12-08 20:15:00,8474915,5674223,4,5,14.149138729571735,0,0.226,0.1513,6.4e-05,1,0.2111684303119008,False,
2025-12-08 20:20:00,9767913,6101525,2,4,15.869439515003169,0,0.2605,0.1627,3.8e-05,1,0.26051949933458796,False,
2025-12-08 20:25:00,8830620,5976101,4,2,14.806721867201764,0,0.2355,0.1594,4.1e-05,1,0.2670841806071381,False,
2025-12-08 20:30:00,9011044,8567488,3,3,17.578533868759695,0,0.2403,0.2285,3.4e-05,1,0.18560106985566066,False,
2025-12-08 20:35:00,11182541,7382149,3,3,18.56469130463691,0,0.2982,0.1969,3.2e-05,1,0.21087847709902247,False,
2025-12-08 20:40:00,7672124,7648681,6,1,15.320805525988288,0,0.2046,0.204,4.6e-05,1,0.22783533902320935,False,
2025-12-08 20:45:00,9782901,5362676,5,4,15.14557796531656,0,0.2609,0.143,5.9e-05,1,0.21778414348518627,False,
2025-12-08 20:50:00,8653973,7056620,2,2,15.710594066313408,0,0.2308,0.1882,2.5e-05,1,0.26480785150413894,False,
2025-12-08 20:55:00,8208406,5270308,4,2,13.478715030578089,0,0.2189,0.1405,4.5e-05,1,0.2503148479802653,False,
2025-12-08 21:00:00,8657501,5652298,2,0,14.309799774500426,0,0.2309,0.1507,1.4e-05,1,0.23134448083186931,False,
2025-12-08 21:05:00,10844267,6782328,5,2,17.62659587081537,0,0.2892,0.1809,4e-05,1,0.2268867760344047,False,
2025-12-08 21:10:00,9124137,5826039,1,1,14.950176844264243,0,0.2433,0.1554,1.3e-05,1,0.24150149477596122,False,
2025-12-08 21:15:00,6900530,6933598,2,0,13.834129084156132,0,0.184,0.1849,1.4e-05,1,0.2020778553847405,False,
2025-12-08 21:20:00,5616157,6489317,2,2,12.105474377570614,0,0.1498,0.173,3.3e-05,1,0.1839762095465589,False,
2025-12-08 21:25:00,8503825,8189272,4,5,16.693097623531425,0,0.2268,0.2184,5.4e-05,1,0.17401069570100114,False,
2025-12-08 21:30:00,10534722,6539266,1,1,17.073988856218016,0,0.2809,0.1744,1.2e-05,1,0.21503132027774868,False,
2025-12-08 21:35:00,7543426,5557256,0,2,13.100683293459484,0,0.2012,0.1482,1.5e-05,1,0.22289723978550235,False,
2025-12-08 21:40:00,9480055,4219972,3,2,13.700027850581408,0,0.2528,0.1125,3.6e-05,1,0.23256484527903493,False,
2025-12-08 21:45:00,9939717,6579435,3,3,16.51915250556463,0,0.2651,0.1755,3.6e-05,1,0.26197531053426565,False,
2025-12-08 21:50:00,7013018,4550693,3,2,11.56371193131756,0,0.187,0.1214,4.3e-05,1,0.2004204095274993,False,
2025-12-08 21:55:00,10262334,4004299,3,3,14.266633896323352,0,0.2737,0.1068,4.2e-05,1,0.21113609649292076,False,
2025-12-08 22:00:00,10422140,5665523,4,0,16.087664583542256,0,0.2779,0.1511,2.5e-05,1,0.25866017497953103,False,
2025-12-08 22:05:00,9438933,6915662,1,3,16.35459533431498,0,0.2517,0.1844,2.4e-05,1,0.26578013126047184,False,
2025-12-08 22:10:00,8895874,6743002,7,3,15.638877056906356,0,0.2372,0.1798,6.4e-05,1,0.21506547395151365,False,
2025-12-08 22:15:00,11282777,8197848,2,0,19.480625928975996,0,0.3009,0.2186,1e-05,1,0.10131631096723637,False,
2025-12-08 22:20:00,8241564,7764928,2,6,16.00649301375102,0,0.2198,0.2071,5e-05,1,0.22262316859025194,False,
2025-12-08 22:25:00,7129155,6277974,4,4,13.40712954731162,0,0.1901,0.1674,6e-05,1,0.20230724091793711,False,
2025-12-08 22:30:00,8569532,7572116,3,2,16.14164876648211,0,0.2285,0.2019,3.1e-05,1,0.25333797563258764,False,
2025-12-08 22:35:00,9123291,7364797,0,2,16.48808894107094,0,0.2433,0.1964,1.2e-05,1,0.22843318976924482,False,
2025-12-08 22:40:00,10592789,7460759,3,3,18.053549389587065,0,0.2825,0.199,3.3e-05,1,0.2274928673026249,False,
2025-12-08 22:45:00,8594007,7129294,3,0,15.723302405387487,0,0.2292,0.1901,1.9e-05,1,0.25198153490853165,False,
2025-12-08 22:50:00,10890171,5474371,2,2,16.36454356769548,0,0.2904,0.146,2.4e-05,1,0.2494061651509734,False,
2025-12-08 22:55:00,7280284,6247406,3,0,13.527691377527848,0,0.1941,0.1666,2.2e-05,1,0.23608092630222355,False,
2025-12-08 23:00:00,9749302,5762967,1,0,15.512269853788274,0,0.26,0.1537,6e-06,1,0.2086747482993785,False,
2025-12-08 23:05:00,9717817,4520443,2,1,14.238260213788772,0,0.2591,0.1205,2.1e-05,1,0.23080422718197857,False,
2025-12-08 23:10:00,9924890,5411965,7,1,15.33685646465757,0,0.2647,0.1443,5.2e-05,1,0.2427508684397761,False,
2025-12-08 23:15:00,9135582,5017341,4,4,14.152923734366052,0,0.2436,0.1338,5.7e-05,1,0.227495367757085,False,
2025-12-08 23:20:00,8896418,6808744,7,5,15.705163444347154,0,0.2372,0.1816,7.6e-05,1,0.14434349577098127,False,
2025-12-08 23:25:00,9075597,7647524,3,1,16.723122289365193,0,0.242,0.2039,2.4e-05,1,0.2508301325598073,False,
2025-12-08 23:30:00,7676199,7651752,2,6,15.327951993900667,0,0.2047,0.204,5.2e-05,1,0.22311651593678455,False,
2025-12-08 23:35:00,10477586,7066155,1,1,17.54374257614825,0,0.2794,0.1884,1.1e-05,1,0.20981495684484763,False,
2025-12-08 23:40:00,7766962,6710916,3,1,14.477878980333864,0,0.2071,0.179,2.8e-05,1,0.26245771440866705,False,
2025-12-08 23:45:00,5776960,5666253,2,2,11.443213894875976,0,0.1541,0.1511,3.5e-05,1,0.1855607745777773,False,
2025-12-08 23:50:00,8978561,6466808,6,3,15.445370193639086,0,0.2394,0.1724,5.8e-05,1,0.23060746346972,False,
2025-12-08 23:55:00,9086965,7271356,4,4,16.3583216454329,0,0.2423,0.1939,4.9e-05,1,0.23790457337877413,False,
2025-12-09 00:00:00,9052476,7361046,1,4,16.41352292602742,0,0.2414,0.1963,3e-05,1,0.260651919263034,False,
2025-12-09 00:05:00,8225805,6304698,5,2,14.53050383790147,0,0.2194,0.1681,4.8e-05,1,0.2482470344573557,False,
2025-12-09 00:10:00,9879641,7197075,1,1,17.076717601843328,0,0.2635,0.1919,1.2e-05,1,0.22487681604578363,False,
2025-12-09 00:15:00,9247081,6672738,0,1,15.919820285257044,0,0.2466,0.1779,6e-06,1,0.217978313199082,False,
2025-12-09 00:20:00,8802325,6424651,3,2,15.22697738413132,0,0.2347,0.1713,3.3e-05,1,0.2712822257083423,False,
2025-12-09 00:25:00,8839500,5295192,1,5,14.134693410307037,0,0.2357,0.1412,4.2e-05,1,0.26061764741181215,False,
2025-12-09 00:30:00,6130611,7069967,3,3,13.200578538146374,0,0.1635,0.1885,4.5e-05,1,0.19620031179926556,False,
2025-12-09 00:35:00,10561876,7120277,2,3,17.682154157111267,0,0.2817,0.1899,2.8e-05,1,0.24275300232339603,False,
2025-12-09 00:40:00,6808888,6508626,2,2,13.317514200626515,0,0.1816,0.1736,3e-05,1,0.23798586911444425,False,
2025-12-09 00:45:00,7975758,6337960,2,0,14.31371924115567,0,0.2127,0.169,1.4e-05,1,0.233096600355026,False,
2025-12-09 00:50:00,9436263,6264678,4,0,15.700942061245884,0,0.2516,0.1671,2.5e-05,1,0.2684116051907353,False,
2025-12-09 00:55:00,11111088,6230505,3,0,17.341593892335982,0,0.2963,0.1661,1.7e-05,1,0.21726880495700035,False,
2025-12-09 01:00:00,8359410,3370245,4,4,11.72965567489315,0,0.2229,0.0899,6.8e-05,1,0.11109735935883513,False,
2025-12-09 01:05:00,7529916,4303891,4,1,11.833807531433871,0,0.2008,0.1148,4.2e-05,1,0.2048529137399398,False,
2025-12-09 01:10:00,8238507,7149334,2,3,15.387841905272287,0,0.2197,0.1906,3.2e-05,1,0.26192355017004454,False,
2025-12-09 01:15:00,10516230,6653916,3,3,17.170146355830802,0,0.2804,0.1774,3.5e-05,1,0.24758904669206583,False,
2025-12-09 01:20:00,8358859,5134133,3,2,13.49299268277018,0,0.2229,0.1369,3.7e-05,1,0.25430943104328174,False,
2025-12-09 01:25:00,9495430,6899543,0,3,16.39497401864749,0,0.2532,0.184,1.8e-05,1,0.2561618522802622,False,
2025-12-09 01:30:00,8917325,7445003,0,2,16.362328750483545,0,0.2378,0.1985,1.2e-05,1,0.22658987796048546,False,
2025-12-09 01:35:00,9827645,4466861,1,1,14.294507243237843,0,0.2621,0.1191,1.4e-05,1,0.19736773236546568,False,
2025-12-09 01:40:00,8534474,5614896,4,2,14.149371008038283,0,0.2276,0.1497,4.2e-05,1,0.2588718618109627,False,
2025-12-09 01:45:00,10554134,6087503,2,3,16.64163839324288,0,0.2814,0.1623,3e-05,1,0.2603619231360217,False,
2025-12-09 01:50:00,7795859,5850104,2,2,13.645964499381114,0,0.2079,0.156,2.9e-05,1,0.26139518540388307,False,
2025-12-09 01:55:00,7008291,6261724,6,0,13.270015718734616,0,0.1869,0.167,4.5e-05,1,0.23862477791340198,False,
2025-12-09 02:00:00,10334321,7518127,6,1,17.852448775241548,0,0.2756,0.2005,3.9e-05,1,0.2189140367964859,False,
2025-12-09 02:05:00,10945440,6574378,2,3,17.519819624284228,0,0.2919,0.1753,2.9e-05,1,0.23902110318362246,False,
2025-12-09 02:10:00,8215666,6201063,2,2,14.41673012260945,0,0.2191,0.1654,2.8e-05,1,0.2676541430333088,False,
2025-12-09 02:15:00,10649101,6882890,2,2,17.531991866671255,0,0.284,0.1835,2.3e-05,1,0.23589604220230842,False,
2025-12-09 02:20:00,12237627,7237027,4,1,19.47465568053044,0,0.3263,0.193,2.6e-05,1,0.13826178920945242,False,
2025-12-09 02:25:00,8045634,6588090,2,1,14.633725331248982,0,0.2146,0.1757,2.1e-05,1,0.2598816626939983,False,
2025-12-09 02:30:00,7373233,4522621,2,1,11.895854211145084,0,0.1966,0.1206,2.5e-05,1,0.19749153305930217,False,
2025-12-09 02:35:00,7954753,4446435,4,3,12.401188279498182,0,0.2121,0.1186,5.6e-05,1,0.2003695010335026,False,
2025-12-09 02:40:00,10016149,5507501,1,3,15.523651466065903,0,0.2671,0.1469,2.6e-05,1,0.261572417145887,False,
2025-12-09 02:45:00,9330894,6348165,1,5,15.679060494027258,0,0.2488,0.1693,3.8e-05,1,0.26698752494504285,False,
2025-12-09 02:50:00,7800968,6258526,1,0,14.059495409999966,0,0.208,0.1669,7e-06,1,0.19836644631881234,False,
2025-12-09 02:55:00,5025609,4691247,0,2,9.716857594771378,0,0.134,0.1251,2.1e-05,1,0.06741274912539763,False,
2025-12-09 03:00:00,8807210,5827029,6,2,14.6342401139437,0,0.2349,0.1554,5.5e-05,1,0.24316262453756338,False,
2025-12-09 03:05:00,9391590,5934538,3,2,15.32612905310476,0,0.2504,0.1583,3.3e-05,1,0.2697215817239565,False,
2025-12-09 03:10:00,7116623,6736277,2,2,13.852900841083049,0,0.1898,0.1796,2.9e-05,1,0.2473698690890686,False,
2025-12-09 03:15:00,6495352,8876656,7,1,15.37200976031769,0,0.1732,0.2367,5.2e-05,1,0.13754854425845475,False,
2025-12-09 03:20:00,9382950,5010987,3,1,14.393937698350213,0,0.2502,0.1336,2.8e-05,1,0.2580334343150583,False,
2025-12-09 03:25:00,10760903,4587225,5,0,15.348129298984162,0,0.287,0.1223,3.3e-05,1,0.23623193189916625,False,
2025-12-09 03:30:00,10053668,5882082,1,2,15.935750929574342,0,0.2681,0.1569,1.9e-05,1,0.2501702494887469,False,
2025-12-09 03:35:00,8365445,6703630,3,1,15.069076161685132,0,0.2231,0.1788,2.7e-05,1,0.26869148789072705,False,
2025-12-09 03:40:00,9212081,6719561,1,1,15.931643003778303,0,0.2457,0.1792,1.3e-05,1,0.24335604203740874,False,
2025-12-09 03:45:00,6999824,4964630,2,2,11.964454853825153,0,0.1867,0.1324,3.3e-05,1,0.2196628426241018,False,
2025-12-09 03:50:00,10501768,3967669,1,1,14.469437772996072,0,0.28,0.1058,1.4e-05,1,0.17945922912107554,False,
2025-12-09 03:55:00,8872716,7940182,1,1,16.812899567371215,0,0.2366,0.2117,1.2e-05,1,0.2057749385161678,False,
2025-12-09 04:00:00,7671148,4566064,1,2,12.237213239541203,0,0.2046,0.1218,2.5e-05,1,0.21563770851136105,False,
2025-12-09 04:05:00,9721936,7416185,2,1,17.13812267603151,0,0.2593,0.1978,1.8e-05,1,0.23941252587447726,False,
2025-12-09 04:10:00,10529289,5668008,5,1,16.19729816906101,0,0.2808,0.1511,3.7e-05,1,0.2568859878528571,False,
2025-12-09 04:15:00,9336637,5087950,0,1,14.424587900219208,0,0.249,0.1357,7e-06,1,0.1972830007755283,False,
2025-12-09 04:20:00,7999164,7216336,1,1,15.215500518703951,0,0.2133,0.1924,1.3e-05,1,0.22840984318771373,False,
2025-12-09 04:25:00,12300115,6044937,2,2,18.345052906196287,0,0.328,0.1612,2.2e-05,1,0.1709872866505029,False,
2025-12-09 04:30:00,9427604,4525798,2,3,13.953403035453103,0,0.2514,0.1207,3.6e-05,1,0.24121918079008126,False,
2025-12-09 04:35:00,8128618,5857029,2,1,13.985647624985631,0,0.2168,0.1562,2.1e-05,1,0.26236057225823567,False,
2025-12-09 04:40:00,9466381,3386888,0,1,12.853269948567544,0,0.2524,0.0903,8e-06,1,0.1278678301385665,False,
2025-12-09 04:45:00,8230021,6512188,6,1,14.742210771714904,0,0.2195,0.1737,4.7e-05,1,0.25536955225963104,False,
2025-12-09 04:50:00,6643046,7139601,3,5,13.782648657891505,0,0.1771,0.1904,5.8e-05,1,0.1886100658986733,False,
2025-12-09 04:55:00,7165306,5277843,4,1,12.443149852674024,0,0.1911,0.1407,4e-05,1,0.2372827490863807,False,
2025-12-09 05:00:00,10110519,5278166,3,8,15.38868615390345,0,0.2696,0.1408,7.1e-05,1,0.1713258109980531,False,
2025-12-09 05:05:00,6799257,7290262,2,2,14.089520115909384,0,0.1813,0.1944,2.8e-05,1,0.23318909052282527,False,
2025-12-09 05:10:00,9193948,6664212,6,2,15.858160455203803,0,0.2452,0.1777,5e-05,1,0.246819961055041,False,
2025-12-09 05:15:00,9377775,3975854,4,3,13.353630373380248,0,0.2501,0.106,5.2e-05,1,0.2103016918458986,False,
2025-12-09 05:20:00,9208582,5910159,8,3,15.118741768732464,0,0.2456,0.1576,7.3e-05,1,0.16925751431417235,False,
2025-12-09 05:25:00,12328236,5713448,3,4,18.04168448580924,0,0.3288,0.1524,3.9e-05,1,0.17225670443902513,False,
2025-12-09 05:30:00,9561319,6243916,5,2,15.805236074768803,0,0.255,0.1665,4.4e-05,1,0.24495456421500034,False,
2025-12-09 05:35:00,8273545,4274586,2,5,12.548131446532413,0,0.2206,0.114,5.6e-05,1,0.20105508937902217,False,
2025-12-09 05:40:00,10928255,3615709,1,0,14.543964662177034,0,0.2914,0.0964,7e-06,1,0.1390891607004433,False,
2025-12-09 05:45:00,8746021,7464697,3,0,16.210719644874803,0,0.2332,0.1991,1.9e-05,1,0.24902256132753647,False,
2025-12-09 05:50:00,8969057,6725061,3,1,15.694118141185442,0,0.2392,0.1793,2.5e-05,1,0.27131061399190654,False,
2025-12-09 05:55:00,9469579,7504461,1,2,16.974041000238525,0,0.2525,0.2001,1.8e-05,1,0.2356260260202312,False,
2025-12-09 06:00:00,8630268,5486129,3,0,14.116398664750804,0,0.2301,0.1463,2.1e-05,1,0.2554358297457248,False,
2025-12-09 06:05:00,7574762,5586715,5,0,13.161478586182136,0,0.202,0.149,3.8e-05,1,0.24934471642149125,False,
2025-12-09 06:10:00,7965197,7426720,3,1,15.391918686213646,0,0.2124,0.198,2.6e-05,1,0.255695658641955,False,
2025-12-09 06:15:00,9589563,4848911,2,1,14.43847547972846,0,0.2557,0.1293,2.1e-05,1,0.2459100779411526,False,
2025-12-09 06:20:00,7733640,5961265,6,3,13.694906502143004,0,0.2062,0.159,6.6e-05,1,0.20620131634242295,False,
2025-12-09 06:25:00,8608927,5449683,2,3,14.058610858290455,0,0.2296,0.1453,3.6e-05,1,0.26558237911409915,False,
2025-12-09 06:30:00,7517955,7895517,4,3,15.413472354187297,0,0.2005,0.2105,4.5e-05,1,0.21045110748955376,False,
2025-12-09 06:35:00,11502796,6128658,3,3,17.631454572703714,0,0.3067,0.1634,3.4e-05,1,0.2202135342852659,False,
2025-12-09 06:40:00,6236257,5131075,1,2,11.36733297953551,0,0.1663,0.1368,2.6e-05,1,0.18284440192507162,False,
2025-12-09 06:45:00,10013352,6265331,8,2,16.278683556565806,0,0.267,0.1671,6.1e-05,1,0.20030042853683233,False,
2025-12-09 06:50:00,8441373,4538688,3,2,12.980061775592212,0,0.2251,0.121,3.9e-05,1,0.2377353238820053,False,
2025-12-09 06:55:00,7752960,5165105,6,3,12.918066313982242,0,0.2067,0.1377,7e-05,1,0.17609396658394805,False,
2025-12-09 07:00:00,9160960,5092801,0,1,14.253762139287677,0,0.2443,0.1358,7e-06,1,0.19672146777110916,False,
2025-12-09 07:05:00,7366174,6779465,3,2,14.14563967721988,0,0.1964,0.1808,3.5e-05,1,0.25338439467489504,False,
2025-12-09 07:10:00,10463365,7041168,5,2,17.504534796024956,0,0.279,0.1878,4e-05,1,0.22816197512145187,False,
2025-12-09 07:15:00,8917779,5040110,10,1,13.957889512543336,0,0.2378,0.1344,7.9e-05,1,0.1425783857655003,False,
2025-12-09 07:20:00,7900958,6308147,5,1,14.209106844310346,0,0.2107,0.1682,4.2e-05,1,0.25476944192573786,False,
2025-12-09 07:25:00,7590373,6947116,1,2,14.53749047567374,0,0.2024,0.1853,2.1e-05,1,0.24702350393668515,False,
2025-12-09 07:30:00,7753763,4265496,3,0,12.019259269660086,0,0.2068,0.1137,2.5e-05,1,0.20857951184128964,False,
2025-12-09 07:35:00,7216080,5990083,2,0,13.206164095609145,0,0.1924,0.1597,1.5e-05,1,0.2110674875065442,False,
2025-12-09 07:40:00,8887349,5633212,3,1,14.520562580192117,0,0.237,0.1502,2.8e-05,1,0.270488637887015,False,
2025-12-09 07:45:00,9261153,3940881,1,1,13.2020353960386,0,0.247,0.1051,1.5e-05,1,0.18434643840789955,False,
2025-12-09 07:50:00,7379569,6550043,3,2,13.929612627943415,0,0.1968,0.1747,3.6e-05,1,0.2528950915590712,False,
2025-12-09 07:55:00,7388981,7059225,5,3,14.448207679508876,0,0.197,0.1882,5.5e-05,1,0.21992521841480583,False,
2025-12-09 08:00:00,8607442,6514012,2,1,15.12145453434287,0,0.2295,0.1737,2e-05,1,0.26122682695620375,False,
2025-12-09 08:05:00,7967776,6141335,5,3,14.10911116733794,0,0.2125,0.1638,5.7e-05,1,0.23816900553458448,False,
2025-12-09 08:10:00,7023426,3630934,3,3,10.654360885097764,0,0.1873,0.0968,5.6e-05,1,0.11380317797627904,False,
2025-12-09 08:15:00,11236318,4575747,1,2,15.81206671951171,0,0.2996,0.122,1.9e-05,1,0.20986639688336556,False,
2025-12-09 08:20:00,10157495,5618595,5,2,15.776090723697983,0,0.2709,0.1498,4.4e-05,1,0.2458652764993831,False,
2025-12-09 08:25:00,6448845,6976633,4,1,13.425478451516565,0,0.172,0.186,3.7e-05,1,0.21830839236328248,False,
2025-12-09 08:30:00,10363637,4204426,2,2,14.568063768366075,0,0.2764,0.1121,2.7e-05,1,0.22666465788772167,False,
2025-12-09 08:35:00,9205904,7621915,3,3,16.827819752192486,0,0.2455,0.2033,3.6e-05,1,0.24510130814806547,False,
2025-12-09 08:40:00,7011391,4215150,3,0,11.226542101569017,0,0.187,0.1124,2.7e-05,1,0.18085238137617732,False,
2025-12-09 08:45:00,9824619,5283087,1,4,15.10770711698629,0,0.262,0.1409,3.3e-05,1,0.2636827296983618,False,
2025-12-09 08:50:00,6292906,6745902,4,2,13.03880824000347,0,0.1678,0.1799,4.6e-05,1,0.20371815973253732,False,
2025-12-09 08:55:00,6582367,4640720,4,1,11.22308791634649,0,0.1755,0.1238,4.5e-05,1,0.17754017733057237,False,
2025-12-09 09:00:00,9987615,6975315,6,2,16.962930792967512,0,0.2663,0.186,4.7e-05,1,0.22278619479304318,False,
2025-12-09 09:05:00,7766423,8999511,4,5,16.765934728595948,0,0.2071,0.24,5.4e-05,1,0.1296879808542607,False,
2025-12-09 09:10:00,9393100,4768600,3,3,14.161701595941556,0,0.2505,0.1272,4.2e-05,1,0.2447286307216885,False,
2025-12-09 09:15:00,8016755,5981687,5,1,13.998443139357176,0,0.2138,0.1595,4.3e-05,1,0.25767865838256115,False,
2025-12-09 09:20:00,7749169,5326537,1,0,13.075706967329076,0,0.2066,0.142,8e-06,1,0.1759257223457995,False,
2025-12-09 09:25:00,9574647,7483489,4,1,17.05813733499979,0,0.2553,0.1996,2.9e-05,1,0.2436143273456285,False,
2025-12-09 09:30:00,8857637,5533617,2,3,14.391255382234766,0,0.2362,0.1476,3.5e-05,1,0.2686621073606502,False,
2025-12-09 09:35:00,8442772,7743350,1,4,16.186123148714604,0,0.2251,0.2065,3.1e-05,1,0.24949690682535053,False,
2025-12-09 09:40:00,8826836,6029651,2,3,14.856487018769585,0,0.2354,0.1608,3.4e-05,1,0.27497330276239446,False,
2025-12-09 09:45:00,11709472,6567297,3,4,18.27677073969428,0,0.3123,0.1751,3.8e-05,1,0.1882706859757416,False,
2025-12-09 09:50:00,9919044,5821507,5,4,15.7405526375049,0,0.2645,0.1552,5.7e-05,1,0.2189675040782431,False,
2025-12-09 09:55:00,10827209,5221962,3,2,16.049172106870223,0,0.2887,0.1393,3.1e-05,1,0.24596629494672223,False,
2025-12-09 10:00:00,8683947,5782640,1,1,14.46658874759605,0,0.2316,0.1542,1.4e-05,1,0.2355351568814808,False,
2025-12-09 10:05:00,10942914,6422418,0,1,17.36533307217507,0,0.2918,0.1713,6e-06,1,0.18251666735974298,False,
2025-12-09 10:10:00,9411953,5681607,5,1,15.093560430393438,0,0.251,0.1515,4e-05,1,0.26971357828624065,False,
2025-12-09 10:15:00,8949957,1494905,2,3,10.444863076282257,0,0.2387,0.0399,4.8e-05,1,0.09804902155978301,False,
2025-12-09 10:20:00,10965491,6442747,4,1,17.408239678597266,0,0.2924,0.1718,2.9e-05,1,0.2397528003674796,False,
2025-12-09 10:25:00,7242383,7323600,0,2,14.56598469452595,0,0.1931,0.1953,1.4e-05,1,0.20682769804928663,False,
2025-12-09 10:30:00,9745281,3868749,1,1,13.614031429880756,0,0.2599,0.1032,1.5e-05,1,0.17330815494327934,False,
2025-12-09 10:35:00,8536220,5997051,4,2,14.53327270535377,0,0.2276,0.1599,4.1e-05,1,0.2630201046617671,False,
2025-12-09 10:40:00,10165780,6823977,4,3,16.989757705156972,0,0.2711,0.182,4.1e-05,1,0.23515176403810284,False,
2025-12-09 10:45:00,8042423,4237176,2,2,12.27959965705888,0,0.2145,0.113,3.3e-05,1,0.22077496936065377,False,
2025-12-09 10:50:00,7044368,6566374,7,1,13.610743536689029,0,0.1878,0.1751,5.9e-05,1,0.2067770070130025,False,
2025-12-09 10:55:00,7403656,4212141,2,0,11.615798642073658,0,0.1974,0.1123,1.7e-05,1,0.16723577011769797,False,
2025-12-09 11:00:00,7221215,7006094,2,5,14.227309185088416,0,0.1926,0.1868,4.9e-05,1,0.22513311911202283,False,
2025-12-09 11:05:00,6489792,8291407,6,1,14.781200823429376,0,0.1731,0.2211,4.7e-05,1,0.16412846475943021,False,
2025-12-09 11:10:00,7365925,5935064,2,1,13.300989947743105,0,0.1964,0.1583,2.3e-05,1,0.2403700862325343,False,
2025-12-09 11:15:00,7449265,7614146,1,4,15.063411734183358,0,0.1986,0.203,3.3e-05,1,0.24719970595640828,False,
2025-12-09 11:20:00,8368253,6149449,4,1,14.517702499811556,0,0.2232,0.164,3.4e-05,1,0.26985291086794333,False,
2025-12-09 11:25:00,10899195,6989966,2,0,17.889161812423072,0,0.2906,0.1864,1.1e-05,1,0.20101507839525462,False,
2025-12-09 11:30:00,10230790,5766997,0,2,15.997787858018206,0,0.2728,0.1538,1.3e-05,1,0.22411183436847482,False,
2025-12-09 11:35:00,7835777,7263863,3,3,15.099641520042235,0,0.209,0.1937,4e-05,1,0.2579957460852079,False,
2025-12-09 11:40:00,8467796,4936184,0,3,13.403981442333656,0,0.2258,0.1316,2.2e-05,1,0.24623101569481287,False,
2025-12-09 11:45:00,7331805,5972842,2,2,13.30464749060362,0,0.1955,0.1593,3e-05,1,0.24916457539518932,False,
2025-12-09 11:50:00,12174237,7276847,1,3,19.451084625151356,0,0.3246,0.194,2.1e-05,1,0.13846832111919383,False,
2025-12-09 11:55:00,11070957,5256489,4,2,16.327447138384898,0,0.2952,0.1402,3.7e-05,1,0.23888690115835948,False,
2025-12-09 12:00:00,8947730,6644356,4,8,15.592086723489688,0,0.2386,0.1772,7.7e-05,1,0.1439526684733501,False,
2025-12-09 12:05:00,6951021,6159806,2,3,13.110827994558402,0,0.1854,0.1643,3.8e-05,1,0.24148763043292204,False,
2025-12-09 12:10:00,4286580,5914448,3,1,10.201028614194229,0,0.1143,0.1577,3.9e-05,1,0.09889148634865896,False,
2025-12-09 12:15:00,7527266,5384398,5,1,12.911664383818866,0,0.2007,0.1436,4.6e-05,1,0.24033076919872193,False,
2025-12-09 12:20:00,8283749,6928413,2,2,15.212162881254512,0,0.2209,0.1848,2.6e-05,1,0.2666285072880296,False,
2025-12-09 12:25:00,8302122,4695946,4,1,12.99806878247984,0,0.2214,0.1252,3.8e-05,1,0.2432693833088863,False,
2025-12-09 12:30:00,9482542,4332708,11,3,13.815250265739548,0,0.2529,0.1155,0.000101,1,0.07668597586982795,False,
2025-12-09 12:35:00,11387766,4457022,2,1,15.84478835681898,0,0.3037,0.1189,1.9e-05,1,0.19635091809185357,False,
2025-12-09 12:40:00,8168946,9148649,3,1,17.31759688547554,0,0.2178,0.244,2.3e-05,1,0.1513006256446433,False,
2025-12-09 12:45:00,8149137,5251505,5,2,13.400643650505655,0,0.2173,0.14,5.2e-05,1,0.24568006169283846,False,
2025-12-09 12:50:00,8562565,6086330,2,6,14.64889520188453,0,0.2283,0.1623,5.5e-05,1,0.23972317070907917,False,
2025-12-09 12:55:00,8816222,6305565,1,0,15.121788351120724,0,0.2351,0.1681,7e-06,1,0.2293124703853322,False,
2025-12-09 13:00:00,9712878,7479105,5,2,17.19198377734276,0,0.259,0.1994,4.1e-05,1,0.2386896098286989,False,
2025-12-09 13:05:00,10087005,5746000,2,2,15.83300665691244,0,0.269,0.1532,2.5e-05,1,0.2625007642647723,False,
2025-12-09 13:10:00,9538336,3930046,4,3,13.468382652713052,0,0.2544,0.1048,5.2e-05,1,0.19999722529583908,False,
2025-12-09 13:15:00,8019132,5896022,3,2,13.91515527039983,0,0.2138,0.1572,3.6e-05,1,0.2669264719197848,False,
2025-12-09 13:20:00,8583836,6857301,2,4,15.441137934004573,0,0.2289,0.1829,3.9e-05,1,0.26138092477934805,False,
2025-12-09 13:25:00,10971785,5908303,1,0,16.88008954222675,0,0.2926,0.1576,6e-06,1,0.18221357499050045,False,
2025-12-09 13:30:00,11544444,6038776,7,3,17.58322098419539,0,0.3079,0.161,5.7e-05,1,0.1623135964644472,False,
2025-12-09 13:35:00,6698586,5345935,5,1,12.0445228715716,0,0.1786,0.1426,5e-05,1,0.20745291601255977,False,
2025-12-09 13:40:00,8145326,5040223,5,2,13.185550613514918,0,0.2172,0.1344,5.3e-05,1,0.24105847160447713,False,
2025-12-09 13:45:00,9271222,5753841,2,2,15.025064046131751,0,0.2472,0.1534,2.7e-05,1,0.271956157894469,False,
2025-12-09 13:50:00,9547306,5298441,2,1,14.845748041724626,0,0.2546,0.1413,2e-05,1,0.24923559221666775,False,
2025-12-09 13:55:00,8968361,5372232,3,2,14.340593808549407,0,0.2392,0.1433,3.5e-05,1,0.2654983644017792,False,
2025-12-09 14:00:00,8453193,5217764,4,1,13.670958598781707,0,0.2254,0.1391,3.7e-05,1,0.25901165405056903,False,
2025-12-09 14:05:00,8389905,6436367,8,1,14.82627239359426,0,0.2237,0.1716,6.1e-05,1,0.2226310376258525,False,
2025-12-09 14:10:00,8525961,7422229,2,3,15.94819045569326,0,0.2274,0.1979,3.1e-05,1,0.2523278443646535,False,
2025-12-09 14:15:00,7867177,6373112,3,4,14.240290403236294,0,0.2098,0.1699,4.9e-05,1,0.246720287984809,False,
2025-12-09 14:20:00,7968606,7847000,4,3,15.81560661124873,0,0.2125,0.2093,4.4e-05,1,0.20815920455429404,False,
2025-12-09 14:25:00,8498161,5782692,1,4,14.280853799117304,0,0.2266,0.1542,3.5e-05,1,0.26785021635174583,False,
2025-12-09 14:30:00,9515678,5504161,1,1,15.019840588262865,0,0.2538,0.1468,1.3e-05,1,0.23205798013602613,False,
2025-12-09 14:35:00,7046557,8098274,1,2,15.14483155235961,0,0.1879,0.216,2e-05,1,0.19743507381771047,False,
2025-12-09 14:40:00,8745186,6692466,4,4,15.43765258201615,0,0.2332,0.1785,5.2e-05,1,0.24582268448506533,False,
2025-12-09 14:45:00,9753560,5174020,1,2,14.927581023071337,0,0.2601,0.138,2e-05,1,0.25219900655145994,False,
2025-12-09 14:50:00,7546040,6656188,1,1,14.202228596056491,0,0.2012,0.1775,1.4e-05,1,0.22514976888528182,False,
2025-12-09 14:55:00,9773259,4429250,2,0,14.202510619847985,0,0.2606,0.1181,1.4e-05,1,0.19112348795484524,False,
2025-12-09 15:00:00,10717114,4947833,4,5,15.66494798761306,0,0.2858,0.1319,5.7e-05,1,0.19923089982500775,False,
2025-12-09 15:05:00,10411391,7170556,3,3,17.5819476129549,0,0.2776,0.1912,3.4e-05,1,0.23672967349157897,False,
2025-12-09 15:10:00,6872851,6065018,6,2,12.937870311331285,0,0.1833,0.1617,6.2e-05,1,0.20800085424626974,False,
2025-12-09 15:15:00,10149307,6837242,7,2,16.986549076141465,0,0.2706,0.1823,5.3e-05,1,0.20534696184156664,False,
2025-12-09 15:20:00,10924225,6355315,3,1,17.279541262998674,0,0.2913,0.1695,2.3e-05,1,0.2385141231634959,False,
2025-12-09 15:25:00,8948065,4722965,2,1,13.671031152468936,0,0.2386,0.1259,2.2e-05,1,0.23926851873057597,False,
2025-12-09 15:30:00,9146213,5191365,1,2,14.337578909210416,0,0.2439,0.1384,2.1e-05,1,0.2519908520197232,False,
2025-12-09 15:35:00,9624745,8216662,4,1,17.841408297304948,0,0.2567,0.2191,2.8e-05,1,0.19834074535942287,False,
2025-12-09 15:40:00,9278701,7222600,1,5,16.501301929280356,0,0.2474,0.1926,3.6e-05,1,0.25914458406902385,False,
2025-12-09 15:45:00,6355581,6453544,3,2,12.809125630760349,0,0.1695,0.1721,3.9e-05,1,0.2241523271353757,False,
2025-12-09 15:50:00,10208349,6919625,3,2,17.127974949310843,0,0.2722,0.1845,2.9e-05,1,0.24877447992739815,False,
2025-12-09 15:55:00,9873005,7612074,1,4,17.485079333685142,0,0.2633,0.203,2.9e-05,1,0.2342043033426197,False,
2025-12-09 16:00:00,7781308,6066973,6,2,13.84828185845376,0,0.2075,0.1618,5.8e-05,1,0.232423388799188,False,
2025-12-09 16:05:00,8222643,6974298,5,4,15.196942183568332,0,0.2193,0.186,5.9e-05,1,0.2243583640212395,False,
2025-12-09 16:10:00,7947050,5759780,5,1,13.706830670859832,0,0.2119,0.1536,4.4e-05,1,0.2533754534271119,False,
2025-12-09 16:15:00,8226895,8862623,2,1,17.089519147982788,0,0.2194,0.2363,1.8e-05,1,0.1716094850566499,False,
2025-12-09 16:20:00,11691788,5972675,6,0,17.664464373817555,0,0.3118,0.1593,3.4e-05,1,0.21699394849124376,False,
2025-12-09 16:25:00,10080154,5997461,2,2,16.077615949142828,0,0.2688,0.1599,2.5e-05,1,0.2607476201335969,False,
2025-12-09 16:30:00,8871793,5869703,4,3,14.741496347845008,0,0.2366,0.1565,4.7e-05,1,0.25558768455774133,False,
2025-12-09 16:35:00,8566442,7833731,1,2,16.400174191380298,0,0.2284,0.2089,1.8e-05,1,0.23580793055023674,False,
2025-12-09 16:40:00,11579233,5125204,3,2,16.70443772642732,0,0.3088,0.1367,3e-05,1,0.22443923071201227,False,
2025-12-09 16:45:00,9648155,8964536,3,1,18.61269233713364,0,0.2573,0.2391,2.1e-05,1,0.14252166602337601,False,
2025-12-09 16:50:00,6517320,8327677,2,1,14.844997443835751,0,0.1738,0.2221,2e-05,1,0.17326792100353816,False,
2025-12-09 16:55:00,10530393,6049670,6,1,16.580064638285542,0,0.2808,0.1613,4.2e-05,1,0.23915350962401383,False,
2025-12-09 17:00:00,8537059,6980380,2,3,15.517440322586332,0,0.2277,0.1861,3.2e-05,1,0.26781623931982235,False,
2025-12-09 17:05:00,7255230,4292296,0,4,11.547527196900912,0,0.1935,0.1145,3.5e-05,1,0.19873329848362564,False,
2025-12-09 17:10:00,9032395,6839306,4,1,15.8717020488834,0,0.2409,0.1824,3.2e-05,1,0.2714744723610726,False,
2025-12-09 17:15:00,9550148,6879713,3,2,16.42986216330923,0,0.2547,0.1835,3e-05,1,0.2654639856773281,False,
2025-12-09 17:20:00,9840474,7016878,5,1,16.8573533946217,0,0.2624,0.1871,3.6e-05,1,0.2604079616589513,False,
2025-12-09 17:25:00,8593627,5193948,4,1,13.787576449831636,0,0.2292,0.1385,3.6e-05,1,0.2595428710235201,False,
2025-12-09 17:30:00,6750801,3887730,2,4,10.638531727895815,0,0.18,0.1037,5.6e-05,1,0.1175639663947523,False,
2025-12-09 17:35:00,6638349,5125358,2,1,11.76370820994131,0,0.177,0.1367,2.6e-05,1,0.20325507766769485,False,
2025-12-09 17:40:00,7380370,5410507,3,0,12.79087817111204,0,0.1968,0.1443,2.3e-05,1,0.2331806659032883,False,
2025-12-09 17:45:00,10535634,6066739,2,0,16.60237350958118,0,0.281,0.1618,1.2e-05,1,0.22436277037768892,False,
2025-12-09 17:50:00,8871836,5228179,3,3,14.100016176629316,0,0.2366,0.1394,4.3e-05,1,0.2571359476800996,False,
2025-12-09 17:55:00,6758542,6363969,3,1,13.12251198131182,0,0.1802,0.1697,3e-05,1,0.23080436406483018,False,
2025-12-09 18:00:00,9108094,6392987,4,4,15.501082464973033,0,0.2429,0.1705,5.2e-05,1,0.2507215116293651,False,
2025-12-09 18:05:00,9864427,5969106,2,1,15.833533169742886,0,0.2631,0.1592,1.9e-05,1,0.25330008871670273,False,
2025-12-09 18:10:00,10498288,3223920,4,4,13.722209382105996,0,0.28,0.086,5.8e-05,1,0.1362731286067359,False,
2025-12-09 18:15:00,6358608,7015662,4,2,13.37427191531207,0,0.1696,0.1871,4.5e-05,1,0.20277640734943503,False,
2025-12-09 18:20:00,7299776,4934385,3,2,12.2341612034018,0,0.1947,0.1316,4.1e-05,1,0.22766723339640127,False,
2025-12-09 18:25:00,8466297,3979204,4,5,12.445502828473408,0,0.2258,0.1061,7.2e-05,1,0.14154310504214995,False,
2025-12-09 18:30:00,7491798,6174664,3,1,13.66646280182475,0,0.1998,0.1647,2.9e-05,1,0.25496867666632544,False,
2025-12-09 18:35:00,8316097,4405645,6,2,12.72174270717493,0,0.2218,0.1175,6.3e-05,1,0.1931473966731539,False,
2025-12-09 18:40:00,9483573,6145867,5,0,15.629440436672716,0,0.2529,0.1639,3.2e-05,1,0.27195262521943964,False,
2025-12-09 18:45:00,8406213,6033274,4,3,14.439487808122331,0,0.2242,0.1609,4.8e-05,1,0.2529887489590452,False,
2025-12-09 18:50:00,9389774,4045233,5,2,13.435007932991978,0,0.2504,0.1079,5.2e-05,1,0.21486653104968734,False,
2025-12-09 18:55:00,9658627,4877789,3,5,14.536416169581583,0,0.2576,0.1301,5.5e-05,1,0.22161676737430608,False,
2025-12-09 19:00:00,10988586,3192297,2,3,14.180883804000713,0,0.293,0.0851,3.5e-05,1,0.18112208583277212,False,
2025-12-09 19:05:00,7080890,6568579,2,3,13.649470723913344,0,0.1888,0.1752,3.7e-05,1,0.2433420802370001,False,
2025-12-09 19:10:00,10145499,6351020,3,2,16.49651963488335,0,0.2705,0.1694,3e-05,1,0.26146105693629634,False,
2025-12-09 19:15:00,8352274,4695840,6,1,13.04811461912094,0,0.2227,0.1252,5.4e-05,1,0.22581995778185965,False,
2025-12-09 19:20:00,10396507,5565647,2,2,15.962155064551595,0,0.2772,0.1484,2.5e-05,1,0.2557402159679726,False,
2025-12-09 19:25:00,7676554,7053730,2,0,14.730284721611731,0,0.2047,0.1881,1.4e-05,1,0.2250033903476768,False,
2025-12-09 19:30:00,8854557,4700638,4,0,13.55519601551032,0,0.2361,0.1254,3e-05,1,0.24075297106826477,False,
2025-12-09 19:35:00,10476996,4036122,1,3,14.513118680780646,0,0.2794,0.1076,2.8e-05,1,0.21770861625250848,False,
2025-12-09 19:40:00,8233850,7262690,1,2,15.49654122887317,0,0.2196,0.1937,1.9e-05,1,0.2537615276788505,False,
2025-12-09 19:45:00,10010511,4382368,4,2,14.392880444683032,0,0.2669,0.1169,4.2e-05,1,0.22651244092604378,False,
2025-12-09 19:50:00,12544760,6187438,2,7,18.732198296971088,0,0.3345,0.165,4.8e-05,1,0.13100639457850105,False,
2025-12-09 19:55:00,8628145,4082981,1,5,12.71112666309014,0,0.2301,0.1089,4.7e-05,1,0.2248540775883619,False,
2025-12-09 20:00:00,5931535,7028637,2,1,12.960172927163766,0,0.1582,0.1874,2.3e-05,1,0.19314280182141613,False,
2025-12-09 20:05:00,5836744,5930864,3,3,11.767609535012175,0,0.1556,0.1582,5.1e-05,1,0.18263438777871832,False,
2025-12-09 20:10:00,8676307,4589368,1,4,13.265675634383342,0,0.2314,0.1224,3.8e-05,1,0.24220704486539468,False,
2025-12-09 20:15:00,8363355,6438019,5,0,14.801375217474568,0,0.223,0.1717,3.4e-05,1,0.2689763537706001,False,
2025-12-09 20:20:00,10670955,6001130,4,0,16.67208672333768,0,0.2846,0.16,2.4e-05,1,0.2558274366780406,False,
2025-12-09 20:25:00,6981181,4822751,6,1,11.803932650688912,0,0.1862,0.1286,5.9e-05,1,0.1815397991871449,False,
2025-12-09 20:30:00,10154997,5908707,6,1,16.06370545935131,0,0.2708,0.1576,4.4e-05,1,0.2376621624476699,False,
2025-12-09 20:35:00,9591620,5856514,2,4,15.448135817889217,0,0.2558,0.1562,3.9e-05,1,0.25762089714431496,False,
2025-12-09 20:40:00,9878813,7939324,3,3,17.8181381340475,0,0.2634,0.2117,3.4e-05,1,0.21380250983524918,False,
2025-12-09 20:45:00,9837264,5728379,0,2,15.565644043241436,0,0.2623,0.1528,1.3e-05,1,0.23451053377773878,False,
2025-12-09 20:50:00,9816030,5801201,4,3,15.617231967446376,0,0.2618,0.1547,4.5e-05,1,0.25065977528781774,False,
2025-12-09 20:55:00,7536311,6612220,3,3,14.148532143153778,0,0.201,0.1763,4.2e-05,1,0.24682650687375218,False,
2025-12-09 21:00:00,11555561,4512541,4,2,16.06810308851732,0,0.3081,0.1203,3.7e-05,1,0.20411938918974748,False,
2025-12-09 21:05:00,6074044,5503357,2,4,11.577402563945606,0,0.162,0.1468,5.2e-05,1,0.18692763809833401,False,
2025-12-09 21:10:00,9234083,1787198,2,3,11.021282072264306,0,0.2462,0.0477,4.5e-05,1,0.11437113563595103,False,
2025-12-09 21:15:00,8774542,4766808,5,1,13.54135068921351,0,0.234,0.1271,4.4e-05,1,0.24297047121565596,False,
2025-12-09 21:20:00,8798854,6859474,2,0,15.658329381149825,0,0.2346,0.1829,1.3e-05,1,0.2495290824631154,False,
2025-12-09 21:25:00,11917710,6070111,2,0,17.98782224212559,0,0.3178,0.1619,1.1e-05,1,0.15776929160369774,False,
2025-12-09 21:30:00,8413439,7144050,4,2,15.557490638442136,0,0.2244,0.1905,3.9e-05,1,0.2584367908336338,False,
2025-12-09 21:35:00,9000154,5889948,1,2,14.890102945452046,0,0.24,0.1571,2e-05,1,0.26465482227328935,False,
2025-12-09 21:40:00,9195746,7176212,2,1,16.371958518266684,0,0.2452,0.1914,1.8e-05,1,0.25182461933310885,False,
2025-12-09 21:45:00,6964584,5523972,4,5,12.488556589062773,0,0.1857,0.1473,7.2e-05,1,0.162265694720299,False,
2025-12-09 21:50:00,8459860,6658272,7,2,15.118132600960765,0,0.2256,0.1776,6e-05,1,0.22671964300369757,False,
2025-12-09 21:55:00,9083194,5375389,1,1,14.45858423899362,0,0.2422,0.1433,1.4e-05,1,0.23628893932840184,False,
2025-12-09 22:00:00,6904261,7773565,1,2,14.677826647252784,0,0.1841,0.2073,2e-05,1,0.2111108447021563,False,
2025-12-09 22:05:00,11140079,6083170,6,2,17.223249861150215,0,0.2971,0.1622,4.6e-05,1,0.21131744168697386,False,
2025-12-09 22:10:00,7544136,6702717,2,0,14.246854706898793,0,0.2012,0.1787,1.4e-05,1,0.22462352319570328,False,
2025-12-09 22:15:00,7773703,7507701,3,2,15.28140579122953,0,0.2073,0.2002,3.3e-05,1,0.25122810869461915,False,
2025-12-09 22:20:00,7467566,6239957,4,0,13.707524101598796,0,0.1991,0.1664,2.9e-05,1,0.2544811130790953,False,
2025-12-09 22:25:00,8461710,7554166,5,1,16.01587692909325,0,0.2256,0.2014,3.7e-05,1,0.24724770069597346,False,
2025-12-09 22:30:00,10535932,7622891,3,5,18.158824038032904,0,0.281,0.2033,4.4e-05,1,0.1977260091318081,False,
2025-12-09 22:35:00,7939466,6598573,2,3,14.538039995402102,0,0.2117,0.176,3.4e-05,1,0.26311085069105156,False,
2025-12-09 22:40:00,10839991,5292607,5,2,16.13259927123926,0,0.2891,0.1411,4.3e-05,1,0.23174049261313112,False,
2025-12-09 22:45:00,11253407,6436317,4,2,17.689724500484193,0,0.3001,0.1716,3.4e-05,1,0.22697172469004168,False,
2025-12-09 22:50:00,9361974,5037483,3,1,14.399458038815666,0,0.2497,0.1343,2.8e-05,1,0.2587413197894947,False,
2025-12-09 22:55:00,10495719,5325216,4,3,15.820936193023336,0,0.2799,0.142,4.4e-05,1,0.23643172814007962,False,
2025-12-09 23:00:00,8878799,5176427,4,0,14.055227163039604,0,0.2368,0.138,2.8e-05,1,0.25928599457656226,False,
2025-12-09 23:05:00,7538626,6267407,1,2,13.80603441972542,0,0.201,0.1671,2.2e-05,1,0.2455410744114484,False,
2025-12-09 23:10:00,9777573,8068879,5,1,17.84645354172206,0,0.2607,0.2152,3.4e-05,1,0.20636427240968658,False,
2025-12-09 23:15:00,8128142,7349250,5,1,15.477393024575658,0,0.2168,0.196,3.9e-05,1,0.25668841111321944,False,
2025-12-09 23:20:00,8520631,7347252,6,2,15.867884131939494,0,0.2272,0.1959,5e-05,1,0.23327648382017774,False,
2025-12-09 23:25:00,8483834,5991573,3,2,14.475407310696836,0,0.2262,0.1598,3.5e-05,1,0.2658523520230604,False,
2025-12-09 23:30:00,10700721,7014010,5,3,17.714731380317634,0,0.2854,0.187,4.5e-05,1,0.21648223601170707,False,
2025-12-09 23:35:00,11058969,7139599,0,4,18.19856924331374,0,0.2949,0.1904,2.2e-05,1,0.21376947451896122,False,
2025-12-09 23:40:00,12010794,6997989,3,0,19.00878350131769,0,0.3203,0.1866,1.6e-05,1,0.14525896496444957,False,
2025-12-09 23:45:00,7505147,4587514,1,4,12.092662059029204,0,0.2001,0.1223,4.1e-05,1,0.22268248366838322,False,
2025-12-09 23:50:00,10345592,7029827,3,5,17.37542030389598,0,0.2759,0.1875,4.6e-05,1,0.21485067052062995,False,
2025-12-09 23:55:00,7355652,5907153,3,2,13.262806375545502,0,0.1962,0.1575,3.8e-05,1,0.25294879139120535,False,
2025-12-10 00:00:00,8273700,5809757,3,3,14.083458715135006,0,0.2206,0.1549,4.3e-05,1,0.26028507535651446,False,
2025-12-10 00:05:00,8123550,6368737,5,2,14.492287950971033,0,0.2166,0.1698,4.8e-05,1,0.2517730613639264,False,
2025-12-10 00:10:00,7664910,6149268,4,0,13.814179706487032,0,0.2044,0.164,2.9e-05,1,0.2563818730951912,False,
2025-12-10 00:15:00,8874139,3671972,0,3,12.54611182574242,0,0.2366,0.0979,2.4e-05,1,0.19284229856911628,False,
2025-12-10 00:20:00,8989003,6574459,4,4,15.563462346051866,0,0.2397,0.1753,5.1e-05,1,0.2526643352507469,False,
2025-12-10 00:25:00,8937184,5811145,5,3,14.748330120720926,0,0.2383,0.155,5.4e-05,1,0.24491485803151836,False,
2025-12-10 00:30:00,9158134,6374563,0,3,15.532698654041296,0,0.2442,0.17,1.9e-05,1,0.2637635480697293,False,
2025-12-10 00:35:00,7990220,4824272,4,7,12.814493340613906,0,0.2131,0.1286,8.6e-05,1,0.10736054565580821,False,
2025-12-10 00:40:00,9617802,5324749,3,2,14.94255223102206,0,0.2565,0.142,3.3e-05,1,0.2635636274928709,False,
2025-12-10 00:45:00,9630582,6243818,3,1,15.87440076469471,0,0.2568,0.1665,2.5e-05,1,0.26444197720931156,False,
2025-12-10 00:50:00,9458525,4071944,1,0,13.530469966781194,0,0.2522,0.1086,7e-06,1,0.15534795987180505,False,
2025-12-10 00:55:00,11139391,7020227,3,2,18.15961902266458,0,0.2971,0.1872,2.8e-05,1,0.22299145002943732,False,
2025-12-10 01:00:00,10142092,3826204,7,1,13.9682964821276,0,0.2705,0.102,5.7e-05,1,0.17595954304852768,False,
2025-12-10 01:05:00,11016188,5632562,3,1,16.64875190450826,0,0.2938,0.1502,2.4e-05,1,0.24964422249150603,False,
2025-12-10 01:10:00,10512724,5723466,7,5,16.2361913155021,0,0.2803,0.1526,7.4e-05,1,0.14007778115509417,False,
2025-12-10 01:15:00,7246594,7007591,1,3,14.254185371552678,0,0.1932,0.1869,2.8e-05,1,0.2497395604603318,False,
2025-12-10 01:20:00,7354729,3473792,4,4,10.828521605590977,0,0.1961,0.0926,7.4e-05,1,0.0701053432129789,False,
2025-12-10 01:25:00,8368560,6055416,4,1,14.423977701789628,0,0.2232,0.1615,3.5e-05,1,0.26861330381857085,False,
2025-12-10 01:30:00,8785217,6266639,6,1,15.051856444705155,0,0.2343,0.1671,4.7e-05,1,0.2558436085230084,False,
2025-12-10 01:35:00,7062907,3370270,1,2,10.43317861711252,0,0.1883,0.0899,2.9e-05,1,0.10426531500537306,False,
2025-12-10 01:40:00,8201793,4962453,4,4,13.164247090183926,0,0.2187,0.1323,6.1e-05,1,0.21145098470113316,False,
2025-12-10 01:45:00,10799841,9284465,4,3,20.08430699326244,0,0.288,0.2476,3.5e-05,1,0.09369403870725757,False,
2025-12-10 01:50:00,8139013,6654763,2,5,14.793777373909233,0,0.217,0.1775,4.7e-05,1,0.25581741602206726,False,
2025-12-10 01:55:00,8697501,7191392,1,2,15.88889455917974,0,0.2319,0.1918,1.9e-05,1,0.2518823528073287,False,
2025-12-10 02:00:00,6980096,7157840,5,4,14.137937236452416,0,0.1861,0.1909,6.4e-05,1,0.18278581528268195,False,
2025-12-10 02:05:00,9765381,8165692,1,2,17.931074431575162,0,0.2604,0.2178,1.7e-05,1,0.1905216944472526,False,
2025-12-10 02:10:00,8585980,5815841,5,2,14.401822086847746,0,0.229,0.1551,4.9e-05,1,0.25149458236090066,False,
2025-12-10 02:15:00,9734918,6740383,2,2,16.475302180182574,0,0.2596,0.1797,2.4e-05,1,0.26677601564483133,False,
2025-12-10 02:20:00,7907073,5417902,4,1,13.324975860828278,0,0.2109,0.1445,3.8e-05,1,0.25141775894379004,False,
2025-12-10 02:25:00,9118463,5788292,2,3,14.906755440899053,0,0.2432,0.1544,3.4e-05,1,0.2714052362551241,False,
2025-12-10 02:30:00,8373971,5154034,1,2,13.528005893925432,0,0.2233,0.1374,2.2e-05,1,0.24892921780832244,False,
2025-12-10 02:35:00,9333999,7947299,2,6,17.281298687194205,0,0.2489,0.2119,4.6e-05,1,0.20126180319586545,False,
2025-12-10 02:40:00,9485870,5963843,2,0,15.449713871287369,0,0.253,0.159,1.3e-05,1,0.23722139899289862,False,
2025-12-10 02:45:00,8514400,6407651,4,2,14.922052430710476,0,0.2271,0.1709,4e-05,1,0.2647729466625263,False,
2025-12-10 02:50:00,11574272,5439379,4,3,17.01365135158287,0,0.3086,0.1451,4.1e-05,1,0.20474639523495658,False,
2025-12-10 02:55:00,8808066,6111453,4,2,14.919519862432288,0,0.2349,0.163,4e-05,1,0.2700748175664091,False,
2025-12-10 03:00:00,7932225,6957587,6,2,14.889812726885458,0,0.2115,0.1855,5.4e-05,1,0.2345625258953959,False,
2025-12-10 03:05:00,9697415,6375442,1,0,16.072858553220204,0,0.2586,0.17,6e-06,1,0.21002025018026027,False,
2025-12-10 03:10:00,7778037,5099162,4,1,12.877199666739536,0,0.2074,0.136,3.9e-05,1,0.2472149060609521,False,
2025-12-10 03:15:00,10337302,6471107,1,4,16.80840951570225,0,0.2757,0.1726,3e-05,1,0.25656223360288755,False,
2025-12-10 03:20:00,8575529,5770774,1,0,14.346303662788998,0,0.2287,0.1539,7e-06,1,0.20918818334145467,False,
2025-12-10 03:25:00,7831381,4879096,3,0,12.71047849262753,0,0.2088,0.1301,2.4e-05,1,0.23868006767009464,False,
2025-12-10 03:30:00,9140326,4263246,6,2,13.403572963227123,0,0.2437,0.1137,6e-05,1,0.18922173596130015,False,
2025-12-10 03:35:00,10186574,7349005,4,0,17.5355797686404,0,0.2716,0.196,2.3e-05,1,0.23071168609849751,False,
2025-12-10 03:40:00,10052212,4763883,4,2,14.816095795275627,0,0.2681,0.127,4e-05,1,0.2518398538660695,False,
2025-12-10 03:45:00,9452947,6890867,3,3,16.343814976472913,0,0.2521,0.1838,3.7e-05,1,0.26344655019865004,False,
2025-12-10 03:50:00,11528828,5850445,2,0,17.379273978182063,0,0.3074,0.156,1.2e-05,1,0.1822248898625134,False,
2025-12-10 03:55:00,8677416,7933538,3,3,16.610954665732965,0,0.2314,0.2116,3.6e-05,1,0.22704259086792683,False,
2025-12-10 04:00:00,8634241,4424208,2,2,13.058449888854144,0,0.2302,0.118,3.1e-05,1,0.23140446781750795,False,
2025-12-10 04:05:00,11301024,6533807,3,2,17.834831449937344,0,0.3014,0.1742,2.8e-05,1,0.22632657501035564,False,
2025-12-10 04:10:00,8118213,5733465,6,0,13.851678765101084,0,0.2165,0.1529,4.3e-05,1,0.26197742869310453,False,
2025-12-10 04:15:00,10227610,5460246,1,5,15.687856261110667,0,0.2727,0.1456,3.8e-05,1,0.2577555369478624,False,
2025-12-10 04:20:00,10230909,7185712,5,1,17.416622281500086,0,0.2728,0.1916,3.4e-05,1,0.24173610418871722,False,
2025-12-10 04:25:00,7145105,5950611,3,8,13.095716840523966,0,0.1905,0.1587,8.4e-05,1,0.10637660864955156,False,
2025-12-10 04:30:00,9901306,7284587,1,2,17.18589373276551,0,0.264,0.1943,1.7e-05,1,0.23694391018531363,False,
2025-12-10 04:35:00,7756297,5702000,2,2,13.458298784610207,0,0.2068,0.1521,3e-05,1,0.2592356517864845,False,
2025-12-10 04:40:00,8934781,4863535,2,4,13.798317067428222,0,0.2383,0.1297,4.3e-05,1,0.24959481030388975,False,
2025-12-10 04:45:00,8287455,6049744,0,1,14.337200329288644,0,0.221,0.1613,7e-06,1,0.21259222639876973,False,
2025-12-10 04:50:00,7876121,6387680,2,0,14.26380123863335,0,0.21,0.1703,1.4e-05,1,0.22885151626179273,False,
2025-12-10 04:55:00,7887895,7121109,2,1,15.009004904313834,0,0.2103,0.1899,2e-05,1,0.2505600845680476,False,
2025-12-10 05:00:00,8114788,7132990,4,0,15.247779363695122,0,0.2164,0.1902,2.6e-05,1,0.2651593290129993,False,
2025-12-10 05:05:00,9394919,5611328,3,2,15.00624878902664,0,0.2505,0.1496,3.3e-05,1,0.273450160534082,False,
2025-12-10 05:10:00,8734988,4427185,5,1,13.16217401859242,0,0.2329,0.1181,4.6e-05,1,0.22773781160347883,False,
2025-12-10 05:15:00,8688402,5633218,2,1,14.321621091550671,0,0.2317,0.1502,2.1e-05,1,0.25613863065638864,False,
2025-12-10 05:20:00,11047913,7189367,1,4,18.237281383553373,0,0.2946,0.1917,2.7e-05,1,0.21496039947576034,False,
2025-12-10 05:25:00,8745597,5781206,1,2,14.526803953172465,0,0.2332,0.1542,2.1e-05,1,0.2585688113422612,False,
2025-12-10 05:30:00,6756883,7487689,4,1,14.24457330976662,0,0.1802,0.1997,3.5e-05,1,0.22436188991388628,False,
2025-12-10 05:35:00,10882485,6056126,1,1,16.93861196986896,0,0.2902,0.1615,1.2e-05,1,0.21474590998953258,False,
2025-12-10 05:40:00,8769886,5674890,1,1,14.444777147607576,0,0.2339,0.1513,1.4e-05,1,0.23484604305619677,False,
2025-12-10 05:45:00,7379506,6035151,2,5,13.414657838770433,0,0.1968,0.1609,5.2e-05,1,0.2363323889774725,False,
2025-12-10 05:50:00,7820826,4986787,4,2,12.807614146256537,0,0.2086,0.133,4.7e-05,1,0.24390938704084997,False,
2025-12-10 05:55:00,7918087,4407663,5,1,12.325751616090388,0,0.2111,0.1175,4.9e-05,1,0.21649048016870004,False,
2025-12-10 06:00:00,11196065,6556962,5,1,17.75302792707464,0,0.2986,0.1749,3.4e-05,1,0.22974362193315223,False,
2025-12-10 06:05:00,9855724,6457507,2,1,16.31323151617437,0,0.2628,0.1722,1.8e-05,1,0.2581679408328504,False,
2025-12-10 06:10:00,9753889,9320664,3,1,19.07455387807012,0,0.2601,0.2486,2.1e-05,1,0.11345340233775525,False,
2025-12-10 06:15:00,10143007,5284472,3,0,15.42747961686759,0,0.2705,0.1409,1.9e-05,1,0.24431905965450906,False,
2025-12-10 06:20:00,8018681,6472553,1,5,14.49123482563899,0,0.2138,0.1726,4.1e-05,1,0.2609258391123548,False,
2025-12-10 06:25:00,8739098,6955893,1,5,15.694991676276365,0,0.233,0.1855,3.8e-05,1,0.26371094579340953,False,
2025-12-10 06:30:00,6019255,7105746,3,2,13.125001850733865,0,0.1605,0.1895,3.8e-05,1,0.20355058615205102,False,
2025-12-10 06:35:00,8543763,4868958,2,2,13.412721234024891,0,0.2278,0.1298,3e-05,1,0.25271171388820896,False,
2025-12-10 06:40:00,7806643,7445211,0,1,15.251855616733051,0,0.2082,0.1985,7e-06,1,0.20220618596483392,False,
2025-12-10 06:45:00,9208165,2661467,2,0,11.869632955667596,0,0.2456,0.071,1.7e-05,1,0.11571889904875565,False,
2025-12-10 06:50:00,8317203,7116045,1,1,15.433249866509236,0,0.2218,0.1898,1.3e-05,1,0.24149135909686892,False,
2025-12-10 06:55:00,8340320,7414235,3,0,15.754555511782742,0,0.2224,0.1977,1.9e-05,1,0.2453064748725043,False,
2025-12-10 07:00:00,9320664,7094958,1,3,16.415623951293664,0,0.2486,0.1892,2.4e-05,1,0.2609350882360453,False,
2025-12-10 07:05:00,8024730,4924633,3,1,12.949364043403236,0,0.214,0.1313,3.1e-05,1,0.25065530684842713,False,
2025-12-10 07:10:00,6257876,6024019,5,4,12.28189661355496,0,0.1669,0.1606,7.3e-05,1,0.14300032068894875,False,
2025-12-10 07:15:00,11806600,4771600,4,2,16.578201811228563,0,0.3148,0.1272,3.6e-05,1,0.21090028654969656,False,
2025-12-10 07:20:00,8474935,7004143,8,0,15.479079617414785,0,0.226,0.1868,5.2e-05,1,0.24360305630072776,False,
2025-12-10 07:25:00,8585814,5722049,5,1,14.307864429906653,0,0.229,0.1526,4.2e-05,1,0.25889213145252066,False,
2025-12-10 07:30:00,7123860,8438207,4,0,15.56206725943349,0,0.19,0.225,2.6e-05,1,0.2001136594218681,False,
2025-12-10 07:35:00,8192239,3322493,0,2,11.514733700762362,0,0.2185,0.0886,1.7e-05,1,0.1419393165794871,False,
2025-12-10 07:40:00,9529285,6291627,2,2,15.820913270659831,0,0.2541,0.1678,2.5e-05,1,0.26342573840758754,False,
2025-12-10 07:45:00,10753019,8984550,2,3,19.73757053326265,0,0.2867,0.2396,2.5e-05,1,0.1205429510236341,False,
2025-12-10 07:50:00,9023798,5352113,4,2,14.375911939233852,0,0.2406,0.1427,4.2e-05,1,0.26073723328124837,False,
2025-12-10 07:55:00,10468891,6046895,2,2,16.515786798269303,0,0.2792,0.1613,2.4e-05,1,0.25753010361464207,False,
2025-12-10 08:00:00,8815677,6304380,2,6,15.12005780571354,0,0.2351,0.1681,5.3e-05,1,0.24998470642347975,False,
2025-12-10 08:05:00,9351337,6947638,1,2,16.298975307838372,0,0.2494,0.1853,1.8e-05,1,0.2611043563444105,False,
2025-12-10 08:10:00,7915087,6548141,3,0,14.463229099626124,0,0.2111,0.1746,2.1e-05,1,0.25468247014129847,False,
2025-12-10 08:15:00,6358083,6862409,0,1,13.22049306530613,0,0.1695,0.183,8e-06,1,0.15151737646239494,False,
2025-12-10 08:20:00,8640211,6508346,5,0,15.148558011649376,0,0.2304,0.1736,3.3e-05,1,0.26826459829977545,False,
2025-12-10 08:25:00,7827348,5662958,1,3,13.490307213260976,0,0.2087,0.151,3e-05,1,0.2611494249660932,False,
2025-12-10 08:30:00,8675580,6851967,3,1,15.527547393138978,0,0.2313,0.1827,2.6e-05,1,0.2698699715562564,False,
2025-12-10 08:35:00,6825241,6985986,4,2,13.81122829456635,0,0.182,0.1863,4.3e-05,1,0.22228224115371847,False,
2025-12-10 08:40:00,9298207,3885412,1,3,13.183619807684602,0,0.248,0.1036,3e-05,1,0.21768843100403468,False,
2025-12-10 08:45:00,10416181,7468870,3,3,17.885052809349258,0,0.2778,0.1992,3.4e-05,1,0.23237731236770037,False,
2025-12-10 08:50:00,9302465,5469358,2,0,14.771823584819236,0,0.2481,0.1458,1.4e-05,1,0.23329549274186828,False,
2025-12-10 08:55:00,8576256,6257479,3,3,14.833736059338252,0,0.2287,0.1669,4e-05,1,0.26565313535717483,False,
2025-12-10 09:00:00,9782933,7347413,3,2,17.130346805682507,0,0.2609,0.1959,2.9e-05,1,0.250147430569361,False,
2025-12-10 09:05:00,10985009,3929817,3,5,14.914827623559368,0,0.2929,0.1048,5.4e-05,1,0.1785112879242896,False,
2025-12-10 09:10:00,10009690,5245404,0,3,15.255095313962544,0,0.2669,0.1399,2e-05,1,0.24946439438335272,False,
2025-12-10 09:15:00,9852997,8019603,7,2,17.87260112134285,0,0.2627,0.2139,5e-05,1,0.17877583712552586,False,
2025-12-10 09:20:00,9574022,6383861,1,2,15.957883730771776,0,0.2553,0.1702,1.9e-05,1,0.25528740329194327,False,
2025-12-10 09:25:00,10524759,4869568,4,1,15.394327392997823,0,0.2807,0.1299,3.2e-05,1,0.24959295960168304,False,
2025-12-10 09:30:00,9302100,6495322,4,2,15.797423208904489,0,0.2481,0.1732,3.8e-05,1,0.26433069196298586,False,
2025-12-10 09:35:00,9396903,6607031,2,2,16.003934355921825,0,0.2506,0.1762,2.5e-05,1,0.2699872743130515,False,
2025-12-10 09:40:00,5570357,3879437,5,1,9.449795016423154,0,0.1485,0.1035,6.3e-05,1,0.04279492335114288,False,
2025-12-10 09:45:00,9358752,4785225,2,1,14.143978223821293,0,0.2496,0.1276,2.1e-05,1,0.2440293884142551,False,
2025-12-10 09:50:00,6692082,8210216,2,2,14.902299067111924,0,0.1785,0.2189,2.7e-05,1,0.19152852787263397,False,
2025-12-10 09:55:00,9214308,6772214,3,3,15.986522751317068,0,0.2457,0.1806,3.8e-05,1,0.2648798613099177,False,
2025-12-10 10:00:00,10051158,6724334,7,0,16.775492932699475,0,0.268,0.1793,4.2e-05,1,0.2432762741721573,False,
2025-12-10 10:05:00,9391296,2452129,4,2,11.843426042848373,0,0.2504,0.0654,5.1e-05,1,0.14196563148802932,False,
2025-12-10 10:10:00,9022098,3871751,2,1,12.89384984364058,0,0.2406,0.1032,2.3e-05,1,0.2154828980436626,False,
2025-12-10 10:15:00,7307613,5274376,2,1,12.581990215766748,0,0.1949,0.1407,2.4e-05,1,0.22671583327327033,False,
2025-12-10 10:20:00,8127834,5523537,0,0,13.651371890752491,0,0.2167,0.1473,0.0,1,0.1475140113258281,False,
2025-12-10 10:25:00,7430702,6462862,2,1,13.893565169054195,0,0.1982,0.1723,2.2e-05,1,0.24278606244841439,False,
2025-12-10 10:30:00,7977261,6007042,2,3,13.984304086557984,0,0.2127,0.1602,3.6e-05,1,0.26358647424346243,False,
2025-12-10 10:35:00,8016112,6741876,2,2,14.757988289970294,0,0.2138,0.1798,2.7e-05,1,0.26801672207993205,False,
2025-12-10 10:40:00,9590801,8037522,2,1,17.62832375178707,0,0.2558,0.2143,1.7e-05,1,0.1977493270642527,False,
2025-12-10 10:45:00,10064038,5815622,4,0,15.87966039171419,0,0.2684,0.1551,2.5e-05,1,0.2620360546591924,False,
2025-12-10 10:50:00,8649550,5462604,5,3,14.112154972681656,0,0.2307,0.1457,5.7e-05,1,0.23515295751079313,False,
2025-12-10 10:55:00,11349990,3831689,1,1,15.181679136167054,0,0.3027,0.1022,1.3e-05,1,0.15269027100890137,False,
2025-12-10 11:00:00,5516820,8728578,4,2,14.245399169523354,0,0.1471,0.2328,4.2e-05,1,0.13854243096035157,False,
2025-12-10 11:05:00,6890419,7134051,5,2,14.024471657973391,0,0.1837,0.1902,5e-05,1,0.2162949290530058,False,
2025-12-10 11:10:00,9916352,5156867,4,2,15.073220466121183,0,0.2644,0.1375,4e-05,1,0.2598550705408549,False,
2025-12-10 11:15:00,11390990,7888592,1,2,19.279583365004324,0,0.3038,0.2104,1.6e-05,1,0.14321221505852166,False,
2025-12-10 11:20:00,8749508,4565943,1,5,13.315451655081842,0,0.2333,0.1218,4.5e-05,1,0.2401333886121525,False,
2025-12-10 11:25:00,6403178,6068285,0,2,12.4714638143508,0,0.1708,0.1618,1.6e-05,1,0.1970441086603535,False,
2025-12-10 11:30:00,8497488,6384777,2,3,14.882266016874976,0,0.2266,0.1703,3.4e-05,1,0.26701539593760537,False,
2025-12-10 11:35:00,9666876,5982809,3,0,15.649686180920458,0,0.2578,0.1595,1.9e-05,1,0.2539613338554308,False,
2025-12-10 11:40:00,8804706,7031599,5,4,15.836305573294512,0,0.2348,0.1875,5.7e-05,1,0.22709447069061078,False,
2025-12-10 11:45:00,7236584,6194896,3,3,13.43148059900163,0,0.193,0.1652,4.5e-05,1,0.23859012027571652,False,
2025-12-10 11:50:00,7359586,7510517,5,3,14.870104606189171,0,0.1963,0.2003,5.4e-05,1,0.21033291408429383,False,
2025-12-10 11:55:00,10289069,7863207,3,0,18.152276909292063,0,0.2744,0.2097,1.7e-05,1,0.19558245319715606,False,
2025-12-10 12:00:00,7864821,4231903,5,3,12.096725131606544,0,0.2097,0.1129,6.6e-05,1,0.15512829882573492,False,
2025-12-10 12:05:00,10139811,6786629,4,1,16.926440822925308,0,0.2704,0.181,3e-05,1,0.2573082261686991,False,
2025-12-10 12:10:00,8741106,5862017,4,2,14.603124167628206,0,0.2331,0.1563,4.1e-05,1,0.2632332045061949,False,
2025-12-10 12:15:00,7796415,6137595,2,3,13.934011422246732,0,0.2079,0.1637,3.6e-05,1,0.26461958353109316,False,
2025-12-10 12:20:00,8166623,4233337,4,2,12.399961482874602,0,0.2178,0.1129,4.8e-05,1,0.21886321409697618,False,
2025-12-10 12:25:00,9723602,5504703,2,1,15.228306373478087,0,0.2593,0.1468,2e-05,1,0.2546306706727685,False,
2025-12-10 12:30:00,9125989,5748942,2,3,14.874932024007013,0,0.2434,0.1533,3.4e-05,1,0.2723871102233038,False,
2025-12-10 12:35:00,11507275,5405926,3,1,16.913202081762275,0,0.3069,0.1442,2.4e-05,1,0.22615163460664006,False,
2025-12-10 12:40:00,6017304,7273745,4,3,13.29104958121285,0,0.1605,0.194,5.3e-05,1,0.1862742498106581,False,
2025-12-10 12:45:00,9286388,6581000,2,2,15.867389172607332,0,0.2476,0.1755,2.5e-05,1,0.2683251016559582,False,
2025-12-10 12:50:00,9524916,5833935,2,4,15.358852204010306,0,0.254,0.1556,3.9e-05,1,0.2595162825360037,False,
2025-12-10 12:55:00,10571120,6108023,2,3,16.679143809357605,0,0.2819,0.1629,3e-05,1,0.25946913195441074,False,
2025-12-10 13:00:00,7729197,4954628,1,6,12.68382591153433,0,0.2061,0.1321,5.5e-05,1,0.2281249991516272,False,
2025-12-10 13:05:00,7717001,4634959,1,3,12.35196075694672,0,0.2058,0.1236,3.2e-05,1,0.23127844819821475,False,
2025-12-10 13:10:00,10736526,4232494,2,2,14.969021391612523,0,0.2863,0.1129,2.7e-05,1,0.22872470661161515,False,
2025-12-10 13:15:00,10082913,3841949,6,3,13.92486364353566,0,0.2689,0.1025,6.5e-05,1,0.15064091372403382,False,
2025-12-10 13:20:00,9677641,6955215,3,2,16.632857024208853,0,0.2581,0.1855,3e-05,1,0.2656486256341158,False,
2025-12-10 13:25:00,10453380,6840766,2,2,17.29414654169305,0,0.2788,0.1824,2.3e-05,1,0.24306502652924894,False,
2025-12-10 13:30:00,8596658,4842283,4,2,13.43894255482373,0,0.2292,0.1291,4.5e-05,1,0.2476209542848491,False,
2025-12-10 13:35:00,9148353,6944642,1,0,16.09299616573265,0,0.244,0.1852,6e-06,1,0.21845974853175137,False,
2025-12-10 13:40:00,9171256,4536063,0,0,13.70731917181424,0,0.2446,0.121,0.0,1,0.1313292192458495,False,
2025-12-10 13:45:00,6729160,5199682,1,2,11.928842610065884,0,0.1794,0.1387,2.5e-05,1,0.20604530740924348,False,
2025-12-10 13:50:00,10779962,5761154,4,0,16.54111681336157,0,0.2875,0.1536,2.4e-05,1,0.25420740087522703,False,
2025-12-10 13:55:00,10755737,5327535,4,1,16.083272744949642,0,0.2868,0.1421,3.1e-05,1,0.25186824492912213,False,
2025-12-10 14:00:00,11552553,4178208,4,1,15.73076187879236,0,0.3081,0.1114,3.2e-05,1,0.19490796830739748,False,
2025-12-10 14:05:00,9731795,6518063,3,3,16.24985900786656,0,0.2595,0.1738,3.7e-05,1,0.264053137721462,False,
2025-12-10 14:10:00,9731342,7041050,1,3,16.772393350018394,0,0.2595,0.1878,2.4e-05,1,0.2633528749570753,False,
2025-12-10 14:15:00,10284985,6026034,2,0,16.311019876327624,0,0.2743,0.1607,1.2e-05,1,0.22766823391549046,False,
2025-12-10 14:20:00,9228731,5787422,3,0,15.016154466894983,0,0.2461,0.1543,2e-05,1,0.26393877111205516,False,
2025-12-10 14:25:00,7012989,6792883,2,4,13.805872422318409,0,0.187,0.1811,4.3e-05,1,0.22673329274584952,False,
2025-12-10 14:30:00,7357099,7525084,3,2,14.882183556713413,0,0.1962,0.2007,3.4e-05,1,0.24348990203409854,False,
2025-12-10 14:35:00,8366806,7079407,7,1,15.44621484782695,0,0.2231,0.1888,5.2e-05,1,0.24256005362927874,False,
2025-12-10 14:40:00,12188869,7385855,4,2,19.57472566257541,0,0.325,0.197,3.1e-05,1,0.1370255999122595,False,
2025-12-10 14:45:00,7905572,7549596,1,0,15.455169101335567,0,0.2108,0.2013,6e-06,1,0.18982441800816696,False,
2025-12-10 14:50:00,9673945,6271349,4,2,15.945295155931086,0,0.258,0.1672,3.8e-05,1,0.2584782866870565,False,
2025-12-10 14:55:00,11159873,4889648,1,0,16.04952170752431,0,0.2976,0.1304,6e-06,1,0.16208208254851092,False,
2025-12-10 15:00:00,11200000,6601107,3,3,17.801107514540547,0,0.2987,0.176,3.4e-05,1,0.23150538798313264,False,
2025-12-10 15:05:00,6240539,8181738,4,3,14.422278086803214,0,0.1664,0.2182,4.9e-05,1,0.15858268111304918,False,
2025-12-10 15:10:00,8470325,7457232,2,1,15.92755803776258,0,0.2259,0.1989,1.9e-05,1,0.24301613574497832,False,
2025-12-10 15:15:00,7060184,5758641,5,5,12.818826257261035,0,0.1883,0.1536,7.8e-05,1,0.1377174691960682,False,
2025-12-10 15:20:00,5685582,5956275,1,1,11.641857907984432,0,0.1516,0.1588,1.7e-05,1,0.15984152750256608,False,
2025-12-10 15:25:00,10157892,6387783,9,3,16.54567596869193,0,0.2709,0.1703,7.3e-05,1,0.14683318111126809,False,
2025-12-10 15:30:00,10893833,6902690,4,1,17.79652473982632,0,0.2905,0.1841,2.8e-05,1,0.23996370278596824,False,
2025-12-10 15:35:00,6613922,4286214,3,2,10.900137024879095,0,0.1764,0.1143,4.6e-05,1,0.154867047417323,False,
2025-12-10 15:40:00,7043282,5078677,3,3,12.12195998877235,0,0.1878,0.1354,4.9e-05,1,0.21715721167381874,False,
2025-12-10 15:45:00,9874509,6644909,4,2,16.51941877197229,0,0.2633,0.1772,3.6e-05,1,0.26295906740515645,False,
2025-12-10 15:50:00,8132782,6633632,2,1,14.7664157543527,0,0.2169,0.1769,2e-05,1,0.26028140594197674,False,
2025-12-10 15:55:00,9657673,7167967,7,3,16.825640970670957,0,0.2575,0.1911,5.9e-05,1,0.1952290529000404,False,
2025-12-10 16:00:00,8093003,5490696,2,3,13.583700056625467,0,0.2158,0.1464,3.7e-05,1,0.2634151610945305,False,
2025-12-10 16:05:00,9884607,8051892,5,2,17.936500761626085,0,0.2636,0.2147,3.9e-05,1,0.1977115261319844,False,
2025-12-10 16:10:00,9123324,4468898,3,1,13.592222382752803,0,0.2433,0.1192,2.9e-05,1,0.2330750574277493,False,
2025-12-10 16:15:00,9354691,4783601,3,2,14.138292456109289,0,0.2495,0.1276,3.5e-05,1,0.2535077158916854,False,
2025-12-10 16:20:00,9126727,5663902,2,3,14.790630765148569,0,0.2434,0.151,3.4e-05,1,0.274145409076551,False,
2025-12-10 16:25:00,9789552,4655679,3,4,14.445232193769751,0,0.2611,0.1242,4.8e-05,1,0.229747237305924,False,
2025-12-10 16:30:00,6454158,5656985,3,1,12.11114434853532,0,0.1721,0.1509,3.3e-05,1,0.22193708825076774,False,
2025-12-10 16:35:00,9374283,5957837,4,0,15.33212013957945,0,0.25,0.1589,2.6e-05,1,0.26960566980819084,False,
2025-12-10 16:40:00,8333985,6457798,6,1,14.791784072121178,0,0.2222,0.1722,4.7e-05,1,0.2541547759171388,False,
2025-12-10 16:45:00,8097521,6531650,2,3,14.629172413074093,0,0.2159,0.1742,3.4e-05,1,0.26875862652853716,False,
2025-12-10 16:50:00,9753571,6703838,5,2,16.457409804351165,0,0.2601,0.1788,4.3e-05,1,0.2491472474393499,False,
2025-12-10 16:55:00,11609066,6846602,4,2,18.45566871842531,0,0.3096,0.1826,3.3e-05,1,0.20430405784098382,False,
2025-12-10 17:00:00,7663161,6367230,5,0,14.030392292005184,0,0.2044,0.1698,3.6e-05,1,0.2573605626761581,False,
2025-12-10 17:05:00,9359783,5456126,2,2,14.81591030621378,0,0.2496,0.1455,2.7e-05,1,0.26693007504182786,False,
2025-12-10 17:10:00,8652204,7967206,3,1,16.619411055859988,0,0.2307,0.2125,2.4e-05,1,0.22683228918675385,False,
2025-12-10 17:15:00,6786656,6342820,2,5,13.129477563103306,0,0.181,0.1691,5.3e-05,1,0.2237473440924086,False,
2025-12-10 17:20:00,9844055,7595471,5,2,17.43952732926032,0,0.2625,0.2025,4e-05,1,0.22582926194362968,False,
2025-12-10 17:25:00,6437054,5967619,2,1,12.404673872652126,0,0.1717,0.1591,2.4e-05,1,0.2159986841966825,False,
2025-12-10 17:30:00,7438047,4596480,6,2,12.034528187378534,0,0.1983,0.1226,6.6e-05,1,0.1594317317944836,False,
2025-12-10 17:35:00,10897510,6522999,3,3,17.42050935524685,0,0.2906,0.1739,3.4e-05,1,0.2382994408956674,False,
2025-12-10 17:40:00,9459282,6753146,1,0,16.21242920825482,0,0.2522,0.1801,6e-06,1,0.21454976741183857,False,
2025-12-10 17:45:00,6430819,5764155,2,2,12.194974242198514,0,0.1715,0.1537,3.3e-05,1,0.22405244131442148,False,
2025-12-10 17:50:00,8999028,5962659,9,1,14.961688072423266,0,0.24,0.159,6.7e-05,1,0.20612096522703544,False,
2025-12-10 17:55:00,10341176,4019986,1,2,14.361162731728143,0,0.2758,0.1072,2.1e-05,1,0.20787527698790526,False,
2025-12-10 18:00:00,11183743,4274774,5,0,15.458517965026378,0,0.2982,0.114,3.2e-05,1,0.2159851755401816,False,
2025-12-10 18:05:00,8237059,5520566,5,1,13.757625751585136,0,0.2197,0.1472,4.4e-05,1,0.25742940272233206,False,
2025-12-10 18:10:00,8941427,7427719,1,2,16.369147262445534,0,0.2384,0.1981,1.8e-05,1,0.24533464069627853,False,
2025-12-10 18:15:00,8794613,6689360,7,4,15.48397418608827,0,0.2345,0.1784,7.1e-05,1,0.18120666759034137,False,
2025-12-10 18:20:00,9622277,6712008,4,3,16.334285601536838,0,0.2566,0.179,4.3e-05,1,0.2521623906354961,False,
2025-12-10 18:25:00,6395967,6438336,3,2,12.834304303075738,0,0.1706,0.1717,3.9e-05,1,0.2274992008333459,False,
2025-12-10 18:30:00,8754633,4313756,4,0,13.068389707528732,0,0.2335,0.115,3.1e-05,1,0.22913107837449664,False,
2025-12-10 18:35:00,7829972,7353879,8,4,15.183852256080122,0,0.2088,0.1961,7.9e-05,1,0.12723629469302578,False,
2025-12-10 18:40:00,10544079,6585309,2,1,17.12938843560663,0,0.2812,0.1756,1.8e-05,1,0.2387731079968956,False,
2025-12-10 18:45:00,6373321,4615373,4,3,10.988694390904662,0,0.17,0.1231,6.4e-05,1,0.12597314319326747,False,
2025-12-10 18:50:00,4515252,6840250,4,1,11.355502945091205,0,0.1204,0.1824,4.4e-05,1,0.12034763887318212,False,
2025-12-10 18:55:00,8486831,7735527,3,4,16.222359338023423,0,0.2263,0.2063,4.3e-05,1,0.2282806187903022,False,
2025-12-10 19:00:00,9938572,6911141,5,3,16.849713318926042,0,0.265,0.1843,4.7e-05,1,0.23517835778328627,False,
2025-12-10 19:05:00,8942317,5553925,3,0,14.496242814883235,0,0.2385,0.1481,2.1e-05,1,0.26075126481602384,False,
2025-12-10 19:10:00,11074417,5739513,4,2,16.813930932706747,0,0.2953,0.1531,3.6e-05,1,0.24393618277381207,False,
2025-12-10 19:15:00,7889921,6946701,1,1,14.836623320476203,0,0.2104,0.1852,1.3e-05,1,0.22758914918012169,False,
2025-12-10 19:20:00,7812973,3034783,2,1,10.847757008423375,0,0.2083,0.0809,2.8e-05,1,0.12171220315924058,False,
2025-12-10 19:25:00,11334749,5805654,1,3,17.140403833677247,0,0.3023,0.1548,2.3e-05,1,0.22931485935290835,False,
2025-12-10 19:30:00,7513225,4535954,3,2,12.049180272985256,0,0.2004,0.121,4.1e-05,1,0.21579056087228976,False,
2025-12-10 19:35:00,8258746,5458048,3,2,13.71679548946555,0,0.2202,0.1455,3.6e-05,1,0.2631615400389264,False,
2025-12-10 19:40:00,9089087,2669699,2,2,11.758787164198177,0,0.2424,0.0712,3.4e-05,1,0.1503438084473393,False,
2025-12-10 19:45:00,9873789,5783714,6,3,15.65750322415542,0,0.2633,0.1542,5.7e-05,1,0.22432957699737144,False,
2025-12-10 19:50:00,7762660,6271543,3,2,14.034204919586523,0,0.207,0.1672,3.6e-05,1,0.26186548109004043,False,
2025-12-10 19:55:00,10460774,5579425,2,3,16.040199987026288,0,0.279,0.1488,3.1e-05,1,0.2612095907804964,False,
2025-12-10 20:00:00,10721768,7150103,5,2,17.871872695915474,0,0.2859,0.1907,3.9e-05,1,0.22192334474285702,False,
2025-12-10 20:05:00,9162040,6516293,5,2,15.678333499423728,0,0.2443,0.1738,4.5e-05,1,0.2556816233286862,False,
2025-12-10 20:10:00,9975722,6128778,1,2,16.104501357926406,0,0.266,0.1634,1.9e-05,1,0.2548113063640428,False,
2025-12-10 20:15:00,8848618,5439274,4,3,14.28789370371748,0,0.236,0.145,4.9e-05,1,0.25561330411483457,False,
2025-12-10 20:20:00,9807232,7351507,1,4,17.15874011790866,0,0.2615,0.196,2.9e-05,1,0.25095446552136896,False,
2025-12-10 20:25:00,9677118,6891177,4,1,16.568295981832897,0,0.2581,0.1838,3e-05,1,0.26518651281300504,False,
2025-12-10 20:30:00,8419730,7413214,4,3,15.83294484939675,0,0.2245,0.1977,4.4e-05,1,0.23193750235120986,False,
2025-12-10 20:35:00,7663799,5940607,3,1,13.604407448959636,0,0.2044,0.1584,2.9e-05,1,0.2565217368750821,False,
2025-12-10 20:40:00,10781066,4319940,5,4,15.101006824829929,0,0.2875,0.1152,6e-05,1,0.1702430234753759,False,
2025-12-10 20:45:00,10508338,6727184,5,2,17.235523492391422,0,0.2802,0.1794,4.1e-05,1,0.23438940152122212,False,
2025-12-10 20:50:00,9086805,4348988,1,1,13.435793553717264,0,0.2423,0.116,1.5e-05,1,0.20011696326145056,False,
2025-12-10 20:55:00,6781439,7758846,4,2,14.540286522654652,0,0.1808,0.2069,4.1e-05,1,0.21274756057388855,False,
2025-12-10 21:00:00,9863527,6816714,0,4,16.680242206921122,0,0.263,0.1818,2.4e-05,1,0.2649685177993307,False,
2025-12-10 21:05:00,11627620,5292968,1,2,16.920589720345134,0,0.3101,0.1411,1.8e-05,1,0.20317150189841937,False,
2025-12-10 21:10:00,9604186,6254491,3,0,15.858677535832037,0,0.2561,0.1668,1.9e-05,1,0.25727599077025026,False,
2025-12-10 21:15:00,9560560,5278982,4,2,14.839543256534531,0,0.2549,0.1408,4e-05,1,0.2553719415587627,False,
2025-12-10 21:20:00,10257250,6979958,4,3,17.23720962169644,0,0.2735,0.1861,4.1e-05,1,0.2373515511503521,False,
2025-12-10 21:25:00,9813379,6779284,4,4,16.59266492350298,0,0.2617,0.1808,4.8e-05,1,0.23791242413569208,False,
2025-12-10 21:30:00,7392477,5338330,2,4,12.730807557508465,0,0.1971,0.1424,4.7e-05,1,0.23832771483836312,False,
2025-12-10 21:35:00,9417552,4596325,3,2,14.013877769703427,0,0.2511,0.1226,3.6e-05,1,0.24306964662190111,False,
2025-12-10 21:40:00,9367999,4985219,3,2,14.353218992346491,0,0.2498,0.1329,3.5e-05,1,0.25948773125186214,False,
2025-12-10 21:45:00,7465369,5627721,1,0,13.093090059482869,0,0.1991,0.1501,8e-06,1,0.17879738824218583,False,
2025-12-10 21:50:00,10290770,7522554,2,3,17.813324253221133,0,0.2744,0.2006,2.8e-05,1,0.23408712975145846,False,
2025-12-10 21:55:00,9751893,7905938,0,0,17.657831526657457,0,0.2601,0.2108,0.0,1,0.14287460764926374,False,
2025-12-10 22:00:00,8673736,4997798,4,2,13.671535431815936,0,0.2313,0.1333,4.4e-05,1,0.2566830968811724,False,
2025-12-10 22:05:00,9765536,7714602,3,1,17.48013910923501,0,0.2604,0.2057,2.3e-05,1,0.22645742585854317,False,
2025-12-10 22:10:00,11729125,4057457,5,3,15.78658269697812,0,0.3128,0.1082,5.1e-05,1,0.1620982792189607,False,
2025-12-10 22:15:00,9370713,4327077,1,2,13.69779049267362,0,0.2499,0.1154,2.2e-05,1,0.2278815805158778,False,
2025-12-10 22:20:00,8733153,6805863,5,1,15.53901664530255,0,0.2329,0.1815,3.9e-05,1,0.26090382434796316,False,
2025-12-10 22:25:00,7446884,5332629,4,1,12.779514530673652,0,0.1986,0.1422,3.9e-05,1,0.24315648715938948,False,
2025-12-10 22:30:00,9800968,6115249,0,4,15.916217764864149,0,0.2614,0.1631,2.5e-05,1,0.26438664127533285,False,
2025-12-10 22:35:00,8852708,5921159,0,3,14.773867711763671,0,0.2361,0.1579,2e-05,1,0.26244753207468496,False,
2025-12-10 22:40:00,9872527,5343377,2,1,15.215905352411513,0,0.2633,0.1425,2e-05,1,0.25070823191814723,False,
2025-12-10 22:45:00,8705640,3623829,4,1,12.329470442909098,0,0.2322,0.0966,4.1e-05,1,0.20649347912851845,False,
2025-12-10 22:50:00,11875436,3027124,5,4,14.902560173169189,0,0.3167,0.0807,6e-05,1,0.11055130462339846,False,
2025-12-10 22:55:00,10566057,6991262,1,1,17.557320400188416,0,0.2818,0.1864,1.1e-05,1,0.20703637857085672,False,
2025-12-10 23:00:00,7320183,7659878,3,1,14.98006166485288,0,0.1952,0.2043,2.7e-05,1,0.24099212087973626,False,
2025-12-10 23:05:00,8512971,5530373,1,1,14.043344750549108,0,0.227,0.1475,1.4e-05,1,0.23018280888615195,False,
2025-12-10 23:10:00,9659586,4878994,2,2,14.538580646434156,0,0.2576,0.1301,2.8e-05,1,0.25974139051610734,False,
2025-12-10 23:15:00,8275947,6619776,1,0,14.895723557912053,0,0.2207,0.1765,7e-06,1,0.21911849861320365,False,
2025-12-10 23:20:00,9100083,7742186,4,1,16.84226924167103,0,0.2427,0.2065,3e-05,1,0.24777831934082295,False,
2025-12-10 23:25:00,8312249,6816388,2,2,15.128637949824084,0,0.2217,0.1818,2.6e-05,1,0.2670826580057529,False,
2025-12-10 23:30:00,10049809,5168878,6,4,15.218688032885977,0,0.268,0.1378,6.6e-05,1,0.19120334779356069,False,
2025-12-10 23:35:00,8673807,4784450,3,2,13.458257493984766,0,0.2313,0.1276,3.7e-05,1,0.24870318531073066,False,
2025-12-10 23:40:00,8948164,7608708,5,1,16.55687274408521,0,0.2386,0.2029,3.6e-05,1,0.24924064620015768,False,
2025-12-10 23:45:00,8370311,5026577,8,1,13.39688973721944,0,0.2232,0.134,6.7e-05,1,0.19993373077265153,False,
2025-12-10 23:50:00,9085413,4559044,3,1,13.644458498787913,0,0.2423,0.1216,2.9e-05,1,0.23428549636233503,False,
2025-12-10 23:55:00,8463152,4598652,4,3,13.061805227831774,0,0.2257,0.1226,5.4e-05,1,0.22245320717032224,False,
2025-12-11 00:00:00,7574360,6732272,2,2,14.306632774765385,0,0.202,0.1795,2.8e-05,1,0.25852884844248586,False,
2025-12-11 00:05:00,6916385,8420918,1,4,15.33730336433349,0,0.1844,0.2246,3.3e-05,1,0.19205643046030996,False,
2025-12-11 00:10:00,11388347,4946719,2,3,16.33506699439136,0,0.3037,0.1319,3.1e-05,1,0.22126963083303403,False,
2025-12-11 00:15:00,8087380,7537639,1,1,15.625020202831449,0,0.2157,0.201,1.3e-05,1,0.22879626139047554,False,
2025-12-11 00:20:00,8603559,5967909,5,1,14.57146866029596,0,0.2294,0.1591,4.1e-05,1,0.2612566899436475,False,
2025-12-11 00:25:00,9330795,6265986,1,0,15.596781168088306,0,0.2488,0.1671,6e-06,1,0.21430764459659574,False,
2025-12-11 00:30:00,9577175,7060211,7,1,16.6373869569516,0,0.2554,0.1883,4.8e-05,1,0.23514802689091496,False,
2025-12-11 00:35:00,10124420,7424658,1,2,17.54907967969962,0,0.27,0.198,1.7e-05,1,0.22335214727205438,False,
2025-12-11 00:40:00,10340732,5710988,5,4,16.051720967285753,0,0.2758,0.1523,5.6e-05,1,0.21300421708371475,False,
2025-12-11 00:45:00,10136589,5028532,4,2,15.165121493688211,0,0.2703,0.1341,4e-05,1,0.2557834308990509,False,
2025-12-11 00:50:00,10832319,6171538,1,5,17.003858067800845,0,0.2889,0.1646,3.5e-05,1,0.2400415580040018,False,
2025-12-11 00:55:00,9152600,5904805,3,2,15.057406034855797,0,0.2441,0.1575,3.3e-05,1,0.27339203715606203,False,
2025-12-11 01:00:00,7791339,4436962,6,2,12.228302535823952,0,0.2078,0.1183,6.5e-05,1,0.1676899109049938,False,
2025-12-11 01:05:00,9888140,3674675,1,3,13.562815667662711,0,0.2637,0.098,2.9e-05,1,0.19765667840853074,False,
2025-12-11 01:10:00,6782288,6667954,5,2,13.450242723884044,0,0.1809,0.1778,5.2e-05,1,0.21579596045948152,False,
2025-12-11 01:15:00,10001745,7105002,2,2,17.10674836954335,0,0.2667,0.1895,2.3e-05,1,0.24425141038036446,False,
2025-12-11 01:20:00,9204564,7871648,3,5,17.07621304060167,0,0.2455,0.2099,4.7e-05,1,0.20025891136988883,False,
2025-12-11 01:25:00,8978678,4046415,4,2,13.025093969811326,0,0.2394,0.1079,4.6e-05,1,0.22320500804481225,False,
2025-12-11 01:30:00,9499699,6408926,2,2,15.908625594610658,0,0.2533,0.1709,2.5e-05,1,0.26565850108011974,False,
2025-12-11 01:35:00,8438091,5640534,2,6,14.078626352966731,0,0.225,0.1504,5.7e-05,1,0.2370064713407135,False,
2025-12-11 01:40:00,5522232,6776403,6,2,12.298635201190551,0,0.1473,0.1807,6.5e-05,1,0.14451576702926483,False,
2025-12-11 01:45:00,10230384,4902674,1,2,15.133058647448545,0,0.2728,0.1307,2e-05,1,0.24294984373340078,False,
2025-12-11 01:50:00,10308531,7529944,7,3,17.838476332274034,0,0.2749,0.2008,5.6e-05,1,0.17474450597247299,False,
2025-12-11 01:55:00,9140187,5260040,0,2,14.400228176293613,0,0.2437,0.1403,1.4e-05,1,0.22825218679853582,False,
2025-12-11 02:00:00,10131313,6308627,2,1,16.439940620200403,0,0.2702,0.1682,1.8e-05,1,0.24951561219748147,False,
2025-12-11 02:05:00,11424033,3995482,2,2,15.419515356522169,0,0.3046,0.1065,2.6e-05,1,0.19368272863968244,False,
2025-12-11 02:10:00,7693445,6619904,4,1,14.313349442700074,0,0.2052,0.1765,3.5e-05,1,0.26428249343579924,False,
2025-12-11 02:15:00,8284296,5884256,3,3,14.168553364053263,0,0.2209,0.1569,4.2e-05,1,0.26532420876986934,False,
2025-12-11 02:20:00,8206697,7973700,2,2,16.18039864971841,0,0.2188,0.2126,2.5e-05,1,0.2336445197144616,False,
2025-12-11 02:25:00,10794578,6440421,0,1,17.235000192159596,0,0.2879,0.1717,6e-06,1,0.18999973324644437,False,
2025-12-11 02:30:00,8423638,5666935,6,3,14.090574352995198,0,0.2246,0.1511,6.4e-05,1,0.21385942164782723,False,
2025-12-11 02:35:00,8032858,6607261,4,1,14.640120245968296,0,0.2142,0.1762,3.4e-05,1,0.26739204457102833,False,
2025-12-11 02:40:00,8312754,4208518,2,0,12.521272193412178,0,0.2217,0.1122,1.6e-05,1,0.1909058189881036,False,
2025-12-11 02:45:00,5932953,5549003,3,0,11.481957196143036,0,0.1582,0.148,2.6e-05,1,0.18197041604372788,False,
2025-12-11 02:50:00,8240613,5481130,4,4,13.721743670871486,0,0.2197,0.1462,5.8e-05,1,0.23059266548245316,False,
2025-12-11 02:55:00,9644985,5836210,1,3,15.481195785015622,0,0.2572,0.1556,2.6e-05,1,0.2660541082043372,False,
2025-12-11 03:00:00,8215707,7293072,2,2,15.508780184960433,0,0.2191,0.1945,2.6e-05,1,0.26300572439252073,False,
2025-12-11 03:05:00,9997489,7890997,1,1,17.888486957762524,0,0.2666,0.2104,1.1e-05,1,0.18626295309308355,False,
2025-12-11 03:10:00,11580282,8636373,3,1,20.21665537726473,0,0.3088,0.2303,2e-05,1,0.09057970381894531,False,
2025-12-11 03:15:00,10255366,4778889,4,0,15.034255757125315,0,0.2735,0.1274,2.7e-05,1,0.2515949445996271,False,
2025-12-11 03:20:00,12961335,7015582,4,2,19.97691783463833,0,0.3456,0.1871,3e-05,1,0.10174132409722803,False,
2025-12-11 03:25:00,9356968,7949421,5,1,17.306389260101547,0,0.2495,0.212,3.5e-05,1,0.21670322760473898,False,
2025-12-11 03:30:00,7892431,5038438,0,1,12.930870225575369,0,0.2105,0.1344,8e-06,1,0.1766306491145916,False,
2025-12-11 03:35:00,8540402,6026542,3,2,14.566944809709891,0,0.2277,0.1607,3.4e-05,1,0.2694041966678283,False,
2025-12-11 03:40:00,8682679,7313500,6,1,15.99617970850434,0,0.2315,0.195,4.4e-05,1,0.23668066793096537,False,
2025-12-11 03:45:00,9851954,5931618,0,1,15.78357357145879,0,0.2627,0.1582,6e-06,1,0.20355617005348958,False,
2025-12-11 03:50:00,9235093,6273507,7,1,15.508601398130798,0,0.2463,0.1673,5.2e-05,1,0.24969658701345576,False,
2025-12-11 03:55:00,9275068,7623861,4,1,16.898930141790547,0,0.2473,0.2033,3e-05,1,0.2468197796198019,False,
2025-12-11 04:00:00,7105773,4234825,2,2,11.340598649676528,0,0.1895,0.1129,3.5e-05,1,0.1884547408278761,False,
2025-12-11 04:05:00,9081251,5693456,3,1,14.774708126651378,0,0.2422,0.1518,2.7e-05,1,0.27238559231507614,False,
2025-12-11 04:10:00,10655940,4884303,3,2,15.54024373953456,0,0.2842,0.1302,3.2e-05,1,0.24984990465157475,False,
2025-12-11 04:15:00,9428938,6216371,2,3,15.645309698034843,0,0.2514,0.1658,3.2e-05,1,0.27013041039956526,False,
2025-12-11 04:20:00,8741847,6966468,3,6,15.708315319197618,0,0.2331,0.1858,5.7e-05,1,0.22738008432663864,False,
2025-12-11 04:25:00,10740284,5757494,4,2,16.497779538026954,0,0.2864,0.1535,3.6e-05,1,0.2555788972573542,False,
2025-12-11 04:30:00,8834598,8747133,1,1,17.581732256469166,0,0.2356,0.2333,1.1e-05,1,0.1568221580494294,False,
2025-12-11 04:35:00,7480663,7350374,3,2,14.831038541884778,0,0.1995,0.196,3.4e-05,1,0.25226260505750897,False,
2025-12-11 04:40:00,11197302,6262371,2,3,17.459673816401967,0,0.2986,0.167,2.9e-05,1,0.2334302884166602,False,
2025-12-11 04:45:00,9194324,5162139,3,3,14.356464010890138,0,0.2452,0.1377,4.2e-05,1,0.256428988630152,False,
2025-12-11 04:50:00,8028501,5563849,3,2,13.592350493118236,0,0.2141,0.1484,3.7e-05,1,0.2605321311833258,False,
2025-12-11 04:55:00,9270248,8034529,2,2,17.304777200249756,0,0.2472,0.2143,2.3e-05,1,0.21066494482475734,False,
2025-12-11 05:00:00,7807918,5039624,1,0,12.847543355780214,0,0.2082,0.1344,8e-06,1,0.17455526528142684,False,
2025-12-11 05:05:00,8590288,5812119,3,2,14.402407664898451,0,0.2291,0.155,3.5e-05,1,0.265185522602701,False,
2025-12-11 05:10:00,7371050,5254848,0,1,12.625898615143663,0,0.1966,0.1401,8e-06,1,0.17082018437138452,False,
2025-12-11 05:15:00,8281754,5336187,2,1,13.61794193202705,0,0.2208,0.1423,2.2e-05,1,0.2513359087395868,False,
2025-12-11 05:20:00,7242717,6594500,1,0,13.837218107219815,0,0.1931,0.1759,7e-06,1,0.1854925993419465,False,
2025-12-11 05:25:00,9953352,6210424,2,2,16.163776957720017,0,0.2654,0.1656,2.5e-05,1,0.2641988289019224,False,
2025-12-11 05:30:00,7017842,7422109,3,1,14.439951893890058,0,0.1871,0.1979,2.8e-05,1,0.24038950970484574,False,
2025-12-11 05:35:00,9211840,6318778,8,1,15.5306190197391,0,0.2456,0.1685,5.8e-05,1,0.22987170558879377,False,
2025-12-11 05:40:00,4392427,5152421,3,2,9.544849483484882,0,0.1171,0.1374,5.2e-05,1,0.06559694078327727,False,
2025-12-11 05:45:00,10212429,8083971,2,3,18.29640175640468,0,0.2723,0.2156,2.7e-05,1,0.1962483429918282,False,
2025-12-11 05:50:00,8544801,5911447,4,5,14.45624886610785,0,0.2279,0.1576,6.2e-05,1,0.21746050902349012,False,
2025-12-11 05:55:00,8615431,6341004,6,0,14.9564364481601,0,0.2297,0.1691,4e-05,1,0.2658362012165722,False,
2025-12-11 06:00:00,9328802,6087279,4,4,15.416081759751366,0,0.2488,0.1623,5.2e-05,1,0.25221873646044335,False,
2025-12-11 06:05:00,6701055,6047848,3,1,12.748904275397113,0,0.1787,0.1613,3.1e-05,1,0.23859883746413652,False,
2025-12-11 06:10:00,7162623,6410479,1,4,13.57310297843784,0,0.191,0.1709,3.7e-05,1,0.2408384841277887,False,
2025-12-11 06:15:00,9462497,7919807,3,2,17.382305502297786,0,0.2523,0.2112,2.9e-05,1,0.22317936890317325,False,
2025-12-11 06:20:00,9228592,4778771,2,2,14.007364603345316,0,0.2461,0.1274,2.9e-05,1,0.25119406842020536,False,
2025-12-11 06:25:00,9331661,7034441,5,3,16.366102622292164,0,0.2488,0.1876,4.9e-05,1,0.24357528948089208,False,
2025-12-11 06:30:00,9254336,7218209,4,0,16.472546167949925,0,0.2468,0.1925,2.4e-05,1,0.2572152803796523,False,
2025-12-11 06:35:00,10481262,6409169,7,3,16.890432621418437,0,0.2795,0.1709,5.9e-05,1,0.19212378601739538,False,
2025-12-11 06:40:00,8410301,7251257,1,2,15.661558997954822,0,0.2243,0.1934,1.9e-05,1,0.2507481094189252,False,
2025-12-11 06:45:00,7315501,6347653,6,1,13.66315509893514,0,0.1951,0.1693,5.1e-05,1,0.23238746927218457,False,
2025-12-11 06:50:00,7697980,6892592,3,2,14.590572408317204,0,0.2053,0.1838,3.4e-05,1,0.2586834712300691,False,
2025-12-11 06:55:00,8142161,4634727,5,2,12.77688890224558,0,0.2171,0.1236,5.5e-05,1,0.22184357889027112,False,
2025-12-11 07:00:00,9236998,5201850,3,4,14.438849389143943,0,0.2463,0.1387,4.8e-05,1,0.25108619978448954,False,
2025-12-11 07:05:00,8339442,6607368,4,2,14.946810743020476,0,0.2224,0.1762,4e-05,1,0.266249346046908,False,
2025-12-11 07:10:00,9734990,6600262,2,2,16.335252437649338,0,0.2596,0.176,2.4e-05,1,0.26749657906465985,False,
2025-12-11 07:15:00,10970171,9300480,1,2,20.270651789364056,0,0.2925,0.248,1.5e-05,1,0.0746882902558782,False,
2025-12-11 07:20:00,8384858,3491214,0,3,11.876072801487586,0,0.2236,0.0931,2.5e-05,1,0.17500548258798315,False,
2025-12-11 07:25:00,9613522,5420721,1,1,15.034244491677171,0,0.2564,0.1446,1.3e-05,1,0.22939788444389403,False,
2025-12-11 07:30:00,9659078,6995274,0,4,16.65435275805857,0,0.2576,0.1865,2.4e-05,1,0.26408035329545815,False,
2025-12-11 07:35:00,8631337,4638157,1,2,13.269495057435124,0,0.2302,0.1237,2.3e-05,1,0.235007345641645,False,
2025-12-11 07:40:00,7698454,5508404,2,3,13.206859159264589,0,0.2053,0.1469,3.8e-05,1,0.2506345454424708,False,
2025-12-11 07:45:00,9452815,5894490,4,1,15.347306422619212,0,0.2521,0.1572,3.3e-05,1,0.26800440862446706,False,
2025-12-11 07:50:00,7102258,4091677,4,4,11.193935866466942,0,0.1894,0.1091,7.1e-05,1,0.11250841880123819,False,
2025-12-11 07:55:00,8763804,4999402,3,2,13.763207549195124,0,0.2337,0.1333,3.6e-05,1,0.25746592359545545,False,
2025-12-11 08:00:00,6646213,6019433,6,2,12.665647470956255,0,0.1772,0.1605,6.3e-05,1,0.19563253751755688,False,
2025-12-11 08:05:00,13215736,4124454,5,4,17.34019112529096,0,0.3524,0.11,5.2e-05,1,0.10087979788695545,False,
2025-12-11 08:10:00,7419556,5655041,3,6,13.07459834108324,0,0.1979,0.1508,6.9e-05,1,0.1786069585516289,False,
2025-12-11 08:15:00,8522192,7931482,3,3,16.453674980580892,0,0.2273,0.2115,3.6e-05,1,0.22655024733473572,False,
2025-12-11 08:20:00,11068234,5999984,7,2,17.0682191307937,0,0.2952,0.16,5.3e-05,1,0.19436900017907938,False,
2025-12-11 08:25:00,5214677,5682177,0,1,10.896855611825206,0,0.1391,0.1515,9e-06,1,0.09247802597194221,False,
2025-12-11 08:30:00,10123126,4950185,3,3,15.073312184201914,0,0.27,0.132,4e-05,1,0.2568738792231175,False,
2025-12-11 08:35:00,9172780,6725503,7,3,15.898284401298602,0,0.2446,0.1793,6.3e-05,1,0.21036421720792242,False,
2025-12-11 08:40:00,8805124,4930430,5,3,13.735555404379312,0,0.2348,0.1315,5.8e-05,1,0.22260288281532775,False,
2025-12-11 08:45:00,11917274,5418080,5,3,17.335355181550085,0,0.3178,0.1445,4.6e-05,1,0.17968545489493454,False,
2025-12-11 08:50:00,7769375,7478701,6,1,15.248076906741789,0,0.2072,0.1994,4.6e-05,1,0.23369346011431336,False,
2025-12-11 08:55:00,8613297,4834329,3,3,13.44762715895448,0,0.2297,0.1289,4.5e-05,1,0.2469681417791692,False,
2025-12-11 09:00:00,9391225,6616382,3,2,16.00760789188406,0,0.2504,0.1764,3.1e-05,1,0.2709884617437928,False,
2025-12-11 09:05:00,12408705,3844415,3,1,16.253120753169615,0,0.3309,0.1025,2.5e-05,1,0.1740299100137332,False,
2025-12-11 09:10:00,9162174,8155533,2,3,17.317707636503417,0,0.2443,0.2175,2.9e-05,1,0.2059851397654286,False,
2025-12-11 09:15:00,10402827,4236714,4,2,14.6395422717125,0,0.2774,0.113,4.1e-05,1,0.2224519583879297,False,
2025-12-11 09:20:00,9162767,6596132,4,1,15.758899396048406,0,0.2443,0.1759,3.2e-05,1,0.27291743222654524,False,
2025-12-11 09:25:00,11078000,5448986,3,4,16.526987243295885,0,0.2954,0.1453,4.2e-05,1,0.22914138283275437,False,
2025-12-11 09:30:00,9003219,7852335,5,0,16.85555503172341,0,0.2401,0.2094,3e-05,1,0.24063374772493867,False,
2025-12-11 09:35:00,9171779,7960332,4,2,17.13211151474422,0,0.2446,0.2123,3.5e-05,1,0.21514007232748783,False,
2025-12-11 09:40:00,8163909,5708496,2,1,13.872406470431336,0,0.2177,0.1522,2.2e-05,1,0.2599554686150534,False,
2025-12-11 09:45:00,9105568,4650528,1,2,13.756097316443608,0,0.2428,0.124,2.2e-05,1,0.23385348799226818,False,
2025-12-11 09:50:00,8443023,7153157,2,0,15.596181314091895,0,0.2251,0.1908,1.3e-05,1,0.2402980996819718,False,
2025-12-11 09:55:00,7999934,5850196,4,0,13.85013090192462,0,0.2133,0.156,2.9e-05,1,0.2657258913073065,False,
2025-12-11 10:00:00,12268455,5625066,5,2,17.893522528181638,0,0.3272,0.15,3.9e-05,1,0.1819196383083722,False,
2025-12-11 10:05:00,8531804,7310138,7,1,15.84194242062524,0,0.2275,0.1949,5e-05,1,0.23475957261707164,False,
2025-12-11 10:10:00,9915855,7034112,3,1,16.949968258936345,0,0.2644,0.1876,2.4e-05,1,0.2597540239309603,False,
2025-12-11 10:15:00,9771389,4783215,3,0,14.554604982328849,0,0.2606,0.1276,2.1e-05,1,0.2465584080358288,False,
2025-12-11 10:20:00,9268988,5472300,4,5,14.741289403723863,0,0.2472,0.1459,6.1e-05,1,0.22099694307844414,False,
2025-12-11 10:25:00,7080547,7093172,2,1,14.173719549290444,0,0.1888,0.1892,2.1e-05,1,0.2366913631066601,False,
2025-12-11 10:30:00,7727158,4879770,4,6,12.606928801343772,0,0.2061,0.1301,7.9e-05,1,0.12149695691341134,False,
2025-12-11 10:35:00,10314229,6188252,1,0,16.502481485368754,0,0.275,0.165,6e-06,1,0.20014636278205805,False,
2025-12-11 10:40:00,7872056,5022458,5,3,12.894515516990262,0,0.2099,0.1339,6.2e-05,1,0.21042868892315864,False,
2025-12-11 10:45:00,6313794,5802587,3,1,12.11638225395497,0,0.1684,0.1547,3.3e-05,1,0.2169213502469013,False,
2025-12-11 10:50:00,10925386,5866082,2,0,16.79146880209896,0,0.2913,0.1564,1.2e-05,1,0.21122218184736308,False,
2025-12-11 10:55:00,7250856,5709482,2,1,12.960338595551232,0,0.1934,0.1523,2.3e-05,1,0.23548074551685827,False,
2025-12-11 11:00:00,8624159,7704540,3,3,16.328700706435022,0,0.23,0.2055,3.7e-05,1,0.24604949921532832,False,
2025-12-11 11:05:00,8534171,7128713,4,6,15.662884239933398,0,0.2276,0.1901,6.4e-05,1,0.20599849356880157,False,
2025-12-11 11:10:00,7284385,6883040,1,0,14.167426709839646,0,0.1943,0.1835,7e-06,1,0.18495579166419762,False,
2025-12-11 11:15:00,9849401,7340312,5,2,17.189713971418094,0,0.2627,0.1957,4.1e-05,1,0.23862945457223034,False,
2025-12-11 11:20:00,8151422,5413418,2,3,13.56484106597863,0,0.2174,0.1444,3.7e-05,1,0.26092572445263484,False,
2025-12-11 11:25:00,10947369,6183452,1,0,17.130822318256573,0,0.2919,0.1649,6e-06,1,0.1795424325887966,False,
2025-12-11 11:30:00,7910638,5030742,3,4,12.941380249632372,0,0.211,0.1342,5.4e-05,1,0.23393535701911838,False,
2025-12-11 11:35:00,8343985,5656498,2,1,14.000484089561882,0,0.2225,0.1508,2.1e-05,1,0.2568229414867582,False,
2025-12-11 11:40:00,7533104,5304509,3,0,12.837613524761116,0,0.2009,0.1415,2.3e-05,1,0.2360498884327648,False,
2025-12-11 11:45:00,7285528,6167653,0,2,13.453182291295168,0,0.1943,0.1645,1.5e-05,1,0.2157984052632459,False,
2025-12-11 11:50:00,9013531,7208317,2,5,16.221849164004155,0,0.2404,0.1922,4.3e-05,1,0.24824869866483557,False,
2025-12-11 11:55:00,8346386,5453937,1,0,13.800324156244212,0,0.2226,0.1454,7e-06,1,0.19318080965535417,False,
2025-12-11 12:00:00,10597113,7018122,3,2,17.615235846173142,0,0.2826,0.1871,2.8e-05,1,0.24298956473209093,False,
2025-12-11 12:05:00,6744327,6016095,5,2,12.760422146403569,0,0.1798,0.1604,5.5e-05,1,0.21829276960660776,False,
2025-12-11 12:10:00,8296209,4412612,4,4,12.708821955800392,0,0.2212,0.1177,6.3e-05,1,0.19432322700981924,False,
2025-12-11 12:15:00,7903866,5160305,4,3,13.064171263507534,0,0.2108,0.1376,5.4e-05,1,0.23464035644702474,False,
2025-12-11 12:20:00,9898365,4363044,3,5,14.261409381743858,0,0.264,0.1163,5.6e-05,1,0.19417225472467103,False,
2025-12-11 12:25:00,7620490,5113522,4,1,12.73401253127362,0,0.2032,0.1364,3.9e-05,1,0.2454095442331925,False,
2025-12-11 12:30:00,9994616,4714412,4,1,14.70902904794555,0,0.2665,0.1257,3.4e-05,1,0.2540700345496724,False,
2025-12-11 12:35:00,10069462,5291003,4,2,15.360466070554828,0,0.2685,0.1411,3.9e-05,1,0.2547256612026572,False,
2025-12-11 12:40:00,8720564,5173198,4,3,13.893763528932087,0,0.2325,0.138,5e-05,1,0.2494577405857093,False,
2025-12-11 12:45:00,9466304,6132964,3,2,15.599269849784816,0,0.2524,0.1635,3.2e-05,1,0.27304240290764276,False,
2025-12-11 12:50:00,11348962,9006106,3,2,20.355068050550848,0,0.3026,0.2402,2.5e-05,1,0.09385655527667647,False,
2025-12-11 12:55:00,9895640,6806034,2,2,16.70167513729078,0,0.2639,0.1815,2.4e-05,1,0.2648786807638091,False,
2025-12-11 13:00:00,7277142,5167745,1,0,12.444888622661628,0,0.1941,0.1378,8e-06,1,0.16577110951199475,False,
2025-12-11 13:05:00,8818928,7563051,6,4,16.38198050424184,0,0.2352,0.2017,6.1e-05,1,0.18497591353343174,False,
2025-12-11 13:10:00,9930857,5300326,4,2,15.231183449004709,0,0.2648,0.1413,3.9e-05,1,0.2566411212793393,False,
2025-12-11 13:15:00,8549539,4228640,2,3,12.778179825806149,0,0.228,0.1128,3.9e-05,1,0.2330265894250283,False,
2025-12-11 13:20:00,11530506,6176138,0,3,17.706644859949748,0,0.3075,0.1647,1.7e-05,1,0.19784062158346616,False,
2025-12-11 13:25:00,9192411,6330936,3,2,15.52334801507135,0,0.2451,0.1688,3.2e-05,1,0.2741351821004399,False,
2025-12-11 13:30:00,9015367,5325593,3,3,14.340961227472274,0,0.2404,0.142,4.2e-05,1,0.25918860715921305,False,
2025-12-11 13:35:00,5323788,5006371,4,2,10.330160472112228,0,0.142,0.1335,5.8e-05,1,0.0903939014146391,False,
2025-12-11 13:40:00,9189371,6407277,4,1,15.596648918948397,0,0.245,0.1709,3.2e-05,1,0.2741171312016218,False,
2025-12-11 13:45:00,7760763,2576415,2,4,10.337178658663012,0,0.207,0.0687,5.8e-05,1,0.07852432572626233,False,
2025-12-11 13:50:00,8343767,6468641,2,4,14.812409670428458,0,0.2225,0.1725,4.1e-05,1,0.2645245859232454,False,
2025-12-11 13:55:00,9511174,7310728,3,2,16.821902492782208,0,0.2536,0.195,3e-05,1,0.2562153665381219,False,
2025-12-11 14:00:00,8522165,6607680,4,5,15.129845834610578,0,0.2273,0.1762,5.9e-05,1,0.2313100974838294,False,
2025-12-11 14:05:00,6057462,6081872,2,6,12.139334437876144,0,0.1615,0.1622,6.6e-05,1,0.16232398251349267,False,
2025-12-11 14:10:00,7226639,6810721,2,3,14.037360317804378,0,0.1927,0.1816,3.6e-05,1,0.24902383721288524,False,
2025-12-11 14:15:00,10655523,6244019,5,2,16.899543602811185,0,0.2841,0.1665,4.1e-05,1,0.2354892203600435,False,
2025-12-11 14:20:00,8124361,5497661,5,2,13.62202291757349,0,0.2166,0.1466,5.1e-05,1,0.2541493668392528,False,
2025-12-11 14:25:00,9953537,5626708,3,5,15.580245099635889,0,0.2654,0.15,5.1e-05,1,0.24227429752355562,False,
2025-12-11 14:30:00,10287097,8133118,6,1,18.420216092442164,0,0.2743,0.2169,3.8e-05,1,0.18530571106477123,False,
2025-12-11 14:35:00,10464778,6383881,2,1,16.848660401848367,0,0.2791,0.1702,1.8e-05,1,0.24665683553061785,False,
2025-12-11 14:40:00,12062053,7459791,3,1,19.521844653636617,0,0.3217,0.1989,2e-05,1,0.12888099954971788,False,
2025-12-11 14:45:00,8792115,7461488,2,3,16.25360352895433,0,0.2345,0.199,3.1e-05,1,0.25842940247812773,False,
2025-12-11 14:50:00,7976175,5471012,3,3,13.447187600818122,0,0.2127,0.1459,4.5e-05,1,0.25110727751753803,False,
2025-12-11 14:55:00,9470473,7080640,5,0,16.55111409587821,0,0.2525,0.1888,3e-05,1,0.26434868629058844,False,
2025-12-11 15:00:00,10094206,7729941,1,4,17.824147785506682,0,0.2692,0.2061,2.8e-05,1,0.23094495281810823,False,
2025-12-11 15:05:00,11189079,6753882,2,1,17.942962167886243,0,0.2984,0.1801,1.7e-05,1,0.20930221877224836,False,
2025-12-11 15:10:00,9331377,6308164,3,3,15.639541683189288,0,0.2488,0.1682,3.8e-05,1,0.26793762383119396,False,
2025-12-11 15:15:00,9644876,8267353,3,0,17.912229628826402,0,0.2572,0.2205,1.7e-05,1,0.18252464245145728,False,
2025-12-11 15:20:00,9528468,7283873,1,3,16.812341274426075,0,0.2541,0.1942,2.4e-05,1,0.25617746632056393,False,
2025-12-11 15:25:00,7466834,4708734,2,3,12.175568506450611,0,0.1991,0.1256,4.1e-05,1,0.2259085899096167,False,
2025-12-11 15:30:00,7517694,6724726,2,1,14.242421160790494,0,0.2005,0.1793,2.1e-05,1,0.2486439717549485,False,
2025-12-11 15:35:00,7534356,6700464,1,0,14.234820746612057,0,0.2009,0.1787,7e-06,1,0.19725319240996453,False,
2025-12-11 15:40:00,6879374,6532869,5,2,13.41224407851094,0,0.1834,0.1742,5.2e-05,1,0.22330623828046592,False,
2025-12-11 15:45:00,11196047,7321754,3,0,18.51780204577106,0,0.2986,0.1952,1.6e-05,1,0.18426064501863443,False,
2025-12-11 15:50:00,9407736,7862111,3,1,17.269847777194414,0,0.2509,0.2097,2.3e-05,1,0.22963023297129276,False,
2025-12-11 15:55:00,9262878,5551546,3,1,14.814424414925242,0,0.247,0.148,2.7e-05,1,0.26842010679645195,False,
2025-12-11 16:00:00,9034864,7718347,2,0,16.753211809266773,0,0.2409,0.2058,1.2e-05,1,0.22359572684861362,False,
2025-12-11 16:05:00,9242375,5892837,6,0,15.135213413886028,0,0.2465,0.1571,4e-05,1,0.26669662034843583,False,
2025-12-11 16:10:00,8536395,3899190,2,2,12.435586433485891,0,0.2276,0.104,3.2e-05,1,0.21429888367857264,False,
2025-12-11 16:15:00,12258287,6545346,5,2,18.80363402074236,0,0.3269,0.1745,3.7e-05,1,0.16477032500282868,False,
2025-12-11 16:20:00,10905259,5696727,1,0,16.601987351995643,0,0.2908,0.1519,6e-06,1,0.18776625094493032,False,
2025-12-11 16:25:00,8744408,6219926,4,3,14.964335029802449,0,0.2332,0.1659,4.7e-05,1,0.2528580165964259,False,
2025-12-11 16:30:00,11316476,5883695,1,2,17.20017269573048,0,0.3018,0.1569,1.7e-05,1,0.21331664650292415,False,
2025-12-11 16:35:00,7097063,8276827,2,5,15.373891329888052,0,0.1893,0.2207,4.6e-05,1,0.17767736028006542,False,
2025-12-11 16:40:00,7746204,4980264,3,1,12.72646879867244,0,0.2066,0.1328,3.1e-05,1,0.24749348289614542,False,
2025-12-11 16:45:00,8550029,7439264,1,0,15.989294734889713,0,0.228,0.1984,6e-06,1,0.19658966182532922,False,
2025-12-11 16:50:00,8911411,6372251,4,1,15.283662823386132,0,0.2376,0.1699,3.3e-05,1,0.2712578925470567,False,
2025-12-11 16:55:00,9138384,7113558,3,0,16.251942626766745,0,0.2437,0.1897,1.8e-05,1,0.25589485132328427,False,
2025-12-11 17:00:00,8229766,7695474,0,2,15.925240925863848,0,0.2195,0.2052,1.3e-05,1,0.22663316664513844,False,
2025-12-11 17:05:00,7889048,3755157,4,0,11.644205900148432,0,0.2104,0.1001,3.4e-05,1,0.18076162791342137,False,
2025-12-11 17:10:00,6432422,6346156,3,5,12.778578662873183,0,0.1715,0.1692,6.3e-05,1,0.1828222986668563,False,
2025-12-11 17:15:00,8176178,6310751,2,1,14.486930338684076,0,0.218,0.1683,2.1e-05,1,0.2571649182212339,False,
2025-12-11 17:20:00,11394898,5063590,5,4,16.458489051935825,0,0.3039,0.135,5.5e-05,1,0.17683057957547715,False,
2025-12-11 17:25:00,10342313,6983661,3,2,17.325974654963574,0,0.2758,0.1862,2.9e-05,1,0.24338936297289104,False,
2025-12-11 17:30:00,6045685,6129019,5,2,12.1747050497909,0,0.1612,0.1634,5.7e-05,1,0.18734476005979167,False,
2025-12-11 17:35:00,8377801,8013929,7,1,16.39173104275362,0,0.2234,0.2137,4.9e-05,1,0.2021781277861341,False,
2025-12-11 17:40:00,11598771,5960396,1,2,17.559168016981236,0,0.3093,0.1589,1.7e-05,1,0.2021724585510048,False,
2025-12-11 17:45:00,6061690,5941101,5,2,12.00279169554315,0,0.1616,0.1584,5.8e-05,1,0.1828428545128019,False,
2025-12-11 17:50:00,8436180,7124183,3,2,15.5603641530781,0,0.225,0.19,3.2e-05,1,0.2657614834974732,False,
2025-12-11 17:55:00,6230054,3538389,0,4,9.768444690664806,0,0.1661,0.0944,4.1e-05,1,0.08010192945238337,False,
2025-12-11 18:00:00,7479145,8192051,4,1,15.67119618498958,0,0.1994,0.2185,3.2e-05,1,0.20654947005064828,False,
2025-12-11 18:05:00,7902218,6800392,1,2,14.70261164168239,0,0.2107,0.1813,2e-05,1,0.2544923989874663,False,
2025-12-11 18:10:00,10013057,6034865,1,1,16.04792322074169,0,0.267,0.1609,1.2e-05,1,0.2279313422002427,False,
2025-12-11 18:15:00,8102167,7636693,3,0,15.738860783552092,0,0.2161,0.2036,1.9e-05,1,0.24288410766623753,False,
2025-12-11 18:20:00,9151875,7025828,5,5,16.177703520868107,0,0.244,0.1874,6.2e-05,1,0.20579519842246763,False,
2025-12-11 18:25:00,10268854,4613751,5,2,14.88260653829041,0,0.2738,0.123,4.7e-05,1,0.22284756819360552,False,
2025-12-11 18:30:00,9543361,7648217,4,4,17.191579168939047,0,0.2545,0.204,4.7e-05,1,0.21481634911041947,False,
2025-12-11 18:35:00,10322166,6733844,1,4,17.05601123037309,0,0.2753,0.1796,2.9e-05,1,0.24712667139083516,False,
2025-12-11 18:40:00,8882629,6470707,2,5,15.353336273082368,0,0.2369,0.1726,4.6e-05,1,0.25325266014778314,False,
2025-12-11 18:45:00,10201138,7680642,2,2,17.88178081148545,0,0.272,0.2048,2.2e-05,1,0.22432331886815793,False,
2025-12-11 18:50:00,8525735,6544254,4,2,15.069990061640247,0,0.2274,0.1745,4e-05,1,0.2670892140591512,False,
2025-12-11 18:55:00,9487654,5475562,0,2,14.963217298533552,0,0.253,0.146,1.3e-05,1,0.23253507404721546,False,
2025-12-11 19:00:00,7049146,7967488,3,3,15.0166350995349,0,0.188,0.2125,4e-05,1,0.21370059147147552,False,
2025-12-11 19:05:00,9028109,5931812,2,1,14.959922141400392,0,0.2407,0.1582,2e-05,1,0.2668595012733176,False,
2025-12-11 19:10:00,6503403,8301808,4,2,14.805212572381986,0,0.1734,0.2214,4.1e-05,1,0.1765298811870158,False,
2025-12-11 19:15:00,10659368,6930631,2,1,17.59000070504798,0,0.2842,0.1848,1.7e-05,1,0.22634561191586072,False,
2025-12-11 19:20:00,5744476,6082489,3,4,11.826965784923177,0,0.1532,0.1622,5.9e-05,1,0.16117655470519282,False,
2025-12-11 19:25:00,9956279,4737141,5,4,14.6934211900195,0,0.2655,0.1263,6.1e-05,1,0.1956544245784036,False,
2025-12-11 19:30:00,8891768,7569313,1,2,16.461082721269673,0,0.2371,0.2018,1.8e-05,1,0.2411522294767079,False,
2025-12-11 19:35:00,9664547,7001963,3,2,16.66651156718103,0,0.2577,0.1867,3e-05,1,0.267231088595892,False,
2025-12-11 19:40:00,6680165,5880475,1,0,12.560641026350424,0,0.1781,0.1568,8e-06,1,0.16702281022619064,False,
2025-12-11 19:45:00,9457002,8029548,0,2,17.48655105872922,0,0.2522,0.2141,1.1e-05,1,0.18166673893595975,False,
2025-12-11 19:50:00,8985766,8341244,1,0,17.327011034969146,0,0.2396,0.2224,6e-06,1,0.15448423731800837,False,
2025-12-11 19:55:00,12691865,6139202,3,2,18.831067983434348,0,0.3384,0.1637,2.7e-05,1,0.14715099609240073,False,
2025-12-11 20:00:00,8507612,6254270,1,1,14.76188299559028,0,0.2269,0.1668,1.4e-05,1,0.23890407906994104,False,
2025-12-11 20:05:00,9010956,4160552,2,2,13.171508418124152,0,0.2403,0.1109,3e-05,1,0.22772649569892217,False,
2025-12-11 20:10:00,6725915,5741814,2,3,12.467729638412736,0,0.1794,0.1531,4e-05,1,0.23530386242200924,False,
2025-12-11 20:15:00,9305244,4447719,3,5,13.752963991211264,0,0.2481,0.1186,5.8e-05,1,0.1918593996038374,False,
2025-12-11 20:20:00,10031590,3763918,2,1,13.79550926033072,0,0.2675,0.1004,2.2e-05,1,0.19392366170536063,False,
2025-12-11 20:25:00,9632292,5006874,0,1,14.639166833765357,0,0.2569,0.1335,7e-06,1,0.19511528807264555,False,
2025-12-11 20:30:00,8979166,5676941,4,2,14.656107229578682,0,0.2394,0.1514,4.1e-05,1,0.26496299883137797,False,
2025-12-11 20:35:00,6858215,5987398,2,4,12.845613937051494,0,0.1829,0.1597,4.7e-05,1,0.23396623079633905,False,
2025-12-11 20:40:00,9408112,6393800,5,0,15.801912433518964,0,0.2509,0.1705,3.2e-05,1,0.2705089581599584,False,
2025-12-11 20:45:00,6194434,5839371,2,0,12.0338061431766,0,0.1652,0.1557,1.7e-05,1,0.18321078091568094,False,
2025-12-11 20:50:00,6279834,5652403,2,1,11.932238572482742,0,0.1675,0.1507,2.5e-05,1,0.2015599861282819,False,
2025-12-11 20:55:00,7382622,6760778,2,0,14.143400450964265,0,0.1969,0.1803,1.4e-05,1,0.21467898475219738,False,
2025-12-11 21:00:00,10388752,6454292,5,3,16.84304441776102,0,0.277,0.1721,4.7e-05,1,0.22773100590476236,False,
2025-12-11 21:05:00,8368574,7710297,3,4,16.078871575240946,0,0.2232,0.2056,4.4e-05,1,0.2269793215815859,False,
2025-12-11 21:10:00,8914851,5966863,2,0,14.881714453524795,0,0.2377,0.1591,1.3e-05,1,0.23782182949006947,False,
2025-12-11 21:15:00,6641734,6898613,1,4,13.54034845916418,0,0.1771,0.184,3.7e-05,1,0.22438750472566615,False,
2025-12-11 21:20:00,9460734,5489892,2,3,14.950626969780323,0,0.2523,0.1464,3.3e-05,1,0.2715996566205378,False,
2025-12-11 21:25:00,8021708,4289576,1,2,12.3112852279201,0,0.2139,0.1144,2.4e-05,1,0.21825732511606494,False,
2025-12-11 21:30:00,10240602,7263220,1,4,17.503822782941832,0,0.2731,0.1937,2.9e-05,1,0.24017037188305473,False,
2025-12-11 21:35:00,6801582,6985175,1,0,13.786758081967651,0,0.1814,0.1863,7e-06,1,0.16857535798561013,False,
2025-12-11 21:40:00,9077421,7689822,2,1,16.767244250391713,0,0.2421,0.2051,1.8e-05,1,0.24271436909118255,False,
2025-12-11 21:45:00,7747532,5247015,2,1,12.994548398432876,0,0.2066,0.1399,2.3e-05,1,0.24032977265613525,False,
2025-12-11 21:50:00,8883217,6368054,2,4,15.251272377640626,0,0.2369,0.1698,3.9e-05,1,0.265009833066766,False,
2025-12-11 21:55:00,12437250,7015599,2,2,19.45285044918252,0,0.3317,0.1871,2.1e-05,1,0.12435282903738465,False,
2025-12-11 22:00:00,7088460,5660614,4,3,12.749074596392058,0,0.189,0.1509,5.5e-05,1,0.227911419771538,False,
2025-12-11 22:05:00,8822135,6489764,1,2,15.311899198865005,0,0.2353,0.1731,2e-05,1,0.26588394081446376,False,
2025-12-11 22:10:00,9398741,6507564,2,3,15.906306083839947,0,0.2506,0.1735,3.1e-05,1,0.27029329987724593,False,
2025-12-11 22:15:00,7855046,3808933,2,3,11.663979775659328,0,0.2095,0.1016,4.3e-05,1,0.19050072745671365,False,
2025-12-11 22:20:00,11014688,5406343,3,1,16.421031676157334,0,0.2937,0.1442,2.4e-05,1,0.24685880230335794,False,
2025-12-11 22:25:00,11046316,6200235,4,3,17.24655267141309,0,0.2946,0.1653,4.1e-05,1,0.22040920848317624,False,
2025-12-11 22:30:00,11470845,5382561,7,4,16.853407395236417,0,0.3059,0.1435,6.5e-05,1,0.14605111946378063,False,
2025-12-11 22:35:00,6697246,7699579,2,3,14.39682591176991,0,0.1786,0.2053,3.5e-05,1,0.21756145946850486,False,
2025-12-11 22:40:00,7930880,7113905,1,4,15.04478672580763,0,0.2115,0.1897,3.3e-05,1,0.26010127178131226,False,
2025-12-11 22:45:00,11452455,6304495,3,1,17.756950137216883,0,0.3054,0.1681,2.3e-05,1,0.2170565379815348,False,
2025-12-11 22:50:00,10339987,7764323,5,6,18.104311549843025,0,0.2757,0.207,6.1e-05,1,0.15498870476712934,False,
2025-12-11 22:55:00,7285446,5084211,3,2,12.369657730830609,0,0.1943,0.1356,4e-05,1,0.23401237283734228,False,
2025-12-11 23:00:00,10951122,5906721,1,2,16.857844071669525,0,0.292,0.1575,1.8e-05,1,0.23324458832791262,False,
2025-12-11 23:05:00,10626779,6604616,3,2,17.231396530133246,0,0.2834,0.1761,2.9e-05,1,0.2504398152532916,False,
2025-12-11 23:10:00,9911094,5092331,3,1,15.003425653246024,0,0.2643,0.1358,2.7e-05,1,0.26206825487072827,False,
2025-12-11 23:15:00,7566852,4960626,6,2,12.527478592062543,0,0.2018,0.1323,6.4e-05,1,0.19267386944384274,False,
2025-12-11 23:20:00,14431543,5230811,3,1,19.66235406751,0,0.3848,0.1395,2e-05,1,0.07254939252923132,False,
2025-12-11 23:25:00,9330360,8611003,2,0,17.941364955095818,0,0.2488,0.2296,1.1e-05,1,0.15323091602245237,False,
2025-12-11 23:30:00,10689691,6416124,6,2,17.10581555677161,0,0.2851,0.1711,4.7e-05,1,0.21627291749230976,False,
2025-12-11 23:35:00,9016619,6530020,7,0,15.54664010345506,0,0.2404,0.1741,4.5e-05,1,0.25663056872082474,False,
2025-12-11 23:40:00,7556444,8013375,5,2,15.56982036873926,0,0.2015,0.2137,4.5e-05,1,0.20749504959500242,False,
2025-12-11 23:45:00,10229460,6683468,1,2,16.912928737456326,0,0.2728,0.1782,1.8e-05,1,0.24550483127134282,False,
2025-12-11 23:50:00,8403929,8071059,1,2,16.474989186416316,0,0.2241,0.2152,1.8e-05,1,0.21550541806859752,False,
2025-12-11 23:55:00,12424631,6122237,2,2,18.546868866826244,0,0.3313,0.1633,2.2e-05,1,0.1618628575933182,False,
2025-12-12 00:00:00,10248548,7323570,2,3,17.572119101106694,0,0.2733,0.1953,2.8e-05,1,0.23928743026500549,False,
2025-12-12 00:05:00,7270965,7196985,7,3,14.467950525542095,0,0.1939,0.1919,6.9e-05,1,0.15904570506736465,False,
2025-12-12 00:10:00,10062916,6697902,3,2,16.760818748968585,0,0.2683,0.1786,3e-05,1,0.25974195208178413,False,
2025-12-12 00:15:00,10159123,5887182,2,1,16.046305873605956,0,0.2709,0.157,1.9e-05,1,0.2506909237073339,False,
2025-12-12 00:20:00,10275778,5768621,4,3,16.044400161783045,0,0.274,0.1538,4.4e-05,1,0.23863529707028142,False,
2025-12-12 00:25:00,10681236,3950988,7,2,14.63222449054312,0,0.2848,0.1054,6.2e-05,1,0.15639002412441794,False,
2025-12-12 00:30:00,9368502,5393377,2,2,14.761880825208154,0,0.2498,0.1438,2.7e-05,1,0.2691641846371456,False,
2025-12-12 00:35:00,9824629,5550949,4,0,15.375578121978108,0,0.262,0.148,2.6e-05,1,0.26274303075682265,False,
2025-12-12 00:40:00,8532314,5759879,1,3,14.292194775936808,0,0.2275,0.1536,2.8e-05,1,0.26700507383074784,False,
2025-12-12 00:45:00,7591342,6468125,3,1,14.059467238086636,0,0.2024,0.1725,2.8e-05,1,0.25820055860214153,False,
2025-12-12 00:50:00,7734430,5535842,4,1,13.270272920860084,0,0.2063,0.1476,3.8e-05,1,0.254538222427724,False,
2025-12-12 00:55:00,8330342,5444643,2,1,13.77498571056207,0,0.2221,0.1452,2.2e-05,1,0.2537047374432928,False,
2025-12-12 01:00:00,8489145,4621446,10,0,13.110592705209427,0,0.2264,0.1232,7.6e-05,1,0.13804368164689518,False,
2025-12-12 01:05:00,8964004,6427834,3,2,15.391838829683884,0,0.239,0.1714,3.2e-05,1,0.2722945279454666,False,
2025-12-12 01:10:00,10630217,7005721,3,0,17.635938372053598,0,0.2835,0.1868,1.7e-05,1,0.2252824557230289,False,
2025-12-12 01:15:00,8811360,7087233,4,2,15.898594058310342,0,0.235,0.189,3.8e-05,1,0.26305038327189734,False,
2025-12-12 01:20:00,8750600,4814839,4,1,13.56544020636948,0,0.2333,0.1284,3.7e-05,1,0.24985981330333795,False,
2025-12-12 01:25:00,8607004,7469664,5,4,16.07666886083556,0,0.2295,0.1992,5.6e-05,1,0.2083224609850366,False,
2025-12-12 01:30:00,8671371,3852538,3,2,12.52390993869107,0,0.2312,0.1027,4e-05,1,0.22061465764107907,False,
2025-12-12 01:35:00,11508263,3926419,4,3,15.434683145118523,0,0.3069,0.1047,4.5e-05,1,0.17669308856330423,False,
2025-12-12 01:40:00,11009788,3569864,6,0,14.579652426861788,0,0.2936,0.0952,4.1e-05,1,0.19008957357114903,False,
2025-12-12 01:45:00,8891434,7133267,6,0,16.024702581511903,0,0.2371,0.1902,3.7e-05,1,0.2631958051872161,False,
2025-12-12 01:50:00,7257831,6348245,1,1,13.606077286576538,0,0.1935,0.1693,1.5e-05,1,0.21186138865077264,False,
2025-12-12 01:55:00,9760051,6985603,3,1,16.745655209606788,0,0.2603,0.1863,2.4e-05,1,0.2648070715758142,False,
2025-12-12 02:00:00,8571859,7197415,0,0,15.769274646463463,0,0.2286,0.1919,0.0,1,0.1799742228945302,False,
2025-12-12 02:05:00,8348870,4194285,1,2,12.543155913335656,0,0.2226,0.1118,2.4e-05,1,0.21887263282972497,False,
2025-12-12 02:10:00,10357053,5402363,2,3,15.759416433571865,0,0.2762,0.1441,3.2e-05,1,0.2579802750058799,False,
2025-12-12 02:15:00,10864198,4001678,2,1,14.865877578643897,0,0.2897,0.1067,2e-05,1,0.20784321580533788,False,
2025-12-12 02:20:00,6620424,5023088,2,0,11.643512318583197,0,0.1765,0.1339,1.7e-05,1,0.17466390646475666,False,
2025-12-12 02:25:00,10557254,5214123,3,6,15.77137791290638,0,0.2815,0.139,5.7e-05,1,0.2119824844094781,False,
2025-12-12 02:30:00,8495044,7151418,2,0,15.64646307642176,0,0.2265,0.1907,1.3e-05,1,0.23898204197544481,False,
2025-12-12 02:35:00,8751704,6903359,2,0,15.655064262057904,0,0.2334,0.1841,1.3e-05,1,0.24773627459329906,False,
2025-12-12 02:40:00,7602403,4101767,0,3,11.704170900893605,0,0.2027,0.1094,2.6e-05,1,0.19385108046262134,False,
2025-12-12 02:45:00,6666784,4546685,1,0,11.213470783362787,0,0.1778,0.1212,9e-06,1,0.11580799423664434,False,
2025-12-12 02:50:00,10372812,6674946,3,2,17.04775871462897,0,0.2766,0.178,2.9e-05,1,0.24288749521879938,False,
2025-12-12 02:55:00,8348312,4398605,4,1,12.746917796076945,0,0.2226,0.1173,3.9e-05,1,0.23578568585218274,False,
2025-12-12 03:00:00,9496377,5985698,5,2,15.482075328300638,0,0.2532,0.1596,4.5e-05,1,0.25317379943554663,False,
2025-12-12 03:05:00,4869734,5555950,6,4,10.425684382379584,0,0.1299,0.1482,9.6e-05,1,0.014125868875524361,False,
2025-12-12 03:10:00,11797514,6148772,3,2,17.94628704348424,0,0.3146,0.164,2.8e-05,1,0.19965363794380442,False,
2025-12-12 03:15:00,6957131,5246921,1,0,12.204052996714532,0,0.1855,0.1399,8e-06,1,0.15862047458093348,False,
2025-12-12 03:20:00,8975680,7888175,5,1,16.8638558713241,0,0.2394,0.2104,3.6e-05,1,0.2335647237935758,False,
2025-12-12 03:25:00,10708407,6475637,0,3,17.184044729711122,0,0.2856,0.1727,1.7e-05,1,0.23321377506730256,False,
2025-12-12 03:30:00,9041983,7011085,1,1,16.053068417099908,0,0.2411,0.187,1.2e-05,1,0.24423882445461792,False,
2025-12-12 03:35:00,7547760,5780378,3,3,13.328139118443532,0,0.2013,0.1541,4.5e-05,1,0.24898648858808314,False,
2025-12-12 03:40:00,8991677,4749876,2,4,13.741553507292206,0,0.2398,0.1267,4.4e-05,1,0.24007797423913263,False,
2025-12-12 03:45:00,8741725,7618791,1,2,16.36051759649181,0,0.2331,0.2032,1.8e-05,1,0.24186808333263998,False,
2025-12-12 03:50:00,11418527,6462261,4,5,17.88078861262666,0,0.3045,0.1723,5e-05,1,0.1835032554842555,False,
2025-12-12 03:55:00,9725850,4738759,2,3,14.46460952368204,0,0.2594,0.1264,3.5e-05,1,0.2522018524522995,False,
2025-12-12 04:00:00,7998540,4492792,2,3,12.491333688927115,0,0.2133,0.1198,4e-05,1,0.22312830718085103,False,
2025-12-12 04:05:00,11354468,6294061,4,3,17.64852983679932,0,0.3028,0.1678,4e-05,1,0.21243152052730552,False,
2025-12-12 04:10:00,7346295,6480433,7,4,13.826728574275869,0,0.1959,0.1728,8e-05,1,0.12084309770983015,False,
2025-12-12 04:15:00,6567505,7046129,2,0,13.613634982819564,0,0.1751,0.1879,1.5e-05,1,0.1971308375273469,False,
2025-12-12 04:20:00,7760773,6641555,2,2,14.402329132880707,0,0.207,0.1771,2.8e-05,1,0.26188417941783265,False,
2025-12-12 04:25:00,11592887,5543695,1,2,17.136583528935738,0,0.3091,0.1478,1.8e-05,1,0.20984813268439106,False,
2025-12-12 04:30:00,7998812,5298446,4,1,13.297259232922334,0,0.2133,0.1413,3.8e-05,1,0.2506313468664601,False,
2025-12-12 04:35:00,10467704,7872611,2,1,18.34031651252948,0,0.2791,0.2099,1.6e-05,1,0.1840569226599471,False,
2025-12-12 04:40:00,9214034,7075998,0,2,16.29003352066728,0,0.2457,0.1887,1.2e-05,1,0.2397416845067709,False,
2025-12-12 04:45:00,12517387,5353949,2,4,17.871337753393878,0,0.3338,0.1428,3.4e-05,1,0.18083697303549617,False,
2025-12-12 04:50:00,9674675,6682225,2,3,16.356901123704787,0,0.258,0.1782,3.1e-05,1,0.26622235412758133,False,
2025-12-12 04:55:00,11226167,5802796,3,2,17.028963845269416,0,0.2994,0.1547,2.9e-05,1,0.23186763973000402,False,
2025-12-12 05:00:00,7613116,7773412,3,1,15.38652920425238,0,0.203,0.2073,2.6e-05,1,0.24355114192072141,False,
2025-12-12 05:05:00,7824123,4291201,1,2,12.115325637803013,0,0.2086,0.1144,2.5e-05,1,0.21223345604859173,False,
2025-12-12 05:10:00,7974464,4286856,2,3,12.261320486904316,0,0.2127,0.1143,4.1e-05,1,0.21916283967003874,False,
2025-12-12 05:15:00,10670936,6157367,2,2,16.82830409092033,0,0.2846,0.1642,2.4e-05,1,0.2533060402966009,False,
2025-12-12 05:20:00,8776504,5666114,3,5,14.442619042738528,0,0.234,0.1511,5.5e-05,1,0.24283443046533137,False,
2025-12-12 05:25:00,11029556,5802771,1,3,16.83232797385233,0,0.2941,0.1547,2.4e-05,1,0.24469485436189403,False,
2025-12-12 05:30:00,8108354,4780273,1,1,12.888628698177325,0,0.2162,0.1275,1.6e-05,1,0.21407470162319947,False,
2025-12-12 05:35:00,10663578,4741273,2,3,15.404852167555331,0,0.2844,0.1264,3.2e-05,1,0.24488405090893156,False,
2025-12-12 05:40:00,9483145,6110241,3,3,15.593387556197628,0,0.2529,0.1629,3.8e-05,1,0.26585550326698704,False,
2025-12-12 05:45:00,8442268,4461696,6,3,12.903964620487148,0,0.2251,0.119,7e-05,1,0.16497748348730407,False,
2025-12-12 05:50:00,10561541,6834015,2,0,17.39555771445169,0,0.2816,0.1822,1.1e-05,1,0.21311621772513412,False,
2025-12-12 05:55:00,6995370,6387415,3,3,13.382785787918705,0,0.1865,0.1703,4.5e-05,1,0.23353933749294914,False,
2025-12-12 06:00:00,7360834,3405039,6,0,10.765873663487202,0,0.1963,0.0908,5.6e-05,1,0.12212309008852096,False,
2025-12-12 06:05:00,8746456,5272469,2,3,14.018925358295816,0,0.2332,0.1406,3.6e-05,1,0.2618916772253461,False,
2025-12-12 06:10:00,10785231,7308103,2,2,18.09333519016834,0,0.2876,0.1949,2.2e-05,1,0.227245128540141,False,
2025-12-12 06:15:00,9379062,7719523,2,3,17.098585309048865,0,0.2501,0.2059,2.9e-05,1,0.24138431627628876,False,
2025-12-12 06:20:00,7801617,7878010,2,1,15.679628014619013,0,0.208,0.2101,1.9e-05,1,0.22372501767545366,False,
2025-12-12 06:25:00,9983552,6547301,3,1,16.530854325159915,0,0.2662,0.1746,2.4e-05,1,0.2602201168141463,False,
2025-12-12 06:30:00,8945555,3914333,1,2,12.859889196105868,0,0.2385,0.1044,2.3e-05,1,0.21525349313054915,False,
2025-12-12 06:35:00,9117881,4957283,3,5,14.075165144601536,0,0.2431,0.1322,5.7e-05,1,0.2261802158610105,False,
2025-12-12 06:40:00,7626628,4470168,7,1,12.09679700157212,0,0.2034,0.1192,6.6e-05,1,0.16128073942174798,False,
2025-12-12 06:45:00,7042191,6718814,8,0,13.761005809282755,0,0.1878,0.1792,5.8e-05,1,0.20609807787355794,False,
2025-12-12 06:50:00,7716180,6252227,3,3,13.968408079670358,0,0.2058,0.1667,4.3e-05,1,0.2538522497841,False,
2025-12-12 06:55:00,7560887,6242157,1,1,13.803045065545511,0,0.2016,0.1665,1.4e-05,1,0.22138833379058137,False,
2025-12-12 07:00:00,7027815,5334607,5,2,12.36242297550088,0,0.1874,0.1423,5.7e-05,1,0.21141364789105271,False,
2025-12-12 07:05:00,9186480,5822422,2,1,15.008903004515394,0,0.245,0.1553,2e-05,1,0.2656652702445292,False,
2025-12-12 07:10:00,8190778,7416836,4,2,15.607614356548517,0,0.2184,0.1978,3.8e-05,1,0.2572373951936287,False,
2025-12-12 07:15:00,10753685,5275297,3,2,16.028982216582026,0,0.2868,0.1407,3.1e-05,1,0.24945247219579486,False,
2025-12-12 07:20:00,9052629,4830878,2,4,13.883507849730924,0,0.2414,0.1288,4.3e-05,1,0.24604305191698883,False,
2025-12-12 07:25:00,10622390,5268480,3,0,15.890870564591522,0,0.2833,0.1405,1.9e-05,1,0.23862469358484584,False,
2025-12-12 07:30:00,8758824,6885469,1,3,15.644294122353442,0,0.2336,0.1836,2.6e-05,1,0.2692546102071447,False,
2025-12-12 07:35:00,7248981,5083450,4,1,12.332431989346452,0,0.1933,0.1356,4.1e-05,1,0.23439503121719585,False,
2025-12-12 07:40:00,7789027,5699272,7,2,13.488299472152052,0,0.2077,0.152,6.7e-05,1,0.2015808886711664,False,
2025-12-12 07:45:00,7622934,6763736,4,0,14.386671688017374,0,0.2033,0.1804,2.8e-05,1,0.25790965451468917,False,
2025-12-12 07:50:00,5336346,5516663,1,1,10.85301013296275,0,0.1423,0.1471,1.8e-05,1,0.12641228294880769,False,
2025-12-12 07:55:00,10260532,6718428,1,3,16.97896108111674,0,0.2736,0.1792,2.4e-05,1,0.25115155151625934,False,
2025-12-12 08:00:00,8317046,7175571,2,2,15.49261814653156,0,0.2218,0.1913,2.6e-05,1,0.26599280577711504,False,
2025-12-12 08:05:00,11195271,6011436,1,4,17.20670812859766,0,0.2985,0.1603,2.9e-05,1,0.2407338645617052,False,
2025-12-12 08:10:00,10455814,7392260,3,3,17.848074706828317,0,0.2788,0.1971,3.4e-05,1,0.23331371831137937,False,
2025-12-12 08:15:00,5663249,7151015,2,2,12.814264507211629,0,0.151,0.1907,3.1e-05,1,0.1878681322364672,False,
2025-12-12 08:20:00,8388605,6090131,5,5,14.478736762348529,0,0.2237,0.1624,6.9e-05,1,0.18825471617792194,False,
2025-12-12 08:25:00,7965763,6012844,2,4,13.978607539587816,0,0.2124,0.1603,4.3e-05,1,0.2554828331754761,False,
2025-12-12 08:30:00,11066054,7480047,4,3,18.54610131124217,0,0.2951,0.1995,3.8e-05,1,0.2026633860453551,False,
2025-12-12 08:35:00,8589854,4916568,3,3,13.506422558349271,0,0.2291,0.1311,4.4e-05,1,0.24945964506459956,False,
2025-12-12 08:40:00,11302121,4753540,2,3,16.055661264587844,0,0.3014,0.1268,3.1e-05,1,0.22231574222647377,False,
2025-12-12 08:45:00,9759224,7235234,2,2,16.994459244852603,0,0.2602,0.1929,2.4e-05,1,0.2549938988143597,False,
2025-12-12 08:50:00,8654566,4760977,2,3,13.41554383736965,0,0.2308,0.127,3.7e-05,1,0.24751825598530836,False,
2025-12-12 08:55:00,8493992,6678163,4,1,15.1721563411121,0,0.2265,0.1781,3.3e-05,1,0.26925077858827745,False,
2025-12-12 09:00:00,11831819,7526832,1,2,19.358652229307676,0,0.3155,0.2007,1.5e-05,1,0.12296881685967864,False,
2025-12-12 09:05:00,8156691,8005531,4,4,16.16222292492516,0,0.2175,0.2135,4.9e-05,1,0.20645608781714475,False,
2025-12-12 09:10:00,11836648,4923190,3,3,16.759839295875846,0,0.3156,0.1313,3.6e-05,1,0.2104211856423348,False,
2025-12-12 09:15:00,12194470,6754585,2,5,18.94905652433358,0,0.3252,0.1801,3.7e-05,1,0.16666328033827693,False,
2025-12-12 09:20:00,8882830,4764326,4,2,13.64715706382094,0,0.2369,0.127,4.4e-05,1,0.24527170308233048,False,
2025-12-12 09:25:00,10579198,6666522,2,1,17.24572076003726,0,0.2821,0.1778,1.7e-05,1,0.23687330943855212,False,
2025-12-12 09:30:00,8270869,6692230,3,1,14.96309957243801,0,0.2206,0.1785,2.7e-05,1,0.27009806316913515,False,
2025-12-12 09:35:00,8136869,5021351,0,1,13.158220545622193,0,0.217,0.1339,8e-06,1,0.1788379364028404,False,
2025-12-12 09:40:00,9041265,5817906,3,3,14.8591721383971,0,0.2411,0.1551,4e-05,1,0.2674850982432681,False,
2025-12-12 09:45:00,6890183,5966021,2,1,12.85620577949167,0,0.1837,0.1591,2.3e-05,1,0.23005064697602756,False,
2025-12-12 09:50:00,7851566,6149106,3,1,14.000673514335052,0,0.2094,0.164,2.9e-05,1,0.26419218788498805,False,
2025-12-12 09:55:00,11769202,7025697,2,2,18.794900555572504,0,0.3138,0.1874,2.1e-05,1,0.17854414652714218,False,
2025-12-12 10:00:00,10955356,3044804,3,0,14.00016134917163,0,0.2921,0.0812,2.1e-05,1,0.1619318078201349,False,
2025-12-12 10:05:00,7205000,5870522,3,1,13.075523037144412,0,0.1921,0.1565,3.1e-05,1,0.24916553315528306,False,
2025-12-12 10:10:00,9854731,5316771,5,3,15.171502599056552,0,0.2628,0.1418,5.3e-05,1,0.23470659195914612,False,
2025-12-12 10:15:00,7608863,8151084,4,0,15.759948092883333,0,0.2029,0.2174,2.5e-05,1,0.20209992635742535,False,
2025-12-12 10:20:00,9429242,4635771,1,1,14.065014698131616,0,0.2514,0.1236,1.4e-05,1,0.20378716439910555,False,
2025-12-12 10:25:00,8916210,4200129,6,3,13.11633930623158,0,0.2378,0.112,6.9e-05,1,0.1583183890148685,False,
2025-12-12 10:30:00,9554866,7340186,4,1,16.89505327605973,0,0.2548,0.1957,3e-05,1,0.25336603948686476,False,
2025-12-12 10:35:00,10295402,5678264,4,5,15.97366691287837,0,0.2745,0.1514,5.6e-05,1,0.21232884992238987,False,
2025-12-12 10:40:00,7959698,5612244,3,2,13.5719426223774,0,0.2123,0.1497,3.7e-05,1,0.2580836814777694,False,
2025-12-12 10:45:00,9379161,4813772,4,1,14.19293462084584,0,0.2501,0.1284,3.5e-05,1,0.25483033975680514,False,
2025-12-12 10:50:00,8216267,6144809,4,1,14.36107748097197,0,0.2191,0.1639,3.5e-05,1,0.2705525613948817,False,
2025-12-12 10:55:00,7663046,7035486,3,1,14.698532697916283,0,0.2043,0.1876,2.7e-05,1,0.2563777341069039,False,
2025-12-12 11:00:00,7617772,7143516,2,3,14.761289030158716,0,0.2031,0.1905,3.4e-05,1,0.25792864130026816,False,
2025-12-12 11:05:00,10757010,8089558,2,3,18.846568746315544,0,0.2869,0.2157,2.7e-05,1,0.17685287296808005,False,
2025-12-12 11:10:00,11478884,7190531,1,5,18.669416414348408,0,0.3061,0.1917,3.2e-05,1,0.20311980092927256,False,
2025-12-12 11:15:00,10068482,8387358,2,1,18.455840526037942,0,0.2685,0.2237,1.6e-05,1,0.16215509591495875,False,
2025-12-12 11:20:00,9299488,5234151,0,2,14.533640131615885,0,0.248,0.1396,1.4e-05,1,0.22956900999257712,False,
2025-12-12 11:25:00,11337504,6580371,4,4,17.917875882619256,0,0.3023,0.1755,4.5e-05,1,0.19961922764574225,False,
2025-12-12 11:30:00,8357046,5366463,4,2,13.723510088223348,0,0.2229,0.1431,4.4e-05,1,0.25757175429940365,False,
2025-12-12 11:35:00,10480687,5390678,4,3,15.87136590019018,0,0.2795,0.1438,4.4e-05,1,0.2378681851577048,False,
2025-12-12 11:40:00,9303323,4673942,2,0,13.977265674469006,0,0.2481,0.1246,1.4e-05,1,0.20498019130526396,False,
2025-12-12 11:45:00,9285255,3180381,0,2,12.465637409296908,0,0.2476,0.0848,1.6e-05,1,0.15471942855689796,False,
2025-12-12 11:50:00,10164553,7684329,2,1,17.84888292924398,0,0.2711,0.2049,1.7e-05,1,0.214881535287189,False,
2025-12-12 11:55:00,8222234,6148777,0,1,14.371012402484148,0,0.2193,0.164,7e-06,1,0.21144452078296072,False,
2025-12-12 12:00:00,10273885,6215312,1,4,16.489198019949438,0,0.274,0.1657,3e-05,1,0.2563916644882837,False,
2025-12-12 12:05:00,8914236,5986418,2,0,14.900654520806263,0,0.2377,0.1596,1.3e-05,1,0.2402447641630272,False,
2025-12-12 12:10:00,8024554,4944265,3,3,12.96881942557536,0,0.214,0.1318,4.6e-05,1,0.24392617175966358,False,
2025-12-12 12:15:00,8953083,5067236,3,3,14.020319894793795,0,0.2387,0.1351,4.3e-05,1,0.2555737992156749,False,
2025-12-12 12:20:00,9755502,5144790,6,2,14.900292426239616,0,0.2601,0.1372,5.4e-05,1,0.2264902088534264,False,
2025-12-12 12:25:00,11790023,6287338,3,1,18.07736215184514,0,0.3144,0.1677,2.2e-05,1,0.19791549189863417,False,
2025-12-12 12:30:00,9101292,6850252,3,2,15.951544956499747,0,0.2427,0.1827,3.1e-05,1,0.26858842415077927,False,
2025-12-12 12:35:00,8908393,5442067,8,3,14.350461615898666,0,0.2376,0.1451,7.7e-05,1,0.14806263817407095,False,
2025-12-12 12:40:00,9330750,3948890,4,4,13.27964046869545,0,0.2488,0.1053,6e-05,1,0.177208484641866,False,
2025-12-12 12:45:00,10986769,4282515,2,0,15.269284260447208,0,0.293,0.1142,1.3e-05,1,0.1823276949061685,False,
2025-12-12 12:50:00,6005194,5133622,2,2,11.13881698100016,0,0.1601,0.1369,3.6e-05,1,0.18611322744292658,False,
2025-12-12 12:55:00,6714965,5547390,3,2,12.262356949191831,0,0.1791,0.1479,4.1e-05,1,0.23107387964079978,False,
2025-12-12 13:00:00,9465132,5770846,4,2,15.235979882948412,0,0.2524,0.1539,3.9e-05,1,0.2631564935320887,False,
2025-12-12 13:05:00,9569235,6362580,2,2,15.931815710679729,0,0.2552,0.1697,2.5e-05,1,0.26384775691021356,False,
2025-12-12 13:10:00,7304045,4150902,3,1,11.45494750528948,0,0.1948,0.1107,3.5e-05,1,0.19100064479663387,False,
2025-12-12 13:15:00,7912332,5951364,1,2,13.863697382146045,0,0.211,0.1587,2.2e-05,1,0.2573281477568338,False,
2025-12-12 13:20:00,7332523,4079447,0,1,11.411971677099858,0,0.1955,0.1088,9e-06,1,0.12298869017377234,False,
2025-12-12 13:25:00,11013726,5907443,4,2,16.921170399132183,0,0.2937,0.1575,3.5e-05,1,0.24041542927647774,False,
2025-12-12 13:30:00,10497744,6467997,3,0,16.96574162740112,0,0.2799,0.1725,1.8e-05,1,0.23985832502683085,False,
2025-12-12 13:35:00,9258372,5705059,3,0,14.963431545374512,0,0.2469,0.1521,2e-05,1,0.2641237442056223,False,
2025-12-12 13:40:00,10420910,6462021,4,0,16.88293136008812,0,0.2779,0.1723,2.4e-05,1,0.2538424217079518,False,
2025-12-12 13:45:00,11866878,6499976,4,0,18.3668556098655,0,0.3165,0.1733,2.2e-05,1,0.18718518350767882,False,
2025-12-12 13:50:00,11355523,6198553,3,1,17.55407673351738,0,0.3028,0.1653,2.3e-05,1,0.21935256586587537,False,
2025-12-12 13:55:00,8972906,6615245,4,5,15.588151189438763,0,0.2393,0.1764,5.8e-05,1,0.23441349922237648,False,
2025-12-12 14:00:00,6804666,6759075,2,1,13.563742003794586,0,0.1815,0.1802,2.2e-05,1,0.22794289631535247,False,
2025-12-12 14:05:00,9868937,5333443,1,3,15.202380811744447,0,0.2632,0.1422,2.6e-05,1,0.2594596663422213,False,
2025-12-12 14:10:00,8862854,8090834,1,0,16.95368887221893,0,0.2363,0.2158,6e-06,1,0.17405389601168503,False,
2025-12-12 14:15:00,6467762,6175788,1,1,12.643550141654435,0,0.1725,0.1647,1.6e-05,1,0.20162970354392978,False,
2025-12-12 14:20:00,7505126,5738351,3,2,13.243477974739632,0,0.2001,0.153,3.8e-05,1,0.24913308187182526,False,
2025-12-12 14:25:00,9629812,5335469,5,3,14.965281463946807,0,0.2568,0.1423,5.3e-05,1,0.23709451559181383,False,
2025-12-12 14:30:00,10771125,5310075,3,1,16.081200787297355,0,0.2872,0.1416,2.5e-05,1,0.250673163585083,False,
2025-12-12 14:35:00,8783538,4486418,1,0,13.269956725590196,0,0.2342,0.1196,8e-06,1,0.17069177777139988,False,
2025-12-12 14:40:00,7341321,7687203,1,1,15.028524992607128,0,0.1958,0.205,1.3e-05,1,0.20700267508382797,False,
2025-12-12 14:45:00,9790771,6208397,5,2,15.999168734487688,0,0.2611,0.1656,4.4e-05,1,0.24316425100742273,False,
2025-12-12 14:50:00,9743850,6714380,2,1,16.45823035551267,0,0.2598,0.1791,1.8e-05,1,0.2577014285925567,False,
2025-12-12 14:55:00,10013270,6394469,3,3,16.407739889674193,0,0.267,0.1705,3.7e-05,1,0.2572094161733499,False,
2025-12-12 15:00:00,10542262,6307952,2,2,16.85021506434459,0,0.2811,0.1682,2.4e-05,1,0.2563896301045235,False,
2025-12-12 15:05:00,9325622,5829376,3,0,15.15499835123047,0,0.2487,0.1555,2e-05,1,0.2638731821301288,False,
2025-12-12 15:10:00,8388787,4849067,1,4,13.237854743042456,0,0.2237,0.1293,3.8e-05,1,0.24863825617819718,False,
2025-12-12 15:15:00,8910596,6664119,3,2,15.57471684622476,0,0.2376,0.1777,3.2e-05,1,0.27385877176861245,False,
2025-12-12 15:20:00,9440562,3587335,2,0,13.027898143850294,0,0.2517,0.0957,1.5e-05,1,0.1677828542294582,False,
2025-12-12 15:25:00,8348406,5321864,4,1,13.670271636531146,0,0.2226,0.1419,3.7e-05,1,0.2604377715195652,False,
2025-12-12 15:30:00,7749163,7015444,3,2,14.764607343102089,0,0.2066,0.1871,3.4e-05,1,0.26073294618235443,False,
2025-12-12 15:35:00,9238673,5135726,3,1,14.374399884989831,0,0.2464,0.137,2.8e-05,1,0.25979674595383695,False,
2025-12-12 15:40:00,10869179,4349409,3,3,15.218588656976983,0,0.2898,0.116,3.9e-05,1,0.21798272864946328,False,
2025-12-12 15:45:00,11651254,3304173,4,1,14.955427713632762,0,0.3107,0.0881,3.3e-05,1,0.17778596323160628,False,
2025-12-12 15:50:00,9600187,6786550,4,1,16.386737526861623,0,0.256,0.181,3.1e-05,1,0.26912295487483484,False,
2025-12-12 15:55:00,9523199,5644625,3,0,15.16782560674482,0,0.254,0.1505,2e-05,1,0.25732136697970226,False,
2025-12-12 16:00:00,9640919,5568371,0,0,15.209291115071036,0,0.2571,0.1485,0.0,1,0.17399728470896592,False,
2025-12-12 16:05:00,9544338,6364931,4,0,15.9092697531644,0,0.2545,0.1697,2.5e-05,1,0.2639488758058212,False,
2025-12-12 16:10:00,10027454,6702528,6,2,16.72998314749346,0,0.2674,0.1787,4.8e-05,1,0.23305756420966578,False,
2025-12-12 16:15:00,6259750,5679857,4,2,11.939607988209357,0,0.1669,0.1515,5e-05,1,0.19854241843907816,False,
2025-12-12 16:20:00,6982371,7169750,4,3,14.15212208577319,0,0.1862,0.1912,4.9e-05,1,0.21562768508643926,False,
2025-12-12 16:25:00,7116324,7198450,2,3,14.31477557104752,0,0.1898,0.192,3.5e-05,1,0.24936926792700442,False,
2025-12-12 16:30:00,6048587,5484623,4,1,11.53321092190964,0,0.1613,0.1463,4.3e-05,1,0.19492550826257843,False,
2025-12-12 16:35:00,10125743,3731563,2,0,13.85730656951054,0,0.27,0.0995,1.4e-05,1,0.16106994210527875,False,
2025-12-12 16:40:00,9094041,4337885,2,4,13.431927595313065,0,0.2425,0.1157,4.5e-05,1,0.22927579389983777,False,
2025-12-12 16:45:00,7282562,5075282,6,3,12.357845027368398,0,0.1942,0.1353,7.3e-05,1,0.1543995465670776,False,
2025-12-12 16:50:00,8899709,7377182,1,2,16.276891785050253,0,0.2373,0.1967,1.8e-05,1,0.24882636871998515,False,
2025-12-12 16:55:00,10791085,5908797,1,1,16.699882932557596,0,0.2878,0.1576,1.2e-05,1,0.21600979838462536,False,
2025-12-12 17:00:00,9045968,7617402,4,4,16.663370694881774,0,0.2412,0.2031,4.8e-05,1,0.22387174881528504,False,
2025-12-12 17:05:00,11089900,4910087,2,3,15.999987707053782,0,0.2957,0.1309,3.1e-05,1,0.23795837129914382,False,
2025-12-12 17:10:00,10982289,7118562,4,3,18.100852304344677,0,0.2929,0.1898,3.9e-05,1,0.21397475975188357,False,
2025-12-12 17:15:00,9746071,7561327,3,8,17.307399425335927,0,0.2599,0.2016,6.4e-05,1,0.16345456261366786,False,
2025-12-12 17:20:00,9723566,5780217,4,3,15.50378431531291,0,0.2593,0.1541,4.5e-05,1,0.25206225552060846,False,
2025-12-12 17:25:00,10011342,7534849,5,0,17.546191854674742,0,0.267,0.2009,2.8e-05,1,0.2369169462797217,False,
2025-12-12 17:30:00,8499251,5742441,4,1,14.241692919881784,0,0.2266,0.1531,3.5e-05,1,0.2657446846871853,False,
2025-12-12 17:35:00,8763570,2517477,4,3,11.281047660466552,0,0.2337,0.0671,6.2e-05,1,0.10137856062643902,False,
2025-12-12 17:40:00,8670669,5559532,5,2,14.230201929595896,0,0.2312,0.1483,4.9e-05,1,0.2521040794170289,False,
2025-12-12 17:45:00,9685220,5151933,3,6,14.837154571367932,0,0.2583,0.1374,6.1e-05,1,0.2053737673977179,False,
2025-12-12 17:50:00,8483291,7550168,3,2,16.033460716830334,0,0.2262,0.2013,3.1e-05,1,0.251474893899405,False,
2025-12-12 17:55:00,8356091,5099894,2,4,13.455986262613116,0,0.2228,0.136,4.5e-05,1,0.25431396291982333,False,
2025-12-12 18:00:00,8676516,6846808,1,8,15.523324941830252,0,0.2314,0.1826,5.8e-05,1,0.227800390971515,False,
2025-12-12 18:05:00,9458763,6048413,2,0,15.5071771407028,0,0.2522,0.1613,1.3e-05,1,0.2433026269089652,False,
2025-12-12 18:10:00,11187221,6026122,3,1,17.213344207852483,0,0.2983,0.1607,2.3e-05,1,0.23709461002770515,False,
2025-12-12 18:15:00,10032139,6898081,3,3,16.930220874227015,0,0.2675,0.1839,3.5e-05,1,0.2574272269033013,False,
2025-12-12 18:20:00,7540604,5339195,0,1,12.87979981628197,0,0.2011,0.1424,8e-06,1,0.1755897778629445,False,
2025-12-12 18:25:00,8186828,5367278,1,1,13.554107340173244,0,0.2183,0.1431,1.5e-05,1,0.22621536256158842,False,
2025-12-12 18:30:00,7117038,7179695,6,0,14.29673361333424,0,0.1898,0.1915,4.2e-05,1,0.23823283499045095,False,
2025-12-12 18:35:00,11443303,6110840,1,0,17.55414371059037,0,0.3052,0.163,6e-06,1,0.15957953235678068,False,
2025-12-12 18:40:00,8309189,6522664,4,2,14.831853687836045,0,0.2216,0.1739,4e-05,1,0.26387096305321406,False,
2025-12-12 18:45:00,7843073,6116882,8,0,13.959955788938249,0,0.2091,0.1631,5.7e-05,1,0.23628961368431484,False,
2025-12-12 18:50:00,8614221,5268609,7,1,13.882830207086156,0,0.2297,0.1405,5.8e-05,1,0.22532464092787052,False,
2025-12-12 18:55:00,8798688,4943370,4,2,13.74205923253495,0,0.2346,0.1318,4.4e-05,1,0.25259034565624217,False,
2025-12-12 19:00:00,6732928,6413912,1,2,13.146841335958303,0,0.1795,0.171,2.3e-05,1,0.21850264719746576,False,
2025-12-12 19:05:00,7727619,6000988,1,4,13.728608232916852,0,0.2061,0.16,3.6e-05,1,0.26067534841141593,False,
2025-12-12 19:10:00,10355259,7014040,9,1,17.369299950740295,0,0.2761,0.187,5.8e-05,1,0.180537239988461,False,
2025-12-12 19:15:00,6893841,6867978,4,4,13.76182005128963,0,0.1838,0.1831,5.8e-05,1,0.20191976170454085,False,
2025-12-12 19:20:00,9140247,6549153,4,2,15.689401122697303,0,0.2437,0.1746,3.8e-05,1,0.26577065602202293,False,
2025-12-12 19:25:00,6919271,6966245,6,0,13.885516858008057,0,0.1845,0.1858,4.3e-05,1,0.22581085080792584,False,
2025-12-12 19:30:00,11712410,6015295,5,0,17.727706287693643,0,0.3123,0.1604,2.8e-05,1,0.21509759183675115,False,
2025-12-12 19:35:00,8537201,5855411,4,0,14.392613412765574,0,0.2277,0.1561,2.8e-05,1,0.2673498742492132,False,
2025-12-12 19:40:00,7081393,7251501,3,2,14.33289465705512,0,0.1888,0.1934,3.5e-05,1,0.2490346519749556,False,
2025-12-12 19:45:00,9986737,6321659,4,3,16.308396685752136,0,0.2663,0.1686,4.3e-05,1,0.2470621611995148,False,
2025-12-12 19:50:00,10203313,5116398,0,3,15.319712186949324,0,0.2721,0.1364,2e-05,1,0.24578091632300525,False,
2025-12-12 19:55:00,7516514,6110976,2,1,13.62749117163126,0,0.2004,0.163,2.2e-05,1,0.24355217475902285,False,
2025-12-12 20:00:00,8867867,6862608,4,2,15.730476129727313,0,0.2365,0.183,3.8e-05,1,0.2664742507515433,False,
2025-12-12 20:05:00,10163888,6022323,5,3,16.18621141183267,0,0.271,0.1606,4.9e-05,1,0.23422011115185054,False,
2025-12-12 20:10:00,9637600,6232934,1,4,15.870534035954742,0,0.257,0.1662,3.2e-05,1,0.26494549453758365,False,
2025-12-12 20:15:00,10448796,6296101,3,2,16.744897972744536,0,0.2786,0.1679,3e-05,1,0.257301999526618,False,
2025-12-12 20:20:00,10122018,5366733,3,0,15.48875157100255,0,0.2699,0.1431,1.9e-05,1,0.24870318515333983,False,
2025-12-12 20:25:00,10458711,5443451,0,3,15.9021625084861,0,0.2789,0.1452,1.9e-05,1,0.2444823640943648,False,
2025-12-12 20:30:00,10782985,8084117,1,2,18.8671028495396,0,0.2875,0.2156,1.6e-05,1,0.15854257407007522,False,
2025-12-12 20:35:00,10033685,6059020,1,3,16.092706535252216,0,0.2676,0.1616,2.5e-05,1,0.2636959708634858,False,
2025-12-12 20:40:00,9938601,5195457,2,0,15.134059562579685,0,0.265,0.1385,1.3e-05,1,0.22155492940892724,False,
2025-12-12 20:45:00,9737430,4241598,3,1,13.979028143479288,0,0.2597,0.1131,2.9e-05,1,0.22856487453936059,False,
2025-12-12 20:50:00,8212393,7182322,0,1,15.39471637340901,0,0.219,0.1915,6e-06,1,0.2046517223202423,False,
2025-12-12 20:55:00,7633122,4523312,5,1,12.156434914757485,0,0.2035,0.1206,4.9e-05,1,0.21341321967596505,False,
2025-12-12 21:00:00,12056137,4544459,3,1,16.60059730758592,0,0.3215,0.1212,2.4e-05,1,0.19945964333558047,False,
2025-12-12 21:05:00,7045595,4227535,4,1,11.273130073247234,0,0.1879,0.1127,4.4e-05,1,0.18538083336565253,False,
2025-12-12 21:10:00,9767261,6640940,2,3,16.408202512589735,0,0.2605,0.1771,3e-05,1,0.26696914432305,False,
2025-12-12 21:15:00,8715395,4180537,2,1,12.895932678519916,0,0.2324,0.1115,2.3e-05,1,0.22358903057453405,False,
2025-12-12 21:20:00,9688033,5769127,4,1,15.457161025270638,0,0.2583,0.1538,3.2e-05,1,0.2664818590755811,False,
2025-12-12 21:25:00,10936758,5715675,3,3,16.652433865015663,0,0.2916,0.1524,3.6e-05,1,0.24916378574818182,False,
2025-12-12 21:30:00,7218876,9878030,3,1,17.096906821509066,0,0.1925,0.2634,2.3e-05,1,0.1252599848122905,False,
2025-12-12 21:35:00,8833188,5477641,3,2,14.310829560924432,0,0.2356,0.1461,3.5e-05,1,0.2696200475418936,False,
2025-12-12 21:40:00,8463168,6522632,6,2,14.985800805668315,0,0.2257,0.1739,5.3e-05,1,0.2459630377704412,False,
2025-12-12 21:45:00,9067356,6267945,3,0,15.335301538294065,0,0.2418,0.1671,2e-05,1,0.2660144082296959,False,
2025-12-12 21:50:00,9930711,7576110,3,3,17.506821816355313,0,0.2648,0.202,3.4e-05,1,0.23355340408829894,False,
2025-12-12 21:55:00,9048315,5740444,4,0,14.788760258970596,0,0.2413,0.1531,2.7e-05,1,0.27198018077801506,False,
2025-12-12 22:00:00,8818569,5572847,1,2,14.391416820355202,0,0.2352,0.1486,2.1e-05,1,0.26015448776387784,False,
2025-12-12 22:05:00,7734445,5099368,2,2,12.833813750478598,0,0.2063,0.136,3.1e-05,1,0.24987760277503412,False,
2025-12-12 22:10:00,10509245,5235056,5,4,15.744302598474698,0,0.2802,0.1396,5.7e-05,1,0.21316680410590033,False,
2025-12-12 22:15:00,10407574,5484810,0,3,15.892385772056732,0,0.2775,0.1463,1.9e-05,1,0.24757120758173878,False,
2025-12-12 22:20:00,6058629,4432103,3,1,10.4907332516719,0,0.1616,0.1182,3.8e-05,1,0.13183046667229936,False,
2025-12-12 22:25:00,8305812,4266601,2,1,12.572413667277615,0,0.2215,0.1138,2.4e-05,1,0.21853832415966273,False,
2025-12-12 22:30:00,7785396,6680079,1,4,14.465476003909473,0,0.2076,0.1781,3.5e-05,1,0.2629713621951419,False,
2025-12-12 22:35:00,9033308,5602558,4,1,14.635866633620124,0,0.2409,0.1494,3.4e-05,1,0.2710329785067588,False,
2025-12-12 22:40:00,10817139,6775423,0,0,17.592563488572264,0,0.2885,0.1807,0.0,1,0.15889727440818552,False,
2025-12-12 22:45:00,10715984,5360341,3,1,16.07632523118494,0,0.2858,0.1429,2.5e-05,1,0.25112209305340694,False,
2025-12-12 22:50:00,7795421,6265113,3,5,14.060535251095278,0,0.2079,0.1671,5.7e-05,1,0.2340444476778064,False,
2025-12-12 22:55:00,7743598,5581071,1,0,13.324669592219438,0,0.2065,0.1488,8e-06,1,0.189504383544375,False,
2025-12-12 23:00:00,10749224,7629821,7,2,18.37904596411605,0,0.2866,0.2035,4.9e-05,1,0.18198469124206362,False,
2025-12-12 23:05:00,9699470,5940422,1,6,15.639892933962466,0,0.2587,0.1584,4.5e-05,1,0.2507971672852806,False,
2025-12-12 23:10:00,9519131,7026329,0,0,16.545461188315944,0,0.2538,0.1874,0.0,1,0.1851916236585876,False,
2025-12-12 23:15:00,7508885,5211474,4,1,12.720360485546164,0,0.2002,0.139,3.9e-05,1,0.2428804335532353,False,
2025-12-12 23:20:00,9857531,6710995,1,1,16.568527657842953,0,0.2629,0.179,1.2e-05,1,0.2364792737287305,False,
2025-12-12 23:25:00,7278535,7387254,1,0,14.665790556697663,0,0.1941,0.197,7e-06,1,0.1810080147359489,False,
2025-12-12 23:30:00,10972001,5675530,4,0,16.6475315083022,0,0.2926,0.1513,2.4e-05,1,0.250141013304471,False,
2025-12-12 23:35:00,12824478,6570300,2,3,19.39477924373304,0,0.342,0.1752,2.6e-05,1,0.1255799067553598,False,
2025-12-12 23:40:00,8811594,6921852,5,1,15.73344759166178,0,0.235,0.1846,3.8e-05,1,0.2664742507515433,False,
2025-12-12 23:45:00,9283167,4846693,3,1,14.12986084208938,0,0.2476,0.1292,2.8e-05,1,0.25623499383518067,False,
2025-12-12 23:50:00,9982738,3660038,3,2,13.642777133450892,0,0.2662,0.0976,3.7e-05,1,0.19929656286058656,False,
2025-12-12 23:55:00,8678890,6907827,3,4,15.586717544795908,0,0.2314,0.1842,4.5e-05,1,0.24980058191098814,False,
2025-12-13 00:00:00,8907218,5846421,2,1,14.75364010275241,0,0.2375,0.1559,2e-05,1,0.2618281019021496,False,
2025-12-13 00:05:00,8761879,6346447,0,1,15.108327373341876,0,0.2337,0.1692,7e-06,1,0.2277113644925397,False,
2025-12-13 00:10:00,9683400,4657175,3,4,14.340576389306309,0,0.2582,0.1242,4.9e-05,1,0.2267867617485746,False,
2025-12-13 00:15:00,8336940,5620318,3,0,13.957258852327143,0,0.2223,0.1499,2.1e-05,1,0.25679289602144595,False,
2025-12-13 00:20:00,4611941,5781741,2,5,10.393682764708952,0,0.123,0.1542,6.7e-05,1,0.07744464000850848,False,
2025-12-13 00:25:00,6620356,3899371,5,2,10.519727172844636,0,0.1765,0.104,6.7e-05,1,0.08986795219114596,False,
2025-12-13 00:30:00,10706386,6727577,1,0,17.43396445707796,0,0.2855,0.1794,6e-06,1,0.18765182424697419,False,
2025-12-13 00:35:00,9687280,6320100,2,2,16.00738066001358,0,0.2583,0.1685,2.5e-05,1,0.265767897280929,False,
2025-12-13 00:40:00,6711586,6248706,5,0,12.96029374904133,0,0.179,0.1666,3.9e-05,1,0.2353080953684169,False,
2025-12-13 00:45:00,9331489,7201898,5,3,16.533387887791488,0,0.2488,0.1921,4.8e-05,1,0.23904088048723338,False,
2025-12-13 00:50:00,11666686,5813141,7,0,17.479828336775284,0,0.3111,0.155,4e-05,1,0.20904934485989823,False,
2025-12-13 00:55:00,10532891,5461826,3,2,15.994718357286114,0,0.2809,0.1456,3.1e-05,1,0.25609264998203884,False,
2025-12-13 01:00:00,6268171,6658955,3,1,12.92712727321719,0,0.1672,0.1776,3.1e-05,1,0.2172357880833048,False,
2025-12-13 01:05:00,7834273,7224670,2,3,15.058944301121196,0,0.2089,0.1927,3.3e-05,1,0.2594777938449532,False,
2025-12-13 01:10:00,10782135,6645984,4,1,17.428119645482703,0,0.2875,0.1772,2.9e-05,1,0.24338006979777915,False,
2025-12-13 01:15:00,11162884,4465810,6,0,15.628695162337907,0,0.2977,0.1191,3.8e-05,1,0.2150229642002015,False,
2025-12-13 01:20:00,10477885,5519666,1,3,15.997551466804378,0,0.2794,0.1472,2.5e-05,1,0.25662905606151426,False,
2025-12-13 01:25:00,8900936,6065203,0,2,14.9661404193642,0,0.2374,0.1617,1.3e-05,1,0.245872926432395,False,
2025-12-13 01:30:00,8351169,3536506,4,5,11.887675872695327,0,0.2227,0.0943,7.6e-05,1,0.08645318190448403,False,
2025-12-13 01:35:00,9210093,5301474,4,2,14.511568476743609,0,0.2456,0.1414,4.1e-05,1,0.25995077015499174,False,
2025-12-13 01:40:00,10941404,4886700,2,4,15.82810516287766,0,0.2918,0.1303,3.8e-05,1,0.23715078648442833,False,
2025-12-13 01:45:00,8442248,5998367,5,2,14.440615879410188,0,0.2251,0.16,4.8e-05,1,0.25330910361568687,False,
2025-12-13 01:50:00,7041497,6332523,1,2,13.374021806793204,0,0.1878,0.1689,2.2e-05,1,0.22842685025654608,False,
2025-12-13 01:55:00,9792571,6615831,6,0,16.408402833028337,0,0.2611,0.1764,3.7e-05,1,0.2613374618820049,False,
2025-12-13 02:00:00,6140679,5437792,4,0,11.578472729738168,0,0.1638,0.145,3.5e-05,1,0.19926331164191713,False,
2025-12-13 02:05:00,7797864,6409204,4,1,14.207068742763926,0,0.2079,0.1709,3.5e-05,1,0.2612248721830822,False,
2025-12-13 02:10:00,10274053,4758308,4,3,15.032361912425696,0,0.274,0.1269,4.7e-05,1,0.23432559237711298,False,
2025-12-13 02:15:00,10164184,7083347,3,4,17.247531683998524,0,0.271,0.1889,4.1e-05,1,0.23547085591480815,False,
2025-12-13 02:20:00,10010897,6524678,4,3,16.53557608479149,0,0.267,0.174,4.2e-05,1,0.24676847569456034,False,
2025-12-13 02:25:00,8588487,5555502,3,2,14.1439897729404,0,0.229,0.1481,3.5e-05,1,0.265437344480447,False,
2025-12-13 02:30:00,10387422,8256471,3,1,18.64389336135048,0,0.277,0.2202,2.1e-05,1,0.1752553637592884,False,
2025-12-13 02:35:00,5323413,6057323,2,6,11.380737915632402,0,0.142,0.1615,7e-05,1,0.0927515915181909,False,
2025-12-13 02:40:00,8696798,7476777,1,1,16.173576262991844,0,0.2319,0.1994,1.2e-05,1,0.22783256342343872,False,
2025-12-13 02:45:00,11452509,6791582,1,2,18.24409257711435,0,0.3054,0.1811,1.6e-05,1,0.18187529659000456,False,
2025-12-13 02:50:00,9781357,4570882,6,2,14.352240269753908,0,0.2608,0.1219,5.6e-05,1,0.20470038919526867,False,
2025-12-13 02:55:00,7963829,7153476,1,1,15.117306248435792,0,0.2124,0.1908,1.3e-05,1,0.23208542275272892,False,
2025-12-13 03:00:00,8429490,7253521,4,2,15.683012020535497,0,0.2248,0.1934,3.8e-05,1,0.25876739244786306,False,
2025-12-13 03:05:00,6774753,4824585,0,3,11.599339725959226,0,0.1807,0.1287,2.6e-05,1,0.20048193859979307,False,
2025-12-13 03:10:00,7303008,6498386,3,3,13.801394566536878,0,0.1947,0.1733,4.3e-05,1,0.23642685932545665,False,
2025-12-13 03:15:00,9046176,6829093,2,1,15.875269987281124,0,0.2412,0.1821,1.9e-05,1,0.2660170187966457,False,
2025-12-13 03:20:00,6485161,7499608,0,4,13.984769853654528,0,0.1729,0.2,2.9e-05,1,0.21436437110419354,False,
2025-12-13 03:25:00,8324910,6627281,2,0,14.9521917902112,0,0.222,0.1767,1.3e-05,1,0.2391290320452169,False,
2025-12-13 03:30:00,9084430,5653260,2,1,14.73769028794894,0,0.2423,0.1508,2e-05,1,0.26171313732763773,False,
2025-12-13 03:35:00,7615060,3954409,4,3,11.56947036599851,0,0.2031,0.1055,6.1e-05,1,0.1592676836730853,False,
2025-12-13 03:40:00,9206260,4471940,2,1,13.678200854111386,0,0.2455,0.1193,2.2e-05,1,0.23065700060969901,False,
2025-12-13 03:45:00,9370223,6349445,5,1,15.719669275884543,0,0.2499,0.1693,3.8e-05,1,0.26495208674231974,False,
2025-12-13 03:50:00,8369081,7151052,2,3,15.520133384299276,0,0.2232,0.1907,3.2e-05,1,0.2650667710633275,False,
2025-12-13 03:55:00,8114463,4701623,3,2,12.816087662760134,0,0.2164,0.1254,3.9e-05,1,0.243101222111048,False,
2025-12-13 04:00:00,7618790,5497224,3,4,13.116014634311368,0,0.2032,0.1466,5.3e-05,1,0.23850244209085636,False,
2025-12-13 04:05:00,10104461,5489147,2,4,15.593609438605412,0,0.2695,0.1464,3.8e-05,1,0.26185495106010115,False,
2025-12-13 04:10:00,10164408,6634335,3,4,16.79874375823384,0,0.2711,0.1769,4.2e-05,1,0.24153204121399824,False,
2025-12-13 04:15:00,7557467,6614447,1,2,14.171915177876834,0,0.2015,0.1764,2.1e-05,1,0.25029103809527375,False,
2025-12-13 04:20:00,10462367,7526380,6,2,17.98874759276311,0,0.279,0.2007,4.4e-05,1,0.2049243465402827,False,
2025-12-13 04:25:00,10606507,6928184,3,0,17.53469160002272,0,0.2828,0.1848,1.7e-05,1,0.2262561117320489,False,
2025-12-13 04:30:00,10518984,3915933,6,1,14.434918194121185,0,0.2805,0.1044,4.8e-05,1,0.1947102689455586,False,
2025-12-13 04:35:00,12899639,7227120,3,3,20.126760576977293,0,0.344,0.1927,3e-05,1,0.09375253293756292,False,
2025-12-13 04:40:00,9953441,6236419,5,1,16.18986068897501,0,0.2654,0.1663,3.7e-05,1,0.2589289478091331,False,
2025-12-13 04:45:00,9092571,4551817,1,1,13.644388287918874,0,0.2425,0.1214,1.5e-05,1,0.20264825739459286,False,
2025-12-13 04:50:00,7756283,4886700,4,2,12.642984007681454,0,0.2068,0.1303,4.7e-05,1,0.23484365763023424,False,
2025-12-13 04:55:00,7384296,5088681,5,1,12.472978533819395,0,0.1969,0.1357,4.8e-05,1,0.22573832014704837,False,
2025-12-13 05:00:00,8836766,6089004,1,1,14.92577056971223,0,0.2356,0.1624,1.3e-05,1,0.24431352586807842,False,
2025-12-13 05:05:00,11422798,5217600,6,2,16.64039934163836,0,0.3046,0.1391,4.8e-05,1,0.20160912676981513,False,
2025-12-13 05:10:00,9890730,5998458,3,1,15.889189102465462,0,0.2638,0.16,2.5e-05,1,0.2631479828460389,False,
2025-12-13 05:15:00,6323477,5962946,4,4,12.286423595365838,0,0.1686,0.159,6.5e-05,1,0.17876185059567895,False,
2025-12-13 05:20:00,10579811,6870188,3,1,17.44999969492714,0,0.2821,0.1832,2.3e-05,1,0.2369874459168858,False,
2025-12-13 05:25:00,6992328,4218597,2,2,11.210925789895152,0,0.1865,0.1125,3.6e-05,1,0.18850781940229638,False,
2025-12-13 05:30:00,10350322,4788581,3,4,15.138904047335645,0,0.276,0.1277,4.6e-05,1,0.2299978544077403,False,
2025-12-13 05:35:00,7979344,8924341,4,0,16.90368666624095,0,0.2128,0.238,2.4e-05,1,0.16735651883325103,False,
2025-12-13 05:40:00,8315872,6924524,4,0,15.240396817191174,0,0.2218,0.1847,2.6e-05,1,0.26575292344180934,False,
2025-12-13 05:45:00,10196460,4700815,3,2,14.897275536132648,0,0.2719,0.1254,3.4e-05,1,0.24699816698470461,False,
2025-12-13 05:50:00,9122092,7452143,1,0,16.574236520635743,0,0.2433,0.1987,6e-06,1,0.19761309287548257,False,
2025-12-13 05:55:00,7300699,7369963,5,2,14.670663298986476,0,0.1947,0.1965,4.8e-05,1,0.22145400928346093,False,
2025-12-13 06:00:00,10713889,4033476,2,4,14.747365281290392,0,0.2857,0.1076,4.1e-05,1,0.2117603697395456,False,
2025-12-13 06:05:00,7149513,5614173,2,1,12.763686569645849,0,0.1907,0.1497,2.4e-05,1,0.23510927154189726,False,
2025-12-13 06:10:00,10141021,5899500,2,4,16.040522203262668,0,0.2704,0.1573,3.7e-05,1,0.2524640511898896,False,
2025-12-13 06:15:00,8782573,6300913,2,2,15.083486317297767,0,0.2342,0.168,2.7e-05,1,0.27107152565705445,False,
2025-12-13 06:20:00,9319527,6661440,3,0,15.98096798583177,0,0.2485,0.1776,1.9e-05,1,0.2636247745381759,False,
2025-12-13 06:25:00,7080460,6200948,3,5,13.281409487300955,0,0.1888,0.1654,6e-05,1,0.20884483196524428,False,
2025-12-13 06:30:00,13780811,4917321,3,1,18.69813311481525,0,0.3675,0.1311,2.1e-05,1,0.11308308158868008,False,
2025-12-13 06:35:00,8626105,7830244,1,0,16.456349785370467,0,0.23,0.2088,6e-06,1,0.18577367561667435,False,
2025-12-13 06:40:00,7588957,5073037,2,1,12.661994497344937,0,0.2024,0.1353,2.4e-05,1,0.23510757189519177,False,
2025-12-13 06:45:00,8064264,5254613,7,0,13.318878464191677,0,0.215,0.1401,5.3e-05,1,0.24264084550653142,False,
2025-12-13 06:50:00,9218926,7392859,3,2,16.611786114978038,0,0.2458,0.1971,3e-05,1,0.25833703479118175,False,
2025-12-13 06:55:00,9654156,7073549,5,2,16.72770623913008,0,0.2574,0.1886,4.2e-05,1,0.24589285714306147,False,
2025-12-13 07:00:00,9549640,6316925,3,2,15.866565813367428,0,0.2547,0.1685,3.2e-05,1,0.2651400917760423,False,
2025-12-13 07:05:00,9310842,7908982,3,1,17.219824984223823,0,0.2483,0.2109,2.3e-05,1,0.22458248806505643,False,
2025-12-13 07:10:00,7404519,5685967,7,1,13.090487268794778,0,0.1975,0.1516,6.1e-05,1,0.2147521679838833,False,
2025-12-13 07:15:00,11512066,5032200,2,1,16.544266537012604,0,0.307,0.1342,1.8e-05,1,0.20357837211409757,False,
2025-12-13 07:20:00,11177925,6024825,5,3,17.202751217326913,0,0.2981,0.1607,4.7e-05,1,0.2097410768780722,False,
2025-12-13 07:25:00,6520347,7932922,3,0,14.453270407049851,0,0.1739,0.2115,2.1e-05,1,0.19538952542576193,False,
2025-12-13 07:30:00,8393760,5167069,4,2,13.560829778583278,0,0.2238,0.1378,4.4e-05,1,0.2526496969606587,False,
2025-12-13 07:35:00,10960161,5674338,0,2,16.63450023513663,0,0.2923,0.1513,1.2e-05,1,0.21168965283515861,False,
2025-12-13 07:40:00,8981513,6528798,7,3,15.51031208264364,0,0.2395,0.1741,6.4e-05,1,0.2124335288862263,False,
2025-12-13 07:45:00,10124225,7095298,1,2,17.21952458340332,0,0.27,0.1892,1.7e-05,1,0.2350133123991317,False,
2025-12-13 07:50:00,10153662,6471036,1,0,16.624699149844993,0,0.2708,0.1726,6e-06,1,0.20602393803714253,False,
2025-12-13 07:55:00,9361424,3687958,3,3,13.049382761005996,0,0.2496,0.0983,4.6e-05,1,0.1977093533861471,False,
2025-12-13 08:00:00,11386429,5050901,5,2,16.43733138361096,0,0.3036,0.1347,4.3e-05,1,0.2076388940885382,False,
2025-12-13 08:05:00,11994249,7963935,3,6,19.95818466534456,0,0.3198,0.2124,4.5e-05,1,0.09145558741969062,False,
2025-12-13 08:10:00,7475783,5335996,3,3,12.811780444677844,0,0.1994,0.1423,4.7e-05,1,0.2405341355380507,False,
2025-12-13 08:15:00,9421271,5556367,4,4,14.977638806995708,0,0.2512,0.1482,5.3e-05,1,0.2475396911687915,False,
2025-12-13 08:20:00,9835921,6964703,2,1,16.800624899998226,0,0.2623,0.1857,1.8e-05,1,0.2535333320940524,False,
2025-12-13 08:25:00,12363277,7358707,4,2,19.721984847717803,0,0.3297,0.1962,3e-05,1,0.12525694666677656,False,
2025-12-13 08:30:00,8330787,5976307,2,2,14.307095156400251,0,0.2222,0.1594,2.8e-05,1,0.26868242004315074,False,
2025-12-13 08:35:00,12098011,5422127,3,0,17.520139612873727,0,0.3226,0.1446,1.7e-05,1,0.18026772199496405,False,
2025-12-13 08:40:00,7171689,4127296,3,2,11.298986624375242,0,0.1912,0.1101,4.4e-05,1,0.18222678833263456,False,
2025-12-13 08:45:00,10623207,3544493,2,1,14.167700251346544,0,0.2833,0.0945,2.1e-05,1,0.1847834824045652,False,
2025-12-13 08:50:00,11706624,6348895,6,2,18.05551993757546,0,0.3122,0.1693,4.4e-05,1,0.18387993173456574,False,
2025-12-13 08:55:00,11483847,7189106,1,7,18.672954408711355,0,0.3062,0.1917,4.3e-05,1,0.1804481488272141,False,
2025-12-13 09:00:00,9166592,2466403,4,3,11.632995494962293,0,0.2444,0.0658,6e-05,1,0.10762078329744484,False,
2025-12-13 09:05:00,8838855,5035010,4,4,13.87386594106912,0,0.2357,0.1343,5.8e-05,1,0.22857167009012008,False,
2025-12-13 09:10:00,13864813,5451990,6,1,19.31680416877591,0,0.3697,0.1454,3.6e-05,1,0.10270889507254222,False,
2025-12-13 09:15:00,8726763,5799380,0,5,14.526143604441195,0,0.2327,0.1547,3.4e-05,1,0.26760268593632563,False,
2025-12-13 09:20:00,6301937,6602232,2,3,12.904169449372674,0,0.1681,0.1761,3.9e-05,1,0.21842827715724272,False,
2025-12-13 09:25:00,9000411,8432787,4,5,17.43319852765605,0,0.24,0.2249,5.2e-05,1,0.16509697109160043,False,
2025-12-13 09:30:00,9656200,9135449,6,2,18.79164903778053,0,0.2575,0.2436,4.3e-05,1,0.12802972086570563,False,
2025-12-13 09:35:00,7027551,6431479,2,0,13.459030783187146,0,0.1874,0.1715,1.5e-05,1,0.20514507095608603,False,
2025-12-13 09:40:00,9876865,7284584,4,3,17.161449980595155,0,0.2634,0.1943,4.1e-05,1,0.2422629108664377,False,
2025-12-13 09:45:00,5979347,5231576,2,1,11.210923208385148,0,0.1594,0.1395,2.7e-05,1,0.17757768651450423,False,
2025-12-13 09:50:00,7365732,7014329,5,2,14.380062183837415,0,0.1964,0.187,4.9e-05,1,0.22947037861660813,False,
2025-12-13 09:55:00,6594174,6378269,1,2,12.972443544689224,0,0.1758,0.1701,2.3e-05,1,0.21992919491640073,False,
2025-12-13 10:00:00,9893991,6950840,2,2,16.84483192175268,0,0.2638,0.1854,2.4e-05,1,0.26232870608731085,False,
2025-12-13 10:05:00,10031079,4831500,1,2,14.86258030976882,0,0.2675,0.1288,2e-05,1,0.24462790133871798,False,
2025-12-13 10:10:00,6698110,6272886,3,1,12.97099697994245,0,0.1786,0.1673,3.1e-05,1,0.23600615451000762,False,
2025-12-13 10:15:00,8713585,3675783,3,2,12.38936946102275,0,0.2324,0.098,4e-05,1,0.20841948547956674,False,
2025-12-13 10:20:00,10698841,4154741,3,4,14.853582733213294,0,0.2853,0.1108,4.7e-05,1,0.2013670691681665,False,
2025-12-13 10:25:00,9081853,7006672,2,4,16.088526716697466,0,0.2422,0.1868,3.7e-05,1,0.26754820671974006,False,
2025-12-13 10:30:00,11921863,7814113,3,1,19.73597754151564,0,0.3179,0.2084,2e-05,1,0.11452039194968366,False,
2025-12-13 10:35:00,7150553,5002274,0,0,12.15282821171603,0,0.1907,0.1334,0.0,1,0.11803243955602405,False,
2025-12-13 10:40:00,7889262,5100600,6,2,12.989863487047996,0,0.2104,0.136,6.2e-05,1,0.21190051611255484,False,
2025-12-13 10:45:00,10869046,6876973,4,1,17.74601974796892,0,0.2898,0.1834,2.8e-05,1,0.24149360891393012,False,
2025-12-13 10:50:00,8853014,6909003,5,1,15.762018393625535,0,0.2361,0.1842,3.8e-05,1,0.26622971676941637,False,
2025-12-13 10:55:00,7339091,6544574,3,3,13.883665598271058,0,0.1957,0.1745,4.3e-05,1,0.2382110381455011,False,
2025-12-13 11:00:00,7865693,5421853,4,0,13.287546722509614,0,0.2098,0.1446,3e-05,1,0.2537284617630462,False,
2025-12-13 11:05:00,9436401,5135317,4,2,14.57171941307434,0,0.2516,0.1369,4.1e-05,1,0.25764833997378483,False,
2025-12-13 11:10:00,10518430,6385252,4,2,16.903683743231078,0,0.2805,0.1703,3.5e-05,1,0.2522453993807088,False,
2025-12-13 11:15:00,8725274,5896027,2,0,14.621301859363252,0,0.2327,0.1572,1.4e-05,1,0.2374766703625671,False,
2025-12-13 11:20:00,9143947,6389053,2,3,15.533001612595362,0,0.2438,0.1704,3.2e-05,1,0.27334638219213836,False,
2025-12-13 11:25:00,10784378,6202611,2,3,16.986990072117525,0,0.2876,0.1654,2.9e-05,1,0.24294306585024267,False,
2025-12-13 11:30:00,8054837,5683499,2,2,13.738336884581626,0,0.2148,0.1516,2.9e-05,1,0.26381709682533094,False,
2025-12-13 11:35:00,9210720,5864240,2,0,15.07496191499958,0,0.2456,0.1564,1.3e-05,1,0.24109995620258795,False,
2025-12-13 11:40:00,7731675,8016989,0,0,15.748665405947246,0,0.2062,0.2138,0.0,1,0.146578257654846,False,
2025-12-13 11:45:00,9142122,4655083,1,1,13.797206100497483,0,0.2438,0.1241,1.4e-05,1,0.20223230465455067,False,
2025-12-13 11:50:00,10341348,5477389,5,1,15.8187381894244,0,0.2758,0.1461,3.8e-05,1,0.25286409714005,False,
2025-12-13 11:55:00,7118776,4059981,1,3,11.178758765460922,0,0.1898,0.1083,3.6e-05,1,0.18071970286989442,False,
2025-12-13 12:00:00,7751440,6289201,1,0,14.040641793444546,0,0.2067,0.1677,7e-06,1,0.1960635964771389,False,
2025-12-13 12:05:00,10029985,5210651,2,0,15.240637554971062,0,0.2675,0.139,1.3e-05,1,0.21856688932929758,False,
2025-12-13 12:10:00,8317630,6408534,4,2,14.726165720062376,0,0.2218,0.1709,4.1e-05,1,0.26394049628113003,False,
2025-12-13 12:15:00,10561760,6086450,5,1,16.64821106031788,0,0.2816,0.1623,3.6e-05,1,0.255348500142089,False,
2025-12-13 12:20:00,8774428,3476111,1,3,12.250540251810476,0,0.234,0.0927,3.3e-05,1,0.19285571711450844,False,
2025-12-13 12:25:00,8839596,5937425,3,1,14.777022730741962,0,0.2357,0.1583,2.7e-05,1,0.2719015269335102,False,
2025-12-13 12:30:00,7580339,3772636,4,1,11.352975356738469,0,0.2021,0.1006,4.4e-05,1,0.1758119978893367,False,
2025-12-13 12:35:00,9763872,6209898,0,2,15.973771665584366,0,0.2604,0.1656,1.3e-05,1,0.2343896857903976,False,
2025-12-13 12:40:00,10665303,5079113,3,1,15.744416489062717,0,0.2844,0.1354,2.5e-05,1,0.24948378626956907,False,
2025-12-13 12:45:00,9246944,6076706,3,1,15.323650821768153,0,0.2466,0.162,2.6e-05,1,0.27090819541732364,False,
2025-12-13 12:50:00,11582557,5770774,3,1,17.353331510276615,0,0.3089,0.1539,2.3e-05,1,0.21949163634271318,False,
2025-12-13 12:55:00,10998272,7016619,3,2,18.01489168620069,0,0.2933,0.1871,2.8e-05,1,0.23380437646559504,False,
2025-12-13 13:00:00,9480782,5943037,2,2,15.42381977211832,0,0.2528,0.1585,2.6e-05,1,0.2659302766475758,False,
2025-12-13 13:05:00,7678822,4804100,4,1,12.482922669686342,0,0.2048,0.1281,4e-05,1,0.23176053592369045,False,
2025-12-13 13:10:00,10599377,5900980,2,1,16.500358216826523,0,0.2827,0.1574,1.8e-05,1,0.24610820457271915,False,
2025-12-13 13:15:00,4869546,6792269,0,2,11.661816830319196,0,0.1299,0.1811,1.7e-05,1,0.12530447244395937,False,
2025-12-13 13:20:00,10107906,5456789,1,4,15.564695888125618,0,0.2695,0.1455,3.2e-05,1,0.26581078203173775,False,
2025-12-13 13:25:00,10454989,5865063,3,1,16.32005326182872,0,0.2788,0.1564,2.5e-05,1,0.25746730068085766,False,
2025-12-13 13:30:00,6786306,6979731,2,1,13.766037904892892,0,0.181,0.1861,2.2e-05,1,0.22728481874405881,False,
2025-12-13 13:35:00,8150508,5807644,1,2,13.958152999155068,0,0.2173,0.1549,2.1e-05,1,0.26165359006821165,False,
2025-12-13 13:40:00,8175900,6063051,2,2,14.23895187984845,0,0.218,0.1617,2.8e-05,1,0.272856787342471,False,
2025-12-13 13:45:00,10295236,6503738,1,2,16.7989754521652,0,0.2745,0.1734,1.8e-05,1,0.2502666810278051,False,
2025-12-13 13:50:00,8833359,6180649,6,2,15.014009636126048,0,0.2356,0.1648,5.3e-05,1,0.25120648065937173,False,
2025-12-13 13:55:00,11413833,3259481,1,0,14.673314485587602,0,0.3044,0.0869,7e-06,1,0.12100667054805003,False,
2025-12-13 14:00:00,8191296,6814334,4,2,15.005630672880098,0,0.2184,0.1817,4e-05,1,0.2647148490075358,False,
2025-12-13 14:05:00,8935913,5768669,3,1,14.704582768437058,0,0.2383,0.1538,2.7e-05,1,0.2701259921170551,False,
2025-12-13 14:10:00,10578924,4726556,1,2,15.305481273733438,0,0.2821,0.126,2e-05,1,0.23373629667013324,False,
2025-12-13 14:15:00,10569968,5140979,4,2,15.710947667013675,0,0.2819,0.1371,3.8e-05,1,0.24960448033132876,False,
2025-12-13 14:20:00,8205153,5941129,3,2,14.14628311646572,0,0.2188,0.1584,3.5e-05,1,0.26807522211274193,False,
2025-12-13 14:25:00,8599319,7214013,2,2,15.813332498161667,0,0.2293,0.1924,2.5e-05,1,0.25699100473598113,False,
2025-12-13 14:30:00,7108874,4891140,8,5,12.000015023838817,0,0.1896,0.1304,0.000108,1,0.08320492738252161,False,
2025-12-13 14:35:00,10024143,7292455,0,0,17.31659892301101,0,0.2673,0.1945,0.0,1,0.1654050226141343,False,
2025-12-13 14:40:00,11258779,7354381,3,2,18.61316150595566,0,0.3002,0.1961,2.7e-05,1,0.20367469744316974,False,
2025-12-13 14:45:00,8995847,7892712,3,1,16.888559323032627,0,0.2399,0.2105,2.4e-05,1,0.23078617091381393,False,
2025-12-13 14:50:00,7450280,5946589,4,3,13.396869976312535,0,0.1987,0.1586,5.2e-05,1,0.24087224196156581,False,
2025-12-13 14:55:00,9869985,6201367,7,2,16.07135209226447,0,0.2632,0.1654,5.6e-05,1,0.21504547631003973,False,
2025-12-13 15:00:00,9809029,4398108,3,2,14.20713869615787,0,0.2616,0.1173,3.5e-05,1,0.23040959478312845,False,
2025-12-13 15:05:00,9891302,4646285,2,4,14.53758802860729,0,0.2638,0.1239,4.1e-05,1,0.24443076142152959,False,
2025-12-13 15:10:00,11586201,6186760,4,2,17.772961849177012,0,0.309,0.165,3.4e-05,1,0.21353336595224387,False,
2025-12-13 15:15:00,7602940,5280237,4,1,12.883178621906932,0,0.2027,0.1408,3.9e-05,1,0.24426782158672417,False,
2025-12-13 15:20:00,9558038,6891293,3,2,16.449332071267776,0,0.2549,0.1838,3e-05,1,0.26559880512847317,False,
2025-12-13 15:25:00,9009162,6032778,1,5,15.041941573117878,0,0.2402,0.1609,4e-05,1,0.2733398555976855,False,
2025-12-13 15:30:00,10460280,6664376,0,1,17.124657148407273,0,0.2789,0.1777,6e-06,1,0.1935474980300554,False,
2025-12-13 15:35:00,5047382,5615811,6,4,10.663194110162886,0,0.1346,0.1498,9.4e-05,1,0.020298764168518835,False,
2025-12-13 15:40:00,10400923,5840580,5,2,16.24150407081333,0,0.2774,0.1557,4.3e-05,1,0.23855315903664398,False,
2025-12-13 15:45:00,6535645,8500292,4,5,15.035937965620048,0,0.1743,0.2267,6e-05,1,0.13585354506837677,False,
2025-12-13 15:50:00,6946472,8145537,2,3,15.092009988943788,0,0.1852,0.2172,3.3e-05,1,0.20265387307521338,False,
2025-12-13 15:55:00,9313020,4277868,2,3,13.590888526745196,0,0.2483,0.1141,3.7e-05,1,0.2279138193864712,False,
2025-12-13 16:00:00,8709008,5883983,2,4,14.592992619123049,0,0.2322,0.1569,4.1e-05,1,0.2632332045061949,False,
2025-12-13 16:05:00,8588091,6397989,0,0,14.986080878764785,0,0.229,0.1706,0.0,1,0.18772609026566844,False,
2025-12-13 16:10:00,8992808,6299605,5,4,15.292414049513296,0,0.2398,0.168,5.9e-05,1,0.23296486135299693,False,
2025-12-13 16:15:00,8974535,7323638,3,0,16.298174205754712,0,0.2393,0.1953,1.8e-05,1,0.2515185129362831,False,
2025-12-13 16:20:00,9552310,5196288,3,2,14.748598596536294,0,0.2547,0.1386,3.4e-05,1,0.25959330854915347,False,
2025-12-13 16:25:00,8081049,3352742,6,3,11.433791240011796,0,0.2155,0.0894,7.9e-05,1,0.05876546043025199,False,
2025-12-13 16:30:00,8416193,4467755,2,0,12.883949626283204,0,0.2244,0.1191,1.6e-05,1,0.20035694411983768,False,
2025-12-13 16:35:00,10187787,8126430,3,2,18.31421818555701,0,0.2717,0.2167,2.7e-05,1,0.19431485305631196,False,
2025-12-13 16:40:00,9742221,6531727,2,2,16.27394927833948,0,0.2598,0.1742,2.5e-05,1,0.26758683159504737,False,
2025-12-13 16:45:00,6528891,5278152,5,2,11.807043561551646,0,0.1741,0.1408,5.9e-05,1,0.18038043385011993,False,
2025-12-13 16:50:00,12218230,8349355,1,2,20.567585421933085,0,0.3258,0.2226,1.5e-05,1,0.07068925959982364,False,
2025-12-13 16:55:00,11422804,5500505,4,2,16.923310662690348,0,0.3046,0.1467,3.5e-05,1,0.22548790108300093,False,
2025-12-13 17:00:00,8266112,6201530,9,3,14.467642775437891,0,0.2204,0.1654,8.3e-05,1,0.12670589910460983,False,
2025-12-13 17:05:00,9208205,3709289,2,4,12.917494539254562,0,0.2456,0.0989,4.6e-05,1,0.20031078410564196,False,
2025-12-13 17:10:00,8319810,5169485,4,2,13.4892953638377,0,0.2219,0.1379,4.4e-05,1,0.2520275707954988,False,
2025-12-13 17:15:00,7270549,6644613,3,0,13.915163439767667,0,0.1939,0.1772,2.2e-05,1,0.23980313915121348,False,
2025-12-13 17:20:00,10723494,6287290,2,2,17.010784739726386,0,0.286,0.1677,2.4e-05,1,0.2438220710786061,False,
2025-12-13 17:25:00,8534502,6597655,3,2,15.13215827999531,0,0.2276,0.1759,3.3e-05,1,0.269802770552739,False,
2025-12-13 17:30:00,9143453,4221448,1,4,13.36490139076102,0,0.2438,0.1126,3.7e-05,1,0.22937227566379037,False,
2025-12-13 17:35:00,7042306,6464695,1,3,13.507002258433609,0,0.1878,0.1724,3e-05,1,0.2406816947398075,False,
2025-12-13 17:40:00,10447393,6260767,2,4,16.7081609096882,0,0.2786,0.167,3.6e-05,1,0.2552605439146708,False,
2025-12-13 17:45:00,9938873,5919195,3,2,15.858069349545993,0,0.265,0.1578,3.2e-05,1,0.2628702839400234,False,
2025-12-13 17:50:00,7479878,6246989,2,0,13.726867997335926,0,0.1995,0.1666,1.5e-05,1,0.22785558657998772,False,
2025-12-13 17:55:00,10094788,5771882,12,2,15.866670725146594,0,0.2692,0.1539,8.8e-05,1,0.10612302045228772,False,
2025-12-13 18:00:00,8104026,6156837,2,1,14.260863921143049,0,0.2161,0.1642,2.1e-05,1,0.2633357332801568,False,
2025-12-13 18:05:00,9683866,6144925,3,1,15.828791865878324,0,0.2582,0.1639,2.5e-05,1,0.26297995481616776,False,
2025-12-13 18:10:00,9806145,4866400,3,2,14.672545038118615,0,0.2615,0.1298,3.4e-05,1,0.2595401727176073,False,
2025-12-13 18:15:00,8491327,4432045,2,4,12.923373425125792,0,0.2264,0.1182,4.6e-05,1,0.23089249620717472,False,
2025-12-13 18:20:00,9118642,2521728,0,0,11.640371233976866,0,0.2432,0.0672,0.0,1,0.05360192371704664,False,
2025-12-13 18:25:00,9602900,5061155,7,1,14.664055252168968,0,0.2561,0.135,5.5e-05,1,0.2250052826807616,False,
2025-12-13 18:30:00,9203941,7888496,2,1,17.092437713642024,0,0.2454,0.2104,1.8e-05,1,0.22071070627606393,False,
2025-12-13 18:35:00,9283544,5906913,1,3,15.190458139636064,0,0.2476,0.1575,2.6e-05,1,0.27070608822570275,False,
2025-12-13 18:40:00,12363318,5041691,0,3,17.40500976541262,0,0.3297,0.1344,1.7e-05,1,0.16334667485567883,False,
2025-12-13 18:45:00,8796018,5984105,3,2,14.780123140243171,0,0.2346,0.1596,3.4e-05,1,0.27136759127049004,False,
2025-12-13 18:50:00,9565018,4576847,2,4,14.141866121909151,0,0.2551,0.122,4.2e-05,1,0.22979879230318406,False,
2025-12-13 18:55:00,8789954,3704381,2,2,12.494335508250725,0,0.2344,0.0988,3.2e-05,1,0.20517891555988627,False,
2025-12-13 19:00:00,9680754,4911626,2,4,14.592381393619323,0,0.2582,0.131,4.1e-05,1,0.251564252248887,False,
2025-12-13 19:05:00,10509978,6101669,2,1,16.61164839626516,0,0.2803,0.1627,1.8e-05,1,0.24902294627400745,False,
2025-12-13 19:10:00,9943202,4183151,1,2,14.126354535490806,0,0.2652,0.1116,2.1e-05,1,0.2167376576274016,False,
2025-12-13 19:15:00,8462171,5886832,6,0,14.34900345224678,0,0.2257,0.157,4.2e-05,1,0.2616400139195536,False,
2025-12-13 19:20:00,7155218,7194631,2,4,14.349850294709295,0,0.1908,0.1919,4.2e-05,1,0.23835515729996465,False,
2025-12-13 19:25:00,10853689,7110191,4,1,17.96388022045544,0,0.2894,0.1896,2.8e-05,1,0.235462486771305,False,
2025-12-13 19:30:00,10973641,4936683,6,0,15.910324193916043,0,0.2926,0.1316,3.8e-05,1,0.23498806810191986,False,
2025-12-13 19:35:00,9852944,5287352,5,4,15.140296781871545,0,0.2627,0.141,5.9e-05,1,0.2160548326249484,False,
2025-12-13 19:40:00,4931214,4664366,1,0,9.595581429655052,0,0.1315,0.1244,1e-05,1,0.021538446900809638,False,
2025-12-13 19:45:00,9391840,5286744,3,1,14.678585076917177,0,0.2504,0.141,2.7e-05,1,0.2649433771906572,False,
2025-12-13 19:50:00,8880821,2108583,0,1,10.989404555963022,0,0.2368,0.0562,9e-06,1,0.0627687973827501,False,
2025-12-13 19:55:00,9815603,8194426,6,1,18.01002960830927,0,0.2617,0.2185,3.9e-05,1,0.19168755183557962,False,
2025-12-13 20:00:00,7943591,5921718,6,0,13.865310072870166,0,0.2118,0.1579,4.3e-05,1,0.25758258816026314,False,
2025-12-13 20:05:00,9506613,7642542,2,0,17.149156338222802,0,0.2535,0.2038,1.2e-05,1,0.2124932825777674,False,
2025-12-13 20:10:00,9303208,5381785,2,2,14.684994136545455,0,0.2481,0.1435,2.7e-05,1,0.26754014430833295,False,
2025-12-13 20:15:00,7994608,6089733,4,1,14.084341490943892,0,0.2132,0.1624,3.6e-05,1,0.26487268239144623,False,
2025-12-13 20:20:00,9790184,8744147,3,1,18.53433174297495,0,0.2611,0.2332,2.2e-05,1,0.1609272866777805,False,
2025-12-13 20:25:00,8271997,6424263,2,2,14.69626108865315,0,0.2206,0.1713,2.7e-05,1,0.26693544100925354,False,
2025-12-13 20:30:00,9230941,6138429,4,3,15.369370085006654,0,0.2462,0.1637,4.6e-05,1,0.2554094162014922,False,
2025-12-13 20:35:00,7977034,6898936,2,1,14.875970871139796,0,0.2127,0.184,2e-05,1,0.2564988594372622,False,
2025-12-13 20:40:00,9447325,5452262,2,1,14.89958777238813,0,0.2519,0.1454,2e-05,1,0.2601922985248824,False,
2025-12-13 20:45:00,9095819,5519873,2,4,14.615692815364993,0,0.2426,0.1472,4.1e-05,1,0.2645620435150071,False,
2025-12-13 20:50:00,6577808,5259434,2,3,11.83724332548379,0,0.1754,0.1403,4.2e-05,1,0.20800405129596738,False,
2025-12-13 20:55:00,8445010,5100565,3,2,13.545576293372982,0,0.2252,0.136,3.7e-05,1,0.25519995469977547,False,
2025-12-13 21:00:00,7880436,5198266,2,2,13.078702904061156,0,0.2101,0.1386,3.1e-05,1,0.2491263009615985,False,
2025-12-13 21:05:00,7590774,6262881,2,4,13.853655882767557,0,0.2024,0.167,4.3e-05,1,0.249203118792866,False,
2025-12-13 21:10:00,9417187,6936454,4,0,16.353642315737375,0,0.2511,0.185,2.4e-05,1,0.2665276810765078,False,
2025-12-13 21:15:00,6653600,5714123,1,2,12.36772401118067,0,0.1774,0.1524,2.4e-05,1,0.22540450204784118,False,
2025-12-13 21:20:00,9462501,4976204,0,1,14.438706129313122,0,0.2523,0.1327,7e-06,1,0.19872930661730748,False,
2025-12-13 21:25:00,8559228,6199921,4,1,14.759149127430437,0,0.2282,0.1653,3.4e-05,1,0.26879413879601327,False,
2025-12-13 21:30:00,7740853,6534248,2,2,14.275101952837144,0,0.2064,0.1742,2.8e-05,1,0.2606724920521617,False,
2025-12-13 21:35:00,9850250,5294695,4,1,15.144946553982717,0,0.2627,0.1412,3.3e-05,1,0.2636997798717395,False,
2025-12-13 21:40:00,8320136,5725218,2,3,14.0453555353392,0,0.2219,0.1527,3.6e-05,1,0.26617120644574194,False,
2025-12-13 21:45:00,11691465,6556852,3,1,18.248317497460206,0,0.3118,0.1748,2.2e-05,1,0.19508793456677287,False,
2025-12-13 21:50:00,11067750,6015328,7,2,17.08307861091878,0,0.2951,0.1604,5.3e-05,1,0.19335361371427645,False,
2025-12-13 21:55:00,7145086,5995474,7,1,13.14056046306568,0,0.1905,0.1599,6.1e-05,1,0.20904052050020766,False,
2025-12-13 22:00:00,7701506,7221287,3,3,14.922793478548249,0,0.2054,0.1926,4e-05,1,0.255991026154288,False,
2025-12-13 22:05:00,9041951,5959018,2,2,15.00097012651208,0,0.2411,0.1589,2.7e-05,1,0.27555318571728477,False,
2025-12-13 22:10:00,8072191,5875201,3,2,13.947392791348644,0,0.2153,0.1567,3.6e-05,1,0.27194917490885145,False,
2025-12-13 22:15:00,6023015,5772328,2,1,11.795343842420476,0,0.1606,0.1539,2.5e-05,1,0.1880771139282742,False,
2025-12-13 22:20:00,10516691,7797464,5,5,18.31415627941185,0,0.2804,0.2079,5.5e-05,1,0.16286673295364196,False,
2025-12-13 22:25:00,9077620,7677180,6,2,16.754800823191097,0,0.2421,0.2047,4.8e-05,1,0.22174529866922987,False,
2025-12-13 22:30:00,8625654,6408657,1,0,15.034312493167606,0,0.23,0.1709,7e-06,1,0.2271637538454963,False,
2025-12-13 22:35:00,7816912,5696151,3,1,13.513063832068942,0,0.2085,0.1519,3e-05,1,0.2595436917583103,False,
2025-12-13 22:40:00,6700520,6736186,4,1,13.43670677937889,0,0.1787,0.1796,3.7e-05,1,0.22978074645348284,False,
2025-12-13 22:45:00,9241224,3969628,1,3,13.21085313142469,0,0.2464,0.1059,3e-05,1,0.22040743365493204,False,
2025-12-13 22:50:00,10224723,5673332,2,0,15.898055484145392,0,0.2727,0.1513,1.3e-05,1,0.22419698825672973,False,
2025-12-13 22:55:00,8546237,7043508,3,3,15.58974667124908,0,0.2279,0.1878,3.8e-05,1,0.2639541331109978,False,
2025-12-13 23:00:00,7560321,7050322,1,0,14.610644916052443,0,0.2016,0.188,7e-06,1,0.19363008816590732,False,
2025-12-13 23:05:00,8040597,4799852,5,0,12.84045017253618,0,0.2144,0.128,3.9e-05,1,0.24678973432719398,False,
2025-12-13 23:10:00,8483816,4709663,0,3,13.193479227774713,0,0.2262,0.1256,2.3e-05,1,0.23404731295671288,False,
2025-12-13 23:15:00,7208245,7122285,2,0,14.330531351437504,0,0.1922,0.1899,1.4e-05,1,0.2133873777505495,False,
2025-12-13 23:20:00,7864935,5087261,6,1,12.952196094759277,0,0.2097,0.1357,5.4e-05,1,0.2361493482046213,False,
2025-12-13 23:25:00,7985768,5739581,6,2,13.725349433331626,0,0.213,0.1531,5.8e-05,1,0.23091442626662656,False,
2025-12-13 23:30:00,6242480,5490693,6,2,11.73317396596426,0,0.1665,0.1464,6.8e-05,1,0.14869557952464285,False,
2025-12-13 23:35:00,7293709,4441521,4,1,11.735231051993413,0,0.1945,0.1184,4.3e-05,1,0.19716573413548777,False,
2025-12-13 23:40:00,9649183,6136493,4,0,15.785677511507586,0,0.2573,0.1636,2.5e-05,1,0.26444347606226565,False,
2025-12-13 23:45:00,5021937,6338786,5,3,11.360724709035848,0,0.1339,0.169,7e-05,1,0.08007184688079172,False,
2025-12-13 23:50:00,8516894,4886557,2,1,13.40345204295951,0,0.2271,0.1303,2.2e-05,1,0.24650068592959623,False,
2025-12-13 23:55:00,8838667,8117858,4,1,16.95652569298341,0,0.2357,0.2165,2.9e-05,1,0.21395731545842883,False,
2025-12-14 00:00:00,9187720,6686949,4,1,15.874670251638744,0,0.245,0.1783,3.1e-05,1,0.27108818282239877,False,
2025-12-14 00:05:00,8948423,6715573,1,1,15.663997370837246,0,0.2386,0.1791,1.3e-05,1,0.25023760528629413,False,
2025-12-14 00:10:00,7646777,5774666,4,2,13.421443957257354,0,0.2039,0.154,4.5e-05,1,0.2476881760906724,False,
2025-12-14 00:15:00,9934981,5538676,5,2,15.473657175772972,0,0.2649,0.1477,4.5e-05,1,0.2503032915703414,False,
2025-12-14 00:20:00,6753455,5515339,2,1,12.26879535647659,0,0.1801,0.1471,2.4e-05,1,0.22160086528428063,False,
2025-12-14 00:25:00,9843070,6366105,5,2,16.209175668675886,0,0.2625,0.1698,4.3e-05,1,0.2504459994700247,False,
2025-12-14 00:30:00,7378800,5154214,5,0,12.533014325936826,0,0.1968,0.1374,4e-05,1,0.23738416943095947,False,
2025-12-14 00:35:00,8981457,5268444,3,0,14.24990256450968,0,0.2395,0.1405,2.1e-05,1,0.25528715914095856,False,
2025-12-14 00:40:00,10514832,5772655,3,2,16.287487830539927,0,0.2804,0.1539,3.1e-05,1,0.25973929534080037,False,
2025-12-14 00:45:00,11429668,5786730,4,3,17.21639924343615,0,0.3048,0.1543,4.1e-05,1,0.21462053572616419,False,
2025-12-14 00:50:00,10121105,6720832,5,3,16.84193818315121,0,0.2699,0.1792,4.8e-05,1,0.23046877010722172,False,
2025-12-14 00:55:00,6327073,5417174,3,2,11.744248350184254,0,0.1687,0.1445,4.3e-05,1,0.2038866108686841,False,
2025-12-14 01:00:00,5164312,9288168,2,3,14.452480691121448,0,0.1377,0.2477,3.5e-05,1,0.1235005414728294,False,
2025-12-14 01:05:00,7207661,5927869,1,1,13.135531775531186,0,0.1922,0.1581,1.5e-05,1,0.2140064474355617,False,
2025-12-14 01:10:00,9303591,7098676,3,3,16.402268029135858,0,0.2481,0.1893,3.7e-05,1,0.2594939726501149,False,
2025-12-14 01:15:00,6534365,6055400,3,1,12.58976586115232,0,0.1742,0.1615,3.2e-05,1,0.23596743076113913,False,
2025-12-14 01:20:00,8100896,8666590,2,1,16.76748759194298,0,0.216,0.2311,1.8e-05,1,0.18545427088450822,False,
2025-12-14 01:25:00,8823678,7096250,3,0,15.919928747040144,0,0.2353,0.1892,1.9e-05,1,0.2570971596485864,False,
2025-12-14 01:30:00,9138199,4633072,3,1,13.771271995475908,0,0.2437,0.1235,2.9e-05,1,0.23886873712730716,False,
2025-12-14 01:35:00,8276187,7535824,1,0,15.812011551891931,0,0.2207,0.201,6e-06,1,0.19178214681203176,False,
2025-12-14 01:40:00,10541019,5624584,3,4,16.165603632929468,0,0.2811,0.15,4.3e-05,1,0.2437977661924533,False,
2025-12-14 01:45:00,9129048,5237134,3,1,14.366182701438198,0,0.2434,0.1397,2.8e-05,1,0.26220908697975487,False,
2025-12-14 01:50:00,10888643,3232108,3,4,14.120751532244311,0,0.2904,0.0862,5e-05,1,0.16382125505109668,False,
2025-12-14 01:55:00,9647027,5742183,2,3,15.38921134554527,0,0.2573,0.1531,3.2e-05,1,0.26757215194313566,False,
2025-12-14 02:00:00,9284187,6482712,3,4,15.766900770555347,0,0.2476,0.1729,4.4e-05,1,0.24984800840776744,False,
2025-12-14 02:05:00,7481984,7196865,2,3,14.678850166053929,0,0.1995,0.1919,3.4e-05,1,0.2527432554340386,False,
2025-12-14 02:10:00,9362655,5111128,2,2,14.473783947042524,0,0.2497,0.1363,2.8e-05,1,0.2612226646724386,False,
2025-12-14 02:15:00,9074886,5933947,5,1,15.008834321429184,0,0.242,0.1582,4e-05,1,0.2685531528805672,False,
2025-12-14 02:20:00,10257584,3768308,0,2,14.0258936222773,0,0.2735,0.1005,1.4e-05,1,0.16419045178803898,False,
2025-12-14 02:25:00,7052740,4110650,2,0,11.16339064857089,0,0.1881,0.1096,1.8e-05,1,0.1446141596645275,False,
2025-12-14 02:30:00,9694086,7238961,2,4,16.933048612921205,0,0.2585,0.193,3.5e-05,1,0.2580330774493389,False,
2025-12-14 02:35:00,10411343,7535229,1,2,17.94657242453344,0,0.2776,0.2009,1.7e-05,1,0.21307985173572386,False,
2025-12-14 02:40:00,12000275,6824968,3,3,18.82524418266609,0,0.32,0.182,3.2e-05,1,0.1830254295863617,False,
2025-12-14 02:45:00,11848117,5322847,5,1,17.170965554055584,0,0.3159,0.1419,3.5e-05,1,0.20742180448200187,False,
2025-12-14 02:50:00,6768564,7524835,3,2,14.29340072356758,0,0.1805,0.2007,3.5e-05,1,0.22426280117237263,False,
2025-12-14 02:55:00,5703470,4740122,2,1,10.443593590959244,0,0.1521,0.1264,2.9e-05,1,0.12615549988483843,False,
2025-12-14 03:00:00,10681134,4656174,3,2,15.337309536689007,0,0.2848,0.1242,3.3e-05,1,0.2378546800473748,False,
2025-12-14 03:05:00,8754804,7172833,2,5,15.92763832556929,0,0.2335,0.1913,4.4e-05,1,0.23878514136654538,False,
2025-12-14 03:10:00,5411373,6548898,3,2,11.96027212356154,0,0.1443,0.1746,4.2e-05,1,0.17431111128523274,False,
2025-12-14 03:15:00,10040907,6008382,1,4,16.049289579354962,0,0.2678,0.1602,3.1e-05,1,0.2608317055689648,False,
2025-12-14 03:20:00,9721397,3933093,0,2,13.654491018194918,0,0.2592,0.1049,1.5e-05,1,0.179662367865759,False,
2025-12-14 03:25:00,11671316,7648630,4,0,19.319947210568348,0,0.3112,0.204,2.1e-05,1,0.15099189905957006,False,
2025-12-14 03:30:00,9208673,7537992,3,3,16.746666061711803,0,0.2456,0.201,3.6e-05,1,0.250009072488398,False,
2025-12-14 03:35:00,6726619,4984181,4,1,11.710800983269792,0,0.1794,0.1329,4.3e-05,1,0.20407430262563758,False,
2025-12-14 03:40:00,10076085,6359207,0,4,16.435293019143554,0,0.2687,0.1696,2.4e-05,1,0.26072024457883053,False,
2025-12-14 03:45:00,11539176,5436029,2,1,16.975206771596508,0,0.3077,0.145,1.8e-05,1,0.20381783765946998,False,
2025-12-14 03:50:00,9781290,5817487,2,4,15.598778140827145,0,0.2608,0.1551,3.8e-05,1,0.26315289840891454,False,
2025-12-14 03:55:00,8790543,7779203,2,2,16.569747847498203,0,0.2344,0.2074,2.4e-05,1,0.24746696171313953,False,
2025-12-14 04:00:00,10500707,4439271,2,2,14.939979151776534,0,0.28,0.1184,2.7e-05,1,0.23474521572429985,False,
2025-12-14 04:05:00,7898533,7965818,5,2,15.864352218975217,0,0.2106,0.2124,4.4e-05,1,0.20257754249297744,False,
2025-12-14 04:10:00,8376229,6287426,4,1,14.663656137477474,0,0.2234,0.1677,3.4e-05,1,0.26572078867164484,False,
2025-12-14 04:15:00,10122056,6432424,2,1,16.55448045966875,0,0.2699,0.1715,1.8e-05,1,0.25148584844280153,False,
2025-12-14 04:20:00,5628541,3426911,2,3,9.05545321297227,0,0.1501,0.0914,5.5e-05,1,0.027157487618294507,False,
2025-12-14 04:25:00,9803920,5570808,8,1,15.374729536914732,0,0.2614,0.1486,5.9e-05,1,0.21799824569791554,False,
2025-12-14 04:30:00,9981996,4510713,3,2,14.492709493391027,0,0.2662,0.1203,3.5e-05,1,0.2394551290215267,False,
2025-12-14 04:35:00,8545244,6206296,3,1,14.75154135729892,0,0.2279,0.1655,2.7e-05,1,0.2666127382775654,False,
2025-12-14 04:40:00,11212945,5362107,0,3,16.57505292883224,0,0.299,0.143,1.8e-05,1,0.22364630062997126,False,
2025-12-14 04:45:00,11174700,6576561,4,1,17.751261758208106,0,0.298,0.1754,2.8e-05,1,0.2343720169649302,False,
2025-12-14 04:50:00,9841026,4275239,2,3,14.1162658077076,0,0.2624,0.114,3.5e-05,1,0.2270911335420669,False,
2025-12-14 04:55:00,7664517,5402741,3,3,13.06725851608048,0,0.2044,0.1441,4.6e-05,1,0.24080887966526515,False,
2025-12-14 05:00:00,8535974,6908175,4,2,15.444150024648549,0,0.2276,0.1842,3.9e-05,1,0.26138092477934805,False,
2025-12-14 05:05:00,8033114,5127392,5,2,13.160506572265326,0,0.2142,0.1367,5.3e-05,1,0.23950449718295358,False,
2025-12-14 05:10:00,10189416,6446933,3,2,16.636349671304067,0,0.2717,0.1719,3e-05,1,0.2600739460264951,False,
2025-12-14 05:15:00,10073276,4883266,6,1,14.956542423150326,0,0.2686,0.1302,4.7e-05,1,0.24459049541909283,False,
2025-12-14 05:20:00,8324931,6788759,2,1,15.113691565169576,0,0.222,0.181,2e-05,1,0.25782527299338015,False,
2025-12-14 05:25:00,7665347,7120399,2,2,14.785747439037818,0,0.2044,0.1899,2.7e-05,1,0.25753607085863556,False,
2025-12-14 05:30:00,8149191,6460280,3,0,14.6094719338693,0,0.2173,0.1723,2.1e-05,1,0.2603393972056464,False,
2025-12-14 05:35:00,8367440,6238014,4,1,14.605455802786734,0,0.2231,0.1663,3.4e-05,1,0.2675233156736087,False,
2025-12-14 05:40:00,7449778,6459536,5,1,13.90931435026254,0,0.1987,0.1723,4.3e-05,1,0.24290682335365477,False,
2025-12-14 05:45:00,9877879,6876849,0,1,16.754728265317205,0,0.2634,0.1834,6e-06,1,0.21217991240328227,False,
2025-12-14 05:50:00,7567731,7045809,5,3,14.61354083624614,0,0.2018,0.1879,5.5e-05,1,0.22552574451023355,False,
2025-12-14 05:55:00,8579878,6241643,2,0,14.821521858892764,0,0.2288,0.1664,1.3e-05,1,0.23812158963537794,False,
2025-12-14 06:00:00,9471062,4998284,2,0,14.469347749821315,0,0.2526,0.1333,1.4e-05,1,0.22021300499525426,False,
2025-12-14 06:05:00,8628871,6913253,3,3,15.542125194322324,0,0.2301,0.1844,3.9e-05,1,0.26150213764995656,False,
2025-12-14 06:10:00,9606851,6247609,8,3,15.854461113836296,0,0.2562,0.1666,6.9e-05,1,0.17676533874441325,False,
2025-12-14 06:15:00,8404322,8152680,0,3,16.557003432934394,0,0.2241,0.2174,1.8e-05,1,0.20839433251673722,False,
2025-12-14 06:20:00,9470196,4007218,1,4,13.47741424856055,0,0.2525,0.1069,3.7e-05,1,0.21962413932340408,False,
2025-12-14 06:25:00,8135573,6847226,2,3,14.98280079233903,0,0.2169,0.1826,3.3e-05,1,0.2692141909634928,False,
2025-12-14 06:30:00,7401655,4747154,3,2,12.148810457449992,0,0.1974,0.1266,4.1e-05,1,0.22381062072974683,False,
2025-12-14 06:35:00,9150534,6556942,0,2,15.707477549010225,0,0.244,0.1749,1.3e-05,1,0.24487840190943655,False,
2025-12-14 06:40:00,6023816,4272668,3,0,10.29648506603854,0,0.1606,0.1139,2.9e-05,1,0.11754901041612842,False,
2025-12-14 06:45:00,8140599,7380773,3,2,15.52137307195141,0,0.2171,0.1968,3.2e-05,1,0.2605866292753566,False,
2025-12-14 06:50:00,11246195,2700322,1,0,13.946518518898335,0,0.2999,0.072,7e-06,1,0.09814820973560623,False,
2025-12-14 06:55:00,8361176,5606395,4,2,13.967571435736142,0,0.223,0.1495,4.3e-05,1,0.25905642866180656,False,
2025-12-14 07:00:00,6738942,4640372,3,3,11.379315083435635,0,0.1797,0.1237,5.3e-05,1,0.16865430280691662,False,
2025-12-14 07:05:00,9673154,5355244,2,6,15.028398498716658,0,0.258,0.1428,5.3e-05,1,0.2389237496966402,False,
2025-12-14 07:10:00,9537854,7012032,3,1,16.54988701098057,0,0.2543,0.187,2.4e-05,1,0.2616705152658379,False,
2025-12-14 07:15:00,9660558,5217677,3,2,14.878235624285328,0,0.2576,0.1391,3.4e-05,1,0.25997514245471753,False,
2025-12-14 07:20:00,8954593,4530895,8,1,13.485488473973016,0,0.2388,0.1208,6.7e-05,1,0.17587724959893658,False,
2025-12-14 07:25:00,9311777,6094624,1,4,15.406401400794786,0,0.2483,0.1625,3.2e-05,1,0.27457731862241275,False,
2025-12-14 07:30:00,10752278,6555215,3,2,17.307493910975396,0,0.2867,0.1748,2.9e-05,1,0.2441985801059019,False,
2025-12-14 07:35:00,11394126,6476992,4,2,17.87111932699438,0,0.3038,0.1727,3.4e-05,1,0.219062699674415,False,
2025-12-14 07:40:00,7796209,5062654,3,3,12.858864377693614,0,0.2079,0.135,4.7e-05,1,0.24437218640643638,False,
2025-12-14 07:45:00,11069126,7393637,1,1,18.46276364676509,0,0.2952,0.1972,1.1e-05,1,0.16972463008582306,False,
2025-12-14 07:50:00,3737492,7584140,5,3,11.32163301945138,0,0.0997,0.2022,7.1e-05,1,0.053822982641410166,False,
2025-12-14 07:55:00,9840277,6559945,2,0,16.40022325750543,0,0.2624,0.1749,1.2e-05,1,0.23698898994010698,False,
2025-12-14 08:00:00,8675751,7169815,6,1,15.845567395352978,0,0.2314,0.1912,4.4e-05,1,0.23886295826166604,False,
2025-12-14 08:05:00,10355736,6274734,1,2,16.630471281835295,0,0.2762,0.1673,1.8e-05,1,0.24684132851893487,False,
2025-12-14 08:10:00,9306575,3535053,3,3,12.84162904630941,0,0.2482,0.0943,4.7e-05,1,0.19523256038464903,False,
2025-12-14 08:15:00,8418129,5625406,5,2,14.04353541574894,0,0.2245,0.15,5e-05,1,0.25465565617401853,False,
2025-12-14 08:20:00,9778761,7653442,2,1,17.43220438977969,0,0.2608,0.2041,1.7e-05,1,0.2227699491507218,False,
2025-12-14 08:25:00,10041232,7859316,5,5,17.900548512753474,0,0.2678,0.2096,5.6e-05,1,0.16864856316679538,False,
2025-12-14 08:30:00,9212322,7536960,6,2,16.749283183596823,0,0.2457,0.201,4.8e-05,1,0.2258674635979505,False,
2025-12-14 08:35:00,9756690,5878927,1,4,15.635617342845007,0,0.2602,0.1568,3.2e-05,1,0.2682696691467272,False,
2025-12-14 08:40:00,9321981,7270360,4,0,16.592342213898583,0,0.2486,0.1939,2.4e-05,1,0.2591038771636013,False,
2025-12-14 08:45:00,9050158,5299736,5,1,14.34989484924896,0,0.2413,0.1413,4.2e-05,1,0.2574772728708797,False,
2025-12-14 08:50:00,9530172,6336123,5,2,15.86629622192985,0,0.2541,0.169,4.4e-05,1,0.24602839280026745,False,
2025-12-14 08:55:00,7379445,7842186,1,2,15.2216317831254,0,0.1968,0.2091,2e-05,1,0.22052160841380164,False,
2025-12-14 09:00:00,7005096,5467296,5,0,12.472393624114792,0,0.1868,0.1458,4e-05,1,0.2395450610022431,False,
2025-12-14 09:05:00,9432419,6488474,3,3,15.920893665118212,0,0.2515,0.173,3.8e-05,1,0.2620629540298924,False,
2025-12-14 09:10:00,8661850,5552617,1,0,14.214467980279776,0,0.231,0.1481,7e-06,1,0.20539411330649104,False,
2025-12-14 09:15:00,9265300,8975347,1,1,18.240647279569195,0,0.2471,0.2393,1.1e-05,1,0.11822976151056652,False,
2025-12-14 09:20:00,8725774,7840733,4,1,16.566507064924245,0,0.2327,0.2091,3e-05,1,0.24002515857270484,False,
2025-12-14 09:25:00,8838034,7794041,3,2,16.632075504023565,0,0.2357,0.2078,3e-05,1,0.24882707018765504,False,
2025-12-14 09:30:00,7538804,5064918,2,0,12.60372322884384,0,0.201,0.1351,1.6e-05,1,0.21590424547301268,False,
2025-12-14 09:35:00,7424812,6779941,1,2,14.204753445671171,0,0.198,0.1808,2.1e-05,1,0.24463638231250806,False,
2025-12-14 09:40:00,7853922,7855911,3,1,15.709834448144711,0,0.2094,0.2095,2.5e-05,1,0.23408972548008095,False,
2025-12-14 09:45:00,9013789,5933247,4,1,14.947036883398908,0,0.2404,0.1582,3.3e-05,1,0.2733325853667874,False,
2025-12-14 09:50:00,6773562,5657715,3,4,12.431277639184223,0,0.1806,0.1509,5.6e-05,1,0.21011363727214694,False,
2025-12-14 09:55:00,6571351,3871088,3,4,10.442440318495953,0,0.1752,0.1032,6.7e-05,1,0.08986795219114596,False,
2025-12-14 10:00:00,10803530,6527492,3,2,17.331023377221655,0,0.2881,0.1741,2.9e-05,1,0.24326189092989736,False,
2025-12-14 10:05:00,8197722,8200919,2,2,16.39864283372941,0,0.2186,0.2187,2.4e-05,1,0.2107965930235498,False,
2025-12-14 10:10:00,10184830,5704543,3,4,15.88937424169188,0,0.2716,0.1521,4.4e-05,1,0.2422555212596026,False,
2025-12-14 10:15:00,8683736,4934258,5,2,13.6179950504298,0,0.2316,0.1316,5.1e-05,1,0.24612513482265586,False,
2025-12-14 10:20:00,7397800,7290012,6,4,14.687813119964703,0,0.1973,0.1944,6.8e-05,1,0.17462312128789975,False,
2025-12-14 10:25:00,8525145,7545399,6,4,16.070545489282008,0,0.2273,0.2012,6.2e-05,1,0.1885679515022604,False,
2025-12-14 10:30:00,7456706,7463753,1,4,14.920459852455522,0,0.1988,0.199,3.4e-05,1,0.25448564160909215,False,
2025-12-14 10:35:00,10195944,6197997,3,5,16.39394236943897,0,0.2719,0.1653,4.9e-05,1,0.22921083026604527,False,
2025-12-14 10:40:00,9342594,4367027,4,0,13.709621857222432,0,0.2491,0.1165,2.9e-05,1,0.23426562308986576,False,
2025-12-14 10:45:00,10872979,7473383,2,2,18.3463629499464,0,0.2899,0.1993,2.2e-05,1,0.21563988502992548,False,
2025-12-14 10:50:00,10492713,4905507,3,2,15.398221498054845,0,0.2798,0.1308,3.2e-05,1,0.24959295960168304,False,
2025-12-14 10:55:00,11090502,6269328,5,4,17.35983048536663,0,0.2957,0.1672,5.2e-05,1,0.19821589755742464,False,
2025-12-14 11:00:00,11230886,6253513,4,0,17.484399881905386,0,0.2995,0.1668,2.3e-05,1,0.22665229313755714,False,
2025-12-14 11:05:00,7226824,6106406,2,3,13.333231427745035,0,0.1927,0.1628,3.8e-05,1,0.24796026332538612,False,
2025-12-14 11:10:00,9002037,5500792,1,2,14.502829926097812,0,0.2401,0.1467,2.1e-05,1,0.2619833440096902,False,
2025-12-14 11:15:00,8441239,4952813,3,3,13.394053443897008,0,0.2251,0.1321,4.5e-05,1,0.25175592866952984,False,
2025-12-14 11:20:00,10799077,5710089,6,3,16.509167603025706,0,0.288,0.1523,5.5e-05,1,0.21151899882641279,False,
2025-12-14 11:25:00,8668644,4977049,1,1,13.645693980006838,0,0.2312,0.1327,1.5e-05,1,0.2203318355191179,False,
2025-12-14 11:30:00,6342806,6266318,4,3,12.609125001207904,0,0.1691,0.1671,5.6e-05,1,0.19863315003778986,False,
2025-12-14 11:35:00,10001480,6260084,0,0,16.261564584518403,0,0.2667,0.1669,0.0,1,0.17749748270139665,False,
2025-12-14 11:40:00,9032817,6727982,5,3,15.760800505583186,0,0.2409,0.1794,5.1e-05,1,0.2493058782536876,False,
2025-12-14 11:45:00,9132470,5317344,2,1,14.449815803327464,0,0.2435,0.1418,2.1e-05,1,0.2571950618442418,False,
2025-12-14 11:50:00,6305131,6686856,6,3,12.991987672269689,0,0.1681,0.1783,6.9e-05,1,0.15181167577396293,False,
2025-12-14 11:55:00,12355953,6881427,2,1,19.237380396597988,0,0.3295,0.1835,1.6e-05,1,0.12766112288779152,False,
2025-12-14 12:00:00,7881147,6369324,0,4,14.250471932546269,0,0.2102,0.1698,2.8e-05,1,0.2615964774966652,False,
2025-12-14 12:05:00,8495337,4417234,6,0,12.912571993844953,0,0.2265,0.1178,4.6e-05,1,0.23089249620717472,False,
2025-12-14 12:10:00,9848972,5272148,6,2,15.121121593983196,0,0.2626,0.1406,5.3e-05,1,0.23470659195914612,False,
2025-12-14 12:15:00,10091332,5152746,3,2,15.244079257179347,0,0.2691,0.1374,3.3e-05,1,0.25792863698031276,False,
2025-12-14 12:20:00,7683396,4046385,5,1,11.72978222453334,0,0.2049,0.1079,5.1e-05,1,0.18558628936374022,False,
2025-12-14 12:25:00,12550822,6303801,3,2,18.85462392620246,0,0.3347,0.1681,2.7e-05,1,0.15259423319241788,False,
2025-12-14 12:30:00,8729070,6804204,4,3,15.533274691156542,0,0.2328,0.1814,4.5e-05,1,0.2508899343991078,False,
2025-12-14 12:35:00,8126965,5181254,2,4,13.30821997524558,0,0.2167,0.1382,4.5e-05,1,0.2536186610152442,False,
2025-12-14 12:40:00,6882208,8337735,4,2,15.21994476826856,0,0.1835,0.2223,3.9e-05,1,0.18875008898108964,False,
2025-12-14 12:45:00,8172073,5599601,2,0,13.771674966899624,0,0.2179,0.1493,1.5e-05,1,0.23965204628890907,False,
2025-12-14 12:50:00,10868132,7119589,2,1,17.987721935370686,0,0.2898,0.1899,1.7e-05,1,0.2140641672109378,False,
2025-12-14 12:55:00,9985928,4797166,1,1,14.78309435585018,0,0.2663,0.1279,1.4e-05,1,0.20762389349599292,False,
2025-12-14 13:00:00,8532359,4874712,2,2,13.407072558742597,0,0.2275,0.13,3e-05,1,0.2538731759153456,False,
2025-12-14 13:05:00,11681344,4922610,4,1,16.603955012100485,0,0.3115,0.1313,3e-05,1,0.21824348616893158,False,
2025-12-14 13:10:00,7940468,5818052,4,2,13.758521131118949,0,0.2117,0.1551,4.4e-05,1,0.2544590141395949,False,
2025-12-14 13:15:00,9872083,6727319,3,1,16.59940292696499,0,0.2633,0.1794,2.4e-05,1,0.26453345065950395,False,
2025-12-14 13:20:00,10851621,8237323,3,3,19.088944905757547,0,0.2894,0.2197,3.1e-05,1,0.16606051150360568,False,
2025-12-14 13:25:00,10407964,6021953,4,3,16.429917818036692,0,0.2775,0.1606,4.3e-05,1,0.23838698137660752,False,
2025-12-14 13:30:00,7485522,5301178,1,0,12.786700736843908,0,0.1996,0.1414,8e-06,1,0.17349236606537988,False,
2025-12-14 13:35:00,8065548,6583053,1,2,14.648601732093832,0,0.2151,0.1755,2e-05,1,0.25855940399858574,False,
2025-12-14 13:40:00,7355247,6074077,5,1,13.429325272704515,0,0.1961,0.162,4.5e-05,1,0.24222763253329088,False,
2025-12-14 13:45:00,8193968,6550582,1,3,14.74455134638197,0,0.2185,0.1747,2.7e-05,1,0.2688168674927359,False,
2025-12-14 13:50:00,6992822,5414149,3,0,12.40697249108161,0,0.1865,0.1444,2.4e-05,1,0.22775775131824832,False,
2025-12-14 13:55:00,9734190,5061323,2,3,14.795514754439,0,0.2596,0.135,3.4e-05,1,0.2621414694334536,False,
2025-12-14 14:00:00,10019730,5632887,3,0,15.65261750712288,0,0.2672,0.1502,1.9e-05,1,0.25440189622103543,False,
2025-12-14 14:05:00,12911395,8799329,1,1,21.7107254610568,0,0.3443,0.2346,9e-06,1,0.02817409085192457,False,
2025-12-14 14:10:00,8018619,5744189,1,1,13.762808435063828,0,0.2138,0.1532,1.5e-05,1,0.23538048772166714,False,
2025-12-14 14:15:00,8026660,8350484,4,0,16.377144608242133,0,0.214,0.2227,2.4e-05,1,0.20209330558667238,False,
2025-12-14 14:20:00,8886368,5697338,3,2,14.583706774968128,0,0.237,0.1519,3.4e-05,1,0.2696525679556873,False,
2025-12-14 14:25:00,11582136,3265048,2,1,14.84718526751792,0,0.3089,0.0871,2e-05,1,0.16885031134489592,False,
2025-12-14 14:30:00,8709368,6345022,1,1,15.054391066430616,0,0.2322,0.1692,1.3e-05,1,0.24227629272189727,False,
2025-12-14 14:35:00,8255222,6905593,3,1,15.160815971221997,0,0.2201,0.1841,2.6e-05,1,0.26844217253272606,False,
2025-12-14 14:40:00,7699745,6560931,2,5,14.260676565308804,0,0.2053,0.175,4.9e-05,1,0.2448194040186289,False,
2025-12-14 14:45:00,8610465,6763093,2,3,15.373559756843129,0,0.2296,0.1803,3.3e-05,1,0.2661171646560485,False,
2025-12-14 14:50:00,7675002,5845759,1,4,13.520762087749285,0,0.2047,0.1559,3.7e-05,1,0.25561296475390977,False,
2025-12-14 14:55:00,8237525,7475170,1,3,15.712695711976489,0,0.2197,0.1993,2.5e-05,1,0.25500915316379413,False,
2025-12-14 15:00:00,7076570,6011555,1,1,13.08812638772492,0,0.1887,0.1603,1.5e-05,1,0.20762777227652868,False,
2025-12-14 15:05:00,8625497,5396108,2,0,14.021605593924924,0,0.23,0.1439,1.4e-05,1,0.22909188393097296,False,
2025-12-14 15:10:00,8809964,5742361,2,1,14.55232570098376,0,0.2349,0.1531,2.1e-05,1,0.2596089969566895,False,
2025-12-14 15:15:00,10451755,4907416,2,1,15.359171670376009,0,0.2787,0.1309,2e-05,1,0.24059973311154714,False,
2025-12-14 15:20:00,8650986,6026230,1,1,14.677216498497105,0,0.2307,0.1607,1.4e-05,1,0.23482346822956068,False,
2025-12-14 15:25:00,9288373,2079406,8,2,11.367780339280062,0,0.2477,0.0555,8.8e-05,1,0.0182546014405498,False,
2025-12-14 15:30:00,9536619,6564458,2,3,16.10107802653601,0,0.2543,0.1751,3.1e-05,1,0.2647436118518929,False,
2025-12-14 15:35:00,11139971,5892714,1,2,17.03268545013231,0,0.2971,0.1571,1.8e-05,1,0.21996907948443523,False,
2025-12-14 15:40:00,10153350,7972003,6,2,18.125354251104497,0,0.2708,0.2126,4.4e-05,1,0.1847238902263224,False,
2025-12-14 15:45:00,10426159,5871941,5,2,16.298100905001096,0,0.278,0.1566,4.3e-05,1,0.23977937908757962,False,
2025-12-14 15:50:00,8369254,4960537,3,1,13.329791503573825,0,0.2232,0.1323,3e-05,1,0.2549508015173182,False,
2025-12-14 15:55:00,10565370,5932697,5,0,16.498068177610715,0,0.2817,0.1582,3e-05,1,0.25747720157661935,False,
2025-12-14 16:00:00,6594835,6330384,1,3,12.925220245863214,0,0.1759,0.1688,3.1e-05,1,0.23315720957006753,False,
2025-12-14 16:05:00,9361613,4358060,3,0,13.719674041072697,0,0.2496,0.1162,2.2e-05,1,0.22784935395722505,False,
2025-12-14 16:10:00,7825674,4671210,6,0,12.496885583205536,0,0.2087,0.1246,4.8e-05,1,0.22174368908285186,False,
2025-12-14 16:15:00,7479469,7062798,1,1,14.54226737117107,0,0.1995,0.1883,1.4e-05,1,0.2173110079399877,False,
2025-12-14 16:20:00,7207904,6520412,1,3,13.728316974683214,0,0.1922,0.1739,2.9e-05,1,0.24488734379885174,False,
2025-12-14 16:25:00,9970946,7720710,0,3,17.691656338528013,0,0.2659,0.2059,1.7e-05,1,0.21889424638497496,False,
2025-12-14 16:30:00,8423113,5054490,5,0,13.477603110653266,0,0.2246,0.1348,3.7e-05,1,0.25340056042694425,False,
2025-12-14 16:35:00,11101394,6811598,0,4,17.91299289376968,0,0.296,0.1816,2.2e-05,1,0.22482848667273553,False,
2025-12-14 16:40:00,11833028,6130098,5,0,17.963127071028097,0,0.3155,0.1635,2.8e-05,1,0.19976052713400844,False,
2025-12-14 16:45:00,8101442,5922073,5,0,14.023516318226417,0,0.216,0.1579,3.6e-05,1,0.2723113624825463,False,
2025-12-14 16:50:00,9114061,5985397,4,2,15.099459514619726,0,0.243,0.1596,4e-05,1,0.26816466245326115,False,
2025-12-14 16:55:00,4835177,5258645,1,3,10.093822121755696,0,0.1289,0.1402,4e-05,1,0.10249993536972524,False,
2025-12-14 17:00:00,9710898,7298230,4,3,17.00912899367743,0,0.259,0.1946,4.1e-05,1,0.23863731146526634,False,
2025-12-14 17:05:00,9839295,5001358,4,3,14.84065406723644,0,0.2624,0.1334,4.7e-05,1,0.24401359126553773,False,
2025-12-14 17:10:00,8325613,6831694,2,3,15.157308539339995,0,0.222,0.1822,3.3e-05,1,0.26564202283214566,False,
2025-12-14 17:15:00,8298946,7776425,1,0,16.075372063344815,0,0.2213,0.2074,6e-06,1,0.18922005153660554,False,
2025-12-14 17:20:00,7818884,4728168,6,2,12.547053039611344,0,0.2085,0.1261,6.4e-05,1,0.18451195702107281,False,
2025-12-14 17:25:00,8779085,5514263,4,1,14.293348823999024,0,0.2341,0.147,3.5e-05,1,0.27066026756471223,False,
2025-12-14 17:30:00,10040663,4494128,2,2,14.53479226468321,0,0.2678,0.1198,2.8e-05,1,0.2395613974825137,False,
2025-12-14 17:35:00,9010025,5967140,3,2,14.977165903242398,0,0.2403,0.1591,3.3e-05,1,0.27435438285146396,False,
2025-12-14 17:40:00,8136435,7550651,5,0,15.687087074382276,0,0.217,0.2014,3.2e-05,1,0.2545750277790949,False,
2025-12-14 17:45:00,9859534,5603863,6,2,15.46339855112796,0,0.2629,0.1494,5.2e-05,1,0.2417997974544795,False,
2025-12-14 17:50:00,10477332,5715467,6,3,16.192799261345282,0,0.2794,0.1524,5.6e-05,1,0.21505125314987056,False,
2025-12-14 17:55:00,7609328,7414890,5,1,15.024219416792905,0,0.2029,0.1977,4e-05,1,0.24690024803692434,False,
2025-12-14 18:00:00,9299431,5610901,2,2,14.91033279796896,0,0.248,0.1496,2.7e-05,1,0.27000569161577187,False,
2025-12-14 18:05:00,8528797,7374163,4,2,15.902961404591936,0,0.2274,0.1966,3.8e-05,1,0.252723192883417,False,
2025-12-14 18:10:00,10753889,5344282,2,3,16.098171181629738,0,0.2868,0.1425,3.1e-05,1,0.2533343128701478,False,
2025-12-14 18:15:00,10719856,5573759,2,1,16.293616070987728,0,0.2859,0.1486,1.8e-05,1,0.24760262521583637,False,
2025-12-14 18:20:00,7576214,7108638,5,2,14.68485238281383,0,0.202,0.1896,4.8e-05,1,0.2368768291637643,False,
2025-12-14 18:25:00,8815185,8997343,1,2,17.812529239390127,0,0.2351,0.2399,1.7e-05,1,0.14863593708977074,False,
2025-12-14 18:30:00,8793727,5345017,1,0,14.138744896067797,0,0.2345,0.1425,7e-06,1,0.20035731621693004,False,
2025-12-14 18:35:00,12351932,7636851,3,1,19.98878396019173,0,0.3294,0.2036,2e-05,1,0.09878331283721176,False,
2025-12-14 18:40:00,8676052,5354850,3,1,14.030902838232622,0,0.2314,0.1428,2.9e-05,1,0.2591724003653251,False,
2025-12-14 18:45:00,11081507,5346707,3,2,16.42821482190577,0,0.2955,0.1426,3e-05,1,0.24462754338899845,False,
2025-12-14 18:50:00,6913105,7414302,3,3,14.327407454491134,0,0.1843,0.1977,4.2e-05,1,0.2260842172270336,False,
2025-12-14 18:55:00,10033927,6418660,3,3,16.452587869197462,0,0.2676,0.1712,3.6e-05,1,0.2608046144531076,False,
2025-12-14 19:00:00,11627991,5146116,4,1,16.774108442526707,0,0.3101,0.1372,3e-05,1,0.2239675742475118,False,
2025-12-14 19:05:00,7443071,5468097,2,2,12.911169232183935,0,0.1985,0.1458,3.1e-05,1,0.24895898663135646,False,
2025-12-14 19:10:00,8932612,6040151,4,2,14.972764113363926,0,0.2382,0.1611,4e-05,1,0.27264392296670076,False,
2025-12-14 19:15:00,9905962,5656851,1,0,15.562813633660728,0,0.2642,0.1508,6e-06,1,0.2047500117453906,False,
2025-12-14 19:20:00,9633766,6972922,2,2,16.606689597289567,0,0.2569,0.1859,2.4e-05,1,0.2649309538047107,False,
2025-12-14 19:25:00,8811761,5778011,1,0,14.58977245482022,0,0.235,0.1541,7e-06,1,0.22105232392952878,False,
2025-12-14 19:30:00,12386519,5801882,4,3,18.18840236512569,0,0.3303,0.1547,3.8e-05,1,0.16599332638325415,False,
2025-12-14 19:35:00,9880228,4559447,1,1,14.439676443707128,0,0.2635,0.1216,1.4e-05,1,0.1996617704786245,False,
2025-12-14 19:40:00,8997061,5902472,7,1,14.899533967192472,0,0.2399,0.1574,5.4e-05,1,0.24047582046201071,False,
2025-12-14 19:45:00,11754017,6510448,1,4,18.26446571902453,0,0.3134,0.1736,2.7e-05,1,0.19351240435526645,False,
2025-12-14 19:50:00,9173210,5176716,4,1,14.349927043058672,0,0.2446,0.138,3.5e-05,1,0.26125134014041895,False,
2025-12-14 19:55:00,9646438,6169952,4,5,15.816390562612284,0,0.2572,0.1645,5.7e-05,1,0.22579223403978216,False,
2025-12-14 20:00:00,6779880,5619398,2,3,12.3992785648615,0,0.1808,0.1499,4e-05,1,0.23666094575707125,False,
2025-12-14 20:05:00,7531575,5371809,1,3,12.903384968840074,0,0.2008,0.1432,3.1e-05,1,0.24564772395969886,False,
2025-12-14 20:10:00,8748879,5910261,5,4,14.659140705408568,0,0.2333,0.1576,6.1e-05,1,0.21884845287014243,False,
2025-12-14 20:15:00,9609595,7516943,2,4,17.126538447740227,0,0.2563,0.2005,3.5e-05,1,0.24377133498655906,False,
2025-12-14 20:20:00,9700063,5693728,0,1,15.393791724421384,0,0.2587,0.1518,6e-06,1,0.20457379944727266,False,
2025-12-14 20:25:00,10039689,5824737,1,4,15.86442707161719,0,0.2677,0.1553,3.2e-05,1,0.262663868325938,False,
2025-12-14 20:30:00,8169129,5779438,3,3,13.948568078733132,0,0.2178,0.1541,4.3e-05,1,0.26333580927523065,False,
2025-12-14 20:35:00,8548402,5002772,2,2,13.551175135234658,0,0.228,0.1334,3e-05,1,0.25273164468768466,False,
2025-12-14 20:40:00,8405753,6487394,4,1,14.89314881426671,0,0.2242,0.173,3.4e-05,1,0.2676401821553885,False,
2025-12-14 20:45:00,9698441,5294480,3,3,14.992922036255983,0,0.2586,0.1412,4e-05,1,0.260107343510094,False,
2025-12-14 20:50:00,9112620,7257214,2,1,16.369834183212557,0,0.243,0.1935,1.8e-05,1,0.25172163360977795,False,
2025-12-14 20:55:00,8635314,5167647,3,2,13.802962499441255,0,0.2303,0.1378,3.6e-05,1,0.2594887886653973,False,
2025-12-14 21:00:00,10857863,5963725,1,4,16.82158917164899,0,0.2895,0.159,3e-05,1,0.24745058770906475,False,
2025-12-14 21:05:00,9105785,5477756,6,0,14.583541815333652,0,0.2428,0.1461,4.1e-05,1,0.26311611668446316,False,
2025-12-14 21:10:00,10091735,7706533,4,2,17.798269361070364,0,0.2691,0.2055,3.4e-05,1,0.2280623913663412,False,
2025-12-14 21:15:00,8525148,6538551,2,3,15.063700310217571,0,0.2273,0.1744,3.3e-05,1,0.26975885441140635,False,
2025-12-14 21:20:00,7501708,4785748,4,1,12.2874569132107,0,0.2,0.1276,4.1e-05,1,0.228590161383266,False,
2025-12-14 21:25:00,9416104,7423823,2,2,16.83992832377164,0,0.2511,0.198,2.4e-05,1,0.25389833152381847,False,
2025-12-14 21:30:00,9761553,8074154,3,4,17.835708389583,0,0.2603,0.2153,3.9e-05,1,0.20000326795815337,False,
2025-12-14 21:35:00,11284621,7080878,2,3,18.36550038457255,0,0.3009,0.1888,2.7e-05,1,0.20994320995243076,False,
2025-12-14 21:40:00,8108582,5531272,5,4,13.639855124845472,0,0.2162,0.1475,6.6e-05,1,0.2121399213037765,False,
2025-12-14 21:45:00,10594184,4685356,3,3,15.279540797383898,0,0.2825,0.1249,3.9e-05,1,0.2355311940583355,False,
2025-12-14 21:50:00,8392541,6276011,1,2,14.668553061350549,0,0.2238,0.1674,2e-05,1,0.2555126293211266,False,
2025-12-14 21:55:00,12218666,8075416,4,5,20.294083016816263,0,0.3258,0.2153,4.4e-05,1,0.06748571802958026,False,
2025-12-14 22:00:00,9438288,5837244,3,2,15.27553288379006,0,0.2517,0.1557,3.3e-05,1,0.26895869569821884,False,
2025-12-14 22:05:00,8213805,6240270,1,3,14.454076523152718,0,0.219,0.1664,2.8e-05,1,0.2672346994616046,False,
2025-12-14 22:10:00,9505439,5769007,4,2,15.27444631740592,0,0.2535,0.1538,3.9e-05,1,0.26202529824053217,False,
2025-12-14 22:15:00,8693105,7349007,4,1,16.042112880830782,0,0.2318,0.196,3.1e-05,1,0.2571924638039951,False,
2025-12-14 22:20:00,9688744,5190798,4,2,14.879543504474288,0,0.2584,0.1384,4e-05,1,0.25428802175759974,False,
2025-12-14 22:25:00,10053294,6611251,3,5,16.66454651014646,0,0.2681,0.1763,4.8e-05,1,0.23501813697378127,False,
2025-12-14 22:30:00,9550593,4959884,3,2,14.51047820274492,0,0.2547,0.1323,3.4e-05,1,0.2565898780597413,False,
2025-12-14 22:35:00,7400528,6383582,5,1,13.78411055313076,0,0.1973,0.1702,4.4e-05,1,0.2367506853706972,False,
2025-12-14 22:40:00,8831316,5134043,4,1,13.965360442609196,0,0.2355,0.1369,3.6e-05,1,0.26407965633823405,False,
2025-12-14 22:45:00,10799963,6149180,2,0,16.949144206444785,0,0.288,0.164,1.2e-05,1,0.2168675357737968,False,
2025-12-14 22:50:00,7857182,7345139,6,2,15.202322549773942,0,0.2095,0.1959,5.3e-05,1,0.22435920470511111,False,
2025-12-14 22:55:00,9026548,7087211,2,2,16.113760157773836,0,0.2407,0.189,2.5e-05,1,0.2671662296569474,False,
2025-12-14 23:00:00,8597158,5375248,3,2,13.972406700944726,0,0.2293,0.1433,3.6e-05,1,0.26276108923162467,False,
2025-12-14 23:05:00,6426251,3977620,7,2,10.403871722695207,0,0.1714,0.1061,8.7e-05,1,0.02191967002644568,False,
2025-12-14 23:10:00,6441460,4308452,3,1,10.749912574734012,0,0.1718,0.1149,3.7e-05,1,0.15118980716218855,False,
2025-12-14 23:15:00,8641997,5771012,3,3,14.41301006713167,0,0.2305,0.1539,4.2e-05,1,0.2586255780602161,False,
2025-12-14 23:20:00,8407280,6455111,3,2,14.862392000654385,0,0.2242,0.1721,3.4e-05,1,0.26763539038856565,False,
2025-12-14 23:25:00,5915676,4603161,3,3,10.518838178529109,0,0.1578,0.1228,5.7e-05,1,0.10613949105422105,False,
2025-12-14 23:30:00,11631570,7754748,3,0,19.38631947027757,0,0.3102,0.2068,1.5e-05,1,0.12878415668975385,False,
2025-12-14 23:35:00,8732338,7396544,1,4,16.128883568695475,0,0.2329,0.1972,3.1e-05,1,0.25730227138014594,False,
2025-12-14 23:40:00,8812381,4008587,4,2,12.820968400799352,0,0.235,0.1069,4.7e-05,1,0.22259990220493303,False,
2025-12-14 23:45:00,8086265,9187779,1,1,17.274045307458334,0,0.2156,0.245,1.2e-05,1,0.13689882736619163,False,
2025-12-14 23:50:00,8001922,7313984,3,3,15.315906566744657,0,0.2134,0.195,3.9e-05,1,0.25184255614982404,False,
2025-12-14 23:55:00,9188870,4573805,3,4,13.76267633870677,0,0.245,0.122,5.1e-05,1,0.2276314439046142,False,
2025-12-15 00:00:00,11734070,4066573,2,2,15.80064431778154,0,0.3129,0.1084,2.5e-05,1,0.19219805104157722,False,
2025-12-15 00:05:00,10109632,6351944,3,0,16.461576773338145,0,0.2696,0.1694,1.8e-05,1,0.2509321040448827,False,
2025-12-15 00:10:00,7734782,4969239,3,1,12.70402189907025,0,0.2063,0.1325,3.1e-05,1,0.24630400166854283,False,
2025-12-15 00:15:00,10210884,6983381,3,2,17.19426611925645,0,0.2723,0.1862,2.9e-05,1,0.25025545343337946,False,
2025-12-15 00:20:00,6537081,5989869,6,2,12.526950506846344,0,0.1743,0.1597,6.4e-05,1,0.18819820180268987,False,
2025-12-15 00:25:00,7025628,5854484,2,0,12.880112496803116,0,0.1874,0.1561,1.6e-05,1,0.21302230692482432,False,
2025-12-15 00:30:00,9636466,5469305,3,1,15.105771406090671,0,0.257,0.1458,2.6e-05,1,0.2658008385323823,False,
2025-12-15 00:35:00,7934279,6698274,1,0,14.632554281373167,0,0.2116,0.1786,7e-06,1,0.21161322674965516,False,
2025-12-15 00:40:00,10897176,4677431,2,0,15.574608498305812,0,0.2906,0.1247,1.3e-05,1,0.18943847284336157,False,
2025-12-15 00:45:00,9076938,5223011,1,1,14.299950834761797,0,0.2421,0.1393,1.4e-05,1,0.23040530696714412,False,
2025-12-15 00:50:00,7970192,6774774,2,3,14.74496722018935,0,0.2125,0.1807,3.4e-05,1,0.26446119078762037,False,
2025-12-15 00:55:00,9165632,6994139,3,0,16.159771959783818,0,0.2444,0.1865,1.9e-05,1,0.2617070763290088,False,
2025-12-15 01:00:00,8279948,6002046,3,2,14.281995081202744,0,0.2208,0.1601,3.5e-05,1,0.2706199848689785,False,
2025-12-15 01:05:00,9143725,4969298,8,2,14.11302374301037,0,0.2438,0.1325,7.1e-05,1,0.17656587784105499,False,
2025-12-15 01:10:00,6669531,8078907,6,1,14.74843892483031,0,0.1779,0.2154,4.7e-05,1,0.18060126859225661,False,
2025-12-15 01:15:00,9014042,4949412,0,3,13.963455094667443,0,0.2404,0.132,2.1e-05,1,0.25087445100100664,False,
2025-12-15 01:20:00,8743698,4596774,2,0,13.340473114399304,0,0.2332,0.1226,1.5e-05,1,0.20397325457801235,False,
2025-12-15 01:25:00,13264504,5340934,4,2,18.605438921178404,0,0.3537,0.1424,3.2e-05,1,0.14139853000517366,False,
2025-12-15 01:30:00,10815962,4784068,6,1,15.60003135237742,0,0.2884,0.1276,4.5e-05,1,0.22251311588326744,False,
2025-12-15 01:35:00,8239324,7027504,3,1,15.266828804056628,0,0.2197,0.1874,2.6e-05,1,0.26471855420688084,False,
2025-12-15 01:40:00,9064760,4893022,5,4,13.957782643709002,0,0.2417,0.1305,6.4e-05,1,0.20189562745739537,False,
2025-12-15 01:45:00,7877639,4786481,4,3,12.664120862033943,0,0.2101,0.1276,5.5e-05,1,0.2186184551920421,False,
2025-12-15 01:50:00,10210871,6962067,3,0,17.172939715682983,0,0.2723,0.1857,1.7e-05,1,0.2345572074000683,False,
2025-12-15 01:55:00,8844040,6863393,2,3,15.707433315375097,0,0.2358,0.183,3.2e-05,1,0.27001898489257153,False,
2025-12-15 02:00:00,11307966,7921448,2,1,19.229414504214624,0,0.3015,0.2112,1.6e-05,1,0.1408582568784672,False,
2025-12-15 02:05:00,9998324,5310497,1,2,15.308822005588166,0,0.2666,0.1416,2e-05,1,0.252353543705224,False,
2025-12-15 02:10:00,8914296,3166138,3,4,12.080434810819748,0,0.2377,0.0844,5.8e-05,1,0.14678374144411527,False,
2025-12-15 02:15:00,9977946,6437584,4,2,16.415531648303084,0,0.2661,0.1717,3.7e-05,1,0.25692323138872614,False,
2025-12-15 02:20:00,11622883,6866496,1,2,18.48938015728413,0,0.3099,0.1831,1.6e-05,1,0.17550458608549918,False,
2025-12-15 02:25:00,7020455,6850723,1,1,13.871179687013626,0,0.1872,0.1827,1.4e-05,1,0.20686712456087963,False,
2025-12-15 02:30:00,8114297,7637035,3,1,15.751333920072256,0,0.2164,0.2037,2.5e-05,1,0.2515985395897103,False,
2025-12-15 02:35:00,8530160,7550753,0,1,16.080913187495604,0,0.2275,0.2014,6e-06,1,0.19477173099964507,False,
2025-12-15 02:40:00,9030442,7226421,4,3,16.256863753885163,0,0.2408,0.1927,4.3e-05,1,0.24805899360130657,False,
2025-12-15 02:45:00,9324696,7095858,2,3,16.42055464202704,0,0.2487,0.1892,3e-05,1,0.2652659599114251,False,
2025-12-15 02:50:00,8172454,7190182,4,2,15.362636939129914,0,0.2179,0.1917,3.9e-05,1,0.2579754148636648,False,
2025-12-15 02:55:00,9264400,7485085,2,2,16.749486389548434,0,0.2471,0.1996,2.4e-05,1,0.2512380598336118,False,
2025-12-15 03:00:00,9677799,4849489,8,3,14.527288949529474,0,0.2581,0.1293,7.6e-05,1,0.13405846785507458,False,
2025-12-15 03:05:00,6862040,5987506,1,4,12.849546794693053,0,0.183,0.1597,3.9e-05,1,0.24249003236139222,False,
2025-12-15 03:10:00,7169666,6404777,4,1,13.57444416980198,0,0.1912,0.1708,3.7e-05,1,0.2408384841277887,False,
2025-12-15 03:15:00,8718809,8178652,1,1,16.897461914144472,0,0.2325,0.2181,1.2e-05,1,0.19057212619295116,False,
2025-12-15 03:20:00,8553584,5510834,3,2,14.064418971749037,0,0.2281,0.147,3.6e-05,1,0.2659421240923666,False,
2025-12-15 03:25:00,9430690,5492121,0,0,14.922811665149853,0,0.2515,0.1465,0.0,1,0.17563403228396934,False,
2025-12-15 03:30:00,6311228,4508834,4,0,10.820063179320446,0,0.1683,0.1202,3.7e-05,1,0.16265503771934503,False,
2025-12-15 03:35:00,10190280,4751024,0,3,14.941304702333548,0,0.2717,0.1267,2e-05,1,0.24211731157596839,False,
2025-12-15 03:40:00,8162991,5818031,2,2,13.981023848741325,0,0.2177,0.1551,2.9e-05,1,0.2707170604148857,False,
2025-12-15 03:45:00,7960370,7330682,5,4,15.291052980225825,0,0.2123,0.1955,5.9e-05,1,0.21465190326384492,False,
2025-12-15 03:50:00,7068474,6306711,1,2,13.375185399384607,0,0.1885,0.1682,2.2e-05,1,0.22910253915494694,False,
2025-12-15 03:55:00,6100307,3249377,2,2,9.349684605794936,0,0.1627,0.0867,4.3e-05,1,0.05560308924369184,False,
2025-12-15 04:00:00,8879558,6735782,5,0,15.615340746307227,0,0.2368,0.1796,3.2e-05,1,0.271747950698044,False,
2025-12-15 04:05:00,8140154,5666115,7,2,13.8062707591199,0,0.2171,0.1511,6.5e-05,1,0.21966435216080088,False,
2025-12-15 04:10:00,6306784,5641726,2,2,11.94851147256672,0,0.1682,0.1504,3.3e-05,1,0.2132250053810667,False,
2025-12-15 04:15:00,10317516,5142260,3,2,15.459777293226264,0,0.2751,0.1371,3.2e-05,1,0.251380988960153,False,
2025-12-15 04:20:00,7674237,6946468,1,0,14.62070584156514,0,0.2046,0.1852,7e-06,1,0.20051054666985685,False,
2025-12-15 04:25:00,9315138,7383585,1,1,16.698723448631853,0,0.2484,0.1969,1.2e-05,1,0.2272394306544862,False,
2025-12-15 04:30:00,8600373,6611994,2,3,15.21236742007074,0,0.2293,0.1763,3.3e-05,1,0.2675631768373317,False,
2025-12-15 04:35:00,10101575,4928783,3,6,15.030358695871094,0,0.2694,0.1314,6e-05,1,0.20719218888578417,False,
2025-12-15 04:40:00,8931758,6796454,7,4,15.728213083334913,0,0.2382,0.1812,7e-05,1,0.18024398185650642,False,
2025-12-15 04:45:00,7040291,6707014,0,1,13.747306178759532,0,0.1877,0.1789,7e-06,1,0.17997577069192477,False,
2025-12-15 04:50:00,9024408,4600095,5,1,13.62450409811267,0,0.2407,0.1227,4.4e-05,1,0.23380904420284426,False,
2025-12-15 04:55:00,10474997,5647649,3,1,16.122647264671098,0,0.2793,0.1506,2.5e-05,1,0.2594826747477125,False,
2025-12-15 05:00:00,7808796,7098880,4,1,14.907676152022107,0,0.2082,0.1893,3.4e-05,1,0.26039645062261635,False,
2025-12-15 05:05:00,6920315,5724485,3,1,12.644801442516762,0,0.1845,0.1527,3.2e-05,1,0.24527534188035188,False,
2025-12-15 05:10:00,11527747,7127951,4,1,18.65569965003132,0,0.3074,0.1901,2.7e-05,1,0.1981834599608941,False,
2025-12-15 05:15:00,8759376,7013823,0,0,15.773200084182076,0,0.2336,0.187,0.0,1,0.18919925686132877,False,
2025-12-15 05:20:00,8406760,7507208,5,1,15.91396886450063,0,0.2242,0.2002,3.8e-05,1,0.24732676322114017,False,
2025-12-15 05:25:00,9732177,6658004,3,5,16.39018188305189,0,0.2595,0.1775,4.9e-05,1,0.24047967095270245,False,
2025-12-15 05:30:00,10037455,6841933,3,2,16.87938851196428,0,0.2677,0.1825,3e-05,1,0.2566404156049622,False,
2025-12-15 05:35:00,10420342,6268963,1,3,16.689306556858863,0,0.2779,0.1672,2.4e-05,1,0.257822075454424,False,
2025-12-15 05:40:00,9257898,3307678,4,0,12.565577178323926,0,0.2469,0.0882,3.2e-05,1,0.19272149983720044,False,
2025-12-15 05:45:00,11892096,5311855,4,1,17.203951971451918,0,0.3171,0.1416,2.9e-05,1,0.20870519913631463,False,
2025-12-15 05:50:00,11070893,6032986,3,3,17.103879447234885,0,0.2952,0.1609,3.5e-05,1,0.23700279254403295,False,
2025-12-15 05:55:00,8332833,5352936,2,5,13.685769478918628,0,0.2222,0.1427,5.1e-05,1,0.25224675038206107,False,
2025-12-15 06:00:00,10360991,6828178,1,5,17.189170022352503,0,0.2763,0.1821,3.5e-05,1,0.24574802169180776,False,
2025-12-15 06:05:00,8905680,5967325,3,3,14.873006286290188,0,0.2375,0.1591,4e-05,1,0.2666827881234487,False,
2025-12-15 06:10:00,9414911,5572374,1,0,14.987285175732026,0,0.2511,0.1486,7e-06,1,0.2192836757460343,False,
2025-12-15 06:15:00,7086031,6172633,3,6,13.25866508178026,0,0.189,0.1646,6.8e-05,1,0.1833691301886935,False,
2025-12-15 06:20:00,4756569,5321597,3,1,10.078167365870542,0,0.1268,0.1419,4e-05,1,0.10138909054706502,False,
2025-12-15 06:25:00,7641850,6350467,2,1,13.992318693784531,0,0.2038,0.1693,2.1e-05,1,0.2517519142233304,False,
2025-12-15 06:30:00,6419798,4244657,8,1,10.6644555946057,0,0.1712,0.1132,8.4e-05,1,0.03822174661234312,False,
2025-12-15 06:35:00,8138906,2419878,3,1,10.558785077464275,0,0.217,0.0645,3.8e-05,1,0.10773895046612159,False,
2025-12-15 06:40:00,9185234,4290085,5,0,13.475319696989088,0,0.2449,0.1144,3.7e-05,1,0.23079206327539464,False,
2025-12-15 06:45:00,9827468,7540947,4,1,17.368416335119917,0,0.2621,0.2011,2.9e-05,1,0.24102382307631104,False,
2025-12-15 06:50:00,7579599,4331439,6,1,11.911039213791788,0,0.2021,0.1155,5.9e-05,1,0.1753787162119581,False,
2025-12-15 06:55:00,10600972,5441053,3,3,16.0420267284704,0,0.2827,0.1451,3.7e-05,1,0.2543059920841531,False,
2025-12-15 07:00:00,7716728,6597977,1,2,14.314706716228187,0,0.2058,0.1759,2.1e-05,1,0.2566439943236996,False,
2025-12-15 07:05:00,9927967,3340300,3,1,13.268267693255565,0,0.2647,0.0891,3e-05,1,0.19213262794243302,False,
2025-12-15 07:10:00,10966252,5824800,1,2,16.791052958085935,0,0.2924,0.1553,1.8e-05,1,0.23735015690162686,False,
2025-12-15 07:15:00,5914361,8336529,3,4,14.250891197025192,0,0.1577,0.2223,4.9e-05,1,0.1529968773000862,False,
2025-12-15 07:20:00,8717340,4873490,1,5,13.590830549538763,0,0.2325,0.13,4.4e-05,1,0.24959824171008538,False,
2025-12-15 07:25:00,10015335,8425943,5,2,18.44127890167584,0,0.2671,0.2247,3.8e-05,1,0.17841600803479418,False,
2025-12-15 07:30:00,9680540,5715140,2,1,15.395681012584584,0,0.2581,0.1524,1.9e-05,1,0.25267192339618916,False,
2025-12-15 07:35:00,9089648,6137481,4,2,15.227130384723525,0,0.2424,0.1637,3.9e-05,1,0.26755960410729435,False,
2025-12-15 07:40:00,7758487,5937515,3,3,13.696002861919451,0,0.2069,0.1583,4.4e-05,1,0.2555940081976566,False,
2025-12-15 07:45:00,7926965,5857343,5,2,13.784308330860211,0,0.2114,0.1562,5.1e-05,1,0.248776703906203,False,
2025-12-15 07:50:00,9270608,6457043,3,1,15.727652341632345,0,0.2472,0.1722,2.5e-05,1,0.2688005441612534,False,
2025-12-15 07:55:00,8209115,5793808,5,0,14.002924381376385,0,0.2189,0.1545,3.6e-05,1,0.26916564116621594,False,
2025-12-15 08:00:00,10137455,7476934,3,2,17.61439012916782,0,0.2703,0.1994,2.8e-05,1,0.23741783994112248,False,
2025-12-15 08:05:00,10125945,5900375,5,3,16.026320939941225,0,0.27,0.1573,5e-05,1,0.22890614751992394,False,
2025-12-15 08:10:00,7761957,4939009,3,2,12.70096719386049,0,0.207,0.1317,3.9e-05,1,0.2430611158125715,False,
2025-12-15 08:15:00,12905829,6041313,1,3,18.94714266694433,0,0.3442,0.1611,2.1e-05,1,0.1374431220303014,False,
2025-12-15 08:20:00,8944100,6669341,4,2,15.61344209856809,0,0.2385,0.1778,3.8e-05,1,0.2666918808628882,False,
2025-12-15 08:25:00,9166240,6769741,4,1,15.935982447171511,0,0.2444,0.1805,3.1e-05,1,0.2691815927637456,False,
2025-12-15 08:30:00,9113959,5867318,2,3,14.98127808075046,0,0.243,0.1565,3.3e-05,1,0.27341406388798395,False,
2025-12-15 08:35:00,7802958,2823384,3,2,10.626342829081509,0,0.2081,0.0753,4.7e-05,1,0.11623906118799687,False,
2025-12-15 08:40:00,9786022,6263895,4,2,16.049918187835033,0,0.261,0.167,3.7e-05,1,0.26092978667982103,False,
2025-12-15 08:45:00,9595786,5530410,1,1,15.12619705887602,0,0.2559,0.1475,1.3e-05,1,0.23276737079872872,False,
2025-12-15 08:50:00,7649659,7911627,2,1,15.561287620118875,0,0.204,0.211,1.9e-05,1,0.2207614377450276,False,
2025-12-15 08:55:00,8259477,6590335,1,1,14.849813294409698,0,0.2203,0.1757,1.3e-05,1,0.23677055074781705,False,
2025-12-15 09:00:00,9101505,5940609,3,1,15.0421147860277,0,0.2427,0.1584,2.7e-05,1,0.27461880481162093,False,
2025-12-15 09:05:00,10739739,8300121,2,0,19.03986183289031,0,0.2864,0.2213,1.1e-05,1,0.12539837927920583,False,
2025-12-15 09:10:00,12416208,5341249,4,3,17.757457531947153,0,0.3311,0.1424,3.9e-05,1,0.17399097313432577,False,
2025-12-15 09:15:00,8040204,6196807,4,3,14.237011952887531,0,0.2144,0.1652,4.9e-05,1,0.2513561939095769,False,
2025-12-15 09:20:00,7589160,5993875,2,4,13.58303579861119,0,0.2024,0.1598,4.4e-05,1,0.2450177685778801,False,
2025-12-15 09:25:00,10842479,4549733,0,2,15.392212890996252,0,0.2891,0.1213,1.3e-05,1,0.190245383017087,False,
2025-12-15 09:30:00,8026412,5950877,3,2,13.977290275717053,0,0.214,0.1587,3.6e-05,1,0.2679317797701222,False,
2025-12-15 09:35:00,7715136,5603265,3,2,13.31840251868578,0,0.2057,0.1494,3.8e-05,1,0.254859712319404,False,
2025-12-15 09:40:00,8475979,6460738,5,2,14.936717182181594,0,0.226,0.1723,4.7e-05,1,0.25453128417798854,False,
2025-12-15 09:45:00,8196781,6995716,2,2,15.192497404329302,0,0.2186,0.1866,2.6e-05,1,0.26530100871188383,False,
2025-12-15 09:50:00,11163220,7278577,1,5,18.44179732146352,0,0.2977,0.1941,3.3e-05,1,0.21335777567384212,False,
2025-12-15 09:55:00,10689020,5552931,2,3,16.241951854309363,0,0.285,0.1481,3.1e-05,1,0.26268902287927715,False,
2025-12-15 10:00:00,9628369,4503587,3,1,14.131957654385385,0,0.2568,0.1201,2.8e-05,1,0.23220597727006625,False,
2025-12-15 10:05:00,8734784,2985243,3,3,11.720028085863207,0,0.2329,0.0796,5.1e-05,1,0.14394594236655867,False,
2025-12-15 10:10:00,9385035,5504985,4,0,14.890021154696498,0,0.2503,0.1468,2.7e-05,1,0.26634233669632823,False,
2025-12-15 10:15:00,11093116,6373521,2,0,17.46663836083852,0,0.2958,0.17,1.1e-05,1,0.1976326456222064,False,
2025-12-15 10:20:00,10309534,5542056,2,6,15.851590615506264,0,0.2749,0.1478,5e-05,1,0.23109268738499955,False,
2025-12-15 10:25:00,8380038,3067723,1,1,11.447762266754909,0,0.2235,0.0818,1.7e-05,1,0.11496433267363182,False,
2025-12-15 10:30:00,10166765,7342492,3,2,17.509258154090347,0,0.2711,0.1958,2.9e-05,1,0.2378100475019319,False,
2025-12-15 10:35:00,8399196,7616659,2,2,16.015855576632084,0,0.224,0.2031,2.5e-05,1,0.2525928682766474,False,
2025-12-15 10:40:00,9903859,6627915,1,1,16.53177486422093,0,0.2641,0.1767,1.2e-05,1,0.2346575110372825,False,
2025-12-15 10:45:00,9306697,5652772,4,4,14.959470364382666,0,0.2482,0.1507,5.3e-05,1,0.24782622440752072,False,
2025-12-15 10:50:00,12450020,6438277,6,1,18.88829737553236,0,0.332,0.1717,3.7e-05,1,0.15957240001927586,False,
2025-12-15 10:55:00,9846170,6535001,2,1,16.381172038682628,0,0.2626,0.1743,1.8e-05,1,0.25393634656872544,False,
2025-12-15 11:00:00,11292762,7463663,7,3,18.756426418339824,0,0.3011,0.199,5.3e-05,1,0.15007813667359216,False,
2025-12-15 11:05:00,8643340,6243189,0,3,14.886529895524715,0,0.2305,0.1665,2e-05,1,0.2592999021514385,False,
2025-12-15 11:10:00,6631525,4382864,1,2,11.014389747511522,0,0.1768,0.1169,2.7e-05,1,0.15670159987545096,False,
2025-12-15 11:15:00,8669108,6922610,3,1,15.591719759656772,0,0.2312,0.1846,2.6e-05,1,0.2698699715562564,False,
2025-12-15 11:20:00,7878757,5611676,1,7,13.490433871052588,0,0.2101,0.1496,5.9e-05,1,0.22190239189944427,False,
2025-12-15 11:25:00,8465620,4005684,3,2,12.471305322974318,0,0.2257,0.1068,4e-05,1,0.22195032780104174,False,
2025-12-15 11:30:00,9835206,4839169,1,3,14.674375866187717,0,0.2623,0.129,2.7e-05,1,0.2601650381854589,False,
2025-12-15 11:35:00,9963198,6829174,4,1,16.792372554975728,0,0.2657,0.1821,3e-05,1,0.26235979728672815,False,
2025-12-15 11:40:00,6243036,4105595,4,4,10.348632811459447,0,0.1665,0.1095,7.7e-05,1,0.04961335075989637,False,
2025-12-15 11:45:00,11354431,5492963,6,5,16.8473953134676,0,0.3028,0.1465,6.5e-05,1,0.1524495369004124,False,
2025-12-15 11:50:00,8274834,5680202,1,3,13.955036993906043,0,0.2207,0.1515,2.9e-05,1,0.26801549439794703,False,
2025-12-15 11:55:00,7135971,5569711,5,2,12.7056827806478,0,0.1903,0.1485,5.5e-05,1,0.2270317603500005,False,
2025-12-15 12:00:00,11470728,6096627,7,5,17.567355749264816,0,0.3059,0.1626,6.8e-05,1,0.13401775899250035,False,
2025-12-15 12:05:00,7712307,5984554,3,2,13.696861248940728,0,0.2057,0.1596,3.7e-05,1,0.25695035350193984,False,
2025-12-15 12:10:00,8998067,7411947,3,4,16.41001456990191,0,0.2399,0.1977,4.3e-05,1,0.23859049295084178,False,
2025-12-15 12:15:00,8754739,5741305,2,2,14.496044412802872,0,0.2335,0.1531,2.8e-05,1,0.26633078390937753,False,
2025-12-15 12:20:00,7418542,5644093,2,2,13.062636134320854,0,0.1978,0.1505,3.1e-05,1,0.2517750809348293,False,
2025-12-15 12:25:00,12257355,6989507,4,2,19.246862989710667,0,0.3269,0.1864,3.1e-05,1,0.15024832606610877,False,
2025-12-15 12:30:00,8235421,6131098,4,3,14.366519576356136,0,0.2196,0.1635,4.9e-05,1,0.2545238833094458,False,
2025-12-15 12:35:00,8300802,7373188,1,5,15.67399021462956,0,0.2214,0.1966,3.8e-05,1,0.25711583567396373,False,
2025-12-15 12:40:00,7857040,10204546,1,4,18.06158703002737,0,0.2095,0.2721,2.8e-05,1,0.11710563354214354,False,
2025-12-15 12:45:00,9568064,7096056,5,2,16.6641205851019,0,0.2551,0.1892,4.2e-05,1,0.24509991600246894,False,
2025-12-15 12:50:00,12227312,3784396,4,3,16.01170882417308,0,0.3261,0.1009,4.4e-05,1,0.15854999918480783,False,
2025-12-15 12:55:00,7934385,6932763,2,7,14.867148625617771,0,0.2116,0.1849,6.1e-05,1,0.2185813025381998,False,
2025-12-15 13:00:00,7456671,5398770,3,2,12.855441494861934,0,0.1988,0.144,3.9e-05,1,0.2458025166468103,False,
2025-12-15 13:05:00,9751203,5831422,6,3,15.58262659967911,0,0.26,0.1555,5.8e-05,1,0.21856220456998943,False,
2025-12-15 13:10:00,7636368,3652729,3,1,11.289098674422595,0,0.2036,0.0974,3.5e-05,1,0.17679991318847116,False,
2025-12-15 13:15:00,10917747,7267702,8,2,18.1854508347075,0,0.2911,0.1938,5.5e-05,1,0.16939719642818774,False,
2025-12-15 13:20:00,7078487,6255366,1,2,13.333854188565486,0,0.1888,0.1668,2.2e-05,1,0.2353551590415805,False,
2025-12-15 13:25:00,8748365,6569783,5,0,15.318148223191807,0,0.2333,0.1752,3.3e-05,1,0.266381484735543,False,
2025-12-15 13:30:00,7529913,5641396,2,3,13.17131026510309,0,0.2008,0.1504,3.8e-05,1,0.2493958181398404,False,
2025-12-15 13:35:00,11933664,5358039,1,3,17.29170443674756,0,0.3182,0.1429,2.3e-05,1,0.20494935494906585,False,
2025-12-15 13:40:00,8600741,7632836,3,1,16.23357774625356,0,0.2294,0.2035,2.5e-05,1,0.25214463689653344,False,
2025-12-15 13:45:00,8560445,2872240,2,1,11.432685968935248,0,0.2283,0.0766,2.6e-05,1,0.13083529391267823,False,
2025-12-15 13:50:00,8129805,8130590,6,2,16.260395590786164,0,0.2168,0.2168,4.9e-05,1,0.1968215813468971,False,
2025-12-15 13:55:00,11608761,6951856,6,1,18.560618436286997,0,0.3096,0.1854,3.8e-05,1,0.1919046749961031,False,
2025-12-15 14:00:00,8687410,7283661,2,1,15.97107187300103,0,0.2317,0.1942,1.9e-05,1,0.2484277875568764,False,
2025-12-15 14:05:00,8382525,8939109,4,0,17.321634865300318,0,0.2235,0.2384,2.3e-05,1,0.16807515037336873,False,
2025-12-15 14:10:00,6141386,5966843,2,0,12.108230265240124,0,0.1638,0.1591,1.7e-05,1,0.18252014794755894,False,
2025-12-15 14:15:00,11037540,6092184,3,2,17.129725039617995,0,0.2943,0.1625,2.9e-05,1,0.24239562520566882,False,
2025-12-15 14:20:00,8845910,6054029,5,2,14.899940566914808,0,0.2359,0.1614,4.7e-05,1,0.2585138204224725,False,
2025-12-15 14:25:00,10728878,6846187,3,1,17.575065349642923,0,0.2861,0.1826,2.3e-05,1,0.23632969342231058,False,
2025-12-15 14:30:00,9762781,7402795,3,2,17.165576904090972,0,0.2603,0.1974,2.9e-05,1,0.250147430569361,False,
2025-12-15 14:35:00,10810220,7122497,7,1,17.93271880138776,0,0.2883,0.1899,4.5e-05,1,0.21159941114125708,False,
2025-12-15 14:40:00,10104224,5739268,6,0,15.843493066498072,0,0.2694,0.153,3.8e-05,1,0.25886416435817766,False,
2025-12-15 14:45:00,7200526,5535731,3,3,12.736257881771008,0,0.192,0.1476,4.7e-05,1,0.2364911405370434,False,
2025-12-15 14:50:00,8189177,5671274,5,2,13.86045205436242,0,0.2184,0.1512,5.1e-05,1,0.25508311811890627,False,
2025-12-15 14:55:00,10535436,6103807,6,2,16.639243931460545,0,0.2809,0.1628,4.8e-05,1,0.2293200566414586,False,
2025-12-15 15:00:00,9919782,7335170,5,2,17.254953119349615,0,0.2645,0.1956,4.1e-05,1,0.23951563977212947,False,
2025-12-15 15:05:00,8487527,4038435,2,2,12.525963594440578,0,0.2263,0.1077,3.2e-05,1,0.22005526564915423,False,
2025-12-15 15:10:00,11439055,3755680,5,2,15.19473608835537,0,0.305,0.1002,4.6e-05,1,0.17290082895285042,False,
2025-12-15 15:15:00,9383232,6838781,3,3,16.222013245316674,0,0.2502,0.1824,3.7e-05,1,0.2674206586187569,False,
2025-12-15 15:20:00,7678600,5435334,4,5,13.113935909449593,0,0.2048,0.1449,6.9e-05,1,0.18030251587547697,False,
2025-12-15 15:25:00,9218388,5903967,2,0,15.12235559290196,0,0.2458,0.1574,1.3e-05,1,0.24079762785694603,False,
2025-12-15 15:30:00,5982431,6998742,1,2,12.981173968135648,0,0.1595,0.1866,2.3e-05,1,0.1932656693914726,False,
2025-12-15 15:35:00,9965856,4039374,2,4,14.005231598143242,0,0.2658,0.1077,4.3e-05,1,0.209668704014147,False,
2025-12-15 15:40:00,8551228,7275464,3,2,15.82669362979714,0,0.228,0.194,3.2e-05,1,0.25860488139242965,False,
2025-12-15 15:45:00,11283915,3276818,4,0,14.56073426201012,0,0.3009,0.0874,2.7e-05,1,0.18800386219658682,False,
2025-12-15 15:50:00,9819404,6284507,2,2,16.1039121688807,0,0.2619,0.1676,2.5e-05,1,0.26720404035494255,False,
2025-12-15 15:55:00,9576828,5593350,3,0,15.170179486078052,0,0.2554,0.1492,2e-05,1,0.25610167833821534,False,
2025-12-15 16:00:00,8832305,6409022,5,1,15.241328159489653,0,0.2355,0.1709,3.9e-05,1,0.2647730697048926,False,
2025-12-15 16:05:00,8318538,5397821,4,6,13.716360385349777,0,0.2218,0.1439,7.3e-05,1,0.17932359784527596,False,
2025-12-15 16:10:00,9903660,4389333,4,2,14.292993641212108,0,0.2641,0.117,4.2e-05,1,0.22881587107533252,False,
2025-12-15 16:15:00,10009363,7183703,1,1,17.19306741764786,0,0.2669,0.1916,1.2e-05,1,0.21820284549991437,False,
2025-12-15 16:20:00,6706530,5485378,6,1,12.19190834522501,0,0.1788,0.1463,5.7e-05,1,0.2023093409748864,False,
2025-12-15 16:25:00,10556675,6429520,3,2,16.986195559897777,0,0.2815,0.1715,2.9e-05,1,0.25180673494309974,False,
2025-12-15 16:30:00,9393380,6632699,4,4,16.026080512221984,0,0.2505,0.1769,5e-05,1,0.24641022909850024,False,
2025-12-15 16:35:00,10236895,6258686,5,4,16.495581856056855,0,0.273,0.1669,5.5e-05,1,0.21533046128321331,False,
2025-12-15 16:40:00,8392517,5341048,1,4,13.73356543268397,0,0.2238,0.1424,3.6e-05,1,0.2622776814116709,False,
2025-12-15 16:45:00,10457440,6615068,4,3,17.072508676507702,0,0.2789,0.1764,4.1e-05,1,0.23016766737497024,False,
2025-12-15 16:50:00,9944821,7859914,2,3,17.804735844893575,0,0.2652,0.2096,2.8e-05,1,0.22395154479519225,False,
2025-12-15 16:55:00,9783366,6190479,6,2,15.97384617068513,0,0.2609,0.1651,5e-05,1,0.2326902363587694,False,
2025-12-15 17:00:00,10220624,7659579,6,0,17.880204309766345,0,0.2725,0.2043,3.4e-05,1,0.22686618036301176,False,
2025-12-15 17:05:00,9886062,6737447,6,1,16.623509450085265,0,0.2636,0.1797,4.2e-05,1,0.2495578794034165,False,
2025-12-15 17:10:00,11199284,3246892,0,1,14.446176737052324,0,0.2986,0.0866,7e-06,1,0.1295282761805473,False,
2025-12-15 17:15:00,7238848,6108946,1,0,13.347795023071946,0,0.193,0.1629,7e-06,1,0.17680360407554108,False,
2025-12-15 17:20:00,8898415,7285595,4,4,16.184010764506933,0,0.2373,0.1943,4.9e-05,1,0.23677281088091523,False,
2025-12-15 17:25:00,9335057,6210069,2,0,15.545127188985344,0,0.2489,0.1656,1.3e-05,1,0.24262138277568407,False,
2025-12-15 17:30:00,10504459,4467520,3,1,14.97198031871888,0,0.2801,0.1191,2.7e-05,1,0.23474521572429985,False,
2025-12-15 17:35:00,11021663,6894985,3,2,17.916648797896347,0,0.2939,0.1839,2.8e-05,1,0.23274686364017044,False,
2025-12-15 17:40:00,10091168,7470322,3,3,17.56149133184907,0,0.2691,0.1992,3.4e-05,1,0.23756873341556867,False,
2025-12-15 17:45:00,7143225,5871042,1,3,13.014268546047006,0,0.1905,0.1566,3.1e-05,1,0.24764223688572673,False,
2025-12-15 17:50:00,8687552,4915109,6,3,13.602661638927344,0,0.2317,0.1311,6.6e-05,1,0.199215376759186,False,
2025-12-15 17:55:00,9431386,6174314,1,3,15.605701748315791,0,0.2515,0.1646,2.6e-05,1,0.2707113171719147,False,
2025-12-15 18:00:00,11323366,5279870,5,1,16.603236274078874,0,0.302,0.1408,3.6e-05,1,0.23168962927337367,False,
2025-12-15 18:05:00,5241678,4154871,6,2,9.396549803861124,0,0.1398,0.1108,8.5e-05,-1,-0.023273770887851652,False,
2025-12-15 18:10:00,9059060,5771946,4,4,14.831006928010488,0,0.2416,0.1539,5.4e-05,1,0.2418617396982522,False,
2025-12-15 18:15:00,7902949,4893413,1,3,12.796362687654437,0,0.2107,0.1305,3.1e-05,1,0.2486443697051154,False,
2025-12-15 18:20:00,8784109,3687472,2,1,12.471581776300027,0,0.2342,0.0983,2.4e-05,1,0.19486569574451984,False,
2025-12-15 18:25:00,8243851,5156500,1,2,13.400352064365968,0,0.2198,0.1375,2.2e-05,1,0.2450383787148968,False,
2025-12-15 18:30:00,8030487,7294000,5,1,15.32448793157151,0,0.2141,0.1945,3.9e-05,1,0.2555545971802969,False,
2025-12-15 18:35:00,10343123,5049582,1,0,15.392705580180422,0,0.2758,0.1347,6e-06,1,0.1834574928614714,False,
2025-12-15 18:40:00,6904523,6789015,5,0,13.693538350480228,0,0.1841,0.181,3.7e-05,1,0.23765615418705488,False,
2025-12-15 18:45:00,7849218,5562795,2,1,13.412014283832278,0,0.2093,0.1483,2.2e-05,1,0.25042246776847776,False,
2025-12-15 18:50:00,8196972,7619350,7,3,15.816323052336967,0,0.2186,0.2032,6.3e-05,1,0.1933464363059274,False,
2025-12-15 18:55:00,9572226,7860996,2,1,17.433222240641356,0,0.2553,0.2096,1.7e-05,1,0.2134435348764882,False,
2025-12-15 19:00:00,9805604,6882738,4,1,16.688343046014797,0,0.2615,0.1835,3e-05,1,0.2663628342044471,False,
2025-12-15 19:05:00,10894594,7837821,4,3,18.732415906265445,0,0.2905,0.209,3.7e-05,1,0.18824437058028526,False,
2025-12-15 19:10:00,8707676,6612578,2,2,15.320254902534735,0,0.2322,0.1763,2.6e-05,1,0.2664861215133215,False,
2025-12-15 19:15:00,5598667,6513833,2,2,12.112500368633413,0,0.1493,0.1737,3.3e-05,1,0.1839762095465589,False,
2025-12-15 19:20:00,5383112,6932526,3,2,12.315638614934985,0,0.1435,0.1849,4.1e-05,1,0.18250756922137418,False,
2025-12-15 19:25:00,8342860,6397519,2,1,14.740380458300956,0,0.2225,0.1706,2e-05,1,0.25748228989388006,False,
2025-12-15 19:30:00,8645997,6301203,2,3,14.947200701363943,0,0.2306,0.168,3.3e-05,1,0.2699272940370036,False,
2025-12-15 19:35:00,9256724,6551952,2,0,15.808677519907912,0,0.2468,0.1747,1.3e-05,1,0.2427658780797332,False,
2025-12-15 19:40:00,11520199,6575792,5,1,18.09599247414365,0,0.3072,0.1754,3.3e-05,1,0.21411790346063753,False,
2025-12-15 19:45:00,7311716,4631015,3,0,11.942732759621109,0,0.195,0.1235,2.5e-05,1,0.2038799703886754,False,
2025-12-15 19:50:00,5107331,7181197,1,1,12.28852881427576,0,0.1362,0.1915,1.6e-05,1,0.1400070272295616,False,
2025-12-15 19:55:00,9072867,7742043,3,5,16.814910952467898,0,0.2419,0.2065,4.8e-05,1,0.22125635718160358,False,
2025-12-15 20:00:00,8267170,7566825,5,1,15.83399545917931,0,0.2205,0.2018,3.8e-05,1,0.24673031026375125,False,
2025-12-15 20:05:00,6840041,6687971,4,1,13.52801267631908,0,0.1824,0.1783,3.7e-05,1,0.23723899340558524,False,
2025-12-15 20:10:00,10165906,7588366,3,3,17.754272599130847,0,0.2711,0.2024,3.4e-05,1,0.2298074985196037,False,
2025-12-15 20:15:00,9685416,6273573,2,2,15.958990392148248,0,0.2583,0.1673,2.5e-05,1,0.2643218964012137,False,
2025-12-15 20:20:00,9012691,7927493,4,1,16.94018429503376,0,0.2403,0.2114,3e-05,1,0.2326772579071381,False,
2025-12-15 20:25:00,9304590,6555296,3,2,15.85988715744178,0,0.2481,0.1748,3.2e-05,1,0.27063761236634726,False,
2025-12-15 20:30:00,11197433,7072123,6,3,18.26955670507679,0,0.2986,0.1886,4.9e-05,1,0.18399564090573328,False,
2025-12-15 20:35:00,7824066,7052193,1,1,14.87626079354037,0,0.2086,0.1881,1.3e-05,1,0.2262546835760561,False,
2025-12-15 20:40:00,7501381,6755527,2,2,14.256909237386894,0,0.2,0.1801,2.8e-05,1,0.25524269279460954,False,
2025-12-15 20:45:00,8141722,7102238,4,2,15.24396167590553,0,0.2171,0.1894,3.9e-05,1,0.2612396133895818,False,
2025-12-15 20:50:00,7205091,4974850,2,2,12.179941714375223,0,0.1921,0.1327,3.3e-05,1,0.22615585561149876,False,
2025-12-15 20:55:00,9712459,8440564,5,3,18.15302343739904,0,0.259,0.2251,4.4e-05,1,0.16677338568697425,False,
2025-12-15 21:00:00,12190327,4897278,6,7,17.087605531536084,0,0.3251,0.1306,7.6e-05,1,0.06261246601381298,False,
2025-12-15 21:05:00,7617644,5568133,4,3,13.185778231302251,0,0.2031,0.1485,5.3e-05,1,0.23871450013266265,False,
2025-12-15 21:10:00,10391923,6998442,5,1,17.39036541093831,0,0.2771,0.1866,3.5e-05,1,0.24198236152781022,False,
2025-12-15 21:15:00,6810290,5194921,5,1,12.005212299746413,0,0.1816,0.1385,5e-05,1,0.2131215783599804,False,
2025-12-15 21:20:00,9958087,6005683,0,0,15.963770179783888,0,0.2655,0.1602,0.0,1,0.17595055171182938,False,
2025-12-15 21:25:00,9286397,5368101,9,1,14.654498729041936,0,0.2476,0.1431,6.8e-05,1,0.1994435543314177,False,
2025-12-15 21:30:00,8868039,6256669,2,2,15.124708556524691,0,0.2365,0.1668,2.6e-05,1,0.27186962767716055,False,
2025-12-15 21:35:00,8256115,5768342,1,1,14.02445752508571,0,0.2202,0.1538,1.4e-05,1,0.23301706034964537,False,
2025-12-15 21:40:00,6201437,5366333,2,1,11.567771537404283,0,0.1654,0.1431,2.6e-05,1,0.18886883483777483,False,
2025-12-15 21:45:00,5126659,4942544,2,0,10.069204218656006,0,0.1367,0.1318,2e-05,1,0.08413350860474678,False,
2025-12-15 21:50:00,7948735,8169397,2,1,16.11813343513626,0,0.212,0.2179,1.9e-05,1,0.19795162789902243,False,
2025-12-15 21:55:00,10490877,5393535,5,2,15.884413213244258,0,0.2798,0.1438,4.4e-05,1,0.23643236730691375,False,
2025-12-15 22:00:00,7817830,7049023,1,1,14.866854418670655,0,0.2085,0.188,1.3e-05,1,0.22653786495253408,False,
2025-12-15 22:05:00,7588227,7236202,2,2,14.824430294813752,0,0.2024,0.193,2.7e-05,1,0.2555759070513828,False,
2025-12-15 22:10:00,11269661,6286814,4,2,17.556475763905098,0,0.3005,0.1676,3.4e-05,1,0.22682682486471956,False,
2025-12-15 22:15:00,9425526,6668645,5,1,16.094171980082006,0,0.2513,0.1778,3.7e-05,1,0.2655647575033784,False,
2025-12-15 22:20:00,10538125,5398672,6,2,15.936797879842956,0,0.281,0.144,5e-05,1,0.2267834889285692,False,
2025-12-15 22:25:00,9714113,7347651,2,3,17.061764842456572,0,0.259,0.1959,2.9e-05,1,0.24962414351102452,False,
2025-12-15 22:30:00,10136943,7610552,2,1,17.747496246067122,0,0.2703,0.2029,1.7e-05,1,0.21749248664930915,False,
2025-12-15 22:35:00,6642874,5589979,4,5,12.232853511927312,0,0.1771,0.1491,7.4e-05,1,0.13912796199738964,False,
2025-12-15 22:40:00,8659770,5045963,2,2,13.705734454186477,0,0.2309,0.1346,2.9e-05,1,0.255883111911886,False,
2025-12-15 22:45:00,7103618,6982208,2,0,14.085826228908516,0,0.1894,0.1862,1.4e-05,1,0.2038389915570083,False,
2025-12-15 22:50:00,8518557,6816267,7,3,15.334825043859563,0,0.2272,0.1818,6.5e-05,1,0.20212296631831717,False,
2025-12-15 22:55:00,7538198,6271567,1,5,13.809765831603745,0,0.201,0.1672,4.3e-05,1,0.24152484000721247,False,
2025-12-15 23:00:00,10558527,3712122,1,2,14.270650276325632,0,0.2816,0.099,2.1e-05,1,0.19200710920913272,False,
2025-12-15 23:05:00,8043757,6119538,1,1,14.163295956147138,0,0.2145,0.1632,1.4e-05,1,0.23430447237431606,False,
2025-12-15 23:10:00,9466278,4497802,6,5,13.96408177928205,0,0.2524,0.1199,7.9e-05,1,0.11665003622518211,False,
2025-12-15 23:15:00,10038799,6570230,6,4,16.609029657674405,0,0.2677,0.1752,6e-05,1,0.19529646454555566,False,
2025-12-15 23:20:00,10211913,6986537,4,1,17.198451382999064,0,0.2723,0.1863,2.9e-05,1,0.24961467443910573,False,
2025-12-15 23:25:00,9045875,5315777,1,1,14.361652735986516,0,0.2412,0.1418,1.4e-05,1,0.23260830302845575,False,
2025-12-15 23:30:00,7544922,7213092,2,2,14.758014823672228,0,0.2012,0.1923,2.7e-05,1,0.25486431609991256,False,
2025-12-15 23:35:00,8029232,6410600,4,2,14.439832831502494,0,0.2141,0.1709,4.2e-05,1,0.2615620016148044,False,
2025-12-15 23:40:00,10224672,5534915,5,3,15.759588115944457,0,0.2727,0.1476,5.1e-05,1,0.23545065402257565,False,
2025-12-15 23:45:00,9320300,6439589,4,3,15.759889634974677,0,0.2485,0.1717,4.4e-05,1,0.25146113740623904,False,
2025-12-15 23:50:00,6997315,6945384,2,2,13.942700415244902,0,0.1866,0.1852,2.9e-05,1,0.24141225062746863,False,
2025-12-15 23:55:00,9037411,5170802,4,2,14.208214375598416,0,0.241,0.1379,4.2e-05,1,0.25416056054098907,False,
2025-12-16 00:00:00,8733617,6246997,3,2,14.980615637347244,0,0.2329,0.1666,3.3e-05,1,0.2714124934753513,False,
2025-12-16 00:05:00,6413258,4303277,2,6,10.71653650193677,0,0.171,0.1148,7.5e-05,1,0.07159288099192818,False,
2025-12-16 00:10:00,9801512,4475661,2,3,14.277174889784783,0,0.2614,0.1194,3.5e-05,1,0.23655852627441593,False,
2025-12-16 00:15:00,9630262,4605660,1,1,14.235923343349215,0,0.2568,0.1228,1.4e-05,1,0.19434638587260172,False,
2025-12-16 00:20:00,9497821,5970120,5,2,15.467942357611694,0,0.2533,0.1592,4.5e-05,1,0.25317379943554663,False,
2025-12-16 00:25:00,5387900,6059985,4,0,11.447886356660998,0,0.1437,0.1616,3.5e-05,1,0.17373168503559017,False,
2025-12-16 00:30:00,12023821,6028490,1,1,18.052311030316336,0,0.3206,0.1608,1.1e-05,1,0.15225228758619797,False,
2025-12-16 00:35:00,9254814,4397806,4,2,13.652621082099476,0,0.2468,0.1173,4.4e-05,1,0.22844072155709227,False,
2025-12-16 00:40:00,9181877,6391412,3,1,15.573290401603652,0,0.2449,0.1704,2.6e-05,1,0.2732548034554902,False,
2025-12-16 00:45:00,10336862,6248094,5,4,16.584956875463135,0,0.2756,0.1666,5.4e-05,1,0.21092929760056156,False,
2025-12-16 00:50:00,11403772,6121426,1,2,17.52519863263321,0,0.3041,0.1632,1.7e-05,1,0.20477712945606397,False,
2025-12-16 00:55:00,9843161,6576044,2,1,16.419205717692094,0,0.2625,0.1754,1.8e-05,1,0.2543573832906226,False,
2025-12-16 01:00:00,9392619,4463220,5,3,13.855839207471467,0,0.2505,0.119,5.8e-05,1,0.19150977019372983,False,
2025-12-16 01:05:00,10244468,4681547,3,0,14.926016484676602,0,0.2732,0.1248,2e-05,1,0.2362197471385703,False,
2025-12-16 01:10:00,7023347,6130136,4,1,13.153483792831544,0,0.1873,0.1635,3.8e-05,1,0.24363249740166676,False,
2025-12-16 01:15:00,11498589,8220581,0,1,19.71917043427676,0,0.3066,0.2192,5e-06,1,0.07367867233285996,False,
2025-12-16 01:20:00,8267741,5224196,3,3,13.49193767479142,0,0.2205,0.1393,4.4e-05,1,0.2505331820701579,False,
2025-12-16 01:25:00,7755432,6705323,2,2,14.460755471023806,0,0.2068,0.1788,2.8e-05,1,0.26245771440866705,False,
2025-12-16 01:30:00,9138037,5120670,4,0,14.258708079262124,0,0.2437,0.1366,2.8e-05,1,0.2609347505232563,False,
2025-12-16 01:35:00,9112636,6255368,2,1,15.368004789530035,0,0.243,0.1668,2e-05,1,0.2660649862577262,False,
2025-12-16 01:40:00,8476879,6860263,3,2,15.337142605014495,0,0.2261,0.1829,3.3e-05,1,0.2645502821941642,False,
2025-12-16 01:45:00,7322425,8230402,5,1,15.552827886602705,0,0.1953,0.2195,3.9e-05,1,0.19635962002924,False,
2025-12-16 01:50:00,10345043,7767700,2,0,18.11274409923568,0,0.2759,0.2071,1.1e-05,1,0.18006990840563608,False,
2025-12-16 01:55:00,10585134,5526230,0,2,16.111365477104677,0,0.2823,0.1474,1.2e-05,1,0.21994061054517933,False,
2025-12-16 02:00:00,7219700,6257175,2,2,13.476875952216352,0,0.1925,0.1669,3e-05,1,0.24675941090071546,False,
2025-12-16 02:05:00,6903146,4913116,3,2,11.8162627787434,0,0.1841,0.131,4.2e-05,1,0.217002859829535,False,
2025-12-16 02:10:00,8120037,5202954,1,1,13.32299215827318,0,0.2165,0.1387,1.5e-05,1,0.22849603197633106,False,
2025-12-16 02:15:00,9327536,5925133,0,1,15.252669968785588,0,0.2487,0.158,7e-06,1,0.22290513722259175,False,
2025-12-16 02:20:00,6544985,5589406,4,2,12.134392065565777,0,0.1745,0.1491,4.9e-05,1,0.211273049106472,False,
2025-12-16 02:25:00,8579554,5554656,5,1,14.134210541211544,0,0.2288,0.1481,4.2e-05,1,0.25905328245500164,False,
2025-12-16 02:30:00,9002635,6018998,1,1,15.02163409358219,0,0.2401,0.1605,1.3e-05,1,0.24789352193943665,False,
2025-12-16 02:35:00,10872346,5976643,3,2,16.84898977530284,0,0.2899,0.1594,3e-05,1,0.24542852049058755,False,
2025-12-16 02:40:00,8247657,6175702,4,1,14.423360227546883,0,0.2199,0.1647,3.5e-05,1,0.2661410062263621,False,
2025-12-16 02:45:00,10294864,6801777,2,2,17.096642254033796,0,0.2745,0.1814,2.3e-05,1,0.24452190839964238,False,
2025-12-16 02:50:00,9814510,5878322,4,2,15.692832557299743,0,0.2617,0.1568,3.8e-05,1,0.2616166434193581,False,
2025-12-16 02:55:00,7280580,3875072,4,0,11.155652891758535,0,0.1941,0.1033,3.6e-05,1,0.17649652717093722,False,
2025-12-16 03:00:00,11164329,6803777,4,4,17.968106965700787,0,0.2977,0.1814,4.5e-05,1,0.20681923566458998,False,
2025-12-16 03:05:00,7396608,4107352,3,0,11.503961463024607,0,0.1972,0.1095,2.6e-05,1,0.18726619920666843,False,
2025-12-16 03:10:00,10147391,4009529,1,0,14.156921190752271,0,0.2706,0.1069,7e-06,1,0.14872568388382984,False,
2025-12-16 03:15:00,7533584,6068301,2,4,13.60188630331016,0,0.2009,0.1618,4.4e-05,1,0.24491423937400542,False,
2025-12-16 03:20:00,10473081,6771452,4,1,17.2445338024039,0,0.2793,0.1806,2.9e-05,1,0.2507172944052611,False,
2025-12-16 03:25:00,7874235,6249156,6,0,14.12339257591573,0,0.21,0.1666,4.2e-05,1,0.2570744429622652,False,
2025-12-16 03:30:00,12895946,6277916,3,3,19.173862618662174,0,0.3439,0.1674,3.1e-05,1,0.13787133934524354,False,
2025-12-16 03:35:00,8748158,6444760,3,1,15.192919412825423,0,0.2333,0.1719,2.6e-05,1,0.2672747291275195,False,
2025-12-16 03:40:00,11071605,6900484,2,1,17.972089803125286,0,0.2952,0.184,1.7e-05,1,0.210438028833479,False,
2025-12-16 03:45:00,10465529,5417394,3,4,15.882923513876271,0,0.2791,0.1445,4.4e-05,1,0.23673601328322902,False,
2025-12-16 03:50:00,7937658,5901578,1,1,13.8392365303112,0,0.2117,0.1574,1.4e-05,1,0.22955857318270545,False,
2025-12-16 03:55:00,9458473,5836776,8,4,15.295249595195472,0,0.2522,0.1556,7.8e-05,1,0.13245298096221636,False,
2025-12-16 04:00:00,10946230,6193722,4,5,17.139952978344752,0,0.2919,0.1652,5.3e-05,1,0.19148645480993243,False,
2025-12-16 04:05:00,10627288,5640751,2,1,16.268040285856443,0,0.2834,0.1504,1.8e-05,1,0.2492760944676674,False,
2025-12-16 04:10:00,6077275,6394933,3,3,12.472209031082784,0,0.1621,0.1705,4.8e-05,1,0.19991928921690566,False,
2025-12-16 04:15:00,8577842,7426250,2,2,16.00409302006723,0,0.2287,0.198,2.5e-05,1,0.2546972877085663,False,
2025-12-16 04:20:00,10543811,5178182,7,0,15.721993823625445,0,0.2812,0.1381,4.5e-05,1,0.24073957737114476,False,
2025-12-16 04:25:00,9794566,7538544,1,2,17.333110539489798,0,0.2612,0.201,1.7e-05,1,0.22815092353455474,False,
2025-12-16 04:30:00,8525709,6659259,5,1,15.18496913739342,0,0.2274,0.1776,4e-05,1,0.26581174938670843,False,
2025-12-16 04:35:00,9251148,5466633,4,3,14.717782642095523,0,0.2467,0.1458,4.8e-05,1,0.25647965360026537,False,
2025-12-16 04:40:00,11866926,4500998,4,0,16.36792412116213,0,0.3165,0.12,2.4e-05,1,0.19976689608666393,False,
2025-12-16 04:45:00,7296703,6759596,5,3,14.056300181051329,0,0.1946,0.1803,5.7e-05,1,0.21848103354468934,False,
2025-12-16 04:50:00,5761114,5557076,2,5,11.318190340775162,0,0.1536,0.1482,6.2e-05,1,0.14160669212287902,False,
2025-12-16 04:55:00,9169048,4412302,9,2,13.58135120066754,0,0.2445,0.1177,8.1e-05,1,0.10723304873194883,False,
2025-12-16 05:00:00,6492135,6569332,1,2,13.061467820398006,0,0.1731,0.1752,2.3e-05,1,0.2198887043355629,False,
2025-12-16 05:05:00,9515183,5700460,2,1,15.215643282130983,0,0.2537,0.152,2e-05,1,0.2551644699356916,False,
2025-12-16 05:10:00,8980191,4148518,2,2,13.128710785323348,0,0.2395,0.1106,3e-05,1,0.22772649569892217,False,
2025-12-16 05:15:00,11858150,4994536,2,3,16.852687076132046,0,0.3162,0.1332,3e-05,1,0.20711066612523926,False,
2025-12-16 05:20:00,10113517,6408339,4,3,16.521857619057826,0,0.2697,0.1709,4.2e-05,1,0.24443730856700807,False,
2025-12-16 05:25:00,10400389,6018994,4,2,16.419384553943825,0,0.2773,0.1605,3.7e-05,1,0.24920005973432346,False,
2025-12-16 05:30:00,8299200,4787892,4,1,13.087093149593128,0,0.2213,0.1277,3.8e-05,1,0.2458880785495951,False,
2025-12-16 05:35:00,9694096,3632594,3,0,13.326691153029598,0,0.2585,0.0969,2.3e-05,1,0.1903321884010391,False,
2025-12-16 05:40:00,10159807,7939522,3,1,18.09933031820516,0,0.2709,0.2117,2.2e-05,1,0.20717781348805708,False,
2025-12-16 05:45:00,7430745,4479873,3,2,11.910618885948894,0,0.1982,0.1195,4.2e-05,1,0.20790733994458294,False,
2025-12-16 05:50:00,8174985,3634928,6,1,11.809914092309446,0,0.218,0.0969,5.9e-05,1,0.15646062633010155,False,
2025-12-16 05:55:00,8465710,5990406,2,1,14.456117062645458,0,0.2258,0.1597,2.1e-05,1,0.2552075034041989,False,
2025-12-16 06:00:00,6540849,5502501,0,0,12.043351121414446,0,0.1744,0.1467,0.0,1,0.10842029338704862,False,
2025-12-16 06:05:00,4791847,6485177,1,0,11.277025777418222,0,0.1278,0.1729,9e-06,1,0.08388242377214328,False,
2025-12-16 06:10:00,6201094,6234160,2,3,12.435255289774902,0,0.1654,0.1662,4e-05,1,0.21687000118790922,False,
2025-12-16 06:15:00,9271605,5529497,4,3,14.80110253368156,0,0.2472,0.1475,4.7e-05,1,0.25762408644497276,False,
2025-12-16 06:20:00,8885589,4361505,1,2,13.247095191454406,0,0.2369,0.1163,2.3e-05,1,0.22316533678606743,False,
2025-12-16 06:25:00,7075599,5871849,1,1,12.94744893565375,0,0.1887,0.1566,1.5e-05,1,0.21218328608164827,False,
2025-12-16 06:30:00,9540358,6687169,4,0,16.227528351160185,0,0.2544,0.1783,2.5e-05,1,0.2669644614707368,False,
2025-12-16 06:35:00,7863766,5492170,3,3,13.355937582390624,0,0.2097,0.1465,4.5e-05,1,0.2533559095050924,False,
2025-12-16 06:40:00,6975846,7987334,2,4,14.963181525339788,0,0.186,0.213,4e-05,1,0.2099607550104688,False,
2025-12-16 06:45:00,10715675,6125063,3,4,16.840739209819994,0,0.2858,0.1633,4.2e-05,1,0.23199343202369643,False,
2025-12-16 06:50:00,8697982,5662778,2,1,14.360760451096487,0,0.2319,0.151,2.1e-05,1,0.2564015998016623,False,
2025-12-16 06:55:00,6908727,6209724,3,1,13.118451284645015,0,0.1842,0.1656,3e-05,1,0.23984883438927168,False,
2025-12-16 07:00:00,8075936,5714349,1,0,13.790286078434091,0,0.2154,0.1524,7e-06,1,0.19588089294261518,False,
2025-12-16 07:05:00,9433039,7037858,3,2,16.470898001108473,0,0.2515,0.1877,3e-05,1,0.26566835435723407,False,
2025-12-16 07:10:00,9494763,5551553,1,3,15.046316979350136,0,0.2532,0.148,2.7e-05,1,0.26982117480141693,False,
2025-12-16 07:15:00,11414510,5824066,3,2,17.23857685681504,0,0.3044,0.1553,2.9e-05,1,0.22994494704329022,False,
2025-12-16 07:20:00,10112242,4217050,1,2,14.329293439902314,0,0.2697,0.1125,2.1e-05,1,0.22321051032377714,False,
2025-12-16 07:25:00,9350619,4689682,4,2,14.040301986635376,0,0.2493,0.1251,4.3e-05,1,0.24054842334501114,False,
2025-12-16 07:30:00,8434006,5102277,0,3,13.536284150441375,0,0.2249,0.1361,2.2e-05,1,0.2480431812520657,False,
2025-12-16 07:35:00,10451636,6167585,1,2,16.619221511457628,0,0.2787,0.1645,1.8e-05,1,0.24785508425040037,False,
2025-12-16 07:40:00,7592155,7170993,4,3,14.763148941534896,0,0.2025,0.1912,4.7e-05,1,0.23912508390034126,False,
2025-12-16 07:45:00,9502692,6947461,4,1,16.45015357338049,0,0.2534,0.1853,3e-05,1,0.2668161518375204,False,
2025-12-16 07:50:00,9670402,4375405,2,2,14.045807867122848,0,0.2579,0.1167,2.8e-05,1,0.23351421188177385,False,
2025-12-16 07:55:00,7653975,6361053,2,3,14.015029431159457,0,0.2041,0.1696,3.6e-05,1,0.2573605626761581,False,
2025-12-16 08:00:00,8137548,5655652,3,2,13.793200324147609,0,0.217,0.1508,3.6e-05,1,0.26755220840527444,False,
2025-12-16 08:05:00,9031750,7428978,3,1,16.460729104225138,0,0.2408,0.1981,2.4e-05,1,0.2560668315021275,False,
2025-12-16 08:10:00,11136212,7543773,3,4,18.679986489431545,0,0.297,0.2012,3.7e-05,1,0.19970133313899852,False,
2025-12-16 08:15:00,10900925,4195341,0,4,15.096266958517129,0,0.2907,0.1119,2.6e-05,1,0.22455476304552474,False,
2025-12-16 08:20:00,10373807,5387017,3,2,15.76082523483092,0,0.2766,0.1437,3.2e-05,1,0.2579802750058799,False,
2025-12-16 08:25:00,10952991,4378540,1,1,15.331531891901772,0,0.2921,0.1168,1.3e-05,1,0.18188430648134352,False,
2025-12-16 08:30:00,5956327,5543269,3,0,11.49959760229214,0,0.1588,0.1478,2.6e-05,1,0.18510558798948235,False,
2025-12-16 08:35:00,10397880,5442178,1,3,15.840058946881646,0,0.2773,0.1451,2.5e-05,1,0.252053936264744,False,
2025-12-16 08:40:00,6003413,5688526,7,1,11.691940090398544,0,0.1601,0.1517,6.8e-05,1,0.14120705778805154,False,
2025-12-16 08:45:00,9864673,8723863,7,1,18.58853734962337,0,0.2631,0.2326,4.3e-05,1,0.150706252077703,False,
2025-12-16 08:50:00,8164148,4663619,4,2,12.827768222803662,0,0.2177,0.1244,4.7e-05,1,0.23396459142805698,False,
2025-12-16 08:55:00,6686605,5446316,3,1,12.1329227451878,0,0.1783,0.1452,3.3e-05,1,0.2251700578235442,False,
2025-12-16 09:00:00,7344159,7050291,2,2,14.39445067974493,0,0.1958,0.188,2.8e-05,1,0.24807809192810876,False,
2025-12-16 09:05:00,9848594,8008335,2,3,17.85693057833358,0,0.2626,0.2136,2.8e-05,1,0.20878098831100578,False,
2025-12-16 09:10:00,8285113,5932936,2,2,14.218049801166682,0,0.2209,0.1582,2.8e-05,1,0.27113529517940727,False,
2025-12-16 09:15:00,7740029,7194334,3,2,14.934363618126136,0,0.2064,0.1918,3.3e-05,1,0.25889744804591225,False,
2025-12-16 09:20:00,13198111,5636289,1,0,18.83440121087242,0,0.3519,0.1503,5e-06,1,0.07007841923290026,False,
2025-12-16 09:25:00,8305950,5045457,2,2,13.351408989077832,0,0.2215,0.1345,3e-05,1,0.25431868362187826,False,
2025-12-16 09:30:00,7889728,5742121,2,1,13.631849914686288,0,0.2104,0.1531,2.2e-05,1,0.2517768899144836,False,
2025-12-16 09:35:00,8223645,6812598,3,0,15.036243541946575,0,0.2193,0.1817,2e-05,1,0.2586790980439797,False,
2025-12-16 09:40:00,7455134,3862602,4,1,11.317736541297348,0,0.1988,0.103,4.4e-05,1,0.1808085601045752,False,
2025-12-16 09:45:00,8635870,4861905,1,3,13.49777537178153,0,0.2303,0.1297,3e-05,1,0.25316520513927576,False,
2025-12-16 09:50:00,9511144,6423762,4,2,15.934906383908096,0,0.2536,0.1713,3.8e-05,1,0.25786534585553716,False,
2025-12-16 09:55:00,10193846,4446249,4,1,14.640096504306364,0,0.2718,0.1186,3.4e-05,1,0.23649512833030895,False,
2025-12-16 10:00:00,10075806,4918987,3,3,14.9947943763508,0,0.2687,0.1312,4e-05,1,0.2564195016210978,False,
2025-12-16 10:05:00,9503780,6662649,2,2,16.166429258669147,0,0.2534,0.1777,2.5e-05,1,0.26801254461726737,False,
2025-12-16 10:10:00,9184965,8898887,3,3,18.083853596737804,0,0.2449,0.2373,3.3e-05,1,0.1599480492908641,False,
2025-12-16 10:15:00,9417056,6207586,3,1,15.624642867882036,0,0.2511,0.1655,2.6e-05,1,0.27060538564788494,False,
2025-12-16 10:20:00,10620412,5434282,6,0,16.054695319904912,0,0.2832,0.1449,3.7e-05,1,0.2543059920841531,False,
2025-12-16 10:25:00,8325099,4567100,2,3,12.89220051120771,0,0.222,0.1218,3.9e-05,1,0.23870704637653606,False,
2025-12-16 10:30:00,7378079,4991538,5,1,12.369618760560137,0,0.1967,0.1331,4.9e-05,1,0.2250642457578101,False,
2025-12-16 10:35:00,12876490,3410646,3,2,16.287136971871774,0,0.3434,0.091,3.1e-05,1,0.15675648445857987,False,
2025-12-16 10:40:00,9126469,5512263,3,0,14.63873265172758,0,0.2434,0.147,2e-05,1,0.2625918927317701,False,
2025-12-16 10:45:00,8509899,8063815,3,5,16.57371502369573,0,0.2269,0.215,4.8e-05,1,0.20265860847125983,False,
2025-12-16 10:50:00,7773097,6794654,4,2,14.56775197845358,0,0.2073,0.1812,4.1e-05,1,0.25640636906203534,False,
2025-12-16 10:55:00,7424939,5389640,1,1,12.814579421591452,0,0.198,0.1437,1.6e-05,1,0.2186864057644014,False,
2025-12-16 11:00:00,9984942,5256889,5,3,15.241831723938985,0,0.2663,0.1402,5.2e-05,1,0.2354070231907059,False,
2025-12-16 11:05:00,10539154,5791288,2,1,16.330443150911027,0,0.281,0.1544,1.8e-05,1,0.2479873509963042,False,
2025-12-16 11:10:00,8091903,6032232,5,2,14.124135642601098,0,0.2158,0.1609,5e-05,1,0.25717398190304613,False,
2025-12-16 11:15:00,8285169,5424951,3,1,13.710120272191292,0,0.2209,0.1447,2.9e-05,1,0.2606247132842836,False,
2025-12-16 11:20:00,8513498,4935688,3,1,13.449187688140045,0,0.227,0.1316,3e-05,1,0.254223487668529,False,
2025-12-16 11:25:00,8529851,2878293,0,1,11.40814503275364,0,0.2275,0.0768,9e-06,1,0.08237191407170952,False,
2025-12-16 11:30:00,7619205,3703260,2,2,11.322465839481849,0,0.2032,0.0988,3.5e-05,1,0.17666482573972941,False,
2025-12-16 11:35:00,8434635,7721494,1,2,16.15612942934151,0,0.2249,0.2059,1.9e-05,1,0.24048329244000016,False,
2025-12-16 11:40:00,10828722,3894840,3,4,14.72356358843816,0,0.2888,0.1039,4.8e-05,1,0.19763462897828676,False,
2025-12-16 11:45:00,9630375,4513199,2,5,14.14357550510098,0,0.2568,0.1204,4.9e-05,1,0.2188858870956425,False,
2025-12-16 11:50:00,7753641,5043570,4,2,12.797211926424795,0,0.2068,0.1345,4.7e-05,1,0.2429564529239106,False,
2025-12-16 11:55:00,10582672,3430503,1,3,14.01317678211196,0,0.2822,0.0915,2.9e-05,1,0.18753402268399494,False,
2025-12-16 12:00:00,9112581,7438844,4,2,16.551425888790387,0,0.243,0.1984,3.6e-05,1,0.2528229435035028,False,
2025-12-16 12:05:00,8127665,6480805,0,0,14.608471848548222,0,0.2167,0.1728,0.0,1,0.17613817111328056,False,
2025-12-16 12:10:00,8013038,6358257,3,0,14.371295358154768,0,0.2137,0.1696,2.1e-05,1,0.2577180563112111,False,
2025-12-16 12:15:00,8127890,7274827,3,3,15.40271832404724,0,0.2167,0.194,3.9e-05,1,0.257772978671334,False,
2025-12-16 12:20:00,8264627,6163767,3,3,14.428394970018344,0,0.2204,0.1644,4.2e-05,1,0.2615246174531496,False,
2025-12-16 12:25:00,9460962,4867106,1,0,14.328069071009873,0,0.2523,0.1298,7e-06,1,0.19414992363625594,False,
2025-12-16 12:30:00,7612450,5779259,3,1,13.39170924292904,0,0.203,0.1541,3e-05,1,0.25156450965188015,False,
2025-12-16 12:35:00,7506110,5618430,2,1,13.124541123329273,0,0.2002,0.1498,2.3e-05,1,0.2392809857399555,False,
2025-12-16 12:40:00,11052251,5606929,4,8,16.659180966990636,0,0.2947,0.1495,7.2e-05,1,0.1361324090164857,False,
2025-12-16 12:45:00,6661373,6667383,1,2,13.328756931541172,0,0.1776,0.1778,2.3e-05,1,0.2247575505220718,False,
2025-12-16 12:50:00,7259233,4481841,2,0,11.741074994956085,0,0.1936,0.1195,1.7e-05,1,0.16622926041865427,False,
2025-12-16 12:55:00,8577336,5226838,2,2,13.80417465232814,0,0.2287,0.1394,2.9e-05,1,0.25617763309799857,False,
2025-12-16 13:00:00,7030588,7140310,2,1,14.170898999609005,0,0.1875,0.1904,2.1e-05,1,0.23338730860355705,False,
2025-12-16 13:05:00,8958261,3254227,3,1,12.212488803127153,0,0.2389,0.0868,3.3e-05,1,0.181497923281069,False,
2025-12-16 13:10:00,12027306,4512912,2,2,16.540218775547814,0,0.3207,0.1203,2.4e-05,1,0.19979289671648348,False,
2025-12-16 13:15:00,8630578,7183819,0,4,15.814397991067692,0,0.2301,0.1916,2.5e-05,1,0.25932775210720965,False,
2025-12-16 13:20:00,8193790,5402395,2,3,13.596185379448706,0,0.2185,0.1441,3.7e-05,1,0.25891107226464966,False,
2025-12-16 13:25:00,6437879,6696035,3,3,13.1339145614587,0,0.1717,0.1786,4.6e-05,1,0.20783076465157097,False,
2025-12-16 13:30:00,10063998,8012650,2,3,18.07664921866424,0,0.2684,0.2137,2.8e-05,1,0.21006350406611723,False,
2025-12-16 13:35:00,9536187,5451878,4,1,14.988065609178324,0,0.2543,0.1454,3.3e-05,1,0.2679159258154842,False,
2025-12-16 13:40:00,10312084,5567256,2,1,15.879341379729848,0,0.275,0.1485,1.9e-05,1,0.2502332117634583,False,
2025-12-16 13:45:00,8596074,6630629,2,1,15.226704057275455,0,0.2292,0.1768,2e-05,1,0.2596450556113183,False,
2025-12-16 13:50:00,7372210,4717976,2,3,12.090186856861749,0,0.1966,0.1258,4.1e-05,1,0.22515627584753972,False,
2025-12-16 13:55:00,11068689,5750204,3,2,16.81889441291754,0,0.2952,0.1533,3e-05,1,0.2455236421108664,False,
2025-12-16 14:00:00,7572943,7567295,2,3,15.140239539641698,0,0.2019,0.2018,3.3e-05,1,0.25028692668849223,False,
2025-12-16 14:05:00,7112075,8211979,1,4,15.324054933530446,0,0.1897,0.219,3.3e-05,1,0.2019699660642218,False,
2025-12-16 14:10:00,8641503,5286031,0,1,13.927534257913017,0,0.2304,0.141,7e-06,1,0.19775147041738367,False,
2025-12-16 14:15:00,11346552,6488164,1,0,17.834716644886576,0,0.3026,0.173,6e-06,1,0.1601895303571112,False,
2025-12-16 14:20:00,4862381,6527396,1,2,11.389777753167412,0,0.1297,0.1741,2.6e-05,1,0.13755088405620186,False,
2025-12-16 14:25:00,9781829,7012421,0,1,16.794251631218298,0,0.2608,0.187,6e-06,1,0.21140762327776452,False,
2025-12-16 14:30:00,8697294,5379103,1,0,14.076397639142094,0,0.2319,0.1434,7e-06,1,0.1976217418672268,False,
2025-12-16 14:35:00,9274666,6580556,4,0,15.855222539842368,0,0.2473,0.1755,2.5e-05,1,0.2683251016559582,False,
2025-12-16 14:40:00,9144403,5552784,2,6,14.697187867773668,0,0.2439,0.1481,5.4e-05,1,0.24181221042986406,False,
2025-12-16 14:45:00,9364063,6954035,7,2,16.318098569447613,0,0.2497,0.1854,5.5e-05,1,0.22159310855669684,False,
2025-12-16 14:50:00,12658887,6950414,2,0,19.6093013706824,0,0.3376,0.1853,1e-05,1,0.09385130356918825,False,
2025-12-16 14:55:00,8715640,6354823,1,1,15.070463663914913,0,0.2324,0.1695,1.3e-05,1,0.24260540300736644,False,
2025-12-16 15:00:00,10047179,5768186,2,2,15.815365707952225,0,0.2679,0.1538,2.5e-05,1,0.2620965572738002,False,
2025-12-16 15:05:00,8571871,3127034,3,1,11.698905892293617,0,0.2286,0.0834,3.4e-05,1,0.1572765439134392,False,
2025-12-16 15:10:00,9002789,4545535,2,0,13.548325119333848,0,0.2401,0.1212,1.5e-05,1,0.20008474960602235,False,
2025-12-16 15:15:00,8700443,4758534,5,2,13.45897768997681,0,0.232,0.1269,5.2e-05,1,0.23728867808629361,False,
2025-12-16 15:20:00,7462397,7863771,3,2,15.326168205214444,0,0.199,0.2097,3.3e-05,1,0.23673527534756406,False,
2025-12-16 15:25:00,11545544,5473907,4,0,17.019452710396596,0,0.3079,0.146,2.4e-05,1,0.21675757317905675,False,
2025-12-16 15:30:00,8621819,5284755,4,2,13.906574651288048,0,0.2299,0.1409,4.3e-05,1,0.25708378667652787,False,
2025-12-16 15:35:00,10381610,6107406,0,0,16.489016650548564,0,0.2768,0.1629,0.0,1,0.17357100850587392,False,
2025-12-16 15:40:00,6595634,5231274,2,2,11.82690822269632,0,0.1759,0.1395,3.4e-05,1,0.2087188288238167,False,
2025-12-16 15:45:00,8788418,4116955,7,2,12.905373716389338,0,0.2344,0.1098,7e-05,1,0.15817075500566008,False,
2025-12-16 15:50:00,8545069,4658397,3,0,13.203467478910309,0,0.2279,0.1242,2.3e-05,1,0.23112453792755827,False,
2025-12-16 15:55:00,9011919,5217957,2,1,14.229877038176111,0,0.2403,0.1391,2.1e-05,1,0.2541182513603281,False,
2025-12-16 16:00:00,10254159,5886854,5,0,16.14101415754221,0,0.2734,0.157,3.1e-05,1,0.2578331250702057,False,
2025-12-16 16:05:00,7564487,5013440,2,3,12.577928687964354,0,0.2017,0.1337,4e-05,1,0.23628679817173126,False,
2025-12-16 16:10:00,9825649,5193393,3,1,15.019043341256356,0,0.262,0.1385,2.7e-05,1,0.26267803473539214,False,
2025-12-16 16:15:00,7895397,7326604,2,3,15.222002800062718,0,0.2105,0.1954,3.3e-05,1,0.25225211464829206,False,
2025-12-16 16:20:00,8643679,6603167,5,2,15.246846812258417,0,0.2305,0.1761,4.6e-05,1,0.2520709032770832,False,
2025-12-16 16:25:00,11098876,8104722,2,3,19.203599286437488,0,0.296,0.2161,2.6e-05,1,0.16114086107899367,False,
2025-12-16 16:30:00,6445402,4429652,4,1,10.875055379762816,0,0.1719,0.1181,4.6e-05,1,0.15197774609961778,False,
2025-12-16 16:35:00,7971627,6336130,5,2,14.307757971146874,0,0.2126,0.169,4.9e-05,1,0.2466585533625837,False,
2025-12-16 16:40:00,7042724,5412690,2,2,12.45541541209306,0,0.1878,0.1443,3.2e-05,1,0.23848660614066114,False,
2025-12-16 16:45:00,5449802,5848422,0,0,11.298224540266592,0,0.1453,0.156,0.0,1,0.07043317554209427,False,
2025-12-16 16:50:00,8155590,8165051,4,3,16.320641510659534,0,0.2175,0.2177,4.3e-05,1,0.20129821229407735,False,
2025-12-16 16:55:00,7066740,4825324,2,3,11.89206553985874,0,0.1884,0.1287,4.2e-05,1,0.21639421379106777,False,
2025-12-16 17:00:00,9930829,5238776,3,4,15.169606106095564,0,0.2648,0.1397,4.6e-05,1,0.24994789486477187,False,
2025-12-16 17:05:00,7145071,8123738,4,1,15.268809489334636,0,0.1905,0.2166,3.3e-05,1,0.20927306196268125,False,
2025-12-16 17:10:00,8653027,4841016,0,3,13.494044017359682,0,0.2307,0.1291,2.2e-05,1,0.2442125375665012,False,
2025-12-16 17:15:00,8109431,6540291,3,0,14.649723051010056,0,0.2163,0.1744,2e-05,1,0.25974500845769777,False,
2025-12-16 17:20:00,8951565,6368162,2,0,15.319727226600568,0,0.2387,0.1698,1.3e-05,1,0.24543093539987487,False,
2025-12-16 17:25:00,8477468,4916339,7,3,13.393807592011417,0,0.2261,0.1311,7.5e-05,1,0.15193085379446802,False,
2025-12-16 17:30:00,7768746,6700403,4,1,14.469149867405074,0,0.2072,0.1787,3.5e-05,1,0.2622336825705212,False,
2025-12-16 17:35:00,10346583,7163031,2,2,17.509614919759763,0,0.2759,0.191,2.3e-05,1,0.23091773978067093,False,
2025-12-16 17:40:00,11266504,5825769,1,2,17.092274679974118,0,0.3004,0.1554,1.8e-05,1,0.21873705761749324,False,
2025-12-16 17:45:00,9324486,6108937,5,2,15.43342460669701,0,0.2487,0.1629,4.5e-05,1,0.25733594367097673,False,
2025-12-16 17:50:00,7568698,6791377,0,2,14.360076116807884,0,0.2018,0.1811,1.4e-05,1,0.22513696160094804,False,
2025-12-16 17:55:00,11087187,6178594,3,0,17.265781765037012,0,0.2957,0.1648,1.7e-05,1,0.21919547432909792,False,
2025-12-16 18:00:00,8928284,6511771,0,3,15.44005653436256,0,0.2381,0.1736,1.9e-05,1,0.2643511942818555,False,
2025-12-16 18:05:00,10358068,2820379,6,2,13.178447599049417,0,0.2762,0.0752,6.1e-05,1,0.12546190572496563,False,
2025-12-16 18:10:00,7942881,4163848,3,3,12.106730393523977,0,0.2118,0.111,5e-05,1,0.20729983803500274,False,
2025-12-16 18:15:00,10860347,7063961,6,5,17.92430907743359,0,0.2896,0.1884,6.1e-05,1,0.1721146405424202,False,
2025-12-16 18:20:00,11056834,4567577,6,2,15.62441224734384,0,0.2948,0.1218,5.1e-05,1,0.20403185307174648,False,
2025-12-16 18:25:00,8226696,5570085,0,1,13.796781603733606,0,0.2194,0.1485,7e-06,1,0.19786866301607808,False,
2025-12-16 18:30:00,11430204,6089961,0,2,17.520166634487207,0,0.3048,0.1624,1.1e-05,1,0.1862457443016881,False,
2025-12-16 18:35:00,7696491,7410117,3,5,15.10660920006828,0,0.2052,0.1976,5.3e-05,1,0.22793846604584483,False,
2025-12-16 18:40:00,9550525,6356092,6,6,15.906617676784132,0,0.2547,0.1695,7.5e-05,1,0.13705326542328977,False,
2025-12-16 18:45:00,11020984,4612721,8,3,15.633705666262856,0,0.2939,0.123,7e-05,1,0.1404888626956705,False,
2025-12-16 18:50:00,9572500,6480914,3,1,16.053415105799832,0,0.2553,0.1728,2.5e-05,1,0.2663783852493036,False,
2025-12-16 18:55:00,10262351,5266166,2,3,15.528518588425197,0,0.2737,0.1404,3.2e-05,1,0.2564087133447719,False,
2025-12-16 19:00:00,8509376,4168826,3,0,12.678202871918783,0,0.2269,0.1112,2.4e-05,1,0.22063310764652216,False,
2025-12-16 19:05:00,10877040,5205682,3,2,16.082723305514737,0,0.2901,0.1388,3.1e-05,1,0.24306162397027664,False,
2025-12-16 19:10:00,7501804,7609810,3,2,15.111615389332997,0,0.2,0.2029,3.3e-05,1,0.24950974031329332,False,
2025-12-16 19:15:00,9055866,6424302,2,1,15.480168947346248,0,0.2415,0.1713,1.9e-05,1,0.26514046751670767,False,
2025-12-16 19:20:00,7247177,7700627,2,1,14.94780542134545,0,0.1933,0.2054,2e-05,1,0.2254567556179521,False,
2025-12-16 19:25:00,10386852,6022213,5,2,16.40906636173949,0,0.277,0.1606,4.3e-05,1,0.23742877796362316,False,
2025-12-16 19:30:00,7102959,5367789,5,3,12.470749128461444,0,0.1894,0.1431,6.4e-05,1,0.19441332132133088,False,
2025-12-16 19:35:00,10947165,8542356,2,3,19.48952258328052,0,0.2919,0.2278,2.6e-05,1,0.14442105027263874,False,
2025-12-16 19:40:00,7456394,4586974,4,4,12.043369269720053,0,0.1988,0.1223,6.6e-05,1,0.16123598894713181,False,
2025-12-16 19:45:00,7877516,5040879,6,3,12.918396509857274,0,0.2101,0.1344,7e-05,1,0.17557763969013346,False,
2025-12-16 19:50:00,9656211,6042294,2,1,15.698506211742394,0,0.2575,0.1611,1.9e-05,1,0.2561141370032296,False,
2025-12-16 19:55:00,10530801,8042030,2,3,18.57283189124928,0,0.2808,0.2145,2.7e-05,1,0.1922851195695064,False,
2025-12-16 20:00:00,10040345,4517740,2,3,14.55808512446968,0,0.2677,0.1205,3.4e-05,1,0.2429084503733946,False,
2025-12-16 20:05:00,6269424,6421881,2,4,12.691306068421127,0,0.1672,0.1713,4.7e-05,1,0.20708019545894912,False,
2025-12-16 20:10:00,10011090,4852990,2,1,14.864081100698002,0,0.267,0.1294,2e-05,1,0.24562757148038672,False,
2025-12-16 20:15:00,8991749,8163368,3,2,17.155117893299607,0,0.2398,0.2177,2.9e-05,1,0.20921361562508728,False,
2025-12-16 20:20:00,10187635,6032794,3,2,16.22042966138602,0,0.2717,0.1609,3.1e-05,1,0.2619597379115581,False,
2025-12-16 20:25:00,7290932,5890655,2,1,13.18158758625849,0,0.1944,0.1571,2.3e-05,1,0.23621481293760782,False,
2025-12-16 20:30:00,10354196,3354227,5,2,13.708424294264692,0,0.2761,0.0894,5.1e-05,1,0.1667168516752815,False,
2025-12-16 20:35:00,9922477,6737480,4,2,16.659958128018452,0,0.2646,0.1797,3.6e-05,1,0.2628240499956794,False,
2025-12-16 20:40:00,9253719,4146676,4,2,13.40039597365235,0,0.2468,0.1106,4.5e-05,1,0.2228347313265741,False,
2025-12-16 20:45:00,12492206,6108315,3,0,18.60052205912452,0,0.3331,0.1629,1.6e-05,1,0.14115770547499584,False,
2025-12-16 20:50:00,7027563,8096467,3,3,15.124031144571482,0,0.1874,0.2159,4e-05,1,0.20459222002365285,False,
2025-12-16 20:55:00,8215571,5517332,2,3,13.73290374342758,0,0.2191,0.1471,3.6e-05,1,0.2642042874810536,False,
2025-12-16 21:00:00,9342596,7956632,3,3,17.299228778608168,0,0.2491,0.2122,3.5e-05,1,0.21670322760473898,False,
2025-12-16 21:05:00,8249453,8495256,5,3,16.744709518594732,0,0.22,0.2265,4.8e-05,1,0.17891582706737735,False,
2025-12-16 21:10:00,9874156,6203986,2,6,16.078142241651285,0,0.2633,0.1654,5e-05,1,0.23312186058836465,False,
2025-12-16 21:15:00,10259161,5324211,7,1,15.583372973774134,0,0.2736,0.142,5.1e-05,1,0.2317604768262425,False,
2025-12-16 21:20:00,11265557,7294062,3,1,18.559619629147534,0,0.3004,0.1945,2.2e-05,1,0.2004128559534724,False,
2025-12-16 21:25:00,7562196,6775858,3,4,14.33805520813979,0,0.2017,0.1807,4.9e-05,1,0.2367891270946279,False,
2025-12-16 21:30:00,9944753,5931702,3,1,15.876456046705902,0,0.2652,0.1582,2.5e-05,1,0.2617119412612543,False,
2025-12-16 21:35:00,5841614,6315510,4,2,12.15712484465003,0,0.1558,0.1684,4.9e-05,1,0.1877520198040435,False,
2025-12-16 21:40:00,9724105,7332871,2,1,17.05697775387152,0,0.2593,0.1955,1.8e-05,1,0.23933367669278482,False,
2025-12-16 21:45:00,9337459,5450896,3,0,14.788356003667117,0,0.249,0.1454,2e-05,1,0.2613255458287245,False,
2025-12-16 21:50:00,6988876,6927755,1,0,13.916632230464597,0,0.1864,0.1847,7e-06,1,0.1773823765904951,False,
2025-12-16 21:55:00,9845068,5392547,2,0,15.237616286447707,0,0.2625,0.1438,1.3e-05,1,0.22731375875140936,False,
2025-12-16 22:00:00,7475006,5069051,3,3,12.54405793004695,0,0.1993,0.1352,4.8e-05,1,0.22799321270184375,False,
2025-12-16 22:05:00,6338020,8069276,4,4,14.407296715190997,0,0.169,0.2152,5.6e-05,1,0.154741812504111,False,
2025-12-16 22:10:00,8506837,5748436,3,2,14.255274104755667,0,0.2268,0.1533,3.5e-05,1,0.2659085527677153,False,
2025-12-16 22:15:00,9929361,4998783,4,1,14.928144468150478,0,0.2648,0.1333,3.3e-05,1,0.26356175419263606,False,
2025-12-16 22:20:00,10039984,7657685,9,2,17.697669647166645,0,0.2677,0.2042,6.2e-05,1,0.16158253239980397,False,
2025-12-16 22:25:00,9735717,8049961,2,2,17.78567846408002,0,0.2596,0.2147,2.2e-05,1,0.203963793925098,False,
2025-12-16 22:30:00,8797574,4940779,3,2,13.738354395744526,0,0.2346,0.1318,3.6e-05,1,0.2591068589413652,False,
2025-12-16 22:35:00,9301624,5267793,3,1,14.569418066220203,0,0.248,0.1405,2.7e-05,1,0.2643187113581046,False,
2025-12-16 22:40:00,11731020,6216666,6,0,17.947686514526836,0,0.3128,0.1658,3.3e-05,1,0.2041228931315004,False,
2025-12-16 22:45:00,10551580,3926918,4,1,14.47849944319569,0,0.2814,0.1047,3.5e-05,1,0.21158293060478794,False,
2025-12-16 22:50:00,8319472,7272974,1,0,15.592446784222613,0,0.2219,0.1939,6e-06,1,0.20483164048066954,False,
2025-12-16 22:55:00,10850729,4996996,5,4,15.847726017465655,0,0.2894,0.1333,5.7e-05,1,0.19939980752320718,False,
2025-12-16 23:00:00,9519187,5178089,5,2,14.697276318594117,0,0.2538,0.1381,4.8e-05,1,0.24674183500164815,False,
2025-12-16 23:05:00,8348698,8470533,3,2,16.819231756514434,0,0.2226,0.2259,3e-05,1,0.20269735838894887,False,
2025-12-16 23:10:00,10638860,6220047,3,3,16.858907882292122,0,0.2837,0.1659,3.6e-05,1,0.2480870366774282,False,
2025-12-16 23:15:00,8285743,4967659,1,3,13.253403594818096,0,0.221,0.1325,3e-05,1,0.25416746238109206,False,
2025-12-16 23:20:00,7133866,6938257,4,2,14.072123434159838,0,0.1902,0.185,4.3e-05,1,0.23125567271530806,False,
2025-12-16 23:25:00,10525848,5393168,3,0,15.919016059654778,0,0.2807,0.1438,1.9e-05,1,0.24517586854403695,False,
2025-12-16 23:30:00,11237767,6206688,2,1,17.44445536558509,0,0.2997,0.1655,1.7e-05,1,0.21148656399647603,False,
2025-12-16 23:35:00,9955775,7990462,3,1,17.946238237692338,0,0.2655,0.2131,2.2e-05,1,0.20410008547083763,False,
2025-12-16 23:40:00,7171523,9320533,3,1,16.492057156849135,0,0.1912,0.2485,2.4e-05,1,0.14088754490343947,False,
2025-12-16 23:45:00,9753168,5401668,2,2,15.154836945023789,0,0.2601,0.144,2.6e-05,1,0.2648388495661245,False,
2025-12-16 23:50:00,7619479,5641171,2,2,13.260651375368084,0,0.2032,0.1504,3e-05,1,0.2537296145961332,False,
2025-12-16 23:55:00,8917303,6233204,2,1,15.15050822740584,0,0.2378,0.1662,2e-05,1,0.2665503367361725,False,
2025-12-17 00:00:00,9052083,5735862,3,2,14.787946096368628,0,0.2414,0.153,3.4e-05,1,0.272933415919412,False,
2025-12-17 00:05:00,9954494,7612978,5,0,17.567473405306146,0,0.2655,0.203,2.8e-05,1,0.23515860202314237,False,
2025-12-17 00:10:00,10279189,6250223,5,2,16.529413105045943,0,0.2741,0.1667,4.2e-05,1,0.2438731301904266,False,
2025-12-17 00:15:00,8588608,5998709,0,4,14.587317823741024,0,0.229,0.16,2.7e-05,1,0.2664836783823494,False,
2025-12-17 00:20:00,8200464,5149088,2,1,13.349553285247046,0,0.2187,0.1373,2.2e-05,1,0.24525120994280064,False,
2025-12-17 00:25:00,9600554,5048494,4,1,14.649049473281234,0,0.256,0.1346,3.4e-05,1,0.25818376372971097,False,
2025-12-17 00:30:00,11010909,4592823,0,0,15.603733565591275,0,0.2936,0.1225,0.0,1,0.13306200016207803,False,
2025-12-17 00:35:00,9144963,4704907,0,1,13.849871278910976,0,0.2439,0.1255,7e-06,1,0.18449539620681565,False,
2025-12-17 00:40:00,8463019,7026753,2,2,15.48977263156921,0,0.2257,0.1874,2.6e-05,1,0.2666656411114821,False,
2025-12-17 00:45:00,7860610,4374826,3,2,12.235437656371763,0,0.2096,0.1167,4.1e-05,1,0.2206690476740113,False,
2025-12-17 00:50:00,10633422,5983835,6,4,16.61725808019914,0,0.2836,0.1596,6e-05,1,0.18820014111743394,False,
2025-12-17 00:55:00,6038956,7715212,4,1,13.75416930331912,0,0.161,0.2057,3.6e-05,1,0.193434761498867,False,
2025-12-17 01:00:00,8964736,4828055,3,1,13.792792336732612,0,0.2391,0.1287,2.9e-05,1,0.25073627614512883,False,
2025-12-17 01:05:00,8350342,5795601,5,2,14.145943298492424,0,0.2227,0.1545,4.9e-05,1,0.2542359809977963,False,
2025-12-17 01:10:00,9133603,7386964,0,4,16.520567960525998,0,0.2436,0.197,2.4e-05,1,0.25714180738456743,False,
2025-12-17 01:15:00,8830547,6763635,0,1,15.59418328041366,0,0.2355,0.1804,6e-06,1,0.22197437094051692,False,
2025-12-17 01:20:00,6973881,6841209,4,3,13.815091003618754,0,0.186,0.1824,5.1e-05,1,0.21921082685869953,False,
2025-12-17 01:25:00,7979816,5749579,5,2,13.729395566294198,0,0.2128,0.1533,5.1e-05,1,0.24863346690495047,False,
2025-12-17 01:30:00,10591561,4591485,2,3,15.183047082952909,0,0.2824,0.1224,3.3e-05,1,0.23872340157094513,False,
2025-12-17 01:35:00,8597803,7063443,4,3,15.661246151893211,0,0.2293,0.1884,4.5e-05,1,0.24664869312217846,False,
2025-12-17 01:40:00,7842319,4481626,1,3,12.32394524790803,0,0.2091,0.1195,3.2e-05,1,0.2226333549735831,False,
2025-12-17 01:45:00,6772294,6324370,4,1,13.09666486054385,0,0.1806,0.1686,3.8e-05,1,0.23354214345573165,False,
2025-12-17 01:50:00,12432929,5039167,1,2,17.47209701692059,0,0.3315,0.1344,1.7e-05,1,0.16052668367392076,False,
2025-12-17 01:55:00,9931348,6428962,4,3,16.36031080656412,0,0.2648,0.1714,4.3e-05,1,0.2504811966455079,False,
2025-12-17 02:00:00,8172363,4362172,4,1,12.534536376705626,0,0.2179,0.1163,4e-05,1,0.2286845109317705,False,
2025-12-17 02:05:00,9102638,7043024,5,0,16.14566341884764,0,0.2427,0.1878,3.1e-05,1,0.2682645929939559,False,
2025-12-17 02:10:00,10572183,5435454,3,2,16.00763790129716,0,0.2819,0.1449,3.1e-05,1,0.25804650648138816,False,
2025-12-17 02:15:00,7215200,7670791,2,2,14.885992587366651,0,0.1924,0.2046,2.7e-05,1,0.23836025764534086,False,
2025-12-17 02:20:00,8590397,6409155,2,3,14.999553146005834,0,0.2291,0.1709,3.3e-05,1,0.2682831230116513,False,
2025-12-17 02:25:00,9986747,4606854,2,1,14.593601986284568,0,0.2663,0.1228,2.1e-05,1,0.2384830938610653,False,
2025-12-17 02:30:00,8718528,5764145,5,4,14.482674576894125,0,0.2325,0.1537,6.2e-05,1,0.21503978658147505,False,
2025-12-17 02:35:00,7990666,6936587,2,3,14.92725421233699,0,0.2131,0.185,3.3e-05,1,0.2642418442364612,False,
2025-12-17 02:40:00,8769263,6344544,3,2,15.113808311797396,0,0.2338,0.1692,3.3e-05,1,0.2700435881383824,False,
2025-12-17 02:45:00,9280672,4829618,3,1,14.110290981487305,0,0.2475,0.1288,2.8e-05,1,0.2556306265644986,False,
2025-12-17 02:50:00,7476110,3543271,4,3,11.019381893905749,0,0.1994,0.0945,6.4e-05,1,0.1173192258269129,False,
2025-12-17 02:55:00,8885104,2972202,3,2,11.85730691999829,0,0.2369,0.0793,4.2e-05,1,0.16252828737284303,False,
2025-12-17 03:00:00,9847846,6150854,2,2,15.998700919375608,0,0.2626,0.164,2.5e-05,1,0.2648018287197716,False,
2025-12-17 03:05:00,9904348,4077065,2,3,13.981413779743384,0,0.2641,0.1087,3.6e-05,1,0.21966256367707288,False,
2025-12-17 03:10:00,6882814,7438156,2,2,14.3209716203882,0,0.1835,0.1984,2.8e-05,1,0.2365122422849718,False,
2025-12-17 03:15:00,10641024,4955935,3,2,15.596959569772078,0,0.2838,0.1322,3.2e-05,1,0.24897265595898666,False,
2025-12-17 03:20:00,10047090,3948718,3,2,13.99580878817821,0,0.2679,0.1053,3.6e-05,1,0.21526866636715664,False,
2025-12-17 03:25:00,9042339,7026179,1,2,16.068518564886812,0,0.2411,0.1874,1.9e-05,1,0.26420508975845386,False,
2025-12-17 03:30:00,8954322,6405763,4,1,15.36008594157751,0,0.2388,0.1708,3.3e-05,1,0.2710978127252612,False,
2025-12-17 03:35:00,7187932,7385159,1,2,14.57309177591398,0,0.1917,0.1969,2.1e-05,1,0.23155978869002514,False,
2025-12-17 03:40:00,6392715,5344303,3,1,11.73701867561092,0,0.1705,0.1425,3.4e-05,1,0.20189450871215442,False,
2025-12-17 03:45:00,10884218,6647009,6,2,17.531227946568176,0,0.2902,0.1773,4.6e-05,1,0.21060512434258227,False,
2025-12-17 03:50:00,7716089,5654684,3,0,13.37077412171179,0,0.2058,0.1508,2.2e-05,1,0.24879739398862127,False,
2025-12-17 03:55:00,7525499,5815967,1,5,13.341466823118612,0,0.2007,0.1551,4.5e-05,1,0.24875567941394378,False,
2025-12-17 04:00:00,7718854,6095597,4,2,13.8144515892694,0,0.2058,0.1625,4.3e-05,1,0.25065124166907193,False,
2025-12-17 04:05:00,5727045,4922449,7,3,10.649494905515992,0,0.1527,0.1313,9.4e-05,1,0.03183385519902571,False,
2025-12-17 04:10:00,7965244,5920943,5,3,13.886188108216611,0,0.2124,0.1579,5.8e-05,1,0.23160219655338782,False,
2025-12-17 04:15:00,9116545,5247617,4,2,14.364162763975596,0,0.2431,0.1399,4.2e-05,1,0.2565039715355768,False,
2025-12-17 04:20:00,8477765,4805660,2,1,13.283425838736274,0,0.2261,0.1282,2.3e-05,1,0.2441077041774925,False,
2025-12-17 04:25:00,7019809,6261253,4,3,13.28106237567162,0,0.1872,0.167,5.3e-05,1,0.22902546561165876,False,
2025-12-17 04:30:00,8880988,3479246,1,3,12.360235213065469,0,0.2368,0.0928,3.2e-05,1,0.19877065932966664,False,
2025-12-17 04:35:00,8028759,4943374,1,1,12.97213411538572,0,0.2141,0.1318,1.5e-05,1,0.216424069538169,False,
2025-12-17 04:40:00,8930942,7364876,2,3,16.2958190878922,0,0.2382,0.1964,3.1e-05,1,0.25937535508936566,False,
2025-12-17 04:45:00,7804110,3708308,4,1,11.51241888316138,0,0.2081,0.0989,4.3e-05,1,0.177239459654147,False,
2025-12-17 04:50:00,9333112,6526116,3,0,15.859229146790366,0,0.2489,0.174,1.9e-05,1,0.26366033476565687,False,
2025-12-17 04:55:00,11020898,3480663,4,0,14.50156179115972,0,0.2939,0.0928,2.8e-05,1,0.19376191475667676,False,
2025-12-17 05:00:00,8708782,4212253,4,3,12.921036705295672,0,0.2322,0.1123,5.4e-05,1,0.21613986773411825,False,
2025-12-17 05:05:00,8069726,6485324,2,1,14.555051736747968,0,0.2152,0.1729,2.1e-05,1,0.2579576395209052,False,
2025-12-17 05:10:00,9432563,5961338,2,1,15.393902258310971,0,0.2515,0.159,1.9e-05,1,0.25963734668856603,False,
2025-12-17 05:15:00,10029008,5787364,2,1,15.816372492195775,0,0.2674,0.1543,1.9e-05,1,0.2525704195830389,False,
2025-12-17 05:20:00,8233272,6728620,1,1,14.961893131685212,0,0.2196,0.1794,1.3e-05,1,0.23896965364745631,False,
2025-12-17 05:25:00,7675355,3968011,3,1,11.643366936168812,0,0.2047,0.1058,3.4e-05,1,0.18886469428615926,False,
2025-12-17 05:30:00,9407605,4938707,4,2,14.346312936768172,0,0.2509,0.1317,4.2e-05,1,0.2538638420399426,False,
2025-12-17 05:35:00,9286275,6147289,1,3,15.433564927034077,0,0.2476,0.1639,2.6e-05,1,0.2715949514850251,False,
2025-12-17 05:40:00,5938096,5444271,2,1,11.382367215376911,0,0.1583,0.1452,2.6e-05,1,0.17786139523851913,False,
2025-12-17 05:45:00,10168728,5288658,7,3,15.457386410573228,0,0.2712,0.141,6.5e-05,1,0.19840547370862016,False,
2025-12-17 05:50:00,9625971,4433822,0,4,14.059793834878068,0,0.2567,0.1182,2.8e-05,1,0.23164617892489564,False,
2025-12-17 05:55:00,7947499,5944778,1,0,13.892278034577188,0,0.2119,0.1585,7e-06,1,0.1970893287219448,False,
2025-12-17 06:00:00,9877267,5250199,0,3,15.127467042338468,0,0.2634,0.14,2e-05,1,0.2519236965085634,False,
2025-12-17 06:05:00,11191640,5543451,3,0,16.735091655581012,0,0.2984,0.1478,1.8e-05,1,0.23381730677287083,False,
2025-12-17 06:10:00,9182350,6983424,2,2,16.165775504739855,0,0.2449,0.1862,2.5e-05,1,0.26829217507327646,False,
2025-12-17 06:15:00,8678112,5217785,6,4,13.895898517789766,0,0.2314,0.1391,7.2e-05,1,0.17837355536338861,False,
2025-12-17 06:20:00,11708845,5510979,3,1,17.219825125283045,0,0.3122,0.147,2.3e-05,1,0.21630672331846873,False,
2025-12-17 06:25:00,9610950,6411008,1,4,16.021959580942884,0,0.2563,0.171,3.1e-05,1,0.2666347476428403,False,
2025-12-17 06:30:00,5644692,6379729,6,4,12.024421658363003,0,0.1505,0.1701,8.3e-05,1,0.07304029851690363,False,
2025-12-17 06:35:00,7538043,5704448,5,0,13.242491517244265,0,0.201,0.1521,3.8e-05,1,0.24895311630155048,False,
2025-12-17 06:40:00,9305968,7024523,0,1,16.330491944226925,0,0.2482,0.1873,6e-06,1,0.20949534371954037,False,
2025-12-17 06:45:00,8809271,7016261,1,1,15.825533003915025,0,0.2349,0.1871,1.3e-05,1,0.24729592639488857,False,
2025-12-17 06:50:00,8227450,5513678,4,2,13.741129378153108,0,0.2194,0.147,4.4e-05,1,0.25777468023859285,False,
2025-12-17 06:55:00,7267154,7298580,2,3,14.565734784445276,0,0.1938,0.1946,3.4e-05,1,0.24769407465444526,False,
2025-12-17 07:00:00,8880283,6191755,1,1,15.072038504820414,0,0.2368,0.1651,1.3e-05,1,0.2464128094336535,False,
2025-12-17 07:05:00,8911112,4856822,3,3,13.767935285398364,0,0.2376,0.1295,4.4e-05,1,0.24942388925401143,False,
2025-12-17 07:10:00,9043057,6434221,9,1,15.477278856067617,0,0.2411,0.1716,6.5e-05,1,0.20888420049444972,False,
2025-12-17 07:15:00,8957144,5464013,2,3,14.4211581116111,0,0.2389,0.1457,3.5e-05,1,0.2664940091709668,False,
2025-12-17 07:20:00,8726942,7395327,3,1,16.122270325256075,0,0.2327,0.1972,2.5e-05,1,0.2571304254728514,False,
2025-12-17 07:25:00,8549880,5298898,2,1,13.848778175969914,0,0.228,0.1413,2.2e-05,1,0.2532317824312126,False,
2025-12-17 07:30:00,10565932,3485998,5,2,14.051930483279666,0,0.2818,0.093,5e-05,1,0.17534615252491875,False,
2025-12-17 07:35:00,8888727,4083711,6,1,12.972439029305066,0,0.237,0.1089,5.4e-05,1,0.20810938186712086,False,
2025-12-17 07:40:00,7245795,4716872,2,0,11.962668399099703,0,0.1932,0.1258,1.7e-05,1,0.18530146339711157,False,
2025-12-17 07:45:00,8350921,5671497,3,2,14.022418796625107,0,0.2227,0.1512,3.6e-05,1,0.2668500045291095,False,
2025-12-17 07:50:00,6068012,5048735,3,2,11.116748333247015,0,0.1618,0.1346,4.5e-05,1,0.17868572173162534,False,
2025-12-17 07:55:00,8402218,4526029,1,1,12.928247738255388,0,0.2241,0.1207,1.5e-05,1,0.2005427643384508,False,
