timestamp,bytes_in,bytes_out,if_errors,utilization_pct,anomaly_flag
2024-01-01 00:00:00,69934283,58131019,3,7.77,0
2024-01-01 00:05:00,57291827,30000000,4,6.37,0
2024-01-01 00:10:00,73182197,55342933,2,8.13,0
2024-01-01 00:15:00,90974455,56433259,1,10.11,0
2024-01-01 00:20:00,56230204,36260071,2,6.25,0
2024-01-01 00:25:00,56743739,30000000,4,6.3,0
2024-01-01 00:30:00,93637489,34153360,2,10.4,0
2024-01-01 00:35:00,78141932,44679499,1,8.68,0
2024-01-01 00:40:00,54256651,35023051,4,6.03,0
2024-01-01 00:45:00,75462733,34025661,1,8.38,0
2024-01-01 00:50:00,56420604,30000000,3,6.27,0
2024-01-01 00:55:00,57563308,40152711,6,6.4,0
2024-01-01 01:00:00,73017047,49438773,0,8.11,0
2024-01-01 01:05:00,50000000,30000000,3,5.56,0
2024-01-01 01:10:00,50000000,37802017,3,5.56,0
2024-01-01 01:15:00,61491018,30000000,2,6.83,0
2024-01-01 01:20:00,54217148,30000000,0,6.02,0
2024-01-01 01:25:00,82603058,66040610,4,9.18,0
2024-01-01 01:30:00,60108430,36748279,6,6.68,0
2024-01-01 01:35:00,52079170,32510627,3,5.79,0
2024-01-01 01:40:00,111799106,90138929,3,12.42,0
2024-01-01 01:45:00,80235016,34147587,1,8.92,0
2024-01-01 01:50:00,88467964,61045082,1,9.83,0
2024-01-01 01:55:00,61090614,53294231,2,6.79,0
2024-01-01 02:00:00,81266248,45511169,2,9.03,0
2024-01-01 02:05:00,97039602,66820069,2,10.78,0
2024-01-01 02:10:00,74566181,34919513,2,8.29,0
2024-01-01 02:15:00,107961253,57909428,2,12.0,0
2024-01-01 02:20:00,91390735,58684105,4,10.15,0
2024-01-01 02:25:00,100619419,68357318,2,11.18,0
2024-01-01 02:30:00,97561066,69746004,0,10.84,0
2024-01-01 02:35:00,149873287,105620258,2,16.65,0
2024-01-01 02:40:00,115879389,68853167,2,12.88,0
2024-01-01 02:45:00,98404227,70978654,3,10.93,0
2024-01-01 02:50:00,139504337,80279554,2,15.5,0
2024-01-01 02:55:00,102215776,70350378,3,11.36,0
2024-01-01 03:00:00,134471644,82757874,2,14.94,0
2024-01-01 03:05:00,94843464,61362857,4,10.54,0
2024-01-01 03:10:00,111294629,71011856,1,12.37,0
2024-01-01 03:15:00,145694229,71369487,1,16.19,0
2024-01-01 03:20:00,160500305,85058964,1,17.83,0
2024-01-01 03:25:00,153205732,92948853,1,17.02,0
2024-01-01 03:30:00,151584291,74077784,2,16.84,0
2024-01-01 03:35:00,152063610,99550277,3,16.9,0
2024-01-01 03:40:00,132771215,88378288,7,14.75,0
2024-01-01 03:45:00,152266259,94631461,3,16.92,0
2024-01-01 03:50:00,161835318,85889851,2,17.98,0
2024-01-01 03:55:00,196636862,131783506,2,21.85,0
2024-01-01 04:00:00,186872365,132495525,2,20.76,0
2024-01-01 04:05:00,149301892,91051903,1,16.59,0
2024-01-01 04:10:00,195662012,122502561,1,21.74,0
2024-01-01 04:15:00,186149068,113706827,3,20.68,0
2024-01-01 04:20:00,185033177,116323598,3,20.56,0
2024-01-01 04:25:00,215574320,128149004,3,23.95,0
2024-01-01 04:30:00,228775966,136919937,2,25.42,0
2024-01-01 04:35:00,231640473,148041459,4,25.74,0
2024-01-01 04:40:00,201130815,144134730,2,22.35,0
2024-01-01 04:45:00,216670280,116001456,2,24.07,0
2024-01-01 04:50:00,234455876,139635401,2,26.05,0
2024-01-01 04:55:00,252351939,139606558,1,28.04,0
2024-01-01 05:00:00,228299944,152900215,2,25.37,0
2024-01-01 05:05:00,239242206,137667944,0,26.58,0
2024-01-01 05:10:00,225927793,121124667,3,25.1,0
2024-01-01 05:15:00,229254190,143934384,3,25.47,0
2024-01-01 05:20:00,274574953,182188083,3,30.51,0
2024-01-01 05:25:00,290615187,181005091,3,32.29,0
2024-01-01 05:30:00,267233511,162388085,1,29.69,0
2024-01-01 05:35:00,293942607,180456974,1,32.66,0
2024-01-01 05:40:00,286315342,185937611,2,31.81,0
2024-01-01 05:45:00,271400853,154098519,2,30.16,0
2024-01-01 05:50:00,296759259,176937084,0,32.97,0
2024-01-01 05:55:00,325525158,190788193,0,36.17,0
2024-01-01 06:00:00,299283479,167891434,0,33.25,0
2024-01-01 06:05:00,336528445,198633314,2,37.39,0
2024-01-01 06:10:00,258073750,165921461,1,28.67,0
2024-01-01 06:15:00,332134801,204946902,3,36.9,0
2024-01-01 06:20:00,322658319,200038096,1,35.85,0
2024-01-01 06:25:00,320147902,193553497,2,35.57,0
2024-01-01 06:30:00,333161501,205130138,3,37.02,0
2024-01-01 06:35:00,296758234,170049037,1,32.97,0
2024-01-01 06:40:00,337282124,199274176,4,37.48,0
2024-01-01 06:45:00,353963928,214298399,1,39.33,0
2024-01-01 06:50:00,381503388,231677191,2,42.39,0
2024-01-01 06:55:00,346679209,211209404,1,38.52,0
2024-01-01 07:00:00,345946698,206184666,4,38.44,0
2024-01-01 07:05:00,357123822,210500059,4,39.68,0
2024-01-01 07:10:00,390477434,265864173,0,43.39,0
2024-01-01 07:15:00,383720493,239300169,3,42.64,0
2024-01-01 07:20:00,371489630,227025252,1,41.28,0
2024-01-01 07:25:00,397250477,236018201,2,44.14,0
2024-01-01 07:30:00,393785574,231759156,0,43.75,0
2024-01-01 07:35:00,416032105,248311257,2,46.23,0
2024-01-01 07:40:00,387387320,235360680,3,43.04,0
2024-01-01 07:45:00,399596042,220953270,0,44.4,0
2024-01-01 07:50:00,402977504,226092606,4,44.78,0
2024-01-01 07:55:00,386167005,225331379,0,42.91,0
2024-01-01 08:00:00,425922405,257624837,6,47.32,0
2024-01-01 08:05:00,429726687,255443280,4,47.75,0
2024-01-01 08:10:00,429054175,272213717,7,47.67,0
2024-01-01 08:15:00,428645113,242363100,0,47.63,0
2024-01-01 08:20:00,409350929,238097103,2,45.48,0
2024-01-01 08:25:00,433501409,275301762,0,48.17,0
2024-01-01 08:30:00,439248452,264860264,1,48.81,0
2024-01-01 08:35:00,434176087,269354078,2,48.24,0
2024-01-01 08:40:00,451043312,291138456,2,50.12,0
2024-01-01 08:45:00,466324012,272856363,2,51.81,0
2024-01-01 08:50:00,499865367,298926077,1,55.54,0
2024-01-01 08:55:00,469454689,278948544,4,52.16,0
2024-01-01 09:00:00,474856635,265368051,2,52.76,0
2024-01-01 09:05:00,471878432,280023091,3,52.43,0
2024-01-01 09:10:00,438571136,271953303,2,48.73,0
2024-01-01 09:15:00,479911276,293352661,3,53.32,0
2024-01-01 09:20:00,485055270,297223994,1,53.9,0
2024-01-01 09:25:00,536437118,318107181,2,59.6,0
2024-01-01 09:30:00,486557582,285373577,5,54.06,0
2024-01-01 09:35:00,499577651,312439147,3,55.51,0
2024-01-01 09:40:00,495902255,292568181,2,55.1,0
2024-01-01 09:45:00,476179146,288648308,0,52.91,0
2024-01-01 09:50:00,525270403,316795588,1,58.36,0
2024-01-01 09:55:00,520217509,326747675,2,57.8,0
2024-01-01 10:00:00,523666735,323914165,4,58.19,0
2024-01-01 10:05:00,492226672,282383417,1,54.69,0
2024-01-01 10:10:00,540938486,312687560,5,60.1,0
2024-01-01 10:15:00,487212436,298116560,3,54.13,0
2024-01-01 10:20:00,529251010,316907229,2,58.81,0
2024-01-01 10:25:00,563483867,333538602,5,62.61,0
2024-01-01 10:30:00,501920361,311308495,3,55.77,0
2024-01-01 10:35:00,512355934,309288154,1,56.93,0
2024-01-01 10:40:00,527519256,317036127,2,58.61,0
2024-01-01 10:45:00,517193717,318114517,3,57.47,0
2024-01-01 10:50:00,497878799,294976189,0,55.32,0
2024-01-01 10:55:00,531783224,334755124,2,59.09,0
2024-01-01 11:00:00,510576124,298465198,3,56.73,0
2024-01-01 11:05:00,542593945,332125657,2,60.29,0
2024-01-01 11:10:00,515922557,323891862,0,57.32,0
2024-01-01 11:15:00,566387155,326059338,1,62.93,0
2024-01-01 11:20:00,520688794,308979925,1,57.85,0
2024-01-01 11:25:00,530765532,329881393,2,58.97,0
2024-01-01 11:30:00,554217111,344102712,2,61.58,0
2024-01-01 11:35:00,513956234,306658784,3,57.11,0
2024-01-01 11:40:00,543635926,318834844,4,60.4,0
2024-01-01 11:45:00,565628996,348936756,2,62.85,0
2024-01-01 11:50:00,507621908,316408636,0,56.4,0
2024-01-01 11:55:00,543635563,314534704,0,60.4,0
2024-01-01 12:00:00,545197655,315079457,3,60.58,0
2024-01-01 12:05:00,555579343,335600173,2,61.73,0
2024-01-01 12:10:00,515032558,315313141,1,57.23,0
2024-01-01 12:15:00,513077009,304855514,5,57.01,0
2024-01-01 12:20:00,549525558,336508273,1,61.06,0
2024-01-01 12:25:00,544513214,319606562,3,60.5,0
2024-01-01 12:30:00,542956623,304627038,4,60.33,0
2024-01-01 12:35:00,544135726,322242425,4,60.46,0
2024-01-01 12:40:00,522753366,314284341,6,58.08,0
2024-01-01 12:45:00,540033541,321261725,1,60.0,0
2024-01-01 12:50:00,540172491,312517462,4,60.02,0
2024-01-01 12:55:00,518835068,293144551,4,57.65,0
2024-01-01 13:00:00,569137688,336341725,1,63.24,0
2024-01-01 13:05:00,539888623,332909731,1,59.99,0
2024-01-01 13:10:00,505065998,315601573,3,56.12,0
2024-01-01 13:15:00,540394303,336113715,7,60.04,0
2024-01-01 13:20:00,506032595,295460461,7,56.23,0
2024-01-01 13:25:00,539423580,312117085,1,59.94,0
2024-01-01 13:30:00,544902999,331908145,2,60.54,0
2024-01-01 13:35:00,503261108,308307665,3,55.92,0
2024-01-01 13:40:00,536781391,326070530,2,59.64,0
2024-01-01 13:45:00,523505076,293962413,4,58.17,0
2024-01-01 13:50:00,529323803,308925436,3,58.81,0
2024-01-01 13:55:00,548350281,328713280,0,60.93,0
2024-01-01 14:00:00,502938334,306635182,1,55.88,0
2024-01-01 14:05:00,490104125,301735549,1,54.46,0
2024-01-01 14:10:00,484623658,292216730,4,53.85,0
2024-01-01 14:15:00,483236501,293249738,5,53.69,0
2024-01-01 14:20:00,495054456,297881328,2,55.01,0
2024-01-01 14:25:00,500369744,307078040,2,55.6,0
2024-01-01 14:30:00,495938617,300691827,6,55.1,0
2024-01-01 14:35:00,503715940,302886941,2,55.97,0
2024-01-01 14:40:00,484110704,287782734,3,53.79,0
2024-01-01 14:45:00,509512235,306520255,2,56.61,0
2024-01-01 14:50:00,471653424,287837968,5,52.41,0
2024-01-01 14:55:00,527770734,319337194,0,58.64,0
2024-01-01 15:00:00,482218974,293139648,0,53.58,0
2024-01-01 15:05:00,448819982,282719207,0,49.87,0
2024-01-01 15:10:00,440723799,267085919,1,48.97,0
2024-01-01 15:15:00,467892443,274245481,3,51.99,0
2024-01-01 15:20:00,449799770,278715930,1,49.98,0
2024-01-01 15:25:00,464501643,265039002,3,51.61,0
2024-01-01 15:30:00,455567495,262526363,1,50.62,0
2024-01-01 15:35:00,440457737,267633115,3,48.94,0
2024-01-01 15:40:00,420722470,257597448,1,46.75,0
2024-01-01 15:45:00,403039911,229373434,4,44.78,0
2024-01-01 15:50:00,420021606,248184789,1,46.67,0
2024-01-01 15:55:00,441633557,258919296,6,49.07,0
2024-01-01 16:00:00,424281874,249702361,6,47.14,0
2024-01-01 16:05:00,390522528,243749495,3,43.39,0
2024-01-01 16:10:00,414283285,255635026,1,46.03,0
2024-01-01 16:15:00,413855633,248122158,1,45.98,0
2024-01-01 16:20:00,383751234,224791121,2,42.64,0
2024-01-01 16:25:00,399733707,226343727,2,44.41,0
2024-01-01 16:30:00,393008198,250006768,0,43.67,0
2024-01-01 16:35:00,364125723,224396572,2,40.46,0
2024-01-01 16:40:00,389240581,226477657,1,43.25,0
2024-01-01 16:45:00,388361162,240212692,5,43.15,0
2024-01-01 16:50:00,393830416,235596013,1,43.76,0
2024-01-01 16:55:00,388235004,230069907,1,43.14,0
2024-01-01 17:00:00,334563183,205090025,2,37.17,0
2024-01-01 17:05:00,338288113,195557885,0,37.59,0
2024-01-01 17:10:00,362246212,213910162,1,40.25,0
2024-01-01 17:15:00,357097396,215473048,3,39.68,0
2024-01-01 17:20:00,351976516,206191397,0,39.11,0
2024-01-01 17:25:00,413564242,254829397,4,45.95,0
2024-01-01 17:30:00,342744096,224337122,1,38.08,0
2024-01-01 17:35:00,348839362,201760636,0,38.76,0
2024-01-01 17:40:00,339997413,187347195,4,37.78,0
2024-01-01 17:45:00,328724576,177217343,3,36.52,0
2024-01-01 17:50:00,304163268,180993279,1,33.8,0
2024-01-01 17:55:00,320414956,185617328,3,35.6,0
2024-01-01 18:00:00,284543495,172804702,2,31.62,0
2024-01-01 18:05:00,290028055,175342809,3,32.23,0
2024-01-01 18:10:00,279824076,151862277,1,31.09,0
2024-01-01 18:15:00,285940731,153415600,1,31.77,0
2024-01-01 18:20:00,325375793,198184808,2,36.15,0
2024-01-01 18:25:00,236526646,143270276,1,26.28,0
2024-01-01 18:30:00,282398917,165181170,6,31.38,0
2024-01-01 18:35:00,231236069,122170206,3,25.69,0
2024-01-01 18:40:00,248885800,154045392,5,27.65,0
2024-01-01 18:45:00,274957334,177693396,1,30.55,0
2024-01-01 18:50:00,249340093,152383880,1,27.7,0
2024-01-01 18:55:00,221400490,124365555,3,24.6,0
2024-01-01 19:00:00,223577354,134591934,0,24.84,0
2024-01-01 19:05:00,246432991,134198654,1,27.38,0
2024-01-01 19:10:00,213223275,138513572,0,23.69,0
2024-01-01 19:15:00,227183700,137128663,2,25.24,0
2024-01-01 19:20:00,218826602,113614392,2,24.31,0
2024-01-01 19:25:00,199982863,116982974,2,22.22,0
2024-01-01 19:30:00,251034858,155253929,1,27.89,0
2024-01-01 19:35:00,216019174,126281028,1,24.0,0
2024-01-01 19:40:00,158068765,92082302,1,17.56,0
2024-01-01 19:45:00,197579800,106303858,1,21.95,0
2024-01-01 19:50:00,175944603,111232171,1,19.55,0
2024-01-01 19:55:00,201611362,114482125,0,22.4,0
2024-01-01 20:00:00,164149585,76925297,2,18.24,0
2024-01-01 20:05:00,173199689,100207239,3,19.24,0
2024-01-01 20:10:00,181147839,118500200,2,20.13,0
2024-01-01 20:15:00,183978247,106517654,6,20.44,0
2024-01-01 20:20:00,138335727,100381286,2,15.37,0
2024-01-01 20:25:00,151395659,95127075,7,16.82,0
2024-01-01 20:30:00,144398350,90026592,0,16.04,0
2024-01-01 20:35:00,136711782,80743086,2,15.19,0
2024-01-01 20:40:00,181040058,107941173,2,20.12,0
2024-01-01 20:45:00,149856638,87279746,4,16.65,0
2024-01-01 20:50:00,112640671,64561708,2,12.52,0
2024-01-01 20:55:00,152394105,96745134,1,16.93,0
2024-01-01 21:00:00,172737496,94284185,1,19.19,0
2024-01-01 21:05:00,147281954,77610234,6,16.36,0
2024-01-01 21:10:00,92666039,44367673,3,10.3,0
2024-01-01 21:15:00,109873764,86380804,0,12.21,0
2024-01-01 21:20:00,141487556,90195962,2,15.72,0
2024-01-01 21:25:00,98674334,62249522,5,10.96,0
2024-01-01 21:30:00,118471586,60507805,1,13.16,0
2024-01-01 21:35:00,121945976,79401008,2,13.55,0
2024-01-01 21:40:00,84864899,49753226,0,9.43,0
2024-01-01 21:45:00,99256785,61695760,3,11.03,0
2024-01-01 21:50:00,50000000,30000000,1,5.56,0
2024-01-01 21:55:00,74333398,46202727,2,8.26,0
2024-01-01 22:00:00,87102540,48023188,2,9.68,0
2024-01-01 22:05:00,64629914,31121837,3,7.18,0
2024-01-01 22:10:00,119765626,79200439,3,13.31,0
2024-01-01 22:15:00,56147714,30000000,1,6.24,0
2024-01-01 22:20:00,73685241,49858907,1,8.19,0
2024-01-01 22:25:00,82940056,56608895,1,9.22,0
2024-01-01 22:30:00,107094377,55460190,0,11.9,0
2024-01-01 22:35:00,50000000,30000000,5,5.56,0
2024-01-01 22:40:00,97737046,56411970,2,10.86,0
2024-01-01 22:45:00,72941430,46585220,2,8.1,0
2024-01-01 22:50:00,51477758,30000000,2,5.72,0
2024-01-01 22:55:00,78830104,51633687,2,8.76,0
2024-01-01 23:00:00,72158995,60925193,1,8.02,0
2024-01-01 23:05:00,54873565,30000000,1,6.1,0
2024-01-01 23:10:00,67084999,30000000,1,7.45,0
2024-01-01 23:15:00,56905260,42402392,0,6.32,0
2024-01-01 23:20:00,65916486,56383037,4,7.32,0
2024-01-01 23:25:00,76035850,49549194,3,8.45,0
2024-01-01 23:30:00,93773569,45386655,2,10.42,0
2024-01-01 23:35:00,50000000,30000000,5,5.56,0
2024-01-01 23:40:00,103573939,50959129,4,11.51,0
2024-01-01 23:45:00,50000000,36428554,3,5.56,0
2024-01-01 23:50:00,57192724,30000000,3,6.35,0
2024-01-01 23:55:00,71823457,40092786,2,7.98,0
2024-01-02 00:00:00,65619837,30000000,1,7.29,0
2024-01-02 00:05:00,50000000,31268246,4,5.56,0
2024-01-02 00:10:00,56065981,30000000,3,6.23,0
2024-01-02 00:15:00,50653839,32159924,2,5.63,0
2024-01-02 00:20:00,50000000,30223505,5,5.56,0
2024-01-02 00:25:00,78418520,37184522,3,8.71,0
2024-01-02 00:30:00,69193542,47784896,1,7.69,0
2024-01-02 00:35:00,50000000,30000000,1,5.56,0
2024-01-02 00:40:00,81638136,39097591,3,9.07,0
2024-01-02 00:45:00,70757523,64863779,0,7.86,0
2024-01-02 00:50:00,81946200,53932022,4,9.11,0
2024-01-02 00:55:00,79470480,46149682,1,8.83,0
2024-01-02 01:00:00,51597901,45110786,1,5.73,0
2024-01-02 01:05:00,58384414,53448804,2,6.49,0
2024-01-02 01:10:00,86053803,50178788,3,9.56,0
2024-01-02 01:15:00,84944174,54440479,2,9.44,0
2024-01-02 01:20:00,74055739,34553415,2,8.23,0
2024-01-02 01:25:00,78664659,45726867,2,8.74,0
2024-01-02 01:30:00,103822210,60302700,1,11.54,0
2024-01-02 01:35:00,68493817,42944560,1,7.61,0
2024-01-02 01:40:00,93428078,59384452,3,10.38,0
2024-01-02 01:45:00,80706688,54022297,0,8.97,0
2024-01-02 01:50:00,82763775,52034692,2,9.2,0
2024-01-02 01:55:00,111561115,54829243,3,12.4,0
2024-01-02 02:00:00,108662230,55812666,4,12.07,0
2024-01-02 02:05:00,111091343,61190730,5,12.34,0
2024-01-02 02:10:00,123695629,71394971,0,13.74,0
2024-01-02 02:15:00,100867369,71028164,2,11.21,0
2024-01-02 02:20:00,117042568,58596151,2,13.0,0
2024-01-02 02:25:00,100247959,56574625,1,11.14,0
2024-01-02 02:30:00,116078525,79177210,0,12.9,0
2024-01-02 02:35:00,110224862,63136143,1,12.25,0
2024-01-02 02:40:00,118089252,75457708,3,13.12,0
2024-01-02 02:45:00,131461586,77481531,1,14.61,0
2024-01-02 02:50:00,106689025,66581247,2,11.85,0
2024-01-02 02:55:00,168480394,98803511,0,18.72,0
2024-01-02 03:00:00,110174024,72775069,2,12.24,0
2024-01-02 03:05:00,109753094,50401292,4,12.19,0
2024-01-02 03:10:00,161020567,92979220,1,17.89,0
2024-01-02 03:15:00,157590258,97519881,2,17.51,0
2024-01-02 03:20:00,158213370,100264974,2,17.58,0
2024-01-02 03:25:00,162345276,112336692,1,18.04,0
2024-01-02 03:30:00,153652321,88281146,4,17.07,0
2024-01-02 03:35:00,140140596,98879175,1,15.57,0
2024-01-02 03:40:00,163857746,91724409,1,18.21,0
2024-01-02 03:45:00,153119909,105158410,1,17.01,0
2024-01-02 03:50:00,190550488,122504964,3,21.17,0
2024-01-02 03:55:00,172553270,94397376,3,19.17,0
2024-01-02 04:00:00,163490056,101164426,3,18.17,0
2024-01-02 04:05:00,178134978,106368628,4,19.79,0
2024-01-02 04:10:00,197438961,124719223,2,21.94,0
2024-01-02 04:15:00,182576223,107313018,3,20.29,0
2024-01-02 04:20:00,182127209,106203863,0,20.24,0
2024-01-02 04:25:00,208214538,138619669,2,23.13,0
2024-01-02 04:30:00,213055307,126845975,1,23.67,0
2024-01-02 04:35:00,202876007,129989827,1,22.54,0
2024-01-02 04:40:00,208494399,122843124,0,23.17,0
2024-01-02 04:45:00,227495527,153163948,1,25.28,0
2024-01-02 04:50:00,198868921,112538006,2,22.1,0
2024-01-02 04:55:00,204691761,116673621,4,22.74,0
2024-01-02 05:00:00,223514544,149353898,5,24.83,0
2024-01-02 05:05:00,238686442,138762401,1,26.52,0
2024-01-02 05:10:00,254272643,168574329,2,28.25,0
2024-01-02 05:15:00,282685447,178529674,2,31.41,0
2024-01-02 05:20:00,275477629,163740080,2,30.61,0
2024-01-02 05:25:00,260291616,138042035,0,28.92,0
2024-01-02 05:30:00,268293389,160782850,3,29.81,0
2024-01-02 05:35:00,253821362,153309118,2,28.2,0
2024-01-02 05:40:00,278712359,178899592,1,30.97,0
2024-01-02 05:45:00,278530076,183002517,4,30.95,0
2024-01-02 05:50:00,295985718,170741559,0,32.89,0
2024-01-02 05:55:00,278219808,174943702,4,30.91,0
2024-01-02 06:00:00,310386930,193886179,4,34.49,0
2024-01-02 06:05:00,335890350,212268337,1,37.32,0
2024-01-02 06:10:00,308293449,189962969,1,34.25,0
2024-01-02 06:15:00,323730985,174813614,1,35.97,0
2024-01-02 06:20:00,334720258,199277930,4,37.19,0
2024-01-02 06:25:00,318103640,179305108,0,35.34,0
2024-01-02 06:30:00,335808135,199458823,2,37.31,0
2024-01-02 06:35:00,336761460,211856918,2,37.42,0
2024-01-02 06:40:00,343629084,209228959,2,38.18,0
2024-01-02 06:45:00,331361481,210297797,4,36.82,0
2024-01-02 06:50:00,352435710,214878965,4,39.16,0
2024-01-02 06:55:00,367004579,207219488,4,40.78,0
2024-01-02 07:00:00,391139442,209475195,2,43.46,0
2024-01-02 07:05:00,386344379,233294715,4,42.93,0
2024-01-02 07:10:00,415233041,247000559,3,46.14,0
2024-01-02 07:15:00,361798520,207309654,2,40.2,0
2024-01-02 07:20:00,399531247,222712475,4,44.39,0
2024-01-02 07:25:00,390651969,227043749,2,43.41,0
2024-01-02 07:30:00,435640082,259439134,2,48.4,0
2024-01-02 07:35:00,380493239,234954722,1,42.28,0
2024-01-02 07:40:00,384633945,232666678,2,42.74,0
2024-01-02 07:45:00,394161432,252577532,0,43.8,0
2024-01-02 07:50:00,368341752,210649011,2,40.93,0
2024-01-02 07:55:00,404922204,251763911,1,44.99,0
2024-01-02 08:00:00,404817346,243363395,1,44.98,0
2024-01-02 08:05:00,427513457,263454765,3,47.5,0
2024-01-02 08:10:00,435787025,257107066,3,48.42,0
2024-01-02 08:15:00,470860272,293232967,2,52.32,0
2024-01-02 08:20:00,456666821,276952340,3,50.74,0
2024-01-02 08:25:00,430376242,251431295,2,47.82,0
2024-01-02 08:30:00,428134449,256760429,2,47.57,0
2024-01-02 08:35:00,460060016,273640451,1,51.12,0
2024-01-02 08:40:00,427864362,261610400,2,47.54,0
2024-01-02 08:45:00,494872170,285125535,0,54.99,0
2024-01-02 08:50:00,485730452,291144754,1,53.97,0
2024-01-02 08:55:00,456579620,277900844,2,50.73,0
2024-01-02 09:00:00,435442936,261595995,1,48.38,0
2024-01-02 09:05:00,500444798,313736291,1,55.6,0
2024-01-02 09:10:00,474655763,292533686,3,52.74,0
2024-01-02 09:15:00,505197880,303043920,3,56.13,0
2024-01-02 09:20:00,451962113,273344158,3,50.22,0
2024-01-02 09:25:00,475184775,288067520,2,52.8,0
2024-01-02 09:30:00,490509675,298338801,4,54.5,0
2024-01-02 09:35:00,494486316,278435210,2,54.94,0
2024-01-02 09:40:00,487595181,289541845,2,54.18,0
2024-01-02 09:45:00,512009705,292361432,1,56.89,0
2024-01-02 09:50:00,481061538,301419732,1,53.45,0
2024-01-02 09:55:00,502331259,300790260,1,55.81,0
2024-01-02 10:00:00,510252009,304217796,1,56.69,0
2024-01-02 10:05:00,520703198,321389892,1,57.86,0
2024-01-02 10:10:00,527114897,320492186,3,58.57,0
2024-01-02 10:15:00,492756616,284367624,2,54.75,0
2024-01-02 10:20:00,486831585,291389897,0,54.09,0
2024-01-02 10:25:00,545228291,323785305,2,60.58,0
2024-01-02 10:30:00,528377368,299581091,1,58.71,0
2024-01-02 10:35:00,508712157,298324532,2,56.52,0
2024-01-02 10:40:00,556549268,332094157,2,61.84,0
2024-01-02 10:45:00,529576723,316596524,4,58.84,0
2024-01-02 10:50:00,552478011,316664492,5,61.39,0
2024-01-02 10:55:00,531762334,330574056,1,59.08,0
2024-01-02 11:00:00,573037156,342801263,0,63.67,0
2024-01-02 11:05:00,568228913,341312878,1,63.14,0
2024-01-02 11:10:00,529331758,321605471,4,58.81,0
2024-01-02 11:15:00,554819886,325011169,2,61.65,0
2024-01-02 11:20:00,549261379,334120387,1,61.03,0
2024-01-02 11:25:00,564579393,335076889,1,62.73,0
2024-01-02 11:30:00,518648297,302223123,4,57.63,0
2024-01-02 11:35:00,552294550,337111205,2,61.37,0
2024-01-02 11:40:00,560255217,351069868,1,62.25,0
2024-01-02 11:45:00,504311351,309835104,2,56.03,0
2024-01-02 11:50:00,516106402,318893617,2,57.35,0
2024-01-02 11:55:00,499158242,294288639,5,55.46,0
2024-01-02 12:00:00,534611863,304790920,3,59.4,0
2024-01-02 12:05:00,554293731,347477614,4,61.59,0
2024-01-02 12:10:00,569818714,362436377,1,63.31,0
2024-01-02 12:15:00,540968037,340008890,2,60.11,0
2024-01-02 12:20:00,571659038,339637563,2,63.52,0
2024-01-02 12:25:00,510971492,295036551,0,56.77,0
2024-01-02 12:30:00,503879117,291670643,1,55.99,0
2024-01-02 12:35:00,536095808,304820159,0,59.57,0
2024-01-02 12:40:00,544035169,325347315,3,60.45,0
2024-01-02 12:45:00,534734572,336897522,3,59.41,0
2024-01-02 12:50:00,492962199,294360693,1,54.77,0
2024-01-02 12:55:00,531339695,321827046,0,59.04,0
2024-01-02 13:00:00,505732808,317195654,1,56.19,0
2024-01-02 13:05:00,543805416,322242296,2,60.42,0
2024-01-02 13:10:00,536224033,342089734,1,59.58,0
2024-01-02 13:15:00,508465635,325000325,0,56.5,0
2024-01-02 13:20:00,515248890,307838220,2,57.25,0
2024-01-02 13:25:00,502497618,295723228,5,55.83,0
2024-01-02 13:30:00,520477505,319258883,0,57.83,0
2024-01-02 13:35:00,538777601,319791311,2,59.86,0
2024-01-02 13:40:00,497799347,287114056,3,55.31,0
2024-01-02 13:45:00,525330388,328010619,2,58.37,0
2024-01-02 13:50:00,502277447,313530942,2,55.81,0
2024-01-02 13:55:00,494556964,298289294,2,54.95,0
2024-01-02 14:00:00,505705489,290794646,2,56.19,0
2024-01-02 14:05:00,484474002,278389138,3,53.83,0
2024-01-02 14:10:00,491340960,295876869,1,54.59,0
2024-01-02 14:15:00,475595149,280358379,6,52.84,0
2024-01-02 14:20:00,535890993,318123666,2,59.54,0
2024-01-02 14:25:00,494251976,306770817,4,54.92,0
2024-01-02 14:30:00,476410291,293177968,1,52.93,0
2024-01-02 14:35:00,491451874,308652551,2,54.61,0
2024-01-02 14:40:00,481604105,279056230,1,53.51,0
2024-01-02 14:45:00,476022161,282181381,2,52.89,0
2024-01-02 14:50:00,489229894,301127753,1,54.36,0
2024-01-02 14:55:00,488517505,297591286,7,54.28,0
2024-01-02 15:00:00,459095604,290781166,2,51.01,0
2024-01-02 15:05:00,454446768,276873428,0,50.49,0
2024-01-02 15:10:00,456640615,292465460,1,50.74,0
2024-01-02 15:15:00,412204572,252722921,4,45.8,0
2024-01-02 15:20:00,423965205,265000797,3,47.11,0
2024-01-02 15:25:00,477559118,283300321,0,53.06,0
2024-01-02 15:30:00,479002097,287544130,1,53.22,0
2024-01-02 15:35:00,436933594,271269600,0,48.55,0
2024-01-02 15:40:00,449189483,285643472,3,49.91,0
2024-01-02 15:45:00,439561859,271029484,3,48.84,0
2024-01-02 15:50:00,490529522,293485995,2,54.5,0
2024-01-02 15:55:00,446897080,281911598,0,49.66,0
2024-01-02 16:00:00,417441648,228545202,2,46.38,0
2024-01-02 16:05:00,396326495,223573552,3,44.04,0
2024-01-02 16:10:00,378690740,234030786,1,42.08,0
2024-01-02 16:15:00,410218558,246272218,3,45.58,0
2024-01-02 16:20:00,386301367,237835957,4,42.92,0
2024-01-02 16:25:00,368214131,221572554,4,40.91,0
2024-01-02 16:30:00,378912566,233056996,3,42.1,0
2024-01-02 16:35:00,365354169,211068473,3,40.59,0
2024-01-02 16:40:00,415827667,255201461,1,46.2,0
2024-01-02 16:45:00,394778266,246811105,2,43.86,0
2024-01-02 16:50:00,372009939,235411469,1,41.33,0
2024-01-02 16:55:00,396757846,258190250,2,44.08,0
2024-01-02 17:00:00,363663936,220639346,4,40.41,0
2024-01-02 17:05:00,339818930,206630468,0,37.76,0
2024-01-02 17:10:00,382407988,214213068,2,42.49,0
2024-01-02 17:15:00,357599878,209245812,2,39.73,0
2024-01-02 17:20:00,320930639,190627562,3,35.66,0
2024-01-02 17:25:00,332702839,210124898,1,36.97,0
2024-01-02 17:30:00,313813921,182178341,1,34.87,0
2024-01-02 17:35:00,298472055,187046633,4,33.16,0
2024-01-02 17:40:00,339440929,203648340,5,37.72,0
2024-01-02 17:45:00,353885083,210559369,2,39.32,0
2024-01-02 17:50:00,282497301,171987320,1,31.39,0
2024-01-02 17:55:00,316494957,185985410,2,35.17,0
2024-01-02 18:00:00,286987148,167901916,3,31.89,0
2024-01-02 18:05:00,285021919,153965292,2,31.67,0
2024-01-02 18:10:00,277683468,164130539,4,30.85,0
2024-01-02 18:15:00,267023433,155414378,3,29.67,0
2024-01-02 18:20:00,280053054,162872022,3,31.12,0
2024-01-02 18:25:00,257252947,158520499,2,28.58,0
2024-01-02 18:30:00,274082850,171036029,4,30.45,0
2024-01-02 18:35:00,262485625,159813320,4,29.17,0
2024-01-02 18:40:00,253545476,162081437,2,28.17,0
2024-01-02 18:45:00,235027049,146771848,2,26.11,0
2024-01-02 18:50:00,236519066,138960877,0,26.28,0
2024-01-02 18:55:00,258063210,150209363,1,28.67,0
2024-01-02 19:00:00,247901772,151869286,2,27.54,0
2024-01-02 19:05:00,213289931,133711630,1,23.7,0
2024-01-02 19:10:00,229817254,151868795,4,25.54,0
2024-01-02 19:15:00,237882270,154641092,0,26.43,0
2024-01-02 19:20:00,184527059,105301505,2,20.5,0
2024-01-02 19:25:00,223882074,133309181,2,24.88,0
2024-01-02 19:30:00,194903501,123652278,4,21.66,0
2024-01-02 19:35:00,214752767,139531638,1,23.86,0
2024-01-02 19:40:00,183306434,119373555,4,20.37,0
2024-01-02 19:45:00,157753072,94013065,2,17.53,0
2024-01-02 19:50:00,156629484,81437463,3,17.4,0
2024-01-02 19:55:00,185524394,101325272,2,20.61,0
2024-01-02 20:00:00,185194450,113843005,1,20.58,0
2024-01-02 20:05:00,157408085,97867107,1,17.49,0
2024-01-02 20:10:00,183819943,99305172,4,20.42,0
2024-01-02 20:15:00,133432742,80505341,2,14.83,0
2024-01-02 20:20:00,161020059,102924279,1,17.89,0
2024-01-02 20:25:00,133865360,68806949,3,14.87,0
2024-01-02 20:30:00,140860534,95566292,3,15.65,0
2024-01-02 20:35:00,150726340,86660492,0,16.75,0
2024-01-02 20:40:00,128522706,89689754,5,14.28,0
2024-01-02 20:45:00,134065893,75105011,0,14.9,0
2024-01-02 20:50:00,157984206,84524268,5,17.55,0
2024-01-02 20:55:00,122499029,68918047,1,13.61,0
2024-01-02 21:00:00,147008214,87253447,2,16.33,0
2024-01-02 21:05:00,104038512,58538308,4,11.56,0
2024-01-02 21:10:00,133649522,78029699,1,14.85,0
2024-01-02 21:15:00,148389818,92373542,1,16.49,0
2024-01-02 21:20:00,66716443,38318072,2,7.41,0
2024-01-02 21:25:00,96889818,57472767,5,10.77,0
2024-01-02 21:30:00,121136640,55589720,3,13.46,0
2024-01-02 21:35:00,102392387,65352412,4,11.38,0
2024-01-02 21:40:00,110826426,65603823,1,12.31,0
2024-01-02 21:45:00,88367589,69123483,1,9.82,0
2024-01-02 21:50:00,99317848,50195057,6,11.04,0
2024-01-02 21:55:00,91707606,36941610,1,10.19,0
2024-01-02 22:00:00,115509544,75486411,1,12.83,0
2024-01-02 22:05:00,94673995,60269667,2,10.52,0
2024-01-02 22:10:00,93869453,46237341,2,10.43,0
2024-01-02 22:15:00,76513002,30610312,2,8.5,0
2024-01-02 22:20:00,72734006,59014371,1,8.08,0
2024-01-02 22:25:00,71674081,57145552,6,7.96,0
2024-01-02 22:30:00,86157955,30000000,2,9.57,0
2024-01-02 22:35:00,67898421,36156822,1,7.54,0
2024-01-02 22:40:00,80269268,64803481,1,8.92,0
2024-01-02 22:45:00,114244784,63786245,4,12.69,0
2024-01-02 22:50:00,88530425,48212133,2,9.84,0
2024-01-02 22:55:00,63067564,35012945,1,7.01,0
2024-01-02 23:00:00,92202080,44112278,0,10.24,0
2024-01-02 23:05:00,58716395,30000000,1,6.52,0
2024-01-02 23:10:00,50000000,40525473,1,5.56,0
2024-01-02 23:15:00,50000000,30000000,2,5.56,0
2024-01-02 23:20:00,50000000,32472714,4,5.56,0
2024-01-02 23:25:00,55762967,42323575,1,6.2,0
2024-01-02 23:30:00,62421600,30000000,3,6.94,0
2024-01-02 23:35:00,94955225,47730451,2,10.55,0
2024-01-02 23:40:00,67451819,52602883,2,7.49,0
2024-01-02 23:45:00,56131847,39008025,4,6.24,0
2024-01-02 23:50:00,76816538,39917065,1,8.54,0
2024-01-02 23:55:00,50000000,42022490,1,5.56,0
2024-01-03 00:00:00,64712291,50892731,2,7.19,0
2024-01-03 00:05:00,75474417,47975177,2,8.39,0
2024-01-03 00:10:00,50000000,30000000,3,5.56,0
2024-01-03 00:15:00,83388939,45898876,1,9.27,0
2024-01-03 00:20:00,67683200,43473787,3,7.52,0
2024-01-03 00:25:00,53120720,30000000,1,5.9,0
2024-01-03 00:30:00,74708870,54214894,1,8.3,0
2024-01-03 00:35:00,108207094,49626515,3,12.02,0
2024-01-03 00:40:00,67283464,30000000,2,7.48,0
2024-01-03 00:45:00,69575944,43554277,5,7.73,0
2024-01-03 00:50:00,56501740,30000000,0,6.28,0
2024-01-03 00:55:00,50000000,30000000,6,5.56,0
2024-01-03 01:00:00,84784518,33190143,1,9.42,0
2024-01-03 01:05:00,52466358,31675273,2,5.83,0
2024-01-03 01:10:00,72539256,42996002,4,8.06,0
2024-01-03 01:15:00,63183619,44444961,3,7.02,0
2024-01-03 01:20:00,84053367,51121081,3,9.34,0
2024-01-03 01:25:00,82991353,48468771,1,9.22,0
2024-01-03 01:30:00,99019711,71181833,2,11.0,0
2024-01-03 01:35:00,70124917,30000000,4,7.79,0
2024-01-03 01:40:00,77088632,51617071,0,8.57,0
2024-01-03 01:45:00,65175267,30000000,2,7.24,0
2024-01-03 01:50:00,78231534,38555302,2,8.69,0
2024-01-03 01:55:00,97131588,46152381,1,10.79,0
2024-01-03 02:00:00,107293675,72195630,1,11.92,0
2024-01-03 02:05:00,76377844,45172604,4,8.49,0
2024-01-03 02:10:00,114978171,68851870,3,12.78,0
2024-01-03 02:15:00,127560050,65468700,4,14.17,0
2024-01-03 02:20:00,111672207,64006389,2,12.41,0
2024-01-03 02:25:00,143989211,78758873,3,16.0,0
2024-01-03 02:30:00,94119414,60306198,2,10.46,0
2024-01-03 02:35:00,87934629,42849866,3,9.77,0
2024-01-03 02:40:00,80574928,61642900,3,8.95,0
2024-01-03 02:45:00,149479332,72931794,0,16.61,0
2024-01-03 02:50:00,136140752,73619253,1,15.13,0
2024-01-03 02:55:00,125520955,92084578,3,13.95,0
2024-01-03 03:00:00,135893745,77184859,2,15.1,0
2024-01-03 03:05:00,111527085,53767464,1,12.39,0
2024-01-03 03:10:00,186773389,114254749,1,20.75,0
2024-01-03 03:15:00,144341428,81850934,1,16.04,0
2024-01-03 03:20:00,147918869,80392619,2,16.44,0
2024-01-03 03:25:00,164293699,87617511,3,18.25,0
2024-01-03 03:30:00,163517441,125794201,1,18.17,0
2024-01-03 03:35:00,162563364,95022499,0,18.06,0
2024-01-03 03:40:00,146532166,68663626,1,16.28,0
2024-01-03 03:45:00,176092511,120592604,1,19.57,0
2024-01-03 03:50:00,208688583,131323859,1,23.19,0
2024-01-03 03:55:00,202402818,113777027,2,22.49,0
2024-01-03 04:00:00,211863732,117787048,1,23.54,0
2024-01-03 04:05:00,174338381,111337757,3,19.37,0
2024-01-03 04:10:00,169388236,99163758,0,18.82,0
2024-01-03 04:15:00,191334975,95541207,7,21.26,0
2024-01-03 04:20:00,199686115,137684068,2,22.19,0
2024-01-03 04:25:00,225224624,130794870,1,25.02,0
2024-01-03 04:30:00,174306683,119539727,3,19.37,0
2024-01-03 04:35:00,243605877,158947875,1,27.07,0
2024-01-03 04:40:00,214755007,118842909,2,23.86,0
2024-01-03 04:45:00,214316906,138922042,0,23.81,0
2024-01-03 04:50:00,207588520,118038686,3,23.07,0
2024-01-03 04:55:00,199743903,101179336,2,22.19,0
2024-01-03 05:00:00,254346840,148362122,4,28.26,0
2024-01-03 05:05:00,244421745,150629422,0,27.16,0
2024-01-03 05:10:00,222255274,128725798,3,24.7,0
2024-01-03 05:15:00,227276747,133295564,1,25.25,0
2024-01-03 05:20:00,251608743,162400906,2,27.96,0
2024-01-03 05:25:00,296870817,179187430,1,32.99,0
2024-01-03 05:30:00,263481886,149656148,2,29.28,0
2024-01-03 05:35:00,243809090,153305757,3,27.09,0
2024-01-03 05:40:00,274167760,166477411,3,30.46,0
2024-01-03 05:45:00,278848777,142093218,4,30.98,0
2024-01-03 05:50:00,235593614,145639697,1,26.18,0
2024-01-03 05:55:00,293678530,180125405,2,32.63,0
2024-01-03 06:00:00,295381309,177429996,2,32.82,0
2024-01-03 06:05:00,319159699,200412825,2,35.46,0
2024-01-03 06:10:00,347447774,201744729,1,38.61,0
2024-01-03 06:15:00,338228051,206301828,3,37.58,0
2024-01-03 06:20:00,315539604,173654168,2,35.06,0
2024-01-03 06:25:00,303997531,186469422,3,33.78,0
2024-01-03 06:30:00,382793482,249206686,1,42.53,0
2024-01-03 06:35:00,337693981,192667825,0,37.52,0
2024-01-03 06:40:00,341954148,197574467,1,37.99,0
2024-01-03 06:45:00,346339175,200703350,0,38.48,0
2024-01-03 06:50:00,355907202,214844303,3,39.55,0
2024-01-03 06:55:00,354157405,201864080,3,39.35,0
2024-01-03 07:00:00,350643330,214598472,1,38.96,0
2024-01-03 07:05:00,356221784,222201470,1,39.58,0
2024-01-03 07:10:00,371514326,228252068,1,41.28,0
2024-01-03 07:15:00,366276976,202082031,1,40.7,0
2024-01-03 07:20:00,367827918,230648427,2,40.87,0
2024-01-03 07:25:00,389113733,242841914,0,43.23,0
2024-01-03 07:30:00,386744479,240348301,1,42.97,0
2024-01-03 07:35:00,426739065,259771861,4,47.42,0
2024-01-03 07:40:00,348408986,211247285,1,38.71,0
2024-01-03 07:45:00,427979422,267111547,4,47.55,0
2024-01-03 07:50:00,435741371,280679957,1,48.42,0
2024-01-03 07:55:00,373969499,214851295,1,41.55,0
2024-01-03 08:00:00,413146248,258669002,1,45.91,0
2024-01-03 08:05:00,417076764,249383887,1,46.34,0
2024-01-03 08:10:00,400801672,239184272,1,44.53,0
2024-01-03 08:15:00,417780522,235303006,0,46.42,0
2024-01-03 08:20:00,415446827,246420202,2,46.16,0
2024-01-03 08:25:00,476959724,276203185,0,53.0,0
2024-01-03 08:30:00,464816310,274251242,3,51.65,0
2024-01-03 08:35:00,475652735,274409777,1,52.85,0
2024-01-03 08:40:00,468702467,276732396,4,52.08,0
2024-01-03 08:45:00,435661960,257336072,1,48.41,0
2024-01-03 08:50:00,451651244,271958295,2,50.18,0
2024-01-03 08:55:00,475750624,269302876,4,52.86,0
2024-01-03 09:00:00,445263071,252702661,0,49.47,0
2024-01-03 09:05:00,487627319,296195534,2,54.18,0
2024-01-03 09:10:00,472140052,275309650,2,52.46,0
2024-01-03 09:15:00,472945137,294512380,1,52.55,0
2024-01-03 09:20:00,498069865,301094616,3,55.34,0
2024-01-03 09:25:00,496057542,303702146,3,55.12,0
2024-01-03 09:30:00,483185478,304018210,2,53.69,0
2024-01-03 09:35:00,516733301,306942872,4,57.41,0
2024-01-03 09:40:00,474975224,279240267,1,52.78,0
2024-01-03 09:45:00,511871419,315839877,2,56.87,0
2024-01-03 09:50:00,514275972,313660718,4,57.14,0
2024-01-03 09:55:00,498987920,297519449,1,55.44,0
2024-01-03 10:00:00,514368757,322535834,2,57.15,0
2024-01-03 10:05:00,485392149,289112846,0,53.93,0
2024-01-03 10:10:00,531363140,319145620,0,59.04,0
2024-01-03 10:15:00,511551415,307143075,2,56.84,0
2024-01-03 10:20:00,507059408,294889706,3,56.34,0
2024-01-03 10:25:00,540654939,325168817,0,60.07,0
2024-01-03 10:30:00,507644213,318554130,5,56.4,0
2024-01-03 10:35:00,495512662,301757280,1,55.06,0
2024-01-03 10:40:00,494393645,296946821,5,54.93,0
2024-01-03 10:45:00,539383430,322012385,2,59.93,0
2024-01-03 10:50:00,503283481,305278758,5,55.92,0
2024-01-03 10:55:00,565507848,346802375,2,62.83,0
2024-01-03 11:00:00,490183610,300202554,2,54.46,0
2024-01-03 11:05:00,567051224,336912085,5,63.01,0
2024-01-03 11:10:00,538531391,326366650,0,59.84,0
2024-01-03 11:15:00,533454205,324871920,4,59.27,0
2024-01-03 11:20:00,525455478,305201337,2,58.38,0
2024-01-03 11:25:00,545189484,328795996,4,60.58,0
2024-01-03 11:30:00,537194072,300703404,1,59.69,0
2024-01-03 11:35:00,560639558,341209072,4,62.29,0
2024-01-03 11:40:00,541371280,331426198,3,60.15,0
2024-01-03 11:45:00,542492176,332970767,6,60.28,0
2024-01-03 11:50:00,532499328,315549128,1,59.17,0
2024-01-03 11:55:00,538803974,326372852,2,59.87,0
2024-01-03 12:00:00,546156035,341933159,1,60.68,0
2024-01-03 12:05:00,505739518,317581407,1,56.19,0
2024-01-03 12:10:00,512807864,307392991,3,56.98,0
2024-01-03 12:15:00,554351423,334004050,3,61.59,0
2024-01-03 12:20:00,542504036,336611533,1,60.28,0
2024-01-03 12:25:00,534893854,305928292,2,59.43,0
2024-01-03 12:30:00,538315445,319758509,3,59.81,0
2024-01-03 12:35:00,544158396,339850742,5,60.46,0
2024-01-03 12:40:00,525558667,325087205,0,58.4,0
2024-01-03 12:45:00,519822372,315586061,1,57.76,0
2024-01-03 12:50:00,538227946,307878444,2,59.8,0
2024-01-03 12:55:00,513554641,307633682,5,57.06,0
2024-01-03 13:00:00,539987253,318093198,2,60.0,0
2024-01-03 13:05:00,496360292,301126564,1,55.15,0
2024-01-03 13:10:00,549475180,321591641,3,61.05,0
2024-01-03 13:15:00,536715180,311771874,1,59.64,0
2024-01-03 13:20:00,530646823,297739441,0,58.96,0
2024-01-03 13:25:00,543335708,338219471,2,60.37,0
2024-01-03 13:30:00,555040576,329026640,2,61.67,0
2024-01-03 13:35:00,539962156,325548751,2,60.0,0
2024-01-03 13:40:00,480696384,288395449,1,53.41,0
2024-01-03 13:45:00,489657918,283120411,2,54.41,0
2024-01-03 13:50:00,500386228,287641087,3,55.6,0
2024-01-03 13:55:00,510936242,296508594,4,56.77,0
2024-01-03 14:00:00,518199277,303687882,1,57.58,0
2024-01-03 14:05:00,490663972,298064446,0,54.52,0
2024-01-03 14:10:00,506149282,295732392,3,56.24,0
2024-01-03 14:15:00,484445048,308131935,2,53.83,0
2024-01-03 14:20:00,484366134,300891191,1,53.82,0
2024-01-03 14:25:00,465413483,287331685,1,51.71,0
2024-01-03 14:30:00,471940136,281967493,0,52.44,0
2024-01-03 14:35:00,460138583,291225957,3,51.13,0
2024-01-03 14:40:00,464333201,276419864,4,51.59,0
2024-01-03 14:45:00,501514389,300596019,2,55.72,0
2024-01-03 14:50:00,457958583,276474895,2,50.88,0
2024-01-03 14:55:00,526014992,322627225,2,58.45,0
2024-01-03 15:00:00,479571985,294112272,4,53.29,0
2024-01-03 15:05:00,469659855,277044660,3,52.18,0
2024-01-03 15:10:00,444974494,261654759,2,49.44,0
2024-01-03 15:15:00,472249193,289748545,1,52.47,0
2024-01-03 15:20:00,442756269,272806127,0,49.2,0
2024-01-03 15:25:00,452661829,267663586,1,50.3,0
2024-01-03 15:30:00,497304433,282510779,2,55.26,0
2024-01-03 15:35:00,439993117,261922709,2,48.89,0
2024-01-03 15:40:00,460643811,282621544,3,51.18,0
2024-01-03 15:45:00,419273327,269618164,1,46.59,0
2024-01-03 15:50:00,428252136,244971702,0,47.58,0
2024-01-03 15:55:00,459921594,271687244,1,51.1,0
2024-01-03 16:00:00,407460658,240582359,3,45.27,0
2024-01-03 16:05:00,451686275,284569818,4,50.19,0
2024-01-03 16:10:00,424974705,254635408,0,47.22,0
2024-01-03 16:15:00,394899950,227866704,3,43.88,0
2024-01-03 16:20:00,414076537,254032875,8,46.01,0
2024-01-03 16:25:00,416110294,245619791,1,46.23,0
2024-01-03 16:30:00,404280223,230324261,1,44.92,0
2024-01-03 16:35:00,355580634,204420647,1,39.51,0
2024-01-03 16:40:00,367542090,237865674,1,40.84,0
2024-01-03 16:45:00,372195098,227159151,1,41.36,0
2024-01-03 16:50:00,370680723,223486034,6,41.19,0
2024-01-03 16:55:00,379572405,225244505,2,42.17,0
2024-01-03 17:00:00,365670590,222323842,3,40.63,0
2024-01-03 17:05:00,330337726,201004995,3,36.7,0
2024-01-03 17:10:00,359549464,218651366,5,39.95,0
2024-01-03 17:15:00,359033392,216568486,2,39.89,0
2024-01-03 17:20:00,352871371,220410806,1,39.21,0
2024-01-03 17:25:00,358125227,215106179,1,39.79,0
2024-01-03 17:30:00,348004729,199023449,2,38.67,0
2024-01-03 17:35:00,335311651,195062762,2,37.26,0
2024-01-03 17:40:00,319514064,171918251,1,35.5,0
2024-01-03 17:45:00,282477532,189754690,0,31.39,0
2024-01-03 17:50:00,319061017,200064156,0,35.45,0
2024-01-03 17:55:00,309389326,177332890,1,34.38,0
2024-01-03 18:00:00,305431576,180440497,2,33.94,0
2024-01-03 18:05:00,269229456,155168908,0,29.91,0
2024-01-03 18:10:00,267910216,176171601,2,29.77,0
2024-01-03 18:15:00,305366306,169021011,1,33.93,0
2024-01-03 18:20:00,278291518,168119671,1,30.92,0
2024-01-03 18:25:00,287501963,171415899,2,31.94,0
2024-01-03 18:30:00,269240081,169812435,3,29.92,0
2024-01-03 18:35:00,264085510,157411213,3,29.34,0
2024-01-03 18:40:00,277090113,148671979,0,30.79,0
2024-01-03 18:45:00,242857428,143203278,4,26.98,0
2024-01-03 18:50:00,249976908,140264522,2,27.78,0
2024-01-03 18:55:00,233709880,141021723,3,25.97,0
2024-01-03 19:00:00,229193504,151857873,2,25.47,0
2024-01-03 19:05:00,226657594,118600304,3,25.18,0
2024-01-03 19:10:00,232273283,131361742,3,25.81,0
2024-01-03 19:15:00,213279555,122440803,0,23.7,0
2024-01-03 19:20:00,243030288,142001861,0,27.0,0
2024-01-03 19:25:00,195122724,124474891,1,21.68,0
2024-01-03 19:30:00,204418543,120915681,3,22.71,0
2024-01-03 19:35:00,194546173,120885731,2,21.62,0
2024-01-03 19:40:00,227511174,130248974,3,25.28,0
2024-01-03 19:45:00,197781809,120968329,0,21.98,0
2024-01-03 19:50:00,209817223,133668310,4,23.31,0
2024-01-03 19:55:00,154851487,85587897,1,17.21,0
2024-01-03 20:00:00,185341005,119018184,1,20.59,0
2024-01-03 20:05:00,193287033,116495948,5,21.48,0
2024-01-03 20:10:00,172693773,114070866,4,19.19,0
2024-01-03 20:15:00,187972751,110769451,0,20.89,0
2024-01-03 20:20:00,151995886,95009978,2,16.89,0
2024-01-03 20:25:00,186272633,111357517,3,20.7,0
2024-01-03 20:30:00,199875219,118963009,1,22.21,0
2024-01-03 20:35:00,142521595,88102261,1,15.84,0
2024-01-03 20:40:00,136820923,87460628,3,15.2,0
2024-01-03 20:45:00,170824693,89999167,3,18.98,0
2024-01-03 20:50:00,169449793,116006211,2,18.83,0
2024-01-03 20:55:00,123579666,55551169,0,13.73,0
2024-01-03 21:00:00,121890636,66286260,3,13.54,0
2024-01-03 21:05:00,120996956,71655483,0,13.44,0
2024-01-03 21:10:00,96164428,61822217,1,10.68,0
2024-01-03 21:15:00,101185407,76472969,4,11.24,0
2024-01-03 21:20:00,96066518,39056996,2,10.67,0
2024-01-03 21:25:00,97471772,53406122,3,10.83,0
2024-01-03 21:30:00,108901500,44072565,0,12.1,0
2024-01-03 21:35:00,111137589,66998773,1,12.35,0
2024-01-03 21:40:00,134413519,83364947,3,14.93,0
2024-01-03 21:45:00,80480212,64196084,1,8.94,0
2024-01-03 21:50:00,117272500,71569848,0,13.03,0
2024-01-03 21:55:00,90541374,64765075,1,10.06,0
2024-01-03 22:00:00,91164628,60537148,2,10.13,0
2024-01-03 22:05:00,103081968,57496699,2,11.45,0
2024-01-03 22:10:00,64662959,30000000,3,7.18,0
2024-01-03 22:15:00,92398736,58189265,3,10.27,0
2024-01-03 22:20:00,85815175,36568084,3,9.54,0
2024-01-03 22:25:00,90174270,67056632,3,10.02,0
2024-01-03 22:30:00,84052285,48810750,3,9.34,0
2024-01-03 22:35:00,125424114,87206242,3,13.94,0
2024-01-03 22:40:00,61718971,32229238,3,6.86,0
2024-01-03 22:45:00,62116829,39958605,1,6.9,0
2024-01-03 22:50:00,58645121,37280561,2,6.52,0
2024-01-03 22:55:00,58478492,34636654,3,6.5,0
2024-01-03 23:00:00,55430059,30000000,0,6.16,0
2024-01-03 23:05:00,90658233,58319500,1,10.07,0
2024-01-03 23:10:00,94099043,47197793,1,10.46,0
2024-01-03 23:15:00,53196606,30000000,3,5.91,0
2024-01-03 23:20:00,50000000,42428268,2,5.56,0
2024-01-03 23:25:00,72221548,50604609,3,8.02,0
2024-01-03 23:30:00,51008772,31264179,1,5.67,0
2024-01-03 23:35:00,74085115,61102492,3,8.23,0
2024-01-03 23:40:00,64971732,36305384,0,7.22,0
2024-01-03 23:45:00,50000000,43227032,1,5.56,0
2024-01-03 23:50:00,91178530,56462859,1,10.13,0
2024-01-03 23:55:00,95974666,47337292,1,10.66,0
2024-01-04 00:00:00,50000000,48480401,1,5.56,0
2024-01-04 00:05:00,52303082,41288957,2,5.81,0
2024-01-04 00:10:00,65945734,38357230,0,7.33,0
2024-01-04 00:15:00,67202994,47593509,5,7.47,0
2024-01-04 00:20:00,74084157,40413460,2,8.23,0
2024-01-04 00:25:00,101630569,69269832,1,11.29,0
2024-01-04 00:30:00,58514288,30000000,3,6.5,0
2024-01-04 00:35:00,50000000,30000000,3,5.56,0
2024-01-04 00:40:00,50000000,39792597,4,5.56,0
2024-01-04 00:45:00,50000000,30000000,1,5.56,0
2024-01-04 00:50:00,65026418,41091274,4,7.23,0
2024-01-04 00:55:00,102769060,48193579,2,11.42,0
2024-01-04 01:00:00,57825575,53174015,1,6.43,0
2024-01-04 01:05:00,74063793,56343572,3,8.23,0
2024-01-04 01:10:00,70779473,40460832,6,7.86,0
2024-01-04 01:15:00,96504634,53855822,4,10.72,0
2024-01-04 01:20:00,125012419,85303495,2,13.89,0
2024-01-04 01:25:00,65700735,59245146,0,7.3,0
2024-01-04 01:30:00,68480123,50625676,3,7.61,0
2024-01-04 01:35:00,101208462,82443104,2,11.25,0
2024-01-04 01:40:00,96123960,48450863,2,10.68,0
2024-01-04 01:45:00,121684688,64816944,3,13.52,0
2024-01-04 01:50:00,98795963,47388167,1,10.98,0
2024-01-04 01:55:00,82399736,53857448,1,9.16,0
2024-01-04 02:00:00,103966999,64136235,1,11.55,0
2024-01-04 02:05:00,116995222,68677622,4,13.0,0
2024-01-04 02:10:00,113995696,76490004,1,12.67,0
2024-01-04 02:15:00,110592773,78678950,3,12.29,0
2024-01-04 02:20:00,124737003,59585577,4,13.86,0
2024-01-04 02:25:00,129839206,71933803,1,14.43,0
2024-01-04 02:30:00,137238378,90544462,2,15.25,0
2024-01-04 02:35:00,125801921,70803766,1,13.98,0
2024-01-04 02:40:00,112806972,59702122,2,12.53,0
2024-01-04 02:45:00,122492719,83681006,1,13.61,0
2024-01-04 02:50:00,147183618,75415170,2,16.35,0
2024-01-04 02:55:00,110293935,63160563,3,12.25,0
2024-01-04 03:00:00,137667838,85887143,0,15.3,0
2024-01-04 03:05:00,126170090,69963855,1,14.02,0
2024-01-04 03:10:00,138433246,90891504,0,15.38,0
2024-01-04 03:15:00,167326041,94706855,4,18.59,0
2024-01-04 03:20:00,149552955,103817967,3,16.62,0
2024-01-04 03:25:00,150707097,89166795,1,16.75,0
2024-01-04 03:30:00,126700134,82732781,2,14.08,0
2024-01-04 03:35:00,173010755,111266692,1,19.22,0
2024-01-04 03:40:00,175251338,98875403,2,19.47,0
2024-01-04 03:45:00,209928238,105422077,6,23.33,0
2024-01-04 03:50:00,164892529,102543075,6,18.32,0
2024-01-04 03:55:00,179877424,108649338,2,19.99,0
2024-01-04 04:00:00,184987673,116550864,2,20.55,0
2024-01-04 04:05:00,216111761,127401781,3,24.01,0
2024-01-04 04:10:00,187274422,108060376,2,20.81,0
2024-01-04 04:15:00,199431144,139743417,0,22.16,0
2024-01-04 04:20:00,210729547,111714187,2,23.41,0
2024-01-04 04:25:00,207072976,131583290,2,23.01,0
2024-01-04 04:30:00,199227303,113790363,2,22.14,0
2024-01-04 04:35:00,216896670,126780216,4,24.1,0
2024-01-04 04:40:00,239387800,140461652,4,26.6,0
2024-01-04 04:45:00,202324222,113360190,2,22.48,0
2024-01-04 04:50:00,230490001,144006243,0,25.61,0
2024-01-04 04:55:00,218838620,145209608,2,24.32,0
2024-01-04 05:00:00,261784361,161770753,0,29.09,0
2024-01-04 05:05:00,212491647,128528808,3,23.61,0
2024-01-04 05:10:00,236876055,132261228,2,26.32,0
2024-01-04 05:15:00,260722560,161601788,1,28.97,0
2024-01-04 05:20:00,289634917,195344447,2,32.18,0
2024-01-04 05:25:00,262175382,153498283,3,29.13,0
2024-01-04 05:30:00,257569723,150781998,3,28.62,0
2024-01-04 05:35:00,311495091,181286163,3,34.61,0
2024-01-04 05:40:00,250122343,145179263,1,27.79,0
2024-01-04 05:45:00,240327129,116743282,2,26.7,0
2024-01-04 05:50:00,298331636,183049335,1,33.15,0
2024-01-04 05:55:00,284723343,162378484,2,31.64,0
2024-01-04 06:00:00,279575343,151642575,2,31.06,0
2024-01-04 06:05:00,319402701,199173520,1,35.49,0
2024-01-04 06:10:00,315344667,178386622,4,35.04,0
2024-01-04 06:15:00,304415178,179262416,1,33.82,0
2024-01-04 06:20:00,295311290,191851198,2,32.81,0
2024-01-04 06:25:00,343577196,192054159,0,38.18,0
2024-01-04 06:30:00,344330309,191272203,0,38.26,0
2024-01-04 06:35:00,334526095,203408719,2,37.17,0
2024-01-04 06:40:00,378608302,238659855,0,42.07,0
2024-01-04 06:45:00,325419981,179508571,4,36.16,0
2024-01-04 06:50:00,321435003,196937899,2,35.72,0
2024-01-04 06:55:00,343206452,211733867,0,38.13,0
2024-01-04 07:00:00,361204850,196131305,0,40.13,0
2024-01-04 07:05:00,372025752,231200464,5,41.34,0
2024-01-04 07:10:00,367344670,229172861,2,40.82,0
2024-01-04 07:15:00,384186579,227394092,1,42.69,0
2024-01-04 07:20:00,357054045,226755891,2,39.67,0
2024-01-04 07:25:00,415860421,260880808,1,46.21,0
2024-01-04 07:30:00,390201000,235151779,2,43.36,0
2024-01-04 07:35:00,419005122,246888619,1,46.56,0
2024-01-04 07:40:00,408282889,235241454,3,45.36,0
2024-01-04 07:45:00,415284350,248794974,0,46.14,0
2024-01-04 07:50:00,422215012,259026596,0,46.91,0
2024-01-04 07:55:00,424391475,251393116,1,47.15,0
2024-01-04 08:00:00,432854455,237737663,3,48.09,0
2024-01-04 08:05:00,451088632,283340318,3,50.12,0
2024-01-04 08:10:00,432882329,261631629,2,48.1,0
2024-01-04 08:15:00,447516931,264713913,2,49.72,0
2024-01-04 08:20:00,435863630,270089762,3,48.43,0
2024-01-04 08:25:00,470716659,297676381,3,52.3,0
2024-01-04 08:30:00,432574896,231525822,2,48.06,0
2024-01-04 08:35:00,486240441,296086901,1,54.03,0
2024-01-04 08:40:00,453465867,257813028,1,50.39,0
2024-01-04 08:45:00,429627493,262767601,1,47.74,0
2024-01-04 08:50:00,464703738,280101514,1,51.63,0
2024-01-04 08:55:00,452342100,277762525,0,50.26,0
2024-01-04 09:00:00,486518498,286918622,3,54.06,0
2024-01-04 09:05:00,460314871,257456521,2,51.15,0
2024-01-04 09:10:00,468022892,276310053,3,52.0,0
2024-01-04 09:15:00,442650739,269658919,3,49.18,0
2024-01-04 09:20:00,474804539,295036647,2,52.76,0
2024-01-04 09:25:00,438694689,251498500,4,48.74,0
2024-01-04 09:30:00,458726745,285506651,0,50.97,0
2024-01-04 09:35:00,508754998,298774275,0,56.53,0
2024-01-04 09:40:00,512312493,311011995,3,56.92,0
2024-01-04 09:45:00,508061858,299738175,1,56.45,0
2024-01-04 09:50:00,483074424,291666360,1,53.67,0
2024-01-04 09:55:00,504224621,311453549,3,56.02,0
2024-01-04 10:00:00,507774046,292394286,0,56.42,0
2024-01-04 10:05:00,487247127,285549217,5,54.14,0
2024-01-04 10:10:00,542950565,327619965,1,60.33,0
2024-01-04 10:15:00,532796703,343693858,1,59.2,0
2024-01-04 10:20:00,513094585,299224854,3,57.01,0
2024-01-04 10:25:00,520212471,332528821,2,57.8,0
2024-01-04 10:30:00,525898743,335583479,4,58.43,0
2024-01-04 10:35:00,482847191,288735203,5,53.65,0
2024-01-04 10:40:00,520582681,309368083,0,57.84,0
2024-01-04 10:45:00,513623546,301253475,0,57.07,0
2024-01-04 10:50:00,508859667,304633775,1,56.54,0
2024-01-04 10:55:00,524789959,300806781,1,58.31,0
2024-01-04 11:00:00,567775928,339903167,3,63.09,0
2024-01-04 11:05:00,545938953,342532175,2,60.66,0
2024-01-04 11:10:00,522887461,307621626,3,58.1,0
2024-01-04 11:15:00,546840122,325696830,0,60.76,0
2024-01-04 11:20:00,564340969,321593176,2,62.7,0
2024-01-04 11:25:00,555699436,337160282,2,61.74,0
2024-01-04 11:30:00,539139374,326128441,3,59.9,0
2024-01-04 11:35:00,525634785,316017894,2,58.4,0
2024-01-04 11:40:00,553051193,329662445,3,61.45,0
2024-01-04 11:45:00,547355849,325485930,5,60.82,0
2024-01-04 11:50:00,557675437,339624264,4,61.96,0
2024-01-04 11:55:00,552646322,331299627,3,61.41,0
2024-01-04 12:00:00,560991054,339744351,1,62.33,0
2024-01-04 12:05:00,529238182,319692737,1,58.8,0
2024-01-04 12:10:00,566119454,350905945,3,62.9,0
2024-01-04 12:15:00,543438133,332832821,2,60.38,0
2024-01-04 12:20:00,580591944,350283785,2,64.51,0
2024-01-04 12:25:00,524789764,330058079,2,58.31,0
2024-01-04 12:30:00,572666042,347802310,2,63.63,0
2024-01-04 12:35:00,541164978,337748613,1,60.13,0
2024-01-04 12:40:00,523325500,320064726,1,58.15,0
2024-01-04 12:45:00,525710750,297007259,2,58.41,0
2024-01-04 12:50:00,527904095,329790804,4,58.66,0
2024-01-04 12:55:00,541605415,326315011,3,60.18,0
2024-01-04 13:00:00,542278908,324847797,0,60.25,0
2024-01-04 13:05:00,518937964,314176262,4,57.66,0
2024-01-04 13:10:00,528404976,313593154,1,58.71,0
2024-01-04 13:15:00,570108638,344335471,3,63.35,0
2024-01-04 13:20:00,560077092,330127494,3,62.23,0
2024-01-04 13:25:00,532408362,332187739,1,59.16,0
2024-01-04 13:30:00,522491157,312358813,2,58.05,0
2024-01-04 13:35:00,522075381,309419390,4,58.01,0
2024-01-04 13:40:00,529784228,308621278,4,58.86,0
2024-01-04 13:45:00,494793606,299563921,2,54.98,0
2024-01-04 13:50:00,507735069,306512112,0,56.42,0
2024-01-04 13:55:00,477042739,290109890,3,53.0,0
2024-01-04 14:00:00,515830559,299225816,1,57.31,0
2024-01-04 14:05:00,518122767,294861848,1,57.57,0
2024-01-04 14:10:00,492750217,301906043,0,54.75,0
2024-01-04 14:15:00,531032442,333465883,5,59.0,0
2024-01-04 14:20:00,472081177,272985170,4,52.45,0
2024-01-04 14:25:00,464259207,294449937,3,51.58,0
2024-01-04 14:30:00,494893838,299775413,4,54.99,0
2024-01-04 14:35:00,508114241,304797916,1,56.46,0
2024-01-04 14:40:00,517529220,306542045,1,57.5,0
2024-01-04 14:45:00,471263868,268913140,3,52.36,0
2024-01-04 14:50:00,498520177,308989391,2,55.39,0
2024-01-04 14:55:00,472597181,275802245,1,52.51,0
2024-01-04 15:00:00,466253081,271953782,2,51.81,0
2024-01-04 15:05:00,483636332,300101062,2,53.74,0
2024-01-04 15:10:00,475188107,266283029,2,52.8,0
2024-01-04 15:15:00,426715152,240793113,0,47.41,0
2024-01-04 15:20:00,483799833,290098557,3,53.76,0
2024-01-04 15:25:00,477823460,289626920,4,53.09,0
2024-01-04 15:30:00,433591488,265002239,5,48.18,0
2024-01-04 15:35:00,449830386,266880246,1,49.98,0
2024-01-04 15:40:00,447538948,293827065,3,49.73,0
2024-01-04 15:45:00,438550331,260851273,1,48.73,0
2024-01-04 15:50:00,417945802,248459620,3,46.44,0
2024-01-04 15:55:00,411073114,238674002,1,45.67,0
2024-01-04 16:00:00,419488918,252932419,1,46.61,0
2024-01-04 16:05:00,438891884,269484743,1,48.77,0
2024-01-04 16:10:00,421691670,265050782,3,46.85,0
2024-01-04 16:15:00,398736999,224349356,3,44.3,0
2024-01-04 16:20:00,416862357,247657460,1,46.32,0
2024-01-04 16:25:00,339688353,208280048,2,37.74,0
2024-01-04 16:30:00,414819337,254762178,2,46.09,0
2024-01-04 16:35:00,352190853,211379998,0,39.13,0
2024-01-04 16:40:00,374836015,230325849,1,41.65,0
2024-01-04 16:45:00,354752073,204761605,1,39.42,0
2024-01-04 16:50:00,346275762,223344511,2,38.48,0
2024-01-04 16:55:00,390375499,244151580,3,43.38,0
2024-01-04 17:00:00,352762546,198208250,2,39.2,0
2024-01-04 17:05:00,363974691,207633784,2,40.44,0
2024-01-04 17:10:00,351007095,200135039,1,39.0,0
2024-01-04 17:15:00,356362493,220597196,2,39.6,0
2024-01-04 17:20:00,343212000,193079922,1,38.13,0
2024-01-04 17:25:00,310849768,183199617,0,34.54,0
2024-01-04 17:30:00,351251622,215298017,2,39.03,0
2024-01-04 17:35:00,316252918,189090091,1,35.14,0
2024-01-04 17:40:00,289785740,176460319,2,32.2,0
2024-01-04 17:45:00,307134447,173622641,4,34.13,0
2024-01-04 17:50:00,340483848,210238853,1,37.83,0
2024-01-04 17:55:00,322240007,187211885,5,35.8,0
2024-01-04 18:00:00,293026957,172569977,3,32.56,0
2024-01-04 18:05:00,287779273,175044881,0,31.98,0
2024-01-04 18:10:00,283098646,170889969,1,31.46,0
2024-01-04 18:15:00,325838208,195742725,1,36.2,0
2024-01-04 18:20:00,286721330,164526530,1,31.86,0
2024-01-04 18:25:00,282472782,166488175,3,31.39,0
2024-01-04 18:30:00,289279382,173589465,0,32.14,0
2024-01-04 18:35:00,268266170,147208849,0,29.81,0
2024-01-04 18:40:00,253143594,147260827,1,28.13,0
2024-01-04 18:45:00,249251325,153427594,3,27.69,0
2024-01-04 18:50:00,246622467,135199114,5,27.4,0
2024-01-04 18:55:00,242210941,156892381,3,26.91,0
2024-01-04 19:00:00,252436020,164157744,2,28.05,0
2024-01-04 19:05:00,233879954,127876466,1,25.99,0
2024-01-04 19:10:00,242483409,159066242,5,26.94,0
2024-01-04 19:15:00,221240196,131308302,0,24.58,0
2024-01-04 19:20:00,219487869,135877867,2,24.39,0
2024-01-04 19:25:00,173050857,98864003,2,19.23,0
2024-01-04 19:30:00,226482529,145119966,4,25.16,0
2024-01-04 19:35:00,210270563,130223278,4,23.36,0
2024-01-04 19:40:00,218531819,122977559,1,24.28,0
2024-01-04 19:45:00,135925606,69903344,4,15.1,0
2024-01-04 19:50:00,230947826,123965671,0,25.66,0
2024-01-04 19:55:00,181770902,110941959,2,20.2,0
2024-01-04 20:00:00,202163656,127022907,3,22.46,0
2024-01-04 20:05:00,154696299,99327436,2,17.19,0
2024-01-04 20:10:00,183303572,108802332,3,20.37,0
2024-01-04 20:15:00,145594832,75786935,2,16.18,0
2024-01-04 20:20:00,149866276,83099017,4,16.65,0
2024-01-04 20:25:00,196366311,129343273,3,21.82,0
2024-01-04 20:30:00,150083609,85203879,3,16.68,0
2024-01-04 20:35:00,154127024,93910390,2,17.13,0
2024-01-04 20:40:00,163132328,87122892,1,18.13,0
2024-01-04 20:45:00,151670642,94368215,7,16.85,0
2024-01-04 20:50:00,140866728,79943191,1,15.65,0
2024-01-04 20:55:00,141336086,95268779,0,15.7,0
2024-01-04 21:00:00,178362684,114753187,0,19.82,0
2024-01-04 21:05:00,125480273,70331104,2,13.94,0
2024-01-04 21:10:00,127075420,74978611,0,14.12,0
2024-01-04 21:15:00,140571534,78831758,3,15.62,0
2024-01-04 21:20:00,138259852,68761579,1,15.36,0
2024-01-04 21:25:00,136568330,73366573,2,15.17,0
2024-01-04 21:30:00,122369802,75404054,1,13.6,0
2024-01-04 21:35:00,83593196,53408513,2,9.29,0
2024-01-04 21:40:00,136072140,83128763,2,15.12,0
2024-01-04 21:45:00,77520385,43494900,4,8.61,0
2024-01-04 21:50:00,103638762,71513923,1,11.52,0
2024-01-04 21:55:00,79735634,48476799,2,8.86,0
2024-01-04 22:00:00,90871136,61555219,2,10.1,0
2024-01-04 22:05:00,96160826,39958744,3,10.68,0
2024-01-04 22:10:00,93544544,30000000,0,10.39,0
2024-01-04 22:15:00,93188957,58751254,3,10.35,0
2024-01-04 22:20:00,114760356,54608557,3,12.75,0
2024-01-04 22:25:00,89395931,51513041,1,9.93,0
2024-01-04 22:30:00,73385779,41010497,2,8.15,0
2024-01-04 22:35:00,95599854,73233918,1,10.62,0
2024-01-04 22:40:00,98263180,62957874,0,10.92,0
2024-01-04 22:45:00,50000000,31658590,3,5.56,0
2024-01-04 22:50:00,83055933,58203471,3,9.23,0
2024-01-04 22:55:00,83611489,53851869,0,9.29,0
2024-01-04 23:00:00,62226531,32759149,2,6.91,0
2024-01-04 23:05:00,94392039,67349983,2,10.49,0
2024-01-04 23:10:00,62687846,30000000,5,6.97,0
2024-01-04 23:15:00,67123061,43506308,2,7.46,0
2024-01-04 23:20:00,60184702,30000000,0,6.69,0
2024-01-04 23:25:00,63104818,39902329,0,7.01,0
2024-01-04 23:30:00,50000000,31929896,2,5.56,0
2024-01-04 23:35:00,50000000,46764549,2,5.56,0
2024-01-04 23:40:00,92803373,40032285,2,10.31,0
2024-01-04 23:45:00,50000000,30000000,3,5.56,0
2024-01-04 23:50:00,50000000,38226824,1,5.56,0
2024-01-04 23:55:00,50000000,33353172,1,5.56,0
2024-01-05 00:00:00,50000000,31803050,2,5.56,0
2024-01-05 00:05:00,50000000,30000000,1,5.56,0
2024-01-05 00:10:00,93068730,49933054,2,10.34,0
2024-01-05 00:15:00,80710200,60876530,4,8.97,0
2024-01-05 00:20:00,50000000,30000000,4,5.56,0
2024-01-05 00:25:00,106475194,67638713,1,11.83,0
2024-01-05 00:30:00,81688543,47861242,3,9.08,0
2024-01-05 00:35:00,56296609,30000000,1,6.26,0
2024-01-05 00:40:00,50000000,39338104,2,5.56,0
2024-01-05 00:45:00,110430384,71290554,2,12.27,0
2024-01-05 00:50:00,50000000,53056368,3,5.56,0
2024-01-05 00:55:00,50000000,30000000,1,5.56,0
2024-01-05 01:00:00,88629210,61403255,2,9.85,0
2024-01-05 01:05:00,118383083,57914410,2,13.15,0
2024-01-05 01:10:00,98793388,60849498,2,10.98,0
2024-01-05 01:15:00,84014951,60174036,1,9.33,0
2024-01-05 01:20:00,86368857,31099963,0,9.6,0
2024-01-05 01:25:00,93386422,53982528,1,10.38,0
2024-01-05 01:30:00,93447483,50436393,2,10.38,0
2024-01-05 01:35:00,85949073,44549871,1,9.55,0
2024-01-05 01:40:00,84570153,54594218,3,9.4,0
2024-01-05 01:45:00,83498679,61306064,1,9.28,0
2024-01-05 01:50:00,72038108,41890077,4,8.0,0
2024-01-05 01:55:00,83972077,52438110,2,9.33,0
2024-01-05 02:00:00,58294766,36119947,2,6.48,0
2024-01-05 02:05:00,92854358,55730650,0,10.32,0
2024-01-05 02:10:00,77814230,35795112,2,8.65,0
2024-01-05 02:15:00,78375506,58109750,6,8.71,0
2024-01-05 02:20:00,107001392,67152789,2,11.89,0
2024-01-05 02:25:00,134293340,84524819,2,14.92,0
2024-01-05 02:30:00,127961530,68711821,0,14.22,0
2024-01-05 02:35:00,81417711,44258423,4,9.05,0
2024-01-05 02:40:00,96356770,56052720,1,10.71,0
2024-01-05 02:45:00,138373869,67683075,1,15.37,0
2024-01-05 02:50:00,103403691,45161871,3,11.49,0
2024-01-05 02:55:00,122139986,67276512,2,13.57,0
2024-01-05 03:00:00,141295414,90002456,4,15.7,0
2024-01-05 03:05:00,114669977,62270612,1,12.74,0
2024-01-05 03:10:00,139965860,73791464,1,15.55,0
2024-01-05 03:15:00,115076494,60899040,4,12.79,0
2024-01-05 03:20:00,133703620,75668748,4,14.86,0
2024-01-05 03:25:00,156174005,90165813,5,17.35,0
2024-01-05 03:30:00,122037382,94877643,1,13.56,0
2024-01-05 03:35:00,166895179,110683313,0,18.54,0
2024-01-05 03:40:00,161948899,107417080,4,17.99,0
2024-01-05 03:45:00,177712943,118313569,2,19.75,0
2024-01-05 03:50:00,175526376,95327617,1,19.5,0
2024-01-05 03:55:00,202777226,109442689,4,22.53,0
2024-01-05 04:00:00,182504490,98433991,0,20.28,0
2024-01-05 04:05:00,175974584,118929812,3,19.55,0
2024-01-05 04:10:00,191626282,109503851,1,21.29,0
2024-01-05 04:15:00,204716674,110316443,2,22.75,0
2024-01-05 04:20:00,199548818,115419329,1,22.17,0
2024-01-05 04:25:00,204152628,120105521,4,22.68,0
2024-01-05 04:30:00,194116142,119153818,1,21.57,0
2024-01-05 04:35:00,199756852,122363621,4,22.2,0
2024-01-05 04:40:00,189863060,105636030,0,21.1,0
2024-01-05 04:45:00,257846063,161564201,3,28.65,0
2024-01-05 04:50:00,202953343,115380070,1,22.55,0
2024-01-05 04:55:00,218982932,129826996,2,24.33,0
2024-01-05 05:00:00,223515283,140976911,0,24.84,0
2024-01-05 05:05:00,260853873,150094109,1,28.98,0
2024-01-05 05:10:00,242155499,139599785,2,26.91,0
2024-01-05 05:15:00,278133164,172796578,1,30.9,0
2024-01-05 05:20:00,244854624,138335443,1,27.21,0
2024-01-05 05:25:00,269070270,157594242,1,29.9,0
2024-01-05 05:30:00,251966772,156737485,2,28.0,0
2024-01-05 05:35:00,316774932,210605883,1,35.2,0
2024-01-05 05:40:00,255330653,159252437,0,28.37,0
2024-01-05 05:45:00,290499663,179026195,3,32.28,0
2024-01-05 05:50:00,302206884,186632146,2,33.58,0
2024-01-05 05:55:00,303040409,171092342,1,33.67,0
2024-01-05 06:00:00,296294246,178932515,2,32.92,0
2024-01-05 06:05:00,302639158,181285830,1,33.63,0
2024-01-05 06:10:00,311344882,190022774,2,34.59,0
2024-01-05 06:15:00,312756710,188819107,0,34.75,0
2024-01-05 06:20:00,340194960,207913973,3,37.8,0
2024-01-05 06:25:00,370338509,219088434,2,41.15,0
2024-01-05 06:30:00,320176450,192691959,1,35.58,0
2024-01-05 06:35:00,309113553,173189846,3,34.35,0
2024-01-05 06:40:00,339909921,200746880,3,37.77,0
2024-01-05 06:45:00,398415864,252957853,2,44.27,0
2024-01-05 06:50:00,335872015,204711292,2,37.32,0
2024-01-05 06:55:00,389826950,233686959,2,43.31,0
2024-01-05 07:00:00,395670587,256363585,2,43.96,0
2024-01-05 07:05:00,356087198,200043969,3,39.57,0
2024-01-05 07:10:00,383549053,219034876,2,42.62,0
2024-01-05 07:15:00,409713404,262955156,1,45.52,0
2024-01-05 07:20:00,374502279,225160977,2,41.61,0
2024-01-05 07:25:00,382913521,227322282,3,42.55,0
2024-01-05 07:30:00,380210405,216134200,2,42.25,0
2024-01-05 07:35:00,376364070,230295405,2,41.82,0
2024-01-05 07:40:00,388442831,238510297,2,43.16,0
2024-01-05 07:45:00,381670480,218057344,3,42.41,0
2024-01-05 07:50:00,411501336,245498046,2,45.72,0
2024-01-05 07:55:00,400037839,236667545,4,44.45,0
2024-01-05 08:00:00,424675718,257365202,2,47.19,0
2024-01-05 08:05:00,393387669,224840098,1,43.71,0
2024-01-05 08:10:00,435569510,273861180,2,48.4,0
2024-01-05 08:15:00,450007435,279162698,2,50.0,0
2024-01-05 08:20:00,397783631,235038423,2,44.2,0
2024-01-05 08:25:00,449395447,267473081,2,49.93,0
2024-01-05 08:30:00,470656122,281029452,3,52.3,0
2024-01-05 08:35:00,426028812,247834202,1,47.34,0
2024-01-05 08:40:00,487720474,288197990,3,54.19,0
2024-01-05 08:45:00,466623375,277271321,3,51.85,0
2024-01-05 08:50:00,448041412,284953531,3,49.78,0
2024-01-05 08:55:00,464847751,288374834,2,51.65,0
2024-01-05 09:00:00,480872165,297869846,3,53.43,0
2024-01-05 09:05:00,474887458,288631731,2,52.77,0
2024-01-05 09:10:00,487721680,281459738,3,54.19,0
2024-01-05 09:15:00,462028081,276801938,1,51.34,0
2024-01-05 09:20:00,487237882,302047614,1,54.14,0
2024-01-05 09:25:00,458897986,262756145,2,50.99,0
2024-01-05 09:30:00,488180280,299273700,2,54.24,0
2024-01-05 09:35:00,475468552,308507223,3,52.83,0
2024-01-05 09:40:00,481885891,299749701,3,53.54,0
2024-01-05 09:45:00,524274570,328705033,3,58.25,0
2024-01-05 09:50:00,524240149,316727477,2,58.25,0
2024-01-05 09:55:00,517361611,320096286,1,57.48,0
2024-01-05 10:00:00,485999841,284421372,2,54.0,0
2024-01-05 10:05:00,504086252,310410389,2,56.01,0
2024-01-05 10:10:00,537144553,328830613,3,59.68,0
2024-01-05 10:15:00,518083796,313749389,1,57.56,0
2024-01-05 10:20:00,563900459,351500350,2,62.66,0
2024-01-05 10:25:00,527541111,311136818,1,58.62,0
2024-01-05 10:30:00,525572070,313472666,3,58.4,0
2024-01-05 10:35:00,517499559,311454356,1,57.5,0
2024-01-05 10:40:00,528197047,306622118,1,58.69,0
2024-01-05 10:45:00,524213834,316797620,6,58.25,0
2024-01-05 10:50:00,543054241,308643240,2,60.34,0
2024-01-05 10:55:00,549546011,340197152,1,61.06,0
2024-01-05 11:00:00,516102409,310127819,2,57.34,0
2024-01-05 11:05:00,506497437,298689533,2,56.28,0
2024-01-05 11:10:00,497586934,290208424,0,55.29,0
2024-01-05 11:15:00,545548293,324983186,3,60.62,0
2024-01-05 11:20:00,514286528,315454514,2,57.14,0
2024-01-05 11:25:00,494148950,301966760,4,54.91,0
2024-01-05 11:30:00,545718338,320375623,3,60.64,0
2024-01-05 11:35:00,588433511,344599710,3,65.38,0
2024-01-05 11:40:00,538965309,329948172,1,59.89,0
2024-01-05 11:45:00,556255957,326530100,1,61.81,0
2024-01-05 11:50:00,541408160,325443993,5,60.16,0
2024-01-05 11:55:00,537965093,324016602,1,59.77,0
2024-01-05 12:00:00,558381529,338149539,1,62.04,0
2024-01-05 12:05:00,534137395,329065141,3,59.35,0
2024-01-05 12:10:00,545119419,314442022,2,60.57,0
2024-01-05 12:15:00,545920097,308440465,6,60.66,0
2024-01-05 12:20:00,525724918,309760478,1,58.41,0
2024-01-05 12:25:00,558414368,353063904,4,62.05,0
2024-01-05 12:30:00,534447571,340890283,1,59.38,0
2024-01-05 12:35:00,522091859,331566886,2,58.01,0
2024-01-05 12:40:00,547084057,326320620,1,60.79,0
2024-01-05 12:45:00,517419107,292630313,4,57.49,0
2024-01-05 12:50:00,534874664,297494407,0,59.43,0
2024-01-05 12:55:00,532939716,313623448,1,59.22,0
2024-01-05 13:00:00,553540109,330143329,2,61.5,0
2024-01-05 13:05:00,539905929,336949811,0,59.99,0
2024-01-05 13:10:00,528391529,325712971,1,58.71,0
2024-01-05 13:15:00,543618557,328445185,0,60.4,0
2024-01-05 13:20:00,553330379,323099780,2,61.48,0
2024-01-05 13:25:00,534838094,311295061,2,59.43,0
2024-01-05 13:30:00,521938140,315704160,3,57.99,0
2024-01-05 13:35:00,493438030,303033327,2,54.83,0
2024-01-05 13:40:00,496211595,301645769,0,55.13,0
2024-01-05 13:45:00,509144963,295140998,1,56.57,0
2024-01-05 13:50:00,500692355,306922089,1,55.63,0
2024-01-05 13:55:00,506674995,308264106,4,56.3,0
2024-01-05 14:00:00,508979095,294680793,0,56.55,0
2024-01-05 14:05:00,515772704,301620412,2,57.31,0
2024-01-05 14:10:00,501003971,307487342,0,55.67,0
2024-01-05 14:15:00,509282739,303224568,1,56.59,0
2024-01-05 14:20:00,497885978,314623060,1,55.32,0
2024-01-05 14:25:00,454037373,277433716,2,50.45,0
2024-01-05 14:30:00,471618093,278104544,3,52.4,0
2024-01-05 14:35:00,484290524,290472258,1,53.81,0
2024-01-05 14:40:00,459656771,276427896,2,51.07,0
2024-01-05 14:45:00,492440128,288180173,1,54.72,0
2024-01-05 14:50:00,507561577,295411064,0,56.4,0
2024-01-05 14:55:00,497742587,305659451,2,55.3,0
2024-01-05 15:00:00,465436770,287714795,5,51.72,0
2024-01-05 15:05:00,495777656,303504408,3,55.09,0
2024-01-05 15:10:00,465114998,294222180,2,51.68,0
2024-01-05 15:15:00,451501276,265483033,3,50.17,0
2024-01-05 15:20:00,442000973,281943291,0,49.11,0
2024-01-05 15:25:00,444172239,257494132,3,49.35,0
2024-01-05 15:30:00,438339206,252876668,0,48.7,0
2024-01-05 15:35:00,445322640,249593995,2,49.48,0
2024-01-05 15:40:00,440869824,260063941,0,48.99,0
2024-01-05 15:45:00,433397776,255001442,2,48.16,0
2024-01-05 15:50:00,437690669,267873774,2,48.63,0
2024-01-05 15:55:00,448318507,271430013,5,49.81,0
2024-01-05 16:00:00,438991082,251464915,1,48.78,0
2024-01-05 16:05:00,385739345,227516344,3,42.86,0
2024-01-05 16:10:00,359741244,212130126,0,39.97,0
2024-01-05 16:15:00,424835683,237141587,0,47.2,0
2024-01-05 16:20:00,374090808,214645018,2,41.57,0
2024-01-05 16:25:00,392163897,227590202,4,43.57,0
2024-01-05 16:30:00,368441763,235401308,0,40.94,0
2024-01-05 16:35:00,350945520,212481819,0,38.99,0
2024-01-05 16:40:00,392914088,242370140,1,43.66,0
2024-01-05 16:45:00,392328574,220410789,2,43.59,0
2024-01-05 16:50:00,360639183,228325655,2,40.07,0
2024-01-05 16:55:00,315338117,202213891,0,35.04,0
2024-01-05 17:00:00,351191681,190731559,1,39.02,0
2024-01-05 17:05:00,364880694,211875249,3,40.54,0
2024-01-05 17:10:00,322367275,198378021,2,35.82,0
2024-01-05 17:15:00,350488875,216737209,4,38.94,0
2024-01-05 17:20:00,341369365,198036672,1,37.93,0
2024-01-05 17:25:00,348095442,205802270,3,38.68,0
2024-01-05 17:30:00,333717893,194256925,1,37.08,0
2024-01-05 17:35:00,306666671,185104183,3,34.07,0
2024-01-05 17:40:00,344848808,218881070,1,38.32,0
2024-01-05 17:45:00,312526159,179805274,1,34.73,0
2024-01-05 17:50:00,309922562,195961742,1,34.44,0
2024-01-05 17:55:00,286570213,164125407,3,31.84,0
2024-01-05 18:00:00,291134354,166204340,2,32.35,0
2024-01-05 18:05:00,277068373,174426970,2,30.79,0
2024-01-05 18:10:00,286072425,180862819,2,31.79,0
2024-01-05 18:15:00,318537418,199636550,1,35.39,0
2024-01-05 18:20:00,251644598,137828785,4,27.96,0
2024-01-05 18:25:00,241600722,140300923,4,26.84,0
2024-01-05 18:30:00,298097120,187088158,0,33.12,0
2024-01-05 18:35:00,259303913,155997766,2,28.81,0
2024-01-05 18:40:00,244942982,136228861,2,27.22,0
2024-01-05 18:45:00,273976416,168969029,4,30.44,0
2024-01-05 18:50:00,235942181,134417236,4,26.22,0
2024-01-05 18:55:00,279475580,185630596,1,31.05,0
2024-01-05 19:00:00,251441946,166313582,3,27.94,0
2024-01-05 19:05:00,223082808,139890659,2,24.79,0
2024-01-05 19:10:00,270976772,176196130,3,30.11,0
2024-01-05 19:15:00,210740229,127092051,0,23.42,0
2024-01-05 19:20:00,232757073,147308618,2,25.86,0
2024-01-05 19:25:00,219000722,146177636,2,24.33,0
2024-01-05 19:30:00,234190802,142969468,4,26.02,0
2024-01-05 19:35:00,234571018,138190739,0,26.06,0
2024-01-05 19:40:00,199211700,102480800,3,22.13,0
2024-01-05 19:45:00,178782356,106438078,6,19.86,0
2024-01-05 19:50:00,198379775,127262097,1,22.04,0
2024-01-05 19:55:00,171008388,112061367,3,19.0,0
2024-01-05 20:00:00,220267744,137204297,1,24.47,0
2024-01-05 20:05:00,178225124,101522083,3,19.8,0
2024-01-05 20:10:00,163741662,78476782,1,18.19,0
2024-01-05 20:15:00,170356750,97261899,3,18.93,0
2024-01-05 20:20:00,135399129,78196028,2,15.04,0
2024-01-05 20:25:00,138653403,80062752,4,15.41,0
2024-01-05 20:30:00,177905535,112928884,2,19.77,0
2024-01-05 20:35:00,136640481,101841052,2,15.18,0
2024-01-05 20:40:00,124792754,76110944,1,13.87,0
2024-01-05 20:45:00,152490059,89326717,0,16.94,0
2024-01-05 20:50:00,161572433,94351241,1,17.95,0
2024-01-05 20:55:00,148415932,90293407,3,16.49,0
2024-01-05 21:00:00,150215326,81846258,1,16.69,0
2024-01-05 21:05:00,111496747,68100033,3,12.39,0
2024-01-05 21:10:00,94617225,61278458,2,10.51,0
2024-01-05 21:15:00,149585119,91847932,2,16.62,0
2024-01-05 21:20:00,109695736,70392861,3,12.19,0
2024-01-05 21:25:00,107811063,69024114,3,11.98,0
2024-01-05 21:30:00,136159081,63976481,3,15.13,0
2024-01-05 21:35:00,117577895,76915438,0,13.06,0
2024-01-05 21:40:00,112521264,60802610,1,12.5,0
2024-01-05 21:45:00,143747339,75290012,0,15.97,0
2024-01-05 21:50:00,84715688,39784894,2,9.41,0
2024-01-05 21:55:00,113377953,72362188,1,12.6,0
2024-01-05 22:00:00,93294165,53750750,5,10.37,0
2024-01-05 22:05:00,94957424,40154766,3,10.55,0
2024-01-05 22:10:00,117686768,75392439,2,13.08,0
2024-01-05 22:15:00,94907257,42548272,2,10.55,0
2024-01-05 22:20:00,93252052,57349445,1,10.36,0
2024-01-05 22:25:00,101775391,63450224,1,11.31,0
2024-01-05 22:30:00,70969857,51437685,1,7.89,0
2024-01-05 22:35:00,59533918,53537198,0,6.61,0
2024-01-05 22:40:00,53577587,30000000,3,5.95,0
2024-01-05 22:45:00,50000000,30000000,5,5.56,0
2024-01-05 22:50:00,112232074,64575891,1,12.47,0
2024-01-05 22:55:00,50000000,34337496,3,5.56,0
2024-01-05 23:00:00,63752729,40408325,2,7.08,0
2024-01-05 23:05:00,61341637,33279519,2,6.82,0
2024-01-05 23:10:00,71837092,38693233,0,7.98,0
2024-01-05 23:15:00,80926276,37391257,0,8.99,0
2024-01-05 23:20:00,80855609,58391981,1,8.98,0
2024-01-05 23:25:00,51131688,35271055,3,5.68,0
2024-01-05 23:30:00,58710798,44404161,3,6.52,0
2024-01-05 23:35:00,67078077,37142885,2,7.45,0
2024-01-05 23:40:00,55939449,30000000,2,6.22,0
2024-01-05 23:45:00,92660769,44813311,1,10.3,0
2024-01-05 23:50:00,70047925,45617931,3,7.78,0
2024-01-05 23:55:00,74754669,34454869,2,8.31,0
2024-01-06 00:00:00,73257625,62441205,1,8.14,0
2024-01-06 00:05:00,83526590,37039528,1,9.28,0
2024-01-06 00:10:00,63848857,41045915,2,7.09,0
2024-01-06 00:15:00,50000000,45668547,5,5.56,0
2024-01-06 00:20:00,68907031,47335116,2,7.66,0
2024-01-06 00:25:00,50000000,31756737,2,5.56,0
2024-01-06 00:30:00,51480899,30000000,2,5.72,0
2024-01-06 00:35:00,74520517,30894618,5,8.28,0
2024-01-06 00:40:00,88411800,60747581,0,9.82,0
2024-01-06 00:45:00,65036964,54083650,1,7.23,0
2024-01-06 00:50:00,71865618,38730871,1,7.99,0
2024-01-06 00:55:00,100922202,49162706,0,11.21,0
2024-01-06 01:00:00,72992865,30000000,3,8.11,0
2024-01-06 01:05:00,121621697,63165369,1,13.51,0
2024-01-06 01:10:00,82418124,48314306,3,9.16,0
2024-01-06 01:15:00,50000000,45991232,1,5.56,0
2024-01-06 01:20:00,89540603,60455698,2,9.95,0
2024-01-06 01:25:00,83941279,53415621,1,9.33,0
2024-01-06 01:30:00,104063967,58437183,5,11.56,0
2024-01-06 01:35:00,93788872,50441666,1,10.42,0
2024-01-06 01:40:00,79717011,61886682,5,8.86,0
2024-01-06 01:45:00,60264577,38166131,0,6.7,0
2024-01-06 01:50:00,82936934,30000000,2,9.22,0
2024-01-06 01:55:00,72575169,36809705,1,8.06,0
2024-01-06 02:00:00,80543434,39743900,2,8.95,0
2024-01-06 02:05:00,106592719,58492991,1,11.84,0
2024-01-06 02:10:00,130984143,84219592,2,14.55,0
2024-01-06 02:15:00,108340723,63929985,2,12.04,0
2024-01-06 02:20:00,79485848,46922854,1,8.83,0
2024-01-06 02:25:00,115345348,82341940,2,12.82,0
2024-01-06 02:30:00,133527828,73152085,5,14.84,0
2024-01-06 02:35:00,100632065,79021234,6,11.18,0
2024-01-06 02:40:00,113468990,61368318,2,12.61,0
2024-01-06 02:45:00,119852210,72803308,3,13.32,0
2024-01-06 02:50:00,107355472,61601247,2,11.93,0
2024-01-06 02:55:00,139598257,84993146,4,15.51,0
2024-01-06 03:00:00,127875409,81171165,4,14.21,0
2024-01-06 03:05:00,142427515,89794861,2,15.83,0
2024-01-06 03:10:00,120108506,64533930,1,13.35,0
2024-01-06 03:15:00,133007838,68575556,2,14.78,0
2024-01-06 03:20:00,160178600,121138878,2,17.8,0
2024-01-06 03:25:00,142321703,80553178,1,15.81,0
2024-01-06 03:30:00,188436534,120054044,4,20.94,0
2024-01-06 03:35:00,150092960,73979363,2,16.68,0
2024-01-06 03:40:00,166835349,97305082,0,18.54,0
2024-01-06 03:45:00,185314960,109916982,3,20.59,0
2024-01-06 03:50:00,142680779,90336618,1,15.85,0
2024-01-06 03:55:00,140278241,56942403,4,15.59,0
2024-01-06 04:00:00,149486873,91353530,2,16.61,0
2024-01-06 04:05:00,209814377,114391211,4,23.31,0
2024-01-06 04:10:00,178143169,110129359,5,19.79,0
2024-01-06 04:15:00,245014700,136645528,2,27.22,0
2024-01-06 04:20:00,187286665,103817172,0,20.81,0
2024-01-06 04:25:00,207031820,121482816,4,23.0,0
2024-01-06 04:30:00,238998175,132875610,1,26.56,0
2024-01-06 04:35:00,253136728,147126692,3,28.13,0
2024-01-06 04:40:00,259145237,143553384,3,28.79,0
2024-01-06 04:45:00,247021852,129881407,1,27.45,0
2024-01-06 04:50:00,248311858,159166685,4,27.59,0
2024-01-06 04:55:00,244691575,133854458,3,27.19,0
2024-01-06 05:00:00,253450650,150283581,1,28.16,0
2024-01-06 05:05:00,231931671,146687913,1,25.77,0
2024-01-06 05:10:00,231690514,132864867,4,25.74,0
2024-01-06 05:15:00,253110833,143614841,0,28.12,0
2024-01-06 05:20:00,254920744,155214827,2,28.32,0
2024-01-06 05:25:00,254425826,163834834,1,28.27,0
2024-01-06 05:30:00,282601462,157867725,1,31.4,0
2024-01-06 05:35:00,292978054,174285354,3,32.55,0
2024-01-06 05:40:00,280850759,151185509,4,31.21,0
2024-01-06 05:45:00,313853850,184380300,1,34.87,0
2024-01-06 05:50:00,266697564,160360585,2,29.63,0
2024-01-06 05:55:00,290891238,165988496,0,32.32,0
2024-01-06 06:00:00,285663553,166828213,2,31.74,0
2024-01-06 06:05:00,267904840,146660636,2,29.77,0
2024-01-06 06:10:00,308815039,186059809,3,34.31,0
2024-01-06 06:15:00,313261800,198514022,1,34.81,0
2024-01-06 06:20:00,351186373,199740385,1,39.02,0
2024-01-06 06:25:00,338744283,197019852,2,37.64,0
2024-01-06 06:30:00,310842549,191530992,0,34.54,0
2024-01-06 06:35:00,373591464,236275785,1,41.51,0
2024-01-06 06:40:00,366096236,204725843,5,40.68,0
2024-01-06 06:45:00,358463631,213390331,2,39.83,0
2024-01-06 06:50:00,347415825,211280803,3,38.6,0
2024-01-06 06:55:00,337855829,201692933,3,37.54,0
2024-01-06 07:00:00,354672435,188035540,3,39.41,0
2024-01-06 07:05:00,388933935,238371261,2,43.21,0
2024-01-06 07:10:00,409861117,261110034,3,45.54,0
2024-01-06 07:15:00,408010342,245972822,2,45.33,0
2024-01-06 07:20:00,372307845,213073647,2,41.37,0
2024-01-06 07:25:00,364592780,213624395,3,40.51,0
2024-01-06 07:30:00,394661748,254496179,0,43.85,0
2024-01-06 07:35:00,361290418,225873876,0,40.14,0
2024-01-06 07:40:00,407891737,251135308,3,45.32,0
2024-01-06 07:45:00,403197233,245482466,1,44.8,0
2024-01-06 07:50:00,401498937,234287991,2,44.61,0
2024-01-06 07:55:00,383543243,228120234,2,42.62,0
2024-01-06 08:00:00,430272002,257383973,4,47.81,0
2024-01-06 08:05:00,413851565,253806682,2,45.98,0
2024-01-06 08:10:00,405553569,258421330,1,45.06,0
2024-01-06 08:15:00,375891611,236718348,1,41.77,0
2024-01-06 08:20:00,437108046,248070984,0,48.57,0
2024-01-06 08:25:00,477359347,288655558,0,53.04,0
2024-01-06 08:30:00,479327927,294964389,0,53.26,0
2024-01-06 08:35:00,441079708,270836428,1,49.01,0
2024-01-06 08:40:00,442224785,259042533,0,49.14,0
2024-01-06 08:45:00,467618480,309712180,2,51.96,0
2024-01-06 08:50:00,442173941,252533519,1,49.13,0
2024-01-06 08:55:00,471998971,272367498,2,52.44,0
2024-01-06 09:00:00,485027233,293352290,4,53.89,0
2024-01-06 09:05:00,497906015,319911639,1,55.32,0
2024-01-06 09:10:00,474943479,276604139,3,52.77,0
2024-01-06 09:15:00,476368078,283162563,2,52.93,0
2024-01-06 09:20:00,466291014,290547545,4,51.81,0
2024-01-06 09:25:00,470634668,282202179,4,52.29,0
2024-01-06 09:30:00,485875223,288179095,4,53.99,0
2024-01-06 09:35:00,500894015,306192738,2,55.65,0
2024-01-06 09:40:00,514868183,311646089,3,57.21,0
2024-01-06 09:45:00,483489127,300397864,2,53.72,0
2024-01-06 09:50:00,532267718,332275319,0,59.14,0
2024-01-06 09:55:00,499756376,302923856,2,55.53,0
2024-01-06 10:00:00,507418751,307368577,2,56.38,0
2024-01-06 10:05:00,495470187,299423222,4,55.05,0
2024-01-06 10:10:00,464397794,283529982,3,51.6,0
2024-01-06 10:15:00,532930365,320309925,0,59.21,0
2024-01-06 10:20:00,532250746,319344363,1,59.14,0
2024-01-06 10:25:00,514048203,320395193,2,57.12,0
2024-01-06 10:30:00,523070902,329003703,3,58.12,0
2024-01-06 10:35:00,534000672,305324874,3,59.33,0
2024-01-06 10:40:00,494275311,296665398,2,54.92,0
2024-01-06 10:45:00,516682177,303122362,1,57.41,0
2024-01-06 10:50:00,544777361,323756702,1,60.53,0
2024-01-06 10:55:00,505326176,307220868,2,56.15,0
2024-01-06 11:00:00,537693356,329310397,3,59.74,0
2024-01-06 11:05:00,505990460,302473011,1,56.22,0
2024-01-06 11:10:00,543639641,307050381,1,60.4,0
2024-01-06 11:15:00,534675637,311154926,0,59.41,0
2024-01-06 11:20:00,504051224,311395731,2,56.01,0
2024-01-06 11:25:00,560501549,308896665,5,62.28,0
2024-01-06 11:30:00,523254935,325827232,1,58.14,0
2024-01-06 11:35:00,522368472,318633383,2,58.04,0
2024-01-06 11:40:00,543098111,339020627,1,60.34,0
2024-01-06 11:45:00,562458888,335489641,1,62.5,0
2024-01-06 11:50:00,519455136,291059027,1,57.72,0
2024-01-06 11:55:00,541176483,329009516,2,60.13,0
2024-01-06 12:00:00,548576330,341892329,2,60.95,0
2024-01-06 12:05:00,553804998,341530217,1,61.53,0
2024-01-06 12:10:00,543300404,319353327,0,60.37,0
2024-01-06 12:15:00,532145584,320154961,0,59.13,0
2024-01-06 12:20:00,522534923,308192591,4,58.06,0
2024-01-06 12:25:00,540296398,315985174,3,60.03,0
2024-01-06 12:30:00,516503986,319456277,3,57.39,0
2024-01-06 12:35:00,478779752,275292528,2,53.2,0
2024-01-06 12:40:00,545085056,318112869,1,60.57,0
2024-01-06 12:45:00,553467164,321040042,3,61.5,0
2024-01-06 12:50:00,487052392,277328960,2,54.12,0
2024-01-06 12:55:00,512927482,309220632,2,56.99,0
2024-01-06 13:00:00,544205283,338138200,3,60.47,0
2024-01-06 13:05:00,571561874,341088357,2,63.51,0
2024-01-06 13:10:00,529307942,302527287,0,58.81,0
2024-01-06 13:15:00,512703172,316021348,3,56.97,0
2024-01-06 13:20:00,521868300,329977997,3,57.99,0
2024-01-06 13:25:00,551179417,324245226,2,61.24,0
2024-01-06 13:30:00,508811804,300501539,4,56.53,0
2024-01-06 13:35:00,503690914,307371155,0,55.97,0
2024-01-06 13:40:00,507858998,320934136,2,56.43,0
2024-01-06 13:45:00,496182885,292511390,2,55.13,0
2024-01-06 13:50:00,515336006,295877105,2,57.26,0
2024-01-06 13:55:00,542907990,332058980,3,60.32,0
2024-01-06 14:00:00,514307682,316575290,0,57.15,0
2024-01-06 14:05:00,500131778,300140381,0,55.57,0
2024-01-06 14:10:00,496577721,292365300,0,55.18,0
2024-01-06 14:15:00,468288890,290917121,2,52.03,0
2024-01-06 14:20:00,514258686,313835571,1,57.14,0
2024-01-06 14:25:00,491989961,287509621,1,54.67,0
2024-01-06 14:30:00,486795203,292568069,2,54.09,0
2024-01-06 14:35:00,551034427,317103581,5,61.23,0
2024-01-06 14:40:00,489825724,300754339,4,54.43,0
2024-01-06 14:45:00,465405732,276621103,3,51.71,0
2024-01-06 14:50:00,468419408,276694537,1,52.05,0
2024-01-06 14:55:00,496336265,297473014,1,55.15,0
2024-01-06 15:00:00,471971035,283585698,1,52.44,0
2024-01-06 15:05:00,437197573,271267844,3,48.58,0
2024-01-06 15:10:00,480526228,294226642,1,53.39,0
2024-01-06 15:15:00,444880113,265363975,0,49.43,0
2024-01-06 15:20:00,491734981,302677670,5,54.64,0
2024-01-06 15:25:00,471822594,287100929,1,52.42,0
2024-01-06 15:30:00,437156305,258027786,2,48.57,0
2024-01-06 15:35:00,467534642,279273604,1,51.95,0
2024-01-06 15:40:00,439015454,261927044,0,48.78,0
2024-01-06 15:45:00,450392329,275288011,0,50.04,0
2024-01-06 15:50:00,438646562,259517711,0,48.74,0
2024-01-06 15:55:00,407578448,240642977,2,45.29,0
2024-01-06 16:00:00,407129003,263964975,2,45.24,0
2024-01-06 16:05:00,436036520,271019267,2,48.45,0
2024-01-06 16:10:00,404124160,234868489,2,44.9,0
2024-01-06 16:15:00,398076316,244555199,1,44.23,0
2024-01-06 16:20:00,382325931,230579059,3,42.48,0
2024-01-06 16:25:00,405131186,246994223,2,45.01,0
2024-01-06 16:30:00,433094522,261230126,4,48.12,0
2024-01-06 16:35:00,365634470,231277108,3,40.63,0
2024-01-06 16:40:00,382569223,232997737,1,42.51,0
2024-01-06 16:45:00,405389882,242613042,1,45.04,0
2024-01-06 16:50:00,370576564,232767844,2,41.18,0
2024-01-06 16:55:00,376206399,228056689,3,41.8,0
2024-01-06 17:00:00,340868700,205736005,3,37.87,0
2024-01-06 17:05:00,365610756,222506679,2,40.62,0
2024-01-06 17:10:00,348202622,207985482,0,38.69,0
2024-01-06 17:15:00,366536277,220014036,1,40.73,0
2024-01-06 17:20:00,365423283,213387024,3,40.6,0
2024-01-06 17:25:00,388300885,225468859,4,43.14,0
2024-01-06 17:30:00,342918949,195765665,2,38.1,0
2024-01-06 17:35:00,332643976,185666552,4,36.96,0
2024-01-06 17:40:00,324805064,186085864,3,36.09,0
2024-01-06 17:45:00,308633425,183437384,1,34.29,0
2024-01-06 17:50:00,317238329,191374173,2,35.25,0
2024-01-06 17:55:00,299327544,176883560,3,33.26,0
2024-01-06 18:00:00,303369219,158464496,2,33.71,0
2024-01-06 18:05:00,321116378,208415690,2,35.68,0
2024-01-06 18:10:00,269400495,172505098,2,29.93,0
2024-01-06 18:15:00,307100820,188718090,1,34.12,0
2024-01-06 18:20:00,305424923,202329860,3,33.94,0
2024-01-06 18:25:00,271510579,153132706,4,30.17,0
2024-01-06 18:30:00,226236615,154618220,1,25.14,0
2024-01-06 18:35:00,251333947,141148227,1,27.93,0
2024-01-06 18:40:00,284264328,172945976,1,31.58,0
2024-01-06 18:45:00,252720961,138894203,2,28.08,0
2024-01-06 18:50:00,228068448,136988009,3,25.34,0
2024-01-06 18:55:00,232859887,143577597,2,25.87,0
2024-01-06 19:00:00,254695829,151270594,4,28.3,0
2024-01-06 19:05:00,243775707,153404199,2,27.09,0
2024-01-06 19:10:00,223051966,134821324,1,24.78,0
2024-01-06 19:15:00,215518040,124086676,4,23.95,0
2024-01-06 19:20:00,210080002,120379868,1,23.34,0
2024-01-06 19:25:00,194566667,124849137,2,21.62,0
2024-01-06 19:30:00,240463490,137740673,5,26.72,0
2024-01-06 19:35:00,196894385,127290660,0,21.88,0
2024-01-06 19:40:00,222914787,145975990,2,24.77,0
2024-01-06 19:45:00,224277035,117879082,2,24.92,0
2024-01-06 19:50:00,209146550,136817194,1,23.24,0
2024-01-06 19:55:00,175930289,126162400,4,19.55,0
2024-01-06 20:00:00,188074601,115364798,7,20.9,0
2024-01-06 20:05:00,175010505,110997145,5,19.45,0
2024-01-06 20:10:00,152974056,102154487,2,17.0,0
2024-01-06 20:15:00,173150329,101135374,4,19.24,0
2024-01-06 20:20:00,138760859,85079317,3,15.42,0
2024-01-06 20:25:00,181839272,95961568,2,20.2,0
2024-01-06 20:30:00,144604911,88149296,2,16.07,0
2024-01-06 20:35:00,153801559,97262055,1,17.09,0
2024-01-06 20:40:00,151396731,95999668,2,16.82,0
2024-01-06 20:45:00,136578904,92601590,5,15.18,0
2024-01-06 20:50:00,149592226,82007313,0,16.62,0
2024-01-06 20:55:00,124538793,69397208,0,13.84,0
2024-01-06 21:00:00,147720318,107587264,3,16.41,0
2024-01-06 21:05:00,99713055,58324549,2,11.08,0
2024-01-06 21:10:00,125581030,77348956,2,13.95,0
2024-01-06 21:15:00,158337026,94332115,4,17.59,0
2024-01-06 21:20:00,96142707,49468816,2,10.68,0
2024-01-06 21:25:00,99272824,75798986,1,11.03,0
2024-01-06 21:30:00,119873355,66646999,4,13.32,0
2024-01-06 21:35:00,110044930,54754103,0,12.23,0
2024-01-06 21:40:00,110416111,61742264,3,12.27,0
2024-01-06 21:45:00,110231035,46121561,1,12.25,0
2024-01-06 21:50:00,110280482,59655414,3,12.25,0
2024-01-06 21:55:00,117015147,60527802,2,13.0,0
2024-01-06 22:00:00,100350276,66384452,2,11.15,0
2024-01-06 22:05:00,84760425,44122112,2,9.42,0
2024-01-06 22:10:00,100568874,69219363,2,11.17,0
2024-01-06 22:15:00,122748180,87633748,0,13.64,0
2024-01-06 22:20:00,79833456,55711827,2,8.87,0
2024-01-06 22:25:00,60834658,34346912,2,6.76,0
2024-01-06 22:30:00,100410525,61657460,2,11.16,0
2024-01-06 22:35:00,73910488,30000000,0,8.21,0
2024-01-06 22:40:00,50000000,30000000,2,5.56,0
2024-01-06 22:45:00,89685202,45206736,3,9.97,0
2024-01-06 22:50:00,60401368,43184084,2,6.71,0
2024-01-06 22:55:00,67777369,66393945,1,7.53,0
2024-01-06 23:00:00,74817408,49888661,0,8.31,0
2024-01-06 23:05:00,70687896,30000000,0,7.85,0
2024-01-06 23:10:00,79877994,44314494,1,8.88,0
2024-01-06 23:15:00,55901805,34765992,2,6.21,0
2024-01-06 23:20:00,73908255,45218527,1,8.21,0
2024-01-06 23:25:00,57602303,30000000,0,6.4,0
2024-01-06 23:30:00,76829442,48550583,1,8.54,0
2024-01-06 23:35:00,73733828,31815288,3,8.19,0
2024-01-06 23:40:00,50000000,30000000,0,5.56,0
2024-01-06 23:45:00,82233500,55798076,1,9.14,0
2024-01-06 23:50:00,50000000,30000000,1,5.56,0
2024-01-06 23:55:00,76218269,51113077,2,8.47,0
2024-01-07 00:00:00,67345746,30000000,2,7.48,0
2024-01-07 00:05:00,96820787,75740731,1,10.76,0
2024-01-07 00:10:00,55759107,30000000,1,6.2,0
2024-01-07 00:15:00,53527522,30000000,2,5.95,0
2024-01-07 00:20:00,60524880,39621060,2,6.72,0
2024-01-07 00:25:00,55362883,30000000,0,6.15,0
2024-01-07 00:30:00,78052071,48265302,3,8.67,0
2024-01-07 00:35:00,50000000,35753567,3,5.56,0
2024-01-07 00:40:00,50000000,39606132,3,5.56,0
2024-01-07 00:45:00,50000000,37914974,1,5.56,0
2024-01-07 00:50:00,84695110,49098961,1,9.41,0
2024-01-07 00:55:00,101090170,59187784,1,11.23,0
2024-01-07 01:00:00,66088817,63144375,3,7.34,0
2024-01-07 01:05:00,66211600,49225850,0,7.36,0
2024-01-07 01:10:00,72508975,34287148,1,8.06,0
2024-01-07 01:15:00,95974334,58584482,2,10.66,0
2024-01-07 01:20:00,55926708,30204593,4,6.21,0
2024-01-07 01:25:00,81085491,47297952,4,9.01,0
2024-01-07 01:30:00,97772864,46368767,0,10.86,0
2024-01-07 01:35:00,90347128,50089044,9,10.04,0
2024-01-07 01:40:00,86277763,69882215,0,9.59,0
2024-01-07 01:45:00,104771463,68653641,0,11.64,0
2024-01-07 01:50:00,50000000,30000000,0,5.56,0
2024-01-07 01:55:00,103143085,74053085,0,11.46,0
2024-01-07 02:00:00,79072389,58339728,0,8.79,0
2024-01-07 02:05:00,58208493,31332242,4,6.47,0
2024-01-07 02:10:00,107810104,71858698,1,11.98,0
2024-01-07 02:15:00,127920463,68158286,2,14.21,0
2024-01-07 02:20:00,100654539,55690166,2,11.18,0
2024-01-07 02:25:00,125510785,90291935,1,13.95,0
2024-01-07 02:30:00,141840763,82387157,3,15.76,0
2024-01-07 02:35:00,139126013,64778291,1,15.46,0
2024-01-07 02:40:00,148948624,88736142,0,16.55,0
2024-01-07 02:45:00,134400996,79854713,3,14.93,0
2024-01-07 02:50:00,124562111,86720952,4,13.84,0
2024-01-07 02:55:00,94593332,56899363,1,10.51,0
2024-01-07 03:00:00,125373122,71008050,2,13.93,0
2024-01-07 03:05:00,117171934,80753722,2,13.02,0
2024-01-07 03:10:00,181277204,109974225,2,20.14,0
2024-01-07 03:15:00,138239288,75443346,0,15.36,0
2024-01-07 03:20:00,148195069,100467017,2,16.47,0
2024-01-07 03:25:00,160808074,98421462,0,17.87,0
2024-01-07 03:30:00,154769305,92890843,2,17.2,0
2024-01-07 03:35:00,191986705,116971107,4,21.33,0
2024-01-07 03:40:00,149888668,79226517,1,16.65,0
2024-01-07 03:45:00,170555293,97056638,1,18.95,0
2024-01-07 03:50:00,156198682,93755035,1,17.36,0
2024-01-07 03:55:00,149093967,87509743,2,16.57,0
2024-01-07 04:00:00,167764618,113383054,3,18.64,0
2024-01-07 04:05:00,183821959,112467234,1,20.42,0
2024-01-07 04:10:00,180594288,116905612,3,20.07,0
2024-01-07 04:15:00,180002294,108095330,4,20.0,0
2024-01-07 04:20:00,170445267,112830045,1,18.94,0
2024-01-07 04:25:00,201678682,124982487,2,22.41,0
2024-01-07 04:30:00,178061568,106971146,3,19.78,0
2024-01-07 04:35:00,228215990,136796763,3,25.36,0
2024-01-07 04:40:00,219563960,122193990,0,24.4,0
2024-01-07 04:45:00,193703498,121291256,2,21.52,0
2024-01-07 04:50:00,221646426,132585808,3,24.63,0
2024-01-07 04:55:00,217797908,125658825,4,24.2,0
2024-01-07 05:00:00,244266919,157624769,2,27.14,0
2024-01-07 05:05:00,269764394,149356476,1,29.97,0
2024-01-07 05:10:00,210551043,122105667,3,23.39,0
2024-01-07 05:15:00,255478844,163564494,2,28.39,0
2024-01-07 05:20:00,255121781,156228298,1,28.35,0
2024-01-07 05:25:00,276917188,165671724,4,30.77,0
2024-01-07 05:30:00,272937646,166272623,5,30.33,0
2024-01-07 05:35:00,258832563,157093679,2,28.76,0
2024-01-07 05:40:00,272701543,148454300,1,30.3,0
2024-01-07 05:45:00,268382731,157537020,3,29.82,0
2024-01-07 05:50:00,311051489,202796110,3,34.56,0
2024-01-07 05:55:00,295190660,170521154,2,32.8,0
2024-01-07 06:00:00,338023813,199631278,3,37.56,0
2024-01-07 06:05:00,304022356,176997206,0,33.78,0
2024-01-07 06:10:00,296300517,176910158,4,32.92,0
2024-01-07 06:15:00,285422463,165422249,1,31.71,0
2024-01-07 06:20:00,284854584,175780165,0,31.65,0
2024-01-07 06:25:00,294445331,178640332,2,32.72,0
2024-01-07 06:30:00,336668819,209736767,2,37.41,0
2024-01-07 06:35:00,346684113,197501056,0,38.52,0
2024-01-07 06:40:00,310051748,182627644,3,34.45,0
2024-01-07 06:45:00,364722443,216576239,4,40.52,0
2024-01-07 06:50:00,342284286,209927040,2,38.03,0
2024-01-07 06:55:00,359980474,208056072,0,40.0,0
2024-01-07 07:00:00,394360983,245773128,2,43.82,0
2024-01-07 07:05:00,385095749,242921605,3,42.79,0
2024-01-07 07:10:00,366798778,210190543,2,40.76,0
2024-01-07 07:15:00,359321627,210684247,2,39.92,0
2024-01-07 07:20:00,339048526,198109800,3,37.67,0
2024-01-07 07:25:00,372602062,249885099,2,41.4,0
2024-01-07 07:30:00,387621418,228273850,1,43.07,0
2024-01-07 07:35:00,376915615,242925623,1,41.88,0
2024-01-07 07:40:00,398803243,226615626,3,44.31,0
2024-01-07 07:45:00,407686323,234715284,1,45.3,0
2024-01-07 07:50:00,406322547,236927483,4,45.15,0
2024-01-07 07:55:00,402437252,233005458,1,44.72,0
2024-01-07 08:00:00,423373093,251344868,3,47.04,0
2024-01-07 08:05:00,433344394,252918854,2,48.15,0
2024-01-07 08:10:00,407143924,236092938,3,45.24,0
2024-01-07 08:15:00,461555503,288518022,1,51.28,0
2024-01-07 08:20:00,435686582,273649885,1,48.41,0
2024-01-07 08:25:00,442291308,274867749,4,49.14,0
2024-01-07 08:30:00,460267031,281400208,1,51.14,0
2024-01-07 08:35:00,454885955,273859004,1,50.54,0
2024-01-07 08:40:00,473331759,279028748,3,52.59,0
2024-01-07 08:45:00,463985478,268859712,0,51.55,0
2024-01-07 08:50:00,449892902,273565698,2,49.99,0
2024-01-07 08:55:00,473193203,272179618,1,52.58,0
2024-01-07 09:00:00,446831103,258159452,3,49.65,0
2024-01-07 09:05:00,475538545,296852259,1,52.84,0
2024-01-07 09:10:00,476281961,304775667,1,52.92,0
2024-01-07 09:15:00,476279216,289700481,3,52.92,0
2024-01-07 09:20:00,481279916,299832521,1,53.48,0
2024-01-07 09:25:00,449535295,267262693,3,49.95,0
2024-01-07 09:30:00,479430303,274281440,3,53.27,0
2024-01-07 09:35:00,495403603,303363878,4,55.04,0
2024-01-07 09:40:00,499793618,305569064,3,55.53,0
2024-01-07 09:45:00,478999204,288116208,3,53.22,0
2024-01-07 09:50:00,527728103,314213107,0,58.64,0
2024-01-07 09:55:00,487855351,302335316,3,54.21,0
2024-01-07 10:00:00,527235240,306483814,2,58.58,0
2024-01-07 10:05:00,518958308,303637179,4,57.66,0
2024-01-07 10:10:00,499958053,289893767,1,55.55,0
2024-01-07 10:15:00,550755675,331303135,1,61.2,0
2024-01-07 10:20:00,493641132,285305749,0,54.85,0
2024-01-07 10:25:00,538057838,315992281,2,59.78,0
2024-01-07 10:30:00,541742734,317988084,0,60.19,0
2024-01-07 10:35:00,510269484,303555607,2,56.7,0
2024-01-07 10:40:00,553375534,317151576,2,61.49,0
2024-01-07 10:45:00,522262300,314229430,1,58.03,0
2024-01-07 10:50:00,534665940,333272600,0,59.41,0
2024-01-07 10:55:00,535618401,322725954,4,59.51,0
2024-01-07 11:00:00,529136023,332894825,3,58.79,0
2024-01-07 11:05:00,549338262,342942939,2,61.04,0
2024-01-07 11:10:00,550180816,337885840,0,61.13,0
2024-01-07 11:15:00,500417827,300997555,1,55.6,0
2024-01-07 11:20:00,562440665,337689403,0,62.49,0
2024-01-07 11:25:00,503956922,310012151,3,56.0,0
2024-01-07 11:30:00,558597690,331241908,2,62.07,0
2024-01-07 11:35:00,561107623,317839366,0,62.35,0
2024-01-07 11:40:00,517267398,315280479,1,57.47,0
2024-01-07 11:45:00,531269855,307451227,3,59.03,0
2024-01-07 11:50:00,517657479,300973075,1,57.52,0
2024-01-07 11:55:00,535644465,321388919,2,59.52,0
2024-01-07 12:00:00,533839314,319352339,1,59.32,0
2024-01-07 12:05:00,555536097,319200902,2,61.73,0
2024-01-07 12:10:00,565977748,341241564,3,62.89,0
2024-01-07 12:15:00,567399817,350101287,1,63.04,0
2024-01-07 12:20:00,527843367,305422604,2,58.65,0
2024-01-07 12:25:00,534389083,333358283,1,59.38,0
2024-01-07 12:30:00,504278002,286965093,2,56.03,0
2024-01-07 12:35:00,521089361,333826858,2,57.9,0
2024-01-07 12:40:00,555650893,329277931,3,61.74,0
2024-01-07 12:45:00,567700123,342076244,1,63.08,0
2024-01-07 12:50:00,509624064,286854102,0,56.62,0
2024-01-07 12:55:00,521272811,312142326,2,57.92,0
2024-01-07 13:00:00,531294083,321061271,4,59.03,0
2024-01-07 13:05:00,536015188,320747491,2,59.56,0
2024-01-07 13:10:00,512699997,301989187,2,56.97,0
2024-01-07 13:15:00,535744451,311981025,2,59.53,0
2024-01-07 13:20:00,516049442,320934931,2,57.34,0
2024-01-07 13:25:00,523392843,314343777,1,58.15,0
2024-01-07 13:30:00,532656772,335001587,0,59.18,0
2024-01-07 13:35:00,519803200,306617096,0,57.76,0
2024-01-07 13:40:00,508786151,300923743,2,56.53,0
2024-01-07 13:45:00,513057261,315990299,2,57.01,0
2024-01-07 13:50:00,511115340,290439454,1,56.79,0
2024-01-07 13:55:00,503014200,289673886,0,55.89,0
2024-01-07 14:00:00,502670175,312576955,1,55.85,0
2024-01-07 14:05:00,537151792,310571736,2,59.68,0
2024-01-07 14:10:00,513632335,289988891,3,57.07,0
2024-01-07 14:15:00,493643100,314871132,1,54.85,0
2024-01-07 14:20:00,510535578,292383170,4,56.73,0
2024-01-07 14:25:00,486870315,293963383,1,54.1,0
2024-01-07 14:30:00,513867294,309011228,3,57.1,0
2024-01-07 14:35:00,494565119,268632788,1,54.95,0
2024-01-07 14:40:00,481704623,286349603,2,53.52,0
2024-01-07 14:45:00,489395892,298121667,1,54.38,0
2024-01-07 14:50:00,445529037,270860516,3,49.5,0
2024-01-07 14:55:00,450832001,279534407,1,50.09,0
2024-01-07 15:00:00,445827127,263621363,3,49.54,0
2024-01-07 15:05:00,468821995,288418241,0,52.09,0
2024-01-07 15:10:00,496791949,291181879,0,55.2,0
2024-01-07 15:15:00,502868998,287616724,3,55.87,0
2024-01-07 15:20:00,467030048,267240745,2,51.89,0
2024-01-07 15:25:00,460238522,261522009,2,51.14,0
2024-01-07 15:30:00,410081588,256144812,4,45.56,0
2024-01-07 15:35:00,431060839,243490768,1,47.9,0
2024-01-07 15:40:00,421902669,255881990,3,46.88,0
2024-01-07 15:45:00,420919903,249892700,2,46.77,0
2024-01-07 15:50:00,425589029,254326932,6,47.29,0
2024-01-07 15:55:00,415063770,262674335,2,46.12,0
2024-01-07 16:00:00,380414003,223864128,1,42.27,0
2024-01-07 16:05:00,430395509,264353321,1,47.82,0
2024-01-07 16:10:00,389364806,233994517,1,43.26,0
2024-01-07 16:15:00,410934222,245040344,4,45.66,0
2024-01-07 16:20:00,442910036,288745712,2,49.21,0
2024-01-07 16:25:00,378271513,212549490,4,42.03,0
2024-01-07 16:30:00,341238273,217634282,4,37.92,0
2024-01-07 16:35:00,381265044,235323092,0,42.36,0
2024-01-07 16:40:00,404104027,237667166,1,44.9,0
2024-01-07 16:45:00,416312420,266080637,1,46.26,0
2024-01-07 16:50:00,347578399,190065938,3,38.62,0
2024-01-07 16:55:00,377092947,221038102,2,41.9,0
2024-01-07 17:00:00,352810361,199601394,4,39.2,0
2024-01-07 17:05:00,354925647,217076222,1,39.44,0
2024-01-07 17:10:00,404832374,231768783,1,44.98,0
2024-01-07 17:15:00,316762270,194388001,4,35.2,0
2024-01-07 17:20:00,346750355,206185849,5,38.53,0
2024-01-07 17:25:00,345863476,202724546,2,38.43,0
2024-01-07 17:30:00,353042012,215711680,2,39.23,0
2024-01-07 17:35:00,328087713,194166411,2,36.45,0
2024-01-07 17:40:00,327078389,185360684,1,36.34,0
2024-01-07 17:45:00,307863779,212731997,4,34.21,0
2024-01-07 17:50:00,315851191,184639043,2,35.09,0
2024-01-07 17:55:00,298371726,156846945,1,33.15,0
2024-01-07 18:00:00,312431437,179037875,3,34.71,0
2024-01-07 18:05:00,287372220,159750565,1,31.93,0
2024-01-07 18:10:00,297073354,186505469,1,33.01,0
2024-01-07 18:15:00,283717992,173447322,3,31.52,0
2024-01-07 18:20:00,301603626,184949304,1,33.51,0
2024-01-07 18:25:00,272844075,160006220,0,30.32,0
2024-01-07 18:30:00,233213064,137134336,1,25.91,0
2024-01-07 18:35:00,288728817,169527979,4,32.08,0
2024-01-07 18:40:00,240209791,143313942,2,26.69,0
2024-01-07 18:45:00,240102995,152415131,0,26.68,0
2024-01-07 18:50:00,236141266,145045514,3,26.24,0
2024-01-07 18:55:00,270444147,167267616,3,30.05,0
2024-01-07 19:00:00,195169944,122097556,4,21.69,0
2024-01-07 19:05:00,295596007,186202028,2,32.84,0
2024-01-07 19:10:00,248951744,152252546,2,27.66,0
2024-01-07 19:15:00,227319306,139980064,3,25.26,0
2024-01-07 19:20:00,216817285,141978433,1,24.09,0
2024-01-07 19:25:00,218725952,124585112,3,24.3,0
2024-01-07 19:30:00,218578424,122589629,1,24.29,0
2024-01-07 19:35:00,216245106,117887847,2,24.03,0
2024-01-07 19:40:00,209683706,127639369,3,23.3,0
2024-01-07 19:45:00,195642327,98848074,3,21.74,0
2024-01-07 19:50:00,185233564,115761679,0,20.58,0
2024-01-07 19:55:00,181537229,107830406,2,20.17,0
2024-01-07 20:00:00,176101834,117007497,2,19.57,0
2024-01-07 20:05:00,198169819,112182718,2,22.02,0
2024-01-07 20:10:00,182919228,107718354,1,20.32,0
2024-01-07 20:15:00,107855371,75935256,1,11.98,0
2024-01-07 20:20:00,175459670,119107158,0,19.5,0
2024-01-07 20:25:00,161980408,90386721,1,18.0,0
2024-01-07 20:30:00,153523081,93931661,4,17.06,0
2024-01-07 20:35:00,142007997,88148988,3,15.78,0
2024-01-07 20:40:00,168213228,104664470,3,18.69,0
2024-01-07 20:45:00,160707533,93798763,4,17.86,0
2024-01-07 20:50:00,122400796,86254312,1,13.6,0
2024-01-07 20:55:00,142177912,66409712,4,15.8,0
2024-01-07 21:00:00,110861237,62305440,1,12.32,0
2024-01-07 21:05:00,99040285,63903478,2,11.0,0
2024-01-07 21:10:00,110519094,70883704,2,12.28,0
2024-01-07 21:15:00,136806315,95611379,0,15.2,0
2024-01-07 21:20:00,135211834,93109354,2,15.02,0
2024-01-07 21:25:00,123089432,70998243,2,13.68,0
2024-01-07 21:30:00,124097114,87456980,2,13.79,0
2024-01-07 21:35:00,116776860,62925698,1,12.98,0
2024-01-07 21:40:00,90573877,63653200,4,10.06,0
2024-01-07 21:45:00,109085743,83556671,3,12.12,0
2024-01-07 21:50:00,113594243,80305987,3,12.62,0
2024-01-07 21:55:00,109906977,67001890,3,12.21,0
2024-01-07 22:00:00,115932170,66241514,4,12.88,0
2024-01-07 22:05:00,103751655,46965080,0,11.53,0
2024-01-07 22:10:00,94146364,59593214,3,10.46,0
2024-01-07 22:15:00,106153546,52539955,2,11.79,0
2024-01-07 22:20:00,81955705,41242076,4,9.11,0
2024-01-07 22:25:00,62687751,30000000,1,6.97,0
2024-01-07 22:30:00,75007572,40400620,1,8.33,0
2024-01-07 22:35:00,61420058,36572340,1,6.82,0
2024-01-07 22:40:00,60970205,39318269,2,6.77,0
2024-01-07 22:45:00,69846395,35902770,3,7.76,0
2024-01-07 22:50:00,55259533,43848557,2,6.14,0
2024-01-07 22:55:00,63428804,35975230,1,7.05,0
2024-01-07 23:00:00,50000000,30000000,1,5.56,0
2024-01-07 23:05:00,71143777,44949189,0,7.9,0
2024-01-07 23:10:00,65713067,59063369,3,7.3,0
2024-01-07 23:15:00,50000000,33351605,5,5.56,0
2024-01-07 23:20:00,76831052,42470075,1,8.54,0
2024-01-07 23:25:00,81544640,33652170,3,9.06,0
2024-01-07 23:30:00,50000000,30000000,2,5.56,0
2024-01-07 23:35:00,50000000,32349281,0,5.56,0
2024-01-07 23:40:00,50000000,30000000,3,5.56,0
2024-01-07 23:45:00,50000000,30000000,2,5.56,0
2024-01-07 23:50:00,76817923,37585100,1,8.54,0
2024-01-07 23:55:00,56180590,48253739,1,6.24,0
2024-01-08 00:00:00,54709703,47165831,2,6.08,0
2024-01-08 00:05:00,50000000,30000000,3,5.56,0
2024-01-08 00:10:00,72936787,50489640,2,8.1,0
2024-01-08 00:15:00,50000000,30000000,1,5.56,0
2024-01-08 00:20:00,62111925,51310317,4,6.9,0
2024-01-08 00:25:00,66974017,42636769,1,7.44,0
2024-01-08 00:30:00,89266405,63056258,5,9.92,0
2024-01-08 00:35:00,50000000,30000000,2,5.56,0
2024-01-08 00:40:00,50000000,36776371,0,5.56,0
2024-01-08 00:45:00,68288523,40896373,1,7.59,0
2024-01-08 00:50:00,101699181,69538799,2,11.3,0
2024-01-08 00:55:00,91656830,64142776,3,10.18,0
2024-01-08 01:00:00,72370989,44080440,2,8.04,0
2024-01-08 01:05:00,59755311,30000000,0,6.64,0
2024-01-08 01:10:00,87250383,60147192,0,9.69,0
2024-01-08 01:15:00,53265844,31357961,2,5.92,0
2024-01-08 01:20:00,84000926,41672706,1,9.33,0
2024-01-08 01:25:00,86427514,42654986,2,9.6,0
2024-01-08 01:30:00,99473110,44912222,2,11.05,0
2024-01-08 01:35:00,135518445,76208155,2,15.06,0
2024-01-08 01:40:00,90334450,65227590,0,10.04,0
2024-01-08 01:45:00,74571269,46521059,0,8.29,0
2024-01-08 01:50:00,86605913,46665871,2,9.62,0
2024-01-08 01:55:00,54204060,40570995,2,6.02,0
2024-01-08 02:00:00,78259640,38631018,2,8.7,0
2024-01-08 02:05:00,86635502,52934804,3,9.63,0
2024-01-08 02:10:00,87104285,50466267,1,9.68,0
2024-01-08 02:15:00,103494390,69887940,4,11.5,0
2024-01-08 02:20:00,86955110,36400782,1,9.66,0
2024-01-08 02:25:00,128873908,68822367,0,14.32,0
2024-01-08 02:30:00,109599339,49377147,3,12.18,0
2024-01-08 02:35:00,112641717,64989063,1,12.52,0
2024-01-08 02:40:00,109591439,77869138,4,12.18,0
2024-01-08 02:45:00,122662259,68542883,2,13.63,0
2024-01-08 02:50:00,139555404,78626403,2,15.51,0
2024-01-08 02:55:00,109290044,74291271,3,12.14,0
2024-01-08 03:00:00,117132042,80964721,1,13.01,0
2024-01-08 03:05:00,127962346,75891696,3,14.22,0
2024-01-08 03:10:00,110940931,73411707,0,12.33,0
2024-01-08 03:15:00,125371847,64453562,2,13.93,0
2024-01-08 03:20:00,136206556,95503677,0,15.13,0
2024-01-08 03:25:00,167266150,121846753,0,18.59,0
2024-01-08 03:30:00,159148483,100701248,1,17.68,0
2024-01-08 03:35:00,161957482,76331173,1,18.0,0
2024-01-08 03:40:00,179359614,102033466,1,19.93,0
2024-01-08 03:45:00,163915708,104477678,2,18.21,0
2024-01-08 03:50:00,178857390,103099604,1,19.87,0
2024-01-08 03:55:00,173429982,116779975,2,19.27,0
2024-01-08 04:00:00,185307246,117065920,1,20.59,0
2024-01-08 04:05:00,172907522,96679758,1,19.21,0
2024-01-08 04:10:00,140403989,84565041,2,15.6,0
2024-01-08 04:15:00,191165131,105760746,1,21.24,0
2024-01-08 04:20:00,227026579,134390099,1,25.23,0
2024-01-08 04:25:00,221865102,127573129,3,24.65,0
2024-01-08 04:30:00,227463925,148225973,1,25.27,0
2024-01-08 04:35:00,237737485,163802611,3,26.42,0
2024-01-08 04:40:00,219688317,117501107,1,24.41,0
2024-01-08 04:45:00,226800842,116848342,2,25.2,0
2024-01-08 04:50:00,215477570,126834817,0,23.94,0
2024-01-08 04:55:00,226519579,120727590,1,25.17,0
2024-01-08 05:00:00,250198852,150581427,2,27.8,0
2024-01-08 05:05:00,267033074,167709205,1,29.67,0
2024-01-08 05:10:00,245265567,162100759,0,27.25,0
2024-01-08 05:15:00,244174537,148518668,2,27.13,0
2024-01-08 05:20:00,258334996,153069445,2,28.7,0
2024-01-08 05:25:00,275514522,145524864,3,30.61,0
2024-01-08 05:30:00,239796617,144139822,1,26.64,0
2024-01-08 05:35:00,227948330,137481871,1,25.33,0
2024-01-08 05:40:00,268071884,167232698,2,29.79,0
2024-01-08 05:45:00,259889000,148848519,2,28.88,0
2024-01-08 05:50:00,279368543,163270599,2,31.04,0
2024-01-08 05:55:00,291808821,160305270,2,32.42,0
2024-01-08 06:00:00,290935031,151648091,3,32.33,0
2024-01-08 06:05:00,334284923,189485982,3,37.14,0
2024-01-08 06:10:00,317003548,174498870,1,35.22,0
2024-01-08 06:15:00,321706238,196390865,1,35.75,0
2024-01-08 06:20:00,333361521,194835572,3,37.04,0
2024-01-08 06:25:00,303351387,176628461,3,33.71,0
2024-01-08 06:30:00,352108521,201420982,2,39.12,0
2024-01-08 06:35:00,334994326,168670941,2,37.22,0
2024-01-08 06:40:00,355085174,228134212,3,39.45,0
2024-01-08 06:45:00,325384532,185228014,2,36.15,0
2024-01-08 06:50:00,320870332,188397998,2,35.65,0
2024-01-08 06:55:00,373402407,209492522,3,41.49,0
2024-01-08 07:00:00,369644761,231506160,1,41.07,0
2024-01-08 07:05:00,349117932,210905048,3,38.79,0
2024-01-08 07:10:00,354776130,204602025,0,39.42,0
2024-01-08 07:15:00,399654167,235870204,3,44.41,0
2024-01-08 07:20:00,358296596,231759757,1,39.81,0
2024-01-08 07:25:00,419838588,251173458,4,46.65,0
2024-01-08 07:30:00,373831609,222481630,2,41.54,0
2024-01-08 07:35:00,409427044,236242411,3,45.49,0
2024-01-08 07:40:00,394856013,217967796,2,43.87,0
2024-01-08 07:45:00,418213034,249327433,1,46.47,0
2024-01-08 07:50:00,399937387,243217283,2,44.44,0
2024-01-08 07:55:00,412181446,258304712,3,45.8,0
2024-01-08 08:00:00,420818383,230006064,3,46.76,0
2024-01-08 08:05:00,404461832,231426136,1,44.94,0
2024-01-08 08:10:00,443768392,260453624,1,49.31,0
2024-01-08 08:15:00,423072584,253808742,1,47.01,0
2024-01-08 08:20:00,433086346,258401470,6,48.12,0
2024-01-08 08:25:00,422027328,251999510,3,46.89,0
2024-01-08 08:30:00,394856069,240994602,2,43.87,0
2024-01-08 08:35:00,446401078,258807715,1,49.6,0
2024-01-08 08:40:00,502521334,310854215,0,55.84,0
2024-01-08 08:45:00,473935081,288695573,2,52.66,0
2024-01-08 08:50:00,461756442,273855542,0,51.31,0
2024-01-08 08:55:00,460705316,292432270,2,51.19,0
2024-01-08 09:00:00,470154945,297657127,0,52.24,0
2024-01-08 09:05:00,484309733,299914793,2,53.81,0
2024-01-08 09:10:00,453330304,241812615,1,50.37,0
2024-01-08 09:15:00,502727987,317426243,2,55.86,0
2024-01-08 09:20:00,498158292,306842560,3,55.35,0
2024-01-08 09:25:00,501535990,320985680,3,55.73,0
2024-01-08 09:30:00,499174316,311879235,1,55.46,0
2024-01-08 09:35:00,493939038,312146849,3,54.88,0
2024-01-08 09:40:00,510053715,314818777,2,56.67,0
2024-01-08 09:45:00,511388989,320320325,3,56.82,0
2024-01-08 09:50:00,495333132,317141117,1,55.04,0
2024-01-08 09:55:00,493706813,298389635,1,54.86,0
2024-01-08 10:00:00,509883222,290207628,3,56.65,0
2024-01-08 10:05:00,541394824,321762285,2,60.15,0
2024-01-08 10:10:00,488100458,296759731,5,54.23,0
2024-01-08 10:15:00,485898952,292288247,4,53.99,0
2024-01-08 10:20:00,520809085,300019831,1,57.87,0
2024-01-08 10:25:00,520692509,296104829,1,57.85,0
2024-01-08 10:30:00,525197921,307707125,1,58.36,0
2024-01-08 10:35:00,528560952,325213967,0,58.73,0
2024-01-08 10:40:00,521062183,328440708,2,57.9,0
2024-01-08 10:45:00,557060499,343401976,1,61.9,0
2024-01-08 10:50:00,496873988,308698666,0,55.21,0
2024-01-08 10:55:00,513842024,307497059,2,57.09,0
2024-01-08 11:00:00,529757103,300433437,2,58.86,0
2024-01-08 11:05:00,500258320,295602786,4,55.58,0
2024-01-08 11:10:00,530793953,315888728,1,58.98,0
2024-01-08 11:15:00,568617870,336200197,2,63.18,0
2024-01-08 11:20:00,536771590,322609902,0,59.64,0
2024-01-08 11:25:00,541820780,329506665,2,60.2,0
2024-01-08 11:30:00,512743471,316176234,2,56.97,0
2024-01-08 11:35:00,526246293,312966577,2,58.47,0
2024-01-08 11:40:00,531582799,299912085,3,59.06,0
2024-01-08 11:45:00,533131839,315050326,2,59.24,0
2024-01-08 11:50:00,565404449,339679773,1,62.82,0
2024-01-08 11:55:00,551096707,342886103,0,61.23,0
2024-01-08 12:00:00,517770840,304984426,2,57.53,0
2024-01-08 12:05:00,544872982,332049225,2,60.54,0
2024-01-08 12:10:00,549736008,332742483,1,61.08,0
2024-01-08 12:15:00,562289122,337812478,0,62.48,0
2024-01-08 12:20:00,570697541,351723857,4,63.41,0
2024-01-08 12:25:00,518271637,304354570,1,57.59,0
2024-01-08 12:30:00,521729616,307285905,1,57.97,0
2024-01-08 12:35:00,512055205,307114114,2,56.9,0
2024-01-08 12:40:00,531673463,312602613,2,59.07,0
2024-01-08 12:45:00,544715634,331909503,0,60.52,0
2024-01-08 12:50:00,554057732,325302716,1,61.56,0
2024-01-08 12:55:00,531603076,321224887,0,59.07,0
2024-01-08 13:00:00,525425247,314253421,2,58.38,0
2024-01-08 13:05:00,533447124,322217534,3,59.27,0
2024-01-08 13:10:00,512189210,302716112,3,56.91,0
2024-01-08 13:15:00,569054005,338041520,2,63.23,0
2024-01-08 13:20:00,493373008,296983897,2,54.82,0
2024-01-08 13:25:00,527376700,318446765,2,58.6,0
2024-01-08 13:30:00,562203212,337279908,4,62.47,0
2024-01-08 13:35:00,519810751,328940074,1,57.76,0
2024-01-08 13:40:00,513713088,298320483,2,57.08,0
2024-01-08 13:45:00,508100549,304218291,1,56.46,0
2024-01-08 13:50:00,509274766,289828569,0,56.59,0
2024-01-08 13:55:00,537871390,326443649,2,59.76,0
2024-01-08 14:00:00,463608858,267012849,4,51.51,0
2024-01-08 14:05:00,535847522,318725411,0,59.54,0
2024-01-08 14:10:00,473934803,280640239,3,52.66,0
2024-01-08 14:15:00,494219660,299340707,2,54.91,0
2024-01-08 14:20:00,488011602,287279052,3,54.22,0
2024-01-08 14:25:00,505317770,297237605,3,56.15,0
2024-01-08 14:30:00,458442314,289423953,3,50.94,0
2024-01-08 14:35:00,496415729,300695105,3,55.16,0
2024-01-08 14:40:00,524336858,308991606,2,58.26,0
2024-01-08 14:45:00,453178073,269398507,0,50.35,0
2024-01-08 14:50:00,480740684,304897960,4,53.42,0
2024-01-08 14:55:00,460127707,273724975,0,51.13,0
2024-01-08 15:00:00,2630228543,280041256,3,99.0,1
2024-01-08 15:05:00,2564903489,272957691,2,99.0,1
2024-01-08 15:10:00,2471215514,264095882,2,99.0,1
2024-01-08 15:15:00,2574002427,274855287,2,99.0,1
2024-01-08 15:20:00,2696957936,281417114,1,99.0,1
2024-01-08 15:25:00,2455219566,256600133,3,99.0,1
2024-01-08 15:30:00,2532738459,268005537,3,99.0,1
2024-01-08 15:35:00,2288268710,255545024,3,99.0,1
2024-01-08 15:40:00,2301912894,247305397,2,99.0,1
2024-01-08 15:45:00,2435317398,263599371,0,99.0,1
2024-01-08 15:50:00,2522488246,287881416,0,99.0,1
2024-01-08 15:55:00,2373898169,271920780,4,99.0,1
2024-01-08 16:00:00,2275563616,245422054,4,99.0,1
2024-01-08 16:05:00,2284827229,242945244,4,99.0,1
2024-01-08 16:10:00,2121963318,222842604,4,99.0,1
2024-01-08 16:15:00,2300317756,257871513,3,99.0,1
2024-01-08 16:20:00,2304912742,249397954,2,99.0,1
2024-01-08 16:25:00,2131895694,228705490,3,99.0,1
2024-01-08 16:30:00,2103437494,221329262,2,99.0,1
2024-01-08 16:35:00,2157664815,227684952,1,99.0,1
2024-01-08 16:40:00,2053427418,227210845,2,99.0,1
2024-01-08 16:45:00,2067025506,212339308,3,99.0,1
2024-01-08 16:50:00,2277901052,258446983,2,99.0,1
2024-01-08 16:55:00,1992201471,211992623,2,99.0,1
2024-01-08 17:00:00,354949767,211473501,1,39.44,0
2024-01-08 17:05:00,344093778,193086487,3,38.23,0
2024-01-08 17:10:00,366829346,219973948,1,40.76,0
2024-01-08 17:15:00,343197193,202635106,0,38.13,0
2024-01-08 17:20:00,328688101,196712055,2,36.52,0
2024-01-08 17:25:00,362935693,232478504,4,40.33,0
2024-01-08 17:30:00,359718346,217607988,0,39.97,0
2024-01-08 17:35:00,314119578,180525155,1,34.9,0
2024-01-08 17:40:00,283586579,163038748,1,31.51,0
2024-01-08 17:45:00,335847024,207459526,2,37.32,0
2024-01-08 17:50:00,296776056,191052566,3,32.98,0
2024-01-08 17:55:00,321048084,195448030,2,35.67,0
2024-01-08 18:00:00,260597923,163245881,2,28.96,0
2024-01-08 18:05:00,312616374,193667201,0,34.74,0
2024-01-08 18:10:00,265307908,173375389,0,29.48,0
2024-01-08 18:15:00,298918531,159855217,1,33.21,0
2024-01-08 18:20:00,279368083,174293039,3,31.04,0
2024-01-08 18:25:00,254793161,162713257,1,28.31,0
2024-01-08 18:30:00,260532987,142932555,2,28.95,0
2024-01-08 18:35:00,277216756,157473372,1,30.8,0
2024-01-08 18:40:00,260442326,147757568,1,28.94,0
2024-01-08 18:45:00,264866582,151632047,2,29.43,0
2024-01-08 18:50:00,287583304,167732812,2,31.95,0
2024-01-08 18:55:00,211670553,129428360,2,23.52,0
2024-01-08 19:00:00,270227680,170793354,0,30.03,0
2024-01-08 19:05:00,234928155,151770062,2,26.1,0
2024-01-08 19:10:00,209854927,117534725,0,23.32,0
2024-01-08 19:15:00,196248255,109301923,3,21.81,0
2024-01-08 19:20:00,214132757,141637873,1,23.79,0
2024-01-08 19:25:00,231447873,145336163,1,25.72,0
2024-01-08 19:30:00,205604993,124191644,3,22.84,0
2024-01-08 19:35:00,233563893,144871702,3,25.95,0
2024-01-08 19:40:00,169548103,101430824,1,18.84,0
2024-01-08 19:45:00,193608935,121411208,1,21.51,0
2024-01-08 19:50:00,164132463,95118811,1,18.24,0
2024-01-08 19:55:00,191835333,117789249,1,21.32,0
2024-01-08 20:00:00,197737747,103537188,2,21.97,0
2024-01-08 20:05:00,167079182,93369666,3,18.56,0
2024-01-08 20:10:00,118963816,64608178,3,13.22,0
2024-01-08 20:15:00,170642107,98641363,1,18.96,0
2024-01-08 20:20:00,171076426,93380723,4,19.01,0
2024-01-08 20:25:00,166171579,94367511,3,18.46,0
2024-01-08 20:30:00,178612900,92023599,2,19.85,0
2024-01-08 20:35:00,128357293,82501380,2,14.26,0
2024-01-08 20:40:00,159335295,94776042,4,17.7,0
2024-01-08 20:45:00,165607154,82312216,4,18.4,0
2024-01-08 20:50:00,102286598,53023659,0,11.37,0
2024-01-08 20:55:00,140429903,87623956,4,15.6,0
2024-01-08 21:00:00,120210775,66696246,2,13.36,0
2024-01-08 21:05:00,125002195,68031902,2,13.89,0
2024-01-08 21:10:00,130006968,77258254,2,14.45,0
2024-01-08 21:15:00,109813874,69324300,1,12.2,0
2024-01-08 21:20:00,102635172,47217578,2,11.4,0
2024-01-08 21:25:00,113510772,73607748,1,12.61,0
2024-01-08 21:30:00,87850279,44707234,1,9.76,0
2024-01-08 21:35:00,84736792,50662795,2,9.42,0
2024-01-08 21:40:00,116990975,69840383,0,13.0,0
2024-01-08 21:45:00,77471412,41212186,2,8.61,0
2024-01-08 21:50:00,110912303,56310784,4,12.32,0
2024-01-08 21:55:00,104072976,59586920,2,11.56,0
2024-01-08 22:00:00,57637768,50835964,1,6.4,0
2024-01-08 22:05:00,76034285,32003821,1,8.45,0
2024-01-08 22:10:00,110999588,83522883,3,12.33,0
2024-01-08 22:15:00,65127231,36479127,1,7.24,0
2024-01-08 22:20:00,73198045,44272541,0,8.13,0
2024-01-08 22:25:00,89566462,42872769,1,9.95,0
2024-01-08 22:30:00,93936722,48649339,4,10.44,0
2024-01-08 22:35:00,71287333,37743303,4,7.92,0
2024-01-08 22:40:00,62523567,30000000,4,6.95,0
2024-01-08 22:45:00,101184166,58621320,3,11.24,0
2024-01-08 22:50:00,105885925,59461396,2,11.77,0
2024-01-08 22:55:00,89165195,72006929,3,9.91,0
2024-01-08 23:00:00,69884164,30270756,3,7.76,0
2024-01-08 23:05:00,50712588,31454458,2,5.63,0
2024-01-08 23:10:00,50000000,32478462,1,5.56,0
2024-01-08 23:15:00,75061814,34333883,1,8.34,0
2024-01-08 23:20:00,72014103,50076737,2,8.0,0
2024-01-08 23:25:00,90825209,50511855,5,10.09,0
2024-01-08 23:30:00,75062235,30000000,1,8.34,0
2024-01-08 23:35:00,50000000,36598496,2,5.56,0
2024-01-08 23:40:00,81952224,38001926,1,9.11,0
2024-01-08 23:45:00,50000000,30000000,1,5.56,0
2024-01-08 23:50:00,52549001,38408421,3,5.84,0
2024-01-08 23:55:00,65061117,35565055,4,7.23,0
2024-01-09 00:00:00,99913349,69125731,1,11.1,0
2024-01-09 00:05:00,122255484,85454951,1,13.58,0
2024-01-09 00:10:00,72362888,36968448,1,8.04,0
2024-01-09 00:15:00,56849926,42042580,3,6.32,0
2024-01-09 00:20:00,71603385,35407423,1,7.96,0
2024-01-09 00:25:00,79179587,69838911,0,8.8,0
2024-01-09 00:30:00,55639880,30000000,2,6.18,0
2024-01-09 00:35:00,98697464,69479353,3,10.97,0
2024-01-09 00:40:00,68247554,49386432,0,7.58,0
2024-01-09 00:45:00,74566394,47900714,4,8.29,0
2024-01-09 00:50:00,79007443,40699034,1,8.78,0
2024-01-09 00:55:00,75309635,43671806,2,8.37,0
2024-01-09 01:00:00,84956611,30000000,0,9.44,0
2024-01-09 01:05:00,57242971,36589983,4,6.36,0
2024-01-09 01:10:00,59941896,39461291,3,6.66,0
2024-01-09 01:15:00,50733684,31775204,2,5.64,0
2024-01-09 01:20:00,83263795,30000000,2,9.25,0
2024-01-09 01:25:00,91896841,42481740,0,10.21,0
2024-01-09 01:30:00,87424369,44973711,0,9.71,0
2024-01-09 01:35:00,113815093,71205645,4,12.65,0
2024-01-09 01:40:00,82374210,52317915,1,9.15,0
2024-01-09 01:45:00,98125375,57172987,4,10.9,0
2024-01-09 01:50:00,65283382,45522484,2,7.25,0
2024-01-09 01:55:00,81843584,38843726,0,9.09,0
2024-01-09 02:00:00,106064658,69741145,0,11.78,0
2024-01-09 02:05:00,111803193,71829337,2,12.42,0
2024-01-09 02:10:00,91706714,58799575,1,10.19,0
2024-01-09 02:15:00,99015308,57588780,2,11.0,0
2024-01-09 02:20:00,73046034,62135058,1,8.12,0
2024-01-09 02:25:00,99312710,64519583,3,11.03,0
2024-01-09 02:30:00,127402861,66758358,1,14.16,0
2024-01-09 02:35:00,124331824,77082149,2,13.81,0
2024-01-09 02:40:00,126162648,83222422,2,14.02,0
2024-01-09 02:45:00,120553919,66451265,2,13.39,0
2024-01-09 02:50:00,123194702,84809543,1,13.69,0
2024-01-09 02:55:00,113426226,71876072,1,12.6,0
2024-01-09 03:00:00,144270940,63137781,3,16.03,0
2024-01-09 03:05:00,142456325,88470515,2,15.83,0
2024-01-09 03:10:00,147698727,84558944,2,16.41,0
2024-01-09 03:15:00,131236307,84113582,3,14.58,0
2024-01-09 03:20:00,102664115,71040617,1,11.41,0
2024-01-09 03:25:00,171721420,104984473,3,19.08,0
2024-01-09 03:30:00,144320507,103244827,1,16.04,0
2024-01-09 03:35:00,140830169,82711032,1,15.65,0
2024-01-09 03:40:00,176211233,111974918,2,19.58,0
2024-01-09 03:45:00,158822891,103343160,1,17.65,0
2024-01-09 03:50:00,192246821,114374633,3,21.36,0
2024-01-09 03:55:00,187834537,120488465,1,20.87,0
2024-01-09 04:00:00,193671386,110256102,2,21.52,0
2024-01-09 04:05:00,157243581,90120464,1,17.47,0
2024-01-09 04:10:00,213419212,114926640,1,23.71,0
2024-01-09 04:15:00,199075724,121859526,3,22.12,0
2024-01-09 04:20:00,191186074,117964161,4,21.24,0
2024-01-09 04:25:00,206208563,135517769,2,22.91,0
2024-01-09 04:30:00,172631271,111490162,3,19.18,0
2024-01-09 04:35:00,221187927,129864800,3,24.58,0
2024-01-09 04:40:00,197327735,106614844,2,21.93,0
2024-01-09 04:45:00,195801122,121809177,2,21.76,0
2024-01-09 04:50:00,197383424,129537586,3,21.93,0
2024-01-09 04:55:00,255094804,160608732,2,28.34,0
2024-01-09 05:00:00,225298161,146023672,1,25.03,0
2024-01-09 05:05:00,273629940,162059068,6,30.4,0
2024-01-09 05:10:00,237338463,137736888,2,26.37,0
2024-01-09 05:15:00,219031163,124049684,2,24.34,0
2024-01-09 05:20:00,235993948,141037404,1,26.22,0
2024-01-09 05:25:00,288206619,172138063,0,32.02,0
2024-01-09 05:30:00,265555750,161400226,2,29.51,0
2024-01-09 05:35:00,262906204,156450747,2,29.21,0
2024-01-09 05:40:00,282282986,168033514,2,31.36,0
2024-01-09 05:45:00,294338903,168836401,2,32.7,0
2024-01-09 05:50:00,311879323,196543784,1,34.65,0
2024-01-09 05:55:00,323734412,195005827,7,35.97,0
2024-01-09 06:00:00,292804627,173938336,4,32.53,0
2024-01-09 06:05:00,278714618,159754478,3,30.97,0
2024-01-09 06:10:00,302199349,168000478,4,33.58,0
2024-01-09 06:15:00,320902361,205621058,2,35.66,0
2024-01-09 06:20:00,301642199,186531706,2,33.52,0
2024-01-09 06:25:00,306985031,167951840,0,34.11,0
2024-01-09 06:30:00,338202043,210552649,5,37.58,0
2024-01-09 06:35:00,335536565,210546751,1,37.28,0
2024-01-09 06:40:00,342331502,206642662,3,38.04,0
2024-01-09 06:45:00,331651770,214972171,3,36.85,0
2024-01-09 06:50:00,347337493,210569692,1,38.59,0
2024-01-09 06:55:00,338559951,188967735,0,37.62,0
2024-01-09 07:00:00,379920539,231604013,1,42.21,0
2024-01-09 07:05:00,387863950,235167343,0,43.1,0
2024-01-09 07:10:00,335245634,195114412,2,37.25,0
2024-01-09 07:15:00,358555254,220868741,0,39.84,0
2024-01-09 07:20:00,352154249,194615896,0,39.13,0
2024-01-09 07:25:00,373984650,234296458,3,41.55,0
2024-01-09 07:30:00,390175264,225323941,2,43.35,0
2024-01-09 07:35:00,367666301,210750319,2,40.85,0
2024-01-09 07:40:00,382991186,228656464,2,42.55,0
2024-01-09 07:45:00,386070138,235971812,3,42.9,0
2024-01-09 07:50:00,414965013,250618248,1,46.11,0
2024-01-09 07:55:00,416824191,242667923,2,46.31,0
2024-01-09 08:00:00,405565248,238278256,0,45.06,0
2024-01-09 08:05:00,428041999,245494776,0,47.56,0
2024-01-09 08:10:00,418018304,248564183,5,46.45,0
2024-01-09 08:15:00,427903753,267492464,2,47.54,0
2024-01-09 08:20:00,471127386,282633802,1,52.35,0
2024-01-09 08:25:00,468723536,289828264,1,52.08,0
2024-01-09 08:30:00,420111118,266620684,0,46.68,0
2024-01-09 08:35:00,466816281,274209583,2,51.87,0
2024-01-09 08:40:00,470496957,280432441,1,52.28,0
2024-01-09 08:45:00,435277729,282878566,1,48.36,0
2024-01-09 08:50:00,478517202,301553755,4,53.17,0
2024-01-09 08:55:00,496721771,281309017,2,55.19,0
2024-01-09 09:00:00,447254731,272224321,1,49.69,0
2024-01-09 09:05:00,455017294,273015976,1,50.56,0
2024-01-09 09:10:00,497299790,306644405,1,55.26,0
2024-01-09 09:15:00,485871460,284073088,3,53.99,0
2024-01-09 09:20:00,494880191,288532031,3,54.99,0
2024-01-09 09:25:00,493984060,289629729,0,54.89,0
2024-01-09 09:30:00,498218720,293211946,2,55.36,0
2024-01-09 09:35:00,467017262,288363599,2,51.89,0
2024-01-09 09:40:00,517542844,298713695,1,57.5,0
2024-01-09 09:45:00,522944506,307540565,1,58.1,0
2024-01-09 09:50:00,497826132,280805555,0,55.31,0
2024-01-09 09:55:00,504309309,312656764,0,56.03,0
2024-01-09 10:00:00,477223946,299044669,2,53.02,0
2024-01-09 10:05:00,520699516,309148975,3,57.86,0
2024-01-09 10:10:00,524323748,311614755,1,58.26,0
2024-01-09 10:15:00,514005637,312935601,2,57.11,0
2024-01-09 10:20:00,540000936,338745381,2,60.0,0
2024-01-09 10:25:00,512993210,311882033,2,57.0,0
2024-01-09 10:30:00,533023206,312838504,1,59.22,0
2024-01-09 10:35:00,503288601,285784935,3,55.92,0
2024-01-09 10:40:00,525055185,303881848,0,58.34,0
2024-01-09 10:45:00,523776145,314997882,3,58.2,0
2024-01-09 10:50:00,533398226,313485660,2,59.27,0
2024-01-09 10:55:00,523021426,315762532,1,58.11,0
2024-01-09 11:00:00,529192746,311986407,1,58.8,0
2024-01-09 11:05:00,549643040,319204359,2,61.07,0
2024-01-09 11:10:00,525575756,303575137,1,58.4,0
2024-01-09 11:15:00,503256925,317577700,2,55.92,0
2024-01-09 11:20:00,571345538,351697200,3,63.48,0
2024-01-09 11:25:00,564835844,356206685,1,62.76,0
2024-01-09 11:30:00,512101512,312660416,2,56.9,0
2024-01-09 11:35:00,552367677,327120692,3,61.37,0
2024-01-09 11:40:00,529027232,330649748,3,58.78,0
2024-01-09 11:45:00,544755885,326522851,4,60.53,0
2024-01-09 11:50:00,545656055,329602051,1,60.63,0
2024-01-09 11:55:00,535254730,320724594,2,59.47,0
2024-01-09 12:00:00,524324686,285125769,3,58.26,0
2024-01-09 12:05:00,526132065,331726589,1,58.46,0
2024-01-09 12:10:00,521447734,317778680,0,57.94,0
2024-01-09 12:15:00,522849697,317008049,0,58.09,0
2024-01-09 12:20:00,537743161,322028136,0,59.75,0
2024-01-09 12:25:00,524258321,316189271,0,58.25,0
2024-01-09 12:30:00,551587808,324979895,4,61.29,0
2024-01-09 12:35:00,566951685,346336804,1,62.99,0
2024-01-09 12:40:00,524752795,301780694,2,58.31,0
2024-01-09 12:45:00,540176557,325966618,0,60.02,0
2024-01-09 12:50:00,544304743,332198581,3,60.48,0
2024-01-09 12:55:00,542562142,323550593,0,60.28,0
2024-01-09 13:00:00,533341303,323713460,1,59.26,0
2024-01-09 13:05:00,545265613,317246024,0,60.59,0
2024-01-09 13:10:00,538537047,313463960,0,59.84,0
2024-01-09 13:15:00,502509982,303873160,1,55.83,0
2024-01-09 13:20:00,542909350,332531106,3,60.32,0
2024-01-09 13:25:00,541427705,306107966,0,60.16,0
2024-01-09 13:30:00,506465365,309099425,1,56.27,0
2024-01-09 13:35:00,520433511,306828092,2,57.83,0
2024-01-09 13:40:00,531180448,316780208,6,59.02,0
2024-01-09 13:45:00,511063181,293242729,2,56.78,0
2024-01-09 13:50:00,534342160,312089124,2,59.37,0
2024-01-09 13:55:00,557691871,344276376,2,61.97,0
2024-01-09 14:00:00,492126376,295604459,2,54.68,0
2024-01-09 14:05:00,477557956,282706990,2,53.06,0
2024-01-09 14:10:00,508490318,303929307,4,56.5,0
2024-01-09 14:15:00,513983957,313282492,2,57.11,0
2024-01-09 14:20:00,491979163,299592442,1,54.66,0
2024-01-09 14:25:00,522611918,312816880,1,58.07,0
2024-01-09 14:30:00,463632685,289109202,3,51.51,0
2024-01-09 14:35:00,501030648,310323015,1,55.67,0
2024-01-09 14:40:00,471733449,287173790,3,52.41,0
2024-01-09 14:45:00,514829111,309443584,3,57.2,0
2024-01-09 14:50:00,516796867,316651331,1,57.42,0
2024-01-09 14:55:00,458034219,277963205,0,50.89,0
2024-01-09 15:00:00,458714484,285836691,2,50.97,0
2024-01-09 15:05:00,483154891,298888548,3,53.68,0
2024-01-09 15:10:00,454399036,262456883,0,50.49,0
2024-01-09 15:15:00,457334771,263541231,2,50.81,0
2024-01-09 15:20:00,454776794,265853581,2,50.53,0
2024-01-09 15:25:00,411828170,256858289,4,45.76,0
2024-01-09 15:30:00,445825988,251732502,0,49.54,0
2024-01-09 15:35:00,428119760,260819429,2,47.57,0
2024-01-09 15:40:00,427795888,260302963,2,47.53,0
2024-01-09 15:45:00,462209495,288952178,2,51.36,0
2024-01-09 15:50:00,403821768,244096447,2,44.87,0
2024-01-09 15:55:00,440769685,251029717,1,48.97,0
2024-01-09 16:00:00,414420741,239058895,0,46.05,0
2024-01-09 16:05:00,409842101,234085305,1,45.54,0
2024-01-09 16:10:00,426627105,250596823,2,47.4,0
2024-01-09 16:15:00,412950311,245941171,0,45.88,0
2024-01-09 16:20:00,412840642,236049970,1,45.87,0
2024-01-09 16:25:00,416022898,264320359,3,46.22,0
2024-01-09 16:30:00,385217856,217877899,2,42.8,0
2024-01-09 16:35:00,374740394,238305270,1,41.64,0
2024-01-09 16:40:00,360381823,228080724,2,40.04,0
2024-01-09 16:45:00,360637261,225365382,0,40.07,0
2024-01-09 16:50:00,431151280,251753102,5,47.91,0
2024-01-09 16:55:00,392052554,238656041,2,43.56,0
2024-01-09 17:00:00,335095083,188283338,1,37.23,0
2024-01-09 17:05:00,330595455,207466343,2,36.73,0
2024-01-09 17:10:00,361582828,216209849,1,40.18,0
2024-01-09 17:15:00,357766973,210566981,3,39.75,0
2024-01-09 17:20:00,352653239,199354495,5,39.18,0
2024-01-09 17:25:00,331410496,174071236,5,36.82,0
2024-01-09 17:30:00,328817200,186904911,5,36.54,0
2024-01-09 17:35:00,332685640,210739366,1,36.97,0
2024-01-09 17:40:00,322635238,189552808,5,35.85,0
2024-01-09 17:45:00,271310743,161093157,2,30.15,0
2024-01-09 17:50:00,305872660,190079139,3,33.99,0
2024-01-09 17:55:00,288207443,190981155,2,32.02,0
2024-01-09 18:00:00,303504228,195352583,2,33.72,0
2024-01-09 18:05:00,354469607,202958414,1,39.39,0
2024-01-09 18:10:00,296880980,158702882,1,32.99,0
2024-01-09 18:15:00,278032655,190415735,2,30.89,0
2024-01-09 18:20:00,297518651,201201107,0,33.06,0
2024-01-09 18:25:00,283525707,171999960,6,31.5,0
2024-01-09 18:30:00,277075603,153540479,4,30.79,0
2024-01-09 18:35:00,275627399,175008704,0,30.63,0
2024-01-09 18:40:00,299455308,178593348,1,33.27,0
2024-01-09 18:45:00,230560554,137206521,0,25.62,0
2024-01-09 18:50:00,257527134,163460868,0,28.61,0
2024-01-09 18:55:00,224427763,138000405,3,24.94,0
2024-01-09 19:00:00,248993682,137538060,4,27.67,0
2024-01-09 19:05:00,214467306,125432964,3,23.83,0
2024-01-09 19:10:00,219483271,138301492,0,24.39,0
2024-01-09 19:15:00,216952730,135274160,1,24.11,0
2024-01-09 19:20:00,237431499,145079065,1,26.38,0
2024-01-09 19:25:00,231383959,148164605,2,25.71,0
2024-01-09 19:30:00,183241628,106327807,4,20.36,0
2024-01-09 19:35:00,204439476,124450383,0,22.72,0
2024-01-09 19:40:00,184380020,76872221,1,20.49,0
2024-01-09 19:45:00,168680616,96711867,1,18.74,0
2024-01-09 19:50:00,184839991,118543024,1,20.54,0
2024-01-09 19:55:00,178393039,103131879,0,19.82,0
2024-01-09 20:00:00,228534329,132458323,4,25.39,0
2024-01-09 20:05:00,184153614,100077639,3,20.46,0
2024-01-09 20:10:00,143495743,96131105,2,15.94,0
2024-01-09 20:15:00,155367663,98705231,2,17.26,0
2024-01-09 20:20:00,182769321,117915738,3,20.31,0
2024-01-09 20:25:00,199854539,102650584,2,22.21,0
2024-01-09 20:30:00,122177590,71702054,2,13.58,0
2024-01-09 20:35:00,112179878,64506817,5,12.46,0
2024-01-09 20:40:00,183150277,107084449,2,20.35,0
2024-01-09 20:45:00,149549287,83569297,2,16.62,0
2024-01-09 20:50:00,120492495,68834454,3,13.39,0
2024-01-09 20:55:00,144729448,95334116,1,16.08,0
2024-01-09 21:00:00,77579417,30000000,1,8.62,0
2024-01-09 21:05:00,126700159,93793043,3,14.08,0
2024-01-09 21:10:00,129609862,82604328,0,14.4,0
2024-01-09 21:15:00,138043848,82402990,1,15.34,0
2024-01-09 21:20:00,95871414,66591190,4,10.65,0
2024-01-09 21:25:00,114541467,54206532,3,12.73,0
2024-01-09 21:30:00,91086705,48005014,2,10.12,0
2024-01-09 21:35:00,111560970,65725827,4,12.4,0
2024-01-09 21:40:00,85496582,64953553,2,9.5,0
2024-01-09 21:45:00,92285276,54906199,1,10.25,0
2024-01-09 21:50:00,77669745,51102393,2,8.63,0
2024-01-09 21:55:00,107843875,58810535,2,11.98,0
2024-01-09 22:00:00,109322925,70462175,1,12.15,0
2024-01-09 22:05:00,84893167,67708296,6,9.43,0
2024-01-09 22:10:00,87882159,62684562,2,9.76,0
2024-01-09 22:15:00,55778713,32652668,4,6.2,0
2024-01-09 22:20:00,76492598,52650467,3,8.5,0
2024-01-09 22:25:00,79321152,53367861,4,8.81,0
2024-01-09 22:30:00,130684774,83476741,1,14.52,0
2024-01-09 22:35:00,54078770,43566796,4,6.01,0
2024-01-09 22:40:00,103757315,73299166,1,11.53,0
2024-01-09 22:45:00,92673944,54332780,1,10.3,0
2024-01-09 22:50:00,76720659,52451186,0,8.52,0
2024-01-09 22:55:00,104760444,59025317,1,11.64,0
2024-01-09 23:00:00,75619911,36141222,3,8.4,0
2024-01-09 23:05:00,74661087,42101714,0,8.3,0
2024-01-09 23:10:00,64626545,38013145,3,7.18,0
2024-01-09 23:15:00,89082910,36833936,0,9.9,0
2024-01-09 23:20:00,85575523,59948639,2,9.51,0
2024-01-09 23:25:00,50279691,30000000,3,5.59,0
2024-01-09 23:30:00,50000000,57148169,5,5.56,0
2024-01-09 23:35:00,57366866,49438910,2,6.37,0
2024-01-09 23:40:00,50000000,30000000,1,5.56,0
2024-01-09 23:45:00,59243366,35640283,5,6.58,0
2024-01-09 23:50:00,84977189,54016032,1,9.44,0
2024-01-09 23:55:00,50911080,30000000,5,5.66,0
2024-01-10 00:00:00,59143532,37412310,3,6.57,0
2024-01-10 00:05:00,61217568,35290541,0,6.8,0
2024-01-10 00:10:00,77197044,45375499,0,8.58,0
2024-01-10 00:15:00,50000000,31814610,2,5.56,0
2024-01-10 00:20:00,50000000,30000000,3,5.56,0
2024-01-10 00:25:00,65652152,39786988,2,7.29,0
2024-01-10 00:30:00,86054812,53267364,0,9.56,0
2024-01-10 00:35:00,52955188,33061609,1,5.88,0
2024-01-10 00:40:00,50000000,30000000,3,5.56,0
2024-01-10 00:45:00,77005761,57582034,2,8.56,0
2024-01-10 00:50:00,52981710,30000000,5,5.89,0
2024-01-10 00:55:00,50000000,32273259,4,5.56,0
2024-01-10 01:00:00,55690893,46387511,1,6.19,0
2024-01-10 01:05:00,65897527,38744755,2,7.32,0
2024-01-10 01:10:00,59013038,37552455,2,6.56,0
2024-01-10 01:15:00,50000000,30000000,3,5.56,0
2024-01-10 01:20:00,92415094,67822754,1,10.27,0
2024-01-10 01:25:00,101815612,58512121,2,11.31,0
2024-01-10 01:30:00,91299352,67613156,3,10.14,0
2024-01-10 01:35:00,57571531,33507040,0,6.4,0
2024-01-10 01:40:00,78456300,38479183,2,8.72,0
2024-01-10 01:45:00,84620115,57565801,2,9.4,0
2024-01-10 01:50:00,99093287,56409294,2,11.01,0
2024-01-10 01:55:00,102952388,67976442,1,11.44,0
2024-01-10 02:00:00,77470427,30000000,1,8.61,0
2024-01-10 02:05:00,96461062,57928689,4,10.72,0
2024-01-10 02:10:00,106731661,59442943,1,11.86,0
2024-01-10 02:15:00,129563739,67105656,2,14.4,0
2024-01-10 02:20:00,117493640,64963774,0,13.05,0
2024-01-10 02:25:00,122234428,67603625,1,13.58,0
2024-01-10 02:30:00,111271730,66283180,1,12.36,0
2024-01-10 02:35:00,141036906,70948879,1,15.67,0
2024-01-10 02:40:00,124344589,77769491,0,13.82,0
2024-01-10 02:45:00,102336688,75064160,1,11.37,0
2024-01-10 02:50:00,151120838,93481788,2,16.79,0
2024-01-10 02:55:00,140590714,92444314,0,15.62,0
2024-01-10 03:00:00,121433492,83805719,1,13.49,0
2024-01-10 03:05:00,124447007,87033099,2,13.83,0
2024-01-10 03:10:00,143789861,104975303,2,15.98,0
2024-01-10 03:15:00,151020700,85620400,1,16.78,0
2024-01-10 03:20:00,149676818,82621251,4,16.63,0
2024-01-10 03:25:00,156004540,101437380,2,17.33,0
2024-01-10 03:30:00,187896404,119820504,4,20.88,0
2024-01-10 03:35:00,179516547,115466681,1,19.95,0
2024-01-10 03:40:00,166154367,118585444,2,18.46,0
2024-01-10 03:45:00,185489355,111407312,4,20.61,0
2024-01-10 03:50:00,150397615,94500135,2,16.71,0
2024-01-10 03:55:00,183452959,100267892,5,20.38,0
2024-01-10 04:00:00,216186126,151064887,2,24.02,0
2024-01-10 04:05:00,180201777,104755617,1,20.02,0
2024-01-10 04:10:00,172227654,100254433,1,19.14,0
2024-01-10 04:15:00,180808936,105017863,1,20.09,0
2024-01-10 04:20:00,176778956,99618415,2,19.64,0
2024-01-10 04:25:00,187645556,105292963,1,20.85,0
2024-01-10 04:30:00,200745814,115210445,2,22.31,0
2024-01-10 04:35:00,184903530,97284158,4,20.54,0
2024-01-10 04:40:00,218227532,123083340,2,24.25,0
2024-01-10 04:45:00,240900071,164029674,5,26.77,0
2024-01-10 04:50:00,209675484,133161842,3,23.3,0
2024-01-10 04:55:00,263226715,167195070,4,29.25,0
2024-01-10 05:00:00,248099270,160631650,1,27.57,0
2024-01-10 05:05:00,263566997,176481544,1,29.29,0
2024-01-10 05:10:00,234897801,123224455,2,26.1,0
2024-01-10 05:15:00,270268827,149862465,1,30.03,0
2024-01-10 05:20:00,236485759,133854219,3,26.28,0
2024-01-10 05:25:00,281295337,164079904,2,31.26,0
2024-01-10 05:30:00,272110500,160260606,0,30.23,0
2024-01-10 05:35:00,284936974,166492409,0,31.66,0
2024-01-10 05:40:00,255570729,155535526,0,28.4,0
2024-01-10 05:45:00,266401852,160194065,2,29.6,0
2024-01-10 05:50:00,301475911,173657198,2,33.5,0
2024-01-10 05:55:00,275797467,143722992,1,30.64,0
2024-01-10 06:00:00,309264125,175629788,3,34.36,0
2024-01-10 06:05:00,277892816,161243303,1,30.88,0
2024-01-10 06:10:00,327432137,193988487,2,36.38,0
2024-01-10 06:15:00,291046284,163331096,1,32.34,0
2024-01-10 06:20:00,331963377,194269961,2,36.88,0
2024-01-10 06:25:00,338640668,191874527,2,37.63,0
2024-01-10 06:30:00,317390849,189176316,1,35.27,0
2024-01-10 06:35:00,348150144,198159173,2,38.68,0
2024-01-10 06:40:00,346884407,199641598,0,38.54,0
2024-01-10 06:45:00,336044840,188540062,3,37.34,0
2024-01-10 06:50:00,331774413,197529641,1,36.86,0
2024-01-10 06:55:00,317792100,182010782,3,35.31,0
2024-01-10 07:00:00,369109571,230533585,4,41.01,0
2024-01-10 07:05:00,335862907,205576247,1,37.32,0
2024-01-10 07:10:00,374076275,223747246,5,41.56,0
2024-01-10 07:15:00,371876507,215151049,0,41.32,0
2024-01-10 07:20:00,395667689,241205816,3,43.96,0
2024-01-10 07:25:00,380944219,235473540,3,42.33,0
2024-01-10 07:30:00,385255068,232579924,2,42.81,0
2024-01-10 07:35:00,411296619,262814990,1,45.7,0
2024-01-10 07:40:00,408129543,249474099,0,45.35,0
2024-01-10 07:45:00,412472404,256619515,5,45.83,0
2024-01-10 07:50:00,420205018,253458665,0,46.69,0
2024-01-10 07:55:00,384725862,237592161,0,42.75,0
2024-01-10 08:00:00,435135773,253113651,1,48.35,0
2024-01-10 08:05:00,436754957,257468991,2,48.53,0
2024-01-10 08:10:00,408618243,248664581,1,45.4,0
2024-01-10 08:15:00,428455246,260494142,5,47.61,0
2024-01-10 08:20:00,436872198,267199437,1,48.54,0
2024-01-10 08:25:00,439224379,274538556,2,48.8,0
2024-01-10 08:30:00,452779942,257418253,3,50.31,0
2024-01-10 08:35:00,478848968,277564855,1,53.21,0
2024-01-10 08:40:00,475904360,287838342,1,52.88,0
2024-01-10 08:45:00,431998611,251955530,1,48.0,0
2024-01-10 08:50:00,474583049,318527512,2,52.73,0
2024-01-10 08:55:00,492541799,300682276,1,54.73,0
2024-01-10 09:00:00,477441797,285681770,2,53.05,0
2024-01-10 09:05:00,495186959,291957482,2,55.02,0
2024-01-10 09:10:00,517191969,305513559,4,57.47,0
2024-01-10 09:15:00,500915744,300850853,1,55.66,0
2024-01-10 09:20:00,488836838,294421922,3,54.32,0
2024-01-10 09:25:00,508074045,300277435,3,56.45,0
2024-01-10 09:30:00,493302558,293250012,3,54.81,0
2024-01-10 09:35:00,494024765,309857705,3,54.89,0
2024-01-10 09:40:00,489568205,307585973,0,54.4,0
2024-01-10 09:45:00,530820974,321012924,0,58.98,0
2024-01-10 09:50:00,486045373,278214626,2,54.01,0
2024-01-10 09:55:00,535826203,326880753,2,59.54,0
2024-01-10 10:00:00,517843379,326248852,0,57.54,0
2024-01-10 10:05:00,482428297,303154789,1,53.6,0
2024-01-10 10:10:00,520235585,319485610,0,57.8,0
2024-01-10 10:15:00,473248927,298173586,1,52.58,0
2024-01-10 10:20:00,530024029,318548260,1,58.89,0
2024-01-10 10:25:00,537379384,328708660,0,59.71,0
2024-01-10 10:30:00,509883968,299122625,1,56.65,0
2024-01-10 10:35:00,526152842,318614360,2,58.46,0
2024-01-10 10:40:00,564609377,352060969,5,62.73,0
2024-01-10 10:45:00,517148296,304394744,0,57.46,0
2024-01-10 10:50:00,507713916,296013915,0,56.41,0
2024-01-10 10:55:00,560045233,337002029,3,62.23,0
2024-01-10 11:00:00,571073942,340377743,6,63.45,0
2024-01-10 11:05:00,533196010,326409083,2,59.24,0
2024-01-10 11:10:00,554540302,328191586,1,61.62,0
2024-01-10 11:15:00,562217985,354515187,1,62.47,0
2024-01-10 11:20:00,521504176,300005744,1,57.94,0
2024-01-10 11:25:00,527500645,329037735,2,58.61,0
2024-01-10 11:30:00,562564256,329890061,2,62.51,0
2024-01-10 11:35:00,572273806,325404456,1,63.59,0
2024-01-10 11:40:00,550344344,332585358,0,61.15,0
2024-01-10 11:45:00,521889854,310587832,2,57.99,0
2024-01-10 11:50:00,579512795,336611583,5,64.39,0
2024-01-10 11:55:00,529323468,300780312,4,58.81,0
2024-01-10 12:00:00,533297244,319894738,1,59.26,0
2024-01-10 12:05:00,546789643,337832154,3,60.75,0
2024-01-10 12:10:00,570854781,348362403,2,63.43,0
2024-01-10 12:15:00,556565661,334506463,2,61.84,0
2024-01-10 12:20:00,547384037,333218898,3,60.82,0
2024-01-10 12:25:00,547839291,328431433,1,60.87,0
2024-01-10 12:30:00,538817060,308992993,6,59.87,0
2024-01-10 12:35:00,548369552,314812791,5,60.93,0
2024-01-10 12:40:00,485762659,289425910,2,53.97,0
2024-01-10 12:45:00,529456318,316067258,3,58.83,0
2024-01-10 12:50:00,539137480,331992315,2,59.9,0
2024-01-10 12:55:00,510101815,313634131,0,56.68,0
2024-01-10 13:00:00,539548664,329780528,0,59.95,0
2024-01-10 13:05:00,526322540,312990697,1,58.48,0
2024-01-10 13:10:00,564001582,324594427,3,62.67,0
2024-01-10 13:15:00,558723625,339354886,2,62.08,0
2024-01-10 13:20:00,516210117,314977763,2,57.36,0
2024-01-10 13:25:00,520665134,288513766,4,57.85,0
2024-01-10 13:30:00,520252136,303807900,0,57.81,0
2024-01-10 13:35:00,510641565,299474395,2,56.74,0
2024-01-10 13:40:00,521414368,314032123,0,57.93,0
2024-01-10 13:45:00,500083816,292016685,7,55.56,0
2024-01-10 13:50:00,490270293,293780830,1,54.47,0
2024-01-10 13:55:00,522868645,311615838,1,58.1,0
2024-01-10 14:00:00,520436688,310670518,4,57.83,0
2024-01-10 14:05:00,489092533,286291577,3,54.34,0
2024-01-10 14:10:00,520321055,305802782,2,57.81,0
2024-01-10 14:15:00,486921152,281350020,1,54.1,0
2024-01-10 14:20:00,501659795,304796551,1,55.74,0
2024-01-10 14:25:00,509953585,311683177,2,56.66,0
2024-01-10 14:30:00,489732550,286133350,1,54.41,0
2024-01-10 14:35:00,496267094,312966657,3,55.14,0
2024-01-10 14:40:00,473522073,280967229,2,52.61,0
2024-01-10 14:45:00,476512222,301209189,0,52.95,0
2024-01-10 14:50:00,472829372,277276351,2,52.54,0
2024-01-10 14:55:00,458435783,254795692,2,50.94,0
2024-01-10 15:00:00,466170144,283724064,3,51.8,0
2024-01-10 15:05:00,434990767,263479911,1,48.33,0
2024-01-10 15:10:00,452318574,271735082,5,50.26,0
2024-01-10 15:15:00,452545485,265104966,2,50.28,0
2024-01-10 15:20:00,449145431,269141536,1,49.91,0
2024-01-10 15:25:00,445391684,262122416,2,49.49,0
2024-01-10 15:30:00,444867458,263896979,2,49.43,0
2024-01-10 15:35:00,451503145,279318210,2,50.17,0
2024-01-10 15:40:00,455148686,274931384,1,50.57,0
2024-01-10 15:45:00,420341551,258304444,1,46.7,0
2024-01-10 15:50:00,404887888,240614048,2,44.99,0
2024-01-10 15:55:00,403664693,238778642,3,44.85,0
2024-01-10 16:00:00,410255941,234618739,4,45.58,0
2024-01-10 16:05:00,408398878,241338960,1,45.38,0
2024-01-10 16:10:00,395419745,204040701,1,43.94,0
2024-01-10 16:15:00,380226952,222233951,2,42.25,0
2024-01-10 16:20:00,392305966,234564837,0,43.59,0
2024-01-10 16:25:00,400287737,245809379,3,44.48,0
2024-01-10 16:30:00,403744613,239559989,4,44.86,0
2024-01-10 16:35:00,375836668,228978736,2,41.76,0
2024-01-10 16:40:00,373824877,202497040,2,41.54,0
2024-01-10 16:45:00,358611505,214598534,4,39.85,0
2024-01-10 16:50:00,371540608,206129337,0,41.28,0
2024-01-10 16:55:00,350190390,198031199,2,38.91,0
2024-01-10 17:00:00,373579127,222275820,1,41.51,0
2024-01-10 17:05:00,321327284,205559010,1,35.7,0
2024-01-10 17:10:00,344752913,210563815,0,38.31,0
2024-01-10 17:15:00,352843824,211888604,2,39.2,0
2024-01-10 17:20:00,345352252,207016047,4,38.37,0
2024-01-10 17:25:00,390370285,227085882,2,43.37,0
2024-01-10 17:30:00,338322286,197553537,2,37.59,0
2024-01-10 17:35:00,306046958,187901935,0,34.01,0
2024-01-10 17:40:00,319008093,177551250,3,35.45,0
2024-01-10 17:45:00,280171824,174033635,1,31.13,0
2024-01-10 17:50:00,308856657,181428924,3,34.32,0
2024-01-10 17:55:00,288574451,181400241,6,32.06,0
2024-01-10 18:00:00,318307805,200595617,4,35.37,0
2024-01-10 18:05:00,283773622,153533333,0,31.53,0
2024-01-10 18:10:00,287196028,166501809,1,31.91,0
2024-01-10 18:15:00,271592092,154399978,1,30.18,0
2024-01-10 18:20:00,313859648,170188509,2,34.87,0
2024-01-10 18:25:00,267447094,150142924,3,29.72,0
2024-01-10 18:30:00,305324854,207607471,0,33.92,0
2024-01-10 18:35:00,279773422,173959152,5,31.09,0
2024-01-10 18:40:00,267965771,179952342,0,29.77,0
2024-01-10 18:45:00,260552985,164622775,6,28.95,0
2024-01-10 18:50:00,255930438,146139831,0,28.44,0
2024-01-10 18:55:00,204401934,118823448,2,22.71,0
2024-01-10 19:00:00,232305761,145267818,4,25.81,0
2024-01-10 19:05:00,249744196,154221579,3,27.75,0
2024-01-10 19:10:00,226852664,130338178,1,25.21,0
2024-01-10 19:15:00,194750731,101750507,3,21.64,0
2024-01-10 19:20:00,216867076,162997857,3,24.1,0
2024-01-10 19:25:00,247096981,146846691,2,27.46,0
2024-01-10 19:30:00,233093810,136598897,3,25.9,0
2024-01-10 19:35:00,202100714,122393773,1,22.46,0
2024-01-10 19:40:00,217600602,128133075,1,24.18,0
2024-01-10 19:45:00,186520573,113139633,2,20.72,0
2024-01-10 19:50:00,155102901,105931213,0,17.23,0
2024-01-10 19:55:00,166073375,98398540,3,18.45,0
2024-01-10 20:00:00,211257775,115127560,1,23.47,0
2024-01-10 20:05:00,170014556,100392295,4,18.89,0
2024-01-10 20:10:00,166180414,95064230,2,18.46,0
2024-01-10 20:15:00,160666380,110638817,4,17.85,0
2024-01-10 20:20:00,200424387,131965822,1,22.27,0
2024-01-10 20:25:00,190604862,115438167,0,21.18,0
2024-01-10 20:30:00,198272861,106176358,1,22.03,0
2024-01-10 20:35:00,146597462,75699554,3,16.29,0
2024-01-10 20:40:00,151643463,91137310,2,16.85,0
2024-01-10 20:45:00,111424153,70217721,3,12.38,0
2024-01-10 20:50:00,167397038,96691995,2,18.6,0
2024-01-10 20:55:00,110681275,61607069,0,12.3,0
2024-01-10 21:00:00,134629883,74849937,2,14.96,0
2024-01-10 21:05:00,104686598,62578019,1,11.63,0
2024-01-10 21:10:00,111276102,42938038,1,12.36,0
2024-01-10 21:15:00,102813197,50674652,2,11.42,0
2024-01-10 21:20:00,103991828,56124588,2,11.55,0
2024-01-10 21:25:00,102045269,73302193,0,11.34,0
2024-01-10 21:30:00,98629822,51039757,3,10.96,0
2024-01-10 21:35:00,123119973,75676665,1,13.68,0
2024-01-10 21:40:00,81306253,51049179,2,9.03,0
2024-01-10 21:45:00,104858121,75894038,2,11.65,0
2024-01-10 21:50:00,121945236,85792915,2,13.55,0
2024-01-10 21:55:00,84557223,50159304,1,9.4,0
2024-01-10 22:00:00,77795525,41922467,2,8.64,0
2024-01-10 22:05:00,84975086,44346720,4,9.44,0
2024-01-10 22:10:00,110711904,64016510,2,12.3,0
2024-01-10 22:15:00,88632694,48839283,5,9.85,0
2024-01-10 22:20:00,71861845,48653381,3,7.98,0
2024-01-10 22:25:00,90002778,58204764,2,10.0,0
2024-01-10 22:30:00,56223069,39651853,2,6.25,0
2024-01-10 22:35:00,89945301,66560018,2,9.99,0
2024-01-10 22:40:00,82645917,68216241,5,9.18,0
2024-01-10 22:45:00,66580599,41194993,2,7.4,0
2024-01-10 22:50:00,54336215,43596367,0,6.04,0
2024-01-10 22:55:00,51854416,30000000,7,5.76,0
2024-01-10 23:00:00,78874148,59174558,4,8.76,0
2024-01-10 23:05:00,91457513,65489599,1,10.16,0
2024-01-10 23:10:00,52942803,41849841,5,5.88,0
2024-01-10 23:15:00,73779266,45208258,0,8.2,0
2024-01-10 23:20:00,50000000,30000000,3,5.56,0
2024-01-10 23:25:00,51100882,30000000,0,5.68,0
2024-01-10 23:30:00,61432054,36458860,4,6.83,0
2024-01-10 23:35:00,50000000,45330125,2,5.56,0
2024-01-10 23:40:00,50000000,30000000,4,5.56,0
2024-01-10 23:45:00,50000000,37851265,0,5.56,0
2024-01-10 23:50:00,66072281,48082882,1,7.34,0
2024-01-10 23:55:00,56310533,30949457,1,6.26,0
2024-01-11 00:00:00,50000000,43163448,1,5.56,0
2024-01-11 00:05:00,50000000,30000000,2,5.56,0
2024-01-11 00:10:00,50000000,30000000,4,5.56,0
2024-01-11 00:15:00,69667590,32644231,4,7.74,0
2024-01-11 00:20:00,50000000,30000000,0,5.56,0
2024-01-11 00:25:00,51431875,34221754,2,5.71,0
2024-01-11 00:30:00,51528276,33817343,3,5.73,0
2024-01-11 00:35:00,90559993,58275901,1,10.06,0
2024-01-11 00:40:00,55945703,39528236,0,6.22,0
2024-01-11 00:45:00,72271312,33861741,0,8.03,0
2024-01-11 00:50:00,68514101,30000000,0,7.61,0
2024-01-11 00:55:00,50000000,33963196,2,5.56,0
2024-01-11 01:00:00,83541946,43822846,1,9.28,0
2024-01-11 01:05:00,73895965,30000000,1,8.21,0
2024-01-11 01:10:00,81273304,58477425,1,9.03,0
2024-01-11 01:15:00,151261523,104707932,1,16.81,0
2024-01-11 01:20:00,50000000,45571608,4,5.56,0
2024-01-11 01:25:00,110812044,68357303,1,12.31,0
2024-01-11 01:30:00,72519961,49771298,1,8.06,0
2024-01-11 01:35:00,86071823,65341776,1,9.56,0
2024-01-11 01:40:00,81575886,42531373,1,9.06,0
2024-01-11 01:45:00,76265815,56866266,3,8.47,0
2024-01-11 01:50:00,75720741,48186407,2,8.41,0
2024-01-11 01:55:00,96175753,66842568,2,10.69,0
2024-01-11 02:00:00,61810429,38947187,3,6.87,0
2024-01-11 02:05:00,109832734,78862207,2,12.2,0
2024-01-11 02:10:00,89262164,55792536,1,9.92,0
2024-01-11 02:15:00,77845906,31867753,3,8.65,0
2024-01-11 02:20:00,94403252,71161217,0,10.49,0
2024-01-11 02:25:00,131596279,69482460,4,14.62,0
2024-01-11 02:30:00,98888496,71863680,3,10.99,0
2024-01-11 02:35:00,119996796,71095649,3,13.33,0
2024-01-11 02:40:00,101530208,72678234,1,11.28,0
2024-01-11 02:45:00,134716883,92177816,2,14.97,0
2024-01-11 02:50:00,136763593,86359586,4,15.2,0
2024-01-11 02:55:00,163604825,103248248,3,18.18,0
2024-01-11 03:00:00,126783093,80296142,1,14.09,0
2024-01-11 03:05:00,147409962,68307730,0,16.38,0
2024-01-11 03:10:00,139819700,85075122,1,15.54,0
2024-01-11 03:15:00,167674440,89444022,0,18.63,0
2024-01-11 03:20:00,131354325,80524466,5,14.59,0
2024-01-11 03:25:00,164678472,87377658,2,18.3,0
2024-01-11 03:30:00,150003311,78152467,2,16.67,0
2024-01-11 03:35:00,156801920,110130497,2,17.42,0
2024-01-11 03:40:00,164176704,109200496,0,18.24,0
2024-01-11 03:45:00,171707952,102983345,1,19.08,0
2024-01-11 03:50:00,168723513,103081794,0,18.75,0
2024-01-11 03:55:00,179788681,105394048,2,19.98,0
2024-01-11 04:00:00,211562361,132636180,5,23.51,0
2024-01-11 04:05:00,204271689,115802469,1,22.7,0
2024-01-11 04:10:00,206563424,133875457,1,22.95,0
2024-01-11 04:15:00,184739923,108313085,3,20.53,0
2024-01-11 04:20:00,180786800,104273610,1,20.09,0
2024-01-11 04:25:00,222446805,133685213,1,24.72,0
2024-01-11 04:30:00,225676912,129494678,1,25.08,0
2024-01-11 04:35:00,242468284,148767794,2,26.94,0
2024-01-11 04:40:00,205835553,118127705,3,22.87,0
2024-01-11 04:45:00,218263555,135643369,2,24.25,0
2024-01-11 04:50:00,195040924,129184620,2,21.67,0
2024-01-11 04:55:00,224991614,127801751,3,25.0,0
2024-01-11 05:00:00,257814839,153383149,2,28.65,0
2024-01-11 05:05:00,233625478,144788594,2,25.96,0
2024-01-11 05:10:00,260864088,152159879,4,28.98,0
2024-01-11 05:15:00,249368260,154264161,1,27.71,0
2024-01-11 05:20:00,264805577,164437335,3,29.42,0
2024-01-11 05:25:00,240536559,155154553,4,26.73,0
2024-01-11 05:30:00,270377902,156166841,2,30.04,0
2024-01-11 05:35:00,214049230,119001785,3,23.78,0
2024-01-11 05:40:00,275344698,162131045,2,30.59,0
2024-01-11 05:45:00,251693784,141338747,2,27.97,0
2024-01-11 05:50:00,313651237,193835724,3,34.85,0
2024-01-11 05:55:00,310312574,174570031,3,34.48,0
2024-01-11 06:00:00,309333419,208930215,4,34.37,0
2024-01-11 06:05:00,335655696,214352696,2,37.3,0
2024-01-11 06:10:00,291490322,175019951,1,32.39,0
2024-01-11 06:15:00,350644014,219060353,3,38.96,0
2024-01-11 06:20:00,339561209,187368707,1,37.73,0
2024-01-11 06:25:00,321396944,218071899,1,35.71,0
2024-01-11 06:30:00,354038689,206521067,1,39.34,0
2024-01-11 06:35:00,314383742,187425271,3,34.93,0
2024-01-11 06:40:00,325185279,176551834,2,36.13,0
2024-01-11 06:45:00,334649882,205652802,1,37.18,0
2024-01-11 06:50:00,341365953,193756130,0,37.93,0
2024-01-11 06:55:00,335913461,202564634,0,37.32,0
2024-01-11 07:00:00,386578232,226504194,2,42.95,0
2024-01-11 07:05:00,361981875,206411685,1,40.22,0
2024-01-11 07:10:00,379219491,219488079,2,42.14,0
2024-01-11 07:15:00,365738444,221700946,2,40.64,0
2024-01-11 07:20:00,345672768,194588751,1,38.41,0
2024-01-11 07:25:00,392386276,227943649,5,43.6,0
2024-01-11 07:30:00,353598924,218792088,0,39.29,0
2024-01-11 07:35:00,395286524,263196713,4,43.92,0
2024-01-11 07:40:00,374062082,229213137,3,41.56,0
2024-01-11 07:45:00,445894805,258364266,3,49.54,0
2024-01-11 07:50:00,429046921,253757011,0,47.67,0
2024-01-11 07:55:00,417552380,250847318,5,46.39,0
2024-01-11 08:00:00,445274133,263670230,2,49.47,0
2024-01-11 08:05:00,407579262,253578139,0,45.29,0
2024-01-11 08:10:00,439821493,266067630,1,48.87,0
2024-01-11 08:15:00,437333064,271478362,4,48.59,0
2024-01-11 08:20:00,442938746,262618809,2,49.22,0
2024-01-11 08:25:00,467361385,293671833,5,51.93,0
2024-01-11 08:30:00,460752585,274786695,5,51.19,0
2024-01-11 08:35:00,455996106,263885765,2,50.67,0
2024-01-11 08:40:00,421171277,274475970,2,46.8,0
2024-01-11 08:45:00,439042069,245175464,2,48.78,0
2024-01-11 08:50:00,459687471,268425095,3,51.08,0
2024-01-11 08:55:00,467830580,274428070,2,51.98,0
2024-01-11 09:00:00,447101552,293343994,0,49.68,0
2024-01-11 09:05:00,521600884,331029119,1,57.96,0
2024-01-11 09:10:00,507274441,319303946,2,56.36,0
2024-01-11 09:15:00,492483920,292183765,2,54.72,0
2024-01-11 09:20:00,485291403,315436622,1,53.92,0
2024-01-11 09:25:00,482928096,293440377,5,53.66,0
2024-01-11 09:30:00,471366432,292592493,0,52.37,0
2024-01-11 09:35:00,495096315,298854743,2,55.01,0
2024-01-11 09:40:00,501751541,300556259,1,55.75,0
2024-01-11 09:45:00,474717495,282312710,2,52.75,0
2024-01-11 09:50:00,509097475,303362085,1,56.57,0
2024-01-11 09:55:00,502073667,307329117,3,55.79,0
2024-01-11 10:00:00,469689945,285485965,3,52.19,0
2024-01-11 10:05:00,493206721,295609318,0,54.8,0
2024-01-11 10:10:00,504610489,317861533,1,56.07,0
2024-01-11 10:15:00,553003211,302134395,1,61.44,0
2024-01-11 10:20:00,528644931,322285831,2,58.74,0
2024-01-11 10:25:00,492965123,302956461,7,54.77,0
2024-01-11 10:30:00,531451813,330340716,2,59.05,0
2024-01-11 10:35:00,492735808,294992770,3,54.75,0
2024-01-11 10:40:00,547180050,330387230,3,60.8,0
2024-01-11 10:45:00,517840738,320563926,1,57.54,0
2024-01-11 10:50:00,527019344,331123270,0,58.56,0
2024-01-11 10:55:00,556927898,331151378,1,61.88,0
2024-01-11 11:00:00,506078926,306317113,1,56.23,0
2024-01-11 11:05:00,505179733,319893579,1,56.13,0
2024-01-11 11:10:00,522639055,292343162,1,58.07,0
2024-01-11 11:15:00,556156044,326793500,5,61.8,0
2024-01-11 11:20:00,505966939,318238523,5,56.22,0
2024-01-11 11:25:00,480563650,299263568,2,53.4,0
2024-01-11 11:30:00,528923589,322578605,3,58.77,0
2024-01-11 11:35:00,549608337,325279033,3,61.07,0
2024-01-11 11:40:00,563091962,329036992,2,62.57,0
2024-01-11 11:45:00,530222914,312221592,0,58.91,0
2024-01-11 11:50:00,531543041,334405906,2,59.06,0
2024-01-11 11:55:00,563020901,331528113,2,62.56,0
2024-01-11 12:00:00,502605166,302577329,2,55.85,0
2024-01-11 12:05:00,532172470,311766406,2,59.13,0
2024-01-11 12:10:00,543580050,334575770,3,60.4,0
2024-01-11 12:15:00,548470516,323695046,2,60.94,0
2024-01-11 12:20:00,528890593,316358417,3,58.77,0
2024-01-11 12:25:00,539262341,306723583,1,59.92,0
2024-01-11 12:30:00,488180219,276774449,2,54.24,0
2024-01-11 12:35:00,524041794,314501808,5,58.23,0
2024-01-11 12:40:00,545424034,314002849,0,60.6,0
2024-01-11 12:45:00,515742586,330496418,1,57.3,0
2024-01-11 12:50:00,535490726,300679204,3,59.5,0
2024-01-11 12:55:00,542059546,317233975,1,60.23,0
2024-01-11 13:00:00,524971214,315149737,2,58.33,0
2024-01-11 13:05:00,533821240,316641414,3,59.31,0
2024-01-11 13:10:00,509637416,294740995,1,56.63,0
2024-01-11 13:15:00,523131005,304299324,2,58.13,0
2024-01-11 13:20:00,537730552,312731790,5,59.75,0
2024-01-11 13:25:00,526821347,313225591,3,58.54,0
2024-01-11 13:30:00,510000462,325519568,1,56.67,0
2024-01-11 13:35:00,524159083,315274822,3,58.24,0
2024-01-11 13:40:00,531806064,330912643,4,59.09,0
2024-01-11 13:45:00,474250632,289620142,3,52.69,0
2024-01-11 13:50:00,536064081,332777072,2,59.56,0
2024-01-11 13:55:00,503689326,274213952,4,55.97,0
2024-01-11 14:00:00,516355895,306768957,3,57.37,0
2024-01-11 14:05:00,529123787,330545626,0,58.79,0
2024-01-11 14:10:00,474980473,279270925,2,52.78,0
2024-01-11 14:15:00,485363886,308843063,1,53.93,0
2024-01-11 14:20:00,490825516,309334211,3,54.54,0
2024-01-11 14:25:00,477871634,282031673,1,53.1,0
2024-01-11 14:30:00,525103533,310030484,1,58.34,0
2024-01-11 14:35:00,470036834,271886042,1,52.23,0
2024-01-11 14:40:00,472739730,277347896,0,52.53,0
2024-01-11 14:45:00,484529334,278391710,0,53.84,0
2024-01-11 14:50:00,452903570,276030253,2,50.32,0
2024-01-11 14:55:00,465453736,264711777,3,51.72,0
2024-01-11 15:00:00,476054692,291670145,1,52.89,0
2024-01-11 15:05:00,459305925,281864342,3,51.03,0
2024-01-11 15:10:00,460273912,259552303,3,51.14,0
2024-01-11 15:15:00,447656353,284091998,1,49.74,0
2024-01-11 15:20:00,423979620,259523865,3,47.11,0
2024-01-11 15:25:00,456653497,281489078,1,50.74,0
2024-01-11 15:30:00,481201404,281134190,2,53.47,0
2024-01-11 15:35:00,442282348,271593200,3,49.14,0
2024-01-11 15:40:00,442163627,276562110,1,49.13,0
2024-01-11 15:45:00,447191311,267328702,6,49.69,0
2024-01-11 15:50:00,403565296,262158402,5,44.84,0
2024-01-11 15:55:00,458555875,275574171,2,50.95,0
2024-01-11 16:00:00,424046575,265835803,1,47.12,0
2024-01-11 16:05:00,448074442,271774753,1,49.79,0
2024-01-11 16:10:00,396159007,243550619,1,44.02,0
2024-01-11 16:15:00,442510524,248792991,0,49.17,0
2024-01-11 16:20:00,416931492,253869433,2,46.33,0
2024-01-11 16:25:00,407720007,237282253,1,45.3,0
2024-01-11 16:30:00,396524512,229450724,1,44.06,0
2024-01-11 16:35:00,382014556,246649765,3,42.45,0
2024-01-11 16:40:00,406095467,241519578,1,45.12,0
2024-01-11 16:45:00,379952669,217938583,4,42.22,0
2024-01-11 16:50:00,332827997,196105482,2,36.98,0
2024-01-11 16:55:00,344815234,193884638,1,38.31,0
2024-01-11 17:00:00,358399655,229378638,0,39.82,0
2024-01-11 17:05:00,363244593,210989948,2,40.36,0
2024-01-11 17:10:00,350813737,215781241,0,38.98,0
2024-01-11 17:15:00,371201093,236281722,2,41.24,0
2024-01-11 17:20:00,302653525,176590588,1,33.63,0
2024-01-11 17:25:00,339381371,208949047,0,37.71,0
2024-01-11 17:30:00,294966701,166679160,1,32.77,0
2024-01-11 17:35:00,341322295,229251073,1,37.92,0
2024-01-11 17:40:00,319028203,200780723,2,35.45,0
2024-01-11 17:45:00,324088950,192527305,2,36.01,0
2024-01-11 17:50:00,293190993,168186258,0,32.58,0
2024-01-11 17:55:00,330824871,197354957,1,36.76,0
2024-01-11 18:00:00,320834493,189100858,4,35.65,0
2024-01-11 18:05:00,306435313,203390633,1,34.05,0
2024-01-11 18:10:00,286941002,159909254,0,31.88,0
2024-01-11 18:15:00,295900394,178888251,2,32.88,0
2024-01-11 18:20:00,264944770,158783481,3,29.44,0
2024-01-11 18:25:00,290983063,173415734,5,32.33,0
2024-01-11 18:30:00,301663331,179911832,3,33.52,0
2024-01-11 18:35:00,284902598,169780851,2,31.66,0
2024-01-11 18:40:00,243732387,154970093,4,27.08,0
2024-01-11 18:45:00,260406669,162333845,0,28.93,0
2024-01-11 18:50:00,222191661,137504113,0,24.69,0
2024-01-11 18:55:00,254403192,122302021,0,28.27,0
2024-01-11 19:00:00,246895497,151135247,1,27.43,0
2024-01-11 19:05:00,195444709,100710432,0,21.72,0
2024-01-11 19:10:00,204594931,129220160,4,22.73,0
2024-01-11 19:15:00,217191750,145060023,2,24.13,0
2024-01-11 19:20:00,211897970,117876391,4,23.54,0
2024-01-11 19:25:00,188825332,110677392,4,20.98,0
2024-01-11 19:30:00,215935550,123567773,0,23.99,0
2024-01-11 19:35:00,208370266,137376477,1,23.15,0
2024-01-11 19:40:00,194686234,117762019,1,21.63,0
2024-01-11 19:45:00,178734884,124524224,3,19.86,0
2024-01-11 19:50:00,210154475,130230227,1,23.35,0
2024-01-11 19:55:00,217670837,133027004,3,24.19,0
2024-01-11 20:00:00,170328770,102879330,2,18.93,0
2024-01-11 20:05:00,163251079,106130568,2,18.14,0
2024-01-11 20:10:00,180872247,91146486,1,20.1,0
2024-01-11 20:15:00,159502556,96554973,0,17.72,0
2024-01-11 20:20:00,159553711,95031762,1,17.73,0
2024-01-11 20:25:00,172878747,110981436,1,19.21,0
2024-01-11 20:30:00,115710135,67549065,1,12.86,0
2024-01-11 20:35:00,176144413,95299303,7,19.57,0
2024-01-11 20:40:00,147184584,88384257,2,16.35,0
2024-01-11 20:45:00,133527141,69287879,3,14.84,0
2024-01-11 20:50:00,136073667,62391578,4,15.12,0
2024-01-11 20:55:00,133285453,87242497,2,14.81,0
2024-01-11 21:00:00,95670346,63192823,1,10.63,0
2024-01-11 21:05:00,156531413,98589757,0,17.39,0
2024-01-11 21:10:00,123879951,87357255,2,13.76,0
2024-01-11 21:15:00,128418488,70400774,2,14.27,0
2024-01-11 21:20:00,135180329,66797056,2,15.02,0
2024-01-11 21:25:00,92404474,54742387,6,10.27,0
2024-01-11 21:30:00,119064636,67963778,1,13.23,0
2024-01-11 21:35:00,101100473,52237326,4,11.23,0
2024-01-11 21:40:00,120338924,71404863,2,13.37,0
2024-01-11 21:45:00,57902744,30000000,0,6.43,0
2024-01-11 21:50:00,95604167,39002447,4,10.62,0
2024-01-11 21:55:00,82764737,45247075,2,9.2,0
2024-01-11 22:00:00,100799162,49115745,2,11.2,0
2024-01-11 22:05:00,98986462,61708358,3,11.0,0
2024-01-11 22:10:00,72964882,37218581,1,8.11,0
2024-01-11 22:15:00,70507064,53420553,0,7.83,0
2024-01-11 22:20:00,80272823,64202354,0,8.92,0
2024-01-11 22:25:00,62392400,44229254,4,6.93,0
2024-01-11 22:30:00,95108586,41554889,3,10.57,0
2024-01-11 22:35:00,68933967,56412340,1,7.66,0
2024-01-11 22:40:00,50000000,45757204,0,5.56,0
2024-01-11 22:45:00,65240327,39332101,0,7.25,0
2024-01-11 22:50:00,50337055,43431494,1,5.59,0
2024-01-11 22:55:00,50000000,30000000,0,5.56,0
2024-01-11 23:00:00,50000000,30000000,2,5.56,0
2024-01-11 23:05:00,69066072,33836799,1,7.67,0
2024-01-11 23:10:00,92261774,72650073,3,10.25,0
2024-01-11 23:15:00,70875222,30000000,3,7.88,0
2024-01-11 23:20:00,51516071,30904855,0,5.72,0
2024-01-11 23:25:00,71911321,43488231,3,7.99,0
2024-01-11 23:30:00,52871427,30000000,2,5.87,0
2024-01-11 23:35:00,50000000,30000000,2,5.56,0
2024-01-11 23:40:00,50000000,30722491,2,5.56,0
2024-01-11 23:45:00,50000000,30000000,5,5.56,0
2024-01-11 23:50:00,52429952,30000000,4,5.83,0
2024-01-11 23:55:00,63218183,40081229,2,7.02,0
2024-01-12 00:00:00,58067526,45574181,5,6.45,0
2024-01-12 00:05:00,51737774,39738390,1,5.75,0
2024-01-12 00:10:00,50000000,30000000,1,5.56,0
2024-01-12 00:15:00,72678782,31094990,2,8.08,0
2024-01-12 00:20:00,50000000,30000000,2,5.56,0
2024-01-12 00:25:00,76947037,61846137,0,8.55,0
2024-01-12 00:30:00,50000000,36455980,2,5.56,0
2024-01-12 00:35:00,50000000,37039646,1,5.56,0
2024-01-12 00:40:00,50000000,38898569,2,5.56,0
2024-01-12 00:45:00,54583489,36957759,0,6.06,0
2024-01-12 00:50:00,85195207,52323209,3,9.47,0
2024-01-12 00:55:00,77190465,52937347,3,8.58,0
2024-01-12 01:00:00,87746243,47186085,2,9.75,0
2024-01-12 01:05:00,80030885,33873901,0,8.89,0
2024-01-12 01:10:00,50000000,37229969,1,5.56,0
2024-01-12 01:15:00,66120984,52049971,3,7.35,0
2024-01-12 01:20:00,58869788,30000000,1,6.54,0
2024-01-12 01:25:00,102929609,69976980,4,11.44,0
2024-01-12 01:30:00,54333139,49407540,1,6.04,0
2024-01-12 01:35:00,98199198,58897057,1,10.91,0
2024-01-12 01:40:00,100345208,52027103,2,11.15,0
2024-01-12 01:45:00,121342946,74035954,2,13.48,0
2024-01-12 01:50:00,78923668,41848861,2,8.77,0
2024-01-12 01:55:00,103832021,56131911,3,11.54,0
2024-01-12 02:00:00,137786939,87004004,3,15.31,0
2024-01-12 02:05:00,82468317,33443695,2,9.16,0
2024-01-12 02:10:00,66885248,30000000,2,7.43,0
2024-01-12 02:15:00,62847092,37901164,1,6.98,0
2024-01-12 02:20:00,117657749,70371564,1,13.07,0
2024-01-12 02:25:00,68790290,44709720,1,7.64,0
2024-01-12 02:30:00,102148817,80041544,0,11.35,0
2024-01-12 02:35:00,121573987,73989533,2,13.51,0
2024-01-12 02:40:00,119852844,77893428,3,13.32,0
2024-01-12 02:45:00,128067343,67085076,3,14.23,0
2024-01-12 02:50:00,127499236,84178918,4,14.17,0
2024-01-12 02:55:00,152209965,86062070,4,16.91,0
2024-01-12 03:00:00,111248044,67463035,1,12.36,0
2024-01-12 03:05:00,120496963,71209692,6,13.39,0
2024-01-12 03:10:00,122405161,83772839,3,13.6,0
2024-01-12 03:15:00,158360840,81916738,1,17.6,0
2024-01-12 03:20:00,163738945,75410980,2,18.19,0
2024-01-12 03:25:00,158802873,93147396,4,17.64,0
2024-01-12 03:30:00,177567130,111225590,2,19.73,0
2024-01-12 03:35:00,134524867,82237613,2,14.95,0
2024-01-12 03:40:00,195686137,129733724,1,21.74,0
2024-01-12 03:45:00,197127916,122650476,0,21.9,0
2024-01-12 03:50:00,185760533,105817837,1,20.64,0
2024-01-12 03:55:00,211130396,103424036,1,23.46,0
2024-01-12 04:00:00,146867535,85747399,5,16.32,0
2024-01-12 04:05:00,174073732,114723829,1,19.34,0
2024-01-12 04:10:00,174474263,100764080,2,19.39,0
2024-01-12 04:15:00,208280300,125251383,1,23.14,0
2024-01-12 04:20:00,177568802,110754883,4,19.73,0
2024-01-12 04:25:00,218490697,120941494,2,24.28,0
2024-01-12 04:30:00,235566699,147572378,1,26.17,0
2024-01-12 04:35:00,226918928,152522575,1,25.21,0
2024-01-12 04:40:00,223590186,132425978,1,24.84,0
2024-01-12 04:45:00,203097061,110567592,4,22.57,0
2024-01-12 04:50:00,210893588,125870143,3,23.43,0
2024-01-12 04:55:00,257833414,132456207,0,28.65,0
2024-01-12 05:00:00,253470409,155451278,0,28.16,0
2024-01-12 05:05:00,242174995,149827741,0,26.91,0
2024-01-12 05:10:00,239696301,160574143,1,26.63,0
2024-01-12 05:15:00,212662165,125657351,1,23.63,0
2024-01-12 05:20:00,236907388,146229286,3,26.32,0
2024-01-12 05:25:00,301718769,172418380,3,33.52,0
2024-01-12 05:30:00,243064602,142274490,2,27.01,0
2024-01-12 05:35:00,277661546,151345073,4,30.85,0
2024-01-12 05:40:00,299231501,177591004,1,33.25,0
2024-01-12 05:45:00,259204795,152469785,2,28.8,0
2024-01-12 05:50:00,293225556,178927331,0,32.58,0
2024-01-12 05:55:00,313522738,181877674,1,34.84,0
2024-01-12 06:00:00,300249986,180983445,1,33.36,0
2024-01-12 06:05:00,362603633,214228379,2,40.29,0
2024-01-12 06:10:00,277096667,162943006,2,30.79,0
2024-01-12 06:15:00,336871321,202926416,3,37.43,0
2024-01-12 06:20:00,317461343,190882035,2,35.27,0
2024-01-12 06:25:00,341566453,212551612,1,37.95,0
2024-01-12 06:30:00,340152429,202885027,2,37.79,0
2024-01-12 06:35:00,321846488,189609039,2,35.76,0
2024-01-12 06:40:00,346255490,205945219,2,38.47,0
2024-01-12 06:45:00,309663648,178651547,2,34.41,0
2024-01-12 06:50:00,364010457,214807163,1,40.45,0
2024-01-12 06:55:00,363007783,238116257,0,40.33,0
2024-01-12 07:00:00,374889774,215807076,0,41.65,0
2024-01-12 07:05:00,388321329,230206234,2,43.15,0
2024-01-12 07:10:00,379521788,223838186,3,42.17,0
2024-01-12 07:15:00,380107260,225592639,2,42.23,0
2024-01-12 07:20:00,364463467,215365687,2,40.5,0
2024-01-12 07:25:00,372740713,226436829,5,41.42,0
2024-01-12 07:30:00,415578716,232245478,2,46.18,0
2024-01-12 07:35:00,425385913,265603262,2,47.27,0
2024-01-12 07:40:00,396666174,244325532,2,44.07,0
2024-01-12 07:45:00,407069340,231812888,3,45.23,0
2024-01-12 07:50:00,392727379,212945655,2,43.64,0
2024-01-12 07:55:00,438892441,253564743,2,48.77,0
2024-01-12 08:00:00,433308336,257558337,4,48.15,0
2024-01-12 08:05:00,463329930,303800877,2,51.48,0
2024-01-12 08:10:00,411385444,252263836,1,45.71,0
2024-01-12 08:15:00,425776697,237390122,3,47.31,0
2024-01-12 08:20:00,442287263,258475802,1,49.14,0
2024-01-12 08:25:00,454844106,272374339,2,50.54,0
2024-01-12 08:30:00,441789390,267610469,1,49.09,0
2024-01-12 08:35:00,432762411,246509958,2,48.08,0
2024-01-12 08:40:00,471897176,281788403,1,52.43,0
2024-01-12 08:45:00,472665702,276423030,3,52.52,0
2024-01-12 08:50:00,443816167,255252115,2,49.31,0
2024-01-12 08:55:00,493071989,298439150,2,54.79,0
2024-01-12 09:00:00,493109601,303604532,2,54.79,0
2024-01-12 09:05:00,476053280,294042381,1,52.89,0
2024-01-12 09:10:00,478538518,292866974,3,53.17,0
2024-01-12 09:15:00,491522709,289939930,2,54.61,0
2024-01-12 09:20:00,466616604,287115460,2,51.85,0
2024-01-12 09:25:00,487772905,295754287,2,54.2,0
2024-01-12 09:30:00,447357130,269753697,0,49.71,0
2024-01-12 09:35:00,511075817,300528559,2,56.79,0
2024-01-12 09:40:00,465366626,274251214,3,51.71,0
2024-01-12 09:45:00,529621103,318511531,2,58.85,0
2024-01-12 09:50:00,495811545,321885671,4,55.09,0
2024-01-12 09:55:00,500945509,303579730,2,55.66,0
2024-01-12 10:00:00,495291418,291062966,2,55.03,0
2024-01-12 10:05:00,504653643,294468291,4,56.07,0
2024-01-12 10:10:00,541253226,319834269,1,60.14,0
2024-01-12 10:15:00,465493284,301068905,2,51.72,0
2024-01-12 10:20:00,543053176,321839339,1,60.34,0
2024-01-12 10:25:00,526435224,324929840,2,58.49,0
2024-01-12 10:30:00,497590654,294795110,3,55.29,0
2024-01-12 10:35:00,502175640,303917229,2,55.8,0
2024-01-12 10:40:00,559054089,343349906,2,62.12,0
2024-01-12 10:45:00,508353093,299292827,2,56.48,0
2024-01-12 10:50:00,505825057,297083918,2,56.2,0
2024-01-12 10:55:00,553158255,348483650,2,61.46,0
2024-01-12 11:00:00,538593255,333001882,0,59.84,0
2024-01-12 11:05:00,514363585,316524874,4,57.15,0
2024-01-12 11:10:00,538643541,331058887,0,59.85,0
2024-01-12 11:15:00,514873413,313519803,2,57.21,0
2024-01-12 11:20:00,558370288,355199931,1,62.04,0
2024-01-12 11:25:00,558434181,335499592,0,62.05,0
2024-01-12 11:30:00,548586890,334924758,1,60.95,0
2024-01-12 11:35:00,545806742,312974916,3,60.65,0
2024-01-12 11:40:00,574310490,336336687,1,63.81,0
2024-01-12 11:45:00,539479868,311679730,1,59.94,0
2024-01-12 11:50:00,516134090,322421090,4,57.35,0
2024-01-12 11:55:00,548932364,303834017,1,60.99,0
2024-01-12 12:00:00,581720940,345009464,3,64.64,0
2024-01-12 12:05:00,519647696,281851551,3,57.74,0
2024-01-12 12:10:00,532542317,311212511,3,59.17,0
2024-01-12 12:15:00,547815062,323779547,3,60.87,0
2024-01-12 12:20:00,538008630,336653889,1,59.78,0
2024-01-12 12:25:00,518927449,315322749,1,57.66,0
2024-01-12 12:30:00,560383923,327898939,0,62.26,0
2024-01-12 12:35:00,583607576,360824183,1,64.85,0
2024-01-12 12:40:00,540276489,324344216,1,60.03,0
2024-01-12 12:45:00,517307101,310759929,1,57.48,0
2024-01-12 12:50:00,503331831,289972383,4,55.93,0
2024-01-12 12:55:00,538281616,313068832,0,59.81,0
2024-01-12 13:00:00,553899745,324088874,2,61.54,0
2024-01-12 13:05:00,539915319,324413804,6,59.99,0
2024-01-12 13:10:00,528843991,318085252,3,58.76,0
2024-01-12 13:15:00,515477798,324727605,0,57.28,0
2024-01-12 13:20:00,503682956,306060325,2,55.96,0
2024-01-12 13:25:00,540376915,297150492,2,60.04,0
2024-01-12 13:30:00,540006520,326630332,2,60.0,0
2024-01-12 13:35:00,488760159,278755931,3,54.31,0
2024-01-12 13:40:00,549310648,319926679,0,61.03,0
2024-01-12 13:45:00,526730882,307916834,5,58.53,0
2024-01-12 13:50:00,540874492,317891312,5,60.1,0
2024-01-12 13:55:00,483571866,276391625,0,53.73,0
2024-01-12 14:00:00,480529613,290352588,2,53.39,0
2024-01-12 14:05:00,502199462,287211654,1,55.8,0
2024-01-12 14:10:00,512469635,311048457,5,56.94,0
2024-01-12 14:15:00,535479923,343657664,5,59.5,0
2024-01-12 14:20:00,510718068,293137250,3,56.75,0
2024-01-12 14:25:00,488693079,290370744,4,54.3,0
2024-01-12 14:30:00,469877417,256691876,1,52.21,0
2024-01-12 14:35:00,511772287,304054019,0,56.86,0
2024-01-12 14:40:00,464556557,285161106,3,51.62,0
2024-01-12 14:45:00,513010924,315012947,4,57.0,0
2024-01-12 14:50:00,471258867,283528958,1,52.36,0
2024-01-12 14:55:00,505178992,312000029,2,56.13,0
2024-01-12 15:00:00,483284253,315431097,3,53.7,0
2024-01-12 15:05:00,463223223,295056981,0,51.47,0
2024-01-12 15:10:00,451753722,265827024,1,50.19,0
2024-01-12 15:15:00,451424838,256343862,1,50.16,0
2024-01-12 15:20:00,462835360,273639701,1,51.43,0
2024-01-12 15:25:00,451764763,261589030,3,50.2,0
2024-01-12 15:30:00,434226514,265049384,4,48.25,0
2024-01-12 15:35:00,438601687,251349077,2,48.73,0
2024-01-12 15:40:00,439229885,262809706,1,48.8,0
2024-01-12 15:45:00,390762174,242837444,4,43.42,0
2024-01-12 15:50:00,438115268,261862202,5,48.68,0
2024-01-12 15:55:00,404911157,233483556,2,44.99,0
2024-01-12 16:00:00,396933351,249908151,1,44.1,0
2024-01-12 16:05:00,381690417,210224441,2,42.41,0
2024-01-12 16:10:00,374941817,221687139,1,41.66,0
2024-01-12 16:15:00,379040335,227007601,1,42.12,0
2024-01-12 16:20:00,387247963,232507864,0,43.03,0
2024-01-12 16:25:00,435724388,263239593,2,48.41,0
2024-01-12 16:30:00,381326430,234900256,2,42.37,0
2024-01-12 16:35:00,390540131,233970004,1,43.39,0
2024-01-12 16:40:00,390094462,230376094,2,43.34,0
2024-01-12 16:45:00,379766775,223784171,2,42.2,0
2024-01-12 16:50:00,370620522,216257155,4,41.18,0
2024-01-12 16:55:00,343253088,213827286,2,38.14,0
2024-01-12 17:00:00,391135121,228215788,6,43.46,0
2024-01-12 17:05:00,393188547,244380839,2,43.69,0
2024-01-12 17:10:00,318292333,191165390,0,35.37,0
2024-01-12 17:15:00,326341105,190592115,1,36.26,0
2024-01-12 17:20:00,336079355,207831685,3,37.34,0
2024-01-12 17:25:00,317218856,183056774,0,35.25,0
2024-01-12 17:30:00,341445597,211249198,0,37.94,0
2024-01-12 17:35:00,311562605,189064824,2,34.62,0
2024-01-12 17:40:00,364218499,212567852,1,40.47,0
2024-01-12 17:45:00,339507722,208990981,2,37.72,0
2024-01-12 17:50:00,314720133,194297977,3,34.97,0
2024-01-12 17:55:00,325775297,207040374,2,36.2,0
2024-01-12 18:00:00,322118008,202932275,0,35.79,0
2024-01-12 18:05:00,283485477,175004026,2,31.5,0
2024-01-12 18:10:00,273207002,152648291,2,30.36,0
2024-01-12 18:15:00,285866110,196005536,1,31.76,0
2024-01-12 18:20:00,296315344,163753044,0,32.92,0
2024-01-12 18:25:00,276653158,175484526,1,30.74,0
2024-01-12 18:30:00,237133784,146593108,1,26.35,0
2024-01-12 18:35:00,247433898,136718915,0,27.49,0
2024-01-12 18:40:00,256844980,152863978,1,28.54,0
2024-01-12 18:45:00,251665010,150211477,4,27.96,0
2024-01-12 18:50:00,287505336,185559028,4,31.95,0
2024-01-12 18:55:00,215235626,122008267,2,23.92,0
2024-01-12 19:00:00,247995214,146177678,5,27.56,0
2024-01-12 19:05:00,262623298,134213283,1,29.18,0
2024-01-12 19:10:00,273259603,181303389,3,30.36,0
2024-01-12 19:15:00,214766579,118155265,3,23.86,0
2024-01-12 19:20:00,227743754,139915361,3,25.3,0
2024-01-12 19:25:00,224410077,133631968,1,24.93,0
2024-01-12 19:30:00,212065610,126259356,0,23.56,0
2024-01-12 19:35:00,201363890,128916954,3,22.37,0
2024-01-12 19:40:00,207291124,141087299,2,23.03,0
2024-01-12 19:45:00,143205792,88438412,2,15.91,0
2024-01-12 19:50:00,202821722,128243813,2,22.54,0
2024-01-12 19:55:00,187086253,115540667,3,20.79,0
2024-01-12 20:00:00,175550502,115505615,0,19.51,0
2024-01-12 20:05:00,216431661,125229833,2,24.05,0
2024-01-12 20:10:00,157549413,105283553,2,17.51,0
2024-01-12 20:15:00,158601624,106265973,3,17.62,0
2024-01-12 20:20:00,202172721,132129002,2,22.46,0
2024-01-12 20:25:00,141444458,78265196,3,15.72,0
2024-01-12 20:30:00,142894951,84053594,0,15.88,0
2024-01-12 20:35:00,146837858,90497384,2,16.32,0
2024-01-12 20:40:00,162545663,83818977,3,18.06,0
2024-01-12 20:45:00,145913054,103497034,3,16.21,0
2024-01-12 20:50:00,112005843,67080740,1,12.45,0
2024-01-12 20:55:00,123393495,76875376,2,13.71,0
2024-01-12 21:00:00,118147283,65118325,1,13.13,0
2024-01-12 21:05:00,125088228,61784161,2,13.9,0
2024-01-12 21:10:00,131570312,72901888,2,14.62,0
2024-01-12 21:15:00,127922561,78945578,1,14.21,0
2024-01-12 21:20:00,80629098,55111747,0,8.96,0
2024-01-12 21:25:00,134106543,82081841,1,14.9,0
2024-01-12 21:30:00,114646575,72255185,3,12.74,0
2024-01-12 21:35:00,134143935,77116097,2,14.9,0
2024-01-12 21:40:00,112287475,72334971,3,12.48,0
2024-01-12 21:45:00,122473752,88312579,0,13.61,0
2024-01-12 21:50:00,106916959,71198069,3,11.88,0
2024-01-12 21:55:00,121745666,81142818,2,13.53,0
2024-01-12 22:00:00,102598915,64499513,2,11.4,0
2024-01-12 22:05:00,87627273,37544813,0,9.74,0
2024-01-12 22:10:00,132566094,69092991,0,14.73,0
2024-01-12 22:15:00,102531284,66067528,1,11.39,0
2024-01-12 22:20:00,93961019,56267221,2,10.44,0
2024-01-12 22:25:00,54799156,37277922,3,6.09,0
2024-01-12 22:30:00,52502759,48265890,2,5.83,0
2024-01-12 22:35:00,82172421,56563812,0,9.13,0
2024-01-12 22:40:00,77384194,59019379,2,8.6,0
2024-01-12 22:45:00,60454317,37219404,1,6.72,0
2024-01-12 22:50:00,73927585,36284394,3,8.21,0
2024-01-12 22:55:00,101360573,60237682,1,11.26,0
2024-01-12 23:00:00,82085851,41203992,4,9.12,0
2024-01-12 23:05:00,50000000,45582949,3,5.56,0
2024-01-12 23:10:00,63458781,45979179,2,7.05,0
2024-01-12 23:15:00,50000000,35205124,1,5.56,0
2024-01-12 23:20:00,55892140,45894716,0,6.21,0
2024-01-12 23:25:00,54520924,30000000,6,6.06,0
2024-01-12 23:30:00,52500321,37381572,5,5.83,0
2024-01-12 23:35:00,50000000,30000000,1,5.56,0
2024-01-12 23:40:00,58360178,34943550,2,6.48,0
2024-01-12 23:45:00,50000000,30000000,3,5.56,0
2024-01-12 23:50:00,50000000,36617366,3,5.56,0
2024-01-12 23:55:00,101116553,62951805,8,11.24,0
2024-01-13 00:00:00,81775393,62516407,2,9.09,0
2024-01-13 00:05:00,52531099,30000000,3,5.84,0
2024-01-13 00:10:00,60604807,43454028,2,6.73,0
2024-01-13 00:15:00,50000000,31622232,1,5.56,0
2024-01-13 00:20:00,94827730,40543735,2,10.54,0
2024-01-13 00:25:00,99372252,50437187,1,11.04,0
2024-01-13 00:30:00,65187107,37613484,0,7.24,0
2024-01-13 00:35:00,83263850,61081234,2,9.25,0
2024-01-13 00:40:00,67151874,44928355,4,7.46,0
2024-01-13 00:45:00,50000000,30000000,1,5.56,0
2024-01-13 00:50:00,57452490,33068332,1,6.38,0
2024-01-13 00:55:00,69516462,61887942,1,7.72,0
2024-01-13 01:00:00,59086847,36564341,6,6.57,0
2024-01-13 01:05:00,65214969,35855725,1,7.25,0
2024-01-13 01:10:00,69279940,46485360,1,7.7,0
2024-01-13 01:15:00,71119198,50305450,1,7.9,0
2024-01-13 01:20:00,75518940,40749681,3,8.39,0
2024-01-13 01:25:00,55106010,38089353,3,6.12,0
2024-01-13 01:30:00,63928589,35068258,5,7.1,0
2024-01-13 01:35:00,54633559,39973411,2,6.07,0
2024-01-13 01:40:00,102042442,62922396,1,11.34,0
2024-01-13 01:45:00,50000000,34819678,2,5.56,0
2024-01-13 01:50:00,110189206,58521688,5,12.24,0
2024-01-13 01:55:00,117312566,62174676,5,13.03,0
2024-01-13 02:00:00,86110291,61121147,3,9.57,0
2024-01-13 02:05:00,50000000,30000000,2,5.56,0
2024-01-13 02:10:00,90359841,57066252,6,10.04,0
2024-01-13 02:15:00,99163609,56434211,3,11.02,0
2024-01-13 02:20:00,83191544,58902194,1,9.24,0
2024-01-13 02:25:00,96148927,51611256,3,10.68,0
2024-01-13 02:30:00,140199102,82763448,1,15.58,0
2024-01-13 02:35:00,126126267,83535688,3,14.01,0
2024-01-13 02:40:00,97658051,70324507,1,10.85,0
2024-01-13 02:45:00,87606462,47326284,4,9.73,0
2024-01-13 02:50:00,116513092,89504695,1,12.95,0
2024-01-13 02:55:00,122363513,76550525,0,13.6,0
2024-01-13 03:00:00,140218356,73701731,3,15.58,0
2024-01-13 03:05:00,123330532,77688839,1,13.7,0
2024-01-13 03:10:00,148088341,85023012,0,16.45,0
2024-01-13 03:15:00,180460085,112616735,3,20.05,0
2024-01-13 03:20:00,162040994,96796033,1,18.0,0
2024-01-13 03:25:00,148816596,90032694,1,16.54,0
2024-01-13 03:30:00,150234247,81024614,2,16.69,0
2024-01-13 03:35:00,150952221,100471945,2,16.77,0
2024-01-13 03:40:00,185954473,100011410,3,20.66,0
2024-01-13 03:45:00,154116875,81382476,1,17.12,0
2024-01-13 03:50:00,171952548,106845132,1,19.11,0
2024-01-13 03:55:00,176518376,121939468,3,19.61,0
2024-01-13 04:00:00,169964316,98452658,3,18.88,0
2024-01-13 04:05:00,157113384,101277753,1,17.46,0
2024-01-13 04:10:00,195639822,128117295,2,21.74,0
2024-01-13 04:15:00,192630634,123725225,2,21.4,0
2024-01-13 04:20:00,208576426,122033773,0,23.18,0
2024-01-13 04:25:00,192668788,104690805,1,21.41,0
2024-01-13 04:30:00,232572402,117467965,2,25.84,0
2024-01-13 04:35:00,195479395,114659232,2,21.72,0
2024-01-13 04:40:00,252155971,163074456,1,28.02,0
2024-01-13 04:45:00,187901798,101499419,3,20.88,0
2024-01-13 04:50:00,236526009,148917704,4,26.28,0
2024-01-13 04:55:00,242349650,135908264,0,26.93,0
2024-01-13 05:00:00,221972287,134244098,3,24.66,0
2024-01-13 05:05:00,251443264,157943874,2,27.94,0
2024-01-13 05:10:00,273644866,157591965,2,30.4,0
2024-01-13 05:15:00,208841945,127010014,4,23.2,0
2024-01-13 05:20:00,268379333,156876686,0,29.82,0
2024-01-13 05:25:00,213624970,135226469,3,23.74,0
2024-01-13 05:30:00,249360417,151969422,1,27.71,0
2024-01-13 05:35:00,306455277,184438243,1,34.05,0
2024-01-13 05:40:00,267446981,176051688,2,29.72,0
2024-01-13 05:45:00,260825649,163118451,2,28.98,0
2024-01-13 05:50:00,285572592,164440036,1,31.73,0
2024-01-13 05:55:00,336122554,200814893,0,37.35,0
2024-01-13 06:00:00,263366355,157260825,3,29.26,0
2024-01-13 06:05:00,284209374,171328820,5,31.58,0
2024-01-13 06:10:00,340417286,229495464,0,37.82,0
2024-01-13 06:15:00,352850797,215418997,1,39.21,0
2024-01-13 06:20:00,318848753,170950226,0,35.43,0
2024-01-13 06:25:00,301346995,175380207,1,33.48,0
2024-01-13 06:30:00,373243156,204622172,3,41.47,0
2024-01-13 06:35:00,368398460,217741093,0,40.93,0
2024-01-13 06:40:00,355254502,193279599,1,39.47,0
2024-01-13 06:45:00,330573630,189628273,3,36.73,0
2024-01-13 06:50:00,350964920,195371737,1,39.0,0
2024-01-13 06:55:00,353837412,216144049,1,39.32,0
2024-01-13 07:00:00,368733596,221245551,3,40.97,0
2024-01-13 07:05:00,396178992,240737018,1,44.02,0
2024-01-13 07:10:00,389757732,232809125,2,43.31,0
2024-01-13 07:15:00,355597950,199415792,3,39.51,0
2024-01-13 07:20:00,409614763,250904071,3,45.51,0
2024-01-13 07:25:00,393247771,255170908,2,43.69,0
2024-01-13 07:30:00,405585339,247443329,4,45.07,0
2024-01-13 07:35:00,425990022,251334767,1,47.33,0
2024-01-13 07:40:00,379196777,213237394,0,42.13,0
2024-01-13 07:45:00,405432774,234178994,3,45.05,0
2024-01-13 07:50:00,400190576,244644742,2,44.47,0
2024-01-13 07:55:00,384080116,241179249,4,42.68,0
2024-01-13 08:00:00,426934199,258769181,1,47.44,0
2024-01-13 08:05:00,474736712,292840900,1,52.75,0
2024-01-13 08:10:00,392150351,242366993,2,43.57,0
2024-01-13 08:15:00,432691243,264680090,1,48.08,0
2024-01-13 08:20:00,450469203,263696786,3,50.05,0
2024-01-13 08:25:00,444375879,268364762,2,49.38,0
2024-01-13 08:30:00,443840181,257820331,4,49.32,0
2024-01-13 08:35:00,424237306,254716673,1,47.14,0
2024-01-13 08:40:00,458924761,278663492,1,50.99,0
2024-01-13 08:45:00,443107716,282652467,3,49.23,0
2024-01-13 08:50:00,418343215,237908609,3,46.48,0
2024-01-13 08:55:00,489854977,298728062,0,54.43,0
2024-01-13 09:00:00,488873343,308136372,2,54.32,0
2024-01-13 09:05:00,474400570,292228819,3,52.71,0
2024-01-13 09:10:00,481528054,297246287,2,53.5,0
2024-01-13 09:15:00,501927914,307033697,0,55.77,0
2024-01-13 09:20:00,488337459,305985820,2,54.26,0
2024-01-13 09:25:00,505252627,292276794,2,56.14,0
2024-01-13 09:30:00,484455157,276813827,4,53.83,0
2024-01-13 09:35:00,519786379,311808486,1,57.75,0
2024-01-13 09:40:00,503012205,280195702,2,55.89,0
2024-01-13 09:45:00,503433745,314366705,1,55.94,0
2024-01-13 09:50:00,477012725,298414787,6,53.0,0
2024-01-13 09:55:00,510917966,302217274,0,56.77,0
2024-01-13 10:00:00,491206998,291016493,2,54.58,0
2024-01-13 10:05:00,497648766,297865785,3,55.29,0
2024-01-13 10:10:00,496575087,298465258,1,55.18,0
2024-01-13 10:15:00,493924759,297626594,3,54.88,0
2024-01-13 10:20:00,560009296,341587899,1,62.22,0
2024-01-13 10:25:00,546301536,326054658,1,60.7,0
2024-01-13 10:30:00,560138437,345514995,2,62.24,0
2024-01-13 10:35:00,499223988,303993870,1,55.47,0
2024-01-13 10:40:00,526951303,310101147,3,58.55,0
2024-01-13 10:45:00,501393078,314186973,2,55.71,0
2024-01-13 10:50:00,514978170,295404332,2,57.22,0
2024-01-13 10:55:00,512049425,306307997,0,56.89,0
2024-01-13 11:00:00,556613878,343637501,2,61.85,0
2024-01-13 11:05:00,525197503,307887770,4,58.36,0
2024-01-13 11:10:00,555678628,336502733,2,61.74,0
2024-01-13 11:15:00,547470885,333915927,2,60.83,0
2024-01-13 11:20:00,582426635,340850742,2,64.71,0
2024-01-13 11:25:00,507617878,303845949,3,56.4,0
2024-01-13 11:30:00,563131431,336313820,4,62.57,0
2024-01-13 11:35:00,561502338,331384024,4,62.39,0
2024-01-13 11:40:00,519619150,334788238,1,57.74,0
2024-01-13 11:45:00,559628808,328146221,2,62.18,0
2024-01-13 11:50:00,546494472,337945986,6,60.72,0
2024-01-13 11:55:00,535393361,317308006,6,59.49,0
2024-01-13 12:00:00,523521290,303246412,2,58.17,0
2024-01-13 12:05:00,525560697,316364560,4,58.4,0
2024-01-13 12:10:00,580767815,354951622,2,64.53,0
2024-01-13 12:15:00,539499797,332904974,0,59.94,0
2024-01-13 12:20:00,554729327,348460247,0,61.64,0
2024-01-13 12:25:00,522755533,343105783,5,58.08,0
2024-01-13 12:30:00,522349707,315914966,1,58.04,0
2024-01-13 12:35:00,558846458,328676953,2,62.09,0
2024-01-13 12:40:00,509362336,310146145,0,56.6,0
2024-01-13 12:45:00,527084191,313588385,1,58.56,0
2024-01-13 12:50:00,534991589,330254615,2,59.44,0
2024-01-13 12:55:00,535349548,308238086,0,59.48,0
2024-01-13 13:00:00,528240332,340627544,4,58.69,0
2024-01-13 13:05:00,538328360,331557497,1,59.81,0
2024-01-13 13:10:00,542749183,308809469,2,60.31,0
2024-01-13 13:15:00,541955981,318083300,1,60.22,0
2024-01-13 13:20:00,505810152,311646902,2,56.2,0
2024-01-13 13:25:00,517998786,322562712,2,57.56,0
2024-01-13 13:30:00,545626345,314653430,3,60.63,0
2024-01-13 13:35:00,537567698,329670877,1,59.73,0
2024-01-13 13:40:00,490056679,274560609,2,54.45,0
2024-01-13 13:45:00,522279055,312474074,0,58.03,0
2024-01-13 13:50:00,473318094,295111325,1,52.59,0
2024-01-13 13:55:00,511353119,301296714,0,56.82,0
2024-01-13 14:00:00,545801437,312411639,4,60.64,0
2024-01-13 14:05:00,486220994,293194744,2,54.02,0
2024-01-13 14:10:00,485727486,285389302,1,53.97,0
2024-01-13 14:15:00,514833302,315195565,5,57.2,0
2024-01-13 14:20:00,465740460,270591011,1,51.75,0
2024-01-13 14:25:00,480891604,280808593,3,53.43,0
2024-01-13 14:30:00,502333624,281190151,2,55.81,0
2024-01-13 14:35:00,474486558,286391382,1,52.72,0
2024-01-13 14:40:00,479131266,285869710,1,53.24,0
2024-01-13 14:45:00,495325268,285311314,3,55.04,0
2024-01-13 14:50:00,485377482,293164476,2,53.93,0
2024-01-13 14:55:00,478703718,297492934,0,53.19,0
2024-01-13 15:00:00,462923181,275598229,1,51.44,0
2024-01-13 15:05:00,473364355,286700282,0,52.6,0
2024-01-13 15:10:00,459666996,278533310,2,51.07,0
2024-01-13 15:15:00,467399107,268396166,2,51.93,0
2024-01-13 15:20:00,444330385,287164089,2,49.37,0
2024-01-13 15:25:00,446570253,263233654,3,49.62,0
2024-01-13 15:30:00,426303587,262343314,4,47.37,0
2024-01-13 15:35:00,441214163,272420650,2,49.02,0
2024-01-13 15:40:00,421438327,251467045,2,46.83,0
2024-01-13 15:45:00,411055926,252701506,3,45.67,0
2024-01-13 15:50:00,434125128,262933269,3,48.24,0
2024-01-13 15:55:00,428760377,243079828,1,47.64,0
2024-01-13 16:00:00,435657474,258071757,0,48.41,0
2024-01-13 16:05:00,406814793,237963366,2,45.2,0
2024-01-13 16:10:00,418980724,246770984,3,46.55,0
2024-01-13 16:15:00,417165237,237259110,1,46.35,0
2024-01-13 16:20:00,410323858,257458652,2,45.59,0
2024-01-13 16:25:00,380146131,244107605,5,42.24,0
2024-01-13 16:30:00,394831293,246678805,5,43.87,0
2024-01-13 16:35:00,394267935,249266053,3,43.81,0
2024-01-13 16:40:00,382228403,225890693,4,42.47,0
2024-01-13 16:45:00,335415918,194886982,3,37.27,0
2024-01-13 16:50:00,375379184,217441640,4,41.71,0
2024-01-13 16:55:00,411409584,253286399,4,45.71,0
2024-01-13 17:00:00,354915785,215220101,7,39.44,0
2024-01-13 17:05:00,342483072,204717626,1,38.05,0
2024-01-13 17:10:00,359412478,228598972,2,39.93,0
2024-01-13 17:15:00,353069241,215890958,3,39.23,0
2024-01-13 17:20:00,365530265,210931583,0,40.61,0
2024-01-13 17:25:00,311352249,180002261,3,34.59,0
2024-01-13 17:30:00,345953891,214392267,2,38.44,0
2024-01-13 17:35:00,337936491,213179223,2,37.55,0
2024-01-13 17:40:00,318074447,196361470,1,35.34,0
2024-01-13 17:45:00,322470497,212451185,0,35.83,0
2024-01-13 17:50:00,331057802,214984753,2,36.78,0
2024-01-13 17:55:00,322681880,198019486,2,35.85,0
2024-01-13 18:00:00,277139613,157897961,2,30.79,0
2024-01-13 18:05:00,311167591,173600679,2,34.57,0
2024-01-13 18:10:00,288237574,169068727,2,32.03,0
2024-01-13 18:15:00,285760730,178988573,4,31.75,0
2024-01-13 18:20:00,280546561,186594407,2,31.17,0
2024-01-13 18:25:00,270867090,166694724,3,30.1,0
2024-01-13 18:30:00,292507863,187191946,2,32.5,0
2024-01-13 18:35:00,261816028,154636542,3,29.09,0
2024-01-13 18:40:00,235933514,147787800,1,26.21,0
2024-01-13 18:45:00,245307725,155418203,5,27.26,0
2024-01-13 18:50:00,251628386,131181089,2,27.96,0
2024-01-13 18:55:00,267539681,156389420,1,29.73,0
2024-01-13 19:00:00,249945322,159464197,5,27.77,0
2024-01-13 19:05:00,215830331,132242881,3,23.98,0
2024-01-13 19:10:00,277534406,154555493,2,30.84,0
2024-01-13 19:15:00,228150034,112588796,2,25.35,0
2024-01-13 19:20:00,243422980,142395980,2,27.05,0
2024-01-13 19:25:00,209980582,125272492,2,23.33,0
2024-01-13 19:30:00,218823161,122454667,3,24.31,0
2024-01-13 19:35:00,220130164,133508948,1,24.46,0
2024-01-13 19:40:00,222935511,138825174,1,24.77,0
2024-01-13 19:45:00,214998080,135705719,2,23.89,0
2024-01-13 19:50:00,206624272,100415374,2,22.96,0
2024-01-13 19:55:00,178260960,93813725,0,19.81,0
2024-01-13 20:00:00,168565079,98092821,3,18.73,0
2024-01-13 20:05:00,182146568,115009672,0,20.24,0
2024-01-13 20:10:00,189710655,118718733,0,21.08,0
2024-01-13 20:15:00,162208730,102043937,2,18.02,0
2024-01-13 20:20:00,183645094,106352877,3,20.41,0
2024-01-13 20:25:00,187138019,109006477,0,20.79,0
2024-01-13 20:30:00,135570838,74059210,1,15.06,0
2024-01-13 20:35:00,133039952,87505912,3,14.78,0
2024-01-13 20:40:00,142923472,76549195,1,15.88,0
2024-01-13 20:45:00,147909257,97245918,3,16.43,0
2024-01-13 20:50:00,127367009,78498738,1,14.15,0
2024-01-13 20:55:00,161080920,96198107,1,17.9,0
2024-01-13 21:00:00,138775709,76698321,2,15.42,0
2024-01-13 21:05:00,127421590,62897535,3,14.16,0
2024-01-13 21:10:00,94335248,50124621,0,10.48,0
2024-01-13 21:15:00,93242129,52645209,1,10.36,0
2024-01-13 21:20:00,121769518,49371468,3,13.53,0
2024-01-13 21:25:00,70175811,40131935,1,7.8,0
2024-01-13 21:30:00,129847946,87152341,5,14.43,0
2024-01-13 21:35:00,103290218,67646309,1,11.48,0
2024-01-13 21:40:00,168265368,95997162,1,18.7,0
2024-01-13 21:45:00,146605618,88432733,5,16.29,0
2024-01-13 21:50:00,93957071,50812597,2,10.44,0
2024-01-13 21:55:00,92694410,57104253,1,10.3,0
2024-01-13 22:00:00,112065533,82640398,2,12.45,0
2024-01-13 22:05:00,123649030,83874406,1,13.74,0
2024-01-13 22:10:00,54356818,37822034,1,6.04,0
2024-01-13 22:15:00,50000000,30000000,3,5.56,0
2024-01-13 22:20:00,70045435,49526644,3,7.78,0
2024-01-13 22:25:00,91979996,38319228,3,10.22,0
2024-01-13 22:30:00,88206384,50400295,1,9.8,0
2024-01-13 22:35:00,97713540,64465238,2,10.86,0
2024-01-13 22:40:00,50479820,37692104,3,5.61,0
2024-01-13 22:45:00,50000000,36698844,2,5.56,0
2024-01-13 22:50:00,88268215,55909236,0,9.81,0
2024-01-13 22:55:00,53024109,30000000,1,5.89,0
2024-01-13 23:00:00,50000000,35379759,1,5.56,0
2024-01-13 23:05:00,69779178,32338896,1,7.75,0
2024-01-13 23:10:00,81552472,40484710,3,9.06,0
2024-01-13 23:15:00,62170390,37919580,1,6.91,0
2024-01-13 23:20:00,54489171,34425479,0,6.05,0
2024-01-13 23:25:00,59605992,30000000,3,6.62,0
2024-01-13 23:30:00,54641578,37336410,2,6.07,0
2024-01-13 23:35:00,50000000,37727283,3,5.56,0
2024-01-13 23:40:00,50000000,30000000,2,5.56,0
2024-01-13 23:45:00,70939456,66308336,2,7.88,0
2024-01-13 23:50:00,66661997,33167847,2,7.41,0
2024-01-13 23:55:00,63418309,34440114,5,7.05,0
2024-01-14 00:00:00,50000000,30000000,0,5.56,0
2024-01-14 00:05:00,56427050,33094354,2,6.27,0
2024-01-14 00:10:00,50000000,30000000,2,5.56,0
2024-01-14 00:15:00,64083391,30000000,2,7.12,0
2024-01-14 00:20:00,89490426,48228773,2,9.94,0
2024-01-14 00:25:00,50000000,30000000,0,5.56,0
2024-01-14 00:30:00,50334679,42486528,3,5.59,0
2024-01-14 00:35:00,69375373,63647656,1,7.71,0
2024-01-14 00:40:00,88702991,66576534,0,9.86,0
2024-01-14 00:45:00,55647040,30000000,3,6.18,0
2024-01-14 00:50:00,51843951,30000000,1,5.76,0
2024-01-14 00:55:00,50000000,30000000,1,5.56,0
2024-01-14 01:00:00,70246564,59993527,4,7.81,0
2024-01-14 01:05:00,110429555,64603492,1,12.27,0
2024-01-14 01:10:00,76655101,32717985,4,8.52,0
2024-01-14 01:15:00,72291189,38362942,2,8.03,0
2024-01-14 01:20:00,80915417,56119810,2,8.99,0
2024-01-14 01:25:00,76096271,52557165,1,8.46,0
2024-01-14 01:30:00,62008624,35203008,2,6.89,0
2024-01-14 01:35:00,96790843,64908652,0,10.75,0
2024-01-14 01:40:00,87001361,30000000,1,9.67,0
2024-01-14 01:45:00,85102807,52099976,7,9.46,0
2024-01-14 01:50:00,67610079,49172901,4,7.51,0
2024-01-14 01:55:00,115655737,61064809,2,12.85,0
2024-01-14 02:00:00,105447957,54905389,0,11.72,0
2024-01-14 02:05:00,83762734,31593159,4,9.31,0
2024-01-14 02:10:00,117622550,86472485,2,13.07,0
2024-01-14 02:15:00,90495876,47095985,2,10.06,0
2024-01-14 02:20:00,87763439,55068496,1,9.75,0
2024-01-14 02:25:00,91259232,60794709,3,10.14,0
2024-01-14 02:30:00,74173827,59624975,3,8.24,0
2024-01-14 02:35:00,122258571,71816165,1,13.58,0
2024-01-14 02:40:00,79526436,42321563,2,8.84,0
2024-01-14 02:45:00,94989569,58724418,1,10.55,0
2024-01-14 02:50:00,81541678,61765810,0,9.06,0
2024-01-14 02:55:00,124911255,73245027,4,13.88,0
2024-01-14 03:00:00,127287963,66824087,1,14.14,0
2024-01-14 03:05:00,127502942,61094187,4,14.17,0
2024-01-14 03:10:00,117006796,57991103,3,13.0,0
2024-01-14 03:15:00,118312329,79631312,1,13.15,0
2024-01-14 03:20:00,155018370,89804777,3,17.22,0
2024-01-14 03:25:00,138767328,77185187,1,15.42,0
2024-01-14 03:30:00,160224423,88974981,0,17.8,0
2024-01-14 03:35:00,140380710,85078885,2,15.6,0
2024-01-14 03:40:00,165962910,97183195,0,18.44,0
2024-01-14 03:45:00,192728704,112905901,3,21.41,0
2024-01-14 03:50:00,182771410,123156085,2,20.31,0
2024-01-14 03:55:00,167246141,115727847,2,18.58,0
2024-01-14 04:00:00,185143979,94986170,2,20.57,0
2024-01-14 04:05:00,179749391,111125562,4,19.97,0
2024-01-14 04:10:00,189337936,105834140,0,21.04,0
2024-01-14 04:15:00,187338493,109920584,0,20.82,0
2024-01-14 04:20:00,195284913,120263731,2,21.7,0
2024-01-14 04:25:00,207582661,122422397,3,23.06,0
2024-01-14 04:30:00,188288802,115277880,3,20.92,0
2024-01-14 04:35:00,192697294,122348078,1,21.41,0
2024-01-14 04:40:00,190144314,117032356,1,21.13,0
2024-01-14 04:45:00,190849106,108041100,0,21.21,0
2024-01-14 04:50:00,203484954,115798976,2,22.61,0
2024-01-14 04:55:00,236030286,127221119,2,26.23,0
2024-01-14 05:00:00,220027678,123477404,4,24.45,0
2024-01-14 05:05:00,253227675,171557288,3,28.14,0
2024-01-14 05:10:00,248748767,141329224,0,27.64,0
2024-01-14 05:15:00,213808238,116351154,2,23.76,0
2024-01-14 05:20:00,271423949,166053648,2,30.16,0
2024-01-14 05:25:00,279706360,166720168,1,31.08,0
2024-01-14 05:30:00,248796460,147321943,5,27.64,0
2024-01-14 05:35:00,282275780,183455928,0,31.36,0
2024-01-14 05:40:00,261952656,162662860,0,29.11,0
2024-01-14 05:45:00,286256656,166454064,3,31.81,0
2024-01-14 05:50:00,264241378,154300068,2,29.36,0
2024-01-14 05:55:00,258902298,150315513,3,28.77,0
2024-01-14 06:00:00,292343656,184153589,3,32.48,0
2024-01-14 06:05:00,302760993,178575119,1,33.64,0
2024-01-14 06:10:00,302515059,163577500,4,33.61,0
2024-01-14 06:15:00,292016139,174726487,4,32.45,0
2024-01-14 06:20:00,312919397,172381378,0,34.77,0
2024-01-14 06:25:00,331513945,220750673,3,36.83,0
2024-01-14 06:30:00,330428425,188600376,5,36.71,0
2024-01-14 06:35:00,340159633,202477132,2,37.8,0
2024-01-14 06:40:00,328273258,199545982,0,36.47,0
2024-01-14 06:45:00,370256035,219267039,1,41.14,0
2024-01-14 06:50:00,328422040,194152920,1,36.49,0
2024-01-14 06:55:00,366795820,224295764,3,40.76,0
2024-01-14 07:00:00,385754392,246714795,1,42.86,0
2024-01-14 07:05:00,376777125,233741365,0,41.86,0
2024-01-14 07:10:00,368118907,235656483,2,40.9,0
2024-01-14 07:15:00,366579530,209481527,2,40.73,0
2024-01-14 07:20:00,402806587,244857578,0,44.76,0
2024-01-14 07:25:00,358525630,216667838,2,39.84,0
2024-01-14 07:30:00,372441538,226975836,3,41.38,0
2024-01-14 07:35:00,388708050,246987149,0,43.19,0
2024-01-14 07:40:00,426181457,253500983,1,47.35,0
2024-01-14 07:45:00,413744638,244191749,2,45.97,0
2024-01-14 07:50:00,391458752,240215059,1,43.5,0
2024-01-14 07:55:00,409231150,227756662,0,45.47,0
2024-01-14 08:00:00,407713537,242259601,1,45.3,0
2024-01-14 08:05:00,410309802,244843904,1,45.59,0
2024-01-14 08:10:00,448529697,259914232,2,49.84,0
2024-01-14 08:15:00,405901993,254111786,1,45.1,0
2024-01-14 08:20:00,469833961,271277973,5,52.2,0
2024-01-14 08:25:00,458478909,273728615,3,50.94,0
2024-01-14 08:30:00,467919976,283683558,1,51.99,0
2024-01-14 08:35:00,440962843,278112221,2,49.0,0
2024-01-14 08:40:00,451270211,270656562,3,50.14,0
2024-01-14 08:45:00,429579959,267109511,2,47.73,0
2024-01-14 08:50:00,451648401,277994994,3,50.18,0
2024-01-14 08:55:00,475836230,286736313,3,52.87,0
2024-01-14 09:00:00,495626888,286480999,3,55.07,0
2024-01-14 09:05:00,451224214,256388720,2,50.14,0
2024-01-14 09:10:00,469636442,282846919,1,52.18,0
2024-01-14 09:15:00,477415569,281022372,2,53.05,0
2024-01-14 09:20:00,455934882,282753540,0,50.66,0
2024-01-14 09:25:00,498999260,306858121,2,55.44,0
2024-01-14 09:30:00,475924995,283708887,2,52.88,0
2024-01-14 09:35:00,489638898,282206209,1,54.4,0
2024-01-14 09:40:00,487557503,297641857,2,54.17,0
2024-01-14 09:45:00,483765936,280080067,2,53.75,0
2024-01-14 09:50:00,502273047,293779189,2,55.81,0
2024-01-14 09:55:00,500866657,290725837,4,55.65,0
2024-01-14 10:00:00,500408939,298860353,2,55.6,0
2024-01-14 10:05:00,495845188,309209036,3,55.09,0
2024-01-14 10:10:00,519273093,311513447,1,57.7,0
2024-01-14 10:15:00,548321803,324560895,3,60.92,0
2024-01-14 10:20:00,520311613,296930818,1,57.81,0
2024-01-14 10:25:00,539597119,329279517,2,59.96,0
2024-01-14 10:30:00,493926649,288551943,0,54.88,0
2024-01-14 10:35:00,526837117,317277446,2,58.54,0
2024-01-14 10:40:00,503578862,298605131,2,55.95,0
2024-01-14 10:45:00,497724732,307016611,0,55.3,0
2024-01-14 10:50:00,514104640,306890420,2,57.12,0
2024-01-14 10:55:00,554249951,331960707,0,61.58,0
2024-01-14 11:00:00,550822514,335350980,2,61.2,0
2024-01-14 11:05:00,537982191,343858716,5,59.78,0
2024-01-14 11:10:00,503657030,311078687,1,55.96,0
2024-01-14 11:15:00,531462854,317991651,2,59.05,0
2024-01-14 11:20:00,542387860,325464696,3,60.27,0
2024-01-14 11:25:00,540717487,319181897,2,60.08,0
2024-01-14 11:30:00,501070895,291142580,1,55.67,0
2024-01-14 11:35:00,520767164,306932790,1,57.86,0
2024-01-14 11:40:00,537805172,314961613,1,59.76,0
2024-01-14 11:45:00,550211959,336660859,0,61.13,0
2024-01-14 11:50:00,495849016,286797461,3,55.09,0
2024-01-14 11:55:00,536700406,335352349,0,59.63,0
2024-01-14 12:00:00,542860975,333237049,1,60.32,0
2024-01-14 12:05:00,556935126,334366093,0,61.88,0
2024-01-14 12:10:00,553628724,332180421,2,61.51,0
2024-01-14 12:15:00,551137567,325109727,2,61.24,0
2024-01-14 12:20:00,523087917,316553594,1,58.12,0
2024-01-14 12:25:00,500413478,311129011,2,55.6,0
2024-01-14 12:30:00,530085711,311019862,1,58.9,0
2024-01-14 12:35:00,557239399,319009718,4,61.92,0
2024-01-14 12:40:00,564222951,345565953,1,62.69,0
2024-01-14 12:45:00,549599449,333003329,1,61.07,0
2024-01-14 12:50:00,542897858,314536726,3,60.32,0
2024-01-14 12:55:00,540714889,317095020,3,60.08,0
2024-01-14 13:00:00,520699823,303828851,4,57.86,0
2024-01-14 13:05:00,527810759,309441132,2,58.65,0
2024-01-14 13:10:00,562273458,334127247,1,62.47,0
2024-01-14 13:15:00,508412070,302381769,2,56.49,0
2024-01-14 13:20:00,557821804,328185146,4,61.98,0
2024-01-14 13:25:00,517241325,302763157,0,57.47,0
2024-01-14 13:30:00,548239729,326655994,1,60.92,0
2024-01-14 13:35:00,491538454,296599988,1,54.62,0
2024-01-14 13:40:00,529231952,314376206,2,58.8,0
2024-01-14 13:45:00,500514055,311895103,2,55.61,0
2024-01-14 13:50:00,484577256,295827230,4,53.84,0
2024-01-14 13:55:00,514785102,292962602,2,57.2,0
2024-01-14 14:00:00,528035532,322058597,1,58.67,0
2024-01-14 14:05:00,488280020,299023451,1,54.25,0
2024-01-14 14:10:00,472433627,279112826,2,52.49,0
2024-01-14 14:15:00,497715811,283677511,1,55.3,0
2024-01-14 14:20:00,494847784,296989338,5,54.98,0
2024-01-14 14:25:00,504513097,302630772,2,56.06,0
2024-01-14 14:30:00,509396693,294421553,2,56.6,0
2024-01-14 14:35:00,485983972,277078191,1,54.0,0
2024-01-14 14:40:00,520960732,311700904,3,57.88,0
2024-01-14 14:45:00,484926248,288624977,1,53.88,0
2024-01-14 14:50:00,470018030,277838164,2,52.22,0
2024-01-14 14:55:00,441136003,263847494,0,49.02,0
2024-01-14 15:00:00,464452437,267643698,0,51.61,0
2024-01-14 15:05:00,459235394,271193030,4,51.03,0
2024-01-14 15:10:00,481347745,294141897,0,53.48,0
2024-01-14 15:15:00,467492668,276995900,0,51.94,0
2024-01-14 15:20:00,430681643,241689261,1,47.85,0
2024-01-14 15:25:00,453666721,267473109,2,50.41,0
2024-01-14 15:30:00,459533366,265018435,3,51.06,0
2024-01-14 15:35:00,472474942,286156328,1,52.5,0
2024-01-14 15:40:00,455408424,276433428,2,50.6,0
2024-01-14 15:45:00,448553789,252544527,4,49.84,0
2024-01-14 15:50:00,430153625,265682305,2,47.79,0
2024-01-14 15:55:00,432271822,248241230,1,48.03,0
2024-01-14 16:00:00,444990098,282585881,1,49.44,0
2024-01-14 16:05:00,388781756,232781291,1,43.2,0
2024-01-14 16:10:00,403830880,229834593,2,44.87,0
2024-01-14 16:15:00,390697910,222998885,2,43.41,0
2024-01-14 16:20:00,409011445,248887820,1,45.45,0
2024-01-14 16:25:00,421263649,248845190,0,46.81,0
2024-01-14 16:30:00,379904538,226976183,2,42.21,0
2024-01-14 16:35:00,339179041,219635227,2,37.69,0
2024-01-14 16:40:00,373840419,217311811,2,41.54,0
2024-01-14 16:45:00,395414946,237848596,2,43.93,0
2024-01-14 16:50:00,382921989,243951638,2,42.55,0
2024-01-14 16:55:00,375722688,228138747,1,41.75,0
2024-01-14 17:00:00,356516704,197843995,1,39.61,0
2024-01-14 17:05:00,331463999,203932289,3,36.83,0
2024-01-14 17:10:00,362251393,205720807,1,40.25,0
2024-01-14 17:15:00,330136041,212149699,2,36.68,0
2024-01-14 17:20:00,385357497,222985822,2,42.82,0
2024-01-14 17:25:00,347919756,238446949,2,38.66,0
2024-01-14 17:30:00,319713320,206501751,5,35.52,0
2024-01-14 17:35:00,313900345,180374081,0,34.88,0
2024-01-14 17:40:00,319058494,191635234,2,35.45,0
2024-01-14 17:45:00,310906712,194080470,4,34.55,0
2024-01-14 17:50:00,332805328,207519801,1,36.98,0
2024-01-14 17:55:00,308963895,189801700,2,34.33,0
2024-01-14 18:00:00,285367365,183742009,1,31.71,0
2024-01-14 18:05:00,332573241,198314255,1,36.95,0
2024-01-14 18:10:00,290517513,170643331,1,32.28,0
2024-01-14 18:15:00,299680042,176339385,0,33.3,0
2024-01-14 18:20:00,266918091,168734587,0,29.66,0
2024-01-14 18:25:00,281134262,172332367,2,31.24,0
2024-01-14 18:30:00,274895913,167850384,0,30.54,0
2024-01-14 18:35:00,225697401,143370783,2,25.08,0
2024-01-14 18:40:00,298629939,158667439,1,33.18,0
2024-01-14 18:45:00,278991211,170495415,0,31.0,0
2024-01-14 18:50:00,240110586,146252040,6,26.68,0
2024-01-14 18:55:00,220909991,149234075,0,24.55,0
2024-01-14 19:00:00,244834661,131614917,2,27.2,0
2024-01-14 19:05:00,234574990,156316860,2,26.06,0
2024-01-14 19:10:00,234943987,141720483,2,26.1,0
2024-01-14 19:15:00,226686076,140901541,1,25.19,0
2024-01-14 19:20:00,228039985,153583179,2,25.34,0
2024-01-14 19:25:00,241960984,150784203,1,26.88,0
2024-01-14 19:30:00,219518040,135714507,2,24.39,0
2024-01-14 19:35:00,182347684,111831522,2,20.26,0
2024-01-14 19:40:00,225822874,130658943,3,25.09,0
2024-01-14 19:45:00,226663005,135712912,1,25.18,0
2024-01-14 19:50:00,252221467,144177752,2,28.02,0
2024-01-14 19:55:00,162092814,96810019,1,18.01,0
2024-01-14 20:00:00,184857640,87555277,2,20.54,0
2024-01-14 20:05:00,133852443,84601862,3,14.87,0
2024-01-14 20:10:00,182111077,108049273,3,20.23,0
2024-01-14 20:15:00,155699138,90057445,0,17.3,0
2024-01-14 20:20:00,200810571,122683923,5,22.31,0
2024-01-14 20:25:00,142593384,71220391,4,15.84,0
2024-01-14 20:30:00,120113596,91360857,0,13.35,0
2024-01-14 20:35:00,140353091,83184180,2,15.59,0
2024-01-14 20:40:00,106221218,62274286,3,11.8,0
2024-01-14 20:45:00,156778993,84413433,1,17.42,0
2024-01-14 20:50:00,96556689,58173477,5,10.73,0
2024-01-14 20:55:00,134606018,94633209,3,14.96,0
2024-01-14 21:00:00,88738136,63602043,1,9.86,0
2024-01-14 21:05:00,120226693,80680393,1,13.36,0
2024-01-14 21:10:00,155921002,99016590,2,17.32,0
2024-01-14 21:15:00,126771404,72477417,4,14.09,0
2024-01-14 21:20:00,98879461,44826045,2,10.99,0
2024-01-14 21:25:00,112203654,65311804,1,12.47,0
2024-01-14 21:30:00,109955535,63614606,2,12.22,0
2024-01-14 21:35:00,115905901,80031485,3,12.88,0
2024-01-14 21:40:00,76066342,48733709,1,8.45,0
2024-01-14 21:45:00,112298638,83502298,2,12.48,0
2024-01-14 21:50:00,50000000,41974885,5,5.56,0
2024-01-14 21:55:00,82223459,44769119,0,9.14,0
2024-01-14 22:00:00,82388426,31481763,2,9.15,0
2024-01-14 22:05:00,102252115,75207021,0,11.36,0
2024-01-14 22:10:00,87570017,66135862,0,9.73,0
2024-01-14 22:15:00,56639280,30000000,0,6.29,0
2024-01-14 22:20:00,62786268,52764161,2,6.98,0
2024-01-14 22:25:00,84298845,54400478,1,9.37,0
2024-01-14 22:30:00,76687565,47619394,3,8.52,0
2024-01-14 22:35:00,64735629,54989210,2,7.19,0
2024-01-14 22:40:00,64857095,52361108,2,7.21,0
2024-01-14 22:45:00,86660128,58509386,2,9.63,0
2024-01-14 22:50:00,60754080,41184618,5,6.75,0
2024-01-14 22:55:00,67826210,46859668,4,7.54,0
2024-01-14 23:00:00,111576533,62945345,4,12.4,0
2024-01-14 23:05:00,50000000,30000000,1,5.56,0
2024-01-14 23:10:00,50000000,30000000,0,5.56,0
2024-01-14 23:15:00,80283325,44839597,2,8.92,0
2024-01-14 23:20:00,50073278,30000000,7,5.56,0
2024-01-14 23:25:00,56428486,30000000,1,6.27,0
2024-01-14 23:30:00,50000000,31367465,1,5.56,0
2024-01-14 23:35:00,56230476,30498477,2,6.25,0
2024-01-14 23:40:00,92884034,60752768,1,10.32,0
2024-01-14 23:45:00,76556427,30000000,1,8.51,0
2024-01-14 23:50:00,77472897,45350190,0,8.61,0
2024-01-14 23:55:00,50000000,31315516,1,5.56,0
2024-01-15 00:00:00,50000000,30000000,0,5.56,0
2024-01-15 00:05:00,50000000,30000000,2,5.56,0
2024-01-15 00:10:00,50000000,30000000,6,5.56,0
2024-01-15 00:15:00,79647922,51353524,1,8.85,0
2024-01-15 00:20:00,71252202,49227381,7,7.92,0
2024-01-15 00:25:00,56996213,39133101,1,6.33,0
2024-01-15 00:30:00,61607227,47351607,2,6.85,0
2024-01-15 00:35:00,50000000,32015296,1,5.56,0
2024-01-15 00:40:00,67741316,45431601,4,7.53,0
2024-01-15 00:45:00,79929098,49518366,3,8.88,0
2024-01-15 00:50:00,50000000,36875507,2,5.56,0
2024-01-15 00:55:00,72870857,30000000,1,8.1,0
2024-01-15 01:00:00,86826499,43160089,3,9.65,0
2024-01-15 01:05:00,61286029,52640614,3,6.81,0
2024-01-15 01:10:00,85121944,30000000,2,9.46,0
2024-01-15 01:15:00,129029857,76016135,2,14.34,0
2024-01-15 01:20:00,72386915,55154898,3,8.04,0
2024-01-15 01:25:00,84184252,49577944,4,9.35,0
2024-01-15 01:30:00,63507770,34054551,3,7.06,0
2024-01-15 01:35:00,83950268,51664377,3,9.33,0
2024-01-15 01:40:00,91691563,51483736,4,10.19,0
2024-01-15 01:45:00,88647388,53496928,3,9.85,0
2024-01-15 01:50:00,66723493,33200285,2,7.41,0
2024-01-15 01:55:00,93712814,67314432,2,10.41,0
2024-01-15 02:00:00,121397821,87071342,3,13.49,0
2024-01-15 02:05:00,103793866,60942416,2,11.53,0
2024-01-15 02:10:00,116825796,56230583,1,12.98,0
2024-01-15 02:15:00,95707053,52185800,2,10.63,0
2024-01-15 02:20:00,118401514,69201021,1,13.16,0
2024-01-15 02:25:00,112038651,72278579,0,12.45,0
2024-01-15 02:30:00,90576983,44266058,1,10.06,0
2024-01-15 02:35:00,119198144,63827263,1,13.24,0
2024-01-15 02:40:00,96315400,62896001,2,10.7,0
2024-01-15 02:45:00,106900840,73529592,5,11.88,0
2024-01-15 02:50:00,126840005,69888062,1,14.09,0
2024-01-15 02:55:00,132577534,66214350,2,14.73,0
2024-01-15 03:00:00,106509723,96747015,1,11.83,0
2024-01-15 03:05:00,155116582,100902991,4,17.24,0
2024-01-15 03:10:00,149298475,86909047,0,16.59,0
2024-01-15 03:15:00,127662435,85287774,1,14.18,0
2024-01-15 03:20:00,114979277,67743000,3,12.78,0
2024-01-15 03:25:00,146880275,96799733,1,16.32,0
2024-01-15 03:30:00,144978382,88580961,1,16.11,0
2024-01-15 03:35:00,160348493,97121815,2,17.82,0
2024-01-15 03:40:00,155079322,91911774,0,17.23,0
2024-01-15 03:45:00,126514006,61434590,1,14.06,0
2024-01-15 03:50:00,163281155,117349642,3,18.14,0
2024-01-15 03:55:00,169382035,92213882,3,18.82,0
2024-01-15 04:00:00,192673220,102003696,3,21.41,0
2024-01-15 04:05:00,170598701,100230622,1,18.96,0
2024-01-15 04:10:00,222753826,124037577,3,24.75,0
2024-01-15 04:15:00,155617903,92853614,0,17.29,0
2024-01-15 04:20:00,224794967,141754618,3,24.98,0
2024-01-15 04:25:00,198854415,129265678,3,22.09,0
2024-01-15 04:30:00,225347673,143355911,1,25.04,0
2024-01-15 04:35:00,214610900,125710219,1,23.85,0
2024-01-15 04:40:00,240706276,144919684,4,26.75,0
2024-01-15 04:45:00,215107289,133143163,0,23.9,0
2024-01-15 04:50:00,205858199,105937045,4,22.87,0
2024-01-15 04:55:00,261251122,162456520,1,29.03,0
2024-01-15 05:00:00,235613816,126795296,55,26.18,1
2024-01-15 05:05:00,247386555,168835399,57,27.49,1
2024-01-15 05:10:00,272749530,159604567,49,30.31,1
2024-01-15 05:15:00,232539217,137674778,42,25.84,1
2024-01-15 05:20:00,270234255,154443482,49,30.03,1
2024-01-15 05:25:00,251692492,144715794,66,27.97,1
2024-01-15 05:30:00,266030326,182359131,58,29.56,1
2024-01-15 05:35:00,275317529,174594214,60,30.59,1
2024-01-15 05:40:00,249078184,133954886,44,27.68,1
2024-01-15 05:45:00,268726508,176278033,54,29.86,1
2024-01-15 05:50:00,316552804,201864105,46,35.17,1
2024-01-15 05:55:00,312488251,184680826,37,34.72,1
2024-01-15 06:00:00,298747208,182315294,2,33.19,0
2024-01-15 06:05:00,310098041,185909384,0,34.46,0
2024-01-15 06:10:00,304583802,202476080,2,33.84,0
2024-01-15 06:15:00,342828418,197734149,0,38.09,0
2024-01-15 06:20:00,316910326,191606302,1,35.21,0
2024-01-15 06:25:00,330764891,194177481,2,36.75,0
2024-01-15 06:30:00,354246889,198217729,3,39.36,0
2024-01-15 06:35:00,320962182,214493692,0,35.66,0
2024-01-15 06:40:00,372851346,211895142,1,41.43,0
2024-01-15 06:45:00,316212449,191928761,2,35.13,0
2024-01-15 06:50:00,384538349,213316003,0,42.73,0
2024-01-15 06:55:00,349591102,205763956,3,38.84,0
2024-01-15 07:00:00,357262595,218577245,1,39.7,0
2024-01-15 07:05:00,329358759,189367916,3,36.6,0
2024-01-15 07:10:00,363073497,223712117,4,40.34,0
2024-01-15 07:15:00,356349341,211119193,3,39.59,0
2024-01-15 07:20:00,369931907,233559969,1,41.1,0
2024-01-15 07:25:00,384238909,244160955,3,42.69,0
2024-01-15 07:30:00,410999856,240732466,1,45.67,0
2024-01-15 07:35:00,400811272,241254092,1,44.53,0
2024-01-15 07:40:00,407581915,246383691,1,45.29,0
2024-01-15 07:45:00,384238897,236736831,3,42.69,0
2024-01-15 07:50:00,393204585,236066571,0,43.69,0
2024-01-15 07:55:00,451411804,272749192,2,50.16,0
2024-01-15 08:00:00,405295979,240743522,0,45.03,0
2024-01-15 08:05:00,457629746,275730246,3,50.85,0
2024-01-15 08:10:00,424090682,267433811,5,47.12,0
2024-01-15 08:15:00,433382614,266490401,2,48.15,0
2024-01-15 08:20:00,459065647,282451945,1,51.01,0
2024-01-15 08:25:00,467352164,287642001,3,51.93,0
2024-01-15 08:30:00,443886491,264793807,2,49.32,0
2024-01-15 08:35:00,442456772,268662333,2,49.16,0
2024-01-15 08:40:00,453150617,261038633,2,50.35,0
2024-01-15 08:45:00,465002146,291689364,3,51.67,0
2024-01-15 08:50:00,479967723,260151029,4,53.33,0
2024-01-15 08:55:00,466047730,278757154,1,51.78,0
2024-01-15 09:00:00,482083353,300658971,1,53.56,0
2024-01-15 09:05:00,506134545,290042047,3,56.24,0
2024-01-15 09:10:00,484572753,294741451,0,53.84,0
2024-01-15 09:15:00,486674610,285197102,3,54.07,0
2024-01-15 09:20:00,453472449,268395437,1,50.39,0
2024-01-15 09:25:00,434557673,270194013,0,48.28,0
2024-01-15 09:30:00,498172316,300883959,1,55.35,0
2024-01-15 09:35:00,491650220,274646573,0,54.63,0
2024-01-15 09:40:00,486300837,282016246,0,54.03,0
2024-01-15 09:45:00,504423311,312407343,2,56.05,0
2024-01-15 09:50:00,501205872,305212950,2,55.69,0
2024-01-15 09:55:00,527734453,334122028,1,58.64,0
2024-01-15 10:00:00,509568314,322567464,0,56.62,0
2024-01-15 10:05:00,495475955,293863122,4,55.05,0
2024-01-15 10:10:00,532685924,344643932,1,59.19,0
2024-01-15 10:15:00,510906836,306788898,3,56.77,0
2024-01-15 10:20:00,528044602,307200076,1,58.67,0
2024-01-15 10:25:00,510126540,299739525,0,56.68,0
2024-01-15 10:30:00,508734550,282673479,0,56.53,0
2024-01-15 10:35:00,525365253,331289342,1,58.37,0
2024-01-15 10:40:00,525782801,331417301,2,58.42,0
2024-01-15 10:45:00,536859771,311960788,1,59.65,0
2024-01-15 10:50:00,523519153,311832648,2,58.17,0
2024-01-15 10:55:00,493684769,297166937,2,54.85,0
2024-01-15 11:00:00,523166720,304296501,2,58.13,0
2024-01-15 11:05:00,548998466,311848059,1,61.0,0
2024-01-15 11:10:00,528363520,314914536,3,58.71,0
2024-01-15 11:15:00,530460799,315065685,1,58.94,0
2024-01-15 11:20:00,556081390,329764722,2,61.79,0
2024-01-15 11:25:00,522967297,316007539,0,58.11,0
2024-01-15 11:30:00,507090702,318549618,5,56.34,0
2024-01-15 11:35:00,535360898,318185612,3,59.48,0
2024-01-15 11:40:00,529403248,319346379,6,58.82,0
2024-01-15 11:45:00,520161215,319365434,1,57.8,0
2024-01-15 11:50:00,536264004,327299831,1,59.58,0
2024-01-15 11:55:00,549772999,323719564,1,61.09,0
2024-01-15 12:00:00,539814228,324852308,0,59.98,0
2024-01-15 12:05:00,546082507,333124902,4,60.68,0
2024-01-15 12:10:00,576039727,334340322,0,64.0,0
2024-01-15 12:15:00,532628564,332212528,2,59.18,0
2024-01-15 12:20:00,544653700,341108109,4,60.52,0
2024-01-15 12:25:00,528389253,309805749,3,58.71,0
2024-01-15 12:30:00,521019572,314548443,2,57.89,0
2024-01-15 12:35:00,525508609,321727948,1,58.39,0
2024-01-15 12:40:00,526778689,310611072,2,58.53,0
2024-01-15 12:45:00,542577983,330362928,2,60.29,0
2024-01-15 12:50:00,581292557,350408090,1,64.59,0
2024-01-15 12:55:00,518801228,296601555,2,57.64,0
2024-01-15 13:00:00,523489692,318685428,2,58.17,0
2024-01-15 13:05:00,529149504,306488278,0,58.79,0
2024-01-15 13:10:00,536808045,331476855,0,59.65,0
2024-01-15 13:15:00,532534247,312808437,5,59.17,0
2024-01-15 13:20:00,551208144,329112032,1,61.25,0
2024-01-15 13:25:00,475154047,298815217,7,52.79,0
2024-01-15 13:30:00,473992490,289359310,1,52.67,0
2024-01-15 13:35:00,509757191,295059575,4,56.64,0
2024-01-15 13:40:00,539459872,313526757,2,59.94,0
2024-01-15 13:45:00,483936497,284368870,0,53.77,0
2024-01-15 13:50:00,452729953,275584412,4,50.3,0
2024-01-15 13:55:00,521838009,316685803,2,57.98,0
2024-01-15 14:00:00,512719241,299200521,2,56.97,0
2024-01-15 14:05:00,483374680,278352713,1,53.71,0
2024-01-15 14:10:00,482703154,292437727,0,53.63,0
2024-01-15 14:15:00,480157832,286276098,1,53.35,0
2024-01-15 14:20:00,498807196,320856477,3,55.42,0
2024-01-15 14:25:00,481020399,288978276,2,53.45,0
2024-01-15 14:30:00,500286080,318314176,4,55.59,0
2024-01-15 14:35:00,430079742,246344009,0,47.79,0
2024-01-15 14:40:00,466713629,264296048,0,51.86,0
2024-01-15 14:45:00,457920474,263551433,3,50.88,0
2024-01-15 14:50:00,471819747,294983146,1,52.42,0
2024-01-15 14:55:00,462606395,295124853,4,51.4,0
2024-01-15 15:00:00,485662503,283575707,3,53.96,0
2024-01-15 15:05:00,428776397,252660178,3,47.64,0
2024-01-15 15:10:00,463051479,266141078,1,51.45,0
2024-01-15 15:15:00,469409724,263529435,5,52.16,0
2024-01-15 15:20:00,491401975,302025302,1,54.6,0
2024-01-15 15:25:00,440586313,266581991,1,48.95,0
2024-01-15 15:30:00,452591915,271660028,2,50.29,0
2024-01-15 15:35:00,405837059,229501670,0,45.09,0
2024-01-15 15:40:00,389819220,250291099,1,43.31,0
2024-01-15 15:45:00,450232343,265105838,1,50.03,0
2024-01-15 15:50:00,428840700,262640684,0,47.65,0
2024-01-15 15:55:00,448075835,254299887,5,49.79,0
2024-01-15 16:00:00,392531942,233613913,4,43.61,0
2024-01-15 16:05:00,425835347,258414952,0,47.32,0
2024-01-15 16:10:00,448196023,272188366,1,49.8,0
2024-01-15 16:15:00,414543397,250272524,2,46.06,0
2024-01-15 16:20:00,406960012,249121232,3,45.22,0
2024-01-15 16:25:00,396830327,226792991,3,44.09,0
2024-01-15 16:30:00,360426394,218229562,4,40.05,0
2024-01-15 16:35:00,414096587,249595529,4,46.01,0
2024-01-15 16:40:00,369867681,224237335,2,41.1,0
2024-01-15 16:45:00,387235136,233064534,1,43.03,0
2024-01-15 16:50:00,340908705,191813095,5,37.88,0
2024-01-15 16:55:00,343569770,192963864,1,38.17,0
2024-01-15 17:00:00,390818318,212348309,6,43.42,0
2024-01-15 17:05:00,350098568,218234486,3,38.9,0
2024-01-15 17:10:00,381011016,236883185,1,42.33,0
2024-01-15 17:15:00,345257064,215589741,1,38.36,0
2024-01-15 17:20:00,304837607,185970463,2,33.87,0
2024-01-15 17:25:00,354350964,191279386,4,39.37,0
2024-01-15 17:30:00,319528439,181449958,1,35.5,0
2024-01-15 17:35:00,340101826,205765249,1,37.79,0
2024-01-15 17:40:00,321421595,194208137,4,35.71,0
2024-01-15 17:45:00,284834386,168673149,0,31.65,0
2024-01-15 17:50:00,313754548,191941900,1,34.86,0
2024-01-15 17:55:00,349160035,209612538,3,38.8,0
2024-01-15 18:00:00,309859729,187123542,2,34.43,0
2024-01-15 18:05:00,293614072,169777790,0,32.62,0
2024-01-15 18:10:00,311038215,196443038,1,34.56,0
2024-01-15 18:15:00,288516618,168802254,2,32.06,0
2024-01-15 18:20:00,283273306,156657492,1,31.47,0
2024-01-15 18:25:00,252039446,143513677,0,28.0,0
2024-01-15 18:30:00,273350674,160525742,1,30.37,0
2024-01-15 18:35:00,284199255,180459581,3,31.58,0
2024-01-15 18:40:00,241603194,144539236,0,26.84,0
2024-01-15 18:45:00,281668239,167139461,3,31.3,0
2024-01-15 18:50:00,246220372,135245589,3,27.36,0
2024-01-15 18:55:00,225199995,142974823,2,25.02,0
2024-01-15 19:00:00,257836070,148182120,1,28.65,0
2024-01-15 19:05:00,227105151,135262812,4,25.23,0
2024-01-15 19:10:00,243020905,160614374,1,27.0,0
2024-01-15 19:15:00,217019355,135299246,3,24.11,0
2024-01-15 19:20:00,216718642,113748645,1,24.08,0
2024-01-15 19:25:00,222886074,116036542,3,24.77,0
2024-01-15 19:30:00,213973917,127741245,2,23.77,0
2024-01-15 19:35:00,163430158,85930689,2,18.16,0
2024-01-15 19:40:00,176146742,112173512,3,19.57,0
2024-01-15 19:45:00,212438914,127885979,0,23.6,0
2024-01-15 19:50:00,186537601,113576408,2,20.73,0
2024-01-15 19:55:00,174088069,97385409,3,19.34,0
2024-01-15 20:00:00,152828519,109110948,2,16.98,0
2024-01-15 20:05:00,153899691,120765752,4,17.1,0
2024-01-15 20:10:00,130612121,75581425,5,14.51,0
2024-01-15 20:15:00,164637529,102312910,3,18.29,0
2024-01-15 20:20:00,150372903,91197915,0,16.71,0
2024-01-15 20:25:00,138753926,80655487,0,15.42,0
2024-01-15 20:30:00,152534788,83200168,1,16.95,0
2024-01-15 20:35:00,157057779,83384987,3,17.45,0
2024-01-15 20:40:00,187594932,101200986,1,20.84,0
2024-01-15 20:45:00,111519335,70964001,1,12.39,0
2024-01-15 20:50:00,161045971,91430837,3,17.89,0
2024-01-15 20:55:00,153498897,66316410,3,17.06,0
2024-01-15 21:00:00,114712517,73276092,0,12.75,0
2024-01-15 21:05:00,130697368,78035808,2,14.52,0
2024-01-15 21:10:00,113900774,81807194,2,12.66,0
2024-01-15 21:15:00,123272217,77694554,3,13.7,0
2024-01-15 21:20:00,146331953,73012436,1,16.26,0
2024-01-15 21:25:00,124939848,52667142,1,13.88,0
2024-01-15 21:30:00,119767365,64665695,1,13.31,0
2024-01-15 21:35:00,97847108,52457190,1,10.87,0
2024-01-15 21:40:00,73722376,53665017,4,8.19,0
2024-01-15 21:45:00,96277928,57678047,2,10.7,0
2024-01-15 21:50:00,121718216,84367814,2,13.52,0
2024-01-15 21:55:00,64277793,30000000,4,7.14,0
2024-01-15 22:00:00,71052115,52283913,2,7.89,0
2024-01-15 22:05:00,92110933,62476451,1,10.23,0
2024-01-15 22:10:00,67424304,30000000,1,7.49,0
2024-01-15 22:15:00,68900073,54566222,8,7.66,0
2024-01-15 22:20:00,74014159,45343080,0,8.22,0
2024-01-15 22:25:00,53012896,35728183,3,5.89,0
2024-01-15 22:30:00,58786475,30000000,4,6.53,0
2024-01-15 22:35:00,90386669,66984471,4,10.04,0
2024-01-15 22:40:00,50000000,30000000,2,5.56,0
2024-01-15 22:45:00,50000000,38320920,2,5.56,0
2024-01-15 22:50:00,58507432,43310534,2,6.5,0
2024-01-15 22:55:00,84227144,40794612,4,9.36,0
2024-01-15 23:00:00,64239365,58377355,2,7.14,0
2024-01-15 23:05:00,57586281,36867053,1,6.4,0
2024-01-15 23:10:00,66576134,46484606,2,7.4,0
2024-01-15 23:15:00,50000000,30000000,2,5.56,0
2024-01-15 23:20:00,73540252,65301451,2,8.17,0
2024-01-15 23:25:00,70461938,30031593,0,7.83,0
2024-01-15 23:30:00,53867063,42569102,1,5.99,0
2024-01-15 23:35:00,81544969,38979264,7,9.06,0
2024-01-15 23:40:00,50000000,30000000,1,5.56,0
2024-01-15 23:45:00,83072038,57730763,3,9.23,0
2024-01-15 23:50:00,63318300,48266507,1,7.04,0
2024-01-15 23:55:00,53326061,30000000,3,5.93,0
2024-01-16 00:00:00,59602527,46666238,5,6.62,0
2024-01-16 00:05:00,57911818,45196895,1,6.43,0
2024-01-16 00:10:00,84634084,41400916,1,9.4,0
2024-01-16 00:15:00,50000000,45986475,3,5.56,0
2024-01-16 00:20:00,50000000,30000000,3,5.56,0
2024-01-16 00:25:00,82152536,43043796,3,9.13,0
2024-01-16 00:30:00,50142534,34875546,1,5.57,0
2024-01-16 00:35:00,80803899,39946676,2,8.98,0
2024-01-16 00:40:00,97634858,61219106,4,10.85,0
2024-01-16 00:45:00,56575632,36356140,3,6.29,0
2024-01-16 00:50:00,79316204,45718980,4,8.81,0
2024-01-16 00:55:00,50000000,38324005,4,5.56,0
2024-01-16 01:00:00,83272467,47679872,2,9.25,0
2024-01-16 01:05:00,73576514,46461319,1,8.18,0
2024-01-16 01:10:00,80568697,59805937,2,8.95,0
2024-01-16 01:15:00,59825327,43802058,2,6.65,0
2024-01-16 01:20:00,50000000,37860172,1,5.56,0
2024-01-16 01:25:00,86383152,40338095,2,9.6,0
2024-01-16 01:30:00,50000000,35247925,9,5.56,0
2024-01-16 01:35:00,73978235,35601953,2,8.22,0
2024-01-16 01:40:00,101309768,47971711,3,11.26,0
2024-01-16 01:45:00,88588496,52436034,2,9.84,0
2024-01-16 01:50:00,126084252,66607599,1,14.01,0
2024-01-16 01:55:00,110087761,73958834,1,12.23,0
2024-01-16 02:00:00,79075935,55590915,1,8.79,0
2024-01-16 02:05:00,95367418,38194188,2,10.6,0
2024-01-16 02:10:00,96638638,49700157,2,10.74,0
2024-01-16 02:15:00,68803757,30000000,1,7.64,0
2024-01-16 02:20:00,84595531,46131025,4,9.4,0
2024-01-16 02:25:00,95238076,61694602,0,10.58,0
2024-01-16 02:30:00,68870788,38899591,1,7.65,0
2024-01-16 02:35:00,113777593,62368963,4,12.64,0
2024-01-16 02:40:00,111167896,79702503,2,12.35,0
2024-01-16 02:45:00,86100568,30000000,2,9.57,0
2024-01-16 02:50:00,131137696,91051336,2,14.57,0
2024-01-16 02:55:00,140950103,79127179,4,15.66,0
2024-01-16 03:00:00,134835062,80119947,3,14.98,0
2024-01-16 03:05:00,127555503,71259668,4,14.17,0
2024-01-16 03:10:00,149687193,105241196,3,16.63,0
2024-01-16 03:15:00,155361411,80907061,1,17.26,0
2024-01-16 03:20:00,151879045,91244790,1,16.88,0
2024-01-16 03:25:00,133286121,85246059,4,14.81,0
2024-01-16 03:30:00,159429272,79547535,1,17.71,0
2024-01-16 03:35:00,181995297,99998196,0,20.22,0
2024-01-16 03:40:00,150409074,88763659,0,16.71,0
2024-01-16 03:45:00,208621930,116306508,4,23.18,0
2024-01-16 03:50:00,160535475,88165367,1,17.84,0
2024-01-16 03:55:00,176142558,102186908,1,19.57,0
2024-01-16 04:00:00,166550288,106425986,2,18.51,0
2024-01-16 04:05:00,189028112,109989689,3,21.0,0
2024-01-16 04:10:00,154335898,103385801,3,17.15,0
2024-01-16 04:15:00,182929878,99780349,2,20.33,0
2024-01-16 04:20:00,176729193,93518293,3,19.64,0
2024-01-16 04:25:00,206047561,142891990,0,22.89,0
2024-01-16 04:30:00,228044923,130247372,1,25.34,0
2024-01-16 04:35:00,225934994,122451876,2,25.1,0
2024-01-16 04:40:00,170481978,84868647,2,18.94,0
2024-01-16 04:45:00,263695921,168968587,2,29.3,0
2024-01-16 04:50:00,233736206,136828679,3,25.97,0
2024-01-16 04:55:00,217311053,127849534,4,24.15,0
2024-01-16 05:00:00,241025987,143023575,1,26.78,0
2024-01-16 05:05:00,246479182,158016938,2,27.39,0
2024-01-16 05:10:00,234717518,139035212,1,26.08,0
2024-01-16 05:15:00,257136656,177722531,5,28.57,0
2024-01-16 05:20:00,246174991,149042600,1,27.35,0
2024-01-16 05:25:00,255403147,163859736,2,28.38,0
2024-01-16 05:30:00,254948131,161021277,0,28.33,0
2024-01-16 05:35:00,245218524,146766641,2,27.25,0
2024-01-16 05:40:00,281999351,163329900,0,31.33,0
2024-01-16 05:45:00,296009237,180925181,3,32.89,0
2024-01-16 05:50:00,299829018,184998398,3,33.31,0
2024-01-16 05:55:00,311162932,180971899,1,34.57,0
2024-01-16 06:00:00,306486804,185555471,4,34.05,0
2024-01-16 06:05:00,294581062,189110687,3,32.73,0
2024-01-16 06:10:00,327261930,217056635,1,36.36,0
2024-01-16 06:15:00,288546400,181671533,1,32.06,0
2024-01-16 06:20:00,302903950,200369967,2,33.66,0
2024-01-16 06:25:00,306844048,177812687,3,34.09,0
2024-01-16 06:30:00,352927407,218775266,4,39.21,0
2024-01-16 06:35:00,355365382,226604424,4,39.49,0
2024-01-16 06:40:00,351421667,201889667,6,39.05,0
2024-01-16 06:45:00,368260274,216100263,3,40.92,0
2024-01-16 06:50:00,334359851,217994958,1,37.15,0
2024-01-16 06:55:00,364016516,208658921,1,40.45,0
2024-01-16 07:00:00,359613082,202356549,3,39.96,0
2024-01-16 07:05:00,384096605,245737779,2,42.68,0
2024-01-16 07:10:00,369864907,233886576,3,41.1,0
2024-01-16 07:15:00,369446613,225989170,1,41.05,0
2024-01-16 07:20:00,392903004,235284695,3,43.66,0
2024-01-16 07:25:00,404508512,238319862,1,44.95,0
2024-01-16 07:30:00,378477119,229905760,1,42.05,0
2024-01-16 07:35:00,395437692,253060684,4,43.94,0
2024-01-16 07:40:00,380259570,230541403,2,42.25,0
2024-01-16 07:45:00,356188065,235382431,0,39.58,0
2024-01-16 07:50:00,414828859,239917896,0,46.09,0
2024-01-16 07:55:00,427615411,256372439,3,47.51,0
2024-01-16 08:00:00,425241336,251414215,0,47.25,0
2024-01-16 08:05:00,385514347,220457193,1,42.83,0
2024-01-16 08:10:00,421934917,251630113,1,46.88,0
2024-01-16 08:15:00,388969900,237555233,4,43.22,0
2024-01-16 08:20:00,465052366,284273721,4,51.67,0
2024-01-16 08:25:00,420193223,273820456,4,46.69,0
2024-01-16 08:30:00,471210815,287371163,1,52.36,0
2024-01-16 08:35:00,469139026,292984783,2,52.13,0
2024-01-16 08:40:00,436257219,262415274,2,48.47,0
2024-01-16 08:45:00,435587296,278132933,0,48.4,0
2024-01-16 08:50:00,469149054,305473925,2,52.13,0
2024-01-16 08:55:00,449076652,274756842,3,49.9,0
2024-01-16 09:00:00,471755320,273126602,1,52.42,0
2024-01-16 09:05:00,463710799,272738429,3,51.52,0
2024-01-16 09:10:00,441323392,267613378,0,49.04,0
2024-01-16 09:15:00,435832193,266064296,1,48.43,0
2024-01-16 09:20:00,488384351,300014862,2,54.26,0
2024-01-16 09:25:00,475941121,290166649,1,52.88,0
2024-01-16 09:30:00,479343005,287675652,3,53.26,0
2024-01-16 09:35:00,507463981,298116404,1,56.38,0
2024-01-16 09:40:00,520065336,316050584,5,57.79,0
2024-01-16 09:45:00,494101812,315010961,1,54.9,0
2024-01-16 09:50:00,495601972,307560469,0,55.07,0
2024-01-16 09:55:00,515181709,314456065,0,57.24,0
2024-01-16 10:00:00,480707385,298720100,3,53.41,0
2024-01-16 10:05:00,514877482,305215849,0,57.21,0
2024-01-16 10:10:00,523920319,309269540,5,58.21,0
2024-01-16 10:15:00,528854062,309834586,0,58.76,0
2024-01-16 10:20:00,478778814,286014422,0,53.2,0
2024-01-16 10:25:00,504447649,298448530,1,56.05,0
2024-01-16 10:30:00,504165822,314582241,2,56.02,0
2024-01-16 10:35:00,525679627,310654542,4,58.41,0
2024-01-16 10:40:00,535141120,313057455,1,59.46,0
2024-01-16 10:45:00,557197439,353744235,3,61.91,0
2024-01-16 10:50:00,518992758,306881902,3,57.67,0
2024-01-16 10:55:00,520460515,313811593,1,57.83,0
2024-01-16 11:00:00,554815638,337402611,0,61.65,0
2024-01-16 11:05:00,539053635,312065250,1,59.89,0
2024-01-16 11:10:00,559664071,348153280,3,62.18,0
2024-01-16 11:15:00,541163027,331069006,0,60.13,0
2024-01-16 11:20:00,513211528,323510757,0,57.02,0
2024-01-16 11:25:00,510544195,299534297,1,56.73,0
2024-01-16 11:30:00,506916521,305141170,3,56.32,0
2024-01-16 11:35:00,551814557,331482292,2,61.31,0
2024-01-16 11:40:00,562858664,340354083,1,62.54,0
2024-01-16 11:45:00,576473384,331337883,0,64.05,0
2024-01-16 11:50:00,556633679,335088571,0,61.85,0
2024-01-16 11:55:00,563199658,323655155,2,62.58,0
2024-01-16 12:00:00,528399673,320623144,2,58.71,0
2024-01-16 12:05:00,516814570,288802250,1,57.42,0
2024-01-16 12:10:00,556773159,315548027,1,61.86,0
2024-01-16 12:15:00,547839756,336889341,0,60.87,0
2024-01-16 12:20:00,541235615,319272984,2,60.14,0
2024-01-16 12:25:00,546320950,317913989,1,60.7,0
2024-01-16 12:30:00,544410476,339354742,0,60.49,0
2024-01-16 12:35:00,562883099,341006121,1,62.54,0
2024-01-16 12:40:00,562253572,346073045,3,62.47,0
2024-01-16 12:45:00,546272874,326101303,3,60.7,0
2024-01-16 12:50:00,551227099,357532546,4,61.25,0
2024-01-16 12:55:00,543403347,319996870,0,60.38,0
2024-01-16 13:00:00,522598803,331004237,1,58.07,0
2024-01-16 13:05:00,545543258,326712294,2,60.62,0
2024-01-16 13:10:00,501002166,284056196,3,55.67,0
2024-01-16 13:15:00,548341062,333833124,4,60.93,0
2024-01-16 13:20:00,501635770,304129087,3,55.74,0
2024-01-16 13:25:00,529397954,307125554,2,58.82,0
2024-01-16 13:30:00,504828008,293674612,6,56.09,0
2024-01-16 13:35:00,530742534,318198544,2,58.97,0
2024-01-16 13:40:00,516835364,313598696,3,57.43,0
2024-01-16 13:45:00,483354338,265305970,1,53.71,0
2024-01-16 13:50:00,521296592,323309170,1,57.92,0
2024-01-16 13:55:00,498856005,294368623,3,55.43,0
2024-01-16 14:00:00,525469031,301963943,1,58.39,0
2024-01-16 14:05:00,505205362,312533883,2,56.13,0
2024-01-16 14:10:00,510322366,305957240,2,56.7,0
2024-01-16 14:15:00,480401327,300402454,2,53.38,0
2024-01-16 14:20:00,484809846,295265430,5,53.87,0
2024-01-16 14:25:00,484373932,290609214,1,53.82,0
2024-01-16 14:30:00,507538851,302996011,0,56.39,0
2024-01-16 14:35:00,520719817,317259018,2,57.86,0
2024-01-16 14:40:00,467747231,276513026,2,51.97,0
2024-01-16 14:45:00,501978516,292661384,1,55.78,0
2024-01-16 14:50:00,433553012,266230898,6,48.17,0
2024-01-16 14:55:00,449483562,268245259,3,49.94,0
2024-01-16 15:00:00,450530058,270653711,2,50.06,0
2024-01-16 15:05:00,438912959,274241574,3,48.77,0
2024-01-16 15:10:00,430469882,257143163,1,47.83,0
2024-01-16 15:15:00,466502973,280052123,2,51.83,0
2024-01-16 15:20:00,449987672,263996108,3,50.0,0
2024-01-16 15:25:00,457809741,278993244,3,50.87,0
2024-01-16 15:30:00,459912196,279445597,3,51.1,0
2024-01-16 15:35:00,447226655,277343744,0,49.69,0
2024-01-16 15:40:00,450813608,264696876,2,50.09,0
2024-01-16 15:45:00,431946210,254589556,3,47.99,0
2024-01-16 15:50:00,405212038,251048596,1,45.02,0
2024-01-16 15:55:00,445661865,269919249,2,49.52,0
2024-01-16 16:00:00,408217757,235868473,1,45.36,0
2024-01-16 16:05:00,396725378,251100767,2,44.08,0
2024-01-16 16:10:00,407261309,227372280,2,45.25,0
2024-01-16 16:15:00,387893067,240578687,3,43.1,0
2024-01-16 16:20:00,393079775,223195744,1,43.68,0
2024-01-16 16:25:00,403540283,260982055,1,44.84,0
2024-01-16 16:30:00,398810858,223840517,0,44.31,0
2024-01-16 16:35:00,369028527,232939623,2,41.0,0
2024-01-16 16:40:00,372330726,222582092,2,41.37,0
2024-01-16 16:45:00,398632131,235513253,0,44.29,0
2024-01-16 16:50:00,382097394,231112403,0,42.46,0
2024-01-16 16:55:00,408660264,251515161,0,45.41,0
2024-01-16 17:00:00,385719134,222387475,3,42.86,0
2024-01-16 17:05:00,379930475,219800408,5,42.21,0
2024-01-16 17:10:00,324188136,201008930,2,36.02,0
2024-01-16 17:15:00,362098884,200185901,4,40.23,0
2024-01-16 17:20:00,340613426,198525765,2,37.85,0
2024-01-16 17:25:00,325489976,225700855,1,36.17,0
2024-01-16 17:30:00,334686592,191131826,1,37.19,0
2024-01-16 17:35:00,345032280,218497396,2,38.34,0
2024-01-16 17:40:00,330934010,192700898,1,36.77,0
2024-01-16 17:45:00,298127274,183966816,1,33.13,0
2024-01-16 17:50:00,325317831,201734255,2,36.15,0
2024-01-16 17:55:00,292483821,186779860,3,32.5,0
2024-01-16 18:00:00,304333662,180597659,2,33.81,0
2024-01-16 18:05:00,288697426,193107302,2,32.08,0
2024-01-16 18:10:00,285154021,165199047,1,31.68,0
2024-01-16 18:15:00,299628108,182119069,2,33.29,0
2024-01-16 18:20:00,258278747,157420017,0,28.7,0
2024-01-16 18:25:00,312775851,176445829,2,34.75,0
2024-01-16 18:30:00,232251992,136492472,6,25.81,0
2024-01-16 18:35:00,251537033,152537355,0,27.95,0
2024-01-16 18:40:00,265728675,155115994,1,29.53,0
2024-01-16 18:45:00,264864606,183328003,2,29.43,0
2024-01-16 18:50:00,246044978,139240750,2,27.34,0
2024-01-16 18:55:00,241807571,156878787,1,26.87,0
2024-01-16 19:00:00,246094430,156221256,6,27.34,0
2024-01-16 19:05:00,228219647,136793166,0,25.36,0
2024-01-16 19:10:00,255694233,144764449,1,28.41,0
2024-01-16 19:15:00,239641510,136102353,1,26.63,0
2024-01-16 19:20:00,235371652,136043318,3,26.15,0
2024-01-16 19:25:00,193691736,98357628,1,21.52,0
2024-01-16 19:30:00,206568207,113906270,4,22.95,0
2024-01-16 19:35:00,197331475,103574120,1,21.93,0
2024-01-16 19:40:00,178459589,120534503,2,19.83,0
2024-01-16 19:45:00,201053998,126817022,1,22.34,0
2024-01-16 19:50:00,178427417,114916191,0,19.83,0
2024-01-16 19:55:00,197670772,124490782,3,21.96,0
2024-01-16 20:00:00,158596168,96827377,1,17.62,0
2024-01-16 20:05:00,209875230,140531941,3,23.32,0
2024-01-16 20:10:00,153121440,85765237,2,17.01,0
2024-01-16 20:15:00,171049190,103696211,3,19.01,0
2024-01-16 20:20:00,178178841,114377893,2,19.8,0
2024-01-16 20:25:00,146672875,74791633,2,16.3,0
2024-01-16 20:30:00,170946629,133533866,0,18.99,0
2024-01-16 20:35:00,125194694,75402474,2,13.91,0
2024-01-16 20:40:00,174773327,106283891,4,19.42,0
2024-01-16 20:45:00,142039989,97792774,2,15.78,0
2024-01-16 20:50:00,125930122,84707626,1,13.99,0
2024-01-16 20:55:00,128053231,77212718,3,14.23,0
2024-01-16 21:00:00,146472757,89184949,3,16.27,0
2024-01-16 21:05:00,114943543,53924640,2,12.77,0
2024-01-16 21:10:00,108066285,59275113,2,12.01,0
2024-01-16 21:15:00,115127714,74248730,2,12.79,0
2024-01-16 21:20:00,92610091,60004983,3,10.29,0
2024-01-16 21:25:00,149238602,101754818,2,16.58,0
2024-01-16 21:30:00,98267306,57755373,1,10.92,0
2024-01-16 21:35:00,123085630,59978513,1,13.68,0
2024-01-16 21:40:00,107592911,75123050,2,11.95,0
2024-01-16 21:45:00,80756612,62814860,3,8.97,0
2024-01-16 21:50:00,97466958,67462621,1,10.83,0
2024-01-16 21:55:00,110501206,64664387,2,12.28,0
2024-01-16 22:00:00,88388676,63477066,3,9.82,0
2024-01-16 22:05:00,113447837,102357807,0,12.61,0
2024-01-16 22:10:00,107547707,65680147,4,11.95,0
2024-01-16 22:15:00,103128839,48759936,1,11.46,0
2024-01-16 22:20:00,73292995,38112946,1,8.14,0
2024-01-16 22:25:00,58728396,41491797,1,6.53,0
2024-01-16 22:30:00,65997160,30000000,2,7.33,0
2024-01-16 22:35:00,80242930,49839788,0,8.92,0
2024-01-16 22:40:00,85389505,55037069,0,9.49,0
2024-01-16 22:45:00,50000000,45351217,2,5.56,0
2024-01-16 22:50:00,70945667,55669349,2,7.88,0
2024-01-16 22:55:00,72749819,52295739,2,8.08,0
2024-01-16 23:00:00,62626916,30000000,2,6.96,0
2024-01-16 23:05:00,92703380,64832559,2,10.3,0
2024-01-16 23:10:00,74124559,51529869,1,8.24,0
2024-01-16 23:15:00,90815370,57048666,2,10.09,0
2024-01-16 23:20:00,59326928,30000000,3,6.59,0
2024-01-16 23:25:00,81542787,41157933,2,9.06,0
2024-01-16 23:30:00,94754561,45184509,5,10.53,0
2024-01-16 23:35:00,87660347,32446124,2,9.74,0
2024-01-16 23:40:00,50000000,30000000,1,5.56,0
2024-01-16 23:45:00,55440336,30000000,4,6.16,0
2024-01-16 23:50:00,53325132,58248135,4,5.93,0
2024-01-16 23:55:00,69842204,40217603,2,7.76,0
2024-01-17 00:00:00,73727071,57173774,1,8.19,0
2024-01-17 00:05:00,50000000,30000000,3,5.56,0
2024-01-17 00:10:00,61585197,31650222,3,6.84,0
2024-01-17 00:15:00,50000000,30968978,0,5.56,0
2024-01-17 00:20:00,89752172,44769764,3,9.97,0
2024-01-17 00:25:00,51178994,30000000,1,5.69,0
2024-01-17 00:30:00,63170512,35722798,3,7.02,0
2024-01-17 00:35:00,56600243,31621066,1,6.29,0
2024-01-17 00:40:00,86566690,70491200,3,9.62,0
2024-01-17 00:45:00,50000000,33782262,2,5.56,0
2024-01-17 00:50:00,65356751,44009156,1,7.26,0
2024-01-17 00:55:00,64761528,44253464,4,7.2,0
2024-01-17 01:00:00,59105073,41589308,1,6.57,0
2024-01-17 01:05:00,104112565,61638669,0,11.57,0
2024-01-17 01:10:00,53361342,30000000,2,5.93,0
2024-01-17 01:15:00,88172692,54571776,0,9.8,0
2024-01-17 01:20:00,81598826,60527335,1,9.07,0
2024-01-17 01:25:00,101548496,72191479,1,11.28,0
2024-01-17 01:30:00,64925130,36551093,0,7.21,0
2024-01-17 01:35:00,65665867,47077957,4,7.3,0
2024-01-17 01:40:00,104407529,60698670,3,11.6,0
2024-01-17 01:45:00,93256968,56292886,1,10.36,0
2024-01-17 01:50:00,56218653,30000000,1,6.25,0
2024-01-17 01:55:00,78799478,45463235,2,8.76,0
2024-01-17 02:00:00,99881556,73342234,1,11.1,0
2024-01-17 02:05:00,111576435,67870072,3,12.4,0
2024-01-17 02:10:00,84001439,51753689,3,9.33,0
2024-01-17 02:15:00,50000000,30000000,3,5.56,0
2024-01-17 02:20:00,113867973,65228344,1,12.65,0
2024-01-17 02:25:00,82046881,46814979,4,9.12,0
2024-01-17 02:30:00,69248422,33257618,1,7.69,0
2024-01-17 02:35:00,56181205,33925377,9,6.24,0
2024-01-17 02:40:00,132428950,75165547,0,14.71,0
2024-01-17 02:45:00,122130795,74078435,2,13.57,0
2024-01-17 02:50:00,118540311,72339217,2,13.17,0
2024-01-17 02:55:00,154413136,83090338,3,17.16,0
2024-01-17 03:00:00,143040866,81837501,2,15.89,0
2024-01-17 03:05:00,166362867,100591463,5,18.48,0
2024-01-17 03:10:00,110003640,77845178,2,12.22,0
2024-01-17 03:15:00,141065991,87206786,4,15.67,0
2024-01-17 03:20:00,113396706,61418671,0,12.6,0
2024-01-17 03:25:00,145190720,91104479,3,16.13,0
2024-01-17 03:30:00,148924939,106430452,1,16.55,0
2024-01-17 03:35:00,170617957,111537839,1,18.96,0
2024-01-17 03:40:00,163252932,103427025,2,18.14,0
2024-01-17 03:45:00,179131286,114734673,1,19.9,0
2024-01-17 03:50:00,185116896,125469678,0,20.57,0
2024-01-17 03:55:00,218592991,141912062,1,24.29,0
2024-01-17 04:00:00,173694066,109884043,0,19.3,0
2024-01-17 04:05:00,165742241,110131767,3,18.42,0
2024-01-17 04:10:00,194102005,105644692,1,21.57,0
2024-01-17 04:15:00,177805113,91660415,2,19.76,0
2024-01-17 04:20:00,228210832,138497486,0,25.36,0
2024-01-17 04:25:00,197676433,119292667,1,21.96,0
2024-01-17 04:30:00,196844448,112667568,0,21.87,0
2024-01-17 04:35:00,203588556,130411660,1,22.62,0
2024-01-17 04:40:00,232283514,120741472,1,25.81,0
2024-01-17 04:45:00,219699588,126472030,2,24.41,0
2024-01-17 04:50:00,214997271,124148807,3,23.89,0
2024-01-17 04:55:00,266148074,143325827,0,29.57,0
2024-01-17 05:00:00,220760032,147403329,2,24.53,0
2024-01-17 05:05:00,243666707,132608011,3,27.07,0
2024-01-17 05:10:00,261100615,150776968,2,29.01,0
2024-01-17 05:15:00,220551620,141410769,2,24.51,0
2024-01-17 05:20:00,267929647,167218241,1,29.77,0
2024-01-17 05:25:00,242388233,134351193,0,26.93,0
2024-01-17 05:30:00,285129369,177902513,1,31.68,0
2024-01-17 05:35:00,254618929,155669202,0,28.29,0
2024-01-17 05:40:00,292938002,199093157,4,32.55,0
2024-01-17 05:45:00,306419910,187891350,0,34.05,0
2024-01-17 05:50:00,306760077,182643628,3,34.08,0
2024-01-17 05:55:00,299790760,171309436,1,33.31,0
2024-01-17 06:00:00,295373981,169781955,2,32.82,0
2024-01-17 06:05:00,293707180,167966617,4,32.63,0
2024-01-17 06:10:00,339889346,217644596,3,37.77,0
2024-01-17 06:15:00,301706846,181203807,1,33.52,0
2024-01-17 06:20:00,300176056,185758105,0,33.35,0
2024-01-17 06:25:00,339435428,218803733,5,37.72,0
2024-01-17 06:30:00,315403550,165657488,4,35.04,0
2024-01-17 06:35:00,317508342,203293743,5,35.28,0
2024-01-17 06:40:00,312803477,188236055,1,34.76,0
2024-01-17 06:45:00,337163480,206648572,2,37.46,0
2024-01-17 06:50:00,350291206,201890691,2,38.92,0
2024-01-17 06:55:00,361906448,209592625,3,40.21,0
2024-01-17 07:00:00,381142695,233574076,3,42.35,0
2024-01-17 07:05:00,377696921,250464131,4,41.97,0
2024-01-17 07:10:00,368351947,231044301,3,40.93,0
2024-01-17 07:15:00,373181558,236564164,1,41.46,0
2024-01-17 07:20:00,392287983,233452777,1,43.59,0
2024-01-17 07:25:00,412436532,241459877,4,45.83,0
2024-01-17 07:30:00,394370307,228814135,3,43.82,0
2024-01-17 07:35:00,387276588,227483215,3,43.03,0
2024-01-17 07:40:00,381571062,208414813,1,42.4,0
2024-01-17 07:45:00,377245180,219097914,3,41.92,0
2024-01-17 07:50:00,424145060,248883504,0,47.13,0
2024-01-17 07:55:00,426996875,254444543,1,47.44,0
2024-01-17 08:00:00,431547270,260245863,1,47.95,0
2024-01-17 08:05:00,421932393,256783944,4,46.88,0
2024-01-17 08:10:00,457090600,274105106,2,50.79,0
2024-01-17 08:15:00,423654486,248378260,4,47.07,0
2024-01-17 08:20:00,456763729,254424651,2,50.75,0
2024-01-17 08:25:00,441139457,258930588,3,49.02,0
2024-01-17 08:30:00,433935727,250636930,1,48.22,0
2024-01-17 08:35:00,462072239,281904011,1,51.34,0
2024-01-17 08:40:00,462461748,286569923,3,51.38,0
2024-01-17 08:45:00,465382450,288615181,1,51.71,0
2024-01-17 08:50:00,463767218,285829858,1,51.53,0
2024-01-17 08:55:00,465205271,277787905,3,51.69,0
2024-01-17 09:00:00,517473067,305264284,0,57.5,0
2024-01-17 09:05:00,497052483,290760462,1,55.23,0
2024-01-17 09:10:00,491403098,279766870,0,54.6,0
2024-01-17 09:15:00,482677536,299525059,4,53.63,0
2024-01-17 09:20:00,503993810,300649175,0,56.0,0
2024-01-17 09:25:00,497532171,286055899,0,55.28,0
2024-01-17 09:30:00,490928896,286292424,2,54.55,0
2024-01-17 09:35:00,487475418,283815516,2,54.16,0
2024-01-17 09:40:00,494978143,297417131,3,55.0,0
2024-01-17 09:45:00,436144192,272361193,2,48.46,0
2024-01-17 09:50:00,506625963,300495682,1,56.29,0
2024-01-17 09:55:00,495409327,274720261,4,55.05,0
2024-01-17 10:00:00,539699496,321927894,3,59.97,0
2024-01-17 10:05:00,510801302,304918842,2,56.76,0
2024-01-17 10:10:00,489103331,291212796,4,54.34,0
2024-01-17 10:15:00,514251854,302276501,0,57.14,0
2024-01-17 10:20:00,496591447,300129259,1,55.18,0
2024-01-17 10:25:00,529142903,318147153,4,58.79,0
2024-01-17 10:30:00,527550035,316281717,4,58.62,0
2024-01-17 10:35:00,542838681,329829622,1,60.32,0
2024-01-17 10:40:00,509708593,301526827,1,56.63,0
2024-01-17 10:45:00,527943393,311900179,3,58.66,0
2024-01-17 10:50:00,501591632,314756212,3,55.73,0
2024-01-17 10:55:00,544441860,332258670,2,60.49,0
2024-01-17 11:00:00,542199621,333589233,1,60.24,0
2024-01-17 11:05:00,543038197,338083964,2,60.34,0
2024-01-17 11:10:00,534343422,325865495,4,59.37,0
2024-01-17 11:15:00,543683925,335494241,2,60.41,0
2024-01-17 11:20:00,568440642,325270934,2,63.16,0
2024-01-17 11:25:00,531504877,320944465,3,59.06,0
2024-01-17 11:30:00,540719670,322604617,2,60.08,0
2024-01-17 11:35:00,516850995,326887438,4,57.43,0
2024-01-17 11:40:00,521721508,322309360,7,57.97,0
2024-01-17 11:45:00,541442407,318560992,2,60.16,0
2024-01-17 11:50:00,561850244,340838088,1,62.43,0
2024-01-17 11:55:00,534817270,322567175,2,59.42,0
2024-01-17 12:00:00,535281669,325712315,1,59.48,0
2024-01-17 12:05:00,531805181,308894684,3,59.09,0
2024-01-17 12:10:00,529076439,321046028,2,58.79,0
2024-01-17 12:15:00,545385570,324949828,1,60.6,0
2024-01-17 12:20:00,509141574,308309442,2,56.57,0
2024-01-17 12:25:00,564192312,331271535,4,62.69,0
2024-01-17 12:30:00,524638320,308932360,5,58.29,0
2024-01-17 12:35:00,551644832,342725319,5,61.29,0
2024-01-17 12:40:00,510953888,296056857,2,56.77,0
2024-01-17 12:45:00,548765269,319481617,0,60.97,0
2024-01-17 12:50:00,547749933,328134147,3,60.86,0
2024-01-17 12:55:00,540806138,316764779,2,60.09,0
2024-01-17 13:00:00,511933627,298309890,5,56.88,0
2024-01-17 13:05:00,535402928,322292517,1,59.49,0
2024-01-17 13:10:00,505230944,288087908,4,56.14,0
2024-01-17 13:15:00,522207965,303245157,3,58.02,0
2024-01-17 13:20:00,546114491,348209650,2,60.68,0
2024-01-17 13:25:00,539615927,328364306,4,59.96,0
2024-01-17 13:30:00,522034746,305755214,1,58.0,0
2024-01-17 13:35:00,500178623,304289324,4,55.58,0
2024-01-17 13:40:00,530425623,323928678,3,58.94,0
2024-01-17 13:45:00,515637082,319326393,0,57.29,0
2024-01-17 13:50:00,466476287,278614212,2,51.83,0
2024-01-17 13:55:00,526067017,325405187,1,58.45,0
2024-01-17 14:00:00,507361440,284032398,0,56.37,0
2024-01-17 14:05:00,529227873,306973643,3,58.8,0
2024-01-17 14:10:00,480508536,289943835,2,53.39,0
2024-01-17 14:15:00,436018630,264907513,1,48.45,0
2024-01-17 14:20:00,502178167,292189077,1,55.8,0
2024-01-17 14:25:00,499377978,302220987,3,55.49,0
2024-01-17 14:30:00,456591369,267716418,1,50.73,0
2024-01-17 14:35:00,467602285,277791780,2,51.96,0
2024-01-17 14:40:00,538955021,333620750,1,59.88,0
2024-01-17 14:45:00,474329341,293686979,1,52.7,0
2024-01-17 14:50:00,491565740,284968840,1,54.62,0
2024-01-17 14:55:00,460354154,265639977,4,51.15,0
2024-01-17 15:00:00,427899569,252628007,1,47.54,0
2024-01-17 15:05:00,462557968,277267318,1,51.4,0
2024-01-17 15:10:00,456829558,267518750,3,50.76,0
2024-01-17 15:15:00,450245430,280553682,3,50.03,0
2024-01-17 15:20:00,451976209,274659624,4,50.22,0
2024-01-17 15:25:00,455506998,277365050,2,50.61,0
2024-01-17 15:30:00,443100403,253194854,0,49.23,0
2024-01-17 15:35:00,416634192,261653422,2,46.29,0
2024-01-17 15:40:00,447382040,240227536,2,49.71,0
2024-01-17 15:45:00,394349420,244950207,0,43.82,0
2024-01-17 15:50:00,387944756,242109971,1,43.1,0
2024-01-17 15:55:00,439289191,259249503,2,48.81,0
2024-01-17 16:00:00,430140405,270813345,1,47.79,0
2024-01-17 16:05:00,414289397,247942662,1,46.03,0
2024-01-17 16:10:00,382910697,230370735,4,42.55,0
2024-01-17 16:15:00,391991066,238589927,2,43.55,0
2024-01-17 16:20:00,396173447,269569817,3,44.02,0
2024-01-17 16:25:00,364741326,232289134,2,40.53,0
2024-01-17 16:30:00,377063450,233249382,1,41.9,0
2024-01-17 16:35:00,400031735,230890996,1,44.45,0
2024-01-17 16:40:00,410630941,247814463,5,45.63,0
2024-01-17 16:45:00,368756776,213122825,1,40.97,0
2024-01-17 16:50:00,387299158,240600603,1,43.03,0
2024-01-17 16:55:00,328877761,198731326,2,36.54,0
2024-01-17 17:00:00,375305595,213938140,0,41.7,0
2024-01-17 17:05:00,340965645,205390633,1,37.89,0
2024-01-17 17:10:00,358092419,206361277,1,39.79,0
2024-01-17 17:15:00,341866628,206632139,2,37.99,0
2024-01-17 17:20:00,368083842,212259532,4,40.9,0
2024-01-17 17:25:00,319020899,191687416,1,35.45,0
2024-01-17 17:30:00,343878412,213831745,2,38.21,0
2024-01-17 17:35:00,320537900,191792220,0,35.62,0
2024-01-17 17:40:00,317751268,186741878,1,35.31,0
2024-01-17 17:45:00,312019673,189244566,2,34.67,0
2024-01-17 17:50:00,293555190,183104940,3,32.62,0
2024-01-17 17:55:00,304953593,171900323,1,33.88,0
2024-01-17 18:00:00,298747035,181854782,1,33.19,0
2024-01-17 18:05:00,299589232,192928947,0,33.29,0
2024-01-17 18:10:00,291221449,180469439,1,32.36,0
2024-01-17 18:15:00,300263139,180735425,3,33.36,0
2024-01-17 18:20:00,297552794,184929051,2,33.06,0
2024-01-17 18:25:00,252859483,156240654,2,28.1,0
2024-01-17 18:30:00,286049163,179165509,5,31.78,0
2024-01-17 18:35:00,239763658,123618879,2,26.64,0
2024-01-17 18:40:00,270081555,146514371,1,30.01,0
2024-01-17 18:45:00,265573098,169392150,0,29.51,0
2024-01-17 18:50:00,209828154,110844101,0,23.31,0
2024-01-17 18:55:00,244814970,150904368,1,27.2,0
2024-01-17 19:00:00,228513506,133587607,4,25.39,0
2024-01-17 19:05:00,217665731,120637546,3,24.19,0
2024-01-17 19:10:00,254847654,156405090,3,28.32,0
2024-01-17 19:15:00,209780945,127878902,2,23.31,0
2024-01-17 19:20:00,201787627,142176002,1,22.42,0
2024-01-17 19:25:00,214528769,122469149,1,23.84,0
2024-01-17 19:30:00,221867771,147521763,1,24.65,0
2024-01-17 19:35:00,200507822,123828922,1,22.28,0
2024-01-17 19:40:00,221899028,126529198,3,24.66,0
2024-01-17 19:45:00,204470227,130674601,3,22.72,0
2024-01-17 19:50:00,145616106,93027048,3,16.18,0
2024-01-17 19:55:00,173973356,104742446,3,19.33,0
2024-01-17 20:00:00,168763158,103920848,1,18.75,0
2024-01-17 20:05:00,185081637,105079111,3,20.56,0
2024-01-17 20:10:00,118551752,62873180,3,13.17,0
2024-01-17 20:15:00,217643338,138180424,1,24.18,0
2024-01-17 20:20:00,172962177,101537912,2,19.22,0
2024-01-17 20:25:00,161063220,95837102,3,17.9,0
2024-01-17 20:30:00,177528611,109315382,0,19.73,0
2024-01-17 20:35:00,196651447,120643752,1,21.85,0
2024-01-17 20:40:00,163145906,83594279,2,18.13,0
2024-01-17 20:45:00,160733266,109302480,2,17.86,0
2024-01-17 20:50:00,140472150,85495111,1,15.61,0
2024-01-17 20:55:00,131206351,76697278,4,14.58,0
2024-01-17 21:00:00,120778463,76775538,0,13.42,0
2024-01-17 21:05:00,110110409,68431667,1,12.23,0
2024-01-17 21:10:00,109313157,73258521,2,12.15,0
2024-01-17 21:15:00,92547326,60908232,1,10.28,0
2024-01-17 21:20:00,114631904,75957605,0,12.74,0
2024-01-17 21:25:00,79134372,60990562,3,8.79,0
2024-01-17 21:30:00,113413528,76884362,0,12.6,0
2024-01-17 21:35:00,105726682,61831147,3,11.75,0
2024-01-17 21:40:00,106342215,52576317,1,11.82,0
2024-01-17 21:45:00,90004661,70680776,0,10.0,0
2024-01-17 21:50:00,159123260,93096722,1,17.68,0
2024-01-17 21:55:00,122023469,68483007,1,13.56,0
2024-01-17 22:00:00,67263053,30000000,0,7.47,0
2024-01-17 22:05:00,94242940,59930495,3,10.47,0
2024-01-17 22:10:00,74957277,46463232,2,8.33,0
2024-01-17 22:15:00,64460947,30000000,2,7.16,0
2024-01-17 22:20:00,55684689,37943554,3,6.19,0
2024-01-17 22:25:00,88969578,48399828,2,9.89,0
2024-01-17 22:30:00,64641307,65687934,2,7.18,0
2024-01-17 22:35:00,95674631,51711167,1,10.63,0
2024-01-17 22:40:00,94349415,52257715,4,10.48,0
2024-01-17 22:45:00,100215056,51381271,2,11.14,0
2024-01-17 22:50:00,54060196,45214883,2,6.01,0
2024-01-17 22:55:00,79095347,43729450,2,8.79,0
2024-01-17 23:00:00,80826886,41246990,4,8.98,0
2024-01-17 23:05:00,57394339,41506153,3,6.38,0
2024-01-17 23:10:00,50253519,30000000,2,5.58,0
2024-01-17 23:15:00,96801946,64332273,2,10.76,0
2024-01-17 23:20:00,68196056,58731631,1,7.58,0
2024-01-17 23:25:00,75512592,50973633,4,8.39,0
2024-01-17 23:30:00,50000000,36378983,3,5.56,0
2024-01-17 23:35:00,50000000,38700602,0,5.56,0
2024-01-17 23:40:00,50000000,47097080,2,5.56,0
2024-01-17 23:45:00,58033430,46918998,0,6.45,0
2024-01-17 23:50:00,50000000,34396697,3,5.56,0
2024-01-17 23:55:00,59860217,44955044,4,6.65,0
2024-01-18 00:00:00,50000000,30000000,4,5.56,0
2024-01-18 00:05:00,50000000,37762935,1,5.56,0
2024-01-18 00:10:00,73646651,34132431,2,8.18,0
2024-01-18 00:15:00,72589668,39883577,4,8.07,0
2024-01-18 00:20:00,53075737,30000000,7,5.9,0
2024-01-18 00:25:00,50000000,34014296,1,5.56,0
2024-01-18 00:30:00,50000000,30000000,1,5.56,0
2024-01-18 00:35:00,55327872,44308175,1,6.15,0
2024-01-18 00:40:00,76536509,49823831,4,8.5,0
2024-01-18 00:45:00,83176446,61146826,2,9.24,0
2024-01-18 00:50:00,55758323,30000000,1,6.2,0
2024-01-18 00:55:00,50000000,40383860,2,5.56,0
2024-01-18 01:00:00,73534674,65179368,2,8.17,0
2024-01-18 01:05:00,53117335,39511984,0,5.9,0
2024-01-18 01:10:00,60742879,44349217,2,6.75,0
2024-01-18 01:15:00,99242290,61241351,1,11.03,0
2024-01-18 01:20:00,91016079,49362959,3,10.11,0
2024-01-18 01:25:00,79477597,55298482,0,8.83,0
2024-01-18 01:30:00,52830532,30000000,3,5.87,0
2024-01-18 01:35:00,84553176,46554354,1,9.39,0
2024-01-18 01:40:00,103739276,44532998,1,11.53,0
2024-01-18 01:45:00,77237868,39306157,1,8.58,0
2024-01-18 01:50:00,114139681,74904260,3,12.68,0
2024-01-18 01:55:00,115440484,74318224,3,12.83,0
2024-01-18 02:00:00,125428559,75766272,0,13.94,0
2024-01-18 02:05:00,100926013,62259618,0,11.21,0
2024-01-18 02:10:00,109333887,46741686,1,12.15,0
2024-01-18 02:15:00,128731038,73513000,0,14.3,0
2024-01-18 02:20:00,112351388,60597316,1,12.48,0
2024-01-18 02:25:00,96428612,51266570,2,10.71,0
2024-01-18 02:30:00,100624341,66370391,0,11.18,0
2024-01-18 02:35:00,117598823,61954220,1,13.07,0
2024-01-18 02:40:00,90338105,48156054,1,10.04,0
2024-01-18 02:45:00,116693267,49145268,3,12.97,0
2024-01-18 02:50:00,144984381,84049397,2,16.11,0
2024-01-18 02:55:00,82807572,38806167,4,9.2,0
2024-01-18 03:00:00,160984014,97382438,2,17.89,0
2024-01-18 03:05:00,156484350,84379530,0,17.39,0
2024-01-18 03:10:00,128663057,78243257,5,14.3,0
2024-01-18 03:15:00,152624820,90128034,3,16.96,0
2024-01-18 03:20:00,145793928,104196774,0,16.2,0
2024-01-18 03:25:00,174378174,109599084,3,19.38,0
2024-01-18 03:30:00,173550919,85734173,1,19.28,0
2024-01-18 03:35:00,130084269,65401673,2,14.45,0
2024-01-18 03:40:00,174086903,105004222,2,19.34,0
2024-01-18 03:45:00,162550587,88231872,1,18.06,0
2024-01-18 03:50:00,172704745,73939162,1,19.19,0
2024-01-18 03:55:00,160930980,110054051,2,17.88,0
2024-01-18 04:00:00,214962741,136179884,1,23.88,0
2024-01-18 04:05:00,205363931,128428127,1,22.82,0
2024-01-18 04:10:00,174384909,98557715,2,19.38,0
2024-01-18 04:15:00,167158502,104571869,0,18.57,0
2024-01-18 04:20:00,190858164,107471295,1,21.21,0
2024-01-18 04:25:00,212030847,129267081,0,23.56,0
2024-01-18 04:30:00,212960093,118570223,2,23.66,0
2024-01-18 04:35:00,238077527,158009400,3,26.45,0
2024-01-18 04:40:00,233713560,124525769,4,25.97,0
2024-01-18 04:45:00,242245908,157670383,1,26.92,0
2024-01-18 04:50:00,234367716,141009787,2,26.04,0
2024-01-18 04:55:00,205055062,118138367,0,22.78,0
2024-01-18 05:00:00,233969458,142051704,1,26.0,0
2024-01-18 05:05:00,264157180,165827788,3,29.35,0
2024-01-18 05:10:00,247024034,161881887,0,27.45,0
2024-01-18 05:15:00,263240130,161075508,1,29.25,0
2024-01-18 05:20:00,251949471,142262721,3,27.99,0
2024-01-18 05:25:00,242894150,146292791,0,26.99,0
2024-01-18 05:30:00,266206832,177892031,0,29.58,0
2024-01-18 05:35:00,280052898,181508520,0,31.12,0
2024-01-18 05:40:00,265968867,168668955,2,29.55,0
2024-01-18 05:45:00,279589024,175710284,2,31.07,0
2024-01-18 05:50:00,270742082,169439750,3,30.08,0
2024-01-18 05:55:00,317149325,201877143,3,35.24,0
2024-01-18 06:00:00,294110884,171900243,1,32.68,0
2024-01-18 06:05:00,334290683,187023549,1,37.14,0
2024-01-18 06:10:00,341043609,205316200,1,37.89,0
2024-01-18 06:15:00,314075831,180269683,2,34.9,0
2024-01-18 06:20:00,300748403,169898834,0,33.42,0
2024-01-18 06:25:00,284410092,163443269,2,31.6,0
2024-01-18 06:30:00,301885544,205984466,3,33.54,0
2024-01-18 06:35:00,309032916,186780996,1,34.34,0
2024-01-18 06:40:00,369244955,225166051,7,41.03,0
2024-01-18 06:45:00,349138169,197259273,2,38.79,0
2024-01-18 06:50:00,359737597,197405029,2,39.97,0
2024-01-18 06:55:00,312636193,179391189,5,34.74,0
2024-01-18 07:00:00,338157242,217276301,1,37.57,0
2024-01-18 07:05:00,384900558,234283089,2,42.77,0
2024-01-18 07:10:00,377904874,232728875,1,41.99,0
2024-01-18 07:15:00,374201366,231906480,0,41.58,0
2024-01-18 07:20:00,393381681,230115515,1,43.71,0
2024-01-18 07:25:00,419701085,265700307,1,46.63,0
2024-01-18 07:30:00,387423174,226125828,2,43.05,0
2024-01-18 07:35:00,398046601,252890284,3,44.23,0
2024-01-18 07:40:00,405280321,247591214,1,45.03,0
2024-01-18 07:45:00,453991478,254504435,0,50.44,0
2024-01-18 07:50:00,368832541,213819430,1,40.98,0
2024-01-18 07:55:00,429101764,239611673,2,47.68,0
2024-01-18 08:00:00,417703955,262255194,1,46.41,0
2024-01-18 08:05:00,435841016,261257255,4,48.43,0
2024-01-18 08:10:00,415804454,227199248,3,46.2,0
2024-01-18 08:15:00,432357555,263172002,1,48.04,0
2024-01-18 08:20:00,451886556,265760291,4,50.21,0
2024-01-18 08:25:00,504172519,287665453,3,56.02,0
2024-01-18 08:30:00,462263466,294137738,4,51.36,0
2024-01-18 08:35:00,433260321,261029051,2,48.14,0
2024-01-18 08:40:00,445793832,264541985,2,49.53,0
2024-01-18 08:45:00,449174713,265510580,2,49.91,0
2024-01-18 08:50:00,426228786,240604477,1,47.36,0
2024-01-18 08:55:00,459361329,262571308,3,51.04,0
2024-01-18 09:00:00,484362209,303466493,4,53.82,0
2024-01-18 09:05:00,447882708,263990796,1,49.76,0
2024-01-18 09:10:00,497916213,298970405,3,55.32,0
2024-01-18 09:15:00,490197050,273674925,3,54.47,0
2024-01-18 09:20:00,469165999,268318679,2,52.13,0
2024-01-18 09:25:00,484341683,296703135,1,53.82,0
2024-01-18 09:30:00,522371237,317199860,0,58.04,0
2024-01-18 09:35:00,508217661,322464348,0,56.47,0
2024-01-18 09:40:00,496772163,311492861,1,55.2,0
2024-01-18 09:45:00,494799040,294572314,0,54.98,0
2024-01-18 09:50:00,503946128,307097212,5,55.99,0
2024-01-18 09:55:00,494943577,293800112,0,54.99,0
2024-01-18 10:00:00,465751106,299998762,2,51.75,0
2024-01-18 10:05:00,551257979,342244934,2,61.25,0
2024-01-18 10:10:00,515989099,311290310,1,57.33,0
2024-01-18 10:15:00,523212403,315931389,5,58.13,0
2024-01-18 10:20:00,516355713,324261931,1,57.37,0
2024-01-18 10:25:00,504972418,308779229,6,56.11,0
2024-01-18 10:30:00,518012598,326393839,2,57.56,0
2024-01-18 10:35:00,491693993,273079916,1,54.63,0
2024-01-18 10:40:00,571067958,347253057,2,63.45,0
2024-01-18 10:45:00,502572991,296389446,2,55.84,0
2024-01-18 10:50:00,508252742,322515425,2,56.47,0
2024-01-18 10:55:00,521606780,328428055,2,57.96,0
2024-01-18 11:00:00,557583712,334878585,1,61.95,0
2024-01-18 11:05:00,533412276,335403675,2,59.27,0
2024-01-18 11:10:00,509588325,323584140,1,56.62,0
2024-01-18 11:15:00,560475234,337029207,3,62.28,0
2024-01-18 11:20:00,550973873,355303661,3,61.22,0
2024-01-18 11:25:00,547975461,328471865,2,60.89,0
2024-01-18 11:30:00,552261451,329211661,2,61.36,0
2024-01-18 11:35:00,586460759,360535181,4,65.16,0
2024-01-18 11:40:00,582788625,346135267,3,64.75,0
2024-01-18 11:45:00,525751834,316304498,1,58.42,0
2024-01-18 11:50:00,572249273,357443908,0,63.58,0
2024-01-18 11:55:00,547606250,328755938,1,60.85,0
2024-01-18 12:00:00,549981916,313038971,1,61.11,0
2024-01-18 12:05:00,506097469,307331675,4,56.23,0
2024-01-18 12:10:00,536363857,314855378,1,59.6,0
2024-01-18 12:15:00,523229669,322590513,5,58.14,0
2024-01-18 12:20:00,555647903,340350639,1,61.74,0
2024-01-18 12:25:00,559995131,350711082,0,62.22,0
2024-01-18 12:30:00,496457039,306949546,1,55.16,0
2024-01-18 12:35:00,536766065,332962081,0,59.64,0
2024-01-18 12:40:00,558791090,328583686,6,62.09,0
2024-01-18 12:45:00,531654888,327032797,1,59.07,0
2024-01-18 12:50:00,548892314,349019901,6,60.99,0
2024-01-18 12:55:00,540145406,317200744,1,60.02,0
2024-01-18 13:00:00,538655402,341190624,0,59.85,0
2024-01-18 13:05:00,524985665,309497898,2,58.33,0
2024-01-18 13:10:00,504560452,294216558,3,56.06,0
2024-01-18 13:15:00,504832628,305861581,3,56.09,0
2024-01-18 13:20:00,539713279,330987071,2,59.97,0
2024-01-18 13:25:00,524071053,323560133,2,58.23,0
2024-01-18 13:30:00,518960842,301758881,0,57.66,0
2024-01-18 13:35:00,511196954,311063573,0,56.8,0
2024-01-18 13:40:00,511410091,299990509,1,56.82,0
2024-01-18 13:45:00,536187693,306823393,2,59.58,0
2024-01-18 13:50:00,506177718,294419267,3,56.24,0
2024-01-18 13:55:00,483593127,282646872,3,53.73,0
2024-01-18 14:00:00,522719132,318847431,2,58.08,0
2024-01-18 14:05:00,501081315,312170926,0,55.68,0
2024-01-18 14:10:00,503041864,287093052,3,55.89,0
2024-01-18 14:15:00,531704273,322542174,1,59.08,0
2024-01-18 14:20:00,496185279,285944185,2,55.13,0
2024-01-18 14:25:00,499330378,305889081,0,55.48,0
2024-01-18 14:30:00,466826331,273868493,1,51.87,0
2024-01-18 14:35:00,482778886,279154041,0,53.64,0
2024-01-18 14:40:00,496041187,305621357,3,55.12,0
2024-01-18 14:45:00,449334079,263731221,2,49.93,0
2024-01-18 14:50:00,480963462,285418438,5,53.44,0
2024-01-18 14:55:00,475383172,263030012,1,52.82,0
2024-01-18 15:00:00,470531376,291784339,0,52.28,0
2024-01-18 15:05:00,486706311,300232872,4,54.08,0
2024-01-18 15:10:00,468830420,281352830,1,52.09,0
2024-01-18 15:15:00,487804433,277406850,4,54.2,0
2024-01-18 15:20:00,434397236,272732033,4,48.27,0
2024-01-18 15:25:00,452940124,265101440,3,50.33,0
2024-01-18 15:30:00,447792078,264141712,1,49.75,0
2024-01-18 15:35:00,420529225,275437976,0,46.73,0
2024-01-18 15:40:00,456784244,267034182,0,50.75,0
2024-01-18 15:45:00,479830322,295320292,1,53.31,0
2024-01-18 15:50:00,428611784,262787993,2,47.62,0
2024-01-18 15:55:00,434606003,264665324,4,48.29,0
2024-01-18 16:00:00,421690369,255834227,1,46.85,0
2024-01-18 16:05:00,401165611,244463252,3,44.57,0
2024-01-18 16:10:00,374404461,227362082,4,41.6,0
2024-01-18 16:15:00,392033815,234701106,2,43.56,0
2024-01-18 16:20:00,373589215,239266360,1,41.51,0
2024-01-18 16:25:00,430741247,245318142,2,47.86,0
2024-01-18 16:30:00,389541829,243939678,1,43.28,0
2024-01-18 16:35:00,380066742,236263468,1,42.23,0
2024-01-18 16:40:00,399867910,246904737,1,44.43,0
2024-01-18 16:45:00,354710449,223996064,0,39.41,0
2024-01-18 16:50:00,356832111,213173272,2,39.65,0
2024-01-18 16:55:00,368520408,202422504,1,40.95,0
2024-01-18 17:00:00,382691950,228892243,0,42.52,0
2024-01-18 17:05:00,367078315,210335046,2,40.79,0
2024-01-18 17:10:00,356912010,206828614,4,39.66,0
2024-01-18 17:15:00,348384031,196606222,4,38.71,0
2024-01-18 17:20:00,349680279,205034719,1,38.85,0
2024-01-18 17:25:00,340542670,198359365,1,37.84,0
2024-01-18 17:30:00,310726840,162660406,1,34.53,0
2024-01-18 17:35:00,327049634,203231999,3,36.34,0
2024-01-18 17:40:00,299443605,201869381,4,33.27,0
2024-01-18 17:45:00,317318401,196453413,2,35.26,0
2024-01-18 17:50:00,300855694,178484176,3,33.43,0
2024-01-18 17:55:00,356023204,213066458,4,39.56,0
2024-01-18 18:00:00,299202112,175311408,3,33.24,0
2024-01-18 18:05:00,266679636,160908197,5,29.63,0
2024-01-18 18:10:00,286847742,171738564,4,31.87,0
2024-01-18 18:15:00,294690423,168403770,2,32.74,0
2024-01-18 18:20:00,312549900,204358824,2,34.73,0
2024-01-18 18:25:00,262082902,142378198,1,29.12,0
2024-01-18 18:30:00,237025154,149398408,2,26.34,0
2024-01-18 18:35:00,279827127,166884300,1,31.09,0
2024-01-18 18:40:00,230712463,157435796,0,25.63,0
2024-01-18 18:45:00,244455213,150081774,0,27.16,0
2024-01-18 18:50:00,242902082,142142194,3,26.99,0
2024-01-18 18:55:00,241562716,142460558,1,26.84,0
2024-01-18 19:00:00,251666718,151399097,4,27.96,0
2024-01-18 19:05:00,219168350,120073103,6,24.35,0
2024-01-18 19:10:00,222356023,125744918,1,24.71,0
2024-01-18 19:15:00,222569121,115692033,1,24.73,0
2024-01-18 19:20:00,220907124,123314505,3,24.55,0
2024-01-18 19:25:00,214971414,129921913,3,23.89,0
2024-01-18 19:30:00,216876091,133127405,3,24.1,0
2024-01-18 19:35:00,220217584,112337253,2,24.47,0
2024-01-18 19:40:00,206424299,122482462,3,22.94,0
2024-01-18 19:45:00,202922424,127387554,2,22.55,0
2024-01-18 19:50:00,157535869,92892399,1,17.5,0
2024-01-18 19:55:00,185567249,105002463,1,20.62,0
2024-01-18 20:00:00,189590150,109632479,4,21.07,0
2024-01-18 20:05:00,190073241,108636311,3,21.12,0
2024-01-18 20:10:00,157201078,87953341,3,17.47,0
2024-01-18 20:15:00,153482358,93827650,2,17.05,0
2024-01-18 20:20:00,150859641,113592667,0,16.76,0
2024-01-18 20:25:00,168813962,93851378,2,18.76,0
2024-01-18 20:30:00,174574878,101563500,0,19.4,0
2024-01-18 20:35:00,141629164,84460519,3,15.74,0
2024-01-18 20:40:00,163890219,91460587,5,18.21,0
2024-01-18 20:45:00,144226600,97518318,5,16.03,0
2024-01-18 20:50:00,135372634,57514727,1,15.04,0
2024-01-18 20:55:00,129809182,72574917,2,14.42,0
2024-01-18 21:00:00,145226599,95319097,1,16.14,0
2024-01-18 21:05:00,133144205,76945580,1,14.79,0
2024-01-18 21:10:00,168569947,92933579,2,18.73,0
2024-01-18 21:15:00,102513953,65915939,5,11.39,0
2024-01-18 21:20:00,126511367,84970252,2,14.06,0
2024-01-18 21:25:00,102243703,63452576,1,11.36,0
2024-01-18 21:30:00,92209458,47313471,0,10.25,0
2024-01-18 21:35:00,106235952,68303604,1,11.8,0
2024-01-18 21:40:00,106150558,59669842,3,11.79,0
2024-01-18 21:45:00,158810764,102738327,2,17.65,0
2024-01-18 21:50:00,93903136,71174470,2,10.43,0
2024-01-18 21:55:00,72217576,30000000,2,8.02,0
2024-01-18 22:00:00,97614117,59679145,2,10.85,0
2024-01-18 22:05:00,50000000,30000000,2,5.56,0
2024-01-18 22:10:00,85278264,75584844,1,9.48,0
2024-01-18 22:15:00,85071047,46361383,0,9.45,0
2024-01-18 22:20:00,98378138,66490615,4,10.93,0
2024-01-18 22:25:00,99797689,59525445,4,11.09,0
2024-01-18 22:30:00,68197519,32887666,2,7.58,0
2024-01-18 22:35:00,73305831,34762968,2,8.15,0
2024-01-18 22:40:00,59151354,51347604,2,6.57,0
2024-01-18 22:45:00,50175517,39664691,0,5.58,0
2024-01-18 22:50:00,77305827,65819337,2,8.59,0
2024-01-18 22:55:00,50000000,30554533,0,5.56,0
2024-01-18 23:00:00,59885263,38810354,2,6.65,0
2024-01-18 23:05:00,50000000,30000000,1,5.56,0
2024-01-18 23:10:00,76682622,43138751,2,8.52,0
2024-01-18 23:15:00,100640134,49965211,3,11.18,0
2024-01-18 23:20:00,50000000,30840101,1,5.56,0
2024-01-18 23:25:00,50000000,30000000,3,5.56,0
2024-01-18 23:30:00,59555495,40152386,2,6.62,0
2024-01-18 23:35:00,61740434,38744363,6,6.86,0
2024-01-18 23:40:00,65286458,42048695,4,7.25,0
2024-01-18 23:45:00,51587448,47703768,2,5.73,0
2024-01-18 23:50:00,56215640,33352205,1,6.25,0
2024-01-18 23:55:00,67407321,48011663,2,7.49,0
2024-01-19 00:00:00,80808617,69000265,7,8.98,0
2024-01-19 00:05:00,50000000,43066170,3,5.56,0
2024-01-19 00:10:00,52849638,43241479,4,5.87,0
2024-01-19 00:15:00,64790034,35807138,1,7.2,0
2024-01-19 00:20:00,50000000,32296430,5,5.56,0
2024-01-19 00:25:00,96049871,44447159,2,10.67,0
2024-01-19 00:30:00,50000000,34989144,3,5.56,0
2024-01-19 00:35:00,61967383,39925032,2,6.89,0
2024-01-19 00:40:00,74766581,45093799,2,8.31,0
2024-01-19 00:45:00,52785836,41943450,0,5.87,0
2024-01-19 00:50:00,50000000,30000000,4,5.56,0
2024-01-19 00:55:00,58304812,51331516,1,6.48,0
2024-01-19 01:00:00,88766612,62277614,0,9.86,0
2024-01-19 01:05:00,62850132,37003739,3,6.98,0
2024-01-19 01:10:00,54179245,31020251,1,6.02,0
2024-01-19 01:15:00,91250213,59556240,2,10.14,0
2024-01-19 01:20:00,67858273,55923476,0,7.54,0
2024-01-19 01:25:00,66114895,40685014,1,7.35,0
2024-01-19 01:30:00,81258033,50195129,1,9.03,0
2024-01-19 01:35:00,95740249,57625334,1,10.64,0
2024-01-19 01:40:00,130120401,95892482,2,14.46,0
2024-01-19 01:45:00,101295264,57088327,2,11.26,0
2024-01-19 01:50:00,110314199,65893443,3,12.26,0
2024-01-19 01:55:00,79466254,62314109,1,8.83,0
2024-01-19 02:00:00,71636540,44452032,2,7.96,0
2024-01-19 02:05:00,96067778,69011255,6,10.67,0
2024-01-19 02:10:00,99729451,50724870,1,11.08,0
2024-01-19 02:15:00,78877038,45273297,0,8.76,0
2024-01-19 02:20:00,99897618,74782911,2,11.1,0
2024-01-19 02:25:00,114439647,61900391,2,12.72,0
2024-01-19 02:30:00,116803066,68568849,8,12.98,0
2024-01-19 02:35:00,122913481,76314940,4,13.66,0
2024-01-19 02:40:00,121968628,63289631,1,13.55,0
2024-01-19 02:45:00,109418273,61512862,4,12.16,0
2024-01-19 02:50:00,112775426,68791622,4,12.53,0
2024-01-19 02:55:00,102653621,62058990,2,11.41,0
2024-01-19 03:00:00,165989873,112397444,3,18.44,0
2024-01-19 03:05:00,134305873,95998096,1,14.92,0
2024-01-19 03:10:00,133361289,71455924,1,14.82,0
2024-01-19 03:15:00,123181162,75021382,3,13.69,0
2024-01-19 03:20:00,204444131,129408962,2,22.72,0
2024-01-19 03:25:00,128311806,92150558,3,14.26,0
2024-01-19 03:30:00,145320298,94377082,1,16.15,0
2024-01-19 03:35:00,166402421,102750586,3,18.49,0
2024-01-19 03:40:00,174345914,111272974,4,19.37,0
2024-01-19 03:45:00,185821785,118230759,3,20.65,0
2024-01-19 03:50:00,207200264,115043015,1,23.02,0
2024-01-19 03:55:00,185617571,113298530,1,20.62,0
2024-01-19 04:00:00,158879384,109919240,3,17.65,0
2024-01-19 04:05:00,179423792,105580708,3,19.94,0
2024-01-19 04:10:00,195336980,118496654,1,21.7,0
2024-01-19 04:15:00,235215235,138703976,3,26.14,0
2024-01-19 04:20:00,170615507,79230709,1,18.96,0
2024-01-19 04:25:00,227392324,136641296,2,25.27,0
2024-01-19 04:30:00,211754263,130070477,1,23.53,0
2024-01-19 04:35:00,229771481,132737955,0,25.53,0
2024-01-19 04:40:00,215875271,117978793,3,23.99,0
2024-01-19 04:45:00,206005875,114797460,2,22.89,0
2024-01-19 04:50:00,242848063,153350714,6,26.98,0
2024-01-19 04:55:00,245929657,167283042,0,27.33,0
2024-01-19 05:00:00,257324568,168219074,3,28.59,0
2024-01-19 05:05:00,242689293,132170115,3,26.97,0
2024-01-19 05:10:00,236058052,150181104,5,26.23,0
2024-01-19 05:15:00,222002582,126569925,2,24.67,0
2024-01-19 05:20:00,274711902,159004471,1,30.52,0
2024-01-19 05:25:00,271968176,158561150,2,30.22,0
2024-01-19 05:30:00,249358061,156675506,5,27.71,0
2024-01-19 05:35:00,263100476,167452819,2,29.23,0
2024-01-19 05:40:00,269747445,160868156,1,29.97,0
2024-01-19 05:45:00,254643560,151975428,4,28.29,0
2024-01-19 05:50:00,273177699,168549256,3,30.35,0
2024-01-19 05:55:00,272087820,168932637,3,30.23,0
2024-01-19 06:00:00,291750419,186812508,1,32.42,0
2024-01-19 06:05:00,290461622,161433253,1,32.27,0
2024-01-19 06:10:00,277928554,166957406,0,30.88,0
2024-01-19 06:15:00,356148555,203008889,2,39.57,0
2024-01-19 06:20:00,345968192,207071492,2,38.44,0
2024-01-19 06:25:00,310547661,184066844,2,34.51,0
2024-01-19 06:30:00,336774714,201597333,3,37.42,0
2024-01-19 06:35:00,344858914,198917919,4,38.32,0
2024-01-19 06:40:00,365497279,204425469,1,40.61,0
2024-01-19 06:45:00,330449576,177325370,5,36.72,0
2024-01-19 06:50:00,373787643,222960784,3,41.53,0
2024-01-19 06:55:00,346086508,203341893,2,38.45,0
2024-01-19 07:00:00,335399322,194480216,2,37.27,0
2024-01-19 07:05:00,381641694,242210501,1,42.4,0
2024-01-19 07:10:00,397984560,230196354,2,44.22,0
2024-01-19 07:15:00,428903651,271510531,1,47.66,0
2024-01-19 07:20:00,358090329,231092634,2,39.79,0
2024-01-19 07:25:00,400963522,221069109,2,44.55,0
2024-01-19 07:30:00,383647998,231112613,2,42.63,0
2024-01-19 07:35:00,412326379,243398862,1,45.81,0
2024-01-19 07:40:00,372018591,194093115,1,41.34,0
2024-01-19 07:45:00,380893890,214089921,3,42.32,0
2024-01-19 07:50:00,395302170,244930663,1,43.92,0
2024-01-19 07:55:00,417016585,270401943,2,46.34,0
2024-01-19 08:00:00,407178374,253333806,1,45.24,0
2024-01-19 08:05:00,437686668,265848326,1,48.63,0
2024-01-19 08:10:00,449489798,269480555,3,49.94,0
2024-01-19 08:15:00,445328406,284023673,4,49.48,0
2024-01-19 08:20:00,470034097,303502850,1,52.23,0
2024-01-19 08:25:00,450230848,264270082,1,50.03,0
2024-01-19 08:30:00,421764808,233059019,2,46.86,0
2024-01-19 08:35:00,477489163,265511623,1,53.05,0
2024-01-19 08:40:00,442165901,278518350,2,49.13,0
2024-01-19 08:45:00,476451365,285400233,6,52.94,0
2024-01-19 08:50:00,493616334,298002219,1,54.85,0
2024-01-19 08:55:00,475096893,267151626,0,52.79,0
2024-01-19 09:00:00,439782451,256337581,1,48.86,0
2024-01-19 09:05:00,455003107,270047056,3,50.56,0
2024-01-19 09:10:00,503401450,304119253,1,55.93,0
2024-01-19 09:15:00,477059100,282249539,1,53.01,0
2024-01-19 09:20:00,485442137,280892020,2,53.94,0
2024-01-19 09:25:00,502348764,293563588,1,55.82,0
2024-01-19 09:30:00,504331258,314681988,2,56.04,0
2024-01-19 09:35:00,499122701,301921466,3,55.46,0
2024-01-19 09:40:00,492423123,301575441,3,54.71,0
2024-01-19 09:45:00,493299338,286990864,0,54.81,0
2024-01-19 09:50:00,519571923,282204919,2,57.73,0
2024-01-19 09:55:00,516250239,304519100,3,57.36,0
2024-01-19 10:00:00,502700096,292954352,3,55.86,0
2024-01-19 10:05:00,532056667,322724123,3,59.12,0
2024-01-19 10:10:00,510301917,339038387,0,56.7,0
2024-01-19 10:15:00,498216214,305881388,2,55.36,0
2024-01-19 10:20:00,502334454,328760274,5,55.81,0
2024-01-19 10:25:00,500099938,305747659,3,55.57,0
2024-01-19 10:30:00,516282887,303470870,0,57.36,0
2024-01-19 10:35:00,548356374,332492985,0,60.93,0
2024-01-19 10:40:00,509424325,323460981,3,56.6,0
2024-01-19 10:45:00,531032746,336915273,1,59.0,0
2024-01-19 10:50:00,515758281,303701595,1,57.31,0
2024-01-19 10:55:00,525205784,317655307,0,58.36,0
2024-01-19 11:00:00,501621374,286680155,1,55.74,0
2024-01-19 11:05:00,528711332,325473485,2,58.75,0
2024-01-19 11:10:00,530436934,333795707,0,58.94,0
2024-01-19 11:15:00,546194226,328114530,2,60.69,0
2024-01-19 11:20:00,540819478,317817846,0,60.09,0
2024-01-19 11:25:00,513238920,311544661,2,57.03,0
2024-01-19 11:30:00,559630731,339953029,2,62.18,0
2024-01-19 11:35:00,542779581,326479187,1,60.31,0
2024-01-19 11:40:00,543054597,327619909,0,60.34,0
2024-01-19 11:45:00,539302494,321843348,2,59.92,0
2024-01-19 11:50:00,529416424,327609403,2,58.82,0
2024-01-19 11:55:00,544298933,333941634,0,60.48,0
2024-01-19 12:00:00,549511768,319876029,3,61.06,0
2024-01-19 12:05:00,505004972,292897077,2,56.11,0
2024-01-19 12:10:00,528996356,314854069,1,58.78,0
2024-01-19 12:15:00,534387202,328000692,2,59.38,0
2024-01-19 12:20:00,544210139,328006657,3,60.47,0
2024-01-19 12:25:00,562439741,331032340,2,62.49,0
2024-01-19 12:30:00,522511950,316122356,5,58.06,0
2024-01-19 12:35:00,527247525,313040410,1,58.58,0
2024-01-19 12:40:00,526103178,324466771,1,58.46,0
2024-01-19 12:45:00,519357915,314945333,2,57.71,0
2024-01-19 12:50:00,527367311,313267605,2,58.6,0
2024-01-19 12:55:00,548538141,331438072,3,60.95,0
2024-01-19 13:00:00,510745488,319597773,0,56.75,0
2024-01-19 13:05:00,538968252,317684651,1,59.89,0
2024-01-19 13:10:00,494854023,300938983,2,54.98,0
2024-01-19 13:15:00,516036471,308917279,0,57.34,0
2024-01-19 13:20:00,518936442,315631702,3,57.66,0
2024-01-19 13:25:00,557179082,327761799,4,61.91,0
2024-01-19 13:30:00,516235041,310844379,3,57.36,0
2024-01-19 13:35:00,475649885,296468164,4,52.85,0
2024-01-19 13:40:00,477536090,277151584,3,53.06,0
2024-01-19 13:45:00,515930049,296263978,2,57.33,0
2024-01-19 13:50:00,525158017,302180254,1,58.35,0
2024-01-19 13:55:00,517923538,299047497,1,57.55,0
2024-01-19 14:00:00,511197499,312671732,0,56.8,0
2024-01-19 14:05:00,528424040,302995827,1,58.71,0
2024-01-19 14:10:00,491622122,291994320,1,54.62,0
2024-01-19 14:15:00,517450918,316653443,0,57.49,0
2024-01-19 14:20:00,463956192,282540306,2,51.55,0
2024-01-19 14:25:00,475447748,281413059,4,52.83,0
2024-01-19 14:30:00,454263973,274467621,2,50.47,0
2024-01-19 14:35:00,481675369,290076675,3,53.52,0
2024-01-19 14:40:00,482925442,287512855,3,53.66,0
2024-01-19 14:45:00,482723583,287525802,1,53.64,0
2024-01-19 14:50:00,478184227,309264811,3,53.13,0
2024-01-19 14:55:00,454816284,280982879,0,50.54,0
2024-01-19 15:00:00,465900810,304346995,2,51.77,0
2024-01-19 15:05:00,436014200,256638888,1,48.45,0
2024-01-19 15:10:00,489406229,292794071,3,54.38,0
2024-01-19 15:15:00,452170474,257981026,2,50.24,0
2024-01-19 15:20:00,444491303,258599114,1,49.39,0
2024-01-19 15:25:00,482000439,308219395,1,53.56,0
2024-01-19 15:30:00,421257812,247534344,3,46.81,0
2024-01-19 15:35:00,419402573,270834356,2,46.6,0
2024-01-19 15:40:00,415733938,237006740,2,46.19,0
2024-01-19 15:45:00,431979428,248652966,5,48.0,0
2024-01-19 15:50:00,437584538,259138410,2,48.62,0
2024-01-19 15:55:00,439299091,262941955,2,48.81,0
2024-01-19 16:00:00,471439906,292094816,0,52.38,0
2024-01-19 16:05:00,370448655,226776897,2,41.16,0
2024-01-19 16:10:00,422994378,249633474,2,47.0,0
2024-01-19 16:15:00,395006674,235670846,1,43.89,0
2024-01-19 16:20:00,389700079,230629418,0,43.3,0
2024-01-19 16:25:00,384263763,221411720,3,42.7,0
2024-01-19 16:30:00,373668630,215321548,1,41.52,0
2024-01-19 16:35:00,420675625,262684214,0,46.74,0
2024-01-19 16:40:00,398930780,221076819,2,44.33,0
2024-01-19 16:45:00,377609391,242739221,1,41.96,0
2024-01-19 16:50:00,399189706,236083881,3,44.35,0
2024-01-19 16:55:00,336908384,194419944,4,37.43,0
2024-01-19 17:00:00,335502468,208699073,5,37.28,0
2024-01-19 17:05:00,313485259,202943321,1,34.83,0
2024-01-19 17:10:00,337957216,213950654,5,37.55,0
2024-01-19 17:15:00,350055647,215051909,1,38.9,0
2024-01-19 17:20:00,343732734,217108275,0,38.19,0
2024-01-19 17:25:00,339496450,186532894,3,37.72,0
2024-01-19 17:30:00,303105149,176644784,1,33.68,0
2024-01-19 17:35:00,342191144,196202986,1,38.02,0
2024-01-19 17:40:00,325709928,207672344,2,36.19,0
2024-01-19 17:45:00,330357836,194379921,4,36.71,0
2024-01-19 17:50:00,272613409,172022111,0,30.29,0
2024-01-19 17:55:00,311465389,192237803,0,34.61,0
2024-01-19 18:00:00,276244695,157123747,3,30.69,0
2024-01-19 18:05:00,286817962,166221195,1,31.87,0
2024-01-19 18:10:00,300218645,193069363,3,33.36,0
2024-01-19 18:15:00,286125121,163920246,2,31.79,0
2024-01-19 18:20:00,262051822,158479769,2,29.12,0
2024-01-19 18:25:00,273997413,156573035,2,30.44,0
2024-01-19 18:30:00,238043007,139686282,1,26.45,0
2024-01-19 18:35:00,286495735,171435821,7,31.83,0
2024-01-19 18:40:00,254218756,144702589,0,28.25,0
2024-01-19 18:45:00,275549321,155725123,1,30.62,0
2024-01-19 18:50:00,237523858,145377048,2,26.39,0
2024-01-19 18:55:00,232483866,131042945,3,25.83,0
2024-01-19 19:00:00,222599693,125453240,4,24.73,0
2024-01-19 19:05:00,250364515,140828177,2,27.82,0
2024-01-19 19:10:00,213641984,127406110,0,23.74,0
2024-01-19 19:15:00,235746436,150884878,1,26.19,0
2024-01-19 19:20:00,210266117,141224956,0,23.36,0
2024-01-19 19:25:00,173495604,96838182,5,19.28,0
2024-01-19 19:30:00,196749694,139552924,1,21.86,0
2024-01-19 19:35:00,179758630,97808129,3,19.97,0
2024-01-19 19:40:00,199249671,130385288,1,22.14,0
2024-01-19 19:45:00,170042559,94808571,3,18.89,0
2024-01-19 19:50:00,207699834,115910668,2,23.08,0
2024-01-19 19:55:00,182741178,102197145,2,20.3,0
2024-01-19 20:00:00,176448080,105344371,3,19.61,0
2024-01-19 20:05:00,188612260,118967078,3,20.96,0
2024-01-19 20:10:00,190326232,120894419,3,21.15,0
2024-01-19 20:15:00,166261169,90316851,4,18.47,0
2024-01-19 20:20:00,146917649,78253996,0,16.32,0
2024-01-19 20:25:00,122606292,64397388,3,13.62,0
2024-01-19 20:30:00,140176261,82992213,3,15.58,0
2024-01-19 20:35:00,137434121,80358917,1,15.27,0
2024-01-19 20:40:00,147872122,79221519,3,16.43,0
2024-01-19 20:45:00,134854066,83608476,0,14.98,0
2024-01-19 20:50:00,151617009,113595893,3,16.85,0
2024-01-19 20:55:00,121777201,68019166,0,13.53,0
2024-01-19 21:00:00,129153549,73157011,0,14.35,0
2024-01-19 21:05:00,150312397,95784054,1,16.7,0
2024-01-19 21:10:00,129889943,72345803,2,14.43,0
2024-01-19 21:15:00,118357695,77704262,1,13.15,0
2024-01-19 21:20:00,104110444,55280839,6,11.57,0
2024-01-19 21:25:00,100163096,78419053,3,11.13,0
2024-01-19 21:30:00,92582933,58997509,5,10.29,0
2024-01-19 21:35:00,95633157,51179665,2,10.63,0
2024-01-19 21:40:00,118516826,65223178,3,13.17,0
2024-01-19 21:45:00,96009527,52467719,4,10.67,0
2024-01-19 21:50:00,70590591,56081851,1,7.84,0
2024-01-19 21:55:00,130184536,65423212,4,14.46,0
2024-01-19 22:00:00,98553206,52452507,0,10.95,0
2024-01-19 22:05:00,61446710,31251420,1,6.83,0
2024-01-19 22:10:00,78280421,46811373,0,8.7,0
2024-01-19 22:15:00,86968269,49469864,3,9.66,0
2024-01-19 22:20:00,116577972,55034505,2,12.95,0
2024-01-19 22:25:00,58162995,30899570,2,6.46,0
2024-01-19 22:30:00,97789726,57678329,2,10.87,0
2024-01-19 22:35:00,104307839,56303725,4,11.59,0
2024-01-19 22:40:00,61900684,44008165,1,6.88,0
2024-01-19 22:45:00,67186496,49505982,3,7.47,0
2024-01-19 22:50:00,50381746,30000000,2,5.6,0
2024-01-19 22:55:00,65518812,41616703,0,7.28,0
2024-01-19 23:00:00,67446002,30000000,1,7.49,0
2024-01-19 23:05:00,80070903,43831514,0,8.9,0
2024-01-19 23:10:00,87492627,62543793,0,9.72,0
2024-01-19 23:15:00,50000000,30000000,2,5.56,0
2024-01-19 23:20:00,50000000,30000000,3,5.56,0
2024-01-19 23:25:00,62368341,60197894,2,6.93,0
2024-01-19 23:30:00,67923983,58945162,2,7.55,0
2024-01-19 23:35:00,66414832,44524648,8,7.38,0
2024-01-19 23:40:00,54379807,44016990,1,6.04,0
2024-01-19 23:45:00,63008900,30000000,0,7.0,0
2024-01-19 23:50:00,90537322,46446879,2,10.06,0
2024-01-19 23:55:00,67691796,35915499,3,7.52,0
2024-01-20 00:00:00,52532631,30000000,1,5.84,0
2024-01-20 00:05:00,50053157,30000000,0,5.56,0
2024-01-20 00:10:00,56831379,30000000,2,6.31,0
2024-01-20 00:15:00,93248657,59809440,1,10.36,0
2024-01-20 00:20:00,57247258,39784896,2,6.36,0
2024-01-20 00:25:00,61030591,52637343,1,6.78,0
2024-01-20 00:30:00,52406961,30000000,1,5.82,0
2024-01-20 00:35:00,84772904,42162111,2,9.42,0
2024-01-20 00:40:00,102842884,34905885,3,11.43,0
2024-01-20 00:45:00,73623793,41238607,1,8.18,0
2024-01-20 00:50:00,67344416,49417767,2,7.48,0
2024-01-20 00:55:00,67613559,34450457,2,7.51,0
2024-01-20 01:00:00,50000000,51434448,4,5.56,0
2024-01-20 01:05:00,84491052,48128682,1,9.39,0
2024-01-20 01:10:00,73791260,45744678,1,8.2,0
2024-01-20 01:15:00,81303609,35151135,2,9.03,0
2024-01-20 01:20:00,60244527,39018919,0,6.69,0
2024-01-20 01:25:00,68628973,30000000,1,7.63,0
2024-01-20 01:30:00,70048413,48966027,1,7.78,0
2024-01-20 01:35:00,100757704,67698904,0,11.2,0
2024-01-20 01:40:00,74910934,58539474,4,8.32,0
2024-01-20 01:45:00,126403748,65642561,1,14.04,0
2024-01-20 01:50:00,95734648,59046410,5,10.64,0
2024-01-20 01:55:00,64071925,44081320,2,7.12,0
2024-01-20 02:00:00,89582977,58172602,2,9.95,0
2024-01-20 02:05:00,81787648,40419596,2,9.09,0
2024-01-20 02:10:00,53698403,30000000,4,5.97,0
2024-01-20 02:15:00,132436711,82931630,0,14.72,0
2024-01-20 02:20:00,117466360,68954819,0,13.05,0
2024-01-20 02:25:00,117117441,64603758,4,13.01,0
2024-01-20 02:30:00,112903271,75381416,1,12.54,0
2024-01-20 02:35:00,85187372,50663228,4,9.47,0
2024-01-20 02:40:00,106476990,50694243,2,11.83,0
2024-01-20 02:45:00,136394061,62521914,2,15.15,0
2024-01-20 02:50:00,102029038,49927790,0,11.34,0
2024-01-20 02:55:00,75997262,69528480,2,8.44,0
2024-01-20 03:00:00,125752252,82679119,2,13.97,0
2024-01-20 03:05:00,131201715,80607152,2,14.58,0
2024-01-20 03:10:00,140569618,82525161,3,15.62,0
2024-01-20 03:15:00,156327377,91322496,3,17.37,0
2024-01-20 03:20:00,158483089,106761813,3,17.61,0
2024-01-20 03:25:00,154953762,88066300,4,17.22,0
2024-01-20 03:30:00,177807884,112453934,2,19.76,0
2024-01-20 03:35:00,127706288,73139493,3,14.19,0
2024-01-20 03:40:00,172433291,122861541,2,19.16,0
2024-01-20 03:45:00,179193911,114939231,1,19.91,0
2024-01-20 03:50:00,146256848,100209677,4,16.25,0
2024-01-20 03:55:00,145437005,81418105,4,16.16,0
2024-01-20 04:00:00,165081157,109630055,5,18.34,0
2024-01-20 04:05:00,171331866,99673345,3,19.04,0
2024-01-20 04:10:00,204248722,123649581,4,22.69,0
2024-01-20 04:15:00,181559938,125286439,1,20.17,0
2024-01-20 04:20:00,181444646,98439037,2,20.16,0
2024-01-20 04:25:00,191108119,116697349,3,21.23,0
2024-01-20 04:30:00,230528622,142697226,1,25.61,0
2024-01-20 04:35:00,213275738,133165486,1,23.7,0
2024-01-20 04:40:00,214330145,124090242,2,23.81,0
2024-01-20 04:45:00,220654418,153255292,2,24.52,0
2024-01-20 04:50:00,253671814,139253770,3,28.19,0
2024-01-20 04:55:00,217857602,145303415,2,24.21,0
2024-01-20 05:00:00,264193594,170666813,3,29.35,0
2024-01-20 05:05:00,247165311,167308074,1,27.46,0
2024-01-20 05:10:00,244846105,131025392,1,27.21,0
2024-01-20 05:15:00,303196332,173229484,0,33.69,0
2024-01-20 05:20:00,237211647,157246419,2,26.36,0
2024-01-20 05:25:00,256416672,135079611,5,28.49,0
2024-01-20 05:30:00,244025089,130350464,0,27.11,0
2024-01-20 05:35:00,292921189,170869635,1,32.55,0
2024-01-20 05:40:00,312866400,189639778,1,34.76,0
2024-01-20 05:45:00,317701704,206543273,1,35.3,0
2024-01-20 05:50:00,314010322,186553534,2,34.89,0
2024-01-20 05:55:00,290812018,168404819,3,32.31,0
2024-01-20 06:00:00,292695180,178731007,2,32.52,0
2024-01-20 06:05:00,271812176,167783271,0,30.2,0
2024-01-20 06:10:00,351186123,215124072,2,39.02,0
2024-01-20 06:15:00,325076312,193265925,1,36.12,0
2024-01-20 06:20:00,311078240,167096082,2,34.56,0
2024-01-20 06:25:00,352689187,202437352,3,39.19,0
2024-01-20 06:30:00,311870995,201325308,2,34.65,0
2024-01-20 06:35:00,344642053,208655921,2,38.29,0
2024-01-20 06:40:00,338222979,199708566,1,37.58,0
2024-01-20 06:45:00,359595220,226938817,0,39.96,0
2024-01-20 06:50:00,350674036,199103255,1,38.96,0
2024-01-20 06:55:00,328026056,194562152,1,36.45,0
2024-01-20 07:00:00,363628098,219554443,0,40.4,0
2024-01-20 07:05:00,388136246,228467972,5,43.13,0
2024-01-20 07:10:00,371585063,223958666,3,41.29,0
2024-01-20 07:15:00,392647774,233711725,3,43.63,0
2024-01-20 07:20:00,361174244,202711116,0,40.13,0
2024-01-20 07:25:00,386459913,233690726,1,42.94,0
2024-01-20 07:30:00,379353814,214328770,4,42.15,0
2024-01-20 07:35:00,411598822,248615444,0,45.73,0
2024-01-20 07:40:00,402058214,254976286,3,44.67,0
2024-01-20 07:45:00,419950759,249160223,2,46.66,0
2024-01-20 07:50:00,432573875,247829494,2,48.06,0
2024-01-20 07:55:00,429269676,256291927,2,47.7,0
2024-01-20 08:00:00,425462368,246957710,4,47.27,0
2024-01-20 08:05:00,404541336,248669892,1,44.95,0
2024-01-20 08:10:00,428896183,255857822,2,47.66,0
2024-01-20 08:15:00,422675047,270702661,0,46.96,0
2024-01-20 08:20:00,430777065,270096135,4,47.86,0
2024-01-20 08:25:00,434423632,259123374,2,48.27,0
2024-01-20 08:30:00,426504231,263058629,4,47.39,0
2024-01-20 08:35:00,411074861,242712552,3,45.67,0
2024-01-20 08:40:00,440906165,264883268,4,48.99,0
2024-01-20 08:45:00,462110584,273652008,0,51.35,0
2024-01-20 08:50:00,435178108,268771424,4,48.35,0
2024-01-20 08:55:00,466276778,294095949,3,51.81,0
2024-01-20 09:00:00,507710995,312613079,1,56.41,0
2024-01-20 09:05:00,493828481,305516455,1,54.87,0
2024-01-20 09:10:00,509817391,315120768,5,56.65,0
2024-01-20 09:15:00,488264111,298471026,1,54.25,0
2024-01-20 09:20:00,507200862,292927656,0,56.36,0
2024-01-20 09:25:00,472692981,300625503,2,52.52,0
2024-01-20 09:30:00,477517996,304554906,3,53.06,0
2024-01-20 09:35:00,438763900,260919544,2,48.75,0
2024-01-20 09:40:00,520319400,308484660,3,57.81,0
2024-01-20 09:45:00,530359186,324339628,2,58.93,0
2024-01-20 09:50:00,491350402,300318369,2,54.59,0
2024-01-20 09:55:00,500099814,298040428,3,55.57,0
2024-01-20 10:00:00,492768854,283161056,2,54.75,0
2024-01-20 10:05:00,518067492,313897507,3,57.56,0
2024-01-20 10:10:00,535381250,326743115,3,59.49,0
2024-01-20 10:15:00,480394018,295494622,0,53.38,0
2024-01-20 10:20:00,525702639,318914511,3,58.41,0
2024-01-20 10:25:00,514141319,305773640,0,57.13,0
2024-01-20 10:30:00,523998975,324339405,2,58.22,0
2024-01-20 10:35:00,532861768,320375546,4,59.21,0
2024-01-20 10:40:00,521762180,308408077,1,57.97,0
2024-01-20 10:45:00,525191494,313308362,3,58.35,0
2024-01-20 10:50:00,524614564,297309048,0,58.29,0
2024-01-20 10:55:00,549818289,328068555,2,61.09,0
2024-01-20 11:00:00,540197397,331002803,3,60.02,0
2024-01-20 11:05:00,537533767,325918090,3,59.73,0
2024-01-20 11:10:00,508892007,320541846,4,56.54,0
2024-01-20 11:15:00,527816872,314060374,2,58.65,0
2024-01-20 11:20:00,554327243,337469477,1,61.59,0
2024-01-20 11:25:00,537960693,330703818,6,59.77,0
2024-01-20 11:30:00,551137396,354111007,2,61.24,0
2024-01-20 11:35:00,573903757,345789909,2,63.77,0
2024-01-20 11:40:00,559858848,325473437,2,62.21,0
2024-01-20 11:45:00,541349308,333288872,2,60.15,0
2024-01-20 11:50:00,529551789,336388347,1,58.84,0
2024-01-20 11:55:00,488871894,290097649,4,54.32,0
2024-01-20 12:00:00,536632301,330390196,1,59.63,0
2024-01-20 12:05:00,533422636,332340862,4,59.27,0
2024-01-20 12:10:00,547578897,338717993,7,60.84,0
2024-01-20 12:15:00,536408037,323100407,3,59.6,0
2024-01-20 12:20:00,532679026,312622678,3,59.19,0
2024-01-20 12:25:00,502985542,300978530,1,55.89,0
2024-01-20 12:30:00,519147410,316074450,3,57.68,0
2024-01-20 12:35:00,546739783,337126095,4,60.75,0
2024-01-20 12:40:00,570672013,345742658,3,63.41,0
2024-01-20 12:45:00,533437959,316263696,1,59.27,0
2024-01-20 12:50:00,540867263,330074154,2,60.1,0
2024-01-20 12:55:00,552171659,339903846,3,61.35,0
2024-01-20 13:00:00,515604319,313158692,2,57.29,0
2024-01-20 13:05:00,537748245,314287076,2,59.75,0
2024-01-20 13:10:00,514082266,306635299,1,57.12,0
2024-01-20 13:15:00,544559719,336214039,1,60.51,0
2024-01-20 13:20:00,528554289,303302395,0,58.73,0
2024-01-20 13:25:00,529650924,296858774,1,58.85,0
2024-01-20 13:30:00,506079115,318728298,1,56.23,0
2024-01-20 13:35:00,533815402,325403393,4,59.31,0
2024-01-20 13:40:00,559208127,341592176,0,62.13,0
2024-01-20 13:45:00,495091224,286286564,0,55.01,0
2024-01-20 13:50:00,506087419,311027732,0,56.23,0
2024-01-20 13:55:00,515046570,311780429,0,57.23,0
2024-01-20 14:00:00,523574221,298301256,2,58.17,0
2024-01-20 14:05:00,493987923,310635588,3,54.89,0
2024-01-20 14:10:00,445753341,269038837,5,49.53,0
2024-01-20 14:15:00,526736496,312081058,0,58.53,0
2024-01-20 14:20:00,511806613,303304070,0,56.87,0
2024-01-20 14:25:00,458687754,255060433,1,50.97,0
2024-01-20 14:30:00,478253425,292885421,0,53.14,0
2024-01-20 14:35:00,518535924,313740126,1,57.62,0
2024-01-20 14:40:00,512806594,305743155,2,56.98,0
2024-01-20 14:45:00,499214354,312313464,0,55.47,0
2024-01-20 14:50:00,473424312,270215997,4,52.6,0
2024-01-20 14:55:00,475027099,279048534,2,52.78,0
2024-01-20 15:00:00,467087111,271752184,1,51.9,0
2024-01-20 15:05:00,488527929,290328807,1,54.28,0
2024-01-20 15:10:00,444624801,267449581,4,49.4,0
2024-01-20 15:15:00,442127002,269576336,5,49.13,0
2024-01-20 15:20:00,474474518,281214976,1,52.72,0
2024-01-20 15:25:00,449334404,260827085,2,49.93,0
2024-01-20 15:30:00,473672090,301063323,1,52.63,0
2024-01-20 15:35:00,428484071,281206844,2,47.61,0
2024-01-20 15:40:00,436562777,263370533,1,48.51,0
2024-01-20 15:45:00,414888596,241365354,1,46.1,0
2024-01-20 15:50:00,429099159,272214037,2,47.68,0
2024-01-20 15:55:00,394934643,222493214,2,43.88,0
2024-01-20 16:00:00,410247331,242800665,1,45.58,0
2024-01-20 16:05:00,386712227,225066165,2,42.97,0
2024-01-20 16:10:00,424698131,243223523,4,47.19,0
2024-01-20 16:15:00,420481072,249488401,3,46.72,0
2024-01-20 16:20:00,366823128,211452156,0,40.76,0
2024-01-20 16:25:00,423336920,254128696,2,47.04,0
2024-01-20 16:30:00,441792326,265347167,0,49.09,0
2024-01-20 16:35:00,387905256,226529836,2,43.1,0
2024-01-20 16:40:00,369262549,217852395,0,41.03,0
2024-01-20 16:45:00,433632083,257870760,2,48.18,0
2024-01-20 16:50:00,345790021,215572473,4,38.42,0
2024-01-20 16:55:00,367561092,219052361,3,40.84,0
2024-01-20 17:00:00,365709016,227672427,3,40.63,0
2024-01-20 17:05:00,383947566,236226669,1,42.66,0
2024-01-20 17:10:00,359140286,221199479,2,39.9,0
2024-01-20 17:15:00,336848999,215987859,3,37.43,0
2024-01-20 17:20:00,322651875,182397216,5,35.85,0
2024-01-20 17:25:00,329673176,193072074,0,36.63,0
2024-01-20 17:30:00,311187738,204345631,1,34.58,0
2024-01-20 17:35:00,327084556,193677568,1,36.34,0
2024-01-20 17:40:00,309633454,157628835,2,34.4,0
2024-01-20 17:45:00,285815995,169459913,2,31.76,0
2024-01-20 17:50:00,335571568,202692336,2,37.29,0
2024-01-20 17:55:00,295282121,150998141,4,32.81,0
2024-01-20 18:00:00,274637263,178121714,0,30.52,0
2024-01-20 18:05:00,291399244,167702422,1,32.38,0
2024-01-20 18:10:00,290898778,177824898,0,32.32,0
2024-01-20 18:15:00,249373914,147364533,1,27.71,0
2024-01-20 18:20:00,285715575,158545830,4,31.75,0
2024-01-20 18:25:00,252928798,141052197,1,28.1,0
2024-01-20 18:30:00,302894290,172385745,0,33.65,0
2024-01-20 18:35:00,273969597,175238477,5,30.44,0
2024-01-20 18:40:00,250326437,148720480,3,27.81,0
2024-01-20 18:45:00,238274967,137746325,2,26.47,0
2024-01-20 18:50:00,245955138,138226993,2,27.33,0
2024-01-20 18:55:00,255211200,165088222,3,28.36,0
2024-01-20 19:00:00,237373546,157066140,2,26.37,0
2024-01-20 19:05:00,228497860,148946155,5,25.39,0
2024-01-20 19:10:00,228998013,142323181,3,25.44,0
2024-01-20 19:15:00,210777349,129364710,3,23.42,0
2024-01-20 19:20:00,211051047,114471250,2,23.45,0
2024-01-20 19:25:00,171299022,100321221,3,19.03,0
2024-01-20 19:30:00,227630500,129739698,1,25.29,0
2024-01-20 19:35:00,209316750,107334928,1,23.26,0
2024-01-20 19:40:00,183102500,120431934,3,20.34,0
2024-01-20 19:45:00,231825413,132136948,2,25.76,0
2024-01-20 19:50:00,190920662,126511816,1,21.21,0
2024-01-20 19:55:00,163839824,107121358,1,18.2,0
2024-01-20 20:00:00,197134748,123848028,1,21.9,0
2024-01-20 20:05:00,183455382,116202070,2,20.38,0
2024-01-20 20:10:00,178939693,101210677,2,19.88,0
2024-01-20 20:15:00,158148031,113467320,1,17.57,0
2024-01-20 20:20:00,171351569,103242196,3,19.04,0
2024-01-20 20:25:00,152850518,94729628,3,16.98,0
2024-01-20 20:30:00,165016086,92518888,2,18.34,0
2024-01-20 20:35:00,111679477,57696033,2,12.41,0
2024-01-20 20:40:00,137053504,87005062,2,15.23,0
2024-01-20 20:45:00,176200106,107895198,2,19.58,0
2024-01-20 20:50:00,122517001,65616676,3,13.61,0
2024-01-20 20:55:00,121960100,58791793,5,13.55,0
2024-01-20 21:00:00,121335145,60101856,2,13.48,0
2024-01-20 21:05:00,102336526,73363253,2,11.37,0
2024-01-20 21:10:00,78887823,41200156,1,8.77,0
2024-01-20 21:15:00,114946718,65578945,0,12.77,0
2024-01-20 21:20:00,118866522,85823315,2,13.21,0
2024-01-20 21:25:00,111777622,55845067,0,12.42,0
2024-01-20 21:30:00,106697627,56748627,3,11.86,0
2024-01-20 21:35:00,107314112,56700799,3,11.92,0
2024-01-20 21:40:00,123860338,90496888,2,13.76,0
2024-01-20 21:45:00,96638369,77916856,0,10.74,0
2024-01-20 21:50:00,86104401,59178273,3,9.57,0
2024-01-20 21:55:00,89198641,61353032,3,9.91,0
2024-01-20 22:00:00,103740838,56440952,3,11.53,0
2024-01-20 22:05:00,117826116,90168954,2,13.09,0
2024-01-20 22:10:00,74554525,47409677,2,8.28,0
2024-01-20 22:15:00,86729217,60568633,2,9.64,0
2024-01-20 22:20:00,89253279,52496718,0,9.92,0
2024-01-20 22:25:00,60473684,33603885,2,6.72,0
2024-01-20 22:30:00,78677255,63836775,0,8.74,0
2024-01-20 22:35:00,50000000,35397236,2,5.56,0
2024-01-20 22:40:00,50000000,44513754,2,5.56,0
2024-01-20 22:45:00,80071697,50596299,4,8.9,0
2024-01-20 22:50:00,63430436,30000000,2,7.05,0
2024-01-20 22:55:00,73633643,38346756,2,8.18,0
2024-01-20 23:00:00,67819902,41721593,2,7.54,0
2024-01-20 23:05:00,50000000,30000000,0,5.56,0
2024-01-20 23:10:00,64783872,30000000,3,7.2,0
2024-01-20 23:15:00,50000000,42014170,3,5.56,0
2024-01-20 23:20:00,91465586,49430651,2,10.16,0
2024-01-20 23:25:00,50000000,31381927,1,5.56,0
2024-01-20 23:30:00,58137527,37843852,4,6.46,0
2024-01-20 23:35:00,50000000,30000000,2,5.56,0
2024-01-20 23:40:00,72321695,57901012,1,8.04,0
2024-01-20 23:45:00,53885230,30000000,3,5.99,0
2024-01-20 23:50:00,50000000,32616252,1,5.56,0
2024-01-20 23:55:00,77121144,48733863,2,8.57,0
2024-01-21 00:00:00,60588611,35810621,1,6.73,0
2024-01-21 00:05:00,70390002,30000000,1,7.82,0
2024-01-21 00:10:00,50000000,38708175,3,5.56,0
2024-01-21 00:15:00,50000000,37435106,0,5.56,0
2024-01-21 00:20:00,63057431,31078773,1,7.01,0
2024-01-21 00:25:00,55049551,40104603,1,6.12,0
2024-01-21 00:30:00,74581926,48498232,2,8.29,0
2024-01-21 00:35:00,61195068,30000000,3,6.8,0
2024-01-21 00:40:00,67747646,32109298,2,7.53,0
2024-01-21 00:45:00,50000000,41382814,3,5.56,0
2024-01-21 00:50:00,103457697,65168780,2,11.5,0
2024-01-21 00:55:00,63593063,32512808,3,7.07,0
2024-01-21 01:00:00,82129541,40692965,1,9.13,0
2024-01-21 01:05:00,52866201,30000000,1,5.87,0
2024-01-21 01:10:00,77268129,41916082,1,8.59,0
2024-01-21 01:15:00,50000000,30000000,3,5.56,0
2024-01-21 01:20:00,83515127,32691435,3,9.28,0
2024-01-21 01:25:00,69198629,52919310,2,7.69,0
2024-01-21 01:30:00,78852722,57017970,0,8.76,0
2024-01-21 01:35:00,94284725,43838280,1,10.48,0
2024-01-21 01:40:00,57835324,36064307,2,6.43,0
2024-01-21 01:45:00,71060707,33614042,2,7.9,0
2024-01-21 01:50:00,96263885,55142659,2,10.7,0
2024-01-21 01:55:00,131550008,75482339,0,14.62,0
2024-01-21 02:00:00,89392256,49357011,3,9.93,0
2024-01-21 02:05:00,106643873,84015794,3,11.85,0
2024-01-21 02:10:00,95446623,52864717,2,10.61,0
2024-01-21 02:15:00,139292204,75492684,1,15.48,0
2024-01-21 02:20:00,68459076,33449631,4,7.61,0
2024-01-21 02:25:00,108345715,75445199,2,12.04,0
2024-01-21 02:30:00,77084317,30000000,4,8.56,0
2024-01-21 02:35:00,62696292,30000000,1,6.97,0
2024-01-21 02:40:00,122098574,87727373,2,13.57,0
2024-01-21 02:45:00,122348402,75848903,2,13.59,0
2024-01-21 02:50:00,117356700,72333240,0,13.04,0
2024-01-21 02:55:00,124508767,96026724,1,13.83,0
2024-01-21 03:00:00,192260361,117819696,2,21.36,0
2024-01-21 03:05:00,128873363,70242156,5,14.32,0
2024-01-21 03:10:00,148060837,86015731,4,16.45,0
2024-01-21 03:15:00,128769707,65907501,4,14.31,0
2024-01-21 03:20:00,151635625,103540745,2,16.85,0
2024-01-21 03:25:00,145013693,92753833,3,16.11,0
2024-01-21 03:30:00,145686887,98656273,1,16.19,0
2024-01-21 03:35:00,194463655,128808032,4,21.61,0
2024-01-21 03:40:00,185885354,107389104,3,20.65,0
2024-01-21 03:45:00,169398077,92191317,2,18.82,0
2024-01-21 03:50:00,124963855,74461182,1,13.88,0
2024-01-21 03:55:00,168274233,92236929,2,18.7,0
2024-01-21 04:00:00,234060551,142085899,4,26.01,0
2024-01-21 04:05:00,179949462,119290646,3,19.99,0
2024-01-21 04:10:00,211244684,125065414,2,23.47,0
2024-01-21 04:15:00,222689562,135113688,2,24.74,0
2024-01-21 04:20:00,202950895,120832081,1,22.55,0
2024-01-21 04:25:00,186504361,119929892,5,20.72,0
2024-01-21 04:30:00,159449729,88992013,3,17.72,0
2024-01-21 04:35:00,226698134,114054418,2,25.19,0
2024-01-21 04:40:00,201620045,125680715,2,22.4,0
2024-01-21 04:45:00,226377537,145704866,4,25.15,0
2024-01-21 04:50:00,202834201,126164263,3,22.54,0
2024-01-21 04:55:00,227536285,130119466,1,25.28,0
2024-01-21 05:00:00,238557810,131784565,2,26.51,0
2024-01-21 05:05:00,248327257,153941329,3,27.59,0
2024-01-21 05:10:00,225758048,136869618,1,25.08,0
2024-01-21 05:15:00,277116541,165011998,0,30.79,0
2024-01-21 05:20:00,246386541,166056558,0,27.38,0
2024-01-21 05:25:00,230000998,128532597,1,25.56,0
2024-01-21 05:30:00,266493245,177646317,0,29.61,0
2024-01-21 05:35:00,274559456,165053512,2,30.51,0
2024-01-21 05:40:00,282294410,151020941,1,31.37,0
2024-01-21 05:45:00,311545897,185135511,1,34.62,0
2024-01-21 05:50:00,284802370,180476382,0,31.64,0
2024-01-21 05:55:00,292372035,171772670,1,32.49,0
2024-01-21 06:00:00,277936312,152014002,1,30.88,0
2024-01-21 06:05:00,321646642,191342840,1,35.74,0
2024-01-21 06:10:00,314154834,179921176,5,34.91,0
2024-01-21 06:15:00,307296196,189295861,2,34.14,0
2024-01-21 06:20:00,282823884,177428328,2,31.42,0
2024-01-21 06:25:00,355016293,202447072,2,39.45,0
2024-01-21 06:30:00,306772686,177005571,3,34.09,0
2024-01-21 06:35:00,324684052,202376856,1,36.08,0
2024-01-21 06:40:00,348842452,200717028,1,38.76,0
2024-01-21 06:45:00,322890518,182912729,2,35.88,0
2024-01-21 06:50:00,322075311,181458275,0,35.79,0
2024-01-21 06:55:00,314565662,192259783,5,34.95,0
2024-01-21 07:00:00,376536509,229013483,2,41.84,0
2024-01-21 07:05:00,356255238,206912682,2,39.58,0
2024-01-21 07:10:00,430714793,258479730,1,47.86,0
2024-01-21 07:15:00,357258370,229626346,0,39.7,0
2024-01-21 07:20:00,363655813,208452886,4,40.41,0
2024-01-21 07:25:00,375677269,205888935,0,41.74,0
2024-01-21 07:30:00,396706716,242574785,2,44.08,0
2024-01-21 07:35:00,387255138,231249071,4,43.03,0
2024-01-21 07:40:00,413675027,241104765,3,45.96,0
2024-01-21 07:45:00,386577517,238467313,2,42.95,0
2024-01-21 07:50:00,383187832,238304951,1,42.58,0
2024-01-21 07:55:00,379473009,205601025,3,42.16,0
2024-01-21 08:00:00,375528516,218791130,3,41.73,0
2024-01-21 08:05:00,414144201,271661683,0,46.02,0
2024-01-21 08:10:00,422932299,259593429,0,46.99,0
2024-01-21 08:15:00,420708115,259185905,1,46.75,0
2024-01-21 08:20:00,462526460,289244819,2,51.39,0
2024-01-21 08:25:00,466474919,280055640,7,51.83,0
2024-01-21 08:30:00,439406683,271610851,1,48.82,0
2024-01-21 08:35:00,414343211,255786547,2,46.04,0
2024-01-21 08:40:00,442934924,271151369,2,49.21,0
2024-01-21 08:45:00,446246567,264527820,1,49.58,0
2024-01-21 08:50:00,448998950,271119959,2,49.89,0
2024-01-21 08:55:00,452008755,265321637,2,50.22,0
2024-01-21 09:00:00,456636369,274109964,0,50.74,0
2024-01-21 09:05:00,465636518,267697002,0,51.74,0
2024-01-21 09:10:00,464235738,270635203,2,51.58,0
2024-01-21 09:15:00,484608003,287941681,2,53.85,0
2024-01-21 09:20:00,491058040,285197770,0,54.56,0
2024-01-21 09:25:00,468959374,276325451,3,52.11,0
2024-01-21 09:30:00,515826108,307856405,3,57.31,0
2024-01-21 09:35:00,473945458,288389898,4,52.66,0
2024-01-21 09:40:00,464240478,288036860,2,51.58,0
2024-01-21 09:45:00,507168268,299663117,2,56.35,0
2024-01-21 09:50:00,486065784,304990516,3,54.01,0
2024-01-21 09:55:00,511604678,316348917,4,56.84,0
2024-01-21 10:00:00,459772724,280904573,1,51.09,0
2024-01-21 10:05:00,538263540,324494615,2,59.81,0
2024-01-21 10:10:00,526328468,318988289,1,58.48,0
2024-01-21 10:15:00,485239926,303014467,6,53.92,0
2024-01-21 10:20:00,487938326,304998792,1,54.22,0
2024-01-21 10:25:00,553120073,345221511,7,61.46,0
2024-01-21 10:30:00,506983489,304603362,2,56.33,0
2024-01-21 10:35:00,506998191,309748586,2,56.33,0
2024-01-21 10:40:00,480205187,301558577,5,53.36,0
2024-01-21 10:45:00,520247666,305911439,2,57.81,0
2024-01-21 10:50:00,524337675,311418436,2,58.26,0
2024-01-21 10:55:00,544721826,326993462,2,60.52,0
2024-01-21 11:00:00,503840629,311300365,3,55.98,0
2024-01-21 11:05:00,502716360,310781538,2,55.86,0
2024-01-21 11:10:00,543330294,323689535,0,60.37,0
2024-01-21 11:15:00,555523068,318227746,1,61.72,0
2024-01-21 11:20:00,504930813,305420327,2,56.1,0
2024-01-21 11:25:00,558837044,326119065,3,62.09,0
2024-01-21 11:30:00,538697603,308319200,2,59.86,0
2024-01-21 11:35:00,560409627,323607061,1,62.27,0
2024-01-21 11:40:00,537682320,325873202,3,59.74,0
2024-01-21 11:45:00,489040583,307034723,4,54.34,0
2024-01-21 11:50:00,536732225,322428280,0,59.64,0
2024-01-21 11:55:00,561145762,338801264,1,62.35,0
2024-01-21 12:00:00,522125079,325103997,1,58.01,0
2024-01-21 12:05:00,532183587,303865603,1,59.13,0
2024-01-21 12:10:00,536248903,326951106,2,59.58,0
2024-01-21 12:15:00,481495863,288781620,3,53.5,0
2024-01-21 12:20:00,572513679,349168782,4,63.61,0
2024-01-21 12:25:00,520546007,307492765,1,57.84,0
2024-01-21 12:30:00,548061475,320657512,1,60.9,0
2024-01-21 12:35:00,535472739,322688732,2,59.5,0
2024-01-21 12:40:00,561506241,353395658,1,62.39,0
2024-01-21 12:45:00,543509589,334714854,0,60.39,0
2024-01-21 12:50:00,529612556,312690606,4,58.85,0
2024-01-21 12:55:00,515251794,295741356,0,57.25,0
2024-01-21 13:00:00,547779212,311846854,2,60.86,0
2024-01-21 13:05:00,492943138,308926877,3,54.77,0
2024-01-21 13:10:00,541809876,315535103,1,60.2,0
2024-01-21 13:15:00,505282336,299914267,0,56.14,0
2024-01-21 13:20:00,550571902,343555252,3,61.17,0
2024-01-21 13:25:00,526907879,300005713,1,58.55,0
2024-01-21 13:30:00,534613563,335690782,2,59.4,0
2024-01-21 13:35:00,521314531,310252314,1,57.92,0
2024-01-21 13:40:00,482466326,277993963,3,53.61,0
2024-01-21 13:45:00,498034874,296347415,4,55.34,0
2024-01-21 13:50:00,526330386,308572264,2,58.48,0
2024-01-21 13:55:00,513747537,312656720,2,57.08,0
2024-01-21 14:00:00,531465895,312398212,3,59.05,0
2024-01-21 14:05:00,513244340,288830182,0,57.03,0
2024-01-21 14:10:00,483079909,287642320,5,53.68,0
2024-01-21 14:15:00,483631424,276613403,1,53.74,0
2024-01-21 14:20:00,498654838,301236101,3,55.41,0
2024-01-21 14:25:00,447265823,256488190,0,49.7,0
2024-01-21 14:30:00,523873639,309444055,3,58.21,0
2024-01-21 14:35:00,496007210,299430204,3,55.11,0
2024-01-21 14:40:00,508391358,302910227,3,56.49,0
2024-01-21 14:45:00,448829474,271801987,1,49.87,0
2024-01-21 14:50:00,501837864,307905590,3,55.76,0
2024-01-21 14:55:00,517997329,299219060,0,57.56,0
2024-01-21 15:00:00,443288060,265328860,1,49.25,0
2024-01-21 15:05:00,481391169,255539663,2,53.49,0
2024-01-21 15:10:00,462163848,279771642,2,51.35,0
2024-01-21 15:15:00,427354318,253404449,1,47.48,0
2024-01-21 15:20:00,464126705,268641525,1,51.57,0
2024-01-21 15:25:00,466893697,283293412,2,51.88,0
2024-01-21 15:30:00,434080211,272175102,1,48.23,0
2024-01-21 15:35:00,465232646,274379410,2,51.69,0
2024-01-21 15:40:00,404323076,233145701,2,44.92,0
2024-01-21 15:45:00,403441732,243715292,2,44.83,0
2024-01-21 15:50:00,431683853,245654245,1,47.96,0
2024-01-21 15:55:00,425013287,248404158,2,47.22,0
2024-01-21 16:00:00,405668530,255625139,0,45.07,0
2024-01-21 16:05:00,431629193,259599308,1,47.96,0
2024-01-21 16:10:00,421437553,234067862,1,46.83,0
2024-01-21 16:15:00,423312067,236017323,6,47.03,0
2024-01-21 16:20:00,398965654,241000249,1,44.33,0
2024-01-21 16:25:00,408710810,253850392,1,45.41,0
2024-01-21 16:30:00,382931017,213582396,1,42.55,0
2024-01-21 16:35:00,428061502,261334027,7,47.56,0
2024-01-21 16:40:00,365833918,232803786,1,40.65,0
2024-01-21 16:45:00,419251420,270429442,1,46.58,0
2024-01-21 16:50:00,372867150,227032518,2,41.43,0
2024-01-21 16:55:00,339648745,208857273,2,37.74,0
2024-01-21 17:00:00,389478157,212355050,3,43.28,0
2024-01-21 17:05:00,359562641,236735110,2,39.95,0
2024-01-21 17:10:00,368967989,215625891,2,41.0,0
2024-01-21 17:15:00,371298795,213444565,2,41.26,0
2024-01-21 17:20:00,348434673,206508742,2,38.71,0
2024-01-21 17:25:00,324664795,209915611,0,36.07,0
2024-01-21 17:30:00,350840553,232584792,2,38.98,0
2024-01-21 17:35:00,326143160,196939982,2,36.24,0
2024-01-21 17:40:00,334634534,210761562,2,37.18,0
2024-01-21 17:45:00,272622139,164005324,2,30.29,0
2024-01-21 17:50:00,319408287,181267017,3,35.49,0
2024-01-21 17:55:00,292463855,190245750,2,32.5,0
2024-01-21 18:00:00,333066192,193618440,2,37.01,0
2024-01-21 18:05:00,307226174,199691012,1,34.14,0
2024-01-21 18:10:00,294328501,189582514,1,32.7,0
2024-01-21 18:15:00,294029448,182558031,1,32.67,0
2024-01-21 18:20:00,259113804,173758030,1,28.79,0
2024-01-21 18:25:00,306337083,206125710,1,34.04,0
2024-01-21 18:30:00,308501122,183348239,3,34.28,0
2024-01-21 18:35:00,271348657,154721253,1,30.15,0
2024-01-21 18:40:00,290132508,155436806,2,32.24,0
2024-01-21 18:45:00,241795358,167524037,1,26.87,0
2024-01-21 18:50:00,232112221,134870512,0,25.79,0
2024-01-21 18:55:00,243773880,157614697,0,27.09,0
2024-01-21 19:00:00,246582249,140536796,1,27.4,0
2024-01-21 19:05:00,224961303,150359438,5,25.0,0
2024-01-21 19:10:00,238585971,136150407,4,26.51,0
2024-01-21 19:15:00,228982317,125472199,3,25.44,0
2024-01-21 19:20:00,197949030,116684353,2,21.99,0
2024-01-21 19:25:00,223390731,128716681,2,24.82,0
2024-01-21 19:30:00,225426541,141218922,0,25.05,0
2024-01-21 19:35:00,206770180,123548159,0,22.97,0
2024-01-21 19:40:00,221624579,139251771,0,24.62,0
2024-01-21 19:45:00,169502638,98791368,4,18.83,0
2024-01-21 19:50:00,198539341,112472531,2,22.06,0
2024-01-21 19:55:00,161157081,90858643,1,17.91,0
2024-01-21 20:00:00,157718372,115080411,2,17.52,0
2024-01-21 20:05:00,162875801,99977190,1,18.1,0
2024-01-21 20:10:00,152206890,71486512,2,16.91,0
2024-01-21 20:15:00,155703227,88219846,3,17.3,0
2024-01-21 20:20:00,158058649,95803849,0,17.56,0
2024-01-21 20:25:00,174828774,123351261,5,19.43,0
2024-01-21 20:30:00,147474076,98771432,1,16.39,0
2024-01-21 20:35:00,118065852,61622333,5,13.12,0
2024-01-21 20:40:00,168532330,125302955,2,18.73,0
2024-01-21 20:45:00,125015201,74697517,2,13.89,0
2024-01-21 20:50:00,136683941,94473663,1,15.19,0
2024-01-21 20:55:00,142967596,74230473,1,15.89,0
2024-01-21 21:00:00,134286580,56590317,2,14.92,0
2024-01-21 21:05:00,148516240,75025429,2,16.5,0
2024-01-21 21:10:00,132633502,47076766,2,14.74,0
2024-01-21 21:15:00,102332254,82520246,2,11.37,0
2024-01-21 21:20:00,159720577,97977675,0,17.75,0
2024-01-21 21:25:00,116714393,60782195,3,12.97,0
2024-01-21 21:30:00,106648393,68515276,1,11.85,0
2024-01-21 21:35:00,125731803,77332422,1,13.97,0
2024-01-21 21:40:00,108392528,71244850,0,12.04,0
2024-01-21 21:45:00,108431856,77154428,1,12.05,0
2024-01-21 21:50:00,147429732,85558628,3,16.38,0
2024-01-21 21:55:00,89318722,44792840,3,9.92,0
2024-01-21 22:00:00,85798685,59756963,3,9.53,0
2024-01-21 22:05:00,91917148,63173617,2,10.21,0
2024-01-21 22:10:00,108547718,66135989,0,12.06,0
2024-01-21 22:15:00,54619861,54547458,1,6.07,0
2024-01-21 22:20:00,50000000,30000000,1,5.56,0
2024-01-21 22:25:00,68582939,32151184,2,7.62,0
2024-01-21 22:30:00,50000000,34180914,4,5.56,0
2024-01-21 22:35:00,67821484,33943512,2,7.54,0
2024-01-21 22:40:00,84523764,55669424,0,9.39,0
2024-01-21 22:45:00,54921791,30000000,1,6.1,0
2024-01-21 22:50:00,50000000,30000000,3,5.56,0
2024-01-21 22:55:00,70974778,61493271,1,7.89,0
2024-01-21 23:00:00,85428671,47201329,2,9.49,0
2024-01-21 23:05:00,50000000,30000000,2,5.56,0
2024-01-21 23:10:00,82093606,60962951,3,9.12,0
2024-01-21 23:15:00,80957656,38064174,3,9.0,0
2024-01-21 23:20:00,82727841,42707272,2,9.19,0
2024-01-21 23:25:00,87162841,58063316,0,9.68,0
2024-01-21 23:30:00,106093511,73040221,3,11.79,0
2024-01-21 23:35:00,54304637,44787546,2,6.03,0
2024-01-21 23:40:00,63104704,30390604,1,7.01,0
2024-01-21 23:45:00,52185089,37271140,3,5.8,0
2024-01-21 23:50:00,60267963,31499696,1,6.7,0
2024-01-21 23:55:00,90714580,48372192,2,10.08,0
2024-01-22 00:00:00,50000000,42032127,4,5.56,0
2024-01-22 00:05:00,50000000,30000000,5,5.56,0
2024-01-22 00:10:00,87772045,55445273,4,9.75,0
2024-01-22 00:15:00,80914588,50104547,3,8.99,0
2024-01-22 00:20:00,53650639,30000000,3,5.96,0
2024-01-22 00:25:00,78514518,56769639,0,8.72,0
2024-01-22 00:30:00,68877550,46929339,2,7.65,0
2024-01-22 00:35:00,92798729,35816331,1,10.31,0
2024-01-22 00:40:00,65136331,41856009,1,7.24,0
2024-01-22 00:45:00,85124174,43344770,2,9.46,0
2024-01-22 00:50:00,118529196,82088270,4,13.17,0
2024-01-22 00:55:00,78839886,32849933,3,8.76,0
2024-01-22 01:00:00,69164365,37933849,3,7.68,0
2024-01-22 01:05:00,84036974,54042430,0,9.34,0
2024-01-22 01:10:00,63802314,38824791,2,7.09,0
2024-01-22 01:15:00,120496123,79927256,3,13.39,0
2024-01-22 01:20:00,78075191,31660895,2,8.68,0
2024-01-22 01:25:00,70859444,59034810,3,7.87,0
2024-01-22 01:30:00,61555132,42184525,0,6.84,0
2024-01-22 01:35:00,102269648,74958971,3,11.36,0
2024-01-22 01:40:00,99829879,68640329,5,11.09,0
2024-01-22 01:45:00,74803454,44765971,1,8.31,0
2024-01-22 01:50:00,98646426,46345874,4,10.96,0
2024-01-22 01:55:00,59414459,30013143,1,6.6,0
2024-01-22 02:00:00,95853314,73407622,4,10.65,0
2024-01-22 02:05:00,103876278,76180144,0,11.54,0
2024-01-22 02:10:00,131732649,72843589,3,14.64,0
2024-01-22 02:15:00,85030916,30000000,2,9.45,0
2024-01-22 02:20:00,77836456,44574976,3,8.65,0
2024-01-22 02:25:00,88544735,50249812,4,9.84,0
2024-01-22 02:30:00,82863828,47220570,1,9.21,0
2024-01-22 02:35:00,139560871,89021914,0,15.51,0
2024-01-22 02:40:00,147122119,97035397,1,16.35,0
2024-01-22 02:45:00,125962777,85480662,3,14.0,0
2024-01-22 02:50:00,147479338,92944694,1,16.39,0
2024-01-22 02:55:00,129311816,59579383,1,14.37,0
2024-01-22 03:00:00,128392139,73623286,1,14.27,0
2024-01-22 03:05:00,127376114,99466566,1,14.15,0
2024-01-22 03:10:00,131650530,82732485,3,14.63,0
2024-01-22 03:15:00,110800973,70158779,2,12.31,0
2024-01-22 03:20:00,151016068,94204500,4,16.78,0
2024-01-22 03:25:00,148971688,93536809,2,16.55,0
2024-01-22 03:30:00,168804471,77451561,4,18.76,0
2024-01-22 03:35:00,159956154,93578449,0,17.77,0
2024-01-22 03:40:00,159087581,95073620,1,17.68,0
2024-01-22 03:45:00,149239283,102358524,5,16.58,0
2024-01-22 03:50:00,172491158,103971424,2,19.17,0
2024-01-22 03:55:00,190259162,97690383,1,21.14,0
2024-01-22 04:00:00,157133220,98580823,1,17.46,0
2024-01-22 04:05:00,186312170,103749055,4,20.7,0
2024-01-22 04:10:00,193841191,104136858,1,21.54,0
2024-01-22 04:15:00,179489418,99352060,1,19.94,0
2024-01-22 04:20:00,186814491,117513736,1,20.76,0
2024-01-22 04:25:00,207953011,137359419,0,23.11,0
2024-01-22 04:30:00,185487555,116121832,3,20.61,0
2024-01-22 04:35:00,220013345,138328239,4,24.45,0
2024-01-22 04:40:00,200008078,124735299,0,22.22,0
2024-01-22 04:45:00,244111602,147480233,3,27.12,0
2024-01-22 04:50:00,274587163,171721604,4,30.51,0
2024-01-22 04:55:00,215625900,105187785,3,23.96,0
2024-01-22 05:00:00,248567586,150251435,1,27.62,0
2024-01-22 05:05:00,228420547,126603078,2,25.38,0
2024-01-22 05:10:00,268873576,172953171,3,29.87,0
2024-01-22 05:15:00,227873154,135252339,0,25.32,0
2024-01-22 05:20:00,267936172,161071184,3,29.77,0
2024-01-22 05:25:00,246030607,132567646,0,27.34,0
2024-01-22 05:30:00,264534022,168888722,1,29.39,0
2024-01-22 05:35:00,253251444,158224147,4,28.14,0
2024-01-22 05:40:00,295529631,182887257,1,32.84,0
2024-01-22 05:45:00,267563641,152407956,0,29.73,0
2024-01-22 05:50:00,300570632,172605980,2,33.4,0
2024-01-22 05:55:00,287882467,174965474,3,31.99,0
2024-01-22 06:00:00,297710552,171681347,4,33.08,0
2024-01-22 06:05:00,308190690,189263343,1,34.24,0
2024-01-22 06:10:00,295232159,155530169,0,32.8,0
2024-01-22 06:15:00,319904093,187067010,2,35.54,0
2024-01-22 06:20:00,351524069,228881976,0,39.06,0
2024-01-22 06:25:00,310566154,190734550,2,34.51,0
2024-01-22 06:30:00,354762488,214525430,3,39.42,0
2024-01-22 06:35:00,366471565,239735204,6,40.72,0
2024-01-22 06:40:00,325352462,171851941,2,36.15,0
2024-01-22 06:45:00,317720585,182479239,3,35.3,0
2024-01-22 06:50:00,357984725,210779103,0,39.78,0
2024-01-22 06:55:00,346096463,216241390,6,38.46,0
2024-01-22 07:00:00,399488635,248449744,1,44.39,0
2024-01-22 07:05:00,367855114,212053001,5,40.87,0
2024-01-22 07:10:00,356125403,223654785,2,39.57,0
2024-01-22 07:15:00,354202281,208488221,4,39.36,0
2024-01-22 07:20:00,403882933,254446156,3,44.88,0
2024-01-22 07:25:00,375561449,215010442,0,41.73,0
2024-01-22 07:30:00,392720599,234399243,2,43.64,0
2024-01-22 07:35:00,415775260,244563483,6,46.2,0
2024-01-22 07:40:00,391743215,245606233,1,43.53,0
2024-01-22 07:45:00,405230709,237910613,4,45.03,0
2024-01-22 07:50:00,410488298,245868494,2,45.61,0
2024-01-22 07:55:00,429103794,262530390,2,47.68,0
2024-01-22 08:00:00,21590744,13227075,1,2.0,1
2024-01-22 08:05:00,21005165,13046575,1,2.0,1
2024-01-22 08:10:00,21511244,13012309,2,2.0,1
2024-01-22 08:15:00,21295063,12567913,4,2.0,1
2024-01-22 08:20:00,20405304,12068333,2,2.0,1
2024-01-22 08:25:00,22353316,13424826,2,2.0,1
2024-01-22 08:30:00,24197328,14643193,0,2.0,1
2024-01-22 08:35:00,21627362,12902831,3,2.0,1
2024-01-22 08:40:00,21940421,13173854,2,2.0,1
2024-01-22 08:45:00,22041422,12466226,2,2.0,1
2024-01-22 08:50:00,23831674,14632682,7,2.0,1
2024-01-22 08:55:00,23746642,14338541,4,2.0,1
2024-01-22 09:00:00,23326743,14496981,3,2.0,1
2024-01-22 09:05:00,22750348,13650289,3,2.0,1
2024-01-22 09:10:00,23939704,13494624,1,2.0,1
2024-01-22 09:15:00,22457455,13295250,0,2.0,1
2024-01-22 09:20:00,24335959,14501610,0,2.0,1
2024-01-22 09:25:00,25230138,15509534,0,2.0,1
2024-01-22 09:30:00,23269040,12926287,2,2.0,1
2024-01-22 09:35:00,23144816,13907479,2,2.0,1
2024-01-22 09:40:00,26409262,16102395,2,2.0,1
2024-01-22 09:45:00,24365875,14288781,2,2.0,1
2024-01-22 09:50:00,26256645,15791301,4,2.0,1
2024-01-22 09:55:00,25104944,14749448,2,2.0,1
2024-01-22 10:00:00,25230350,14773423,4,2.0,1
2024-01-22 10:05:00,25959133,15371270,0,2.0,1
2024-01-22 10:10:00,24760131,14500732,3,2.0,1
2024-01-22 10:15:00,25894970,15878791,1,2.0,1
2024-01-22 10:20:00,25494204,14929046,2,2.0,1
2024-01-22 10:25:00,24663244,14346491,4,2.0,1
2024-01-22 10:30:00,26424036,16738386,5,2.0,1
2024-01-22 10:35:00,25920786,16032841,6,2.0,1
2024-01-22 10:40:00,26119286,14740815,5,2.0,1
2024-01-22 10:45:00,25153000,14709416,2,2.0,1
2024-01-22 10:50:00,28036003,16942833,2,2.0,1
2024-01-22 10:55:00,27397312,16600264,0,2.0,1
2024-01-22 11:00:00,551105315,315758260,7,61.23,0
2024-01-22 11:05:00,527013202,327793576,2,58.56,0
2024-01-22 11:10:00,499727383,308088674,4,55.53,0
2024-01-22 11:15:00,574446814,349487105,2,63.83,0
2024-01-22 11:20:00,535131910,334646431,3,59.46,0
2024-01-22 11:25:00,522230766,317861359,3,58.03,0
2024-01-22 11:30:00,546282798,332255487,2,60.7,0
2024-01-22 11:35:00,561915936,352726354,3,62.44,0
2024-01-22 11:40:00,538625716,334187625,1,59.85,0
2024-01-22 11:45:00,565057644,330619512,1,62.78,0
2024-01-22 11:50:00,561431571,343190894,0,62.38,0
2024-01-22 11:55:00,518415262,304406479,2,57.6,0
2024-01-22 12:00:00,526524197,320956064,0,58.5,0
2024-01-22 12:05:00,559093629,340222312,0,62.12,0
2024-01-22 12:10:00,485519321,277476920,1,53.95,0
2024-01-22 12:15:00,536497027,320679760,2,59.61,0
2024-01-22 12:20:00,510470103,308934632,2,56.72,0
2024-01-22 12:25:00,529042445,313062565,3,58.78,0
2024-01-22 12:30:00,531970364,322329318,1,59.11,0
2024-01-22 12:35:00,530041874,326084102,2,58.89,0
2024-01-22 12:40:00,525308635,314879250,1,58.37,0
2024-01-22 12:45:00,513445594,310313351,2,57.05,0
2024-01-22 12:50:00,580149267,361923801,2,64.46,0
2024-01-22 12:55:00,570471336,347014767,3,63.39,0
2024-01-22 13:00:00,508580881,307156772,0,56.51,0
2024-01-22 13:05:00,562054300,327651786,2,62.45,0
2024-01-22 13:10:00,520902758,319251915,1,57.88,0
2024-01-22 13:15:00,529846980,321209687,2,58.87,0
2024-01-22 13:20:00,524260749,327393844,2,58.25,0
2024-01-22 13:25:00,510486915,306760934,2,56.72,0
2024-01-22 13:30:00,541408134,306682215,2,60.16,0
2024-01-22 13:35:00,522192485,296314282,0,58.02,0
2024-01-22 13:40:00,507982840,312146511,3,56.44,0
2024-01-22 13:45:00,489157669,287792665,0,54.35,0
2024-01-22 13:50:00,495010699,301374097,1,55.0,0
2024-01-22 13:55:00,477586819,287694417,2,53.07,0
2024-01-22 14:00:00,508090567,303185944,1,56.45,0
2024-01-22 14:05:00,481245537,287783709,1,53.47,0
2024-01-22 14:10:00,497102736,289607746,2,55.23,0
2024-01-22 14:15:00,526954744,316015069,1,58.55,0
2024-01-22 14:20:00,520582482,306504554,2,57.84,0
2024-01-22 14:25:00,492901167,292018135,1,54.77,0
2024-01-22 14:30:00,488663107,289961373,1,54.3,0
2024-01-22 14:35:00,524769766,312594927,1,58.31,0
2024-01-22 14:40:00,494265788,305781207,2,54.92,0
2024-01-22 14:45:00,473885424,283033346,2,52.65,0
2024-01-22 14:50:00,448426198,279292742,0,49.83,0
2024-01-22 14:55:00,481244815,304125438,1,53.47,0
2024-01-22 15:00:00,486292102,300324708,0,54.03,0
2024-01-22 15:05:00,453330102,277342747,2,50.37,0
2024-01-22 15:10:00,467965704,284047745,4,52.0,0
2024-01-22 15:15:00,450971529,279236504,1,50.11,0
2024-01-22 15:20:00,450588378,271246634,0,50.07,0
2024-01-22 15:25:00,400465192,250124813,2,44.5,0
2024-01-22 15:30:00,441667114,271141326,2,49.07,0
2024-01-22 15:35:00,461301701,273182616,1,51.26,0
2024-01-22 15:40:00,425030293,263976684,3,47.23,0
2024-01-22 15:45:00,434387383,261547230,4,48.27,0
2024-01-22 15:50:00,413832891,247238415,1,45.98,0
2024-01-22 15:55:00,431714415,254266657,2,47.97,0
2024-01-22 16:00:00,415669536,251061910,4,46.19,0
2024-01-22 16:05:00,396652473,247956110,1,44.07,0
2024-01-22 16:10:00,437470696,271371817,2,48.61,0
2024-01-22 16:15:00,424727925,258370693,1,47.19,0
2024-01-22 16:20:00,389330247,239594584,5,43.26,0
2024-01-22 16:25:00,406614971,256685950,4,45.18,0
2024-01-22 16:30:00,402592263,240055695,2,44.73,0
2024-01-22 16:35:00,399831153,228744492,1,44.43,0
2024-01-22 16:40:00,348199716,221931128,3,38.69,0
2024-01-22 16:45:00,397277602,233068778,1,44.14,0
2024-01-22 16:50:00,360775412,209561866,0,40.09,0
2024-01-22 16:55:00,360002404,198039465,2,40.0,0
2024-01-22 17:00:00,414874205,254637354,1,46.1,0
2024-01-22 17:05:00,363082081,201634722,2,40.34,0
2024-01-22 17:10:00,344219057,199028846,5,38.25,0
2024-01-22 17:15:00,302715789,187511841,2,33.64,0
2024-01-22 17:20:00,369470845,228901719,2,41.05,0
2024-01-22 17:25:00,309605419,179246210,0,34.4,0
2024-01-22 17:30:00,311257508,185412971,2,34.58,0
2024-01-22 17:35:00,319501003,182974657,1,35.5,0
2024-01-22 17:40:00,349245614,204063400,2,38.81,0
2024-01-22 17:45:00,331161550,201359083,4,36.8,0
2024-01-22 17:50:00,307311902,179370674,3,34.15,0
2024-01-22 17:55:00,311401413,184398697,1,34.6,0
2024-01-22 18:00:00,287992286,158148304,1,32.0,0
2024-01-22 18:05:00,297557501,189864062,3,33.06,0
2024-01-22 18:10:00,290998081,179699515,1,32.33,0
2024-01-22 18:15:00,303678646,190136241,0,33.74,0
2024-01-22 18:20:00,298426184,191959963,1,33.16,0
2024-01-22 18:25:00,283751497,161998769,1,31.53,0
2024-01-22 18:30:00,261426762,153272112,3,29.05,0
2024-01-22 18:35:00,278326833,148047756,1,30.93,0
2024-01-22 18:40:00,256485068,185295269,2,28.5,0
2024-01-22 18:45:00,231540035,137428168,4,25.73,0
2024-01-22 18:50:00,239988736,154380521,5,26.67,0
2024-01-22 18:55:00,244645925,134405943,4,27.18,0
2024-01-22 19:00:00,256087744,163616531,1,28.45,0
2024-01-22 19:05:00,229170473,156078192,1,25.46,0
2024-01-22 19:10:00,203646633,121585172,5,22.63,0
2024-01-22 19:15:00,223989361,124284802,2,24.89,0
2024-01-22 19:20:00,220184286,130722607,2,24.46,0
2024-01-22 19:25:00,216731623,107771358,1,24.08,0
2024-01-22 19:30:00,226553406,135553176,1,25.17,0
2024-01-22 19:35:00,223719259,142441226,1,24.86,0
2024-01-22 19:40:00,186687399,111654863,3,20.74,0
2024-01-22 19:45:00,181527845,106075311,1,20.17,0
2024-01-22 19:50:00,168376358,106301496,2,18.71,0
2024-01-22 19:55:00,198539008,125163653,1,22.06,0
2024-01-22 20:00:00,208976402,108786785,0,23.22,0
2024-01-22 20:05:00,169192779,102403897,3,18.8,0
2024-01-22 20:10:00,166219482,124091540,2,18.47,0
2024-01-22 20:15:00,195998795,104249114,2,21.78,0
2024-01-22 20:20:00,172452812,102617499,1,19.16,0
2024-01-22 20:25:00,166810398,119503700,0,18.53,0
2024-01-22 20:30:00,130078926,89089107,3,14.45,0
2024-01-22 20:35:00,163352928,92877790,3,18.15,0
2024-01-22 20:40:00,127148246,78350301,0,14.13,0
2024-01-22 20:45:00,119076600,71424843,2,13.23,0
2024-01-22 20:50:00,130922918,71073033,1,14.55,0
2024-01-22 20:55:00,122321012,72650086,2,13.59,0
2024-01-22 21:00:00,125862378,72717765,2,13.98,0
2024-01-22 21:05:00,97813016,59815299,3,10.87,0
2024-01-22 21:10:00,142229765,77854027,0,15.8,0
2024-01-22 21:15:00,142112172,72501121,2,15.79,0
2024-01-22 21:20:00,77202484,45908682,1,8.58,0
2024-01-22 21:25:00,132396880,96589310,3,14.71,0
2024-01-22 21:30:00,93384625,56852804,2,10.38,0
2024-01-22 21:35:00,123592805,70839745,2,13.73,0
2024-01-22 21:40:00,102034579,68761605,3,11.34,0
2024-01-22 21:45:00,101022804,59030486,1,11.22,0
2024-01-22 21:50:00,93884100,75010789,1,10.43,0
2024-01-22 21:55:00,119063735,71399115,3,13.23,0
2024-01-22 22:00:00,67362142,47422256,2,7.48,0
2024-01-22 22:05:00,101742385,53499387,1,11.3,0
2024-01-22 22:10:00,109144003,70517294,2,12.13,0
2024-01-22 22:15:00,99077343,62197340,2,11.01,0
2024-01-22 22:20:00,128980109,76823004,3,14.33,0
2024-01-22 22:25:00,69746309,36830208,1,7.75,0
2024-01-22 22:30:00,97415008,52068703,3,10.82,0
2024-01-22 22:35:00,74196298,47341305,0,8.24,0
2024-01-22 22:40:00,99141892,65774526,2,11.02,0
2024-01-22 22:45:00,72582989,42278165,6,8.06,0
2024-01-22 22:50:00,63350416,40882929,1,7.04,0
2024-01-22 22:55:00,95709479,57046540,1,10.63,0
2024-01-22 23:00:00,58346562,35993197,1,6.48,0
2024-01-22 23:05:00,50000000,30000000,2,5.56,0
2024-01-22 23:10:00,55352020,33390938,3,6.15,0
2024-01-22 23:15:00,76992191,73175719,0,8.55,0
2024-01-22 23:20:00,91486914,58008491,2,10.17,0
2024-01-22 23:25:00,65015824,45462464,2,7.22,0
2024-01-22 23:30:00,88417174,57430540,2,9.82,0
2024-01-22 23:35:00,50000000,30000000,3,5.56,0
2024-01-22 23:40:00,52048003,44168694,2,5.78,0
2024-01-22 23:45:00,54742356,30000000,3,6.08,0
2024-01-22 23:50:00,57937238,45312888,2,6.44,0
2024-01-22 23:55:00,61739001,33701330,3,6.86,0
2024-01-23 00:00:00,73818219,34691206,2,8.2,0
2024-01-23 00:05:00,51160976,34350548,2,5.68,0
2024-01-23 00:10:00,63009000,30000000,4,7.0,0
2024-01-23 00:15:00,59611400,41123242,2,6.62,0
2024-01-23 00:20:00,50000000,30000000,0,5.56,0
2024-01-23 00:25:00,59153145,32301806,2,6.57,0
2024-01-23 00:30:00,59180042,30000000,3,6.58,0
2024-01-23 00:35:00,59491626,63936645,2,6.61,0
2024-01-23 00:40:00,64281328,30000000,2,7.14,0
2024-01-23 00:45:00,66125003,39773139,1,7.35,0
2024-01-23 00:50:00,57043054,45658875,4,6.34,0
2024-01-23 00:55:00,92332197,65763177,1,10.26,0
2024-01-23 01:00:00,50000000,38513421,1,5.56,0
2024-01-23 01:05:00,55168632,30000000,0,6.13,0
2024-01-23 01:10:00,126707204,89535212,1,14.08,0
2024-01-23 01:15:00,51976941,40320076,0,5.78,0
2024-01-23 01:20:00,50000000,32122996,3,5.56,0
2024-01-23 01:25:00,91007646,57010395,6,10.11,0
2024-01-23 01:30:00,50000000,30000000,0,5.56,0
2024-01-23 01:35:00,75619766,36275339,2,8.4,0
2024-01-23 01:40:00,125402629,87613087,2,13.93,0
2024-01-23 01:45:00,53851823,45433174,6,5.98,0
2024-01-23 01:50:00,50000000,30000000,4,5.56,0
2024-01-23 01:55:00,59601954,34223321,0,6.62,0
2024-01-23 02:00:00,110121094,64638424,2,12.24,0
2024-01-23 02:05:00,117316685,70063452,0,13.04,0
2024-01-23 02:10:00,87334277,53043515,3,9.7,0
2024-01-23 02:15:00,114111541,77935539,2,12.68,0
2024-01-23 02:20:00,131208615,71252996,2,14.58,0
2024-01-23 02:25:00,142200223,76856664,2,15.8,0
2024-01-23 02:30:00,104668492,75167293,3,11.63,0
2024-01-23 02:35:00,66798289,35452526,5,7.42,0
2024-01-23 02:40:00,99731755,47208699,3,11.08,0
2024-01-23 02:45:00,111022362,61762117,4,12.34,0
2024-01-23 02:50:00,117874663,67424270,2,13.1,0
2024-01-23 02:55:00,122875461,89274903,2,13.65,0
2024-01-23 03:00:00,152672264,100851620,2,16.96,0
2024-01-23 03:05:00,159525435,107190467,2,17.73,0
2024-01-23 03:10:00,134424877,88854662,1,14.94,0
2024-01-23 03:15:00,163726701,107698457,2,18.19,0
2024-01-23 03:20:00,152884201,84849699,4,16.99,0
2024-01-23 03:25:00,151068486,88655070,2,16.79,0
2024-01-23 03:30:00,172028140,93317730,0,19.11,0
2024-01-23 03:35:00,159530725,93613554,0,17.73,0
2024-01-23 03:40:00,203497878,128939777,2,22.61,0
2024-01-23 03:45:00,137894920,84082785,1,15.32,0
2024-01-23 03:50:00,160744676,109561613,0,17.86,0
2024-01-23 03:55:00,172964040,92364266,2,19.22,0
2024-01-23 04:00:00,188789053,118275815,2,20.98,0
2024-01-23 04:05:00,209921905,113470115,2,23.32,0
2024-01-23 04:10:00,188692361,114157181,5,20.97,0
2024-01-23 04:15:00,165406121,106647007,3,18.38,0
2024-01-23 04:20:00,215421895,127108111,1,23.94,0
2024-01-23 04:25:00,218439969,136575247,2,24.27,0
2024-01-23 04:30:00,169318803,91993958,1,18.81,0
2024-01-23 04:35:00,212938788,111126373,1,23.66,0
2024-01-23 04:40:00,186112328,117237693,2,20.68,0
2024-01-23 04:45:00,209561506,143177006,1,23.28,0
2024-01-23 04:50:00,209774429,115904208,3,23.31,0
2024-01-23 04:55:00,249026330,161637740,1,27.67,0
2024-01-23 05:00:00,240220032,144566253,1,26.69,0
2024-01-23 05:05:00,217243565,116989224,2,24.14,0
2024-01-23 05:10:00,265655811,148078434,4,29.52,0
2024-01-23 05:15:00,224502206,134859171,1,24.94,0
2024-01-23 05:20:00,264926713,154911405,3,29.44,0
2024-01-23 05:25:00,247210173,135196974,2,27.47,0
2024-01-23 05:30:00,261360172,139875710,2,29.04,0
2024-01-23 05:35:00,283957364,161907225,4,31.55,0
2024-01-23 05:40:00,289511609,175645055,4,32.17,0
2024-01-23 05:45:00,311042630,186561570,2,34.56,0
2024-01-23 05:50:00,287886273,167719384,0,31.99,0
2024-01-23 05:55:00,300893444,182554938,2,33.43,0
2024-01-23 06:00:00,291245253,185147419,2,32.36,0
2024-01-23 06:05:00,308875370,189266487,2,34.32,0
2024-01-23 06:10:00,319258373,190341937,1,35.47,0
2024-01-23 06:15:00,313730554,197519052,0,34.86,0
2024-01-23 06:20:00,284842368,161306918,1,31.65,0
2024-01-23 06:25:00,332757467,197405285,2,36.97,0
2024-01-23 06:30:00,338617515,201159630,3,37.62,0
2024-01-23 06:35:00,322906143,181374153,2,35.88,0
2024-01-23 06:40:00,315987821,185393951,0,35.11,0
2024-01-23 06:45:00,376339260,205053959,1,41.82,0
2024-01-23 06:50:00,361774417,236186431,3,40.2,0
2024-01-23 06:55:00,352462993,202103658,1,39.16,0
2024-01-23 07:00:00,339375913,219486689,3,37.71,0
2024-01-23 07:05:00,350722666,210814445,0,38.97,0
2024-01-23 07:10:00,398221199,244581361,3,44.25,0
2024-01-23 07:15:00,379898710,223051228,1,42.21,0
2024-01-23 07:20:00,371073093,224723152,3,41.23,0
2024-01-23 07:25:00,397178913,244812244,3,44.13,0
2024-01-23 07:30:00,375556060,231979160,2,41.73,0
2024-01-23 07:35:00,426676066,263753373,1,47.41,0
2024-01-23 07:40:00,428484393,253407309,1,47.61,0
2024-01-23 07:45:00,396817804,233287085,2,44.09,0
2024-01-23 07:50:00,398246262,223005994,2,44.25,0
2024-01-23 07:55:00,363074640,223076974,4,40.34,0
2024-01-23 08:00:00,390368384,245044817,1,43.37,0
2024-01-23 08:05:00,397716186,254789528,0,44.19,0
2024-01-23 08:10:00,431655712,262045154,3,47.96,0
2024-01-23 08:15:00,426812181,248422511,1,47.42,0
2024-01-23 08:20:00,410751634,229480019,6,45.64,0
2024-01-23 08:25:00,436291034,272191288,1,48.48,0
2024-01-23 08:30:00,456209485,255762925,2,50.69,0
2024-01-23 08:35:00,460778420,273061011,6,51.2,0
2024-01-23 08:40:00,416275620,247522304,4,46.25,0
2024-01-23 08:45:00,455677726,272712084,1,50.63,0
2024-01-23 08:50:00,434474834,261042926,1,48.27,0
2024-01-23 08:55:00,483997707,291780099,1,53.78,0
2024-01-23 09:00:00,485388555,267079500,0,53.93,0
2024-01-23 09:05:00,455406806,273390642,1,50.6,0
2024-01-23 09:10:00,461625656,254679638,1,51.29,0
2024-01-23 09:15:00,471216212,290051908,7,52.36,0
2024-01-23 09:20:00,438794798,257725627,0,48.75,0
2024-01-23 09:25:00,493891639,274764616,2,54.88,0
2024-01-23 09:30:00,484947910,282826699,4,53.88,0
2024-01-23 09:35:00,512950206,302069370,2,56.99,0
2024-01-23 09:40:00,474628306,296683979,3,52.74,0
2024-01-23 09:45:00,487170247,294268526,0,54.13,0
2024-01-23 09:50:00,472283441,286814514,0,52.48,0
2024-01-23 09:55:00,485093037,302868038,4,53.9,0
2024-01-23 10:00:00,484206456,289562431,2,53.8,0
2024-01-23 10:05:00,530333894,325742216,2,58.93,0
2024-01-23 10:10:00,498917362,306189028,0,55.44,0
2024-01-23 10:15:00,517732971,297775088,2,57.53,0
2024-01-23 10:20:00,509898600,320668996,4,56.66,0
2024-01-23 10:25:00,494285449,282368252,1,54.92,0
2024-01-23 10:30:00,518365079,320192714,5,57.6,0
2024-01-23 10:35:00,535663955,306227642,3,59.52,0
2024-01-23 10:40:00,501371041,306834992,3,55.71,0
2024-01-23 10:45:00,543445486,344686440,1,60.38,0
2024-01-23 10:50:00,511897649,305008803,4,56.88,0
2024-01-23 10:55:00,520752286,309887815,1,57.86,0
2024-01-23 11:00:00,542435860,331565916,7,60.27,0
2024-01-23 11:05:00,519853373,308618059,3,57.76,0
2024-01-23 11:10:00,535062538,339220310,1,59.45,0
2024-01-23 11:15:00,529094650,319378712,1,58.79,0
2024-01-23 11:20:00,538941220,320163037,2,59.88,0
2024-01-23 11:25:00,489591980,288352332,0,54.4,0
2024-01-23 11:30:00,501353130,291482393,1,55.71,0
2024-01-23 11:35:00,550892861,324258166,1,61.21,0
2024-01-23 11:40:00,559830355,332391479,0,62.2,0
2024-01-23 11:45:00,521276407,307889453,2,57.92,0
2024-01-23 11:50:00,534891006,314352850,1,59.43,0
2024-01-23 11:55:00,545837271,348490775,2,60.65,0
2024-01-23 12:00:00,553864352,322017660,1,61.54,0
2024-01-23 12:05:00,499389341,301099930,1,55.49,0
2024-01-23 12:10:00,522050768,319155671,1,58.01,0
2024-01-23 12:15:00,532834553,326001812,2,59.2,0
2024-01-23 12:20:00,553149531,331303648,2,61.46,0
2024-01-23 12:25:00,588542130,350718252,0,65.39,0
2024-01-23 12:30:00,533386652,324547466,1,59.27,0
2024-01-23 12:35:00,509067213,308105544,1,56.56,0
2024-01-23 12:40:00,544399222,324049945,2,60.49,0
2024-01-23 12:45:00,561808383,321466244,0,62.42,0
2024-01-23 12:50:00,536471324,317203557,2,59.61,0
2024-01-23 12:55:00,514989125,297527973,2,57.22,0
2024-01-23 13:00:00,550982077,323917650,5,61.22,0
2024-01-23 13:05:00,543682877,326541958,2,60.41,0
2024-01-23 13:10:00,508370451,308609632,2,56.49,0
2024-01-23 13:15:00,534891743,338739573,0,59.43,0
2024-01-23 13:20:00,545471540,321908860,0,60.61,0
2024-01-23 13:25:00,547319689,336138070,0,60.81,0
2024-01-23 13:30:00,520402108,315300865,2,57.82,0
2024-01-23 13:35:00,512513166,320467876,1,56.95,0
2024-01-23 13:40:00,542059345,330997894,2,60.23,0
2024-01-23 13:45:00,491046247,284542934,1,54.56,0
2024-01-23 13:50:00,521654185,295762051,4,57.96,0
2024-01-23 13:55:00,483013888,292920950,2,53.67,0
2024-01-23 14:00:00,529153622,312207663,0,58.79,0
2024-01-23 14:05:00,500017938,290207625,2,55.56,0
2024-01-23 14:10:00,527785611,303995589,1,58.64,0
2024-01-23 14:15:00,509380962,307238332,0,56.6,0
2024-01-23 14:20:00,472132086,298356328,5,52.46,0
2024-01-23 14:25:00,522039259,309136832,5,58.0,0
2024-01-23 14:30:00,521429706,318760527,4,57.94,0
2024-01-23 14:35:00,504818005,301868139,4,56.09,0
2024-01-23 14:40:00,468618909,268277524,3,52.07,0
2024-01-23 14:45:00,474321274,291940878,2,52.7,0
2024-01-23 14:50:00,479855105,276966142,3,53.32,0
2024-01-23 14:55:00,459293142,275792152,1,51.03,0
2024-01-23 15:00:00,503552558,298716331,2,55.95,0
2024-01-23 15:05:00,468849662,290240572,3,52.09,0
2024-01-23 15:10:00,408074688,234263303,1,45.34,0
2024-01-23 15:15:00,465030111,282926766,1,51.67,0
2024-01-23 15:20:00,447305878,259985552,4,49.7,0
2024-01-23 15:25:00,448723102,264122809,1,49.86,0
2024-01-23 15:30:00,438730355,226886211,1,48.75,0
2024-01-23 15:35:00,458055243,295754132,1,50.9,0
2024-01-23 15:40:00,460052100,281536829,2,51.12,0
2024-01-23 15:45:00,438997919,255725276,2,48.78,0
2024-01-23 15:50:00,422165682,242052852,2,46.91,0
2024-01-23 15:55:00,423678837,249250815,0,47.08,0
2024-01-23 16:00:00,420391992,259403990,2,46.71,0
2024-01-23 16:05:00,399388703,220712372,2,44.38,0
2024-01-23 16:10:00,422398240,252023099,4,46.93,0
2024-01-23 16:15:00,415350132,266916498,0,46.15,0
2024-01-23 16:20:00,432237207,248002861,2,48.03,0
2024-01-23 16:25:00,421766201,253863571,0,46.86,0
2024-01-23 16:30:00,378130525,248911413,2,42.01,0
2024-01-23 16:35:00,403391096,248356174,2,44.82,0
2024-01-23 16:40:00,363065766,219098698,3,40.34,0
2024-01-23 16:45:00,391064113,239704832,2,43.45,0
2024-01-23 16:50:00,361837107,213093611,3,40.2,0
2024-01-23 16:55:00,346693898,221012652,2,38.52,0
2024-01-23 17:00:00,367717477,216637186,2,40.86,0
2024-01-23 17:05:00,303553271,162540146,3,33.73,0
2024-01-23 17:10:00,316925995,186242566,4,35.21,0
2024-01-23 17:15:00,343271839,196295758,0,38.14,0
2024-01-23 17:20:00,343324397,203182698,5,38.15,0
2024-01-23 17:25:00,329123237,194883101,5,36.57,0
2024-01-23 17:30:00,299737560,191816768,2,33.3,0
2024-01-23 17:35:00,309770213,192815055,1,34.42,0
2024-01-23 17:40:00,328741564,199877593,0,36.53,0
2024-01-23 17:45:00,327332386,196369977,1,36.37,0
2024-01-23 17:50:00,310144190,175497934,3,34.46,0
2024-01-23 17:55:00,328372248,175211596,1,36.49,0
2024-01-23 18:00:00,307947940,185900364,2,34.22,0
2024-01-23 18:05:00,279815314,175835600,0,31.09,0
2024-01-23 18:10:00,283921305,169269444,1,31.55,0
2024-01-23 18:15:00,256245925,148399012,6,28.47,0
2024-01-23 18:20:00,276919841,170796926,2,30.77,0
2024-01-23 18:25:00,296113962,176835055,4,32.9,0
2024-01-23 18:30:00,282379515,186285151,2,31.38,0
2024-01-23 18:35:00,291530573,187245627,0,32.39,0
2024-01-23 18:40:00,252266732,160955120,1,28.03,0
2024-01-23 18:45:00,280100318,175637532,1,31.12,0
2024-01-23 18:50:00,244188408,133611370,5,27.13,0
2024-01-23 18:55:00,272387087,170062189,1,30.27,0
2024-01-23 19:00:00,237446294,146231036,1,26.38,0
2024-01-23 19:05:00,246985664,154255645,1,27.44,0
2024-01-23 19:10:00,257332855,159325808,2,28.59,0
2024-01-23 19:15:00,218985975,135919211,1,24.33,0
2024-01-23 19:20:00,222282945,160378431,2,24.7,0
2024-01-23 19:25:00,238792139,142513426,1,26.53,0
2024-01-23 19:30:00,205495912,132660921,2,22.83,0
2024-01-23 19:35:00,176922948,101443871,4,19.66,0
2024-01-23 19:40:00,241431758,152765470,0,26.83,0
2024-01-23 19:45:00,184455425,120066453,1,20.5,0
2024-01-23 19:50:00,192355453,119057533,1,21.37,0
2024-01-23 19:55:00,207682828,141302166,3,23.08,0
2024-01-23 20:00:00,167830121,91855312,3,18.65,0
2024-01-23 20:05:00,155337059,88330026,4,17.26,0
2024-01-23 20:10:00,176122839,107797504,2,19.57,0
2024-01-23 20:15:00,130801616,87289038,3,14.53,0
2024-01-23 20:20:00,156583533,95744415,3,17.4,0
2024-01-23 20:25:00,162986457,110649464,0,18.11,0
2024-01-23 20:30:00,148498219,82482032,2,16.5,0
2024-01-23 20:35:00,118909347,59939823,1,13.21,0
2024-01-23 20:40:00,177614532,109650003,2,19.73,0
2024-01-23 20:45:00,143827767,85524857,1,15.98,0
2024-01-23 20:50:00,166481392,105317472,2,18.5,0
2024-01-23 20:55:00,128836141,77027662,1,14.32,0
2024-01-23 21:00:00,112694132,64216281,0,12.52,0
2024-01-23 21:05:00,132016267,78460384,4,14.67,0
2024-01-23 21:10:00,118737696,71531106,2,13.19,0
2024-01-23 21:15:00,96003217,54552117,3,10.67,0
2024-01-23 21:20:00,145545018,85295690,0,16.17,0
2024-01-23 21:25:00,100382319,56193458,3,11.15,0
2024-01-23 21:30:00,72789870,52240573,3,8.09,0
2024-01-23 21:35:00,133016616,81750179,1,14.78,0
2024-01-23 21:40:00,93317549,78558054,1,10.37,0
2024-01-23 21:45:00,88290815,54581534,2,9.81,0
2024-01-23 21:50:00,62278301,31858406,3,6.92,0
2024-01-23 21:55:00,129639980,104490742,0,14.4,0
2024-01-23 22:00:00,66364291,43954838,2,7.37,0
2024-01-23 22:05:00,90754568,64353988,1,10.08,0
2024-01-23 22:10:00,105369806,69142913,1,11.71,0
2024-01-23 22:15:00,93184880,62141038,0,10.35,0
2024-01-23 22:20:00,81293044,54132367,2,9.03,0
2024-01-23 22:25:00,50000000,30000000,2,5.56,0
2024-01-23 22:30:00,62074415,40919939,4,6.9,0
2024-01-23 22:35:00,80074118,34795857,1,8.9,0
2024-01-23 22:40:00,58730289,33494545,2,6.53,0
2024-01-23 22:45:00,76803958,38826200,1,8.53,0
2024-01-23 22:50:00,84742799,54420381,1,9.42,0
2024-01-23 22:55:00,88838092,56644118,1,9.87,0
2024-01-23 23:00:00,50000000,34811458,0,5.56,0
2024-01-23 23:05:00,110810824,69359460,3,12.31,0
2024-01-23 23:10:00,81038545,42554873,1,9.0,0
2024-01-23 23:15:00,64577249,36136314,2,7.18,0
2024-01-23 23:20:00,85436870,60466084,2,9.49,0
2024-01-23 23:25:00,110101392,76739402,1,12.23,0
2024-01-23 23:30:00,50000000,30000000,2,5.56,0
2024-01-23 23:35:00,56921225,30000000,4,6.32,0
2024-01-23 23:40:00,50000000,30000000,1,5.56,0
2024-01-23 23:45:00,64366889,49072209,0,7.15,0
2024-01-23 23:50:00,67536311,52670627,2,7.5,0
2024-01-23 23:55:00,59273871,30000000,2,6.59,0
2024-01-24 00:00:00,50000000,33073093,2,5.56,0
2024-01-24 00:05:00,50000000,48344313,1,5.56,0
2024-01-24 00:10:00,67699100,44772575,0,7.52,0
2024-01-24 00:15:00,89622548,67988561,5,9.96,0
2024-01-24 00:20:00,50000000,39987265,0,5.56,0
2024-01-24 00:25:00,70227677,33034619,2,7.8,0
2024-01-24 00:30:00,50000000,30000000,1,5.56,0
2024-01-24 00:35:00,71937498,43510044,3,7.99,0
2024-01-24 00:40:00,55778493,34508429,2,6.2,0
2024-01-24 00:45:00,50000000,39163289,2,5.56,0
2024-01-24 00:50:00,50481685,34375858,3,5.61,0
2024-01-24 00:55:00,59005671,30000000,2,6.56,0
2024-01-24 01:00:00,75826468,32367478,0,8.43,0
2024-01-24 01:05:00,50000000,30000000,5,5.56,0
2024-01-24 01:10:00,63165625,39653027,6,7.02,0
2024-01-24 01:15:00,71907333,45549276,2,7.99,0
2024-01-24 01:20:00,52492986,34328041,4,5.83,0
2024-01-24 01:25:00,112251415,57761566,7,12.47,0
2024-01-24 01:30:00,61199002,43460841,0,6.8,0
2024-01-24 01:35:00,66936506,47324529,3,7.44,0
2024-01-24 01:40:00,62919972,30000000,1,6.99,0
2024-01-24 01:45:00,120720143,57771704,1,13.41,0
2024-01-24 01:50:00,98175504,58903985,2,10.91,0
2024-01-24 01:55:00,70853738,60430065,3,7.87,0
2024-01-24 02:00:00,114278534,85564547,1,12.7,0
2024-01-24 02:05:00,98835124,64935118,2,10.98,0
2024-01-24 02:10:00,102731121,54338706,1,11.41,0
2024-01-24 02:15:00,93557748,65003075,2,10.4,0
2024-01-24 02:20:00,88415189,48524871,0,9.82,0
2024-01-24 02:25:00,113208616,60250099,2,12.58,0
2024-01-24 02:30:00,98693453,37776403,0,10.97,0
2024-01-24 02:35:00,149162836,90521523,5,16.57,0
2024-01-24 02:40:00,90763511,48159433,3,10.08,0
2024-01-24 02:45:00,150281581,91133252,3,16.7,0
2024-01-24 02:50:00,120827062,49502660,1,13.43,0
2024-01-24 02:55:00,132614363,81266884,2,14.73,0
2024-01-24 03:00:00,146957527,63863305,3,16.33,0
2024-01-24 03:05:00,121431880,83738530,1,13.49,0
2024-01-24 03:10:00,155143317,98304903,1,17.24,0
2024-01-24 03:15:00,87606127,49777028,1,9.73,0
2024-01-24 03:20:00,131331183,84425908,0,14.59,0
2024-01-24 03:25:00,131297110,68997523,3,14.59,0
2024-01-24 03:30:00,128827136,78020037,1,14.31,0
2024-01-24 03:35:00,153786587,100219692,1,17.09,0
2024-01-24 03:40:00,170056654,71091100,3,18.9,0
2024-01-24 03:45:00,180716344,103957562,1,20.08,0
2024-01-24 03:50:00,175865629,105292936,1,19.54,0
2024-01-24 03:55:00,162180548,95345393,0,18.02,0
2024-01-24 04:00:00,187380328,126999215,3,20.82,0
2024-01-24 04:05:00,187048409,100990034,0,20.78,0
2024-01-24 04:10:00,207901456,118529281,2,23.1,0
2024-01-24 04:15:00,209389448,106474978,2,23.27,0
2024-01-24 04:20:00,199181145,134611553,4,22.13,0
2024-01-24 04:25:00,185395734,108774539,3,20.6,0
2024-01-24 04:30:00,195096973,112674094,2,21.68,0
2024-01-24 04:35:00,202019083,120686623,5,22.45,0
2024-01-24 04:40:00,211609838,133328261,1,23.51,0
2024-01-24 04:45:00,228215536,140402956,4,25.36,0
2024-01-24 04:50:00,242134095,171759299,3,26.9,0
2024-01-24 04:55:00,231818662,143630556,1,25.76,0
2024-01-24 05:00:00,238205924,138271100,2,26.47,0
2024-01-24 05:05:00,245821511,141879339,1,27.31,0
2024-01-24 05:10:00,237736386,138714242,3,26.42,0
2024-01-24 05:15:00,234670477,125783917,3,26.07,0
2024-01-24 05:20:00,223215679,134328049,1,24.8,0
2024-01-24 05:25:00,249587400,157587121,3,27.73,0
2024-01-24 05:30:00,278136622,160748337,3,30.9,0
2024-01-24 05:35:00,259813721,147814432,4,28.87,0
2024-01-24 05:40:00,274326480,179755340,3,30.48,0
2024-01-24 05:45:00,293631874,161914293,4,32.63,0
2024-01-24 05:50:00,299945136,159288898,2,33.33,0
2024-01-24 05:55:00,273173770,152375242,1,30.35,0
2024-01-24 06:00:00,319941187,176560385,1,35.55,0
2024-01-24 06:05:00,327782574,200531805,2,36.42,0
2024-01-24 06:10:00,287871655,169115948,0,31.99,0
2024-01-24 06:15:00,299220013,177335137,1,33.25,0
2024-01-24 06:20:00,344739191,218372856,3,38.3,0
2024-01-24 06:25:00,323190979,187001239,1,35.91,0
2024-01-24 06:30:00,286930727,179909330,1,31.88,0
2024-01-24 06:35:00,308515982,200222817,2,34.28,0
2024-01-24 06:40:00,336688170,197456277,3,37.41,0
2024-01-24 06:45:00,323560824,201506723,0,35.95,0
2024-01-24 06:50:00,343677031,203788040,1,38.19,0
2024-01-24 06:55:00,357692538,223856504,3,39.74,0
2024-01-24 07:00:00,391361662,219102105,0,43.48,0
2024-01-24 07:05:00,361349885,200354808,6,40.15,0
2024-01-24 07:10:00,393620227,232259459,2,43.74,0
2024-01-24 07:15:00,405720674,234543156,1,45.08,0
2024-01-24 07:20:00,410771027,241295525,0,45.64,0
2024-01-24 07:25:00,392680221,233412866,1,43.63,0
2024-01-24 07:30:00,352578240,218747079,3,39.18,0
2024-01-24 07:35:00,405875702,239448815,1,45.1,0
2024-01-24 07:40:00,422396380,245199215,3,46.93,0
2024-01-24 07:45:00,404527943,239201632,0,44.95,0
2024-01-24 07:50:00,445711344,259735353,3,49.52,0
2024-01-24 07:55:00,432633975,250240330,2,48.07,0
2024-01-24 08:00:00,431365467,242689112,1,47.93,0
2024-01-24 08:05:00,446233196,268434698,1,49.58,0
2024-01-24 08:10:00,435619303,255684524,6,48.4,0
2024-01-24 08:15:00,383480645,239751174,8,42.61,0
2024-01-24 08:20:00,427675565,242131378,5,47.52,0
2024-01-24 08:25:00,465857676,274093770,0,51.76,0
2024-01-24 08:30:00,429950916,276099621,1,47.77,0
2024-01-24 08:35:00,445752183,258055214,1,49.53,0
2024-01-24 08:40:00,433372300,257658047,1,48.15,0
2024-01-24 08:45:00,493921447,284194428,2,54.88,0
2024-01-24 08:50:00,495771498,283978624,2,55.09,0
2024-01-24 08:55:00,448285755,284444563,0,49.81,0
2024-01-24 09:00:00,472651587,285301347,1,52.52,0
2024-01-24 09:05:00,459757469,277191270,2,51.08,0
2024-01-24 09:10:00,489245453,276584109,0,54.36,0
2024-01-24 09:15:00,490635215,297968543,2,54.52,0
2024-01-24 09:20:00,500084777,311625086,2,55.56,0
2024-01-24 09:25:00,493810644,307781157,0,54.87,0
2024-01-24 09:30:00,549112925,336151087,2,61.01,0
2024-01-24 09:35:00,472988229,272498082,2,52.55,0
2024-01-24 09:40:00,462384423,280561888,0,51.38,0
2024-01-24 09:45:00,491690902,301690391,4,54.63,0
2024-01-24 09:50:00,471054181,264688073,2,52.34,0
2024-01-24 09:55:00,475329603,273984966,0,52.81,0
2024-01-24 10:00:00,487819803,301573455,1,54.2,0
2024-01-24 10:05:00,491970643,303942843,2,54.66,0
2024-01-24 10:10:00,493790237,280788312,0,54.87,0
2024-01-24 10:15:00,525613836,323318516,4,58.4,0
2024-01-24 10:20:00,507390087,305387086,3,56.38,0
2024-01-24 10:25:00,516084463,317460767,1,57.34,0
2024-01-24 10:30:00,539615743,317424232,0,59.96,0
2024-01-24 10:35:00,508355438,311465097,4,56.48,0
2024-01-24 10:40:00,520235311,320579474,0,57.8,0
2024-01-24 10:45:00,534578430,317233709,2,59.4,0
2024-01-24 10:50:00,490060712,294213952,1,54.45,0
2024-01-24 10:55:00,482713854,283143096,0,53.63,0
2024-01-24 11:00:00,538744544,339763116,3,59.86,0
2024-01-24 11:05:00,542962382,324574710,2,60.33,0
2024-01-24 11:10:00,575595444,336137023,0,63.96,0
2024-01-24 11:15:00,538550364,315971959,2,59.84,0
2024-01-24 11:20:00,552748655,332916899,1,61.42,0
2024-01-24 11:25:00,533297309,327511697,6,59.26,0
2024-01-24 11:30:00,543891311,312976518,0,60.43,0
2024-01-24 11:35:00,571918658,361627794,5,63.55,0
2024-01-24 11:40:00,496606871,301050875,1,55.18,0
2024-01-24 11:45:00,547758466,333319639,1,60.86,0
2024-01-24 11:50:00,582483307,348518089,2,64.72,0
2024-01-24 11:55:00,545583570,327542732,4,60.62,0
2024-01-24 12:00:00,573011459,342324044,4,63.67,0
2024-01-24 12:05:00,527358643,326593145,1,58.6,0
2024-01-24 12:10:00,539130623,323399088,2,59.9,0
2024-01-24 12:15:00,540156635,331764483,3,60.02,0
2024-01-24 12:20:00,494734905,292502468,1,54.97,0
2024-01-24 12:25:00,515209964,311082384,2,57.25,0
2024-01-24 12:30:00,516009265,301566355,2,57.33,0
2024-01-24 12:35:00,553648084,344354132,3,61.52,0
2024-01-24 12:40:00,553796922,323940681,2,61.53,0
2024-01-24 12:45:00,541869196,321871723,2,60.21,0
2024-01-24 12:50:00,550793099,327326255,5,61.2,0
2024-01-24 12:55:00,529839108,314363951,3,58.87,0
2024-01-24 13:00:00,555860831,340741456,2,61.76,0
2024-01-24 13:05:00,530587733,315186062,3,58.95,0
2024-01-24 13:10:00,530049349,331968854,1,58.89,0
2024-01-24 13:15:00,521951378,304986076,2,57.99,0
2024-01-24 13:20:00,539215238,325222917,5,59.91,0
2024-01-24 13:25:00,515257912,301396887,3,57.25,0
2024-01-24 13:30:00,541259715,328965557,2,60.14,0
2024-01-24 13:35:00,497031772,298059566,0,55.23,0
2024-01-24 13:40:00,495535543,295770705,4,55.06,0
2024-01-24 13:45:00,528997993,329283545,1,58.78,0
2024-01-24 13:50:00,511111715,300123610,0,56.79,0
2024-01-24 13:55:00,501336593,306667107,4,55.7,0
2024-01-24 14:00:00,525647251,307698751,0,58.41,0
2024-01-24 14:05:00,493033620,296947024,3,54.78,0
2024-01-24 14:10:00,498409921,287090199,2,55.38,0
2024-01-24 14:15:00,527537265,309897188,2,58.62,0
2024-01-24 14:20:00,527379337,315606172,2,58.6,0
2024-01-24 14:25:00,524994669,333143293,0,58.33,0
2024-01-24 14:30:00,484762286,291865410,4,53.86,0
2024-01-24 14:35:00,511786334,323618483,1,56.87,0
2024-01-24 14:40:00,464871609,281126198,2,51.65,0
2024-01-24 14:45:00,462303496,273511255,2,51.37,0
2024-01-24 14:50:00,429937443,273356031,1,47.77,0
2024-01-24 14:55:00,506824714,308465005,2,56.31,0
2024-01-24 15:00:00,452426030,265028402,3,50.27,0
2024-01-24 15:05:00,463432481,282765203,1,51.49,0
2024-01-24 15:10:00,443935162,263435150,1,49.33,0
2024-01-24 15:15:00,472146300,263397438,5,52.46,0
2024-01-24 15:20:00,446756353,277413543,1,49.64,0
2024-01-24 15:25:00,424125295,265424517,3,47.13,0
2024-01-24 15:30:00,454935994,291341016,1,50.55,0
2024-01-24 15:35:00,413239715,252165265,1,45.92,0
2024-01-24 15:40:00,420910230,250058903,1,46.77,0
2024-01-24 15:45:00,391199073,243069338,0,43.47,0
2024-01-24 15:50:00,400472743,248781849,4,44.5,0
2024-01-24 15:55:00,428076165,273228511,2,47.56,0
2024-01-24 16:00:00,380709279,227979291,0,42.3,0
2024-01-24 16:05:00,385814390,229832844,3,42.87,0
2024-01-24 16:10:00,410772288,239307929,2,45.64,0
2024-01-24 16:15:00,395277147,242540909,1,43.92,0
2024-01-24 16:20:00,441269115,249278852,0,49.03,0
2024-01-24 16:25:00,433337136,267763155,2,48.15,0
2024-01-24 16:30:00,374485574,230569695,0,41.61,0
2024-01-24 16:35:00,398127881,244727430,2,44.24,0
2024-01-24 16:40:00,397070485,239624543,1,44.12,0
2024-01-24 16:45:00,365195894,234447319,3,40.58,0
2024-01-24 16:50:00,342258561,214075071,0,38.03,0
2024-01-24 16:55:00,366912994,214077024,5,40.77,0
2024-01-24 17:00:00,358659657,209304003,1,39.85,0
2024-01-24 17:05:00,348329324,200200856,1,38.7,0
2024-01-24 17:10:00,360791844,221987940,3,40.09,0
2024-01-24 17:15:00,331807085,189082861,4,36.87,0
2024-01-24 17:20:00,318635611,202015288,3,35.4,0
2024-01-24 17:25:00,338691272,216444496,3,37.63,0
2024-01-24 17:30:00,339045687,194637250,2,37.67,0
2024-01-24 17:35:00,302595151,179701605,2,33.62,0
2024-01-24 17:40:00,339479190,203853724,2,37.72,0
2024-01-24 17:45:00,280287128,177012108,5,31.14,0
2024-01-24 17:50:00,298906383,195437264,1,33.21,0
2024-01-24 17:55:00,300075401,163190317,1,33.34,0
2024-01-24 18:00:00,287275525,169183508,1,31.92,0
2024-01-24 18:05:00,283463218,167417763,0,31.5,0
2024-01-24 18:10:00,326952836,182165003,0,36.33,0
2024-01-24 18:15:00,267285567,155520240,0,29.7,0
2024-01-24 18:20:00,327907056,201021923,3,36.43,0
2024-01-24 18:25:00,282614485,166781902,1,31.4,0
2024-01-24 18:30:00,270514816,146862678,2,30.06,0
2024-01-24 18:35:00,273015194,192549943,0,30.34,0
2024-01-24 18:40:00,308922992,188015574,1,34.32,0
2024-01-24 18:45:00,233306462,141100818,1,25.92,0
2024-01-24 18:50:00,225646134,124408416,5,25.07,0
2024-01-24 18:55:00,227858061,139321898,1,25.32,0
2024-01-24 19:00:00,238526292,141473637,4,26.5,0
2024-01-24 19:05:00,198325614,100110134,1,22.04,0
2024-01-24 19:10:00,228277392,126263881,1,25.36,0
2024-01-24 19:15:00,256725470,161984542,2,28.53,0
2024-01-24 19:20:00,220943313,152006164,1,24.55,0
2024-01-24 19:25:00,207161161,127968351,1,23.02,0
2024-01-24 19:30:00,195792767,128506493,4,21.75,0
2024-01-24 19:35:00,221311028,131229064,3,24.59,0
2024-01-24 19:40:00,182054961,108367515,2,20.23,0
2024-01-24 19:45:00,230778632,149376969,3,25.64,0
2024-01-24 19:50:00,227847527,153336289,2,25.32,0
2024-01-24 19:55:00,189697711,126829593,2,21.08,0
2024-01-24 20:00:00,179769698,97198188,2,19.97,0
2024-01-24 20:05:00,196107614,116994979,0,21.79,0
2024-01-24 20:10:00,192944064,118541685,2,21.44,0
2024-01-24 20:15:00,150543309,87729206,1,16.73,0
2024-01-24 20:20:00,151810552,94964907,1,16.87,0
2024-01-24 20:25:00,131638735,87189009,5,14.63,0
2024-01-24 20:30:00,162078555,107275231,4,18.01,0
2024-01-24 20:35:00,163110924,114725256,1,18.12,0
2024-01-24 20:40:00,118732460,67945065,3,13.19,0
2024-01-24 20:45:00,132653026,65951484,1,14.74,0
2024-01-24 20:50:00,110913271,70130309,5,12.32,0
2024-01-24 20:55:00,116060870,88474632,2,12.9,0
2024-01-24 21:00:00,141314713,80019069,2,15.7,0
2024-01-24 21:05:00,111963007,74046274,5,12.44,0
2024-01-24 21:10:00,117036920,77179609,1,13.0,0
2024-01-24 21:15:00,87012211,54121747,2,9.67,0
2024-01-24 21:20:00,119889137,72002729,5,13.32,0
2024-01-24 21:25:00,111942257,57931062,0,12.44,0
2024-01-24 21:30:00,95016013,34192987,0,10.56,0
2024-01-24 21:35:00,102673009,50485298,0,11.41,0
2024-01-24 21:40:00,107009406,60302602,1,11.89,0
2024-01-24 21:45:00,84149930,61464184,5,9.35,0
2024-01-24 21:50:00,68060802,39805200,3,7.56,0
2024-01-24 21:55:00,130932639,73369326,10,14.55,0
2024-01-24 22:00:00,79488448,38783214,2,8.83,0
2024-01-24 22:05:00,87650376,59158284,2,9.74,0
2024-01-24 22:10:00,107334194,77984088,5,11.93,0
2024-01-24 22:15:00,155331645,103833344,3,17.26,0
2024-01-24 22:20:00,57596402,40619338,2,6.4,0
2024-01-24 22:25:00,89321789,38836946,1,9.92,0
2024-01-24 22:30:00,64117866,34953977,2,7.12,0
2024-01-24 22:35:00,65542305,58798425,6,7.28,0
2024-01-24 22:40:00,60069530,47261223,1,6.67,0
2024-01-24 22:45:00,50223669,30000000,3,5.58,0
2024-01-24 22:50:00,70282104,41613357,3,7.81,0
2024-01-24 22:55:00,50000000,33630984,4,5.56,0
2024-01-24 23:00:00,87113953,44646787,4,9.68,0
2024-01-24 23:05:00,67977961,30000000,3,7.55,0
2024-01-24 23:10:00,74137657,45470835,2,8.24,0
2024-01-24 23:15:00,55287760,30000000,4,6.14,0
2024-01-24 23:20:00,56302060,30000000,3,6.26,0
2024-01-24 23:25:00,68544515,37579905,1,7.62,0
2024-01-24 23:30:00,50000000,30000000,2,5.56,0
2024-01-24 23:35:00,54266670,32469174,0,6.03,0
2024-01-24 23:40:00,50000000,30000000,1,5.56,0
2024-01-24 23:45:00,50000000,30000000,2,5.56,0
2024-01-24 23:50:00,50000000,30000000,2,5.56,0
2024-01-24 23:55:00,86843645,55216577,3,9.65,0
2024-01-25 00:00:00,50000000,30000000,1,5.56,0
2024-01-25 00:05:00,83324634,47099879,3,9.26,0
2024-01-25 00:10:00,81604273,58154425,2,9.07,0
2024-01-25 00:15:00,50000000,30000000,1,5.56,0
2024-01-25 00:20:00,50000000,37164302,3,5.56,0
2024-01-25 00:25:00,112636538,79139249,1,12.52,0
2024-01-25 00:30:00,97071752,30000000,1,10.79,0
2024-01-25 00:35:00,62162867,35784091,1,6.91,0
2024-01-25 00:40:00,68793601,30000000,1,7.64,0
2024-01-25 00:45:00,51994604,30014678,0,5.78,0
2024-01-25 00:50:00,74336012,44529895,2,8.26,0
2024-01-25 00:55:00,52534265,30000000,1,5.84,0
2024-01-25 01:00:00,50000000,49248383,2,5.56,0
2024-01-25 01:05:00,50000000,32860158,5,5.56,0
2024-01-25 01:10:00,71529786,34427637,4,7.95,0
2024-01-25 01:15:00,50115424,44723048,2,5.57,0
2024-01-25 01:20:00,73128221,30000000,2,8.13,0
2024-01-25 01:25:00,54824890,30000000,5,6.09,0
2024-01-25 01:30:00,62621833,30000000,0,6.96,0
2024-01-25 01:35:00,97388551,76443582,0,10.82,0
2024-01-25 01:40:00,87435742,55784908,2,9.72,0
2024-01-25 01:45:00,84557253,57328370,1,9.4,0
2024-01-25 01:50:00,104696679,65828020,0,11.63,0
2024-01-25 01:55:00,99197750,65256327,3,11.02,0
2024-01-25 02:00:00,121085168,73431878,3,13.45,0
2024-01-25 02:05:00,85623965,54083592,2,9.51,0
2024-01-25 02:10:00,88993353,54472046,1,9.89,0
2024-01-25 02:15:00,74425107,38569146,2,8.27,0
2024-01-25 02:20:00,94823895,56428089,4,10.54,0
2024-01-25 02:25:00,125748692,78185161,3,13.97,0
2024-01-25 02:30:00,135594945,82462458,2,15.07,0
2024-01-25 02:35:00,132033827,64442575,2,14.67,0
2024-01-25 02:40:00,80265496,34709431,3,8.92,0
2024-01-25 02:45:00,141221350,95561224,3,15.69,0
2024-01-25 02:50:00,86283066,48699899,2,9.59,0
2024-01-25 02:55:00,144594995,92604250,3,16.07,0
2024-01-25 03:00:00,122938681,62842010,1,13.66,0
2024-01-25 03:05:00,148087532,74121060,2,16.45,0
2024-01-25 03:10:00,111209383,58289663,5,12.36,0
2024-01-25 03:15:00,165180357,96882563,2,18.35,0
2024-01-25 03:20:00,116431478,63207484,0,12.94,0
2024-01-25 03:25:00,136409268,94784896,5,15.16,0
2024-01-25 03:30:00,133935364,82156451,2,14.88,0
2024-01-25 03:35:00,122999987,92289378,3,13.67,0
2024-01-25 03:40:00,164232206,102583405,2,18.25,0
2024-01-25 03:45:00,202784926,97545447,1,22.53,0
2024-01-25 03:50:00,224386198,145192135,2,24.93,0
2024-01-25 03:55:00,177437533,91367004,2,19.72,0
2024-01-25 04:00:00,202333625,123705511,5,22.48,0
2024-01-25 04:05:00,189204588,105775912,0,21.02,0
2024-01-25 04:10:00,199157996,140921908,2,22.13,0
2024-01-25 04:15:00,187007741,126600624,3,20.78,0
2024-01-25 04:20:00,202473155,114065686,1,22.5,0
2024-01-25 04:25:00,214090368,127180644,2,23.79,0
2024-01-25 04:30:00,196586781,120398049,2,21.84,0
2024-01-25 04:35:00,211464984,135513131,5,23.5,0
2024-01-25 04:40:00,216746563,130339457,2,24.08,0
2024-01-25 04:45:00,239382594,133380607,1,26.6,0
2024-01-25 04:50:00,206509964,116730392,2,22.95,0
2024-01-25 04:55:00,231810192,139041297,3,25.76,0
2024-01-25 05:00:00,276123538,178018692,2,30.68,0
2024-01-25 05:05:00,266236588,164020331,5,29.58,0
2024-01-25 05:10:00,275038073,157288694,4,30.56,0
2024-01-25 05:15:00,253666959,158683903,2,28.19,0
2024-01-25 05:20:00,264744388,154976784,0,29.42,0
2024-01-25 05:25:00,283535110,179025146,1,31.5,0
2024-01-25 05:30:00,299878824,205197398,0,33.32,0
2024-01-25 05:35:00,234839891,137315671,3,26.09,0
2024-01-25 05:40:00,252773795,159680328,0,28.09,0
2024-01-25 05:45:00,310492131,178841345,3,34.5,0
2024-01-25 05:50:00,283993559,169273498,1,31.55,0
2024-01-25 05:55:00,281330011,169093629,4,31.26,0
2024-01-25 06:00:00,274916780,163013231,2,30.55,0
2024-01-25 06:05:00,294135238,201111279,2,32.68,0
2024-01-25 06:10:00,282421267,166386829,2,31.38,0
2024-01-25 06:15:00,357518636,220379697,0,39.72,0
2024-01-25 06:20:00,320468657,172980325,1,35.61,0
2024-01-25 06:25:00,324969039,199301389,2,36.11,0
2024-01-25 06:30:00,343087819,217273237,3,38.12,0
2024-01-25 06:35:00,355756516,208177936,2,39.53,0
2024-01-25 06:40:00,360593325,191253774,1,40.07,0
2024-01-25 06:45:00,368294116,220589952,1,40.92,0
2024-01-25 06:50:00,339328596,203768996,1,37.7,0
2024-01-25 06:55:00,351087278,217893117,0,39.01,0
2024-01-25 07:00:00,377497203,246607352,2,41.94,0
2024-01-25 07:05:00,356611182,210166172,3,39.62,0
2024-01-25 07:10:00,372067259,214677474,0,41.34,0
2024-01-25 07:15:00,385120746,219403270,1,42.79,0
2024-01-25 07:20:00,397788536,240653907,1,44.2,0
2024-01-25 07:25:00,351431509,215652448,2,39.05,0
2024-01-25 07:30:00,406138936,238226808,6,45.13,0
2024-01-25 07:35:00,391984724,242977662,3,43.55,0
2024-01-25 07:40:00,415577537,254000362,2,46.18,0
2024-01-25 07:45:00,421687919,253445068,3,46.85,0
2024-01-25 07:50:00,442977968,256762633,1,49.22,0
2024-01-25 07:55:00,442506377,260685183,3,49.17,0
2024-01-25 08:00:00,446931433,243861306,1,49.66,0
2024-01-25 08:05:00,453378988,274385263,1,50.38,0
2024-01-25 08:10:00,434779485,261131104,2,48.31,0
2024-01-25 08:15:00,433980557,262273124,0,48.22,0
2024-01-25 08:20:00,455114686,278112001,0,50.57,0
2024-01-25 08:25:00,456555934,277791775,2,50.73,0
2024-01-25 08:30:00,439921418,262849019,1,48.88,0
2024-01-25 08:35:00,458318101,275477541,3,50.92,0
2024-01-25 08:40:00,453567096,258097094,1,50.4,0
2024-01-25 08:45:00,441164337,258861396,1,49.02,0
2024-01-25 08:50:00,487950864,293275229,2,54.22,0
2024-01-25 08:55:00,467067118,272881735,3,51.9,0
2024-01-25 09:00:00,510679792,315009383,2,56.74,0
2024-01-25 09:05:00,440857505,257928182,2,48.98,0
2024-01-25 09:10:00,465810985,281649645,0,51.76,0
2024-01-25 09:15:00,481094330,289822254,0,53.45,0
2024-01-25 09:20:00,506598288,311421748,1,56.29,0
2024-01-25 09:25:00,495161663,306104909,4,55.02,0
2024-01-25 09:30:00,496614256,304908880,3,55.18,0
2024-01-25 09:35:00,471001429,261540795,5,52.33,0
2024-01-25 09:40:00,473457662,296016079,0,52.61,0
2024-01-25 09:45:00,506002800,318874762,0,56.22,0
2024-01-25 09:50:00,475131827,280257853,0,52.79,0
2024-01-25 09:55:00,494541293,299091245,0,54.95,0
2024-01-25 10:00:00,517864443,301810349,1,57.54,0
2024-01-25 10:05:00,490767935,274976976,1,54.53,0
2024-01-25 10:10:00,544989719,319606678,1,60.55,0
2024-01-25 10:15:00,539728184,318435520,4,59.97,0
2024-01-25 10:20:00,486085468,288102774,3,54.01,0
2024-01-25 10:25:00,501027330,291027257,2,55.67,0
2024-01-25 10:30:00,476015542,278275074,1,52.89,0
2024-01-25 10:35:00,508030061,304707973,0,56.45,0
2024-01-25 10:40:00,540853998,316810129,0,60.09,0
2024-01-25 10:45:00,518985332,316826442,4,57.67,0
2024-01-25 10:50:00,538108013,329681414,1,59.79,0
2024-01-25 10:55:00,499965278,323783044,2,55.55,0
2024-01-25 11:00:00,547781703,339925821,4,60.86,0
2024-01-25 11:05:00,522019912,315642977,1,58.0,0
2024-01-25 11:10:00,534554435,314530018,1,59.39,0
2024-01-25 11:15:00,533530977,323056059,0,59.28,0
2024-01-25 11:20:00,510922890,309819693,1,56.77,0
2024-01-25 11:25:00,514145075,303353914,1,57.13,0
2024-01-25 11:30:00,557302656,342218907,2,61.92,0
2024-01-25 11:35:00,546553364,313951038,3,60.73,0
2024-01-25 11:40:00,560087708,333608626,2,62.23,0
2024-01-25 11:45:00,545979306,333146168,1,60.66,0
2024-01-25 11:50:00,542631385,322702990,2,60.29,0
2024-01-25 11:55:00,505422674,301186060,4,56.16,0
2024-01-25 12:00:00,534592666,319377741,1,59.4,0
2024-01-25 12:05:00,539395200,315281107,2,59.93,0
2024-01-25 12:10:00,578833717,359039239,2,64.31,0
2024-01-25 12:15:00,553225274,321754787,1,61.47,0
2024-01-25 12:20:00,569807951,345066363,3,63.31,0
2024-01-25 12:25:00,550524275,334451044,3,61.17,0
2024-01-25 12:30:00,523720702,304746202,1,58.19,0
2024-01-25 12:35:00,539549246,324460590,6,59.95,0
2024-01-25 12:40:00,541078333,315550678,0,60.12,0
2024-01-25 12:45:00,516605355,323873638,4,57.4,0
2024-01-25 12:50:00,526623294,304586147,1,58.51,0
2024-01-25 12:55:00,529006756,310865083,1,58.78,0
2024-01-25 13:00:00,563934594,326118506,2,62.66,0
2024-01-25 13:05:00,488797154,279701305,3,54.31,0
2024-01-25 13:10:00,553008436,347717214,2,61.45,0
2024-01-25 13:15:00,508527326,310544142,3,56.5,0
2024-01-25 13:20:00,498084645,300253721,2,55.34,0
2024-01-25 13:25:00,547280731,321802669,1,60.81,0
2024-01-25 13:30:00,536369049,330897547,1,59.6,0
2024-01-25 13:35:00,544765129,318616853,1,60.53,0
2024-01-25 13:40:00,533527907,328053137,3,59.28,0
2024-01-25 13:45:00,556446358,325142702,6,61.83,0
2024-01-25 13:50:00,524057076,307989169,2,58.23,0
2024-01-25 13:55:00,507284873,311953748,1,56.36,0
2024-01-25 14:00:00,514704624,317461048,3,57.19,0
2024-01-25 14:05:00,530048231,324003668,1,58.89,0
2024-01-25 14:10:00,486826440,281599123,5,54.09,0
2024-01-25 14:15:00,486514935,287441692,1,54.06,0
2024-01-25 14:20:00,490417290,295819361,2,54.49,0
2024-01-25 14:25:00,451455049,262380219,3,50.16,0
2024-01-25 14:30:00,493166369,309609449,0,54.8,0
2024-01-25 14:35:00,449449701,245650351,4,49.94,0
2024-01-25 14:40:00,484911852,283159716,2,53.88,0
2024-01-25 14:45:00,497747348,293552744,3,55.31,0
2024-01-25 14:50:00,467409031,252005982,4,51.93,0
2024-01-25 14:55:00,506909668,290183509,2,56.32,0
2024-01-25 15:00:00,440495609,270550260,1,48.94,0
2024-01-25 15:05:00,489788347,294175844,3,54.42,0
2024-01-25 15:10:00,475644390,301117994,0,52.85,0
2024-01-25 15:15:00,423922330,269805662,3,47.1,0
2024-01-25 15:20:00,508484912,309421411,0,56.5,0
2024-01-25 15:25:00,448946727,272500419,3,49.88,0
2024-01-25 15:30:00,428553062,257791148,1,47.62,0
2024-01-25 15:35:00,413772571,221712722,2,45.97,0
2024-01-25 15:40:00,433257984,246009195,2,48.14,0
2024-01-25 15:45:00,430788718,259479986,2,47.87,0
2024-01-25 15:50:00,431004816,264763147,5,47.89,0
2024-01-25 15:55:00,418549658,254026493,1,46.51,0
2024-01-25 16:00:00,432664506,250674054,2,48.07,0
2024-01-25 16:05:00,407684707,253984887,0,45.3,0
2024-01-25 16:10:00,372120384,238096671,2,41.35,0
2024-01-25 16:15:00,403162055,251277129,1,44.8,0
2024-01-25 16:20:00,354078829,222343291,4,39.34,0
2024-01-25 16:25:00,403734618,236648512,3,44.86,0
2024-01-25 16:30:00,372258019,234114152,2,41.36,0
2024-01-25 16:35:00,390252336,235608988,1,43.36,0
2024-01-25 16:40:00,408366334,250135355,0,45.37,0
2024-01-25 16:45:00,358170497,218556617,3,39.8,0
2024-01-25 16:50:00,393394517,234821839,2,43.71,0
2024-01-25 16:55:00,358491172,206494678,4,39.83,0
2024-01-25 17:00:00,397180466,237486913,2,44.13,0
2024-01-25 17:05:00,349741561,219712553,4,38.86,0
2024-01-25 17:10:00,335135647,196666630,4,37.24,0
2024-01-25 17:15:00,360566446,225273340,2,40.06,0
2024-01-25 17:20:00,332959768,207146567,1,37.0,0
2024-01-25 17:25:00,319680622,188818999,2,35.52,0
2024-01-25 17:30:00,321769489,206949694,0,35.75,0
2024-01-25 17:35:00,325235919,191586084,1,36.14,0
2024-01-25 17:40:00,347760980,223752057,4,38.64,0
2024-01-25 17:45:00,277014996,170550267,0,30.78,0
2024-01-25 17:50:00,310930266,186399500,0,34.55,0
2024-01-25 17:55:00,317733644,181762172,2,35.3,0
2024-01-25 18:00:00,303868971,181438780,0,33.76,0
2024-01-25 18:05:00,320961730,190539443,0,35.66,0
2024-01-25 18:10:00,288044440,160243700,3,32.0,0
2024-01-25 18:15:00,280612220,166191177,0,31.18,0
2024-01-25 18:20:00,290929212,166519495,3,32.33,0
2024-01-25 18:25:00,275858226,171374853,1,30.65,0
2024-01-25 18:30:00,260865539,169582128,1,28.99,0
2024-01-25 18:35:00,273813268,152018804,6,30.42,0
2024-01-25 18:40:00,245273871,164287400,3,27.25,0
2024-01-25 18:45:00,240954779,143287357,1,26.77,0
2024-01-25 18:50:00,237494612,132746553,1,26.39,0
2024-01-25 18:55:00,270016769,169587609,0,30.0,0
2024-01-25 19:00:00,173463102,99613316,2,19.27,0
2024-01-25 19:05:00,240753013,143634441,2,26.75,0
2024-01-25 19:10:00,228516044,133066844,2,25.39,0
2024-01-25 19:15:00,189237119,105374892,2,21.03,0
2024-01-25 19:20:00,224109701,141705791,2,24.9,0
2024-01-25 19:25:00,222529910,130654932,0,24.73,0
2024-01-25 19:30:00,219948760,117602738,3,24.44,0
2024-01-25 19:35:00,150304233,95693141,3,16.7,0
2024-01-25 19:40:00,225899405,123483819,5,25.1,0
2024-01-25 19:45:00,179095980,95924986,3,19.9,0
2024-01-25 19:50:00,202911687,133673074,1,22.55,0
2024-01-25 19:55:00,199384171,107667103,1,22.15,0
2024-01-25 20:00:00,162466058,74315186,0,18.05,0
2024-01-25 20:05:00,188703617,119450785,2,20.97,0
2024-01-25 20:10:00,163338229,94964303,2,18.15,0
2024-01-25 20:15:00,125235600,72964809,2,13.92,0
2024-01-25 20:20:00,185696493,108272892,1,20.63,0
2024-01-25 20:25:00,142584785,87867570,3,15.84,0
2024-01-25 20:30:00,136807387,74557240,3,15.2,0
2024-01-25 20:35:00,141717049,99791378,1,15.75,0
2024-01-25 20:40:00,151175708,75943120,4,16.8,0
2024-01-25 20:45:00,140611596,88815706,3,15.62,0
2024-01-25 20:50:00,148819688,95713023,4,16.54,0
2024-01-25 20:55:00,107247079,56751729,3,11.92,0
2024-01-25 21:00:00,115446645,59030642,2,12.83,0
2024-01-25 21:05:00,124312707,84759366,1,13.81,0
2024-01-25 21:10:00,161011185,86698103,4,17.89,0
2024-01-25 21:15:00,117282195,64302677,5,13.03,0
2024-01-25 21:20:00,137853778,91585356,5,15.32,0
2024-01-25 21:25:00,113598827,68506708,2,12.62,0
2024-01-25 21:30:00,99922025,41981778,1,11.1,0
2024-01-25 21:35:00,101518806,78381875,2,11.28,0
2024-01-25 21:40:00,100035115,54720961,2,11.12,0
2024-01-25 21:45:00,112520207,63484551,3,12.5,0
2024-01-25 21:50:00,125078278,77604809,2,13.9,0
2024-01-25 21:55:00,102014767,67459628,1,11.33,0
2024-01-25 22:00:00,115895456,89148316,3,12.88,0
2024-01-25 22:05:00,70289783,30000000,1,7.81,0
2024-01-25 22:10:00,78824789,55554396,1,8.76,0
2024-01-25 22:15:00,70264491,49588791,0,7.81,0
2024-01-25 22:20:00,88775022,51893364,1,9.86,0
2024-01-25 22:25:00,73146077,51760383,2,8.13,0
2024-01-25 22:30:00,92864370,65061362,2,10.32,0
2024-01-25 22:35:00,57698077,30000000,2,6.41,0
2024-01-25 22:40:00,75334390,62698299,4,8.37,0
2024-01-25 22:45:00,86473927,36296733,3,9.61,0
2024-01-25 22:50:00,50000000,30000000,2,5.56,0
2024-01-25 22:55:00,112020661,64594519,1,12.45,0
2024-01-25 23:00:00,62514763,56758263,0,6.95,0
2024-01-25 23:05:00,50000000,30000000,2,5.56,0
2024-01-25 23:10:00,68850836,40991162,1,7.65,0
2024-01-25 23:15:00,65280402,53489027,2,7.25,0
2024-01-25 23:20:00,62008251,34201769,1,6.89,0
2024-01-25 23:25:00,82617059,37785868,2,9.18,0
2024-01-25 23:30:00,77002132,42028931,1,8.56,0
2024-01-25 23:35:00,67384002,54138319,2,7.49,0
2024-01-25 23:40:00,69916385,42658481,3,7.77,0
2024-01-25 23:45:00,58426689,54362596,1,6.49,0
2024-01-25 23:50:00,95738243,64822295,3,10.64,0
2024-01-25 23:55:00,50000000,30000000,4,5.56,0
2024-01-26 00:00:00,62793033,38186583,2,6.98,0
2024-01-26 00:05:00,61357606,30000000,0,6.82,0
2024-01-26 00:10:00,76494034,39212090,3,8.5,0
2024-01-26 00:15:00,50000000,74790842,0,5.56,0
2024-01-26 00:20:00,50000000,40186245,4,5.56,0
2024-01-26 00:25:00,64562939,47348743,1,7.17,0
2024-01-26 00:30:00,67677843,34374902,0,7.52,0
2024-01-26 00:35:00,92585225,71246976,1,10.29,0
2024-01-26 00:40:00,50000000,40994156,1,5.56,0
2024-01-26 00:45:00,87705408,71439457,1,9.75,0
2024-01-26 00:50:00,113037245,86153488,1,12.56,0
2024-01-26 00:55:00,59322605,30000000,4,6.59,0
2024-01-26 01:00:00,50000000,30000000,1,5.56,0
2024-01-26 01:05:00,61448547,30000000,2,6.83,0
2024-01-26 01:10:00,71388031,33393412,2,7.93,0
2024-01-26 01:15:00,84012526,53642039,4,9.33,0
2024-01-26 01:20:00,62645876,31919491,2,6.96,0
2024-01-26 01:25:00,107422082,85179234,2,11.94,0
2024-01-26 01:30:00,55978265,52633758,2,6.22,0
2024-01-26 01:35:00,50000000,30000000,1,5.56,0
2024-01-26 01:40:00,104620339,82325465,1,11.62,0
2024-01-26 01:45:00,50000000,44881346,0,5.56,0
2024-01-26 01:50:00,83034804,45313817,0,9.23,0
2024-01-26 01:55:00,151939201,71071367,2,16.88,0
2024-01-26 02:00:00,91913032,52968135,2,10.21,0
2024-01-26 02:05:00,72405798,36997257,2,8.05,0
2024-01-26 02:10:00,96438103,59927918,3,10.72,0
2024-01-26 02:15:00,99431277,60551049,1,11.05,0
2024-01-26 02:20:00,106616508,64600081,0,11.85,0
2024-01-26 02:25:00,119698554,77055980,0,13.3,0
2024-01-26 02:30:00,88812974,41162565,2,9.87,0
2024-01-26 02:35:00,146578685,92060813,1,16.29,0
2024-01-26 02:40:00,121051619,68234810,1,13.45,0
2024-01-26 02:45:00,134094327,82456418,1,14.9,0
2024-01-26 02:50:00,110490451,75868369,1,12.28,0
2024-01-26 02:55:00,152360291,79172177,2,16.93,0
2024-01-26 03:00:00,125153324,72279058,2,13.91,0
2024-01-26 03:05:00,139587916,82567407,3,15.51,0
2024-01-26 03:10:00,119196228,66375047,2,13.24,0
2024-01-26 03:15:00,121818371,82089318,3,13.54,0
2024-01-26 03:20:00,159495079,88493164,4,17.72,0
2024-01-26 03:25:00,140906230,78989734,2,15.66,0
2024-01-26 03:30:00,136820795,74993285,1,15.2,0
2024-01-26 03:35:00,145222017,98053764,1,16.14,0
2024-01-26 03:40:00,176320716,100867988,3,19.59,0
2024-01-26 03:45:00,154082386,97049886,1,17.12,0
2024-01-26 03:50:00,168694995,120974048,1,18.74,0
2024-01-26 03:55:00,175794973,104728799,2,19.53,0
2024-01-26 04:00:00,141653022,96112420,1,15.74,0
2024-01-26 04:05:00,155140167,109797641,1,17.24,0
2024-01-26 04:10:00,195905890,127815449,1,21.77,0
2024-01-26 04:15:00,179110127,107298063,3,19.9,0
2024-01-26 04:20:00,219706115,138244746,0,24.41,0
2024-01-26 04:25:00,222676936,120732375,0,24.74,0
2024-01-26 04:30:00,222539349,125723178,3,24.73,0
2024-01-26 04:35:00,249410306,143599432,2,27.71,0
2024-01-26 04:40:00,216253379,152158148,4,24.03,0
2024-01-26 04:45:00,235832166,133373454,2,26.2,0
2024-01-26 04:50:00,216142588,121410785,4,24.02,0
2024-01-26 04:55:00,281888434,158693851,1,31.32,0
2024-01-26 05:00:00,277556102,172131778,3,30.84,0
2024-01-26 05:05:00,243192994,147342010,2,27.02,0
2024-01-26 05:10:00,255786217,164339320,4,28.42,0
2024-01-26 05:15:00,280364274,174931161,2,31.15,0
2024-01-26 05:20:00,255381647,139425089,1,28.38,0
2024-01-26 05:25:00,250357905,142141965,5,27.82,0
2024-01-26 05:30:00,286153508,185345392,3,31.79,0
2024-01-26 05:35:00,275440734,163231458,2,30.6,0
2024-01-26 05:40:00,282742510,181521424,1,31.42,0
2024-01-26 05:45:00,267617822,159073883,2,29.74,0
2024-01-26 05:50:00,255177904,143430178,2,28.35,0
2024-01-26 05:55:00,299487275,176659757,4,33.28,0
2024-01-26 06:00:00,318099240,181179046,3,35.34,0
2024-01-26 06:05:00,300719437,174776134,0,33.41,0
2024-01-26 06:10:00,339197243,205527603,0,37.69,0
2024-01-26 06:15:00,301618424,186087105,0,33.51,0
2024-01-26 06:20:00,299823289,163992060,1,33.31,0
2024-01-26 06:25:00,324783443,194696386,0,36.09,0
2024-01-26 06:30:00,329674434,191938503,4,36.63,0
2024-01-26 06:35:00,351908987,204661244,5,39.1,0
2024-01-26 06:40:00,326176306,197032629,1,36.24,0
2024-01-26 06:45:00,374183562,219005618,4,41.58,0
2024-01-26 06:50:00,391283846,248591687,0,43.48,0
2024-01-26 06:55:00,356261733,225637658,2,39.58,0
2024-01-26 07:00:00,387110779,244084750,1,43.01,0
2024-01-26 07:05:00,346029021,202668311,1,38.45,0
2024-01-26 07:10:00,393673822,226579305,2,43.74,0
2024-01-26 07:15:00,398090999,239674899,2,44.23,0
2024-01-26 07:20:00,399353580,238108664,2,44.37,0
2024-01-26 07:25:00,386673867,225916088,2,42.96,0
2024-01-26 07:30:00,332759044,187898082,5,36.97,0
2024-01-26 07:35:00,383824662,229879617,3,42.65,0
2024-01-26 07:40:00,388910062,229305342,3,43.21,0
2024-01-26 07:45:00,386584186,238833982,1,42.95,0
2024-01-26 07:50:00,413264527,254609776,0,45.92,0
2024-01-26 07:55:00,407058035,255242819,2,45.23,0
2024-01-26 08:00:00,403507759,229511700,0,44.83,0
2024-01-26 08:05:00,403329578,246008330,1,44.81,0
2024-01-26 08:10:00,414641646,241510330,1,46.07,0
2024-01-26 08:15:00,455766840,261255961,1,50.64,0
2024-01-26 08:20:00,424437843,250376683,1,47.16,0
2024-01-26 08:25:00,431615541,269656374,1,47.96,0
2024-01-26 08:30:00,436968790,258458090,4,48.55,0
2024-01-26 08:35:00,457001503,289855448,3,50.78,0
2024-01-26 08:40:00,463394016,283525194,2,51.49,0
2024-01-26 08:45:00,397349864,234469014,2,44.15,0
2024-01-26 08:50:00,482574354,301145096,2,53.62,0
2024-01-26 08:55:00,494690494,301268264,1,54.97,0
2024-01-26 09:00:00,448701896,259895544,1,49.86,0
2024-01-26 09:05:00,453921385,290940857,4,50.44,0
2024-01-26 09:10:00,467941493,283359684,4,51.99,0
2024-01-26 09:15:00,465321473,279380845,3,51.7,0
2024-01-26 09:20:00,488329203,284442195,2,54.26,0
2024-01-26 09:25:00,448241770,280740444,0,49.8,0
2024-01-26 09:30:00,468046249,286000503,2,52.01,0
2024-01-26 09:35:00,524330649,320890771,3,58.26,0
2024-01-26 09:40:00,478032091,281743941,0,53.11,0
2024-01-26 09:45:00,524421272,322993769,1,58.27,0
2024-01-26 09:50:00,509520710,314830562,2,56.61,0
2024-01-26 09:55:00,468993494,274708314,1,52.11,0
2024-01-26 10:00:00,520552680,298161707,2,57.84,0
2024-01-26 10:05:00,508061075,310650375,3,56.45,0
2024-01-26 10:10:00,503773258,286530485,1,55.97,0
2024-01-26 10:15:00,520148599,313609317,0,57.79,0
2024-01-26 10:20:00,527006538,311731472,0,58.56,0
2024-01-26 10:25:00,533826591,332482606,2,59.31,0
2024-01-26 10:30:00,545296144,323249247,2,60.59,0
2024-01-26 10:35:00,531844606,330179493,2,59.09,0
2024-01-26 10:40:00,498013547,293666033,3,55.33,0
2024-01-26 10:45:00,517790321,320674103,1,57.53,0
2024-01-26 10:50:00,587753034,373255236,2,65.31,0
2024-01-26 10:55:00,544901786,316260600,3,60.54,0
2024-01-26 11:00:00,579207944,350445123,1,64.36,0
2024-01-26 11:05:00,561030778,364106291,1,62.34,0
2024-01-26 11:10:00,539147083,324154138,1,59.91,0
2024-01-26 11:15:00,541416608,325467847,3,60.16,0
2024-01-26 11:20:00,535622259,329258345,2,59.51,0
2024-01-26 11:25:00,502450670,301881210,1,55.83,0
2024-01-26 11:30:00,538307711,305912367,3,59.81,0
2024-01-26 11:35:00,562787012,348995081,1,62.53,0
2024-01-26 11:40:00,527093927,296226872,1,58.57,0
2024-01-26 11:45:00,547725201,324467204,5,60.86,0
2024-01-26 11:50:00,556803394,346156293,3,61.87,0
2024-01-26 11:55:00,521749277,309484142,1,57.97,0
2024-01-26 12:00:00,530973942,311647400,1,59.0,0
2024-01-26 12:05:00,519584656,320543433,2,57.73,0
2024-01-26 12:10:00,523328261,305485808,2,58.15,0
2024-01-26 12:15:00,513734035,296018164,1,57.08,0
2024-01-26 12:20:00,521077758,315391794,6,57.9,0
2024-01-26 12:25:00,566962634,338348347,2,63.0,0
2024-01-26 12:30:00,519637226,299345604,5,57.74,0
2024-01-26 12:35:00,539735946,330211093,5,59.97,0
2024-01-26 12:40:00,526296485,320422767,3,58.48,0
2024-01-26 12:45:00,558965786,331781921,1,62.11,0
2024-01-26 12:50:00,560534287,333407252,2,62.28,0
2024-01-26 12:55:00,550403496,334946025,1,61.16,0
2024-01-26 13:00:00,537944889,334670547,4,59.77,0
2024-01-26 13:05:00,525790774,312646532,0,58.42,0
2024-01-26 13:10:00,505054574,309579629,2,56.12,0
2024-01-26 13:15:00,566133808,345332287,1,62.9,0
2024-01-26 13:20:00,510332768,314992734,1,56.7,0
2024-01-26 13:25:00,536954815,322565981,2,59.66,0
2024-01-26 13:30:00,542922399,316630184,3,60.32,0
2024-01-26 13:35:00,508569145,300516495,5,56.51,0
2024-01-26 13:40:00,538274119,326393006,0,59.81,0
2024-01-26 13:45:00,530533722,336504877,1,58.95,0
2024-01-26 13:50:00,547441876,323624929,3,60.83,0
2024-01-26 13:55:00,501027492,308664369,1,55.67,0
2024-01-26 14:00:00,482128816,285996725,1,53.57,0
2024-01-26 14:05:00,495069053,298146119,1,55.01,0
2024-01-26 14:10:00,506591017,319108578,2,56.29,0
2024-01-26 14:15:00,500716961,308073102,4,55.64,0
2024-01-26 14:20:00,488727732,280823646,2,54.3,0
2024-01-26 14:25:00,455362755,267492903,4,50.6,0
2024-01-26 14:30:00,499814461,312450890,1,55.53,0
2024-01-26 14:35:00,526619165,317390279,1,58.51,0
2024-01-26 14:40:00,493135691,284393013,2,54.79,0
2024-01-26 14:45:00,492624264,287385034,1,54.74,0
2024-01-26 14:50:00,488395466,300072215,1,54.27,0
2024-01-26 14:55:00,481308284,298729073,2,53.48,0
2024-01-26 15:00:00,488338946,293181921,0,54.26,0
2024-01-26 15:05:00,473870607,309075502,1,52.65,0
2024-01-26 15:10:00,455888106,281774387,1,50.65,0
2024-01-26 15:15:00,442323217,262959119,0,49.15,0
2024-01-26 15:20:00,449289553,261416671,4,49.92,0
2024-01-26 15:25:00,456504223,264153690,1,50.72,0
2024-01-26 15:30:00,439781083,267222863,1,48.86,0
2024-01-26 15:35:00,448201089,264032883,3,49.8,0
2024-01-26 15:40:00,446441347,284602245,0,49.6,0
2024-01-26 15:45:00,450000444,284663384,0,50.0,0
2024-01-26 15:50:00,454607805,279095348,5,50.51,0
2024-01-26 15:55:00,426065730,243849476,3,47.34,0
2024-01-26 16:00:00,393844468,229584492,1,43.76,0
2024-01-26 16:05:00,408535222,257677908,3,45.39,0
2024-01-26 16:10:00,411700918,241389889,4,45.74,0
2024-01-26 16:15:00,369433910,232881763,4,41.05,0
2024-01-26 16:20:00,429201673,262267043,0,47.69,0
2024-01-26 16:25:00,399506763,240221237,3,44.39,0
2024-01-26 16:30:00,399471080,232654320,4,44.39,0
2024-01-26 16:35:00,414295658,247634956,3,46.03,0
2024-01-26 16:40:00,369481977,223585666,3,41.05,0
2024-01-26 16:45:00,388626310,243501175,2,43.18,0
2024-01-26 16:50:00,369972109,213125909,2,41.11,0
2024-01-26 16:55:00,363477226,215458167,2,40.39,0
2024-01-26 17:00:00,346672723,208451865,2,38.52,0
2024-01-26 17:05:00,390356678,240840790,5,43.37,0
2024-01-26 17:10:00,344435506,197576660,2,38.27,0
2024-01-26 17:15:00,360810962,203320879,1,40.09,0
2024-01-26 17:20:00,304175414,189244900,2,33.8,0
2024-01-26 17:25:00,360109383,200886138,3,40.01,0
2024-01-26 17:30:00,352370509,224272102,0,39.15,0
2024-01-26 17:35:00,328076732,195286778,0,36.45,0
2024-01-26 17:40:00,316378528,174351806,1,35.15,0
2024-01-26 17:45:00,323696751,189413848,5,35.97,0
2024-01-26 17:50:00,356244466,217537916,3,39.58,0
2024-01-26 17:55:00,269970838,156655492,3,30.0,0
2024-01-26 18:00:00,315640547,189584626,2,35.07,0
2024-01-26 18:05:00,276532081,173320032,1,30.73,0
2024-01-26 18:10:00,289132979,171457884,1,32.13,0
2024-01-26 18:15:00,279345646,158236811,0,31.04,0
2024-01-26 18:20:00,270516256,159319913,3,30.06,0
2024-01-26 18:25:00,273662647,178345989,1,30.41,0
2024-01-26 18:30:00,245990290,164444818,3,27.33,0
2024-01-26 18:35:00,284073996,150245135,1,31.56,0
2024-01-26 18:40:00,222441567,144375219,1,24.72,0
2024-01-26 18:45:00,263973612,160885644,1,29.33,0
2024-01-26 18:50:00,241523775,154154092,0,26.84,0
2024-01-26 18:55:00,219536887,126217250,0,24.39,0
2024-01-26 19:00:00,241931096,127476022,2,26.88,0
2024-01-26 19:05:00,201702014,126866096,2,22.41,0
2024-01-26 19:10:00,228624884,127765158,2,25.4,0
2024-01-26 19:15:00,194396990,102755269,1,21.6,0
2024-01-26 19:20:00,227140607,123100350,2,25.24,0
2024-01-26 19:25:00,194527724,122725772,2,21.61,0
2024-01-26 19:30:00,199136095,120876182,3,22.13,0
2024-01-26 19:35:00,209219782,133356529,3,23.25,0
2024-01-26 19:40:00,183120774,116563217,1,20.35,0
2024-01-26 19:45:00,192691434,111405524,3,21.41,0
2024-01-26 19:50:00,158903722,94637497,2,17.66,0
2024-01-26 19:55:00,197180207,113193749,3,21.91,0
2024-01-26 20:00:00,215298276,127075687,4,23.92,0
2024-01-26 20:05:00,231338595,129130609,2,25.7,0
2024-01-26 20:10:00,172871456,107627717,5,19.21,0
2024-01-26 20:15:00,182427226,120207543,1,20.27,0
2024-01-26 20:20:00,126729141,67871354,1,14.08,0
2024-01-26 20:25:00,188140370,125696919,3,20.9,0
2024-01-26 20:30:00,169421827,102788311,1,18.82,0
2024-01-26 20:35:00,140099697,86470608,0,15.57,0
2024-01-26 20:40:00,170474589,85290458,1,18.94,0
2024-01-26 20:45:00,136667482,63927866,1,15.19,0
2024-01-26 20:50:00,128697846,78659871,5,14.3,0
2024-01-26 20:55:00,143543565,94023460,2,15.95,0
2024-01-26 21:00:00,109027282,58702565,2,12.11,0
2024-01-26 21:05:00,147065144,104940025,3,16.34,0
2024-01-26 21:10:00,101933642,68509545,4,11.33,0
2024-01-26 21:15:00,98557350,50050997,1,10.95,0
2024-01-26 21:20:00,97955537,59081809,2,10.88,0
2024-01-26 21:25:00,128017724,101579926,2,14.22,0
2024-01-26 21:30:00,97259691,45930174,0,10.81,0
2024-01-26 21:35:00,79493379,52978726,2,8.83,0
2024-01-26 21:40:00,91289909,51546500,3,10.14,0
2024-01-26 21:45:00,99806445,66952830,2,11.09,0
2024-01-26 21:50:00,73966603,57052698,2,8.22,0
2024-01-26 21:55:00,71787528,39210146,3,7.98,0
2024-01-26 22:00:00,134379829,91817020,1,14.93,0
2024-01-26 22:05:00,72374270,65636596,0,8.04,0
2024-01-26 22:10:00,80656552,49056678,2,8.96,0
2024-01-26 22:15:00,77405802,54292368,1,8.6,0
2024-01-26 22:20:00,74058994,38530989,3,8.23,0
2024-01-26 22:25:00,92752179,55843900,2,10.31,0
2024-01-26 22:30:00,97231771,56572311,0,10.8,0
2024-01-26 22:35:00,70199022,50088772,2,7.8,0
2024-01-26 22:40:00,50000000,42046759,4,5.56,0
2024-01-26 22:45:00,98225573,57838795,2,10.91,0
2024-01-26 22:50:00,69201109,56856894,1,7.69,0
2024-01-26 22:55:00,104194471,77817157,1,11.58,0
2024-01-26 23:00:00,50000000,38468537,2,5.56,0
2024-01-26 23:05:00,70785967,37311315,1,7.87,0
2024-01-26 23:10:00,104061084,56318362,1,11.56,0
2024-01-26 23:15:00,57546249,30000000,3,6.39,0
2024-01-26 23:20:00,59136270,44973423,2,6.57,0
2024-01-26 23:25:00,68703471,30000000,2,7.63,0
2024-01-26 23:30:00,50877316,37294766,0,5.65,0
2024-01-26 23:35:00,55185040,30000000,2,6.13,0
2024-01-26 23:40:00,54156970,40729643,3,6.02,0
2024-01-26 23:45:00,50000000,30172195,5,5.56,0
2024-01-26 23:50:00,84805557,64219720,1,9.42,0
2024-01-26 23:55:00,69278674,52981750,5,7.7,0
2024-01-27 00:00:00,65012564,53358192,2,7.22,0
2024-01-27 00:05:00,76228533,60345307,1,8.47,0
2024-01-27 00:10:00,54941310,34401094,1,6.1,0
2024-01-27 00:15:00,50000000,30000000,0,5.56,0
2024-01-27 00:20:00,50000000,30000000,2,5.56,0
2024-01-27 00:25:00,61462139,30000000,3,6.83,0
2024-01-27 00:30:00,50000000,30000000,1,5.56,0
2024-01-27 00:35:00,52788017,32361046,2,5.87,0
2024-01-27 00:40:00,53323806,30000000,1,5.92,0
2024-01-27 00:45:00,107102657,62460238,1,11.9,0
2024-01-27 00:50:00,50000000,34927154,3,5.56,0
2024-01-27 00:55:00,63285508,34930652,2,7.03,0
2024-01-27 01:00:00,102691677,50396718,1,11.41,0
2024-01-27 01:05:00,72024924,42682617,4,8.0,0
2024-01-27 01:10:00,86176281,42720863,0,9.58,0
2024-01-27 01:15:00,74733295,42132112,2,8.3,0
2024-01-27 01:20:00,61127103,50104031,3,6.79,0
2024-01-27 01:25:00,50000000,30000000,4,5.56,0
2024-01-27 01:30:00,82378025,67136391,3,9.15,0
2024-01-27 01:35:00,64813112,53204227,0,7.2,0
2024-01-27 01:40:00,66479422,34094600,2,7.39,0
2024-01-27 01:45:00,74770796,33751240,1,8.31,0
2024-01-27 01:50:00,122014628,72683235,0,13.56,0
2024-01-27 01:55:00,137682329,94142675,1,15.3,0
2024-01-27 02:00:00,96498061,52996928,0,10.72,0
2024-01-27 02:05:00,85525806,60396386,3,9.5,0
2024-01-27 02:10:00,74041524,56509314,2,8.23,0
2024-01-27 02:15:00,109818096,58150601,1,12.2,0
2024-01-27 02:20:00,139061621,76676461,2,15.45,0
2024-01-27 02:25:00,101506487,68030512,3,11.28,0
2024-01-27 02:30:00,62015277,38727642,4,6.89,0
2024-01-27 02:35:00,126228717,68876615,1,14.03,0
2024-01-27 02:40:00,135857327,77992592,2,15.1,0
2024-01-27 02:45:00,87841533,51999724,1,9.76,0
2024-01-27 02:50:00,126583122,60301329,1,14.06,0
2024-01-27 02:55:00,135657169,89050732,4,15.07,0
2024-01-27 03:00:00,128832226,72512413,3,14.31,0
2024-01-27 03:05:00,118221448,43095706,2,13.14,0
2024-01-27 03:10:00,158177094,94667547,2,17.58,0
2024-01-27 03:15:00,133689409,72797933,0,14.85,0
2024-01-27 03:20:00,116027250,86504572,1,12.89,0
2024-01-27 03:25:00,108788876,59418875,1,12.09,0
2024-01-27 03:30:00,179114247,96492114,1,19.9,0
2024-01-27 03:35:00,170418963,107330705,2,18.94,0
2024-01-27 03:40:00,164101126,91856202,1,18.23,0
2024-01-27 03:45:00,157857651,86920028,1,17.54,0
2024-01-27 03:50:00,160468125,101375889,0,17.83,0
2024-01-27 03:55:00,153979685,81983137,1,17.11,0
2024-01-27 04:00:00,171370887,88249795,2,19.04,0
2024-01-27 04:05:00,142160951,102556550,6,15.8,0
2024-01-27 04:10:00,174459059,110470423,0,19.38,0
2024-01-27 04:15:00,187631964,109937085,3,20.85,0
2024-01-27 04:20:00,210769218,126426758,1,23.42,0
2024-01-27 04:25:00,202542265,126584002,1,22.5,0
2024-01-27 04:30:00,224054438,144166037,0,24.89,0
2024-01-27 04:35:00,239997572,136438790,2,26.67,0
2024-01-27 04:40:00,239078567,147108605,4,26.56,0
2024-01-27 04:45:00,232264725,134291793,3,25.81,0
2024-01-27 04:50:00,228067861,134950904,2,25.34,0
2024-01-27 04:55:00,213225276,129542094,2,23.69,0
2024-01-27 05:00:00,252682310,151542600,3,28.08,0
2024-01-27 05:05:00,276550333,173285869,1,30.73,0
2024-01-27 05:10:00,254896613,157808833,2,28.32,0
2024-01-27 05:15:00,291523505,159832411,2,32.39,0
2024-01-27 05:20:00,227813003,123109569,0,25.31,0
2024-01-27 05:25:00,240407119,140547104,1,26.71,0
2024-01-27 05:30:00,285777744,189752899,3,31.75,0
2024-01-27 05:35:00,279157754,158978734,0,31.02,0
2024-01-27 05:40:00,305358265,181132732,3,33.93,0
2024-01-27 05:45:00,283993816,165032829,4,31.55,0
2024-01-27 05:50:00,272171838,157762659,0,30.24,0
2024-01-27 05:55:00,290492562,176077935,1,32.28,0
2024-01-27 06:00:00,269346320,175615565,4,29.93,0
2024-01-27 06:05:00,282663758,174157939,2,31.41,0
2024-01-27 06:10:00,329917532,189915210,1,36.66,0
2024-01-27 06:15:00,333152499,227423794,4,37.02,0
2024-01-27 06:20:00,328177463,197692210,1,36.46,0
2024-01-27 06:25:00,291706499,169251690,1,32.41,0
2024-01-27 06:30:00,324158214,208615892,2,36.02,0
2024-01-27 06:35:00,312009614,182515062,1,34.67,0
2024-01-27 06:40:00,365206227,235752873,2,40.58,0
2024-01-27 06:45:00,335147234,192381912,2,37.24,0
2024-01-27 06:50:00,330230553,212438635,1,36.69,0
2024-01-27 06:55:00,357640537,216594799,3,39.74,0
2024-01-27 07:00:00,349313481,222498611,0,38.81,0
2024-01-27 07:05:00,396833841,257117962,2,44.09,0
2024-01-27 07:10:00,357473173,203157831,5,39.72,0
2024-01-27 07:15:00,349160906,222254262,1,38.8,0
2024-01-27 07:20:00,339026564,189326899,1,37.67,0
2024-01-27 07:25:00,386369399,221349795,2,42.93,0
2024-01-27 07:30:00,380605421,220329158,3,42.29,0
2024-01-27 07:35:00,368081113,225885034,1,40.9,0
2024-01-27 07:40:00,425212912,255457905,0,47.25,0
2024-01-27 07:45:00,419494188,250025152,2,46.61,0
2024-01-27 07:50:00,410255309,247615538,4,45.58,0
2024-01-27 07:55:00,442723829,271547193,6,49.19,0
2024-01-27 08:00:00,433250720,266632913,3,48.14,0
2024-01-27 08:05:00,408048463,255770746,2,45.34,0
2024-01-27 08:10:00,408167502,263100849,4,45.35,0
2024-01-27 08:15:00,449696486,269604268,0,49.97,0
2024-01-27 08:20:00,445585683,262140520,2,49.51,0
2024-01-27 08:25:00,445309270,273320923,0,49.48,0
2024-01-27 08:30:00,429172786,246061123,1,47.69,0
2024-01-27 08:35:00,462380584,270641309,4,51.38,0
2024-01-27 08:40:00,439159048,273489238,1,48.8,0
2024-01-27 08:45:00,456203262,272480673,3,50.69,0
2024-01-27 08:50:00,491080532,282566395,4,54.56,0
2024-01-27 08:55:00,452746448,256749838,3,50.31,0
2024-01-27 09:00:00,438245842,263434672,2,48.69,0
2024-01-27 09:05:00,452316407,282808809,2,50.26,0
2024-01-27 09:10:00,496832537,309384980,2,55.2,0
2024-01-27 09:15:00,485536176,292430510,6,53.95,0
2024-01-27 09:20:00,481273118,308852965,7,53.47,0
2024-01-27 09:25:00,476990399,285146036,2,53.0,0
2024-01-27 09:30:00,500111999,298681523,2,55.57,0
2024-01-27 09:35:00,476564608,260264405,1,52.95,0
2024-01-27 09:40:00,502709802,297152251,0,55.86,0
2024-01-27 09:45:00,484927615,299476719,4,53.88,0
2024-01-27 09:50:00,484460759,306316068,2,53.83,0
2024-01-27 09:55:00,492429100,287155113,3,54.71,0
2024-01-27 10:00:00,500337947,304825292,2,55.59,0
2024-01-27 10:05:00,509437824,316131485,1,56.6,0
2024-01-27 10:10:00,517591715,310667111,1,57.51,0
2024-01-27 10:15:00,441482152,242056486,2,49.05,0
2024-01-27 10:20:00,501360857,303289414,1,55.71,0
2024-01-27 10:25:00,511843355,314720319,2,56.87,0
2024-01-27 10:30:00,551832328,321625168,1,61.31,0
2024-01-27 10:35:00,502081836,298707556,3,55.79,0
2024-01-27 10:40:00,528782161,305714336,0,58.75,0
2024-01-27 10:45:00,557163837,308596826,3,61.91,0
2024-01-27 10:50:00,502632697,311849662,2,55.85,0
2024-01-27 10:55:00,538291469,322937396,1,59.81,0
2024-01-27 11:00:00,515776761,325442806,2,57.31,0
2024-01-27 11:05:00,523029421,322390875,3,58.11,0
2024-01-27 11:10:00,518248825,307407197,1,57.58,0
2024-01-27 11:15:00,520751321,311618986,0,57.86,0
2024-01-27 11:20:00,590792103,360137036,2,65.64,0
2024-01-27 11:25:00,554095879,342126362,0,61.57,0
2024-01-27 11:30:00,559981523,339215620,2,62.22,0
2024-01-27 11:35:00,548413390,340103965,2,60.93,0
2024-01-27 11:40:00,506961591,301210267,2,56.33,0
2024-01-27 11:45:00,547385300,318459745,1,60.82,0
2024-01-27 11:50:00,561230165,336090006,0,62.36,0
2024-01-27 11:55:00,522874897,315776787,5,58.1,0
2024-01-27 12:00:00,559306533,323568566,0,62.15,0
2024-01-27 12:05:00,554029610,319050545,4,61.56,0
2024-01-27 12:10:00,576812374,350561287,1,64.09,0
2024-01-27 12:15:00,531130481,314614720,3,59.01,0
2024-01-27 12:20:00,517134507,308622295,5,57.46,0
2024-01-27 12:25:00,531340958,315207648,3,59.04,0
2024-01-27 12:30:00,566658186,355200920,1,62.96,0
2024-01-27 12:35:00,500638644,313000798,3,55.63,0
2024-01-27 12:40:00,494986346,284618270,1,55.0,0
2024-01-27 12:45:00,537176372,316977891,2,59.69,0
2024-01-27 12:50:00,525459255,323775596,2,58.38,0
2024-01-27 12:55:00,533276654,325985355,4,59.25,0
2024-01-27 13:00:00,550728433,330022480,1,61.19,0
2024-01-27 13:05:00,519360578,300240344,3,57.71,0
2024-01-27 13:10:00,491431951,288033770,0,54.6,0
2024-01-27 13:15:00,568152862,335724041,1,63.13,0
2024-01-27 13:20:00,505581663,306118941,3,56.18,0
2024-01-27 13:25:00,502501146,318537959,1,55.83,0
2024-01-27 13:30:00,543805488,319414490,4,60.42,0
2024-01-27 13:35:00,511984972,296930631,4,56.89,0
2024-01-27 13:40:00,516246071,308661778,3,57.36,0
2024-01-27 13:45:00,524905260,325260546,3,58.32,0
2024-01-27 13:50:00,534554262,306263727,3,59.39,0
2024-01-27 13:55:00,503745207,316783466,2,55.97,0
2024-01-27 14:00:00,538245137,321226768,1,59.81,0
2024-01-27 14:05:00,462462851,270134511,2,51.38,0
2024-01-27 14:10:00,517609691,294563922,3,57.51,0
2024-01-27 14:15:00,482762155,296722501,0,53.64,0
2024-01-27 14:20:00,524041916,312713438,4,58.23,0
2024-01-27 14:25:00,496387594,299539611,3,55.15,0
2024-01-27 14:30:00,476946695,277159899,0,52.99,0
2024-01-27 14:35:00,500429097,297066498,4,55.6,0
2024-01-27 14:40:00,501714433,296162847,5,55.75,0
2024-01-27 14:45:00,493279436,294961730,1,54.81,0
2024-01-27 14:50:00,456352636,267116058,1,50.71,0
2024-01-27 14:55:00,463687008,262870395,1,51.52,0
2024-01-27 15:00:00,469624170,309059499,1,52.18,0
2024-01-27 15:05:00,465137940,265448721,2,51.68,0
2024-01-27 15:10:00,477136559,288096525,3,53.02,0
2024-01-27 15:15:00,417944970,233046704,1,46.44,0
2024-01-27 15:20:00,460955567,256602866,1,51.22,0
2024-01-27 15:25:00,444422006,267631468,0,49.38,0
2024-01-27 15:30:00,429332730,259343314,1,47.7,0
2024-01-27 15:35:00,427064580,268853737,3,47.45,0
2024-01-27 15:40:00,433367591,264016023,2,48.15,0
2024-01-27 15:45:00,361315153,215290985,4,40.15,0
2024-01-27 15:50:00,414926114,239459666,2,46.1,0
2024-01-27 15:55:00,406989285,259183691,5,45.22,0
2024-01-27 16:00:00,430655664,267681910,2,47.85,0
2024-01-27 16:05:00,399326770,227132767,4,44.37,0
2024-01-27 16:10:00,406517391,244290071,3,45.17,0
2024-01-27 16:15:00,436994818,263637413,1,48.55,0
2024-01-27 16:20:00,421315413,249332711,3,46.81,0
2024-01-27 16:25:00,414704633,256541284,1,46.08,0
2024-01-27 16:30:00,381846575,237425276,1,42.43,0
2024-01-27 16:35:00,397845774,236802607,2,44.21,0
2024-01-27 16:40:00,377406878,223635434,3,41.93,0
2024-01-27 16:45:00,373223607,238923749,0,41.47,0
2024-01-27 16:50:00,380363098,237546248,1,42.26,0
2024-01-27 16:55:00,355219091,213855058,2,39.47,0
2024-01-27 17:00:00,391976632,218893889,2,43.55,0
2024-01-27 17:05:00,353842011,215745207,2,39.32,0
2024-01-27 17:10:00,364312718,225568465,3,40.48,0
2024-01-27 17:15:00,375933686,198014995,4,41.77,0
2024-01-27 17:20:00,362308638,219903877,2,40.26,0
2024-01-27 17:25:00,308331230,180831818,1,34.26,0
2024-01-27 17:30:00,340224204,201925979,5,37.8,0
2024-01-27 17:35:00,343142437,196811653,3,38.13,0
2024-01-27 17:40:00,338754638,201770890,4,37.64,0
2024-01-27 17:45:00,293430854,189978428,2,32.6,0
2024-01-27 17:50:00,297327948,173932783,1,33.04,0
2024-01-27 17:55:00,325126737,204731777,2,36.13,0
2024-01-27 18:00:00,284764792,162795563,1,31.64,0
2024-01-27 18:05:00,288770506,180849865,2,32.09,0
2024-01-27 18:10:00,321048863,192645876,1,35.67,0
2024-01-27 18:15:00,283347263,173528606,3,31.48,0
2024-01-27 18:20:00,264547138,158799815,1,29.39,0
2024-01-27 18:25:00,256319602,160208014,2,28.48,0
2024-01-27 18:30:00,275328100,139521009,4,30.59,0
2024-01-27 18:35:00,236827427,127898203,5,26.31,0
2024-01-27 18:40:00,253377718,156197435,2,28.15,0
2024-01-27 18:45:00,259842933,135470376,1,28.87,0
2024-01-27 18:50:00,274037489,159116689,1,30.45,0
2024-01-27 18:55:00,256306347,153240400,1,28.48,0
2024-01-27 19:00:00,223602126,125879874,0,24.84,0
2024-01-27 19:05:00,256409422,146930039,2,28.49,0
2024-01-27 19:10:00,221840307,135820006,0,24.65,0
2024-01-27 19:15:00,198140467,128977230,0,22.02,0
2024-01-27 19:20:00,214474338,119100109,4,23.83,0
2024-01-27 19:25:00,241778254,139316370,0,26.86,0
2024-01-27 19:30:00,211460777,119563856,3,23.5,0
2024-01-27 19:35:00,203591231,97940941,1,22.62,0
2024-01-27 19:40:00,231315850,140206627,2,25.7,0
2024-01-27 19:45:00,165223617,108481347,2,18.36,0
2024-01-27 19:50:00,163468350,108247442,0,18.16,0
2024-01-27 19:55:00,152245766,82639795,3,16.92,0
2024-01-27 20:00:00,187452963,99954797,4,20.83,0
2024-01-27 20:05:00,178824280,107510623,2,19.87,0
2024-01-27 20:10:00,201902821,129434429,0,22.43,0
2024-01-27 20:15:00,171532645,104468091,2,19.06,0
2024-01-27 20:20:00,154258512,95448153,3,17.14,0
2024-01-27 20:25:00,158121581,106291258,3,17.57,0
2024-01-27 20:30:00,156251405,86359477,0,17.36,0
2024-01-27 20:35:00,116343141,67606183,1,12.93,0
2024-01-27 20:40:00,199937606,136308619,1,22.22,0
2024-01-27 20:45:00,152154424,89324543,1,16.91,0
2024-01-27 20:50:00,142058516,72561740,6,15.78,0
2024-01-27 20:55:00,146340146,81110526,1,16.26,0
2024-01-27 21:00:00,144482592,77307756,3,16.05,0
2024-01-27 21:05:00,123821579,77864573,2,13.76,0
2024-01-27 21:10:00,110428616,57297699,2,12.27,0
2024-01-27 21:15:00,131547459,81638818,2,14.62,0
2024-01-27 21:20:00,123863550,66957478,2,13.76,0
2024-01-27 21:25:00,96629922,36744167,1,10.74,0
2024-01-27 21:30:00,137975910,85851744,3,15.33,0
2024-01-27 21:35:00,112320335,68876838,1,12.48,0
2024-01-27 21:40:00,117999896,75977516,4,13.11,0
2024-01-27 21:45:00,128285710,70241554,3,14.25,0
2024-01-27 21:50:00,98023829,51018852,2,10.89,0
2024-01-27 21:55:00,101160191,64710783,1,11.24,0
2024-01-27 22:00:00,108354447,80202864,2,12.04,0
2024-01-27 22:05:00,75088356,45164694,3,8.34,0
2024-01-27 22:10:00,88198433,57164910,4,9.8,0
2024-01-27 22:15:00,87261513,49141031,3,9.7,0
2024-01-27 22:20:00,63364960,30000000,5,7.04,0
2024-01-27 22:25:00,126677980,85681082,2,14.08,0
2024-01-27 22:30:00,50123043,39157968,2,5.57,0
2024-01-27 22:35:00,50356033,37321360,3,5.6,0
2024-01-27 22:40:00,100758302,58635527,3,11.2,0
2024-01-27 22:45:00,87002093,58171817,2,9.67,0
2024-01-27 22:50:00,50588635,39290799,3,5.62,0
2024-01-27 22:55:00,81733815,65241875,4,9.08,0
2024-01-27 23:00:00,97534810,68406147,1,10.84,0
2024-01-27 23:05:00,66272642,40401797,3,7.36,0
2024-01-27 23:10:00,117665416,57516717,3,13.07,0
2024-01-27 23:15:00,50000000,31556582,1,5.56,0
2024-01-27 23:20:00,77522608,49079338,4,8.61,0
2024-01-27 23:25:00,86123804,58764580,1,9.57,0
2024-01-27 23:30:00,79880111,61466985,1,8.88,0
2024-01-27 23:35:00,57339364,33452113,3,6.37,0
2024-01-27 23:40:00,55104442,54072537,1,6.12,0
2024-01-27 23:45:00,69396761,30000000,0,7.71,0
2024-01-27 23:50:00,76543516,50119528,1,8.5,0
2024-01-27 23:55:00,72106582,35278745,2,8.01,0
2024-01-28 00:00:00,80801157,30000000,4,8.98,0
2024-01-28 00:05:00,50000000,30000000,0,5.56,0
2024-01-28 00:10:00,55673007,30000000,1,6.19,0
2024-01-28 00:15:00,50000000,30000000,3,5.56,0
2024-01-28 00:20:00,53191016,32262302,3,5.91,0
2024-01-28 00:25:00,81730896,60223952,0,9.08,0
2024-01-28 00:30:00,64212911,30000000,0,7.13,0
2024-01-28 00:35:00,114930420,78042704,1,12.77,0
2024-01-28 00:40:00,67514266,41489364,7,7.5,0
2024-01-28 00:45:00,65805370,49771713,3,7.31,0
2024-01-28 00:50:00,67812616,36370058,3,7.53,0
2024-01-28 00:55:00,54121729,30000000,4,6.01,0
2024-01-28 01:00:00,67021069,30000000,4,7.45,0
2024-01-28 01:05:00,92143795,42368202,3,10.24,0
2024-01-28 01:10:00,73387345,48810548,0,8.15,0
2024-01-28 01:15:00,56867574,48889764,3,6.32,0
2024-01-28 01:20:00,55972078,30000000,1,6.22,0
2024-01-28 01:25:00,67314073,46679797,3,7.48,0
2024-01-28 01:30:00,79746180,32613287,1,8.86,0
2024-01-28 01:35:00,104196975,64321397,3,11.58,0
2024-01-28 01:40:00,55676358,40091441,0,6.19,0
2024-01-28 01:45:00,78354016,32531162,1,8.71,0
2024-01-28 01:50:00,90003600,51963325,0,10.0,0
2024-01-28 01:55:00,52911463,38906049,7,5.88,0
2024-01-28 02:00:00,75481937,30000000,1,8.39,0
2024-01-28 02:05:00,81223380,62088558,3,9.02,0
2024-01-28 02:10:00,81666645,52536781,3,9.07,0
2024-01-28 02:15:00,104285083,69738326,5,11.59,0
2024-01-28 02:20:00,100192317,55988197,0,11.13,0
2024-01-28 02:25:00,95347572,39981318,2,10.59,0
2024-01-28 02:30:00,118154450,76233300,1,13.13,0
2024-01-28 02:35:00,147289218,87547627,2,16.37,0
2024-01-28 02:40:00,148934463,89681832,3,16.55,0
2024-01-28 02:45:00,81103010,59537876,2,9.01,0
2024-01-28 02:50:00,134594882,88377568,3,14.95,0
2024-01-28 02:55:00,123072183,93055684,1,13.67,0
2024-01-28 03:00:00,133397479,81577029,2,14.82,0
2024-01-28 03:05:00,126071205,68730599,3,14.01,0
2024-01-28 03:10:00,140210122,82241905,3,15.58,0
2024-01-28 03:15:00,144785152,91027725,0,16.09,0
2024-01-28 03:20:00,134151938,90649728,2,14.91,0
2024-01-28 03:25:00,131851015,64440269,1,14.65,0
2024-01-28 03:30:00,144923343,87039382,3,16.1,0
2024-01-28 03:35:00,162770869,113757938,1,18.09,0
2024-01-28 03:40:00,174321582,102190860,1,19.37,0
2024-01-28 03:45:00,183730123,119548192,2,20.41,0
2024-01-28 03:50:00,161164293,101629751,1,17.91,0
2024-01-28 03:55:00,181171309,118261391,2,20.13,0
2024-01-28 04:00:00,199250051,111452425,2,22.14,0
2024-01-28 04:05:00,207874593,116670739,2,23.1,0
2024-01-28 04:10:00,188003675,113004924,2,20.89,0
2024-01-28 04:15:00,189432079,98337030,2,21.05,0
2024-01-28 04:20:00,202394101,118739055,2,22.49,0
2024-01-28 04:25:00,180346644,110736753,0,20.04,0
2024-01-28 04:30:00,204283786,140416627,0,22.7,0
2024-01-28 04:35:00,227906598,140771141,1,25.32,0
2024-01-28 04:40:00,230754108,144704749,4,25.64,0
2024-01-28 04:45:00,217449176,142114264,2,24.16,0
2024-01-28 04:50:00,232184972,129664407,1,25.8,0
2024-01-28 04:55:00,216348029,128157991,1,24.04,0
2024-01-28 05:00:00,251953272,175426089,1,27.99,0
2024-01-28 05:05:00,241398957,144048152,1,26.82,0
2024-01-28 05:10:00,242535463,156685585,1,26.95,0
2024-01-28 05:15:00,245943845,157203686,1,27.33,0
2024-01-28 05:20:00,257066560,139458798,2,28.56,0
2024-01-28 05:25:00,254532834,155824493,2,28.28,0
2024-01-28 05:30:00,281836574,170569419,2,31.32,0
2024-01-28 05:35:00,265966279,162879355,2,29.55,0
2024-01-28 05:40:00,310941903,179024017,3,34.55,0
2024-01-28 05:45:00,313607459,176995280,1,34.85,0
2024-01-28 05:50:00,271700477,158260186,0,30.19,0
2024-01-28 05:55:00,296158512,176717157,0,32.91,0
2024-01-28 06:00:00,286986867,184041965,1,31.89,0
2024-01-28 06:05:00,298702621,197394680,4,33.19,0
2024-01-28 06:10:00,350517202,224276299,2,38.95,0
2024-01-28 06:15:00,309545322,194329045,1,34.39,0
2024-01-28 06:20:00,328121899,186829736,0,36.46,0
2024-01-28 06:25:00,336954475,198083723,2,37.44,0
2024-01-28 06:30:00,311313698,188887479,5,34.59,0
2024-01-28 06:35:00,319407703,185320231,1,35.49,0
2024-01-28 06:40:00,317555115,196305125,5,35.28,0
2024-01-28 06:45:00,329102262,204666218,1,36.57,0
2024-01-28 06:50:00,294944905,182329843,1,32.77,0
2024-01-28 06:55:00,367936262,231013103,3,40.88,0
2024-01-28 07:00:00,403200447,232874356,6,44.8,0
2024-01-28 07:05:00,370115378,231397513,1,41.12,0
2024-01-28 07:10:00,343844014,199349954,5,38.2,0
2024-01-28 07:15:00,364289944,209164606,1,40.48,0
2024-01-28 07:20:00,372907297,229065539,2,41.43,0
2024-01-28 07:25:00,366633433,232138795,4,40.74,0
2024-01-28 07:30:00,409047676,250308740,2,45.45,0
2024-01-28 07:35:00,412864406,247926684,1,45.87,0
2024-01-28 07:40:00,378319346,230093146,3,42.04,0
2024-01-28 07:45:00,420650906,253754813,1,46.74,0
2024-01-28 07:50:00,441355920,253554043,1,49.04,0
2024-01-28 07:55:00,453488468,259666879,1,50.39,0
2024-01-28 08:00:00,477304240,285594285,0,53.03,0
2024-01-28 08:05:00,406465728,244678005,0,45.16,0
2024-01-28 08:10:00,485436314,291375112,1,53.94,0
2024-01-28 08:15:00,426252728,262512653,2,47.36,0
2024-01-28 08:20:00,425809035,253330654,1,47.31,0
2024-01-28 08:25:00,448455763,274703249,2,49.83,0
2024-01-28 08:30:00,434461516,259231042,1,48.27,0
2024-01-28 08:35:00,458202516,293155099,1,50.91,0
2024-01-28 08:40:00,427867482,257527626,0,47.54,0
2024-01-28 08:45:00,453467943,295487992,2,50.39,0
2024-01-28 08:50:00,487853294,296232092,1,54.21,0
2024-01-28 08:55:00,464821907,276756372,1,51.65,0
2024-01-28 09:00:00,472537543,274528046,5,52.5,0
2024-01-28 09:05:00,482872522,275294628,0,53.65,0
2024-01-28 09:10:00,500359793,290301453,3,55.6,0
2024-01-28 09:15:00,447337059,259606172,1,49.7,0
2024-01-28 09:20:00,495541147,301272888,1,55.06,0
2024-01-28 09:25:00,481809493,283824042,1,53.53,0
2024-01-28 09:30:00,493737559,298111806,4,54.86,0
2024-01-28 09:35:00,514745708,321667208,2,57.19,0
2024-01-28 09:40:00,472712757,282749571,2,52.52,0
2024-01-28 09:45:00,479299818,308371457,2,53.26,0
2024-01-28 09:50:00,463705347,266465098,4,51.52,0
2024-01-28 09:55:00,494195670,295011566,4,54.91,0
2024-01-28 10:00:00,534454743,315279717,2,59.38,0
2024-01-28 10:05:00,508002677,314166672,4,56.44,0
2024-01-28 10:10:00,486080102,269250144,1,54.01,0
2024-01-28 10:15:00,505535883,288890376,1,56.17,0
2024-01-28 10:20:00,487756634,291580512,1,54.2,0
2024-01-28 10:25:00,497171032,313816396,2,55.24,0
2024-01-28 10:30:00,529507466,319962897,5,58.83,0
2024-01-28 10:35:00,500204422,286607178,2,55.58,0
2024-01-28 10:40:00,547778915,316695683,1,60.86,0
2024-01-28 10:45:00,525840825,332234392,3,58.43,0
2024-01-28 10:50:00,530603962,312151029,3,58.96,0
2024-01-28 10:55:00,524844505,305477069,3,58.32,0
2024-01-28 11:00:00,547279155,343141218,0,60.81,0
2024-01-28 11:05:00,548785294,339382146,2,60.98,0
2024-01-28 11:10:00,541012128,337347873,0,60.11,0
2024-01-28 11:15:00,546684249,318510130,5,60.74,0
2024-01-28 11:20:00,532112067,304016183,2,59.12,0
2024-01-28 11:25:00,548050822,330162158,3,60.89,0
2024-01-28 11:30:00,531189211,322064788,6,59.02,0
2024-01-28 11:35:00,538618153,326816910,1,59.85,0
2024-01-28 11:40:00,533593852,334938150,3,59.29,0
2024-01-28 11:45:00,530341770,300867391,5,58.93,0
2024-01-28 11:50:00,525989337,324190552,1,58.44,0
2024-01-28 11:55:00,549296688,318611762,3,61.03,0
2024-01-28 12:00:00,566212118,348284624,2,62.91,0
2024-01-28 12:05:00,563364925,333269388,2,62.6,0
2024-01-28 12:10:00,514640266,300644441,3,57.18,0
2024-01-28 12:15:00,565270202,333063094,1,62.81,0
2024-01-28 12:20:00,532723557,305178032,2,59.19,0
2024-01-28 12:25:00,550588181,330757198,3,61.18,0
2024-01-28 12:30:00,519822460,304166742,1,57.76,0
2024-01-28 12:35:00,540046360,331890798,0,60.01,0
2024-01-28 12:40:00,542628324,331977555,2,60.29,0
2024-01-28 12:45:00,505696371,320299393,1,56.19,0
2024-01-28 12:50:00,546476385,331549105,3,60.72,0
2024-01-28 12:55:00,560040796,341231255,4,62.23,0
2024-01-28 13:00:00,528329239,330998541,1,58.7,0
2024-01-28 13:05:00,557615327,328292569,5,61.96,0
2024-01-28 13:10:00,525098198,300176336,3,58.34,0
2024-01-28 13:15:00,544254921,328553893,0,60.47,0
2024-01-28 13:20:00,481154829,274466563,2,53.46,0
2024-01-28 13:25:00,572057444,367773853,0,63.56,0
2024-01-28 13:30:00,551640252,345539134,2,61.29,0
2024-01-28 13:35:00,513982244,330029110,0,57.11,0
2024-01-28 13:40:00,478072088,287467722,1,53.12,0
2024-01-28 13:45:00,521010025,318111751,0,57.89,0
2024-01-28 13:50:00,484004089,285807699,1,53.78,0
2024-01-28 13:55:00,519311492,320416143,5,57.7,0
2024-01-28 14:00:00,516077411,297491014,2,57.34,0
2024-01-28 14:05:00,486350785,266379539,3,54.04,0
2024-01-28 14:10:00,524833287,306992866,0,58.31,0
2024-01-28 14:15:00,515664201,294843785,1,57.3,0
2024-01-28 14:20:00,516112957,324447041,3,57.35,0
2024-01-28 14:25:00,493723859,314391090,4,54.86,0
2024-01-28 14:30:00,462094320,263227301,3,51.34,0
2024-01-28 14:35:00,506729721,316954988,4,56.3,0
2024-01-28 14:40:00,478443238,296579792,0,53.16,0
2024-01-28 14:45:00,452645950,255889803,4,50.29,0
2024-01-28 14:50:00,503987348,298489733,1,56.0,0
2024-01-28 14:55:00,515355501,303411663,3,57.26,0
2024-01-28 15:00:00,468880664,288808352,1,52.1,0
2024-01-28 15:05:00,509145556,293199540,2,56.57,0
2024-01-28 15:10:00,463967944,277392040,2,51.55,0
2024-01-28 15:15:00,450633877,263520981,3,50.07,0
2024-01-28 15:20:00,441659857,269729326,4,49.07,0
2024-01-28 15:25:00,482963281,287610048,0,53.66,0
2024-01-28 15:30:00,430499865,252947462,4,47.83,0
2024-01-28 15:35:00,456619701,271838855,3,50.74,0
2024-01-28 15:40:00,426475068,276245469,5,47.39,0
2024-01-28 15:45:00,424130720,250309436,5,47.13,0
2024-01-28 15:50:00,449556899,259324087,2,49.95,0
2024-01-28 15:55:00,416904845,255977242,1,46.32,0
2024-01-28 16:00:00,411904092,245707208,0,45.77,0
2024-01-28 16:05:00,438093398,248703699,1,48.68,0
2024-01-28 16:10:00,442767613,287975531,4,49.2,0
2024-01-28 16:15:00,419043081,247901059,3,46.56,0
2024-01-28 16:20:00,388332987,229221097,3,43.15,0
2024-01-28 16:25:00,386447035,233466574,1,42.94,0
2024-01-28 16:30:00,393442329,253366565,5,43.72,0
2024-01-28 16:35:00,393403730,219244784,3,43.71,0
2024-01-28 16:40:00,362327516,220156368,3,40.26,0
2024-01-28 16:45:00,391606230,255836459,2,43.51,0
2024-01-28 16:50:00,373879658,225615081,2,41.54,0
2024-01-28 16:55:00,332844796,187353538,0,36.98,0
2024-01-28 17:00:00,343538041,199938856,1,38.17,0
2024-01-28 17:05:00,346962040,210246049,3,38.55,0
2024-01-28 17:10:00,350488353,223601051,0,38.94,0
2024-01-28 17:15:00,384607253,227370993,2,42.73,0
2024-01-28 17:20:00,346438988,216129911,1,38.49,0
2024-01-28 17:25:00,319694174,177462816,0,35.52,0
2024-01-28 17:30:00,335738902,187006157,0,37.3,0
2024-01-28 17:35:00,319086295,186623770,2,35.45,0
2024-01-28 17:40:00,327412543,210827813,2,36.38,0
2024-01-28 17:45:00,327308104,197073609,0,36.37,0
2024-01-28 17:50:00,334653265,203690071,3,37.18,0
2024-01-28 17:55:00,304749842,185630701,1,33.86,0
2024-01-28 18:00:00,332779210,210759606,1,36.98,0
2024-01-28 18:05:00,312924880,181652721,3,34.77,0
2024-01-28 18:10:00,275382556,172112384,1,30.6,0
2024-01-28 18:15:00,328500362,188791390,4,36.5,0
2024-01-28 18:20:00,285622512,191206233,3,31.74,0
2024-01-28 18:25:00,257169459,146297764,2,28.57,0
2024-01-28 18:30:00,301731974,172215291,1,33.53,0
2024-01-28 18:35:00,305045939,188524261,2,33.89,0
2024-01-28 18:40:00,257663932,155396243,4,28.63,0
2024-01-28 18:45:00,243105317,149131714,1,27.01,0
2024-01-28 18:50:00,244606993,149037334,0,27.18,0
2024-01-28 18:55:00,257250020,143446090,3,28.58,0
2024-01-28 19:00:00,263440562,174197926,1,29.27,0
2024-01-28 19:05:00,244250783,155485892,1,27.14,0
2024-01-28 19:10:00,229865072,151508542,3,25.54,0
2024-01-28 19:15:00,252814763,146405549,0,28.09,0
2024-01-28 19:20:00,211658436,131160297,2,23.52,0
2024-01-28 19:25:00,233633257,142153639,2,25.96,0
2024-01-28 19:30:00,202394720,132716858,0,22.49,0
2024-01-28 19:35:00,211961253,138779233,3,23.55,0
2024-01-28 19:40:00,196300365,119710727,1,21.81,0
2024-01-28 19:45:00,192733670,100460691,0,21.41,0
2024-01-28 19:50:00,181632602,126776180,0,20.18,0
2024-01-28 19:55:00,211459776,132435739,2,23.5,0
2024-01-28 20:00:00,165341479,93120517,2,18.37,0
2024-01-28 20:05:00,160689772,100479285,5,17.85,0
2024-01-28 20:10:00,213467965,112969843,1,23.72,0
2024-01-28 20:15:00,186220095,122285587,2,20.69,0
2024-01-28 20:20:00,114639381,54071511,3,12.74,0
2024-01-28 20:25:00,146780509,85859960,1,16.31,0
2024-01-28 20:30:00,117657470,73039026,2,13.07,0
2024-01-28 20:35:00,130764552,88847128,4,14.53,0
2024-01-28 20:40:00,82960680,50841854,5,9.22,0
2024-01-28 20:45:00,139017212,89759956,1,15.45,0
2024-01-28 20:50:00,115019513,68730039,2,12.78,0
2024-01-28 20:55:00,135234971,80819123,3,15.03,0
2024-01-28 21:00:00,97791947,59529940,1,10.87,0
2024-01-28 21:05:00,128290886,75083952,1,14.25,0
2024-01-28 21:10:00,114755113,51987365,2,12.75,0
2024-01-28 21:15:00,149597505,82075268,0,16.62,0
2024-01-28 21:20:00,144376470,89073630,2,16.04,0
2024-01-28 21:25:00,128534636,74629571,0,14.28,0
2024-01-28 21:30:00,103062922,60279662,3,11.45,0
2024-01-28 21:35:00,146160902,84463005,2,16.24,0
2024-01-28 21:40:00,72342803,34769698,2,8.04,0
2024-01-28 21:45:00,72376120,38494677,0,8.04,0
2024-01-28 21:50:00,95910391,54477917,0,10.66,0
2024-01-28 21:55:00,139901913,83992579,2,15.54,0
2024-01-28 22:00:00,88107124,56798058,6,9.79,0
2024-01-28 22:05:00,85920673,49746901,2,9.55,0
2024-01-28 22:10:00,58279192,30000000,1,6.48,0
2024-01-28 22:15:00,103669133,48220659,0,11.52,0
2024-01-28 22:20:00,101549656,86904165,1,11.28,0
2024-01-28 22:25:00,96106749,46365899,2,10.68,0
2024-01-28 22:30:00,65684498,34224449,0,7.3,0
2024-01-28 22:35:00,62183976,42480388,2,6.91,0
2024-01-28 22:40:00,50000000,33608606,2,5.56,0
2024-01-28 22:45:00,74414218,49857188,5,8.27,0
2024-01-28 22:50:00,50000000,30000000,2,5.56,0
2024-01-28 22:55:00,50000000,32385580,2,5.56,0
2024-01-28 23:00:00,59703987,36435829,1,6.63,0
2024-01-28 23:05:00,57094779,31135554,1,6.34,0
2024-01-28 23:10:00,54929387,35411730,0,6.1,0
2024-01-28 23:15:00,73940424,54917910,0,8.22,0
2024-01-28 23:20:00,65227095,38914254,1,7.25,0
2024-01-28 23:25:00,57030116,34062598,3,6.34,0
2024-01-28 23:30:00,65713491,50109705,1,7.3,0
2024-01-28 23:35:00,50000000,39613603,2,5.56,0
2024-01-28 23:40:00,63018844,53650671,1,7.0,0
2024-01-28 23:45:00,63525908,30000000,0,7.06,0
2024-01-28 23:50:00,50000000,39051191,3,5.56,0
2024-01-28 23:55:00,79970988,53998393,2,8.89,0
2024-01-29 00:00:00,50000000,30000000,3,5.56,0
2024-01-29 00:05:00,61863309,39633864,2,6.87,0
2024-01-29 00:10:00,83516661,60621214,1,9.28,0
2024-01-29 00:15:00,79027393,39124846,2,8.78,0
2024-01-29 00:20:00,61599940,41385588,1,6.84,0
2024-01-29 00:25:00,54176498,41219436,2,6.02,0
2024-01-29 00:30:00,81003471,37891887,0,9.0,0
2024-01-29 00:35:00,76287137,44349425,1,8.48,0
2024-01-29 00:40:00,51278838,33776987,2,5.7,0
2024-01-29 00:45:00,50000000,30000000,3,5.56,0
2024-01-29 00:50:00,50000000,30000000,1,5.56,0
2024-01-29 00:55:00,69958540,40624678,3,7.77,0
2024-01-29 01:00:00,66523846,47930705,0,7.39,0
2024-01-29 01:05:00,92311862,61824457,3,10.26,0
2024-01-29 01:10:00,78289033,38359292,3,8.7,0
2024-01-29 01:15:00,99421352,66174490,1,11.05,0
2024-01-29 01:20:00,60526486,30000000,3,6.73,0
2024-01-29 01:25:00,99081117,43346972,0,11.01,0
2024-01-29 01:30:00,67690584,36942915,2,7.52,0
2024-01-29 01:35:00,95877166,68755993,3,10.65,0
2024-01-29 01:40:00,53310963,38546183,0,5.92,0
2024-01-29 01:45:00,89453248,53656230,5,9.94,0
2024-01-29 01:50:00,50000000,30000000,2,5.56,0
2024-01-29 01:55:00,84242828,46648075,2,9.36,0
2024-01-29 02:00:00,100960982,61664438,1,11.22,0
2024-01-29 02:05:00,84401780,39956693,2,9.38,0
2024-01-29 02:10:00,76577300,42465306,1,8.51,0
2024-01-29 02:15:00,117369662,68266102,2,13.04,0
2024-01-29 02:20:00,101334253,47289807,4,11.26,0
2024-01-29 02:25:00,96661882,49612646,4,10.74,0
2024-01-29 02:30:00,110433116,70364937,1,12.27,0
2024-01-29 02:35:00,165561106,99431782,5,18.4,0
2024-01-29 02:40:00,139219390,80444016,3,15.47,0
2024-01-29 02:45:00,142809919,76571677,0,15.87,0
2024-01-29 02:50:00,131764365,94827117,5,14.64,0
2024-01-29 02:55:00,129962354,69597620,0,14.44,0
2024-01-29 03:00:00,82372726,51939564,3,9.15,0
2024-01-29 03:05:00,120457259,67395664,2,13.38,0
2024-01-29 03:10:00,128246861,77310910,0,14.25,0
2024-01-29 03:15:00,104259163,67131595,1,11.58,0
2024-01-29 03:20:00,122582657,59847028,2,13.62,0
2024-01-29 03:25:00,110161637,66030819,1,12.24,0
2024-01-29 03:30:00,153130780,103785754,2,17.01,0
2024-01-29 03:35:00,174461003,122291621,1,19.38,0
2024-01-29 03:40:00,184477145,109386147,0,20.5,0
2024-01-29 03:45:00,174958833,105392112,0,19.44,0
2024-01-29 03:50:00,151780167,113181430,1,16.86,0
2024-01-29 03:55:00,136853114,93461111,3,15.21,0
2024-01-29 04:00:00,144862626,80744729,6,16.1,0
2024-01-29 04:05:00,159183043,89319991,1,17.69,0
2024-01-29 04:10:00,171403138,112407377,2,19.04,0
2024-01-29 04:15:00,190655744,104283075,0,21.18,0
2024-01-29 04:20:00,178288332,117850267,2,19.81,0
2024-01-29 04:25:00,210120312,129415187,2,23.35,0
2024-01-29 04:30:00,203510506,127283511,3,22.61,0
2024-01-29 04:35:00,213225785,125368132,2,23.69,0
2024-01-29 04:40:00,240720176,138133857,0,26.75,0
2024-01-29 04:45:00,199249893,134169864,1,22.14,0
2024-01-29 04:50:00,236204699,139255447,3,26.24,0
2024-01-29 04:55:00,232561572,135427592,0,25.84,0
2024-01-29 05:00:00,231213703,137926851,2,25.69,0
2024-01-29 05:05:00,260660512,158326528,1,28.96,0
2024-01-29 05:10:00,265634775,149072614,3,29.51,0
2024-01-29 05:15:00,234248506,134900389,2,26.03,0
2024-01-29 05:20:00,254681225,146628414,4,28.3,0
2024-01-29 05:25:00,269114620,169921575,0,29.9,0
2024-01-29 05:30:00,263213578,149068521,3,29.25,0
2024-01-29 05:35:00,285572376,153785747,2,31.73,0
2024-01-29 05:40:00,284706462,151152931,0,31.63,0
2024-01-29 05:45:00,320954473,177868882,0,35.66,0
2024-01-29 05:50:00,258925764,168970840,1,28.77,0
2024-01-29 05:55:00,292315707,175551490,3,32.48,0
2024-01-29 06:00:00,281829949,174110460,3,31.31,0
2024-01-29 06:05:00,317317721,195755510,1,35.26,0
2024-01-29 06:10:00,278125215,167436968,2,30.9,0
2024-01-29 06:15:00,322623005,192825990,0,35.85,0
2024-01-29 06:20:00,308316409,195435110,1,34.26,0
2024-01-29 06:25:00,311444812,188326846,3,34.6,0
2024-01-29 06:30:00,302396322,195428768,2,33.6,0
2024-01-29 06:35:00,327208093,202533155,2,36.36,0
2024-01-29 06:40:00,363365573,211841381,1,40.37,0
2024-01-29 06:45:00,346317903,202819401,1,38.48,0
2024-01-29 06:50:00,364499115,211424821,3,40.5,0
2024-01-29 06:55:00,390337450,246377950,1,43.37,0
2024-01-29 07:00:00,367391682,216384499,1,40.82,0
2024-01-29 07:05:00,355982971,205605055,1,39.55,0
2024-01-29 07:10:00,381514436,232106442,5,42.39,0
2024-01-29 07:15:00,366259548,218784058,1,40.7,0
2024-01-29 07:20:00,371996380,226143513,2,41.33,0
2024-01-29 07:25:00,356587273,232850502,2,39.62,0
2024-01-29 07:30:00,410369173,255352212,3,45.6,0
2024-01-29 07:35:00,388939154,233633597,0,43.22,0
2024-01-29 07:40:00,405070347,228957974,4,45.01,0
2024-01-29 07:45:00,385430047,226258403,5,42.83,0
2024-01-29 07:50:00,419538619,258833632,3,46.62,0
2024-01-29 07:55:00,400198479,228408677,4,44.47,0
2024-01-29 08:00:00,417165825,271709198,0,46.35,0
2024-01-29 08:05:00,442062102,265381427,4,49.12,0
2024-01-29 08:10:00,444767092,267348739,3,49.42,0
2024-01-29 08:15:00,432896254,253071300,1,48.1,0
2024-01-29 08:20:00,402295724,246344812,3,44.7,0
2024-01-29 08:25:00,501770527,289482298,2,55.75,0
2024-01-29 08:30:00,481019922,310260879,2,53.45,0
2024-01-29 08:35:00,464675129,291978590,2,51.63,0
2024-01-29 08:40:00,439204950,273365934,2,48.8,0
2024-01-29 08:45:00,455971152,259678401,2,50.66,0
2024-01-29 08:50:00,451273241,272818077,1,50.14,0
2024-01-29 08:55:00,491240252,306835015,1,54.58,0
2024-01-29 09:00:00,474955685,290904465,1,52.77,0
2024-01-29 09:05:00,457684073,264589353,1,50.85,0
2024-01-29 09:10:00,467531458,274017937,2,51.95,0
2024-01-29 09:15:00,502865316,297199828,4,55.87,0
2024-01-29 09:20:00,515852623,303477195,1,57.32,0
2024-01-29 09:25:00,517738907,325931132,3,57.53,0
2024-01-29 09:30:00,505545442,284117134,2,56.17,0
2024-01-29 09:35:00,488494207,299655715,0,54.28,0
2024-01-29 09:40:00,431766214,246136694,1,47.97,0
2024-01-29 09:45:00,505495907,293685029,0,56.17,0
2024-01-29 09:50:00,502377371,281329089,4,55.82,0
2024-01-29 09:55:00,507978490,299296550,3,56.44,0
2024-01-29 10:00:00,508924043,320461742,2,56.55,0
2024-01-29 10:05:00,483889178,292981749,2,53.77,0
2024-01-29 10:10:00,524030771,302434847,3,58.23,0
2024-01-29 10:15:00,527893784,326907747,0,58.65,0
2024-01-29 10:20:00,531160644,331009429,2,59.02,0
2024-01-29 10:25:00,538606295,324204241,1,59.85,0
2024-01-29 10:30:00,533812120,340634764,0,59.31,0
2024-01-29 10:35:00,515481300,317504421,1,57.28,0
2024-01-29 10:40:00,524109492,321292220,2,58.23,0
2024-01-29 10:45:00,529085728,309417649,4,58.79,0
2024-01-29 10:50:00,531046057,324901619,2,59.01,0
2024-01-29 10:55:00,550376318,332393703,2,61.15,0
2024-01-29 11:00:00,544695573,332015634,2,60.52,0
2024-01-29 11:05:00,574668965,337955523,4,63.85,0
2024-01-29 11:10:00,578440421,348345241,2,64.27,0
2024-01-29 11:15:00,536981458,314020260,2,59.66,0
2024-01-29 11:20:00,459620749,254301128,1,51.07,0
2024-01-29 11:25:00,561943411,347149092,3,62.44,0
2024-01-29 11:30:00,527139239,301259654,4,58.57,0
2024-01-29 11:35:00,522543842,314598170,2,58.06,0
2024-01-29 11:40:00,531117822,322000714,1,59.01,0
2024-01-29 11:45:00,530553280,321597598,1,58.95,0
2024-01-29 11:50:00,552016969,328379390,3,61.34,0
2024-01-29 11:55:00,508754170,307964617,2,56.53,0
2024-01-29 12:00:00,518445585,315777021,0,57.61,0
2024-01-29 12:05:00,546806057,335433282,5,60.76,0
2024-01-29 12:10:00,552230453,348672685,4,61.36,0
2024-01-29 12:15:00,552316974,333732126,1,61.37,0
2024-01-29 12:20:00,523346001,314648089,3,58.15,0
2024-01-29 12:25:00,519008208,302337635,0,57.67,0
2024-01-29 12:30:00,527814070,321047905,0,58.65,0
2024-01-29 12:35:00,542004217,331876361,1,60.22,0
2024-01-29 12:40:00,566063408,337715013,3,62.9,0
2024-01-29 12:45:00,494439723,302109959,1,54.94,0
2024-01-29 12:50:00,529896466,315012718,0,58.88,0
2024-01-29 12:55:00,506468527,310591043,6,56.27,0
2024-01-29 13:00:00,498777344,308392429,1,55.42,0
2024-01-29 13:05:00,549751097,338836937,1,61.08,0
2024-01-29 13:10:00,539784559,325049179,1,59.98,0
2024-01-29 13:15:00,536251901,311351459,0,59.58,0
2024-01-29 13:20:00,543946745,320248916,1,60.44,0
2024-01-29 13:25:00,514087510,314404079,3,57.12,0
2024-01-29 13:30:00,513078337,332335125,0,57.01,0
2024-01-29 13:35:00,563389367,334626412,0,62.6,0
2024-01-29 13:40:00,512582447,312107845,2,56.95,0
2024-01-29 13:45:00,529952100,312410734,1,58.88,0
2024-01-29 13:50:00,513010230,298066468,0,57.0,0
2024-01-29 13:55:00,473449250,277306391,1,52.61,0
2024-01-29 14:00:00,466953516,259347390,1,51.88,0
2024-01-29 14:05:00,493599164,309693849,3,54.84,0
2024-01-29 14:10:00,523535972,291820280,1,58.17,0
2024-01-29 14:15:00,515318540,306552841,4,57.26,0
2024-01-29 14:20:00,514878033,297145541,2,57.21,0
2024-01-29 14:25:00,473805781,275439666,5,52.65,0
2024-01-29 14:30:00,522722251,327398577,2,58.08,0
2024-01-29 14:35:00,467874409,282735315,4,51.99,0
2024-01-29 14:40:00,488107154,283210331,4,54.23,0
2024-01-29 14:45:00,480234507,282245533,4,53.36,0
2024-01-29 14:50:00,473469084,276426638,2,52.61,0
2024-01-29 14:55:00,500139193,299648059,2,55.57,0
2024-01-29 15:00:00,455603417,275090967,0,50.62,0
2024-01-29 15:05:00,438971028,282338364,1,48.77,0
2024-01-29 15:10:00,462541559,258361928,4,51.39,0
2024-01-29 15:15:00,450246460,269799753,3,50.03,0
2024-01-29 15:20:00,521816684,309934333,1,57.98,0
2024-01-29 15:25:00,463751782,287716554,1,51.53,0
2024-01-29 15:30:00,437915931,266297740,3,48.66,0
2024-01-29 15:35:00,420792084,258378872,3,46.75,0
2024-01-29 15:40:00,400052576,243482407,1,44.45,0
2024-01-29 15:45:00,412832474,238379573,1,45.87,0
2024-01-29 15:50:00,431250741,270863099,1,47.92,0
2024-01-29 15:55:00,453052154,279816342,2,50.34,0
2024-01-29 16:00:00,442433782,274615567,0,49.16,0
2024-01-29 16:05:00,420019201,264652022,5,46.67,0
2024-01-29 16:10:00,404356313,246790539,2,44.93,0
2024-01-29 16:15:00,411525532,261725243,3,45.73,0
2024-01-29 16:20:00,391055622,238409769,1,43.45,0
2024-01-29 16:25:00,431026485,256425305,0,47.89,0
2024-01-29 16:30:00,388060220,232770092,3,43.12,0
2024-01-29 16:35:00,385258372,230916585,0,42.81,0
2024-01-29 16:40:00,337768385,197467118,1,37.53,0
2024-01-29 16:45:00,373236774,240260953,3,41.47,0
2024-01-29 16:50:00,388899074,236302398,2,43.21,0
2024-01-29 16:55:00,345804511,208430091,1,38.42,0
2024-01-29 17:00:00,347102164,212144041,1,38.57,0
2024-01-29 17:05:00,372898834,253537845,4,41.43,0
2024-01-29 17:10:00,322412362,182130175,7,35.82,0
2024-01-29 17:15:00,367977697,212336233,1,40.89,0
2024-01-29 17:20:00,331032684,184813900,1,36.78,0
2024-01-29 17:25:00,328738248,194916956,0,36.53,0
2024-01-29 17:30:00,308848718,187764415,3,34.32,0
2024-01-29 17:35:00,333688975,195560159,0,37.08,0
2024-01-29 17:40:00,370114817,216671622,1,41.12,0
2024-01-29 17:45:00,331326695,200220066,4,36.81,0
2024-01-29 17:50:00,293182947,170888690,2,32.58,0
2024-01-29 17:55:00,327947984,199870548,2,36.44,0
2024-01-29 18:00:00,293666409,187342188,5,32.63,0
2024-01-29 18:05:00,322254127,200122781,4,35.81,0
2024-01-29 18:10:00,305664875,192209058,0,33.96,0
2024-01-29 18:15:00,225440417,146123434,1,25.05,0
2024-01-29 18:20:00,259001029,158228899,0,28.78,0
2024-01-29 18:25:00,292759654,174069382,1,32.53,0
2024-01-29 18:30:00,271706859,155301584,1,30.19,0
2024-01-29 18:35:00,243015268,141897379,4,27.0,0
2024-01-29 18:40:00,245652647,142154732,2,27.29,0
2024-01-29 18:45:00,215053590,136348877,3,23.89,0
2024-01-29 18:50:00,246287026,151240041,5,27.37,0
2024-01-29 18:55:00,287169180,179269086,2,31.91,0
2024-01-29 19:00:00,253982096,140785889,1,28.22,0
2024-01-29 19:05:00,276649376,180307120,1,30.74,0
2024-01-29 19:10:00,245478549,143017326,2,27.28,0
2024-01-29 19:15:00,243404115,135042302,2,27.04,0
2024-01-29 19:20:00,257396739,150045865,1,28.6,0
2024-01-29 19:25:00,220560135,157173741,2,24.51,0
2024-01-29 19:30:00,204411429,118769689,0,22.71,0
2024-01-29 19:35:00,223993944,131145402,4,24.89,0
2024-01-29 19:40:00,227648421,134668006,2,25.29,0
2024-01-29 19:45:00,184251421,109064649,3,20.47,0
2024-01-29 19:50:00,174748951,97034610,2,19.42,0
2024-01-29 19:55:00,187339816,113836020,2,20.82,0
2024-01-29 20:00:00,196629977,128733935,1,21.85,0
2024-01-29 20:05:00,191456239,118016636,3,21.27,0
2024-01-29 20:10:00,142564741,74427192,1,15.84,0
2024-01-29 20:15:00,204895265,119493700,2,22.77,0
2024-01-29 20:20:00,149518356,84195740,2,16.61,0
2024-01-29 20:25:00,152784384,92200025,1,16.98,0
2024-01-29 20:30:00,135844169,94811018,0,15.09,0
2024-01-29 20:35:00,203744943,120758138,2,22.64,0
2024-01-29 20:40:00,150572387,89461883,2,16.73,0
2024-01-29 20:45:00,124737502,92618949,4,13.86,0
2024-01-29 20:50:00,155136821,101844152,4,17.24,0
2024-01-29 20:55:00,149419582,95392562,1,16.6,0
2024-01-29 21:00:00,126539832,95505215,3,14.06,0
2024-01-29 21:05:00,143444783,90964982,1,15.94,0
2024-01-29 21:10:00,106547599,44063288,1,11.84,0
2024-01-29 21:15:00,109700080,74146706,2,12.19,0
2024-01-29 21:20:00,75945000,30000000,2,8.44,0
2024-01-29 21:25:00,86348702,56329275,5,9.59,0
2024-01-29 21:30:00,145747814,70311252,2,16.19,0
2024-01-29 21:35:00,139281867,78900566,1,15.48,0
2024-01-29 21:40:00,104719282,59193724,1,11.64,0
2024-01-29 21:45:00,133705921,72522362,3,14.86,0
2024-01-29 21:50:00,94384563,53142217,3,10.49,0
2024-01-29 21:55:00,89952944,64297384,2,9.99,0
2024-01-29 22:00:00,93284116,48830940,1,10.36,0
2024-01-29 22:05:00,87087146,57703696,2,9.68,0
2024-01-29 22:10:00,82813473,40031587,4,9.2,0
2024-01-29 22:15:00,107618504,62676106,2,11.96,0
2024-01-29 22:20:00,85488844,54531699,3,9.5,0
2024-01-29 22:25:00,94574880,46779644,1,10.51,0
2024-01-29 22:30:00,98896522,46220709,2,10.99,0
2024-01-29 22:35:00,84081827,55367877,2,9.34,0
2024-01-29 22:40:00,55068344,44271810,4,6.12,0
2024-01-29 22:45:00,50000000,30000000,0,5.56,0
2024-01-29 22:50:00,74083544,39876997,3,8.23,0
2024-01-29 22:55:00,66162908,41254499,2,7.35,0
2024-01-29 23:00:00,69925630,42510177,3,7.77,0
2024-01-29 23:05:00,66556822,42363118,2,7.4,0
2024-01-29 23:10:00,117360431,45133807,3,13.04,0
2024-01-29 23:15:00,50000000,30000000,1,5.56,0
2024-01-29 23:20:00,50000000,30000000,3,5.56,0
2024-01-29 23:25:00,69440774,43173140,3,7.72,0
2024-01-29 23:30:00,54524782,34573648,0,6.06,0
2024-01-29 23:35:00,67747836,47010506,2,7.53,0
2024-01-29 23:40:00,72590932,46130377,1,8.07,0
2024-01-29 23:45:00,86195952,38710220,3,9.58,0
2024-01-29 23:50:00,50000000,44470046,1,5.56,0
2024-01-29 23:55:00,50000000,42719183,3,5.56,0
2024-01-30 00:00:00,68575225,30000000,1,7.62,0
2024-01-30 00:05:00,75466385,48606884,3,8.39,0
2024-01-30 00:10:00,104097417,56504206,1,11.57,0
2024-01-30 00:15:00,79627937,49165402,3,8.85,0
2024-01-30 00:20:00,59777500,46399603,2,6.64,0
2024-01-30 00:25:00,50000000,51301042,1,5.56,0
2024-01-30 00:30:00,50767436,37973238,3,5.64,0
2024-01-30 00:35:00,50939181,33512855,1,5.66,0
2024-01-30 00:40:00,76750811,42652275,2,8.53,0
2024-01-30 00:45:00,69751481,43672237,2,7.75,0
2024-01-30 00:50:00,50000000,43597718,1,5.56,0
2024-01-30 00:55:00,58159873,34448836,2,6.46,0
2024-01-30 01:00:00,85728752,42576125,1,9.53,0
2024-01-30 01:05:00,76621282,30000000,5,8.51,0
2024-01-30 01:10:00,82480824,54618973,2,9.16,0
2024-01-30 01:15:00,80395203,50710003,1,8.93,0
2024-01-30 01:20:00,107002385,57742349,2,11.89,0
2024-01-30 01:25:00,81038972,58883524,4,9.0,0
2024-01-30 01:30:00,70548456,38111305,2,7.84,0
2024-01-30 01:35:00,62010144,35859645,1,6.89,0
2024-01-30 01:40:00,87478320,52320350,3,9.72,0
2024-01-30 01:45:00,50000000,30000000,2,5.56,0
2024-01-30 01:50:00,83431620,52417622,0,9.27,0
2024-01-30 01:55:00,85468781,62796420,0,9.5,0
2024-01-30 02:00:00,64864486,30000000,1,7.21,0
2024-01-30 02:05:00,76255834,50638701,3,8.47,0
2024-01-30 02:10:00,113779203,69989108,1,12.64,0
2024-01-30 02:15:00,105061528,64574555,0,11.67,0
2024-01-30 02:20:00,105439276,71982011,0,11.72,0
2024-01-30 02:25:00,112580245,68041121,0,12.51,0
2024-01-30 02:30:00,111447750,71670942,2,12.38,0
2024-01-30 02:35:00,137684975,89769631,3,15.3,0
2024-01-30 02:40:00,118617917,66127098,1,13.18,0
2024-01-30 02:45:00,90394183,57228344,2,10.04,0
2024-01-30 02:50:00,155656038,90885747,2,17.3,0
2024-01-30 02:55:00,134039454,79096854,1,14.89,0
2024-01-30 03:00:00,118509297,67884964,5,13.17,0
2024-01-30 03:05:00,108968832,70092103,3,12.11,0
2024-01-30 03:10:00,145776634,88282427,3,16.2,0
2024-01-30 03:15:00,139413564,87593578,1,15.49,0
2024-01-30 03:20:00,177213909,106153172,2,19.69,0
2024-01-30 03:25:00,142860221,69674922,2,15.87,0
2024-01-30 03:30:00,137149641,82603468,4,15.24,0
2024-01-30 03:35:00,176001608,106236344,0,19.56,0
2024-01-30 03:40:00,180847293,110934335,1,20.09,0
2024-01-30 03:45:00,170036171,96084410,2,18.89,0
2024-01-30 03:50:00,184575234,98790443,5,20.51,0
2024-01-30 03:55:00,174740675,111090471,2,19.42,0
2024-01-30 04:00:00,184677302,108070315,2,20.52,0
2024-01-30 04:05:00,207862513,126429948,1,23.1,0
2024-01-30 04:10:00,201686699,118197418,1,22.41,0
2024-01-30 04:15:00,190465225,114218517,3,21.16,0
2024-01-30 04:20:00,225618868,130878467,1,25.07,0
2024-01-30 04:25:00,156043686,83945376,3,17.34,0
2024-01-30 04:30:00,249197442,154255782,1,27.69,0
2024-01-30 04:35:00,178895688,101306212,0,19.88,0
2024-01-30 04:40:00,205373309,124863500,3,22.82,0
2024-01-30 04:45:00,222036177,137326308,0,24.67,0
2024-01-30 04:50:00,224900994,129072469,1,24.99,0
2024-01-30 04:55:00,252969257,139742698,0,28.11,0
2024-01-30 05:00:00,216726696,154296874,2,24.08,0
2024-01-30 05:05:00,248170722,143624714,3,27.57,0
2024-01-30 05:10:00,236490250,148128322,1,26.28,0
2024-01-30 05:15:00,259081142,174843320,2,28.79,0
2024-01-30 05:20:00,257028992,162116472,1,28.56,0
2024-01-30 05:25:00,265349100,156205032,1,29.48,0
2024-01-30 05:30:00,257675217,153933966,1,28.63,0
2024-01-30 05:35:00,263670671,149876330,4,29.3,0
2024-01-30 05:40:00,284828072,179713807,2,31.65,0
2024-01-30 05:45:00,303177559,187569242,1,33.69,0
2024-01-30 05:50:00,277565760,161395198,1,30.84,0
2024-01-30 05:55:00,277389076,156011697,2,30.82,0
2024-01-30 06:00:00,312269203,174149184,1,34.7,0
2024-01-30 06:05:00,304585494,192616436,1,33.84,0
2024-01-30 06:10:00,327078615,197450900,1,36.34,0
2024-01-30 06:15:00,297580806,180698329,3,33.06,0
2024-01-30 06:20:00,285328599,162967673,1,31.7,0
2024-01-30 06:25:00,315467968,174645749,2,35.05,0
2024-01-30 06:30:00,315999233,199225676,2,35.11,0
2024-01-30 06:35:00,334933844,201380697,2,37.21,0
2024-01-30 06:40:00,328938658,206435541,4,36.55,0
2024-01-30 06:45:00,361642016,213125878,2,40.18,0
2024-01-30 06:50:00,346182502,205341322,3,38.46,0
2024-01-30 06:55:00,360054104,223165444,4,40.01,0
2024-01-30 07:00:00,365269261,226485037,2,40.59,0
2024-01-30 07:05:00,371058065,230610495,1,41.23,0
2024-01-30 07:10:00,371686809,220060073,4,41.3,0
2024-01-30 07:15:00,387357485,238559963,2,43.04,0
2024-01-30 07:20:00,366171731,230794033,2,40.69,0
2024-01-30 07:25:00,414973487,247936372,2,46.11,0
2024-01-30 07:30:00,387113276,227133082,1,43.01,0
2024-01-30 07:35:00,370428222,235684409,1,41.16,0
2024-01-30 07:40:00,405189849,236569452,1,45.02,0
2024-01-30 07:45:00,389125676,239770170,5,43.24,0
2024-01-30 07:50:00,424126357,253891591,1,47.13,0
2024-01-30 07:55:00,459629416,257361993,1,51.07,0
2024-01-30 08:00:00,404268558,253847075,3,44.92,0
2024-01-30 08:05:00,431153028,231113280,3,47.91,0
2024-01-30 08:10:00,393841794,216463795,0,43.76,0
2024-01-30 08:15:00,442414960,270722277,1,49.16,0
2024-01-30 08:20:00,419944068,257237153,3,46.66,0
2024-01-30 08:25:00,429417623,251274775,3,47.71,0
2024-01-30 08:30:00,424077013,255924428,1,47.12,0
2024-01-30 08:35:00,464864657,253604494,2,51.65,0
2024-01-30 08:40:00,474415113,291718822,1,52.71,0
2024-01-30 08:45:00,458710699,277723674,2,50.97,0
2024-01-30 08:50:00,444853115,266455440,5,49.43,0
2024-01-30 08:55:00,497753594,298860571,0,55.31,0
2024-01-30 09:00:00,454697424,277750996,2,50.52,0
2024-01-30 09:05:00,430126704,257787007,3,47.79,0
2024-01-30 09:10:00,486114341,272928049,1,54.01,0
2024-01-30 09:15:00,458346060,296970958,3,50.93,0
2024-01-30 09:20:00,503622842,314181713,0,55.96,0
2024-01-30 09:25:00,479549522,274880266,2,53.28,0
2024-01-30 09:30:00,502479066,298036067,6,55.83,0
2024-01-30 09:35:00,521576711,310585685,4,57.95,0
2024-01-30 09:40:00,472419313,294240083,1,52.49,0
2024-01-30 09:45:00,488233964,271347689,1,54.25,0
2024-01-30 09:50:00,500900525,295550232,2,55.66,0
2024-01-30 09:55:00,535929875,303951560,3,59.55,0
2024-01-30 10:00:00,494678442,293956110,1,54.96,0
2024-01-30 10:05:00,498524347,294389599,3,55.39,0
2024-01-30 10:10:00,522445411,314264187,5,58.05,0
2024-01-30 10:15:00,503704883,296174186,0,55.97,0
2024-01-30 10:20:00,520564386,304828398,4,57.84,0
2024-01-30 10:25:00,488644006,299382970,2,54.29,0
2024-01-30 10:30:00,566017686,344157339,1,62.89,0
2024-01-30 10:35:00,496727704,303550605,4,55.19,0
2024-01-30 10:40:00,519091174,309685704,4,57.68,0
2024-01-30 10:45:00,526613610,310250780,2,58.51,0
2024-01-30 10:50:00,567145830,339098973,4,63.02,0
2024-01-30 10:55:00,503915049,307360650,1,55.99,0
2024-01-30 11:00:00,571496281,321129971,3,63.5,0
2024-01-30 11:05:00,548265633,332900499,2,60.92,0
2024-01-30 11:10:00,542652948,328683150,1,60.29,0
2024-01-30 11:15:00,515695793,310038985,2,57.3,0
2024-01-30 11:20:00,547776685,327172877,2,60.86,0
2024-01-30 11:25:00,522737030,287981024,2,58.08,0
2024-01-30 11:30:00,563279991,333569462,1,62.59,0
2024-01-30 11:35:00,519152280,329385755,6,57.68,0
2024-01-30 11:40:00,536823557,322223147,2,59.65,0
2024-01-30 11:45:00,528380679,313955509,2,58.71,0
2024-01-30 11:50:00,520021113,312181730,1,57.78,0
2024-01-30 11:55:00,554769282,336409298,1,61.64,0
2024-01-30 12:00:00,550709174,337013707,1,61.19,0
2024-01-30 12:05:00,564123090,336185052,2,62.68,0
2024-01-30 12:10:00,504174071,306753638,0,56.02,0
2024-01-30 12:15:00,560769555,353228241,3,62.31,0
2024-01-30 12:20:00,589195705,363579931,2,65.47,0
2024-01-30 12:25:00,529540699,341127421,4,58.84,0
2024-01-30 12:30:00,575849738,338942139,3,63.98,0
2024-01-30 12:35:00,531943537,335928017,1,59.1,0
2024-01-30 12:40:00,508905665,297436663,1,56.55,0
2024-01-30 12:45:00,529275818,321101152,4,58.81,0
2024-01-30 12:50:00,555275121,340489837,0,61.7,0
2024-01-30 12:55:00,516358567,304707368,2,57.37,0
2024-01-30 13:00:00,519815425,312768897,2,57.76,0
2024-01-30 13:05:00,542282753,334474263,2,60.25,0
2024-01-30 13:10:00,528953270,310269253,1,58.77,0
2024-01-30 13:15:00,538955690,340067248,4,59.88,0
2024-01-30 13:20:00,530282819,304323725,5,58.92,0
2024-01-30 13:25:00,533274395,339361551,1,59.25,0
2024-01-30 13:30:00,513085064,317864299,3,57.01,0
2024-01-30 13:35:00,524309373,313688368,2,58.26,0
2024-01-30 13:40:00,498966408,295353163,2,55.44,0
2024-01-30 13:45:00,541018130,319540595,3,60.11,0
2024-01-30 13:50:00,500197105,298760306,2,55.58,0
2024-01-30 13:55:00,532991371,319309864,3,59.22,0
2024-01-30 14:00:00,503173957,314456637,1,55.91,0
2024-01-30 14:05:00,509218829,325217838,1,56.58,0
2024-01-30 14:10:00,492514655,297502592,0,54.72,0
2024-01-30 14:15:00,479232798,279083394,2,53.25,0
2024-01-30 14:20:00,461701282,271563509,1,51.3,0
2024-01-30 14:25:00,472440221,281633225,1,52.49,0
2024-01-30 14:30:00,483926624,280054753,2,53.77,0
2024-01-30 14:35:00,491409859,283056501,2,54.6,0
2024-01-30 14:40:00,504058252,323406223,1,56.01,0
2024-01-30 14:45:00,471526404,285941978,2,52.39,0
2024-01-30 14:50:00,459307345,267253075,0,51.03,0
2024-01-30 14:55:00,444513055,274873868,2,49.39,0
2024-01-30 15:00:00,479306899,275800678,0,53.26,0
2024-01-30 15:05:00,493627023,285216093,1,54.85,0
2024-01-30 15:10:00,487468255,284450529,2,54.16,0
2024-01-30 15:15:00,472441650,300010123,1,52.49,0
2024-01-30 15:20:00,467039892,277695134,2,51.89,0
2024-01-30 15:25:00,484174108,266087395,0,53.8,0
2024-01-30 15:30:00,452744372,283747282,1,50.3,0
2024-01-30 15:35:00,454836909,269838331,0,50.54,0
2024-01-30 15:40:00,431242667,240251520,1,47.92,0
2024-01-30 15:45:00,406095988,240490758,1,45.12,0
2024-01-30 15:50:00,415274927,254374995,2,46.14,0
2024-01-30 15:55:00,424322401,258633932,0,47.15,0
2024-01-30 16:00:00,421215707,270713574,0,46.8,0
2024-01-30 16:05:00,453963021,263850134,3,50.44,0
2024-01-30 16:10:00,412445210,247934327,2,45.83,0
2024-01-30 16:15:00,429726154,250839999,2,47.75,0
2024-01-30 16:20:00,392726837,220214173,4,43.64,0
2024-01-30 16:25:00,390425687,243110686,2,43.38,0
2024-01-30 16:30:00,365263871,223791018,4,40.58,0
2024-01-30 16:35:00,372138568,226119925,1,41.35,0
2024-01-30 16:40:00,392624462,239842579,2,43.62,0
2024-01-30 16:45:00,377296675,219523276,4,41.92,0
2024-01-30 16:50:00,391028164,224559947,0,43.45,0
2024-01-30 16:55:00,370784042,222846899,2,41.2,0
2024-01-30 17:00:00,355067496,224652611,3,39.45,0
2024-01-30 17:05:00,400010551,256087102,1,44.45,0
2024-01-30 17:10:00,350067435,217994788,2,38.9,0
2024-01-30 17:15:00,370081696,222340762,1,41.12,0
2024-01-30 17:20:00,333651378,202888666,4,37.07,0
2024-01-30 17:25:00,350701602,210536899,3,38.97,0
2024-01-30 17:30:00,349886599,199672526,1,38.88,0
2024-01-30 17:35:00,330297889,198425207,2,36.7,0
2024-01-30 17:40:00,273827719,150948363,4,30.43,0
2024-01-30 17:45:00,316061800,188396307,1,35.12,0
2024-01-30 17:50:00,335077853,217407763,2,37.23,0
2024-01-30 17:55:00,315785189,197699705,2,35.09,0
2024-01-30 18:00:00,308916777,176118874,1,34.32,0
2024-01-30 18:05:00,260319288,155467282,2,28.92,0
2024-01-30 18:10:00,275122245,156729584,1,30.57,0
2024-01-30 18:15:00,292530401,174893103,2,32.5,0
2024-01-30 18:20:00,287290287,182785250,0,31.92,0
2024-01-30 18:25:00,298165285,185429250,1,33.13,0
2024-01-30 18:30:00,265776378,184307268,2,29.53,0
2024-01-30 18:35:00,271606869,174888895,7,30.18,0
2024-01-30 18:40:00,258651922,157231157,3,28.74,0
2024-01-30 18:45:00,233439467,146835180,2,25.94,0
2024-01-30 18:50:00,202938666,119738767,3,22.55,0
2024-01-30 18:55:00,251575579,139670305,2,27.95,0
2024-01-30 19:00:00,241362373,157875189,1,26.82,0
2024-01-30 19:05:00,220477535,142376436,5,24.5,0
2024-01-30 19:10:00,195447146,114857746,1,21.72,0
2024-01-30 19:15:00,235449318,144008948,2,26.16,0
2024-01-30 19:20:00,212596764,139967450,1,23.62,0
2024-01-30 19:25:00,224152365,142954933,5,24.91,0
2024-01-30 19:30:00,245436946,132631155,1,27.27,0
2024-01-30 19:35:00,160512176,98743506,0,17.83,0
2024-01-30 19:40:00,184579601,109071445,1,20.51,0
2024-01-30 19:45:00,189663202,124927928,2,21.07,0
2024-01-30 19:50:00,218276856,141276541,1,24.25,0
2024-01-30 19:55:00,151834635,104286859,1,16.87,0
2024-01-30 20:00:00,218717220,120051388,0,24.3,0
2024-01-30 20:05:00,178211536,99085806,2,19.8,0
2024-01-30 20:10:00,169128080,112617672,3,18.79,0
2024-01-30 20:15:00,162701948,91704711,2,18.08,0
2024-01-30 20:20:00,153616394,76955506,1,17.07,0
2024-01-30 20:25:00,179048019,112754776,1,19.89,0
2024-01-30 20:30:00,132526841,74043920,4,14.73,0
2024-01-30 20:35:00,156686650,111909897,0,17.41,0
2024-01-30 20:40:00,138047340,85790249,2,15.34,0
2024-01-30 20:45:00,126514335,77511194,0,14.06,0
2024-01-30 20:50:00,189577853,110054273,2,21.06,0
2024-01-30 20:55:00,142417881,101359082,3,15.82,0
2024-01-30 21:00:00,142559683,89121354,3,15.84,0
2024-01-30 21:05:00,149388184,85547915,1,16.6,0
2024-01-30 21:10:00,94626440,48835027,3,10.51,0
2024-01-30 21:15:00,154604284,92027840,3,17.18,0
2024-01-30 21:20:00,65970190,30000000,2,7.33,0
2024-01-30 21:25:00,97452395,68760211,3,10.83,0
2024-01-30 21:30:00,100414564,42165318,3,11.16,0
2024-01-30 21:35:00,118087762,69457517,3,13.12,0
2024-01-30 21:40:00,107777874,70768060,4,11.98,0
2024-01-30 21:45:00,97110998,61687793,0,10.79,0
2024-01-30 21:50:00,97346106,51234833,1,10.82,0
2024-01-30 21:55:00,75260690,51759001,5,8.36,0
2024-01-30 22:00:00,62209255,30000000,4,6.91,0
2024-01-30 22:05:00,104115811,62245640,2,11.57,0
2024-01-30 22:10:00,100991522,67113329,2,11.22,0
2024-01-30 22:15:00,116440429,74493385,0,12.94,0
2024-01-30 22:20:00,66685789,33261083,1,7.41,0
2024-01-30 22:25:00,94181549,68483874,5,10.46,0
2024-01-30 22:30:00,72594777,44423812,1,8.07,0
2024-01-30 22:35:00,100127611,67506520,2,11.13,0
2024-01-30 22:40:00,94913026,72238825,4,10.55,0
2024-01-30 22:45:00,76960956,57351779,3,8.55,0
2024-01-30 22:50:00,64317328,49791691,2,7.15,0
2024-01-30 22:55:00,88806678,55210806,0,9.87,0
2024-01-30 23:00:00,81115892,56608886,3,9.01,0
2024-01-30 23:05:00,53189095,34049422,3,5.91,0
2024-01-30 23:10:00,50000000,30000000,3,5.56,0
2024-01-30 23:15:00,58840874,38331962,4,6.54,0
2024-01-30 23:20:00,93954415,58936259,6,10.44,0
2024-01-30 23:25:00,85722980,57271082,1,9.52,0
2024-01-30 23:30:00,50000000,30000000,3,5.56,0
2024-01-30 23:35:00,50000000,30000000,2,5.56,0
2024-01-30 23:40:00,86406949,58409230,3,9.6,0
2024-01-30 23:45:00,50000000,30000000,4,5.56,0
2024-01-30 23:50:00,70414333,56836791,3,7.82,0
2024-01-30 23:55:00,50000000,30000000,0,5.56,0
