timestamp,ifInOctets_bytes,ifOutOctets_bytes,ifInErrors,onuOperStatus,debit_rx_mbps,debit_tx_mbps,utilization_pct,error_rate_pct,label_anomaly
2026-02-15 00:00:00,7947042737,6716505324,62,up,211.921,179.107,21.192,6.2238,0
2026-02-15 00:05:00,7375562128,5104963260,28,up,196.682,136.132,19.668,2.8747,0
2026-02-15 00:10:00,8082919684,6396769032,6,up,215.545,170.581,21.554,0.6951,0
2026-02-15 00:15:00,8870726870,5749779591,23,up,236.553,153.327,23.655,2.3403,0
2026-02-15 00:20:00,7289261962,5795231526,87,up,194.38,154.54,19.438,8.7624,0
2026-02-15 00:25:00,7289276738,4295041707,109,up,194.381,114.534,19.438,10.9659,0
2026-02-15 00:30:00,8921291533,4138033486,25,up,237.901,110.348,23.79,2.5706,0
2026-02-15 00:35:00,8190691256,5476117990,54,up,218.418,146.03,21.842,5.4506,0
2026-02-15 00:40:00,7077473052,5791661592,5,up,188.733,154.444,18.873,0.559,0
2026-02-15 00:45:00,7988304039,4865491466,7,up,213.021,129.746,21.302,0.7062,0
2026-02-15 00:50:00,7082924076,4890131947,76,up,188.878,130.404,18.888,7.638,0
2026-02-15 00:55:00,7080843221,6003994025,3,up,188.822,160.107,18.882,0.3632,0
2026-02-15 01:00:00,7717766044,6004926774,5,up,205.807,160.131,20.581,0.5302,0
2026-02-15 01:05:00,5778047779,5532024784,13,up,154.081,147.521,15.408,1.3642,0
2026-02-15 01:10:00,5947573950,6151636161,22,up,158.602,164.044,15.86,2.2265,0
2026-02-15 01:15:00,6993941223,4832413450,23,up,186.505,128.864,18.651,2.3147,0
2026-02-15 01:20:00,6588451991,5384743930,8,up,175.692,143.593,17.569,0.8632,0
2026-02-15 01:25:00,7782822599,6737317383,63,up,207.542,179.662,20.754,6.3336,0
2026-02-15 01:30:00,6682778332,5671117437,61,up,178.207,151.23,17.821,6.1657,0
2026-02-15 01:35:00,6228926668,5710260947,12,up,166.105,152.274,16.61,1.2442,0
2026-02-15 01:40:00,8819083892,7181513945,14,up,235.176,191.507,23.518,1.4242,0
2026-02-15 01:45:00,7296801329,4680444038,30,up,194.581,124.812,19.458,3.0308,0
2026-02-15 01:50:00,7560775384,6162590497,27,up,201.621,164.336,20.162,2.7192,0
2026-02-15 01:55:00,6217726632,6748190738,12,up,165.806,179.952,16.581,1.2044,0
2026-02-15 02:00:00,7010055547,5405720899,13,up,186.935,144.153,18.693,1.3371,0
2026-02-15 02:05:00,7599830330,6205250781,10,up,202.662,165.473,20.266,1.0694,0
2026-02-15 02:10:00,6464105780,4962136839,6,up,172.376,132.324,17.238,0.671,0
2026-02-15 02:15:00,7838128216,5161455632,15,up,209.017,137.639,20.902,1.5319,0
2026-02-15 02:20:00,6959425179,5884852330,28,up,185.585,156.929,18.558,2.8994,0
2026-02-15 02:25:00,7237475625,6164032504,33,up,192.999,164.374,19.3,3.3867,0
2026-02-15 02:30:00,6958464048,6381632145,37,up,185.559,170.177,18.556,3.7726,0
2026-02-15 02:35:00,9167050366,6684499296,11,up,244.455,178.253,24.445,1.1739,0
2026-02-15 02:40:00,7487852497,5579473572,36,up,199.676,148.786,19.968,3.6166,0
2026-02-15 02:45:00,6548060163,6430687934,0,up,174.615,171.485,17.461,0.0163,0
2026-02-15 02:50:00,8240290420,5393944230,16,up,219.741,143.839,21.974,1.6207,0
2026-02-15 02:55:00,6401240715,6233911635,39,up,170.7,166.238,17.07,3.9485,0
2026-02-15 03:00:00,7687977235,5765054938,24,up,205.013,153.735,20.501,2.4859,0
2026-02-15 03:05:00,5736296888,5925832587,16,up,152.968,158.022,15.297,1.6064,0
2026-02-15 03:10:00,6304632555,5910867814,25,up,168.124,157.623,16.812,2.5866,0
2026-02-15 03:15:00,7677175112,4541824118,59,up,204.725,121.115,20.472,5.9364,0
2026-02-15 03:20:00,8164619921,4866217745,20,up,217.723,129.766,21.772,2.089,0
2026-02-15 03:25:00,7654231453,5694215471,40,up,204.113,151.846,20.411,4.0209,0
2026-02-15 03:30:00,7395916545,4486086621,98,up,197.224,119.629,19.722,9.8747,0
2026-02-15 03:35:00,7229006673,6186067494,30,up,192.774,164.962,19.277,3.0568,0
2026-02-15 03:40:00,6169330208,6213300277,21,up,164.515,165.688,16.452,2.1293,0
2026-02-15 03:45:00,6852140212,5845840123,0,up,182.724,155.889,18.272,0.0955,0
2026-02-15 03:50:00,7085425106,4868234541,11,up,188.945,129.82,18.894,1.1729,0
2026-02-15 03:55:00,8451410003,6556593783,20,up,225.371,174.843,22.537,2.0836,0
2026-02-15 04:00:00,7809256460,7000117181,39,up,208.247,186.67,20.825,3.9889,0
2026-02-15 04:05:00,5913263860,5724276858,14,up,157.687,152.647,15.769,1.4411,0
2026-02-15 04:10:00,7791675572,5969611380,80,up,207.778,159.19,20.778,8.0508,0
2026-02-15 04:15:00,7153425947,5761173591,7,up,190.758,153.631,19.076,0.7929,0
2026-02-15 04:20:00,6890770199,5982999202,34,up,183.754,159.547,18.375,3.412,0
2026-02-15 04:25:00,8050508659,5544297839,13,up,214.68,147.848,21.468,1.3576,0
2026-02-15 04:30:00,8427899570,5601669138,16,up,224.744,149.378,22.474,1.6638,0
2026-02-15 04:35:00,8338152107,6236359380,40,up,222.351,166.303,22.235,4.0551,0
2026-02-15 04:40:00,6744704229,7208296309,8,up,179.859,192.221,17.986,0.8782,0
2026-02-15 04:45:00,7221708861,4679951916,2,up,192.579,124.799,19.258,0.2546,0
2026-02-15 04:50:00,7798137088,5554926573,18,up,207.95,148.131,20.795,1.8363,0
2026-02-15 04:55:00,8377990614,4828189172,18,up,223.413,128.752,22.341,1.8812,0
2026-02-15 05:00:00,7068743185,6699616806,39,up,188.5,178.656,18.85,3.9884,0
2026-02-15 05:05:00,7332906921,5228276870,86,up,195.544,139.421,19.554,8.6301,0
2026-02-15 05:10:00,6504298523,4650839464,1,up,173.448,124.022,17.345,0.1422,0
2026-02-15 05:15:00,6423414038,6055776224,22,up,171.291,161.487,17.129,2.2393,0
2026-02-15 05:20:00,8231273240,6802410002,28,up,219.501,181.398,21.95,2.8586,0
2026-02-15 05:25:00,8720616025,6072928561,106,up,232.55,161.945,23.255,10.6365,0
2026-02-15 05:30:00,7435190890,5763238567,71,up,198.272,153.686,19.827,7.1439,0
2026-02-15 05:35:00,8403179608,5901170122,31,up,224.085,157.365,22.408,3.1159,0
2026-02-15 05:40:00,7825472422,6580017447,18,up,208.679,175.467,20.868,1.8443,0
2026-02-15 05:45:00,6919392220,5034915492,4,up,184.517,134.264,18.452,0.4404,0
2026-02-15 05:50:00,7825256044,5549503204,12,up,208.673,147.987,20.867,1.212,0
2026-02-15 05:55:00,8884232909,5319434149,21,up,236.913,141.852,23.691,2.1994,0
2026-02-15 06:00:00,7467756564,4836690917,32,up,199.14,128.978,19.914,3.2293,0
2026-02-15 06:05:00,8908179290,5403346699,25,up,237.551,144.089,23.755,2.5224,0
2026-02-15 06:10:00,5142229406,6372711739,31,up,137.126,169.939,13.713,3.1305,0
2026-02-15 06:15:00,8239712253,6007456450,14,up,219.726,160.199,21.973,1.4016,0
2026-02-15 06:20:00,7578342361,6059909587,32,up,202.089,161.598,20.209,3.2515,0
2026-02-15 06:25:00,7230893384,5723871037,3,up,192.824,152.637,19.282,0.388,0
2026-02-15 06:30:00,7582584698,5978243553,4,up,202.202,159.42,20.22,0.4436,0
2026-02-15 06:35:00,5711187976,5084601518,4,up,152.298,135.589,15.23,0.4443,0
2026-02-15 06:40:00,4381377180,5416080826,221,up,116.837,144.429,11.684,22.1517,1
2026-02-15 06:45:00,7821401314,5754602859,1,up,208.571,153.456,20.857,0.1977,0
2026-02-15 06:50:00,8830104640,5812323204,40,up,235.469,154.995,23.547,4.0425,0
2026-02-15 06:55:00,7033556803,5841126802,6,up,187.562,155.763,18.756,0.665,0
2026-02-15 07:00:00,6772355757,5531623684,15,up,180.596,147.51,18.06,1.5798,0
2026-02-15 07:05:00,7048418660,5370239204,61,up,187.958,143.206,18.796,6.1911,0
2026-02-15 07:10:00,8323861905,7756495616,22,up,221.97,206.84,22.197,2.2043,0
2026-02-15 07:15:00,7795875998,6237081409,5,up,207.89,166.322,20.789,0.5897,0
2026-02-15 07:20:00,7023215816,5903874546,8,up,187.286,157.437,18.729,0.8355,0
2026-02-15 07:25:00,4777164413,5467584263,253,up,127.391,145.802,12.739,25.3133,1
2026-02-15 07:30:00,7587369794,5320427291,13,up,202.33,141.878,20.233,1.3928,0
2026-02-15 07:35:00,8371780491,5536709599,22,up,223.247,147.646,22.325,2.2107,0
2026-02-15 07:40:00,6868152215,5822659469,15,up,183.151,155.271,18.315,1.5402,0
2026-02-15 07:45:00,7205104068,4355706007,11,up,192.136,116.152,19.214,1.1888,0
2026-02-15 07:50:00,7147102662,4565662023,6,up,190.589,121.751,19.059,0.6317,0
2026-02-15 07:55:00,6182836546,5195104387,28,up,164.876,138.536,16.488,2.8974,0
2026-02-15 08:00:00,7766508249,5764819119,31,up,207.107,153.729,20.711,3.1668,0
2026-02-15 08:05:00,7734949744,5463490625,8,up,206.265,145.693,20.627,0.8036,0
2026-02-15 08:10:00,7504602110,6622731827,38,up,200.123,176.606,20.012,3.8899,0
2026-02-15 08:15:00,7288871579,4624382168,48,up,194.37,123.317,19.437,4.8196,0
2026-02-15 08:20:00,6226166332,5117841808,63,up,166.031,136.476,16.603,6.3355,0
2026-02-15 08:25:00,7121419209,6651061925,4,up,189.905,177.362,18.99,0.4395,0
2026-02-15 08:30:00,7191556935,5713505544,9,up,191.775,152.36,19.177,0.9057,0
2026-02-15 08:35:00,6777950457,6222268743,49,up,180.745,165.927,18.075,4.9216,0
2026-02-15 08:40:00,7354842859,7009591686,5,up,196.129,186.922,19.613,0.5533,0
2026-02-15 08:45:00,7863645771,5156682017,0,up,209.697,137.512,20.97,0.0087,0
2026-02-15 08:50:00,9197567311,5557962821,51,up,245.268,148.212,24.527,5.1165,0
2026-02-15 08:55:00,7657120031,5441111841,9,up,204.19,145.096,20.419,0.988,0
2026-02-15 09:00:00,7731795351,4305649721,13,up,206.181,114.817,20.618,1.3382,0
2026-02-15 09:05:00,7432998675,5415482157,14,up,198.213,144.413,19.821,1.478,0
2026-02-15 09:10:00,5773105906,6219716976,47,up,153.949,165.859,15.395,4.7142,0
2026-02-15 09:15:00,7476137512,5989897940,10,up,199.364,159.731,19.936,1.0308,0
2026-02-15 09:20:00,7554207188,6042881139,55,up,201.446,161.143,20.145,5.5705,0
2026-02-15 09:25:00,9716917901,5371531438,23,up,259.118,143.241,25.912,2.3989,0
2026-02-15 09:30:00,7326875131,5182134365,18,up,195.383,138.19,19.538,1.8732,0
2026-02-15 09:35:00,4662835564,6481747578,39,up,124.342,172.847,12.434,3.9395,1
2026-02-15 09:40:00,7468759407,5289310926,6,up,199.167,141.048,19.917,0.6983,0
2026-02-15 09:45:00,6448189766,5823505376,24,up,171.952,155.293,17.195,2.4458,0
2026-02-15 09:50:00,8528540533,5735250909,14,up,227.428,152.94,22.743,1.4805,0
2026-02-15 09:55:00,8176739729,6611658985,60,up,218.046,176.311,21.805,6.0342,0
2026-02-15 10:00:00,8211928752,6280703341,16,up,218.985,167.485,21.898,1.6914,0
2026-02-15 10:05:00,6681551290,4750700431,17,up,178.175,126.685,17.817,1.7925,0
2026-02-15 10:10:00,8762514879,4823401612,13,up,233.667,128.624,23.367,1.3477,0
2026-02-15 10:15:00,6238334043,6015764127,38,up,166.356,160.42,16.636,3.8929,0
2026-02-15 10:20:00,8028171384,5581572088,13,up,214.085,148.842,21.408,1.3828,0
2026-02-15 10:25:00,9471410063,5317759045,7,up,252.571,141.807,25.257,0.7845,0
2026-02-15 10:30:00,6608517307,6310548821,49,up,176.227,168.281,17.623,4.9518,0
2026-02-15 10:35:00,6990332043,5751535082,22,up,186.409,153.374,18.641,2.271,0
2026-02-15 10:40:00,7589686228,5660408736,22,up,202.392,150.944,20.239,2.2382,0
2026-02-15 10:45:00,7046871911,6151384332,23,up,187.917,164.037,18.792,2.3593,0
2026-02-15 10:50:00,6104402912,5371801428,31,up,162.784,143.248,16.278,3.1721,0
2026-02-15 10:55:00,7561706677,6683750315,9,up,201.646,178.233,20.165,0.9388,0
2026-02-15 11:00:00,6543926657,5093067854,0,up,174.505,135.815,17.45,0.0861,0
2026-02-15 11:05:00,7926233187,6068427119,41,up,211.366,161.825,21.137,4.1596,0
2026-02-15 11:10:00,6672518189,6592837166,3,up,177.934,175.809,17.793,0.345,0
2026-02-15 11:15:00,8894940964,4695325544,31,up,237.198,125.209,23.72,3.1987,0
2026-02-15 11:20:00,6795072036,5393248756,2,up,181.202,143.82,18.12,0.2148,0
2026-02-15 11:25:00,7210144635,6395989990,11,up,192.271,170.56,19.227,1.1762,0
2026-02-15 11:30:00,8232165495,6406140069,1,up,219.524,170.83,21.952,0.1627,0
2026-02-15 11:35:00,6392222115,5509240469,18,up,170.459,146.913,17.046,1.8465,0
2026-02-15 11:40:00,4622828364,5129097011,105,up,123.275,136.776,12.328,10.5882,1
2026-02-15 11:45:00,8676428478,6270256680,4,up,231.371,167.207,23.137,0.4701,0
2026-02-15 11:50:00,6053265088,6423895644,11,up,161.42,171.304,16.142,1.1616,0
2026-02-15 11:55:00,7666170472,4838852239,66,up,204.431,129.036,20.443,6.6567,0
2026-02-15 12:00:00,7733894514,4812358286,14,up,206.237,128.33,20.624,1.4602,0
2026-02-15 12:05:00,8203640584,5777048260,40,up,218.764,154.055,21.876,4.0556,0
2026-02-15 12:10:00,6386744360,6049818427,65,up,170.313,161.328,17.031,6.5496,0
2026-02-15 12:15:00,6311589048,5423128367,91,up,168.309,144.617,16.831,9.1576,0
2026-02-15 12:20:00,7969747409,6083523328,57,up,212.527,162.227,21.253,5.7149,0
2026-02-15 12:25:00,7767286205,5145657790,9,up,207.128,137.218,20.713,0.9546,0
2026-02-15 12:30:00,7725443565,4197581820,82,up,206.012,111.936,20.601,8.2134,0
2026-02-15 12:35:00,7811803388,5338866776,41,up,208.315,142.37,20.831,4.1835,0
2026-02-15 12:40:00,6887977750,5667681698,45,up,183.679,151.138,18.368,4.5377,0
2026-02-15 12:45:00,7709028327,5438808027,0,up,205.574,145.035,20.557,0.0382,0
2026-02-15 12:50:00,7763765225,4842942797,77,up,207.034,129.145,20.703,7.7108,0
2026-02-15 12:55:00,6857083723,4399436941,37,up,182.856,117.318,18.286,3.7637,0
2026-02-15 13:00:00,9179197060,5277990057,36,up,244.779,140.746,24.478,3.6522,0
2026-02-15 13:05:00,4755869777,6230917645,8,up,126.823,166.158,12.682,0.8504,1
2026-02-15 13:10:00,6427826852,6472933271,6,up,171.409,172.612,17.141,0.6618,0
2026-02-15 13:15:00,4854538948,6426706534,327,up,129.454,171.379,12.945,32.7708,1
2026-02-15 13:20:00,6622786496,5074261063,17,up,176.608,135.314,17.661,1.7363,0
2026-02-15 13:25:00,8208376143,4846248231,12,up,218.89,129.233,21.889,1.2682,0
2026-02-15 13:30:00,8542736021,5960228365,45,up,227.806,158.939,22.781,4.5805,0
2026-02-15 13:35:00,6761385913,6053692507,2,up,180.304,161.432,18.03,0.2285,0
2026-02-15 13:40:00,8367038516,5895114483,13,up,223.121,157.203,22.312,1.3487,0
2026-02-15 13:45:00,7871502834,4265507289,11,up,209.907,113.747,20.991,1.1778,0
2026-02-15 13:50:00,8239854143,5039852905,10,up,219.729,134.396,21.973,1.0764,0
2026-02-15 13:55:00,9207113684,5604960066,9,up,245.523,149.466,24.552,0.9193,0
2026-02-15 14:00:00,7279150695,5953872281,5,up,194.111,158.77,19.411,0.5895,0
2026-02-15 14:05:00,6821637452,6142932469,4,up,181.91,163.812,18.191,0.4746,0
2026-02-15 14:10:00,6699437013,5722371127,25,up,178.652,152.597,17.865,2.5569,0
2026-02-15 14:15:00,6765770743,5848279069,62,up,180.421,155.954,18.042,6.2955,0
2026-02-15 14:20:00,7430608461,5682284184,17,up,198.15,151.528,19.815,1.7775,0
2026-02-15 14:25:00,7807036777,6087793077,8,up,208.188,162.341,20.819,0.8845,0
2026-02-15 14:30:00,7749021719,5836184314,4,up,206.641,155.632,20.664,0.4334,0
2026-02-15 14:35:00,8244464924,5669372920,44,up,219.852,151.183,21.985,4.432,0
2026-02-15 14:40:00,7511701702,5443851060,88,up,200.312,145.169,20.031,8.8939,0
2026-02-15 14:45:00,8808180669,5679871711,10,up,234.885,151.463,23.488,1.0737,0
2026-02-15 14:50:00,7261808850,5952099180,8,up,193.648,158.723,19.365,0.8596,0
2026-02-15 14:55:00,9948152249,5805545887,23,up,265.284,154.815,26.528,2.3001,0
2026-02-15 15:00:00,8063100612,5882057832,37,up,215.016,156.855,21.502,3.7328,0
2026-02-15 15:05:00,6728558199,6531337256,15,up,179.428,174.169,17.943,1.5193,0
2026-02-15 15:10:00,6536196751,5803985647,24,up,174.299,154.773,17.43,2.4861,0
2026-02-15 15:15:00,4760535104,5186925998,126,up,126.948,138.318,12.695,12.6072,1
2026-02-15 15:20:00,7298883493,6221434580,80,up,194.637,165.905,19.464,8.0845,0
2026-02-15 15:25:00,8142600444,4702816122,4,up,217.136,125.408,21.714,0.4509,0
2026-02-15 15:30:00,7925913862,4895045968,148,up,211.358,130.535,21.136,14.8638,0
2026-02-15 15:35:00,7434453978,5851696903,12,up,198.252,156.045,19.825,1.2446,0
2026-02-15 15:40:00,6737885653,5973567750,32,up,179.677,159.295,17.968,3.2112,0
2026-02-15 15:45:00,6136637497,4784590424,21,up,163.644,127.589,16.364,2.124,0
2026-02-15 15:50:00,7098136543,5366598200,16,up,189.284,143.109,18.928,1.6671,0
2026-02-15 15:55:00,8270758914,5215893413,29,up,220.554,139.09,22.055,2.9939,0
2026-02-15 16:00:00,7692684369,5296493482,12,up,205.138,141.24,20.514,1.2594,0
2026-02-15 16:05:00,6378835099,6261928498,3,up,170.102,166.985,17.01,0.337,0
2026-02-15 16:10:00,7655862833,6101891187,16,up,204.156,162.717,20.416,1.6779,0
2026-02-15 16:15:00,7846785641,5612092528,18,up,209.248,149.656,20.925,1.8449,0
2026-02-15 16:20:00,6704528307,5256475699,5,up,178.787,140.173,17.879,0.5638,0
2026-02-15 16:25:00,7638352595,4713986472,68,up,203.689,125.706,20.369,6.8574,0
2026-02-15 16:30:00,7552387846,6583624833,6,up,201.397,175.563,20.14,0.6452,0
2026-02-15 16:35:00,6471326731,6024676882,13,up,172.569,160.658,17.257,1.3158,0
2026-02-15 16:40:00,7822008624,5147998354,4,up,208.587,137.28,20.859,0.4208,0
2026-02-15 16:45:00,8004706073,6110729660,19,up,213.459,162.953,21.346,1.9186,0
2026-02-15 16:50:00,8474746118,5577599056,9,up,225.993,148.736,22.599,0.9191,0
2026-02-15 16:55:00,8448421846,5431201084,16,up,225.291,144.832,22.529,1.6798,0
2026-02-15 17:00:00,6260097568,5918767781,6,up,166.936,157.834,16.694,0.636,0
2026-02-15 17:05:00,6655957464,5124488681,1,up,177.492,136.653,17.749,0.1382,0
2026-02-15 17:10:00,7963531740,5392964349,37,up,212.361,143.812,21.236,3.7765,0
2026-02-15 17:15:00,7962407355,5706986218,25,up,212.331,152.186,21.233,2.5617,0
2026-02-15 17:20:00,7963542917,5287870444,10,up,212.361,141.01,21.236,1.0416,0
2026-02-15 17:25:00,10967458341,6076632516,1,up,292.466,162.044,29.247,0.1216,0
2026-02-15 17:30:00,8013801459,6886619889,50,up,213.701,183.643,21.37,5.0169,0
2026-02-15 17:35:00,8522009076,5115848760,4,up,227.254,136.423,22.725,0.4652,0
2026-02-15 17:40:00,5015160952,4501040424,266,up,133.738,120.028,13.374,26.6992,1
2026-02-15 17:45:00,8086252126,4273825386,16,up,215.633,113.969,21.563,1.6281,0
2026-02-15 17:50:00,7216257679,5523434004,10,up,192.434,147.292,19.243,1.0403,0
2026-02-15 17:55:00,8183072298,5177363901,33,up,218.215,138.063,21.822,3.3847,0
2026-02-15 18:00:00,6804457306,5765305838,52,up,181.452,153.741,18.145,5.2357,0
2026-02-15 18:05:00,7286863253,5714503428,11,up,194.316,152.387,19.432,1.1579,0
2026-02-15 18:10:00,7063172806,4542828628,13,up,188.351,121.142,18.835,1.3079,0
2026-02-15 18:15:00,7573686725,4399953415,14,up,201.965,117.332,20.196,1.4192,0
2026-02-15 18:20:00,9583192710,5824754937,63,up,255.552,155.327,25.555,6.388,0
2026-02-15 18:25:00,5819461326,5716414463,29,up,155.186,152.438,15.519,2.9487,0
2026-02-15 18:30:00,8117634171,5337572851,7,up,216.47,142.335,21.647,0.7114,0
2026-02-15 18:35:00,6048555715,4506428080,5,up,161.295,120.171,16.129,0.5114,0
2026-02-15 18:40:00,7075261320,5943189102,6,up,188.674,158.485,18.867,0.6546,0
2026-02-15 18:45:00,8480055537,6483532193,7,up,226.135,172.894,22.613,0.7648,0
2026-02-15 18:50:00,7557852017,5812638147,6,up,201.543,155.004,20.154,0.654,0
2026-02-15 18:55:00,6530029699,5052955123,26,up,174.134,134.745,17.413,2.6861,0
2026-02-15 19:00:00,6856226661,5655072711,3,up,182.833,150.802,18.283,0.3081,0
2026-02-15 19:05:00,8111637974,4702872995,12,up,216.31,125.41,21.631,1.2249,0
2026-02-15 19:10:00,6842670031,6339123481,24,up,182.471,169.043,18.247,2.4524,0
2026-02-15 19:15:00,7694812730,5680244925,8,up,205.195,151.473,20.52,0.8593,0
2026-02-15 19:20:00,7541014655,4431494084,1,up,201.094,118.173,20.109,0.1688,0
2026-02-15 19:25:00,6913559687,5422044806,2,up,184.362,144.588,18.436,0.2134,0
2026-02-15 19:30:00,9429549680,5937728519,3,up,251.455,158.339,25.145,0.3366,0
2026-02-15 19:35:00,8070527120,5400192855,45,up,215.214,144.005,21.521,4.5173,0
2026-02-15 19:40:00,5677371672,5438770388,26,up,151.397,145.034,15.14,2.6814,0
2026-02-15 19:45:00,7667808883,4798528510,1,up,204.475,127.961,20.447,0.1667,0
2026-02-15 19:50:00,6904392181,6007415166,12,up,184.117,160.198,18.412,1.2401,0
2026-02-15 19:55:00,8267190001,5187283289,8,up,220.458,138.328,22.046,0.8164,0
2026-02-15 20:00:00,6786731335,4169399370,21,up,180.98,111.184,18.098,2.1571,0
2026-02-15 20:05:00,7396737202,5374401274,18,up,197.246,143.317,19.725,1.8496,0
2026-02-15 20:10:00,7954488551,6287276058,16,up,212.12,167.661,21.212,1.6402,0
2026-02-15 20:15:00,8279179674,5363822623,9,up,220.778,143.035,22.078,0.9441,0
2026-02-15 20:20:00,6419733233,6798139864,3,up,171.193,181.284,17.119,0.3707,0
2026-02-15 20:25:00,7198948887,5914553365,33,up,191.972,157.721,19.197,3.3906,0
2026-02-15 20:30:00,7072549219,5853661759,52,up,188.601,156.098,18.86,5.2977,0
2026-02-15 20:35:00,6912003690,5538331170,72,up,184.32,147.689,18.432,7.2128,0
2026-02-15 20:40:00,9088908816,5578906809,1,up,242.371,148.771,24.237,0.151,0
2026-02-15 20:45:00,7864483539,5447189046,33,up,209.72,145.258,20.972,3.3668,0
2026-02-15 20:50:00,6365204441,5420968160,32,up,169.739,144.559,16.974,3.2412,0
2026-02-15 20:55:00,8326075752,5983335334,73,up,222.029,159.556,22.203,7.3488,0
2026-02-15 21:00:00,9409940577,4993313919,7,up,250.932,133.155,25.093,0.7289,0
2026-02-15 21:05:00,8429218734,4898771665,33,up,224.779,130.634,22.478,3.3887,0
2026-02-15 21:10:00,6132567030,4866843340,1,up,163.535,129.782,16.354,0.1404,0
2026-02-15 21:15:00,7064189334,7005816819,24,up,188.378,186.822,18.838,2.4941,0
2026-02-15 21:20:00,8640220034,5982981458,10,up,230.406,159.546,23.041,1.0802,0
2026-02-15 21:25:00,6863097480,5830532236,36,up,183.016,155.481,18.302,3.6624,0
2026-02-15 21:30:00,7899437485,4911177597,49,up,210.652,130.965,21.065,4.975,0
2026-02-15 21:35:00,8197170648,6045756052,11,up,218.591,161.22,21.859,1.1346,0
2026-02-15 21:40:00,6665762575,5546314341,18,up,177.754,147.902,17.775,1.8642,0
2026-02-15 21:45:00,7446427179,5769564035,3,up,198.571,153.855,19.857,0.3122,0
2026-02-15 21:50:00,4582859393,4965781286,13,up,122.21,132.421,12.221,1.3485,0
2026-02-15 21:55:00,6578051122,5733181478,11,up,175.415,152.885,17.541,1.1188,0
2026-02-15 22:00:00,7272688663,5338912361,5,up,193.938,142.371,19.394,0.5057,0
2026-02-15 22:05:00,6376995136,5108212469,56,up,170.053,136.219,17.005,5.6221,0
2026-02-15 22:10:00,8969170173,6120521776,4,up,239.178,163.214,23.918,0.4007,0
2026-02-15 22:15:00,6212872759,4587047229,25,up,165.677,122.321,16.568,2.5247,0
2026-02-15 22:20:00,4262375977,6006223978,220,up,113.663,160.166,11.366,22.0857,1
2026-02-15 22:25:00,7617666519,6087028140,60,up,203.138,162.321,20.314,6.0752,0
2026-02-15 22:30:00,8797145960,5031240519,39,up,234.591,134.166,23.459,3.9405,0
2026-02-15 22:35:00,6207724063,5071278288,4,up,165.539,135.234,16.554,0.4844,0
2026-02-15 22:40:00,5128108426,5474457665,170,up,136.75,145.986,13.675,17.0063,1
2026-02-15 22:45:00,7509209754,5815374442,8,up,200.246,155.077,20.025,0.8094,0
2026-02-15 22:50:00,6616642214,5521822880,63,up,176.444,147.249,17.644,6.3904,0
2026-02-15 22:55:00,7915893126,5917654660,30,up,211.09,157.804,21.109,3.0868,0
2026-02-15 23:00:00,7679153726,6815011265,38,up,204.777,181.734,20.478,3.8459,0
2026-02-15 23:05:00,6959804810,5282291180,2,up,185.595,140.861,18.559,0.2222,0
2026-02-15 23:10:00,7562821876,4467253519,21,up,201.675,119.127,20.168,2.1853,0
2026-02-15 23:15:00,7153217762,6182498418,43,up,190.752,164.867,19.075,4.3029,0
2026-02-15 23:20:00,7602165610,6761237338,49,up,202.724,180.3,20.272,4.9438,0
2026-02-15 23:25:00,8095917607,5890118645,0,up,215.891,157.07,21.589,0.0726,0
2026-02-15 23:30:00,8927415134,4890769644,69,up,238.064,130.421,23.806,6.9987,0
2026-02-15 23:35:00,6385966051,5541372654,1,up,170.292,147.77,17.029,0.1108,0
2026-02-15 23:40:00,9419730037,4869996648,23,up,251.193,129.867,25.119,2.3832,0
2026-02-15 23:45:00,5743120980,6058927458,29,up,153.15,161.571,15.315,2.9554,0
2026-02-15 23:50:00,7363393414,4712878978,2,up,196.357,125.677,19.636,0.2839,0
2026-02-15 23:55:00,8029485485,5422413068,1,up,214.12,144.598,21.412,0.123,0
2026-02-16 00:00:00,7752892680,4947071967,38,up,206.744,131.922,20.674,3.8418,0
2026-02-16 00:05:00,6939570432,5710606662,12,up,185.055,152.283,18.506,1.214,0
2026-02-16 00:10:00,7312689974,5377719367,2,up,195.005,143.406,19.501,0.2832,0
2026-02-16 00:15:00,7056299158,5744314419,35,up,188.168,153.182,18.817,3.5957,0
2026-02-16 00:20:00,6969571718,5640086624,47,up,185.855,150.402,18.586,4.7289,0
2026-02-16 00:25:00,8264641887,4959005156,22,up,220.39,132.24,22.039,2.2131,0
2026-02-16 00:30:00,7821313937,6048142017,4,up,208.568,161.284,20.857,0.4396,0
2026-02-16 00:35:00,6876381364,5592083185,0,up,183.37,149.122,18.337,0.0383,0
2026-02-16 00:40:00,8309639887,4957742919,30,up,221.59,132.206,22.159,3.0166,0
2026-02-16 00:45:00,7776569568,7137625425,19,up,207.375,190.337,20.738,1.997,0
2026-02-16 00:50:00,8231575906,5946590362,26,up,219.509,158.576,21.951,2.6303,0
2026-02-16 00:55:00,8066665957,5521549126,41,up,215.111,147.241,21.511,4.1941,0
2026-02-16 01:00:00,6753904490,6580263055,14,up,180.104,175.474,18.01,1.4239,0
2026-02-16 01:05:00,6995837063,6868225536,3,up,186.556,183.153,18.656,0.3324,0
2026-02-16 01:10:00,8172564244,5526889139,70,up,217.935,147.384,21.794,7.0328,0
2026-02-16 01:15:00,8049333238,5859493303,19,up,214.649,156.253,21.465,1.9701,0
2026-02-16 01:20:00,7481188565,4958098097,23,up,199.498,132.216,19.95,2.3882,0
2026-02-16 01:25:00,7605594644,5525644893,67,up,202.816,147.351,20.282,6.7731,0
2026-02-16 01:30:00,8649898406,5490632776,67,up,230.664,146.417,23.066,6.7054,0
2026-02-16 01:35:00,6967585750,5749758247,21,up,185.802,153.327,18.58,2.1221,0
2026-02-16 01:40:00,7992387643,5849613323,8,up,213.13,155.99,21.313,0.8832,0
2026-02-16 01:45:00,7318026612,6002884202,146,up,195.147,160.077,19.515,14.6194,0
2026-02-16 01:50:00,4382452150,5785408793,114,up,116.865,154.278,11.687,11.4199,1
2026-02-16 01:55:00,8488899166,4807748727,13,up,226.371,128.207,22.637,1.3125,0
2026-02-16 02:00:00,8242874714,4991534703,20,up,219.81,133.108,21.981,2.0515,0
2026-02-16 02:05:00,8232158672,5256174856,13,up,219.524,140.165,21.952,1.3439,0
2026-02-16 02:10:00,8674930926,5434487600,54,up,231.331,144.92,23.133,5.48,0
2026-02-16 02:15:00,7518903457,6334272646,16,up,200.504,168.914,20.05,1.6469,0
2026-02-16 02:20:00,8113757674,4840016183,43,up,216.367,129.067,21.637,4.3365,0
2026-02-16 02:25:00,7220759919,5383744842,45,up,192.554,143.567,19.255,4.5842,0
2026-02-16 02:30:00,7791749717,6268281411,43,up,207.78,167.154,20.778,4.3479,0
2026-02-16 02:35:00,7382871251,5422582704,32,up,196.877,144.602,19.688,3.202,0
2026-02-16 02:40:00,7587296368,5935780563,48,up,202.328,158.287,20.233,4.8254,0
2026-02-16 02:45:00,8035641322,5530809121,12,up,214.284,147.488,21.428,1.2244,0
2026-02-16 02:50:00,6763601385,5798328698,3,up,180.363,154.622,18.036,0.3045,0
2026-02-16 02:55:00,9383148548,5470781032,46,up,250.217,145.887,25.022,4.6201,0
2026-02-16 03:00:00,6594584356,6075269194,17,up,175.856,162.007,17.586,1.7237,0
2026-02-16 03:05:00,6407230248,4582086925,3,up,170.859,122.189,17.086,0.3406,0
2026-02-16 03:10:00,8542299786,5379764394,3,up,227.795,143.46,22.779,0.3063,0
2026-02-16 03:15:00,8212496424,5825186556,4,up,219.0,155.338,21.9,0.4336,0
2026-02-16 03:20:00,8061707835,5985244292,34,up,214.979,159.607,21.498,3.4755,0
2026-02-16 03:25:00,8065510958,6632743020,31,up,215.08,176.873,21.508,3.1021,0
2026-02-16 03:30:00,7488977904,5361058349,5,up,199.706,142.962,19.971,0.5698,0
2026-02-16 03:35:00,6692471065,6623650189,46,up,178.466,176.631,17.847,4.692,0
2026-02-16 03:40:00,7568224102,5180158917,8,up,201.819,138.138,20.182,0.8258,0
2026-02-16 03:45:00,4134332675,6521836327,157,up,110.249,173.916,11.025,15.7497,1
2026-02-16 03:50:00,8377607760,6176790310,16,up,223.403,164.714,22.34,1.6775,0
2026-02-16 03:55:00,7367648356,5008415458,32,up,196.471,133.558,19.647,3.2877,0
2026-02-16 04:00:00,6757052522,5832251485,12,up,180.188,155.527,18.019,1.2007,0
2026-02-16 04:05:00,4326451645,5590415811,42,up,115.372,149.078,11.537,4.2639,1
2026-02-16 04:10:00,4722982985,6047269600,184,up,125.946,161.261,12.595,18.4112,1
2026-02-16 04:15:00,6992647902,5474291677,0,up,186.471,145.981,18.647,0.0899,0
2026-02-16 04:20:00,6760001643,5417608797,91,up,180.267,144.47,18.027,9.196,0
2026-02-16 04:25:00,7719318490,6549138843,26,up,205.848,174.644,20.585,2.6116,0
2026-02-16 04:30:00,7720469913,5558363396,14,up,205.879,148.223,20.588,1.4162,0
2026-02-16 04:35:00,7043751142,6182835068,24,up,187.833,164.876,18.783,2.4725,0
2026-02-16 04:40:00,7076065524,5472887747,3,up,188.695,145.944,18.87,0.3274,0
2026-02-16 04:45:00,4625306966,6749997699,72,up,123.342,180.0,12.334,7.2165,1
2026-02-16 04:50:00,6196724092,5167124125,105,up,165.246,137.79,16.525,10.5152,0
2026-02-16 04:55:00,3739969561,5210453116,26,up,99.733,138.945,9.973,2.6823,1
2026-02-16 05:00:00,6853400200,6654049097,32,up,182.757,177.441,18.276,3.2028,0
2026-02-16 05:05:00,7307897563,5324661186,14,up,194.877,141.991,19.488,1.4272,0
2026-02-16 05:10:00,7779816809,6705725156,26,up,207.462,178.819,20.746,2.6422,0
2026-02-16 05:15:00,8827820595,6226992391,5,up,235.409,166.053,23.541,0.5732,0
2026-02-16 05:20:00,8271893660,5520611448,15,up,220.584,147.216,22.058,1.5894,0
2026-02-16 05:25:00,7356055323,4401026906,97,up,196.161,117.361,19.616,9.7917,0
2026-02-16 05:30:00,7482885412,5611960144,5,up,199.544,149.652,19.954,0.5432,0
2026-02-16 05:35:00,6597723571,5693600286,25,up,175.939,151.829,17.594,2.5296,0
2026-02-16 05:40:00,7483338177,6412871969,21,up,199.556,171.01,19.956,2.1427,0
2026-02-16 05:45:00,7240207224,6697201843,20,up,193.072,178.592,19.307,2.0813,0
2026-02-16 05:50:00,7790446704,5162633654,23,up,207.745,137.67,20.775,2.3871,0
2026-02-16 05:55:00,6755492150,6165797690,17,up,180.146,164.421,18.015,1.7441,0
2026-02-16 06:00:00,7967411862,6141646455,0,up,212.464,163.777,21.246,0.0427,0
2026-02-16 06:05:00,8879465021,6349553574,57,up,236.786,169.321,23.679,5.7589,0
2026-02-16 06:10:00,7402115866,5961615690,43,up,197.39,158.976,19.739,4.3859,0
2026-02-16 06:15:00,7861540549,4313814058,4,up,209.641,115.035,20.964,0.4784,0
2026-02-16 06:20:00,8121129592,5520089858,13,up,216.563,147.202,21.656,1.333,0
2026-02-16 06:25:00,7138901575,4844897386,36,up,190.371,129.197,19.037,3.6802,0
2026-02-16 06:30:00,7701683233,5488241103,97,up,205.378,146.353,20.538,9.7879,0
2026-02-16 06:35:00,7511333160,6286502859,75,up,200.302,167.64,20.03,7.5468,0
2026-02-16 06:40:00,7587908488,5830976814,57,up,202.344,155.493,20.234,5.7405,0
2026-02-16 06:45:00,6804291194,6399961334,4,up,181.448,170.666,18.145,0.431,0
2026-02-16 06:50:00,7522059156,5855683896,61,up,200.588,156.152,20.059,6.1474,0
2026-02-16 06:55:00,7948198462,4748629990,52,up,211.952,126.63,21.195,5.2685,0
2026-02-16 07:00:00,8806029247,3923428270,11,up,234.827,104.625,23.483,1.1828,0
2026-02-16 07:05:00,8363343743,5725445914,12,up,223.022,152.679,22.302,1.2543,0
2026-02-16 07:10:00,5662718527,5480599635,61,up,151.006,146.149,15.101,6.1602,1
2026-02-16 07:15:00,6809387193,4965561625,26,up,181.584,132.415,18.158,2.6691,0
2026-02-16 07:20:00,8285088573,4477076606,7,up,220.936,119.389,22.094,0.7556,0
2026-02-16 07:25:00,7665007805,5129048330,0,up,204.4,136.775,20.44,0.058,0
2026-02-16 07:30:00,9470822639,5493718247,3,up,252.555,146.499,25.256,0.3806,0
2026-02-16 07:35:00,4063518925,6074467531,58,up,108.361,161.986,10.836,5.8003,1
2026-02-16 07:40:00,6744250342,5752325980,8,up,179.847,153.395,17.985,0.8282,0
2026-02-16 07:45:00,6960546619,6710445391,36,up,185.615,178.945,18.561,3.6153,0
2026-02-16 07:50:00,5588493848,4925967262,2,up,149.027,131.359,14.903,0.2821,0
2026-02-16 07:55:00,7026820480,6219714752,62,up,187.382,165.859,18.738,6.2363,0
2026-02-16 08:00:00,6816780604,5656926651,56,up,181.781,150.851,18.178,5.6423,0
2026-02-16 08:05:00,7635354407,6093901658,59,up,203.609,162.504,20.361,5.9856,0
2026-02-16 08:10:00,7807580378,5330352467,33,up,208.202,142.143,20.82,3.3639,0
2026-02-16 08:15:00,9188553755,6348384252,2,up,245.028,169.29,24.503,0.2829,0
2026-02-16 08:20:00,8355381454,5824276711,14,up,222.81,155.314,22.281,1.4412,0
2026-02-16 08:25:00,6980786709,5166374635,3,up,186.154,137.77,18.615,0.3522,0
2026-02-16 08:30:00,6691426795,5616883780,109,up,178.438,149.784,17.844,10.9952,0
2026-02-16 08:35:00,7942727254,5463299795,10,up,211.806,145.688,21.181,1.0126,0
2026-02-16 08:40:00,6311790113,5955195386,22,up,168.314,158.805,16.831,2.2007,0
2026-02-16 08:45:00,9148312889,4828650694,37,up,243.955,128.764,24.396,3.7784,0
2026-02-16 08:50:00,8561496108,5605187601,63,up,228.307,149.472,22.831,6.3336,0
2026-02-16 08:55:00,7077741913,5891832395,35,up,188.74,157.116,18.874,3.5218,0
2026-02-16 09:00:00,5958178923,5647290732,28,up,158.885,150.594,15.888,2.806,0
2026-02-16 09:05:00,8718485136,6534185339,15,up,232.493,174.245,23.249,1.5683,0
2026-02-16 09:10:00,7396914139,6147465372,23,up,197.251,163.932,19.725,2.3247,0
2026-02-16 09:15:00,8614034680,5619950462,2,up,229.708,149.865,22.971,0.2472,0
2026-02-16 09:20:00,6065015107,5771265140,53,up,161.734,153.9,16.173,5.3837,0
2026-02-16 09:25:00,6960562479,5824574247,19,up,185.615,155.322,18.561,1.9619,0
2026-02-16 09:30:00,7504719329,5897227232,1,up,200.126,157.259,20.013,0.1024,0
2026-02-16 09:35:00,7542282534,4392680852,63,up,201.128,117.138,20.113,6.3113,0
2026-02-16 09:40:00,7094941075,5421469750,16,up,189.198,144.573,18.92,1.6799,0
2026-02-16 09:45:00,8060564939,4623003628,50,up,214.948,123.28,21.495,5.0736,0
2026-02-16 09:50:00,6539141613,6487839639,48,up,174.377,173.009,17.438,4.8603,0
2026-02-16 09:55:00,7371858463,5583926573,42,up,196.583,148.905,19.658,4.2287,0
2026-02-16 10:00:00,7608266068,5494494858,1,up,202.887,146.52,20.289,0.1584,0
2026-02-16 10:05:00,7962994950,6230338199,7,up,212.347,166.142,21.235,0.7094,0
2026-02-16 10:10:00,8140453390,5910069238,52,up,217.079,157.602,21.708,5.2096,0
2026-02-16 10:15:00,6487822117,4863171702,57,up,173.009,129.685,17.301,5.7314,0
2026-02-16 10:20:00,6119297246,5577138880,15,up,163.181,148.724,16.318,1.5315,0
2026-02-16 10:25:00,8649909139,5398762293,14,up,230.664,143.967,23.066,1.4497,0
2026-02-16 10:30:00,7799082610,4447440300,4,up,207.976,118.598,20.798,0.4814,0
2026-02-16 10:35:00,6826362117,5159063542,86,up,182.036,137.575,18.204,8.6373,0
2026-02-16 10:40:00,8896036777,5501110282,5,up,237.228,146.696,23.723,0.5993,0
2026-02-16 10:45:00,7604107170,5547408121,5,up,202.776,147.931,20.278,0.5297,0
2026-02-16 10:50:00,8561367465,4624493789,27,up,228.303,123.32,22.83,2.7024,0
2026-02-16 10:55:00,7560766633,6402374268,6,up,201.62,170.73,20.162,0.6955,0
2026-02-16 11:00:00,9354673132,5556080435,69,up,249.458,148.162,24.946,6.9829,0
2026-02-16 11:05:00,9079806758,5650348326,0,up,242.128,150.676,24.213,0.0274,0
2026-02-16 11:10:00,7275932266,5895433105,0,up,194.025,157.212,19.402,0.0144,0
2026-02-16 11:15:00,8374413855,5093048528,17,up,223.318,135.815,22.332,1.7574,0
2026-02-16 11:20:00,8080838354,5933040281,16,up,215.489,158.214,21.549,1.6739,0
2026-02-16 11:25:00,8731768401,5377224613,4,up,232.847,143.393,23.285,0.4459,0
2026-02-16 11:30:00,6631568885,5019804760,17,up,176.842,133.861,17.684,1.7056,0
2026-02-16 11:35:00,8117446313,6012077058,13,up,216.465,160.322,21.647,1.3261,0
2026-02-16 11:40:00,8452582038,6631879854,55,up,225.402,176.85,22.54,5.5257,0
2026-02-16 11:45:00,5917134462,6114259827,0,up,157.79,163.047,15.779,0.0232,0
2026-02-16 11:50:00,6435067338,6248009856,93,up,171.602,166.614,17.16,9.3525,0
2026-02-16 11:55:00,5664691040,5273574340,24,up,151.058,140.629,15.106,2.448,0
2026-02-16 12:00:00,7257533848,4546606682,4,up,193.534,121.243,19.353,0.4117,0
2026-02-16 12:05:00,8145788030,6630842827,1,up,217.221,176.822,21.722,0.1197,0
2026-02-16 12:10:00,8852121346,7011797550,19,up,236.057,186.981,23.606,1.931,0
2026-02-16 12:15:00,7566685302,6666394572,6,up,201.778,177.771,20.178,0.6693,0
2026-02-16 12:20:00,8965753991,5398344491,8,up,239.087,143.956,23.909,0.8959,0
2026-02-16 12:25:00,6257908687,4845621821,7,up,166.878,129.217,16.688,0.703,0
2026-02-16 12:30:00,5966955804,4905664178,26,up,159.119,130.818,15.912,2.6258,0
2026-02-16 12:35:00,7450007070,4488480516,20,up,198.667,119.693,19.867,2.016,0
2026-02-16 12:40:00,7845658904,5552519432,2,up,209.218,148.067,20.922,0.203,0
2026-02-16 12:45:00,7470574726,6708832621,18,up,199.215,178.902,19.922,1.8691,0
2026-02-16 12:50:00,5639302109,5529377723,39,up,150.381,147.45,15.038,3.9158,0
2026-02-16 12:55:00,7419791964,5829067957,2,up,197.861,155.442,19.786,0.2117,0
2026-02-16 13:00:00,6325977449,6553527950,55,up,168.693,174.761,16.869,5.5123,0
2026-02-16 13:05:00,8102705293,5352235664,21,up,216.072,142.726,21.607,2.1587,0
2026-02-16 13:10:00,4697963052,6998983733,300,up,125.279,186.64,12.528,30.083,1
2026-02-16 13:15:00,6654108192,6969663725,4,up,177.443,185.858,17.744,0.4008,0
2026-02-16 13:20:00,7037519774,5536499846,126,up,187.667,147.64,18.767,12.615,0
2026-02-16 13:25:00,6546707830,5235164371,25,up,174.579,139.604,17.458,2.584,0
2026-02-16 13:30:00,7443588812,6095635681,20,up,198.496,162.55,19.85,2.0954,0
2026-02-16 13:35:00,5015776853,5390420663,72,up,133.754,143.745,13.375,7.2418,1
2026-02-16 13:40:00,6612846558,4844325228,0,up,176.343,129.182,17.634,0.0598,0
2026-02-16 13:45:00,7953641863,6489836091,70,up,212.097,173.062,21.21,7.0185,0
2026-02-16 13:50:00,7022768143,6446101986,25,up,187.274,171.896,18.727,2.582,0
2026-02-16 13:55:00,6786414450,5729970332,2,up,180.971,152.799,18.097,0.2402,0
2026-02-16 14:00:00,7403672676,4772566291,0,up,197.431,127.268,19.743,0.0529,0
2026-02-16 14:05:00,6568281909,4795069780,1,up,175.154,127.869,17.515,0.1303,0
2026-02-16 14:10:00,7001715625,5697379769,23,up,186.712,151.93,18.671,2.3502,0
2026-02-16 14:15:00,6421909896,5287587051,23,up,171.251,141.002,17.125,2.3799,0
2026-02-16 14:20:00,9268252619,5394762270,17,up,247.153,143.86,24.715,1.7312,0
2026-02-16 14:25:00,7531737196,6314825129,9,up,200.846,168.395,20.085,0.916,0
2026-02-16 14:30:00,6870247042,6119896039,18,up,183.207,163.197,18.321,1.8968,0
2026-02-16 14:35:00,7692581919,6555246309,18,up,205.136,174.807,20.514,1.8157,0
2026-02-16 14:40:00,7398904755,4956329324,0,up,197.304,132.169,19.73,0.049,0
2026-02-16 14:45:00,7301127360,5393345691,8,up,194.697,143.823,19.47,0.8298,0
2026-02-16 14:50:00,8052750030,6137312644,1,up,214.74,163.662,21.474,0.1366,0
2026-02-16 14:55:00,4909054163,5927452880,230,up,130.908,158.065,13.091,23.0413,1
2026-02-16 15:00:00,7022548967,6659356758,32,up,187.268,177.583,18.727,3.2295,0
2026-02-16 15:05:00,6981763583,5908862276,138,up,186.18,157.57,18.618,13.8767,0
2026-02-16 15:10:00,7252453472,6872473645,8,up,193.399,183.266,19.34,0.8995,0
2026-02-16 15:15:00,5428270951,5989512016,52,up,144.754,159.72,14.475,5.2693,0
2026-02-16 15:20:00,6136328044,6341963027,23,up,163.635,169.119,16.364,2.3099,0
2026-02-16 15:25:00,5238112104,5406627410,60,up,139.683,144.177,13.968,6.0354,1
2026-02-16 15:30:00,8980470942,5634643868,6,up,239.479,150.257,23.948,0.6294,0
2026-02-16 15:35:00,7275867564,6239887472,33,up,194.023,166.397,19.402,3.3523,0
2026-02-16 15:40:00,8018901266,6713760265,58,up,213.837,179.034,21.384,5.8622,0
2026-02-16 15:45:00,7780125139,6117234940,6,up,207.47,163.126,20.747,0.6707,0
2026-02-16 15:50:00,10270992727,5568859053,4,up,273.893,148.503,27.389,0.4821,0
2026-02-16 15:55:00,8507617420,6554701144,29,up,226.87,174.792,22.687,2.9786,0
2026-02-16 16:00:00,7384874167,4145414407,94,up,196.93,110.544,19.693,9.4277,0
2026-02-16 16:05:00,6640013603,4664991711,34,up,177.067,124.4,17.707,3.4653,0
2026-02-16 16:10:00,6054198311,6085103100,8,up,161.445,162.269,16.145,0.8372,0
2026-02-16 16:15:00,7683117272,5634523140,13,up,204.883,150.254,20.488,1.3616,0
2026-02-16 16:20:00,6819284329,6033721714,12,up,181.848,160.899,18.185,1.2126,0
2026-02-16 16:25:00,6219971661,5668475077,47,up,165.866,151.159,16.587,4.778,0
2026-02-16 16:30:00,6918084404,6010388343,36,up,184.482,160.277,18.448,3.6891,0
2026-02-16 16:35:00,6526606796,5075278095,22,up,174.043,135.341,17.404,2.2228,0
2026-02-16 16:40:00,9018427471,6010078108,8,up,240.491,160.269,24.049,0.8038,0
2026-02-16 16:45:00,8293475781,6296229806,69,up,221.159,167.899,22.116,6.9511,0
2026-02-16 16:50:00,7492824622,6448871657,26,up,199.809,171.97,19.981,2.6483,0
2026-02-16 16:55:00,8831949725,6984149148,88,up,235.519,186.244,23.552,8.8064,0
2026-02-16 17:00:00,7569631476,5789766449,21,up,201.857,154.394,20.186,2.1694,0
2026-02-16 17:05:00,6724844218,5809889983,43,up,179.329,154.93,17.933,4.3036,0
2026-02-16 17:10:00,8870811669,4596858586,41,up,236.555,122.583,23.655,4.193,0
2026-02-16 17:15:00,7985019039,5266297304,10,up,212.934,140.435,21.293,1.0287,0
2026-02-16 17:20:00,6566478461,5494669600,83,up,175.106,146.525,17.511,8.312,0
2026-02-16 17:25:00,7328695189,6333965697,0,up,195.432,168.906,19.543,0.0555,0
2026-02-16 17:30:00,6711943571,5212574241,36,up,178.985,139.002,17.899,3.6602,0
2026-02-16 17:35:00,6255480242,6162529513,84,up,166.813,164.334,16.681,8.4211,0
2026-02-16 17:40:00,8333559792,5623905341,10,up,222.228,149.971,22.223,1.0347,0
2026-02-16 17:45:00,9218474976,5505411522,26,up,245.826,146.811,24.583,2.6111,0
2026-02-16 17:50:00,6241289183,5793003429,20,up,166.434,154.48,16.643,2.0651,0
2026-02-16 17:55:00,8006672313,5360969448,35,up,213.511,142.959,21.351,3.5835,0
2026-02-16 18:00:00,6914421687,5335399857,50,up,184.385,142.277,18.438,5.0281,0
2026-02-16 18:05:00,7061587154,4474269513,23,up,188.309,119.314,18.831,2.3098,0
2026-02-16 18:10:00,6966845468,5457630910,42,up,185.783,145.537,18.578,4.2308,0
2026-02-16 18:15:00,6722408307,5301021501,9,up,179.264,141.361,17.926,0.936,0
2026-02-16 18:20:00,7543669465,5276712832,6,up,201.165,140.712,20.116,0.6488,0
2026-02-16 18:25:00,6752144895,5906389317,14,up,180.057,157.504,18.006,1.4082,0
2026-02-16 18:30:00,7743411143,6069576568,28,up,206.491,161.855,20.649,2.831,0
2026-02-16 18:35:00,7454785701,5781731290,5,up,198.794,154.18,19.879,0.5183,0
2026-02-16 18:40:00,7284946757,6296905253,28,up,194.265,167.917,19.427,2.8513,0
2026-02-16 18:45:00,6683192704,6013504299,12,up,178.218,160.36,17.822,1.2526,0
2026-02-16 18:50:00,6980905802,5425837071,39,up,186.157,144.689,18.616,3.9689,0
2026-02-16 18:55:00,8179852103,5312572007,0,up,218.129,141.669,21.813,0.0938,0
2026-02-16 19:00:00,7950825468,5836155009,27,up,212.022,155.631,21.202,2.7564,0
2026-02-16 19:05:00,6620200279,6012292799,26,up,176.539,160.328,17.654,2.6233,0
2026-02-16 19:10:00,7589399074,6568544907,70,up,202.384,175.161,20.238,7.0728,0
2026-02-16 19:15:00,8176248411,6429041805,31,up,218.033,171.441,21.803,3.1239,0
2026-02-16 19:20:00,5997535246,5259505720,39,up,159.934,140.253,15.993,3.9778,0
2026-02-16 19:25:00,7989024173,5556145760,58,up,213.041,148.164,21.304,5.874,0
2026-02-16 19:30:00,6903638616,6077937018,28,up,184.097,162.078,18.41,2.8102,0
2026-02-16 19:35:00,8013538801,6345898500,8,up,213.694,169.224,21.369,0.8568,0
2026-02-16 19:40:00,6813066759,6258804391,50,up,181.682,166.901,18.168,5.0962,0
2026-02-16 19:45:00,5875606109,5581882462,34,up,156.683,148.85,15.668,3.4416,0
2026-02-16 19:50:00,6035211805,4778534709,13,up,160.939,127.428,16.094,1.381,0
2026-02-16 19:55:00,7543276451,4950717946,30,up,201.154,132.019,20.115,3.0993,0
2026-02-16 20:00:00,7733750251,5809027622,50,up,206.233,154.907,20.623,5.0565,0
2026-02-16 20:05:00,6686115037,5856002266,92,up,178.296,156.16,17.83,9.2883,0
2026-02-16 20:10:00,4844839927,4883391422,304,up,129.196,130.224,12.92,30.439,1
2026-02-16 20:15:00,6004631943,5655084487,9,up,160.124,150.802,16.012,0.9838,0
2026-02-16 20:20:00,7440528181,6051076440,13,up,198.414,161.362,19.841,1.3691,0
2026-02-16 20:25:00,6410085420,4847922006,2,up,170.936,129.278,17.094,0.29,0
2026-02-16 20:30:00,6913347502,6370873111,7,up,184.356,169.89,18.436,0.711,0
2026-02-16 20:35:00,7542658804,5370166474,53,up,201.138,143.204,20.114,5.3516,0
2026-02-16 20:40:00,6725627971,6473888850,11,up,179.35,172.637,17.935,1.119,0
2026-02-16 20:45:00,7153900010,5264919599,24,up,190.771,140.398,19.077,2.4226,0
2026-02-16 20:50:00,8405663528,4932027799,27,up,224.151,131.521,22.415,2.7413,0
2026-02-16 20:55:00,6980797317,5315757531,38,up,186.155,141.754,18.615,3.8062,0
2026-02-16 21:00:00,8252122900,5560775016,5,up,220.057,148.287,22.006,0.5047,0
2026-02-16 21:05:00,6483263830,5362776062,9,up,172.887,143.007,17.289,0.9089,0
2026-02-16 21:10:00,7976823760,5479199040,14,up,212.715,146.112,21.272,1.487,0
2026-02-16 21:15:00,8797411758,5850426476,11,up,234.598,156.011,23.46,1.1347,0
2026-02-16 21:20:00,5275519949,5509453925,101,up,140.681,146.919,14.068,10.1725,0
2026-02-16 21:25:00,6782794270,5580374134,45,up,180.875,148.81,18.087,4.5036,0
2026-02-16 21:30:00,8019364914,4471272180,16,up,213.85,119.234,21.385,1.6333,0
2026-02-16 21:35:00,7317259152,5889396160,52,up,195.127,157.051,19.513,5.2855,0
2026-02-16 21:40:00,7834031286,5564787774,10,up,208.908,148.394,20.891,1.0679,0
2026-02-16 21:45:00,6956413331,6711947761,38,up,185.504,178.985,18.55,3.8524,0
2026-02-16 21:50:00,4546758485,4990793512,25,up,121.247,133.088,12.125,2.5318,1
2026-02-16 21:55:00,7359890488,4404400653,36,up,196.264,117.451,19.626,3.6996,0
2026-02-16 22:00:00,8551003855,6042196233,15,up,228.027,161.125,22.803,1.5241,0
2026-02-16 22:05:00,7728978758,5858905737,2,up,206.106,156.237,20.611,0.2843,0
2026-02-16 22:10:00,7803842395,4944307711,7,up,208.102,131.848,20.81,0.798,0
2026-02-16 22:15:00,7129310730,4592419455,12,up,190.115,122.465,19.011,1.2866,0
2026-02-16 22:20:00,7061154398,6662742793,34,up,188.297,177.673,18.83,3.4587,0
2026-02-16 22:25:00,7110697630,6579524513,1,up,189.619,175.454,18.962,0.1895,0
2026-02-16 22:30:00,7855006928,3945966687,26,up,209.467,105.226,20.947,2.6937,0
2026-02-16 22:35:00,7121113967,5315699455,31,up,189.896,141.752,18.99,3.1471,0
2026-02-16 22:40:00,7760797371,6748329636,26,up,206.955,179.955,20.695,2.6527,0
2026-02-16 22:45:00,9367860718,5303657773,35,up,249.81,141.431,24.981,3.5748,0
2026-02-16 22:50:00,8284012233,5293836742,4,up,220.907,141.169,22.091,0.4906,0
2026-02-16 22:55:00,7206578821,5434137453,22,up,192.175,144.91,19.218,2.2114,0
2026-02-16 23:00:00,8581092529,4868394542,70,up,228.829,129.824,22.883,7.0817,0
2026-02-16 23:05:00,7132732164,4474276372,23,up,190.206,119.314,19.021,2.3591,0
2026-02-16 23:10:00,5665687918,6335469434,23,up,151.085,168.946,15.109,2.3626,0
2026-02-16 23:15:00,6592722320,4381017588,33,up,175.806,116.827,17.581,3.3337,0
2026-02-16 23:20:00,5816287271,5791908230,10,up,155.101,154.451,15.51,1.0132,0
2026-02-16 23:25:00,7183637864,6223441157,30,up,191.564,165.958,19.156,3.0139,0
2026-02-16 23:30:00,7516576541,4645422248,61,up,200.442,123.878,20.044,6.1993,0
2026-02-16 23:35:00,9008793581,5001118828,0,up,240.234,133.363,24.023,0.0274,0
2026-02-16 23:40:00,7794234636,6443895952,51,up,207.846,171.837,20.785,5.1027,0
2026-02-16 23:45:00,7302809524,5984701911,6,up,194.742,159.592,19.474,0.6167,0
2026-02-16 23:50:00,8246465023,5208332147,15,up,219.906,138.889,21.991,1.5217,0
2026-02-16 23:55:00,5509978221,6436518077,47,up,146.933,171.64,14.693,4.7822,0
2026-02-17 00:00:00,4627231861,6439411613,173,up,123.393,171.718,12.339,17.3677,1
2026-02-17 00:05:00,8193778674,5806610567,55,up,218.501,154.843,21.85,5.5624,0
2026-02-17 00:10:00,6169272378,5017391846,70,up,164.514,133.797,16.451,7.051,0
2026-02-17 00:15:00,8529378638,5345922125,14,up,227.45,142.558,22.745,1.4817,0
2026-02-17 00:20:00,7804646766,5818311052,26,up,208.124,155.155,20.812,2.6704,0
2026-02-17 00:25:00,7126240877,5497698490,12,up,190.033,146.605,19.003,1.2377,0
2026-02-17 00:30:00,8069503679,6258796095,10,up,215.187,166.901,21.519,1.0797,0
2026-02-17 00:35:00,9543623572,4592402495,14,up,254.497,122.464,25.45,1.4123,0
2026-02-17 00:40:00,7663679629,4616372117,33,up,204.365,123.103,20.436,3.3974,0
2026-02-17 00:45:00,7723398527,5747088000,17,up,205.957,153.256,20.596,1.7401,0
2026-02-17 00:50:00,7086575190,5293207520,42,up,188.975,141.152,18.898,4.2058,0
2026-02-17 00:55:00,6735140067,5201742185,34,up,179.604,138.713,17.96,3.4184,0
2026-02-17 01:00:00,8247302234,4431561714,0,up,219.928,118.175,21.993,0.0517,0
2026-02-17 01:05:00,6729524556,5638193445,24,up,179.454,150.352,17.945,2.4872,0
2026-02-17 01:10:00,7564409613,5589390302,14,up,201.718,149.05,20.172,1.4343,0
2026-02-17 01:15:00,7070108297,6066098312,15,up,188.536,161.763,18.854,1.5249,0
2026-02-17 01:20:00,7931081843,5671511639,42,up,211.496,151.24,21.15,4.2645,0
2026-02-17 01:25:00,7800295894,5535492247,19,up,208.008,147.613,20.801,1.983,0
2026-02-17 01:30:00,8433785949,6419475429,54,up,224.901,171.186,22.49,5.4206,0
2026-02-17 01:35:00,7040985241,4739084570,31,up,187.76,126.376,18.776,3.119,0
2026-02-17 01:40:00,7257112558,5987062722,20,up,193.523,159.655,19.352,2.0121,0
2026-02-17 01:45:00,6619112655,4496975663,35,up,176.51,119.919,17.651,3.5115,0
2026-02-17 01:50:00,7100136065,5059105730,0,up,189.337,134.909,18.934,0.0978,0
2026-02-17 01:55:00,7839570443,4806456435,0,up,209.055,128.172,20.906,0.0686,0
2026-02-17 02:00:00,8181289754,6152811211,2,up,218.168,164.075,21.817,0.2176,0
2026-02-17 02:05:00,6670051208,5580848092,14,up,177.868,148.823,17.787,1.4387,0
2026-02-17 02:10:00,8282645328,5615885309,6,up,220.871,149.757,22.087,0.6712,0
2026-02-17 02:15:00,8720074072,4877955233,103,up,232.535,130.079,23.254,10.3791,0
2026-02-17 02:20:00,7872091412,5422706890,19,up,209.922,144.606,20.992,1.9538,0
2026-02-17 02:25:00,5513469738,5109660920,108,up,147.026,136.258,14.703,10.8594,1
2026-02-17 02:30:00,6803589720,5883832135,8,up,181.429,156.902,18.143,0.8172,0
2026-02-17 02:35:00,6379810767,4956013483,9,up,170.128,132.16,17.013,0.9708,0
2026-02-17 02:40:00,5899151775,6522611196,10,up,157.311,173.936,15.731,1.0217,0
2026-02-17 02:45:00,8846439880,4493983196,29,up,235.905,119.84,23.591,2.9994,0
2026-02-17 02:50:00,8088929090,5080599113,16,up,215.705,135.483,21.57,1.6047,0
2026-02-17 02:55:00,7449973796,6757110344,18,up,198.666,180.19,19.867,1.8229,0
2026-02-17 03:00:00,7751971763,5331281345,22,up,206.719,142.168,20.672,2.2412,0
2026-02-17 03:05:00,6487059857,4737456901,36,up,172.988,126.332,17.299,3.6613,0
2026-02-17 03:10:00,9701176781,5772873304,2,up,258.698,153.943,25.87,0.2368,0
2026-02-17 03:15:00,7616299063,5304110236,37,up,203.101,141.443,20.31,3.75,0
2026-02-17 03:20:00,7598455315,5060787577,20,up,202.625,134.954,20.263,2.0709,0
2026-02-17 03:25:00,8153189961,4885287202,27,up,217.418,130.274,21.742,2.7648,0
2026-02-17 03:30:00,7932908308,7493652183,9,up,211.544,199.831,21.154,0.9921,0
2026-02-17 03:35:00,7701495621,5455202467,13,up,205.373,145.472,20.537,1.3165,0
2026-02-17 03:40:00,6788572990,4325242031,6,up,181.029,115.34,18.103,0.6572,0
2026-02-17 03:45:00,7924321521,6633254087,96,up,211.315,176.887,21.132,9.6941,0
2026-02-17 03:50:00,9193822046,6037472860,17,up,245.169,160.999,24.517,1.7179,0
2026-02-17 03:55:00,8710878041,5107635159,138,up,232.29,136.204,23.229,13.8522,0
2026-02-17 04:00:00,8933867963,4995144615,16,up,238.236,133.204,23.824,1.6823,0
2026-02-17 04:05:00,7039905891,6079594137,6,up,187.731,162.123,18.773,0.6204,0
2026-02-17 04:10:00,6609355661,5458330128,17,up,176.249,145.555,17.625,1.7704,0
2026-02-17 04:15:00,7386791771,4324964972,1,up,196.981,115.332,19.698,0.101,0
2026-02-17 04:20:00,7550152421,6831386976,58,up,201.337,182.17,20.134,5.8786,0
2026-02-17 04:25:00,8484772366,5332056438,42,up,226.261,142.188,22.626,4.2669,0
2026-02-17 04:30:00,5976781833,6634510922,32,up,159.381,176.92,15.938,3.2349,0
2026-02-17 04:35:00,8876595287,6487943596,23,up,236.709,173.012,23.671,2.3529,0
2026-02-17 04:40:00,7357792891,4949318557,21,up,196.208,131.982,19.621,2.1678,0
2026-02-17 04:45:00,7115807037,6322403158,143,up,189.755,168.597,18.975,14.306,0
2026-02-17 04:50:00,6589106062,5185276278,8,up,175.709,138.274,17.571,0.8143,0
2026-02-17 04:55:00,6010628995,4364977103,37,up,160.283,116.399,16.028,3.7817,0
2026-02-17 05:00:00,8240853525,5338396237,21,up,219.756,142.357,21.976,2.1771,0
2026-02-17 05:05:00,7565986170,5893405313,93,up,201.76,157.157,20.176,9.3118,0
2026-02-17 05:10:00,6339035190,5312652762,43,up,169.041,141.671,16.904,4.3978,0
2026-02-17 05:15:00,6334429105,5417742369,162,up,168.918,144.473,16.892,16.2979,0
2026-02-17 05:20:00,7197793770,6396907080,22,up,191.941,170.584,19.194,2.2188,0
2026-02-17 05:25:00,9002119372,5696883436,5,up,240.057,151.917,24.006,0.5721,0
2026-02-17 05:30:00,7266367783,5055773639,17,up,193.77,134.821,19.377,1.7514,0
2026-02-17 05:35:00,6147171342,6098870468,31,up,163.925,162.637,16.392,3.1043,0
2026-02-17 05:40:00,7278831242,5758431007,37,up,194.102,153.558,19.41,3.722,0
2026-02-17 05:45:00,7254548787,3922916759,0,up,193.455,104.611,19.345,0.0013,0
2026-02-17 05:50:00,5072802021,5914138216,17,up,135.275,157.71,13.527,1.7581,0
2026-02-17 05:55:00,7451134620,5889484377,6,up,198.697,157.053,19.87,0.6705,0
2026-02-17 06:00:00,7292158922,5638581762,51,up,194.458,150.362,19.446,5.1968,0
2026-02-17 06:05:00,8126585728,6226897892,4,up,216.709,166.051,21.671,0.4149,0
2026-02-17 06:10:00,9164060485,5171134330,27,up,244.375,137.897,24.437,2.745,0
2026-02-17 06:15:00,8513908526,5852137357,7,up,227.038,156.057,22.704,0.7733,0
2026-02-17 06:20:00,7258000178,4567302424,11,up,193.547,121.795,19.355,1.1022,0
2026-02-17 06:25:00,6504126682,5899786008,70,up,173.443,157.328,17.344,7.0569,0
2026-02-17 06:30:00,9816023822,6943315294,6,up,261.761,185.155,26.176,0.6876,0
2026-02-17 06:35:00,7553296590,4953471962,2,up,201.421,132.093,20.142,0.2496,0
2026-02-17 06:40:00,7512536362,5112133560,1,up,200.334,136.324,20.033,0.1795,0
2026-02-17 06:45:00,7478287421,5145739576,17,up,199.421,137.22,19.942,1.7561,0
2026-02-17 06:50:00,7678276284,5712748802,25,up,204.754,152.34,20.475,2.566,0
2026-02-17 06:55:00,4422045377,4907450515,39,up,117.921,130.865,11.792,3.9645,1
2026-02-17 07:00:00,6983704193,5909341980,29,up,186.232,157.582,18.623,2.9301,0
2026-02-17 07:05:00,7007826952,6196616963,1,up,186.875,165.243,18.688,0.1574,0
2026-02-17 07:10:00,7470522056,5985684369,48,up,199.214,159.618,19.921,4.8681,0
2026-02-17 07:15:00,7010917705,4431319587,42,up,186.958,118.169,18.696,4.2398,0
2026-02-17 07:20:00,6858438795,6296738173,105,up,182.892,167.913,18.289,10.5834,0
2026-02-17 07:25:00,7595787204,6257723004,68,up,202.554,166.873,20.255,6.892,0
2026-02-17 07:30:00,7270520504,6185358926,11,up,193.881,164.943,19.388,1.1009,0
2026-02-17 07:35:00,8853593689,5876668517,12,up,236.096,156.711,23.61,1.274,0
2026-02-17 07:40:00,5114127172,5773627787,34,up,136.377,153.963,13.638,3.4257,0
2026-02-17 07:45:00,8482356166,6321862843,3,up,226.196,168.583,22.62,0.3599,0
2026-02-17 07:50:00,8621476673,6923371604,9,up,229.906,184.623,22.991,0.9422,0
2026-02-17 07:55:00,3380369274,4981697687,12,up,90.143,132.845,9.014,1.2618,1
2026-02-17 08:00:00,4314948699,6352734642,60,up,115.065,169.406,11.507,6.0676,1
2026-02-17 08:05:00,7165703220,5566803458,20,up,191.085,148.448,19.109,2.0074,0
2026-02-17 08:10:00,6233239474,5537470689,5,up,166.22,147.666,16.622,0.593,0
2026-02-17 08:15:00,6799964981,4587841783,0,up,181.332,122.342,18.133,0.0675,0
2026-02-17 08:20:00,6500481739,5432767148,31,up,173.346,144.874,17.335,3.1767,0
2026-02-17 08:25:00,9077043399,4951846153,0,up,242.054,132.049,24.205,0.0505,0
2026-02-17 08:30:00,8342110553,5311898260,90,up,222.456,141.651,22.246,9.0674,0
2026-02-17 08:35:00,8644399585,4883724190,6,up,230.517,130.233,23.052,0.6263,0
2026-02-17 08:40:00,8149504857,5321986838,27,up,217.32,141.92,21.732,2.7259,0
2026-02-17 08:45:00,6483853405,5350875509,14,up,172.903,142.69,17.29,1.4262,0
2026-02-17 08:50:00,7027931760,5690309569,1,up,187.412,151.742,18.741,0.1538,0
2026-02-17 08:55:00,7940437105,4535043842,15,up,211.745,120.935,21.174,1.5975,0
2026-02-17 09:00:00,6400084971,4649275250,18,up,170.669,123.981,17.067,1.8181,0
2026-02-17 09:05:00,8141698587,5869292132,48,up,217.112,156.514,21.711,4.8221,0
2026-02-17 09:10:00,7283707141,5086729270,32,up,194.232,135.646,19.423,3.2952,0
2026-02-17 09:15:00,7162661273,6350307608,2,up,191.004,169.342,19.1,0.2066,0
2026-02-17 09:20:00,8139863971,5777057062,5,up,217.063,154.055,21.706,0.5867,0
2026-02-17 09:25:00,7899836980,6034564451,9,up,210.662,160.922,21.066,0.9345,0
2026-02-17 09:30:00,7175130450,6577217316,3,up,191.337,175.392,19.134,0.3094,0
2026-02-17 09:35:00,8543396823,5415945202,15,up,227.824,144.425,22.782,1.5262,0
2026-02-17 09:40:00,6527043005,5237221473,103,up,174.054,139.659,17.405,10.3867,0
2026-02-17 09:45:00,8054342046,6213399245,18,up,214.782,165.691,21.478,1.807,0
2026-02-17 09:50:00,8033791132,5968921655,33,up,214.234,159.171,21.423,3.3858,0
2026-02-17 09:55:00,7221408204,5498552040,28,up,192.571,146.628,19.257,2.8716,0
2026-02-17 10:00:00,7793519720,6564234127,47,up,207.827,175.046,20.783,4.7413,0
2026-02-17 10:05:00,6373997781,5481735090,6,up,169.973,146.18,16.997,0.6075,0
2026-02-17 10:10:00,8331624317,5647122205,35,up,222.177,150.59,22.218,3.5043,0
2026-02-17 10:15:00,7333588077,5639325289,53,up,195.562,150.382,19.556,5.3291,0
2026-02-17 10:20:00,7029549281,4994149120,4,up,187.455,133.177,18.745,0.4704,0
2026-02-17 10:25:00,8444108303,5677370137,10,up,225.176,151.397,22.518,1.0647,0
2026-02-17 10:30:00,6866090678,6567813119,87,up,183.096,175.142,18.31,8.7749,0
2026-02-17 10:35:00,6232384833,5925353612,37,up,166.197,158.009,16.62,3.7943,0
2026-02-17 10:40:00,6099033743,5645967812,8,up,162.641,150.559,16.264,0.8303,0
2026-02-17 10:45:00,8045408956,5515807085,20,up,214.544,147.088,21.454,2.0749,0
2026-02-17 10:50:00,6347613582,5848335244,12,up,169.27,155.956,16.927,1.2952,0
2026-02-17 10:55:00,9079314763,6131092474,16,up,242.115,163.496,24.212,1.6832,0
2026-02-17 11:00:00,5626263532,6036236210,10,up,150.034,160.966,15.003,1.0969,0
2026-02-17 11:05:00,9026810731,5400991218,8,up,240.715,144.026,24.071,0.8189,0
2026-02-17 11:10:00,7689915720,5844227576,28,up,205.064,155.846,20.506,2.808,0
2026-02-17 11:15:00,7412958199,5948959325,37,up,197.679,158.639,19.768,3.7688,0
2026-02-17 11:20:00,7009572821,4945143383,51,up,186.922,131.87,18.692,5.1778,0
2026-02-17 11:25:00,7859222502,5738555615,4,up,209.579,153.028,20.958,0.422,0
2026-02-17 11:30:00,7466128767,4166119876,43,up,199.097,111.097,19.91,4.327,0
2026-02-17 11:35:00,8492971693,5950710254,7,up,226.479,158.686,22.648,0.7353,0
2026-02-17 11:40:00,7602804883,6070731561,13,up,202.741,161.886,20.274,1.3936,0
2026-02-17 11:45:00,7635271585,6129593634,57,up,203.607,163.456,20.361,5.7928,0
2026-02-17 11:50:00,7172749009,5358343374,15,up,191.273,142.889,19.127,1.5151,0
2026-02-17 11:55:00,7448748938,5833606613,5,up,198.633,155.563,19.863,0.5487,0
2026-02-17 12:00:00,7777021592,6586168845,4,up,207.387,175.631,20.739,0.4355,0
2026-02-17 12:05:00,5960848446,6579294512,16,up,158.956,175.448,15.896,1.6013,0
2026-02-17 12:10:00,3771979872,5605308428,143,up,100.586,149.475,10.059,14.3831,1
2026-02-17 12:15:00,8168937684,5719040750,146,up,217.838,152.508,21.784,14.6999,0
2026-02-17 12:20:00,7653778894,6374865022,38,up,204.101,169.996,20.41,3.871,0
2026-02-17 12:25:00,7334414997,4611958639,52,up,195.584,122.986,19.558,5.2392,0
2026-02-17 12:30:00,7516590539,5406923873,34,up,200.442,144.185,20.044,3.4442,0
2026-02-17 12:35:00,7812823534,6526510057,56,up,208.342,174.04,20.834,5.6449,0
2026-02-17 12:40:00,7014216287,6283260365,1,up,187.046,167.554,18.705,0.1984,0
2026-02-17 12:45:00,6799525747,5874253049,66,up,181.321,156.647,18.132,6.6457,0
2026-02-17 12:50:00,7676260729,4608563126,12,up,204.7,122.895,20.47,1.2621,0
2026-02-17 12:55:00,6619464500,5591310592,63,up,176.519,149.102,17.652,6.3653,0
2026-02-17 13:00:00,7867427480,5226807107,1,up,209.798,139.382,20.98,0.1969,0
2026-02-17 13:05:00,5967674756,5848451259,31,up,159.138,155.959,15.914,3.1403,0
2026-02-17 13:10:00,8426240073,5078690987,33,up,224.7,135.432,22.47,3.3266,0
2026-02-17 13:15:00,7925337734,4932636708,144,up,211.342,131.537,21.134,14.4497,0
2026-02-17 13:20:00,7730426760,4231215937,36,up,206.145,112.832,20.614,3.6618,0
2026-02-17 13:25:00,8384421885,6449718162,12,up,223.585,171.992,22.358,1.2055,0
2026-02-17 13:30:00,8998927000,5355154904,20,up,239.971,142.804,23.997,2.0369,0
2026-02-17 13:35:00,8412933058,5731073403,11,up,224.345,152.829,22.434,1.1414,0
2026-02-17 13:40:00,5843213191,5623489271,5,up,155.819,149.96,15.582,0.5454,0
2026-02-17 13:45:00,6348380729,4904482095,7,up,169.29,130.786,16.929,0.7142,0
2026-02-17 13:50:00,6937663280,4775131184,6,up,185.004,127.337,18.5,0.6276,0
2026-02-17 13:55:00,7523481945,4946412289,19,up,200.626,131.904,20.063,1.9897,0
2026-02-17 14:00:00,7965893118,5136861303,59,up,212.424,136.983,21.242,5.9154,0
2026-02-17 14:05:00,6846830568,5872459216,60,up,182.582,156.599,18.258,6.0968,0
2026-02-17 14:10:00,7668090088,5087890577,1,up,204.482,135.677,20.448,0.1408,0
2026-02-17 14:15:00,6820155360,6803881176,2,up,181.871,181.437,18.187,0.2082,0
2026-02-17 14:20:00,6949633977,6318326949,7,up,185.324,168.489,18.532,0.703,0
2026-02-17 14:25:00,6234005012,6170642696,7,up,166.24,164.55,16.624,0.7361,0
2026-02-17 14:30:00,6669090078,5544230240,2,up,177.842,147.846,17.784,0.2492,0
2026-02-17 14:35:00,6283483854,6647139496,12,up,167.56,177.257,16.756,1.2295,0
2026-02-17 14:40:00,6621714072,5477846198,22,up,176.579,146.076,17.658,2.2152,0
2026-02-17 14:45:00,8448277616,5603898545,21,up,225.287,149.437,22.529,2.1578,0
2026-02-17 14:50:00,6645541000,5739732814,19,up,177.214,153.06,17.721,1.96,0
2026-02-17 14:55:00,9869143858,6098730552,10,up,263.177,162.633,26.318,1.0338,0
2026-02-17 15:00:00,7943986110,6054912953,30,up,211.84,161.464,21.184,3.0643,0
2026-02-17 15:05:00,7666352511,5304290437,43,up,204.436,141.448,20.444,4.3787,0
2026-02-17 15:10:00,6727477997,5265229239,10,up,179.399,140.406,17.94,1.0627,0
2026-02-17 15:15:00,8130278891,6056934496,2,up,216.807,161.518,21.681,0.2235,0
2026-02-17 15:20:00,6981925956,6107784694,8,up,186.185,162.874,18.618,0.8786,0
2026-02-17 15:25:00,7609808833,5359487990,3,up,202.928,142.92,20.293,0.3694,0
2026-02-17 15:30:00,9804076084,4553648052,15,up,261.442,121.431,26.144,1.5748,0
2026-02-17 15:35:00,7413546090,5485061635,4,up,197.695,146.268,19.769,0.4238,0
2026-02-17 15:40:00,8534345993,6045879914,15,up,227.583,161.223,22.758,1.5537,0
2026-02-17 15:45:00,6867141217,6843656371,6,up,183.124,182.498,18.312,0.6244,0
2026-02-17 15:50:00,7468510358,4816378375,33,up,199.16,128.437,19.916,3.3555,0
2026-02-17 15:55:00,9093720572,5337064404,0,up,242.499,142.322,24.25,0.0699,0
2026-02-17 16:00:00,6935729647,5362152595,20,up,184.953,142.991,18.495,2.0228,0
2026-02-17 16:05:00,9131203702,6540168604,4,up,243.499,174.404,24.35,0.4643,0
2026-02-17 16:10:00,8136976741,5601414487,0,up,216.986,149.371,21.699,0.0025,0
2026-02-17 16:15:00,6993779901,5012554572,50,up,186.501,133.668,18.65,5.0852,0
2026-02-17 16:20:00,8069166965,6002119315,27,up,215.178,160.057,21.518,2.7833,0
2026-02-17 16:25:00,8375299004,5351868998,2,up,223.341,142.717,22.334,0.2605,0
2026-02-17 16:30:00,8059628965,4798538590,27,up,214.923,127.961,21.492,2.7271,0
2026-02-17 16:35:00,6086797752,5022378017,23,up,162.315,133.93,16.231,2.3646,0
2026-02-17 16:40:00,6845576541,6795478319,16,up,182.549,181.213,18.255,1.6031,0
2026-02-17 16:45:00,7277233228,5884341224,13,up,194.06,156.916,19.406,1.3586,0
2026-02-17 16:50:00,7433009913,5697738037,54,up,198.214,151.94,19.821,5.4525,0
2026-02-17 16:55:00,8058604887,5456321728,7,up,214.896,145.502,21.49,0.7031,0
2026-02-17 17:00:00,7659930900,5822200468,12,up,204.265,155.259,20.426,1.27,0
2026-02-17 17:05:00,6298190077,5814159263,9,up,167.952,155.044,16.795,0.9979,0
2026-02-17 17:10:00,7842178065,5822213959,36,up,209.125,155.259,20.912,3.6873,0
2026-02-17 17:15:00,8049527170,5702520435,62,up,214.654,152.067,21.465,6.2062,0
2026-02-17 17:20:00,8003811403,6211438878,47,up,213.435,165.638,21.343,4.7392,0
2026-02-17 17:25:00,8472702652,5640595433,39,up,225.939,150.416,22.594,3.9951,0
2026-02-17 17:30:00,8250529939,4964891286,108,up,220.014,132.397,22.001,10.8169,0
2026-02-17 17:35:00,7913262071,5211614548,29,up,211.02,138.976,21.102,2.9862,0
2026-02-17 17:40:00,7436850859,4289162381,34,up,198.316,114.378,19.832,3.4763,0
2026-02-17 17:45:00,6005135159,6993101553,101,up,160.137,186.483,16.014,10.1575,0
2026-02-17 17:50:00,7886656397,6207359349,0,up,210.311,165.53,21.031,0.0175,0
2026-02-17 17:55:00,7686918918,5064702415,25,up,204.985,135.059,20.498,2.5131,0
2026-02-17 18:00:00,7744420953,5434754726,33,up,206.518,144.927,20.652,3.3578,0
2026-02-17 18:05:00,6350926281,5195108379,62,up,169.358,138.536,16.936,6.2473,0
2026-02-17 18:10:00,3916229468,6666219367,215,up,104.433,177.766,10.443,21.5282,1
2026-02-17 18:15:00,8447837567,4666582914,46,up,225.276,124.442,22.528,4.6123,0
2026-02-17 18:20:00,7464400361,5702271339,72,up,199.051,152.061,19.905,7.2873,0
2026-02-17 18:25:00,8113350627,5551743706,19,up,216.356,148.046,21.636,1.9271,0
2026-02-17 18:30:00,7525486538,6183116075,0,up,200.68,164.883,20.068,0.0174,0
2026-02-17 18:35:00,7526780525,5554793771,0,up,200.714,148.128,20.071,0.0278,0
2026-02-17 18:40:00,8344455425,4438209008,19,up,222.519,118.352,22.252,1.9667,0
2026-02-17 18:45:00,7035559744,5455495461,14,up,187.615,145.48,18.761,1.4285,0
2026-02-17 18:50:00,7586508699,4968790502,15,up,202.307,132.501,20.231,1.5003,0
2026-02-17 18:55:00,7083952240,5678716193,12,up,188.905,151.432,18.891,1.2788,0
2026-02-17 19:00:00,7108953395,6593069499,62,up,189.572,175.815,18.957,6.2442,0
2026-02-17 19:05:00,7221745088,4450887960,11,up,192.58,118.69,19.258,1.1125,0
2026-02-17 19:10:00,7699920394,5084849653,48,up,205.331,135.596,20.533,4.8488,0
2026-02-17 19:15:00,7069126240,5251932256,58,up,188.51,140.052,18.851,5.8291,0
2026-02-17 19:20:00,8630180513,5367399010,17,up,230.138,143.131,23.014,1.7304,0
2026-02-17 19:25:00,6694853428,6124584823,14,up,178.529,163.322,17.853,1.4807,0
2026-02-17 19:30:00,7331815520,5507857518,35,up,195.515,146.876,19.552,3.5784,0
2026-02-17 19:35:00,7104242047,5905666839,30,up,189.446,157.484,18.945,3.0773,0
2026-02-17 19:40:00,8802280095,5202603195,9,up,234.727,138.736,23.473,0.9957,0
2026-02-17 19:45:00,7676899298,5780198933,2,up,204.717,154.139,20.472,0.2705,0
2026-02-17 19:50:00,8428660085,6150013400,7,up,224.764,164.0,22.476,0.7692,0
2026-02-17 19:55:00,6162995664,5130697803,3,up,164.347,136.819,16.435,0.3511,0
2026-02-17 20:00:00,7740345239,6152416730,8,up,206.409,164.064,20.641,0.8729,0
2026-02-17 20:05:00,8300667716,5660351618,7,up,221.351,150.943,22.135,0.7589,0
2026-02-17 20:10:00,7574055590,6330685662,25,up,201.975,168.818,20.197,2.5383,0
2026-02-17 20:15:00,8458932337,5489041567,77,up,225.572,146.374,22.557,7.7249,0
2026-02-17 20:20:00,7034440394,5882340142,28,up,187.585,156.862,18.759,2.8939,0
2026-02-17 20:25:00,5261047617,5597590793,261,up,140.295,149.269,14.029,26.125,1
2026-02-17 20:30:00,9569008311,5560056723,38,up,255.174,148.268,25.517,3.8327,0
2026-02-17 20:35:00,7173445295,5799778039,32,up,191.292,154.661,19.129,3.2538,0
2026-02-17 20:40:00,7099047730,5987345041,13,up,189.308,159.663,18.931,1.3364,0
2026-02-17 20:45:00,8808046029,4781543684,9,up,234.881,127.508,23.488,0.9818,0
2026-02-17 20:50:00,8921614931,6592702685,46,up,237.91,175.805,23.791,4.6815,0
2026-02-17 20:55:00,7029425975,4369727447,58,up,187.451,116.526,18.745,5.8951,0
2026-02-17 21:00:00,7121831864,5162751825,15,up,189.916,137.673,18.992,1.5032,0
2026-02-17 21:05:00,7246393852,5561368377,0,up,193.237,148.303,19.324,0.0228,0
2026-02-17 21:10:00,6289994540,5903340279,39,up,167.733,157.422,16.773,3.9319,0
2026-02-17 21:15:00,6673213248,6688916456,8,up,177.952,178.371,17.795,0.8389,0
2026-02-17 21:20:00,6596273309,4370653245,0,up,175.901,116.551,17.59,0.0248,0
2026-02-17 21:25:00,6808982191,5282306463,40,up,181.573,140.862,18.157,4.0867,0
2026-02-17 21:30:00,7468783601,4189387395,18,up,199.168,111.717,19.917,1.8215,0
2026-02-17 21:35:00,7710793259,5646344832,28,up,205.621,150.569,20.562,2.8896,0
2026-02-17 21:40:00,8895450443,5808386419,61,up,237.212,154.89,23.721,6.1537,0
2026-02-17 21:45:00,6601481363,6698787125,19,up,176.04,178.634,17.604,1.9477,0
2026-02-17 21:50:00,8385890158,5706428463,17,up,223.624,152.171,22.362,1.7489,0
2026-02-17 21:55:00,7307410040,6329716962,8,up,194.864,168.792,19.486,0.8586,0
2026-02-17 22:00:00,7455482661,6019090030,9,up,198.813,160.509,19.881,0.9103,0
2026-02-17 22:05:00,8107337542,5331207467,39,up,216.196,142.166,21.62,3.9807,0
2026-02-17 22:10:00,6489550180,4673951495,14,up,173.055,124.639,17.305,1.4902,0
2026-02-17 22:15:00,7844168771,5810626551,4,up,209.178,154.95,20.918,0.4464,0
2026-02-17 22:20:00,7649806987,4617831138,2,up,203.995,123.142,20.399,0.2482,0
2026-02-17 22:25:00,7943206137,6499264774,16,up,211.819,173.314,21.182,1.601,0
2026-02-17 22:30:00,4656151067,5515608081,62,up,124.164,147.083,12.416,6.254,1
2026-02-17 22:35:00,9709770125,6431744752,26,up,258.927,171.513,25.893,2.6494,0
2026-02-17 22:40:00,6926034014,5300855256,15,up,184.694,141.356,18.469,1.5922,0
2026-02-17 22:45:00,7022102740,5806474280,3,up,187.256,154.839,18.726,0.3872,0
2026-02-17 22:50:00,6939173526,5766310478,17,up,185.045,153.768,18.504,1.7722,0
2026-02-17 22:55:00,7000070592,5594595220,59,up,186.669,149.189,18.667,5.9322,0
2026-02-17 23:00:00,6926351585,5332954828,4,up,184.703,142.212,18.47,0.4342,0
2026-02-17 23:05:00,8570114877,5889907812,29,up,228.536,157.064,22.854,2.926,0
2026-02-17 23:10:00,8778453823,4999839797,22,up,234.092,133.329,23.409,2.2526,0
2026-02-17 23:15:00,6986328335,4808631152,34,up,186.302,128.23,18.63,3.4516,0
2026-02-17 23:20:00,4050527990,6463908152,16,up,108.014,172.371,10.801,1.6323,1
2026-02-17 23:25:00,7924274000,6115838392,71,up,211.314,163.089,21.131,7.1013,0
2026-02-17 23:30:00,7002999260,5669476835,24,up,186.747,151.186,18.675,2.4253,0
2026-02-17 23:35:00,8069638635,6748971108,46,up,215.19,179.973,21.519,4.6945,0
2026-02-17 23:40:00,7682630718,5444258274,7,up,204.87,145.18,20.487,0.7079,0
2026-02-17 23:45:00,6135830296,6517824673,33,up,163.622,173.809,16.362,3.362,0
2026-02-17 23:50:00,8892754681,5743512507,37,up,237.14,153.16,23.714,3.7971,0
2026-02-17 23:55:00,5469773943,4933293243,50,up,145.861,131.554,14.586,5.0656,1
2026-02-18 00:00:00,6948490178,6872427129,12,up,185.293,183.265,18.529,1.2111,0
2026-02-18 00:05:00,7151068596,6293729821,26,up,190.695,167.833,19.07,2.6809,0
2026-02-18 00:10:00,7757278851,5543310804,2,up,206.861,147.822,20.686,0.2452,0
2026-02-18 00:15:00,7801011110,6115840600,33,up,208.027,163.089,20.803,3.326,0
2026-02-18 00:20:00,8092689845,5352500182,1,up,215.805,142.733,21.581,0.1096,0
2026-02-18 00:25:00,9309184084,6184675598,5,up,248.245,164.925,24.824,0.5286,0
2026-02-18 00:30:00,7340747495,4011021968,27,up,195.753,106.961,19.575,2.7277,0
2026-02-18 00:35:00,6781532479,4936634099,2,up,180.841,131.644,18.084,0.2587,0
2026-02-18 00:40:00,6258612694,6286000327,89,up,166.896,167.627,16.69,8.9248,0
2026-02-18 00:45:00,6842162964,5456482511,50,up,182.458,145.506,18.246,5.0699,0
2026-02-18 00:50:00,7470185724,5765091049,24,up,199.205,153.736,19.92,2.4608,0
2026-02-18 00:55:00,5469061246,4715919678,170,up,145.842,125.758,14.584,17.0958,1
2026-02-18 01:00:00,7034149830,6872310222,54,up,187.577,183.262,18.758,5.4638,0
2026-02-18 01:05:00,7701409156,6428607509,7,up,205.371,171.43,20.537,0.751,0
2026-02-18 01:10:00,7485219393,5489537477,47,up,199.606,146.388,19.961,4.733,0
2026-02-18 01:15:00,8569553946,5351830296,5,up,228.521,142.715,22.852,0.5416,0
2026-02-18 01:20:00,9774239183,6319982943,13,up,260.646,168.533,26.065,1.3333,0
2026-02-18 01:25:00,7022218104,6963167553,20,up,187.259,185.684,18.726,2.0426,0
2026-02-18 01:30:00,7059504501,6268788172,31,up,188.253,167.168,18.825,3.1285,0
2026-02-18 01:35:00,8439744789,7090966800,0,up,225.06,189.092,22.506,0.0765,0
2026-02-18 01:40:00,8113702340,5002412852,8,up,216.365,133.398,21.637,0.858,0
2026-02-18 01:45:00,9162036593,5071913889,23,up,244.321,135.251,24.432,2.3445,0
2026-02-18 01:50:00,8025535366,4822464745,11,up,214.014,128.599,21.401,1.1055,0
2026-02-18 01:55:00,7176637118,5923188438,37,up,191.377,157.952,19.138,3.7294,0
2026-02-18 02:00:00,8031589347,5743532396,26,up,214.176,153.161,21.418,2.6364,0
2026-02-18 02:05:00,8497833222,5522432991,6,up,226.609,147.265,22.661,0.6677,0
2026-02-18 02:10:00,4943060377,6171249573,15,up,131.815,164.567,13.181,1.5774,1
2026-02-18 02:15:00,7956546627,6456821808,24,up,212.175,172.182,21.217,2.4792,0
2026-02-18 02:20:00,8460007220,4595177873,14,up,225.6,122.538,22.56,1.4967,0
2026-02-18 02:25:00,8552366031,5222043881,4,up,228.063,139.255,22.806,0.4627,0
2026-02-18 02:30:00,8743943091,6178596926,9,up,233.172,164.763,23.317,0.9877,0
2026-02-18 02:35:00,8083838898,5309276388,9,up,215.569,141.581,21.557,0.9026,0
2026-02-18 02:40:00,4409756236,5086210898,11,up,117.593,135.632,11.759,1.1444,1
2026-02-18 02:45:00,7632042317,6312512763,19,up,203.521,168.334,20.352,1.9792,0
2026-02-18 02:50:00,8585858069,4754587452,36,up,228.956,126.789,22.896,3.6061,0
2026-02-18 02:55:00,6764757896,5421433629,21,up,180.394,144.572,18.039,2.1419,0
2026-02-18 03:00:00,7831805977,5846834717,43,up,208.848,155.916,20.885,4.3759,0
2026-02-18 03:05:00,7145995068,5237671558,3,up,190.56,139.671,19.056,0.3412,0
2026-02-18 03:10:00,7525870340,6153630067,14,up,200.69,164.097,20.069,1.43,0
2026-02-18 03:15:00,8650606676,5241008041,23,up,230.683,139.76,23.068,2.3503,0
2026-02-18 03:20:00,7671989161,6575818158,28,up,204.586,175.355,20.459,2.8175,0
2026-02-18 03:25:00,7541792893,5540121249,29,up,201.114,147.737,20.111,2.9751,0
2026-02-18 03:30:00,6276129473,6078107342,32,up,167.363,162.083,16.736,3.2638,0
2026-02-18 03:35:00,8171628209,6128566168,26,up,217.91,163.428,21.791,2.6348,0
2026-02-18 03:40:00,8080935763,5201410498,2,up,215.492,138.704,21.549,0.2474,0
2026-02-18 03:45:00,9446929250,4238896579,29,up,251.918,113.037,25.192,2.9711,0
2026-02-18 03:50:00,7222999588,5868510134,32,up,192.613,156.494,19.261,3.2255,0
2026-02-18 03:55:00,7697235294,5673794634,125,up,205.26,151.301,20.526,12.5822,0
2026-02-18 04:00:00,7724445315,6000182568,29,up,205.985,160.005,20.599,2.9552,0
2026-02-18 04:05:00,8919707951,5472093956,29,up,237.859,145.923,23.786,2.9025,0
2026-02-18 04:10:00,7414234020,5334461303,18,up,197.713,142.252,19.771,1.8081,0
2026-02-18 04:15:00,7751119373,6980719282,50,up,206.697,186.153,20.67,5.0609,0
2026-02-18 04:20:00,8047106858,4631161008,143,up,214.59,123.498,21.459,14.3888,0
2026-02-18 04:25:00,7667948210,6120416572,37,up,204.479,163.211,20.448,3.7745,0
2026-02-18 04:30:00,7098209746,5237143745,23,up,189.286,139.657,18.929,2.3701,0
2026-02-18 04:35:00,7674680993,5398349433,2,up,204.658,143.956,20.466,0.2056,0
2026-02-18 04:40:00,8466268574,5410955588,32,up,225.767,144.292,22.577,3.2433,0
2026-02-18 04:45:00,6576136230,5082681864,30,up,175.364,135.538,17.536,3.0823,0
2026-02-18 04:50:00,7619672706,6010576341,37,up,203.191,160.282,20.319,3.7355,0
2026-02-18 04:55:00,6869891266,6563684427,3,up,183.197,175.032,18.32,0.3326,0
2026-02-18 05:00:00,8575541966,5942259221,26,up,228.681,158.46,22.868,2.6514,0
2026-02-18 05:05:00,6129131785,5694782847,8,up,163.444,151.861,16.344,0.8765,0
2026-02-18 05:10:00,6996970337,4959152663,35,up,186.586,132.244,18.659,3.5706,0
2026-02-18 05:15:00,7839490687,5973857054,6,up,209.053,159.303,20.905,0.6873,0
2026-02-18 05:20:00,8908971626,7080536001,28,up,237.573,188.814,23.757,2.8799,0
2026-02-18 05:25:00,7440824765,5368031128,8,up,198.422,143.147,19.842,0.8739,0
2026-02-18 05:30:00,7000320425,5371211083,0,up,186.675,143.232,18.668,0.0226,0
2026-02-18 05:35:00,9193041362,5246264836,25,up,245.148,139.9,24.515,2.5084,0
2026-02-18 05:40:00,6196787489,5294645391,3,up,165.248,141.191,16.525,0.3005,0
2026-02-18 05:45:00,5521074639,3771922801,26,up,147.229,100.585,14.723,2.6918,0
2026-02-18 05:50:00,7896013005,5898398885,64,up,210.56,157.291,21.056,6.4961,0
2026-02-18 05:55:00,7048151198,5054252280,87,up,187.951,134.78,18.795,8.7043,0
2026-02-18 06:00:00,6580890464,4538072394,6,up,175.49,121.015,17.549,0.6727,0
2026-02-18 06:05:00,8137520802,6133403216,41,up,217.001,163.557,21.7,4.142,0
2026-02-18 06:10:00,7719420642,4894637995,10,up,205.851,130.524,20.585,1.0907,0
2026-02-18 06:15:00,6992329232,5396398388,57,up,186.462,143.904,18.646,5.7679,0
2026-02-18 06:20:00,6347726041,6614848614,38,up,169.273,176.396,16.927,3.8719,0
2026-02-18 06:25:00,8285211595,4673779336,1,up,220.939,124.634,22.094,0.192,0
2026-02-18 06:30:00,8085181060,4590496191,13,up,215.605,122.413,21.56,1.307,0
2026-02-18 06:35:00,7410741722,5806781677,10,up,197.62,154.848,19.762,1.0286,0
2026-02-18 06:40:00,9161973296,6400903970,38,up,244.319,170.691,24.432,3.8449,0
2026-02-18 06:45:00,6536923710,4562319340,13,up,174.318,121.662,17.432,1.3203,0
2026-02-18 06:50:00,6127027346,5900190572,28,up,163.387,157.338,16.339,2.8847,0
2026-02-18 06:55:00,6877282737,6017174689,23,up,183.394,160.458,18.339,2.306,0
2026-02-18 07:00:00,7458972585,4235066673,92,up,198.906,112.935,19.891,9.2869,0
2026-02-18 07:05:00,7719005504,6163988403,69,up,205.84,164.373,20.584,6.9429,0
2026-02-18 07:10:00,7282887547,6216708968,13,up,194.21,165.779,19.421,1.3952,0
2026-02-18 07:15:00,7816849856,5414544738,32,up,208.449,144.388,20.845,3.2146,0
2026-02-18 07:20:00,6373614518,6470333794,44,up,169.963,172.542,16.996,4.422,0
2026-02-18 07:25:00,8799388143,6392107512,57,up,234.65,170.456,23.465,5.7288,0
2026-02-18 07:30:00,7426063939,5694604599,1,up,198.028,151.856,19.803,0.1764,0
2026-02-18 07:35:00,8505566248,5320274361,8,up,226.815,141.874,22.682,0.8991,0
2026-02-18 07:40:00,4685071687,4968341172,38,up,124.935,132.489,12.494,3.86,1
2026-02-18 07:45:00,4746646738,5599644631,56,up,126.577,149.324,12.658,5.6995,1
2026-02-18 07:50:00,8012790552,6009587270,4,up,213.674,160.256,21.367,0.4636,0
2026-02-18 07:55:00,7902937704,5406180618,17,up,210.745,144.165,21.075,1.714,0
2026-02-18 08:00:00,8078450483,4141686821,27,up,215.425,110.445,21.543,2.7208,0
2026-02-18 08:05:00,8696237277,6481381878,17,up,231.9,172.837,23.19,1.7197,0
2026-02-18 08:10:00,7676869052,5753400674,27,up,204.717,153.424,20.472,2.74,0
2026-02-18 08:15:00,8138103381,5368753464,1,up,217.016,143.167,21.702,0.1719,0
2026-02-18 08:20:00,7419237875,6203581912,52,up,197.846,165.429,19.785,5.2184,0
2026-02-18 08:25:00,8796105493,6654131052,69,up,234.563,177.443,23.456,6.995,0
2026-02-18 08:30:00,6891246928,3733709690,24,up,183.767,99.566,18.377,2.4052,0
2026-02-18 08:35:00,9120846389,5918127963,53,up,243.223,157.817,24.322,5.3298,0
2026-02-18 08:40:00,7463857844,4662011782,3,up,199.036,124.32,19.904,0.3523,0
2026-02-18 08:45:00,3727381444,5961899592,159,up,99.397,158.984,9.94,15.9676,1
2026-02-18 08:50:00,7615293973,5711350861,3,up,203.075,152.303,20.307,0.3172,0
2026-02-18 08:55:00,6887053508,6054115405,13,up,183.655,161.443,18.365,1.3107,0
2026-02-18 09:00:00,8256579194,5288007860,9,up,220.175,141.014,22.018,0.9782,0
2026-02-18 09:05:00,6912638418,4360562924,22,up,184.337,116.282,18.434,2.2023,0
2026-02-18 09:10:00,7098434910,5321001470,8,up,189.292,141.893,18.929,0.8971,0
2026-02-18 09:15:00,5799413342,5899622153,25,up,154.651,157.323,15.465,2.5355,0
2026-02-18 09:20:00,4255754587,6310389821,45,up,113.487,168.277,11.349,4.579,1
2026-02-18 09:25:00,5318508606,4834013872,49,up,141.827,128.907,14.183,4.9294,0
2026-02-18 09:30:00,6074487458,6318265788,25,up,161.986,168.487,16.199,2.512,0
2026-02-18 09:35:00,8184373190,5187686204,6,up,218.25,138.338,21.825,0.6061,0
2026-02-18 09:40:00,8207220142,5869653670,10,up,218.859,156.524,21.886,1.0242,0
2026-02-18 09:45:00,7882911805,5280821581,47,up,210.211,140.822,21.021,4.7002,0
2026-02-18 09:50:00,6629721471,5747965173,12,up,176.793,153.279,17.679,1.2214,0
2026-02-18 09:55:00,7457059779,6227017403,19,up,198.855,166.054,19.885,1.9186,0
2026-02-18 10:00:00,7496757714,4796765497,26,up,199.914,127.914,19.991,2.617,0
2026-02-18 10:05:00,6457471779,5166063519,10,up,172.199,137.762,17.22,1.0685,0
2026-02-18 10:10:00,8853058471,5749849746,8,up,236.082,153.329,23.608,0.8703,0
2026-02-18 10:15:00,8289626061,7246068971,16,up,221.057,193.229,22.106,1.6121,0
2026-02-18 10:20:00,7301132243,5042346944,6,up,194.697,134.463,19.47,0.6048,0
2026-02-18 10:25:00,7524197255,7002090373,8,up,200.645,186.722,20.065,0.8359,0
2026-02-18 10:30:00,7687544527,6977985729,1,up,205.001,186.08,20.5,0.1602,0
2026-02-18 10:35:00,5662438618,5559314973,9,up,150.998,148.248,15.1,0.9059,0
2026-02-18 10:40:00,7277540355,5423747044,9,up,194.068,144.633,19.407,0.9667,0
2026-02-18 10:45:00,4131728506,5157855990,326,up,110.179,137.543,11.018,32.6579,1
2026-02-18 10:50:00,6598541991,5578963292,22,up,175.961,148.772,17.596,2.2273,0
2026-02-18 10:55:00,7247009736,4675464383,38,up,193.254,124.679,19.325,3.8707,0
2026-02-18 11:00:00,9117917874,5573538663,1,up,243.144,148.628,24.314,0.1161,0
2026-02-18 11:05:00,4846055145,6635394184,11,up,129.228,176.944,12.923,1.1265,1
2026-02-18 11:10:00,6985938909,5212517582,42,up,186.292,139.0,18.629,4.2122,0
2026-02-18 11:15:00,8015324503,5462511094,24,up,213.742,145.667,21.374,2.4424,0
2026-02-18 11:20:00,8759419892,4476730179,5,up,233.585,119.379,23.358,0.5298,0
2026-02-18 11:25:00,8332170314,5877491909,12,up,222.191,156.733,22.219,1.2971,0
2026-02-18 11:30:00,4532200399,5803525137,77,up,120.859,154.761,12.086,7.7365,1
2026-02-18 11:35:00,4150654140,5667999092,185,up,110.684,151.147,11.068,18.554,1
2026-02-18 11:40:00,8128400982,5478641741,1,up,216.757,146.097,21.676,0.1558,0
2026-02-18 11:45:00,7854136846,5427388404,22,up,209.444,144.73,20.944,2.2703,0
2026-02-18 11:50:00,8305673898,5963782657,31,up,221.485,159.034,22.148,3.1561,0
2026-02-18 11:55:00,8071654621,5605548793,95,up,215.244,149.481,21.524,9.5295,0
2026-02-18 12:00:00,8444597443,5837606013,41,up,225.189,155.669,22.519,4.1147,0
2026-02-18 12:05:00,7018288309,5770113401,8,up,187.154,153.87,18.715,0.8082,0
2026-02-18 12:10:00,8685654659,6383313418,30,up,231.617,170.222,23.162,3.0911,0
2026-02-18 12:15:00,7677839644,6081971015,36,up,204.742,162.186,20.474,3.6022,0
2026-02-18 12:20:00,9367734785,5755181744,32,up,249.806,153.472,24.981,3.2709,0
2026-02-18 12:25:00,6879730963,6649934870,42,up,183.459,177.332,18.346,4.289,0
2026-02-18 12:30:00,9062367422,5908681257,58,up,241.663,157.565,24.166,5.8515,0
2026-02-18 12:35:00,7678119705,6505849814,2,up,204.75,173.489,20.475,0.259,0
2026-02-18 12:40:00,6913723796,6034686260,2,up,184.366,160.925,18.437,0.2767,0
2026-02-18 12:45:00,4238701649,4381704621,159,up,113.032,116.845,11.303,15.916,1
2026-02-18 12:50:00,7211687422,6505763465,7,up,192.312,173.487,19.231,0.7271,0
2026-02-18 12:55:00,7881749351,5716243962,1,up,210.18,152.433,21.018,0.1508,0
2026-02-18 13:00:00,7970551939,5589930529,12,up,212.548,149.065,21.255,1.2822,0
2026-02-18 13:05:00,6983669996,5814910134,42,up,186.231,155.064,18.623,4.2853,0
2026-02-18 13:10:00,7478080866,5392136365,3,up,199.415,143.79,19.942,0.3383,0
2026-02-18 13:15:00,9428043322,5778244480,27,up,251.414,154.087,25.141,2.7856,0
2026-02-18 13:20:00,9054788853,5225483655,0,up,241.461,139.346,24.146,0.0091,0
2026-02-18 13:25:00,7892691302,6485133774,2,up,210.472,172.937,21.047,0.2906,0
2026-02-18 13:30:00,7534203130,5548328023,10,up,200.912,147.955,20.091,1.0802,0
2026-02-18 13:35:00,7608028194,5366755906,2,up,202.881,143.113,20.288,0.2183,0
2026-02-18 13:40:00,8052166175,5000675074,46,up,214.724,133.351,21.472,4.6754,0
2026-02-18 13:45:00,6579486691,5806423657,49,up,175.453,154.838,17.545,4.989,0
2026-02-18 13:50:00,7268361116,5751297292,35,up,193.823,153.368,19.382,3.5221,0
2026-02-18 13:55:00,5998274333,5887186614,6,up,159.954,156.992,15.995,0.6943,0
2026-02-18 14:00:00,7859300810,4931604975,18,up,209.581,131.509,20.958,1.8519,0
2026-02-18 14:05:00,8082476345,4544202690,5,up,215.533,121.179,21.553,0.5089,0
2026-02-18 14:10:00,7065132183,6047274129,8,up,188.404,161.261,18.84,0.8257,0
2026-02-18 14:15:00,8916588086,6627133256,18,up,237.776,176.724,23.778,1.8142,0
2026-02-18 14:20:00,6396810903,4932211304,33,up,170.582,131.526,17.058,3.3202,0
2026-02-18 14:25:00,6182062607,6697872866,2,up,164.855,178.61,16.486,0.2486,0
2026-02-18 14:30:00,7702006636,5816639964,8,up,205.387,155.11,20.539,0.8799,0
2026-02-18 14:35:00,8442388472,5620232539,65,up,225.13,149.873,22.513,6.5303,0
2026-02-18 14:40:00,9015534922,5356654629,14,up,240.414,142.844,24.041,1.4015,0
2026-02-18 14:45:00,7087004163,4690450336,69,up,188.987,125.079,18.899,6.9869,0
2026-02-18 14:50:00,8470812750,6291716748,118,up,225.888,167.779,22.589,11.8901,0
2026-02-18 14:55:00,7465342377,5101465706,18,up,199.076,136.039,19.908,1.8699,0
2026-02-18 15:00:00,7344635430,5098630493,8,up,195.857,135.963,19.586,0.8493,0
2026-02-18 15:05:00,8295293943,6294550259,39,up,221.208,167.855,22.121,3.9109,0
2026-02-18 15:10:00,8087090590,4353986173,4,up,215.656,116.106,21.566,0.4338,0
2026-02-18 15:15:00,6081247058,4596571477,7,up,162.167,122.575,16.217,0.726,0
2026-02-18 15:20:00,8828886314,5612759385,38,up,235.437,149.674,23.544,3.8414,0
2026-02-18 15:25:00,8742082218,5822966989,14,up,233.122,155.279,23.312,1.4213,0
2026-02-18 15:30:00,6936993568,5952195887,5,up,184.986,158.725,18.499,0.5627,0
2026-02-18 15:35:00,7856223180,5421286016,26,up,209.499,144.568,20.95,2.6326,0
2026-02-18 15:40:00,7944627167,7332999526,32,up,211.857,195.547,21.186,3.299,0
2026-02-18 15:45:00,7734606389,5471172522,3,up,206.256,145.898,20.626,0.334,0
2026-02-18 15:50:00,7004725361,5469219347,8,up,186.793,145.846,18.679,0.8108,0
2026-02-18 15:55:00,4137323381,5087033998,25,up,110.329,135.654,11.033,2.501,1
2026-02-18 16:00:00,7477001336,5708637101,11,up,199.387,152.23,19.939,1.1945,0
2026-02-18 16:05:00,8555456117,6040098831,36,up,228.145,161.069,22.815,3.6039,0
2026-02-18 16:10:00,7989240139,6437415186,31,up,213.046,171.664,21.305,3.1269,0
2026-02-18 16:15:00,4299868260,4619733121,108,up,114.663,123.193,11.466,10.8626,1
2026-02-18 16:20:00,8194528839,5458953146,0,up,218.521,145.572,21.852,0.0158,0
2026-02-18 16:25:00,4936311641,5926524937,3,up,131.635,158.041,13.163,0.3833,0
2026-02-18 16:30:00,8533889130,6021263835,6,up,227.57,160.567,22.757,0.6317,0
2026-02-18 16:35:00,5934257599,5629420344,7,up,158.247,150.118,15.825,0.7935,0
2026-02-18 16:40:00,7173803152,5991136179,3,up,191.301,159.764,19.13,0.3958,0
2026-02-18 16:45:00,6492297094,5078949372,13,up,173.128,135.439,17.313,1.3204,0
2026-02-18 16:50:00,6334786671,6676586166,1,up,168.928,178.042,16.893,0.1954,0
2026-02-18 16:55:00,8544744108,6295023969,34,up,227.86,167.867,22.786,3.466,0
2026-02-18 17:00:00,7079068918,4717173743,38,up,188.775,125.791,18.878,3.8746,0
2026-02-18 17:05:00,7811853493,4899305442,21,up,208.316,130.648,20.832,2.1349,0
2026-02-18 17:10:00,7457771479,4918327818,2,up,198.874,131.155,19.887,0.235,0
2026-02-18 17:15:00,7929336744,6082629730,55,up,211.449,162.203,21.145,5.5201,0
2026-02-18 17:20:00,4541483821,4757808757,337,up,121.106,126.875,12.111,33.7074,1
2026-02-18 17:25:00,3807184198,5401558574,22,up,101.525,144.042,10.152,2.261,1
2026-02-18 17:30:00,8396640137,5931925467,30,up,223.91,158.185,22.391,3.0489,0
2026-02-18 17:35:00,7055619075,5580337994,46,up,188.15,148.809,18.815,4.6119,0
2026-02-18 17:40:00,6099076291,5799749073,19,up,162.642,154.66,16.264,1.9405,0
2026-02-18 17:45:00,7114696355,4905583169,9,up,189.725,130.816,18.973,0.9764,0
2026-02-18 17:50:00,8850683811,6026526702,16,up,236.018,160.707,23.602,1.6279,0
2026-02-18 17:55:00,8265199567,5211081972,17,up,220.405,138.962,22.041,1.795,0
2026-02-18 18:00:00,7186213079,5405881719,12,up,191.632,144.157,19.163,1.2797,0
2026-02-18 18:05:00,7185668066,5785468916,66,up,191.618,154.279,19.162,6.6425,0
2026-02-18 18:10:00,7210528453,5694577799,34,up,192.281,151.855,19.228,3.4053,0
2026-02-18 18:15:00,9369073185,5641186512,6,up,249.842,150.432,24.984,0.6904,0
2026-02-18 18:20:00,7843741907,5118326895,22,up,209.166,136.489,20.917,2.2021,0
2026-02-18 18:25:00,7887037482,5422804147,29,up,210.321,144.608,21.032,2.9174,0
2026-02-18 18:30:00,8427255108,5626473923,3,up,224.727,150.039,22.473,0.3775,0
2026-02-18 18:35:00,7714910243,4696817467,11,up,205.731,125.248,20.573,1.1096,0
2026-02-18 18:40:00,7266862068,5312790247,58,up,193.783,141.674,19.378,5.8992,0
2026-02-18 18:45:00,7323285135,5886683918,20,up,195.288,156.978,19.529,2.0935,0
2026-02-18 18:50:00,7435558866,4762730292,6,up,198.282,127.006,19.828,0.6115,0
2026-02-18 18:55:00,7466499987,6405692614,3,up,199.107,170.818,19.911,0.3275,0
2026-02-18 19:00:00,8154866589,6481988952,18,up,217.463,172.853,21.746,1.8257,0
2026-02-18 19:05:00,7546751297,4784523361,19,up,201.247,127.587,20.125,1.9834,0
2026-02-18 19:10:00,8159376069,6541393252,10,up,217.583,174.437,21.758,1.0177,0
2026-02-18 19:15:00,7427355077,5528082427,24,up,198.063,147.416,19.806,2.4884,0
2026-02-18 19:20:00,7570771671,5907497327,1,up,201.887,157.533,20.189,0.1779,0
2026-02-18 19:25:00,5701619383,5289760539,3,up,152.043,141.06,15.204,0.392,0
2026-02-18 19:30:00,8324694907,6248055258,19,up,221.992,166.615,22.199,1.9757,0
2026-02-18 19:35:00,7811839628,5899113462,1,up,208.316,157.31,20.832,0.1595,0
2026-02-18 19:40:00,8398209098,5075446551,53,up,223.952,135.345,22.395,5.3197,0
2026-02-18 19:45:00,2936022095,4838488650,15,up,78.294,129.026,7.829,1.5332,1
2026-02-18 19:50:00,9379537234,4639295856,28,up,250.121,123.715,25.012,2.8015,0
2026-02-18 19:55:00,7374369334,5751860699,12,up,196.65,153.383,19.665,1.2407,0
2026-02-18 20:00:00,8497364535,6011418202,12,up,226.596,160.304,22.66,1.2762,0
2026-02-18 20:05:00,6564084665,6064401833,36,up,175.042,161.717,17.504,3.6192,0
2026-02-18 20:10:00,8051496514,5545362761,17,up,214.707,147.876,21.471,1.7302,0
2026-02-18 20:15:00,6551925993,4844027392,32,up,174.718,129.174,17.472,3.2334,0
2026-02-18 20:20:00,6938607935,5164599511,17,up,185.03,137.723,18.503,1.759,0
2026-02-18 20:25:00,9222628218,6402835331,22,up,245.937,170.742,24.594,2.2468,0
2026-02-18 20:30:00,4397031503,5297875718,143,up,117.254,141.277,11.725,14.301,1
2026-02-18 20:35:00,7695689585,5721806900,23,up,205.218,152.582,20.522,2.3368,0
2026-02-18 20:40:00,8283060957,4898935923,23,up,220.882,130.638,22.088,2.3903,0
2026-02-18 20:45:00,7946113699,5852193555,38,up,211.896,156.058,21.19,3.8923,0
2026-02-18 20:50:00,7635377014,5316062920,74,up,203.61,141.762,20.361,7.4441,0
2026-02-18 20:55:00,7828464902,6331531081,11,up,208.759,168.841,20.876,1.1819,0
2026-02-18 21:00:00,9663074026,6147151451,21,up,257.682,163.924,25.768,2.1517,0
2026-02-18 21:05:00,7448143082,5290398486,2,up,198.617,141.077,19.862,0.2256,0
2026-02-18 21:10:00,4608593485,5539501781,44,up,122.896,147.72,12.29,4.4442,1
2026-02-18 21:15:00,8445588956,5252996537,13,up,225.216,140.08,22.522,1.3278,0
2026-02-18 21:20:00,8494973339,4666882592,45,up,226.533,124.45,22.653,4.5081,0
2026-02-18 21:25:00,8568327275,5046226360,18,up,228.489,134.566,22.849,1.8007,0
2026-02-18 21:30:00,8074857199,5758796696,32,up,215.33,153.568,21.533,3.2832,0
2026-02-18 21:35:00,6471295578,5844550161,0,up,172.568,155.855,17.257,0.048,0
2026-02-18 21:40:00,8970088379,5725269834,15,up,239.202,152.674,23.92,1.5614,0
2026-02-18 21:45:00,6468289146,5421330188,57,up,172.488,144.569,17.249,5.7896,0
2026-02-18 21:50:00,7772371918,6254819958,6,up,207.263,166.795,20.726,0.635,0
2026-02-18 21:55:00,6821151734,5667890785,0,up,181.897,151.144,18.19,0.0801,0
2026-02-18 22:00:00,7442275488,6099696333,14,up,198.461,162.659,19.846,1.4203,0
2026-02-18 22:05:00,7795886169,4427701785,30,up,207.89,118.072,20.789,3.0471,0
2026-02-18 22:10:00,7789221493,2977379830,15,up,207.713,79.397,20.771,1.515,0
2026-02-18 22:15:00,7879728678,5816556918,15,up,210.126,155.108,21.013,1.5404,0
2026-02-18 22:20:00,8952340142,4663283183,27,up,238.729,124.354,23.873,2.7702,0
2026-02-18 22:25:00,7908180871,5481595100,7,up,210.885,146.176,21.088,0.7339,0
2026-02-18 22:30:00,7280259028,5421084497,34,up,194.14,144.562,19.414,3.4847,0
2026-02-18 22:35:00,8367678451,6696495406,4,up,223.138,178.573,22.314,0.4155,0
2026-02-18 22:40:00,8570523440,5894997673,12,up,228.547,157.2,22.855,1.2594,0
2026-02-18 22:45:00,6395152966,5736954843,26,up,170.537,152.985,17.054,2.6678,0
2026-02-18 22:50:00,8037660062,6189969029,44,up,214.338,165.066,21.434,4.406,0
2026-02-18 22:55:00,8131055468,5873735871,39,up,216.828,156.633,21.683,3.9199,0
2026-02-18 23:00:00,7232192846,5316068029,31,up,192.858,141.762,19.286,3.1975,0
2026-02-18 23:05:00,8738136131,6348246252,11,up,233.017,169.287,23.302,1.1122,0
2026-02-18 23:10:00,7364949971,4875918663,3,up,196.399,130.024,19.64,0.3261,0
2026-02-18 23:15:00,7613018808,5843191851,6,up,203.014,155.818,20.301,0.611,0
2026-02-18 23:20:00,7344235358,4580390388,50,up,195.846,122.144,19.585,5.0031,0
2026-02-18 23:25:00,7514021142,5762662103,48,up,200.374,153.671,20.037,4.8681,0
2026-02-18 23:30:00,6513352421,5755268008,75,up,173.689,153.474,17.369,7.5686,0
2026-02-18 23:35:00,6203954205,6756607099,1,up,165.439,180.176,16.544,0.1976,0
2026-02-18 23:40:00,8935054556,4568642621,19,up,238.268,121.83,23.827,1.924,0
2026-02-18 23:45:00,6737734786,5219401156,26,up,179.673,139.184,17.967,2.6152,0
2026-02-18 23:50:00,6607746885,6180310637,31,up,176.207,164.808,17.621,3.1004,0
2026-02-18 23:55:00,5561948897,5851339148,25,up,148.319,156.036,14.832,2.5811,0
2026-02-19 00:00:00,6924934427,5746705909,36,up,184.665,153.245,18.466,3.6743,0
2026-02-19 00:05:00,6309219185,4979608400,11,up,168.246,132.79,16.825,1.1137,0
2026-02-19 00:10:00,8977813644,5226197615,4,up,239.408,139.365,23.941,0.4944,0
2026-02-19 00:15:00,8408835380,6465402680,5,up,224.236,172.411,22.424,0.5722,0
2026-02-19 00:20:00,6880664689,5590231294,0,up,183.484,149.073,18.348,0.0301,0
2026-02-19 00:25:00,9527192224,5878367794,10,up,254.058,156.756,25.406,1.0782,0
2026-02-19 00:30:00,5030153362,5547247878,9,up,134.137,147.927,13.414,0.9623,1
2026-02-19 00:35:00,7207651754,4826417277,9,up,192.204,128.704,19.22,0.9696,0
2026-02-19 00:40:00,5250534856,6255322037,24,up,140.014,166.809,14.001,2.4736,0
2026-02-19 00:45:00,9561848315,5964681859,56,up,254.983,159.058,25.498,5.6221,0
2026-02-19 00:50:00,6249384779,7181304865,45,up,166.65,191.501,16.665,4.5753,0
2026-02-19 00:55:00,6019141127,4939482568,7,up,160.51,131.72,16.051,0.7281,0
2026-02-19 01:00:00,5052188033,6180236721,14,up,134.725,164.806,13.473,1.4397,1
2026-02-19 01:05:00,9695777165,4739707822,5,up,258.554,126.392,25.855,0.5363,0
2026-02-19 01:10:00,8745845536,5731208933,88,up,233.223,152.832,23.322,8.85,0
2026-02-19 01:15:00,8007518208,6284141947,19,up,213.534,167.577,21.353,1.9934,0
2026-02-19 01:20:00,8035278907,4226308796,5,up,214.274,112.702,21.427,0.5038,0
2026-02-19 01:25:00,8268074002,5486670579,45,up,220.482,146.311,22.048,4.5931,0
2026-02-19 01:30:00,4909821438,5244833429,50,up,130.929,139.862,13.093,5.0284,1
2026-02-19 01:35:00,7753072281,5151178823,57,up,206.749,137.365,20.675,5.7371,0
2026-02-19 01:40:00,7593780993,5885018540,7,up,202.501,156.934,20.25,0.7551,0
2026-02-19 01:45:00,7443666184,6381462851,12,up,198.498,170.172,19.85,1.249,0
2026-02-19 01:50:00,6821431870,5535036867,17,up,181.905,147.601,18.19,1.7577,0
2026-02-19 01:55:00,7247392430,5763703338,55,up,193.264,153.699,19.326,5.5783,0
2026-02-19 02:00:00,5976338867,5702158408,50,up,159.369,152.058,15.937,5.0768,0
2026-02-19 02:05:00,7411494335,5626217366,21,up,197.64,150.032,19.764,2.1354,0
2026-02-19 02:10:00,6610268003,4889693719,6,up,176.274,130.392,17.627,0.6269,0
2026-02-19 02:15:00,6506769614,6373200106,12,up,173.514,169.952,17.351,1.2911,0
2026-02-19 02:20:00,7661904736,5824256873,92,up,204.317,155.314,20.432,9.2863,0
2026-02-19 02:25:00,8752802057,5891545005,23,up,233.408,157.108,23.341,2.3398,0
2026-02-19 02:30:00,8326484945,5080606000,37,up,222.04,135.483,22.204,3.7978,0
2026-02-19 02:35:00,6086549456,5315026231,14,up,162.308,141.734,16.231,1.494,0
2026-02-19 02:40:00,6609334677,5506109416,18,up,176.249,146.83,17.625,1.8983,0
2026-02-19 02:45:00,8346694069,4589465831,14,up,222.579,122.386,22.258,1.4007,0
2026-02-19 02:50:00,6615761345,4485576830,30,up,176.42,119.615,17.642,3.0344,0
2026-02-19 02:55:00,7297830165,5219495146,47,up,194.609,139.187,19.461,4.7674,0
2026-02-19 03:00:00,7995046889,5977701517,17,up,213.201,159.405,21.32,1.77,0
2026-02-19 03:05:00,6628489990,5184132261,16,up,176.76,138.244,17.676,1.639,0
2026-02-19 03:10:00,7594837955,4937306491,10,up,202.529,131.662,20.253,1.0399,0
2026-02-19 03:15:00,6299377054,5075087184,4,up,167.983,135.336,16.798,0.4873,0
2026-02-19 03:20:00,6958769120,5317643864,70,up,185.567,141.804,18.557,7.0024,0
2026-02-19 03:25:00,7787803740,5386145200,9,up,207.675,143.631,20.767,0.9498,0
2026-02-19 03:30:00,6066305639,7086726980,40,up,161.768,188.979,16.177,4.0323,0
2026-02-19 03:35:00,7896427264,6336868924,31,up,210.571,168.983,21.057,3.1412,0
2026-02-19 03:40:00,7482325980,6316722525,39,up,199.529,168.446,19.953,3.9126,0
2026-02-19 03:45:00,7997240958,6413791745,69,up,213.26,171.034,21.326,6.9024,0
2026-02-19 03:50:00,7701522720,4950795913,24,up,205.374,132.021,20.537,2.4412,0
2026-02-19 03:55:00,5236635832,4799903884,228,up,139.644,127.997,13.964,22.823,1
2026-02-19 04:00:00,7612702052,4877862553,4,up,203.005,130.076,20.301,0.4589,0
2026-02-19 04:05:00,7113535012,6525791640,24,up,189.694,174.021,18.969,2.4635,0
2026-02-19 04:10:00,7610067752,5255645542,36,up,202.935,140.151,20.294,3.699,0
2026-02-19 04:15:00,7988968226,4780334576,7,up,213.039,127.476,21.304,0.7924,0
2026-02-19 04:20:00,7543974063,5334077564,33,up,201.173,142.242,20.117,3.3749,0
2026-02-19 04:25:00,7536532522,5463941266,37,up,200.974,145.705,20.097,3.7681,0
2026-02-19 04:30:00,6868207480,5806178959,44,up,183.152,154.831,18.315,4.4474,0
2026-02-19 04:35:00,6903389174,5794391938,9,up,184.09,154.517,18.409,0.9381,0
2026-02-19 04:40:00,6237655255,5065978119,28,up,166.337,135.093,16.634,2.8612,0
2026-02-19 04:45:00,9074619068,6087818064,9,up,241.99,162.342,24.199,0.9069,0
2026-02-19 04:50:00,6380523088,5193544364,33,up,170.147,138.495,17.015,3.3585,0
2026-02-19 04:55:00,6876385321,5519513472,15,up,183.37,147.187,18.337,1.5543,0
2026-02-19 05:00:00,6853433460,6088572497,22,up,182.758,162.362,18.276,2.2754,0
2026-02-19 05:05:00,8305431939,5191770552,13,up,221.478,138.447,22.148,1.344,0
2026-02-19 05:10:00,7234545289,5240687789,4,up,192.921,139.752,19.292,0.4418,0
2026-02-19 05:15:00,8622967865,6024375933,4,up,229.946,160.65,22.995,0.4901,0
2026-02-19 05:20:00,6893858438,5046030105,2,up,183.836,134.561,18.384,0.2019,0
2026-02-19 05:25:00,7751094746,5365265384,24,up,206.696,143.074,20.67,2.4063,0
2026-02-19 05:30:00,6748187652,6000125970,47,up,179.952,160.003,17.995,4.7202,0
2026-02-19 05:35:00,9430634214,7011512397,0,up,251.484,186.974,25.148,0.0526,0
2026-02-19 05:40:00,6431161422,6033648040,1,up,171.498,160.897,17.15,0.1713,0
2026-02-19 05:45:00,7778838639,5944031840,15,up,207.436,158.508,20.744,1.5288,0
2026-02-19 05:50:00,8070399192,5983291068,33,up,215.211,159.554,21.521,3.3459,0
2026-02-19 05:55:00,7872419187,4900596565,4,up,209.931,130.683,20.993,0.4291,0
2026-02-19 06:00:00,7333241107,5703027798,7,up,195.553,152.081,19.555,0.7924,0
2026-02-19 06:05:00,7383161370,5604907620,6,up,196.884,149.464,19.688,0.6599,0
2026-02-19 06:10:00,7539430324,5842069564,12,up,201.051,155.789,20.105,1.2731,0
2026-02-19 06:15:00,7367698198,5703642935,6,up,196.472,152.097,19.647,0.6372,0
2026-02-19 06:20:00,8367491205,5881297282,10,up,223.133,156.835,22.313,1.087,0
2026-02-19 06:25:00,9489470701,5414759643,32,up,253.053,144.394,25.305,3.2599,0
2026-02-19 06:30:00,6998257393,5664561019,23,up,186.62,151.055,18.662,2.3605,0
2026-02-19 06:35:00,6267177318,4796215717,2,up,167.125,127.899,16.712,0.2117,0
2026-02-19 06:40:00,7420546156,5409062587,25,up,197.881,144.242,19.788,2.5385,0
2026-02-19 06:45:00,9821738403,6563812645,16,up,261.913,175.035,26.191,1.6208,0
2026-02-19 06:50:00,6776692888,5840195629,68,up,180.712,155.739,18.071,6.8168,0
2026-02-19 06:55:00,8975205124,5610878299,8,up,239.339,149.623,23.934,0.8538,0
2026-02-19 07:00:00,9009930732,6904883211,32,up,240.265,184.13,24.026,3.2381,0
2026-02-19 07:05:00,7001770582,4706436389,32,up,186.714,125.505,18.671,3.2813,0
2026-02-19 07:10:00,8012084771,4876117500,6,up,213.656,130.03,21.366,0.626,0
2026-02-19 07:15:00,8965556960,6781080202,58,up,239.082,180.829,23.908,5.8384,0
2026-02-19 07:20:00,7158785033,5656023631,16,up,190.901,150.827,19.09,1.6892,0
2026-02-19 07:25:00,7316777675,5461256450,28,up,195.114,145.634,19.511,2.8399,0
2026-02-19 07:30:00,6976487177,4815537080,3,up,186.04,128.414,18.604,0.3941,0
2026-02-19 07:35:00,6586718942,5927194979,7,up,175.646,158.059,17.565,0.7454,0
2026-02-19 07:40:00,6915650209,5992510411,22,up,184.417,159.8,18.442,2.2054,0
2026-02-19 07:45:00,6398453759,4886216306,9,up,170.625,130.299,17.063,0.9606,0
2026-02-19 07:50:00,7530675121,5530313979,17,up,200.818,147.475,20.082,1.7313,0
2026-02-19 07:55:00,4084214455,5398526813,46,up,108.912,143.961,10.891,4.6841,1
2026-02-19 08:00:00,7710407320,5797784573,25,up,205.611,154.608,20.561,2.558,0
2026-02-19 08:05:00,6099693918,4869506086,16,up,162.659,129.853,16.266,1.6694,0
2026-02-19 08:10:00,7797792208,6470064531,0,up,207.941,172.535,20.794,0.0116,0
2026-02-19 08:15:00,8250176065,6243181052,26,up,220.005,166.485,22.0,2.6223,0
2026-02-19 08:20:00,5705637921,5379856497,13,up,152.15,143.463,15.215,1.371,0
2026-02-19 08:25:00,7836650912,5478917369,10,up,208.977,146.104,20.898,1.0452,0
2026-02-19 08:30:00,8604902093,5532915048,2,up,229.464,147.544,22.946,0.2472,0
2026-02-19 08:35:00,6411323083,5099641726,6,up,170.969,135.99,17.097,0.6223,0
2026-02-19 08:40:00,9005315148,5325685142,6,up,240.142,142.018,24.014,0.6333,0
2026-02-19 08:45:00,7877117108,5442567501,68,up,210.056,145.135,21.006,6.8477,0
2026-02-19 08:50:00,6865489329,6713686150,14,up,183.08,179.032,18.308,1.4163,0
2026-02-19 08:55:00,7449807830,6263967358,1,up,198.662,167.039,19.866,0.1074,0
2026-02-19 09:00:00,8002494221,6255891927,3,up,213.4,166.824,21.34,0.3736,0
2026-02-19 09:05:00,7568404852,5874699788,2,up,201.824,156.659,20.182,0.2058,0
2026-02-19 09:10:00,7984880393,4870804268,22,up,212.93,129.888,21.293,2.2221,0
2026-02-19 09:15:00,6671393766,5596993504,5,up,177.904,149.253,17.79,0.5164,0
2026-02-19 09:20:00,7652424741,6280079710,17,up,204.065,167.469,20.406,1.7257,0
2026-02-19 09:25:00,6227656952,4775671375,11,up,166.071,127.351,16.607,1.1553,0
2026-02-19 09:30:00,7399896544,6054673414,40,up,197.331,161.458,19.733,4.0725,0
2026-02-19 09:35:00,4011889873,7192761227,38,up,106.984,191.807,10.698,3.8638,1
2026-02-19 09:40:00,6838023051,6341726236,15,up,182.347,169.113,18.235,1.5324,0
2026-02-19 09:45:00,8612483857,6579469666,31,up,229.666,175.453,22.967,3.1939,0
2026-02-19 09:50:00,5089307465,5772378656,56,up,135.715,153.93,13.571,5.6802,1
2026-02-19 09:55:00,8048224308,6278354065,39,up,214.619,167.423,21.462,3.9402,0
2026-02-19 10:00:00,6516918511,5140449080,27,up,173.784,137.079,17.378,2.7094,0
2026-02-19 10:05:00,7215232395,6162208073,13,up,192.406,164.326,19.241,1.3213,0
2026-02-19 10:10:00,8591787929,6066711990,17,up,229.114,161.779,22.911,1.7529,0
2026-02-19 10:15:00,7627545222,5820690042,85,up,203.401,155.218,20.34,8.5436,0
2026-02-19 10:20:00,9587396585,6513305008,27,up,255.664,173.688,25.566,2.7089,0
2026-02-19 10:25:00,7853986055,5261320234,58,up,209.44,140.302,20.944,5.8846,0
2026-02-19 10:30:00,7672844204,5498736176,4,up,204.609,146.633,20.461,0.4923,0
2026-02-19 10:35:00,7221795182,5689436877,16,up,192.581,151.718,19.258,1.6504,0
2026-02-19 10:40:00,7620186814,4930012594,59,up,203.205,131.467,20.32,5.983,0
2026-02-19 10:45:00,7362777147,5778179062,9,up,196.341,154.085,19.634,0.9738,0
2026-02-19 10:50:00,8137297809,4464721971,85,up,216.995,119.059,21.699,8.579,0
2026-02-19 10:55:00,8361032085,6331694310,2,up,222.961,168.845,22.296,0.2553,0
2026-02-19 11:00:00,6792609485,5656480222,58,up,181.136,150.839,18.114,5.8242,0
2026-02-19 11:05:00,6301890341,5273397289,14,up,168.05,140.624,16.805,1.4729,0
2026-02-19 11:10:00,3508449098,5061797811,7,up,93.559,134.981,9.356,0.766,1
2026-02-19 11:15:00,7957192194,5466659155,52,up,212.192,145.778,21.219,5.2907,0
2026-02-19 11:20:00,6506970054,6089575304,7,up,173.519,162.389,17.352,0.7257,0
2026-02-19 11:25:00,5562398466,5994723810,0,up,148.331,159.859,14.833,0.0563,0
2026-02-19 11:30:00,7849720744,5148761885,3,up,209.326,137.3,20.933,0.3649,0
2026-02-19 11:35:00,9743699565,5053923220,26,up,259.832,134.771,25.983,2.6905,0
2026-02-19 11:40:00,7494536179,6068406626,95,up,199.854,161.824,19.985,9.5205,0
2026-02-19 11:45:00,8254641697,5137415501,2,up,220.124,136.998,22.012,0.2954,0
2026-02-19 11:50:00,7573646422,5665439097,15,up,201.964,151.078,20.196,1.5495,0
2026-02-19 11:55:00,7410999312,5708534383,4,up,197.627,152.228,19.763,0.4981,0
2026-02-19 12:00:00,8327168834,5835641938,34,up,222.058,155.617,22.206,3.4166,0
2026-02-19 12:05:00,7238752910,6204332540,3,up,193.033,165.449,19.303,0.3141,0
2026-02-19 12:10:00,7740653082,4772500017,6,up,206.417,127.267,20.642,0.6856,0
2026-02-19 12:15:00,7789528025,4334967455,5,up,207.721,115.599,20.772,0.5467,0
2026-02-19 12:20:00,6898718591,5241973085,20,up,183.966,139.786,18.397,2.0103,0
2026-02-19 12:25:00,8392838114,6841031675,51,up,223.809,182.428,22.381,5.1625,0
2026-02-19 12:30:00,7342536218,6989967517,17,up,195.801,186.399,19.58,1.7889,0
2026-02-19 12:35:00,6819829356,6861044566,1,up,181.862,182.961,18.186,0.15,0
2026-02-19 12:40:00,7982858859,5494737576,20,up,212.876,146.526,21.288,2.0718,0
2026-02-19 12:45:00,6691378816,4422072319,39,up,178.437,117.922,17.844,3.9928,0
2026-02-19 12:50:00,7525363041,4043448606,3,up,200.676,107.825,20.068,0.3544,0
2026-02-19 12:55:00,7491792903,5210524240,1,up,199.781,138.947,19.978,0.1887,0
2026-02-19 13:00:00,8477306009,5491300299,5,up,226.061,146.435,22.606,0.52,0
2026-02-19 13:05:00,7927228409,6502922145,34,up,211.393,173.411,21.139,3.4269,0
2026-02-19 13:10:00,7477475737,6210768685,22,up,199.399,165.62,19.94,2.2393,0
2026-02-19 13:15:00,8235989669,5778498428,19,up,219.626,154.093,21.963,1.9446,0
2026-02-19 13:20:00,8751186794,5024354779,7,up,233.365,133.983,23.336,0.7175,0
2026-02-19 13:25:00,8002029275,4976473798,10,up,213.387,132.706,21.339,1.0096,0
2026-02-19 13:30:00,7509317357,5796536188,84,up,200.248,154.574,20.025,8.445,0
2026-02-19 13:35:00,6319347390,6095509410,6,up,168.516,162.547,16.852,0.6881,0
2026-02-19 13:40:00,6541397703,5889519852,57,up,174.437,157.054,17.444,5.7979,0
2026-02-19 13:45:00,7225297766,4926646377,21,up,192.675,131.377,19.267,2.1719,0
2026-02-19 13:50:00,6951439018,6064200649,3,up,185.372,161.712,18.537,0.329,0
2026-02-19 13:55:00,7331725827,5912489902,15,up,195.513,157.666,19.551,1.5746,0
2026-02-19 14:00:00,7550984932,4902300175,74,up,201.36,130.728,20.136,7.4178,0
2026-02-19 14:05:00,7976723478,5095583345,13,up,212.713,135.882,21.271,1.3556,0
2026-02-19 14:10:00,7436551099,6089734782,49,up,198.308,162.393,19.831,4.9765,0
2026-02-19 14:15:00,7937851479,5466707413,7,up,211.676,145.779,21.168,0.7407,0
2026-02-19 14:20:00,7558026973,6697674428,21,up,201.547,178.605,20.155,2.1153,0
2026-02-19 14:25:00,3433248054,5963262261,185,up,91.553,159.02,9.155,18.5695,1
2026-02-19 14:30:00,6654598145,5296523947,63,up,177.456,141.241,17.746,6.3359,0
2026-02-19 14:35:00,7370321199,5618111219,16,up,196.542,149.816,19.654,1.663,0
2026-02-19 14:40:00,6411274731,5667783790,25,up,170.967,151.141,17.097,2.552,0
2026-02-19 14:45:00,8039935856,5133336538,0,up,214.398,136.889,21.44,0.0075,0
2026-02-19 14:50:00,8877675749,5009002966,7,up,236.738,133.573,23.674,0.73,0
2026-02-19 14:55:00,8596885666,6098438178,8,up,229.25,162.625,22.925,0.8168,0
2026-02-19 15:00:00,7307901416,6195559475,2,up,194.877,165.215,19.488,0.2454,0
2026-02-19 15:05:00,8841653523,6032552491,8,up,235.777,160.868,23.578,0.8202,0
2026-02-19 15:10:00,7633800711,6647839713,9,up,203.568,177.276,20.357,0.9683,0
2026-02-19 15:15:00,7196622625,5259303065,86,up,191.91,140.248,19.191,8.6656,0
2026-02-19 15:20:00,6947937602,6755132767,27,up,185.278,180.137,18.528,2.7611,0
2026-02-19 15:25:00,7227777282,5016878244,13,up,192.741,133.783,19.274,1.3878,0
2026-02-19 15:30:00,7150640863,4941437244,110,up,190.684,131.772,19.068,11.0685,0
2026-02-19 15:35:00,7653374600,4437027754,4,up,204.09,118.321,20.409,0.4158,0
2026-02-19 15:40:00,7644516582,5324088163,16,up,203.854,141.976,20.385,1.6159,0
2026-02-19 15:45:00,7502741418,5284987422,26,up,200.073,140.933,20.007,2.6037,0
2026-02-19 15:50:00,7893244352,5980007664,1,up,210.487,159.467,21.049,0.143,0
2026-02-19 15:55:00,8571581647,5789626385,31,up,228.576,154.39,22.858,3.1558,0
2026-02-19 16:00:00,8354598721,4819742974,2,up,222.789,128.526,22.279,0.263,0
2026-02-19 16:05:00,6163591828,5359909789,3,up,164.362,142.931,16.436,0.3779,0
2026-02-19 16:10:00,5201470978,5374263135,4,up,138.706,143.314,13.871,0.435,0
2026-02-19 16:15:00,8340887920,4426211983,66,up,222.424,118.032,22.242,6.6088,0
2026-02-19 16:20:00,6269809171,4962860959,28,up,167.195,132.343,16.719,2.874,0
2026-02-19 16:25:00,7297711138,5104700799,26,up,194.606,136.125,19.461,2.6636,0
2026-02-19 16:30:00,6446898276,6592696888,20,up,171.917,175.805,17.192,2.027,0
2026-02-19 16:35:00,5878217606,5754229233,8,up,156.752,153.446,15.675,0.8661,0
2026-02-19 16:40:00,7987316455,6071963908,24,up,212.995,161.919,21.3,2.4248,0
2026-02-19 16:45:00,8183239644,4613421039,13,up,218.22,123.025,21.822,1.3197,0
2026-02-19 16:50:00,6981140639,6431094776,3,up,186.164,171.496,18.616,0.3929,0
2026-02-19 16:55:00,5168061937,6503243892,29,up,137.815,173.42,13.781,2.9247,0
2026-02-19 17:00:00,7008379996,4276117147,3,up,186.89,114.03,18.689,0.347,0
2026-02-19 17:05:00,7852623604,5148911211,5,up,209.403,137.304,20.94,0.5289,0
2026-02-19 17:10:00,6168979588,5959641761,42,up,164.506,158.924,16.451,4.2552,0
2026-02-19 17:15:00,7665023927,6059962206,26,up,204.401,161.599,20.44,2.6979,0
2026-02-19 17:20:00,7486221135,5167016056,24,up,199.633,137.787,19.963,2.4923,0
2026-02-19 17:25:00,8021362349,5418787862,13,up,213.903,144.501,21.39,1.3541,0
2026-02-19 17:30:00,7607622331,5221767783,12,up,202.87,139.247,20.287,1.2616,0
2026-02-19 17:35:00,3974542771,5699532181,117,up,105.988,151.988,10.599,11.7203,1
2026-02-19 17:40:00,8576914351,6433095508,33,up,228.718,171.549,22.872,3.3677,0
2026-02-19 17:45:00,7357323384,5104546543,17,up,196.195,136.121,19.62,1.7845,0
2026-02-19 17:50:00,7475425914,6300553835,87,up,199.345,168.015,19.934,8.7062,0
2026-02-19 17:55:00,6660058836,5097371351,77,up,177.602,135.93,17.76,7.7919,0
2026-02-19 18:00:00,7101045973,5052851631,13,up,189.361,134.743,18.936,1.3294,0
2026-02-19 18:05:00,6703677557,6177551367,42,up,178.765,164.735,17.876,4.2957,0
2026-02-19 18:10:00,7344348546,6247307055,19,up,195.849,166.595,19.585,1.9591,0
2026-02-19 18:15:00,9040537632,6199701707,17,up,241.081,165.325,24.108,1.7923,0
2026-02-19 18:20:00,6265288971,4736836749,1,up,167.074,126.316,16.707,0.1413,0
2026-02-19 18:25:00,6047794741,5310483089,21,up,161.275,141.613,16.127,2.1331,0
2026-02-19 18:30:00,8824053294,6180517299,57,up,235.308,164.814,23.531,5.771,0
2026-02-19 18:35:00,7311608690,5653040742,37,up,194.976,150.748,19.498,3.7868,0
2026-02-19 18:40:00,6897834535,4900257328,38,up,183.942,130.674,18.394,3.8582,0
2026-02-19 18:45:00,8435914218,5934364608,4,up,224.958,158.25,22.496,0.4357,0
2026-02-19 18:50:00,4172967608,5142505100,44,up,111.279,137.133,11.128,4.4387,1
2026-02-19 18:55:00,9143408742,6836304272,6,up,243.824,182.301,24.382,0.6638,0
2026-02-19 19:00:00,8110133284,6667767987,9,up,216.27,177.807,21.627,0.9492,0
2026-02-19 19:05:00,7060879732,6032765762,21,up,188.29,160.874,18.829,2.166,0
2026-02-19 19:10:00,9441577391,6543679525,11,up,251.775,174.498,25.178,1.1345,0
2026-02-19 19:15:00,6954856569,5668734161,20,up,185.463,151.166,18.546,2.0564,0
2026-02-19 19:20:00,8167885834,6141670308,14,up,217.81,163.778,21.781,1.4429,0
2026-02-19 19:25:00,7769363322,6622461199,8,up,207.183,176.599,20.718,0.8443,0
2026-02-19 19:30:00,8671567160,5790711610,2,up,231.242,154.419,23.124,0.2507,0
2026-02-19 19:35:00,8905360077,5452748659,55,up,237.476,145.407,23.748,5.5603,0
2026-02-19 19:40:00,7528803734,4474380178,0,up,200.768,119.317,20.077,0.0286,0
2026-02-19 19:45:00,6821923916,5568884870,0,up,181.918,148.504,18.192,0.0041,0
2026-02-19 19:50:00,7913974928,6180810649,43,up,211.039,164.822,21.104,4.3832,0
2026-02-19 19:55:00,6890056167,6263302563,143,up,183.735,167.021,18.373,14.3701,0
2026-02-19 20:00:00,9312048522,5965446419,32,up,248.321,159.079,24.832,3.2467,0
2026-02-19 20:05:00,7622881797,5259623110,0,up,203.277,140.257,20.328,0.0385,0
2026-02-19 20:10:00,7171210603,4290645440,6,up,191.232,114.417,19.123,0.6427,0
2026-02-19 20:15:00,7666212275,5290729808,89,up,204.432,141.086,20.443,8.9231,0
2026-02-19 20:20:00,6287586339,5419567212,41,up,167.669,144.522,16.767,4.1335,0
2026-02-19 20:25:00,6625547365,5413772947,20,up,176.681,144.367,17.668,2.0914,0
2026-02-19 20:30:00,8580372517,6042525540,6,up,228.81,161.134,22.881,0.6758,0
2026-02-19 20:35:00,6908795148,6965331577,0,up,184.235,185.742,18.423,0.0362,0
2026-02-19 20:40:00,6557780115,5708382211,0,up,174.874,152.224,17.487,0.0527,0
2026-02-19 20:45:00,7982987477,5478706042,23,up,212.88,146.099,21.288,2.3668,0
2026-02-19 20:50:00,8567133739,5450025276,0,up,228.457,145.334,22.846,0.0552,0
2026-02-19 20:55:00,8147057979,5708959717,126,up,217.255,152.239,21.725,12.6404,0
2026-02-19 21:00:00,8396442917,5065901711,5,up,223.905,135.091,22.391,0.5065,0
2026-02-19 21:05:00,6818884420,5706134027,31,up,181.837,152.164,18.184,3.1008,0
2026-02-19 21:10:00,6220370399,5929298327,4,up,165.877,158.115,16.588,0.4212,0
2026-02-19 21:15:00,8851200286,5766538092,19,up,236.032,153.774,23.603,1.9418,0
2026-02-19 21:20:00,7209588145,5933840805,2,up,192.256,158.236,19.226,0.2101,0
2026-02-19 21:25:00,7274250285,5917779636,36,up,193.98,157.807,19.398,3.6394,0
2026-02-19 21:30:00,8695374727,4428969739,21,up,231.877,118.106,23.188,2.1982,0
2026-02-19 21:35:00,8000607008,6054887356,2,up,213.35,161.464,21.335,0.2253,0
2026-02-19 21:40:00,7910298994,5172064979,47,up,210.941,137.922,21.094,4.7193,0
2026-02-19 21:45:00,9448502110,4885308564,19,up,251.96,130.275,25.196,1.9798,0
2026-02-19 21:50:00,6920833592,4879495016,63,up,184.556,130.12,18.456,6.3646,0
2026-02-19 21:55:00,8335056115,5917640587,62,up,222.268,157.804,22.227,6.211,0
2026-02-19 22:00:00,7551311812,5474761924,63,up,201.368,145.994,20.137,6.3302,0
2026-02-19 22:05:00,7741733050,4489671070,2,up,206.446,119.725,20.645,0.2024,0
2026-02-19 22:10:00,8875621583,5947675525,3,up,236.683,158.605,23.668,0.3223,0
2026-02-19 22:15:00,7957052180,4653264511,109,up,212.188,124.087,21.219,10.9966,0
2026-02-19 22:20:00,7984466471,5719379416,16,up,212.919,152.517,21.292,1.6716,0
2026-02-19 22:25:00,8465256603,5785986774,6,up,225.74,154.293,22.574,0.6802,0
2026-02-19 22:30:00,7171542543,6222764530,36,up,191.241,165.94,19.124,3.6705,0
2026-02-19 22:35:00,6744711299,6827637230,7,up,179.859,182.07,17.986,0.7673,0
2026-02-19 22:40:00,6559671725,4703843480,32,up,174.925,125.436,17.492,3.2477,0
2026-02-19 22:45:00,5730279069,5589580147,45,up,152.807,149.055,15.281,4.5394,0
2026-02-19 22:50:00,9350586416,5438473675,38,up,249.349,145.026,24.935,3.8342,0
2026-02-19 22:55:00,6507112470,5917781038,8,up,173.523,157.807,17.352,0.8007,0
2026-02-19 23:00:00,7300871738,5770576420,12,up,194.69,153.882,19.469,1.2838,0
2026-02-19 23:05:00,7250868030,5387031286,13,up,193.356,143.654,19.336,1.3329,0
2026-02-19 23:10:00,7776666028,5327391022,16,up,207.378,142.064,20.738,1.6896,0
2026-02-19 23:15:00,8234163491,4871395672,4,up,219.578,129.904,21.958,0.4579,0
2026-02-19 23:20:00,8274426139,6291806568,15,up,220.651,167.782,22.065,1.5058,0
2026-02-19 23:25:00,6975230305,5934962822,17,up,186.006,158.266,18.601,1.7874,0
2026-02-19 23:30:00,7349590457,6244493533,18,up,195.989,166.52,19.599,1.8967,0
2026-02-19 23:35:00,7754321955,5415482607,42,up,206.782,144.413,20.678,4.2856,0
2026-02-19 23:40:00,7276177986,5181636058,18,up,194.031,138.177,19.403,1.8211,0
2026-02-19 23:45:00,8946611018,4897137330,6,up,238.576,130.59,23.858,0.656,0
2026-02-19 23:50:00,7941877456,5867269369,27,up,211.783,156.461,21.178,2.7201,0
2026-02-19 23:55:00,8161390007,4923139573,39,up,217.637,131.284,21.764,3.9902,0
2026-02-20 00:00:00,8096593141,6872847571,9,up,215.909,183.276,21.591,0.9618,0
2026-02-20 00:05:00,8556126471,4742341257,25,up,228.163,126.462,22.816,2.5912,0
2026-02-20 00:10:00,7662919402,5809720580,3,up,204.345,154.926,20.434,0.3973,0
2026-02-20 00:15:00,6332851246,6682626927,10,up,168.876,178.203,16.888,1.0461,0
2026-02-20 00:20:00,7859719156,6029385587,59,up,209.593,160.784,20.959,5.9984,0
2026-02-20 00:25:00,6913778795,5743579755,60,up,184.367,153.162,18.437,6.0565,0
2026-02-20 00:30:00,7024244986,4971273538,21,up,187.313,132.567,18.731,2.1411,0
2026-02-20 00:35:00,4816636570,4692305797,121,up,128.444,125.128,12.844,12.1184,1
2026-02-20 00:40:00,8614454764,6144783823,48,up,229.719,163.861,22.972,4.8106,0
2026-02-20 00:45:00,7519144419,6641649387,79,up,200.511,177.111,20.051,7.9584,0
2026-02-20 00:50:00,7777949711,5328776256,16,up,207.412,142.101,20.741,1.6828,0
2026-02-20 00:55:00,9031993450,4856133482,20,up,240.853,129.497,24.085,2.0614,0
2026-02-20 01:00:00,7716677861,3965735634,13,up,205.778,105.753,20.578,1.3431,0
2026-02-20 01:05:00,9841514802,4962983730,1,up,262.44,132.346,26.244,0.1868,0
2026-02-20 01:10:00,8008958681,5548281631,13,up,213.572,147.954,21.357,1.3739,0
2026-02-20 01:15:00,5915313516,6704408187,39,up,157.742,178.784,15.774,3.9091,0
2026-02-20 01:20:00,8178007458,6079365242,40,up,218.08,162.116,21.808,4.0854,0
2026-02-20 01:25:00,7843042546,5830932648,55,up,209.148,155.492,20.915,5.5728,0
2026-02-20 01:30:00,8660777478,5354919228,1,up,230.954,142.798,23.095,0.1321,0
2026-02-20 01:35:00,8105863216,5231363140,18,up,216.156,139.503,21.616,1.8725,0
2026-02-20 01:40:00,7375389614,6573812128,2,up,196.677,175.302,19.668,0.2841,0
2026-02-20 01:45:00,6398131587,5760498515,5,up,170.617,153.613,17.062,0.5602,0
2026-02-20 01:50:00,7311879068,4205744532,57,up,194.983,112.153,19.498,5.7619,0
2026-02-20 01:55:00,6734531591,5170360737,17,up,179.588,137.876,17.959,1.7169,0
2026-02-20 02:00:00,6977528895,5045704178,35,up,186.067,134.552,18.607,3.5527,0
2026-02-20 02:05:00,8029720563,5256271793,1,up,214.126,140.167,21.413,0.1664,0
2026-02-20 02:10:00,9002914053,6004964695,13,up,240.078,160.132,24.008,1.3482,0
2026-02-20 02:15:00,7855204376,5552474704,28,up,209.472,148.066,20.947,2.804,0
2026-02-20 02:20:00,6423705244,5573115850,3,up,171.299,148.616,17.13,0.358,0
2026-02-20 02:25:00,7900142401,6511594383,9,up,210.67,173.643,21.067,0.9856,0
2026-02-20 02:30:00,8576968337,5154888764,1,up,228.719,137.464,22.872,0.1668,0
2026-02-20 02:35:00,6951195386,6883334679,26,up,185.365,183.556,18.537,2.6341,0
2026-02-20 02:40:00,7379384549,5171867375,88,up,196.784,137.916,19.678,8.8418,0
2026-02-20 02:45:00,4507931625,5685208782,175,up,120.212,151.606,12.021,17.5473,1
2026-02-20 02:50:00,6793591518,5435187573,91,up,181.162,144.938,18.116,9.1848,0
2026-02-20 02:55:00,8083452390,5708307915,46,up,215.559,152.222,21.556,4.6706,0
2026-02-20 03:00:00,4434687999,5925099596,193,up,118.258,158.003,11.826,19.3237,1
2026-02-20 03:05:00,7877579199,5917838787,21,up,210.069,157.809,21.007,2.152,0
2026-02-20 03:10:00,6701257039,5116645801,18,up,178.7,136.444,17.87,1.8258,0
2026-02-20 03:15:00,7106287529,4867032592,13,up,189.501,129.788,18.95,1.3033,0
2026-02-20 03:20:00,8150143222,7314640958,42,up,217.337,195.057,21.734,4.2607,0
2026-02-20 03:25:00,7164450163,5298310570,5,up,191.052,141.288,19.105,0.5024,0
2026-02-20 03:30:00,9054267466,6096968396,1,up,241.447,162.586,24.145,0.1447,0
2026-02-20 03:35:00,7140327432,4539842115,73,up,190.409,121.062,19.041,7.3862,0
2026-02-20 03:40:00,7702216253,5436261414,0,up,205.392,144.967,20.539,0.0095,0
2026-02-20 03:45:00,5003599049,5539140415,376,up,133.429,147.71,13.343,37.6487,1
2026-02-20 03:50:00,6223470840,5944150172,32,up,165.959,158.511,16.596,3.2627,0
2026-02-20 03:55:00,5915272069,3787343454,9,up,157.741,100.996,15.774,0.9956,0
2026-02-20 04:00:00,6126909316,5737144913,29,up,163.384,152.991,16.338,2.9918,0
2026-02-20 04:05:00,8636325693,4848924517,42,up,230.302,129.305,23.03,4.2577,0
2026-02-20 04:10:00,7003327668,5843933355,7,up,186.755,155.838,18.676,0.7038,0
2026-02-20 04:15:00,9802379357,4925477792,36,up,261.397,131.346,26.14,3.6839,0
2026-02-20 04:20:00,6992177161,5047549180,40,up,186.458,134.601,18.646,4.0788,0
2026-02-20 04:25:00,7666096172,5440301362,7,up,204.429,145.075,20.443,0.7171,0
2026-02-20 04:30:00,8887898957,4914677608,1,up,237.011,131.058,23.701,0.1071,0
2026-02-20 04:35:00,9305483599,5304014248,5,up,248.146,141.44,24.815,0.5708,0
2026-02-20 04:40:00,9355353218,4819471356,5,up,249.476,128.519,24.948,0.5599,0
2026-02-20 04:45:00,8587529607,4387609945,1,up,229.001,117.003,22.9,0.1687,0
2026-02-20 04:50:00,8421656273,6312121010,32,up,224.578,168.323,22.458,3.2366,0
2026-02-20 04:55:00,8033274254,4750167132,11,up,214.221,126.671,21.422,1.195,0
2026-02-20 05:00:00,8200524968,5504390400,53,up,218.681,146.784,21.868,5.3937,0
2026-02-20 05:05:00,7003932855,6133201480,7,up,186.772,163.552,18.677,0.7265,0
2026-02-20 05:10:00,6763621004,5209912730,15,up,180.363,138.931,18.036,1.5093,0
2026-02-20 05:15:00,7496962988,5068013017,25,up,199.919,135.147,19.992,2.5473,0
2026-02-20 05:20:00,7346833839,5777710709,52,up,195.916,154.072,19.592,5.2484,0
2026-02-20 05:25:00,7092094755,6379605330,18,up,189.123,170.123,18.912,1.8591,0
2026-02-20 05:30:00,8126748702,4835712196,11,up,216.713,128.952,21.671,1.1691,0
2026-02-20 05:35:00,8359774687,5523650213,50,up,222.927,147.297,22.293,5.0438,0
2026-02-20 05:40:00,7579566197,4455566148,9,up,202.122,118.815,20.212,0.9286,0
2026-02-20 05:45:00,8829777072,5359589322,2,up,235.461,142.922,23.546,0.2069,0
2026-02-20 05:50:00,6472479797,5648088162,14,up,172.599,150.616,17.26,1.4722,0
2026-02-20 05:55:00,7325706486,5048128366,38,up,195.352,134.617,19.535,3.8439,0
2026-02-20 06:00:00,6854859911,5316530512,0,up,182.796,141.774,18.28,0.0782,0
2026-02-20 06:05:00,5820117044,4674446931,22,up,155.203,124.652,15.52,2.204,0
2026-02-20 06:10:00,4455352429,5677028062,90,up,118.809,151.387,11.881,9.0255,1
2026-02-20 06:15:00,7390427242,6337593617,65,up,197.078,169.002,19.708,6.5966,0
2026-02-20 06:20:00,8862104768,4884427887,8,up,236.323,130.251,23.632,0.8438,0
2026-02-20 06:25:00,8067730516,5204696557,8,up,215.139,138.792,21.514,0.8172,0
2026-02-20 06:30:00,6578231858,5964218716,14,up,175.42,159.046,17.542,1.4517,0
2026-02-20 06:35:00,9168683309,6443161235,11,up,244.498,171.818,24.45,1.1037,0
2026-02-20 06:40:00,8598930325,4617096876,33,up,229.305,123.123,22.93,3.3328,0
2026-02-20 06:45:00,8023887933,5511070302,25,up,213.97,146.962,21.397,2.5663,0
2026-02-20 06:50:00,7296164311,5816113305,35,up,194.564,155.096,19.456,3.5566,0
2026-02-20 06:55:00,6636504686,5556111936,42,up,176.973,148.163,17.697,4.2876,0
2026-02-20 07:00:00,7165013901,3953165354,64,up,191.067,105.418,19.107,6.4093,0
2026-02-20 07:05:00,8479873757,5963235756,14,up,226.13,159.02,22.613,1.4094,0
2026-02-20 07:10:00,9196127675,6650552036,104,up,245.23,177.348,24.523,10.4493,0
2026-02-20 07:15:00,8888919175,5703746682,6,up,237.038,152.1,23.704,0.6073,0
2026-02-20 07:20:00,4236021312,4929003414,125,up,112.961,131.44,11.296,12.5304,1
2026-02-20 07:25:00,6492344310,5278639108,19,up,173.129,140.764,17.313,1.909,0
2026-02-20 07:30:00,4576078573,6819691320,169,up,122.029,181.858,12.203,16.9773,1
2026-02-20 07:35:00,5908404570,6239224715,16,up,157.557,166.379,15.756,1.6193,0
2026-02-20 07:40:00,7790850942,6057017967,38,up,207.756,161.52,20.776,3.8305,0
2026-02-20 07:45:00,7367157672,5865578493,66,up,196.458,156.415,19.646,6.6542,0
2026-02-20 07:50:00,7080567148,5178732449,32,up,188.815,138.1,18.882,3.2947,0
2026-02-20 07:55:00,6064767239,5489614453,37,up,161.727,146.39,16.173,3.7413,0
2026-02-20 08:00:00,7962240095,5572402153,1,up,212.326,148.597,21.233,0.1738,0
2026-02-20 08:05:00,7020569244,5995962663,5,up,187.215,159.892,18.722,0.5734,0
2026-02-20 08:10:00,6447074847,6643520253,91,up,171.922,177.161,17.192,9.1535,0
2026-02-20 08:15:00,4914964008,6379878242,29,up,131.066,170.13,13.107,2.9538,0
2026-02-20 08:20:00,7475236585,4666915559,20,up,199.34,124.451,19.934,2.0607,0
2026-02-20 08:25:00,9095026437,5776196604,11,up,242.534,154.032,24.253,1.1431,0
2026-02-20 08:30:00,8995133293,6122315257,1,up,239.87,163.262,23.987,0.1135,0
2026-02-20 08:35:00,7088613369,6042730722,11,up,189.03,161.139,18.903,1.1517,0
2026-02-20 08:40:00,6958009145,5200267209,17,up,185.547,138.674,18.555,1.7274,0
2026-02-20 08:45:00,7921896830,7592023720,5,up,211.251,202.454,21.125,0.5939,0
2026-02-20 08:50:00,6601453104,4762967920,4,up,176.039,127.012,17.604,0.4753,0
2026-02-20 08:55:00,7771612709,4893847798,17,up,207.243,130.503,20.724,1.7753,0
2026-02-20 09:00:00,8189472250,5782676679,22,up,218.386,154.205,21.839,2.2041,0
2026-02-20 09:05:00,8604239901,7053842062,6,up,229.446,188.102,22.945,0.6858,0
2026-02-20 09:10:00,7409861331,5060568475,22,up,197.596,134.948,19.76,2.2131,0
2026-02-20 09:15:00,7316693624,5445565853,57,up,195.112,145.215,19.511,5.765,0
2026-02-20 09:20:00,6709815671,6352173229,16,up,178.928,169.391,17.893,1.6022,0
2026-02-20 09:25:00,6755807681,5612943045,48,up,180.155,149.678,18.015,4.8691,0
2026-02-20 09:30:00,7296168997,5399142398,65,up,194.565,143.977,19.456,6.5526,0
2026-02-20 09:35:00,7830628956,6006802208,2,up,208.817,160.181,20.882,0.2424,0
2026-02-20 09:40:00,8322226163,5808949643,2,up,221.926,154.905,22.193,0.2518,0
2026-02-20 09:45:00,6777138944,6320546180,16,up,180.724,168.548,18.072,1.6159,0
2026-02-20 09:50:00,8843419712,6496741500,22,up,235.825,173.246,23.582,2.2175,0
2026-02-20 09:55:00,7255988759,5832227065,13,up,193.493,155.526,19.349,1.3873,0
2026-02-20 10:00:00,7480769435,5821919589,9,up,199.487,155.251,19.949,0.988,0
2026-02-20 10:05:00,6827509488,5769524913,25,up,182.067,153.854,18.207,2.561,0
2026-02-20 10:10:00,5318183765,5955163125,0,up,141.818,158.804,14.182,0.0052,0
2026-02-20 10:15:00,8295640856,5662240180,86,up,221.217,150.993,22.122,8.6108,0
2026-02-20 10:20:00,8163159507,5624589274,6,up,217.684,149.989,21.768,0.6602,0
2026-02-20 10:25:00,7246805198,6432723306,62,up,193.248,171.539,19.325,6.2253,0
2026-02-20 10:30:00,7560291645,6648378421,2,up,201.608,177.29,20.161,0.2886,0
2026-02-20 10:35:00,7964345295,4607401762,6,up,212.383,122.864,21.238,0.6798,0
2026-02-20 10:40:00,6093708728,5631764277,6,up,162.499,150.18,16.25,0.6693,0
2026-02-20 10:45:00,7023852590,5160131257,139,up,187.303,137.604,18.73,13.9011,0
2026-02-20 10:50:00,8214838211,5415094260,0,up,219.062,144.403,21.906,0.0115,0
2026-02-20 10:55:00,6371139519,5896698441,25,up,169.897,157.245,16.99,2.5516,0
2026-02-20 11:00:00,7764202138,6076870900,50,up,207.045,162.05,20.705,5.0945,0
2026-02-20 11:05:00,6279076375,5549314650,27,up,167.442,147.982,16.744,2.7889,0
2026-02-20 11:10:00,7919786984,4333495274,11,up,211.194,115.56,21.119,1.1264,0
2026-02-20 11:15:00,7467922665,4973594233,79,up,199.145,132.629,19.914,7.9437,0
2026-02-20 11:20:00,6046381365,6230137277,55,up,161.237,166.137,16.124,5.5995,0
2026-02-20 11:25:00,8548265419,3775212165,14,up,227.954,100.672,22.795,1.4227,0
2026-02-20 11:30:00,6838867580,6426513327,21,up,182.37,171.374,18.237,2.1294,0
2026-02-20 11:35:00,6770772806,5976830243,85,up,180.554,159.382,18.055,8.5678,0
2026-02-20 11:40:00,7680512277,6513418855,101,up,204.814,173.691,20.481,10.1225,0
2026-02-20 11:45:00,8533773614,5490965798,14,up,227.567,146.426,22.757,1.4938,0
2026-02-20 11:50:00,6585760362,4233551338,46,up,175.62,112.895,17.562,4.699,0
2026-02-20 11:55:00,7555511864,5915494783,8,up,201.48,157.747,20.148,0.8988,0
2026-02-20 12:00:00,7885934850,6485390858,11,up,210.292,172.944,21.029,1.1623,0
2026-02-20 12:05:00,8123795046,6249187218,4,up,216.635,166.645,21.663,0.4503,0
2026-02-20 12:10:00,7658797399,5177683248,5,up,204.235,138.072,20.423,0.5867,0
2026-02-20 12:15:00,7169674944,5683563725,26,up,191.191,151.562,19.119,2.6741,0
2026-02-20 12:20:00,6755168801,5265335518,17,up,180.138,140.409,18.014,1.7874,0
2026-02-20 12:25:00,7577529494,5071995136,6,up,202.067,135.253,20.207,0.6571,0
2026-02-20 12:30:00,6535074889,6269887285,12,up,174.269,167.197,17.427,1.2892,0
2026-02-20 12:35:00,4870784564,4816665689,11,up,129.888,128.444,12.989,1.1678,0
2026-02-20 12:40:00,4735742294,5021673909,437,up,126.286,133.911,12.629,43.7091,1
2026-02-20 12:45:00,8313541356,4879782697,48,up,221.694,130.128,22.169,4.8029,0
2026-02-20 12:50:00,5373360808,4619082921,12,up,143.29,123.176,14.329,1.2274,0
2026-02-20 12:55:00,6591242365,5723829646,61,up,175.766,152.635,17.577,6.1311,0
2026-02-20 13:00:00,8057238834,6409014557,10,up,214.86,170.907,21.486,1.0488,0
2026-02-20 13:05:00,9351745922,5500208189,27,up,249.38,146.672,24.938,2.7558,0
2026-02-20 13:10:00,7518714336,4608620234,85,up,200.499,122.897,20.05,8.5017,0
2026-02-20 13:15:00,6844797352,6191962564,12,up,182.528,165.119,18.253,1.2369,0
2026-02-20 13:20:00,7335393203,6762848683,28,up,195.61,180.343,19.561,2.8477,0
2026-02-20 13:25:00,8737388777,5188786431,8,up,232.997,138.368,23.3,0.8772,0
2026-02-20 13:30:00,6918632238,5301975869,7,up,184.497,141.386,18.45,0.7742,0
2026-02-20 13:35:00,6780727194,5973070925,21,up,180.819,159.282,18.082,2.1342,0
2026-02-20 13:40:00,7065530830,6719764779,96,up,188.414,179.194,18.841,9.6898,0
2026-02-20 13:45:00,6642004252,5274111951,15,up,177.12,140.643,17.712,1.5089,0
2026-02-20 13:50:00,7610403284,4725596397,69,up,202.944,126.016,20.294,6.937,0
2026-02-20 13:55:00,8962210612,6051207559,61,up,238.992,161.366,23.899,6.1441,0
2026-02-20 14:00:00,7790771345,6164370949,7,up,207.754,164.383,20.775,0.7318,0
2026-02-20 14:05:00,7272881848,5629138729,12,up,193.944,150.11,19.394,1.2847,0
2026-02-20 14:10:00,7237369857,5248260049,25,up,192.997,139.954,19.3,2.5772,0
2026-02-20 14:15:00,6093128272,6296205643,18,up,162.483,167.899,16.248,1.8248,0
2026-02-20 14:20:00,8294798799,5981424303,2,up,221.195,159.505,22.119,0.2522,0
2026-02-20 14:25:00,7429946522,5106306026,126,up,198.132,136.168,19.813,12.6672,0
2026-02-20 14:30:00,7337568077,5658138943,34,up,195.668,150.884,19.567,3.4924,0
2026-02-20 14:35:00,10373796811,4712597415,14,up,276.635,125.669,27.663,1.4393,0
2026-02-20 14:40:00,7768877617,6087976058,24,up,207.17,162.346,20.717,2.4069,0
2026-02-20 14:45:00,6823388054,5447992340,2,up,181.957,145.28,18.196,0.2291,0
2026-02-20 14:50:00,7116278163,5330895188,17,up,189.767,142.157,18.977,1.7095,0
2026-02-20 14:55:00,8533601138,5602809722,66,up,227.563,149.408,22.756,6.6781,0
2026-02-20 15:00:00,7601943369,5652207697,56,up,202.718,150.726,20.272,5.6729,0
2026-02-20 15:05:00,6205549819,6229077791,10,up,165.481,166.109,16.548,1.0289,0
2026-02-20 15:10:00,8327306041,6023986108,18,up,222.061,160.64,22.206,1.8948,0
2026-02-20 15:15:00,6898670323,5519423736,29,up,183.965,147.185,18.396,2.9882,0
2026-02-20 15:20:00,9185967998,6140476001,10,up,244.959,163.746,24.496,1.0388,0
2026-02-20 15:25:00,8472043259,5895497646,1,up,225.921,157.213,22.592,0.1677,0
2026-02-20 15:30:00,7097410293,5337045245,17,up,189.264,142.321,18.926,1.7602,0
2026-02-20 15:35:00,8652914725,5540815243,23,up,230.744,147.755,23.074,2.301,0
2026-02-20 15:40:00,7561069959,5524949550,0,up,201.629,147.332,20.163,0.0146,0
2026-02-20 15:45:00,8267496307,5966051406,2,up,220.467,159.095,22.047,0.2511,0
2026-02-20 15:50:00,7936259535,5377259735,5,up,211.634,143.394,21.163,0.5807,0
2026-02-20 15:55:00,6738279010,5361473799,10,up,179.687,142.973,17.969,1.0695,0
2026-02-20 16:00:00,6920805150,6953911183,19,up,184.555,185.438,18.455,1.947,0
2026-02-20 16:05:00,8426964735,6259321450,8,up,224.719,166.915,22.472,0.8698,0
2026-02-20 16:10:00,7198702201,5111594551,8,up,191.965,136.309,19.197,0.808,0
2026-02-20 16:15:00,7136716383,6010385170,50,up,190.312,160.277,19.031,5.0881,0
2026-02-20 16:20:00,3984233807,5704886294,15,up,106.246,152.13,10.625,1.5671,1
2026-02-20 16:25:00,7881239159,5889297043,17,up,210.166,157.048,21.017,1.7103,0
2026-02-20 16:30:00,9356272427,5717705394,76,up,249.501,152.472,24.95,7.6347,0
2026-02-20 16:35:00,6539220377,6428008785,24,up,174.379,171.414,17.438,2.4522,0
2026-02-20 16:40:00,7521797511,5858293732,31,up,200.581,156.221,20.058,3.1576,0
2026-02-20 16:45:00,5262599099,5583090128,56,up,140.336,148.882,14.034,5.6429,1
2026-02-20 16:50:00,7428322747,6328478639,0,up,198.089,168.759,19.809,0.0503,0
2026-02-20 16:55:00,7907134616,5782467402,25,up,210.857,154.199,21.086,2.5971,0
2026-02-20 17:00:00,3926307494,5706998041,99,up,104.702,152.187,10.47,9.9947,1
2026-02-20 17:05:00,7885476387,5836965256,2,up,210.279,155.652,21.028,0.2925,0
2026-02-20 17:10:00,7331570161,5561813909,15,up,195.509,148.315,19.551,1.5505,0
2026-02-20 17:15:00,8387156996,5631228220,61,up,223.658,150.166,22.366,6.1725,0
2026-02-20 17:20:00,8568647446,5228981152,5,up,228.497,139.439,22.85,0.5738,0
2026-02-20 17:25:00,9830607277,5117962126,15,up,262.15,136.479,26.215,1.5456,0
2026-02-20 17:30:00,8021669855,4950964989,15,up,213.911,132.026,21.391,1.5456,0
2026-02-20 17:35:00,4675930010,4685411281,166,up,124.691,124.944,12.469,16.6475,1
2026-02-20 17:40:00,7674945871,5031190781,43,up,204.665,134.165,20.467,4.3514,0
2026-02-20 17:45:00,7182150336,5507369751,35,up,191.524,146.863,19.152,3.5602,0
2026-02-20 17:50:00,7804635459,5694604368,11,up,208.124,151.856,20.812,1.1371,0
2026-02-20 17:55:00,7234138730,5441874819,1,up,192.91,145.117,19.291,0.1869,0
2026-02-20 18:00:00,7651614878,4034900144,10,up,204.043,107.597,20.404,1.075,0
2026-02-20 18:05:00,8685837782,6687845791,28,up,231.622,178.343,23.162,2.847,0
2026-02-20 18:10:00,6594111691,6358374082,30,up,175.843,169.557,17.584,3.0329,0
2026-02-20 18:15:00,8525890705,5925887899,83,up,227.357,158.024,22.736,8.381,0
2026-02-20 18:20:00,8685403560,6912556203,15,up,231.611,184.335,23.161,1.5112,0
2026-02-20 18:25:00,7393738325,4965279220,25,up,197.166,132.407,19.717,2.5021,0
2026-02-20 18:30:00,5590330590,6899146956,19,up,149.075,183.977,14.908,1.9369,0
2026-02-20 18:35:00,6952960211,4973480498,4,up,185.412,132.626,18.541,0.4081,0
2026-02-20 18:40:00,5200377055,5786148099,61,up,138.677,154.297,13.868,6.1842,1
2026-02-20 18:45:00,7479418743,4765159805,19,up,199.451,127.071,19.945,1.9677,0
2026-02-20 18:50:00,6600627990,5634918514,75,up,176.017,150.264,17.602,7.5271,0
2026-02-20 18:55:00,7045702570,5885662386,11,up,187.885,156.951,18.789,1.1414,0
2026-02-20 19:00:00,8256558023,5520584026,97,up,220.175,147.216,22.017,9.7925,0
2026-02-20 19:05:00,7992060211,6106867274,19,up,213.122,162.85,21.312,1.9539,0
2026-02-20 19:10:00,7284961110,5691834753,6,up,194.266,151.782,19.427,0.6942,0
2026-02-20 19:15:00,7169858029,5272370058,5,up,191.196,140.597,19.12,0.5319,0
2026-02-20 19:20:00,7147417665,5242401010,3,up,190.598,139.797,19.06,0.382,0
2026-02-20 19:25:00,6669830833,6172366796,15,up,177.862,164.596,17.786,1.508,0
2026-02-20 19:30:00,8953838120,5183724129,0,up,238.769,138.233,23.877,0.0554,0
2026-02-20 19:35:00,7209911577,6242897005,14,up,192.264,166.477,19.226,1.4722,0
2026-02-20 19:40:00,8595442668,6450330460,111,up,229.212,172.009,22.921,11.1429,0
2026-02-20 19:45:00,8869184446,4498618142,27,up,236.512,119.963,23.651,2.7725,0
2026-02-20 19:50:00,8398479808,6389725311,35,up,223.959,170.393,22.396,3.5656,0
2026-02-20 19:55:00,4266925031,7015785321,12,up,113.785,187.088,11.378,1.267,1
2026-02-20 20:00:00,7863357081,5795102538,16,up,209.69,154.536,20.969,1.6019,0
2026-02-20 20:05:00,7478223954,6029381825,8,up,199.419,160.784,19.942,0.843,0
2026-02-20 20:10:00,6686668325,6324978593,56,up,178.311,168.666,17.831,5.6131,0
2026-02-20 20:15:00,7791923353,5439049437,5,up,207.785,145.041,20.778,0.5001,0
2026-02-20 20:20:00,6438864187,5748039150,15,up,171.703,153.281,17.17,1.5346,0
2026-02-20 20:25:00,8568911449,4737915317,22,up,228.504,126.344,22.85,2.2171,0
2026-02-20 20:30:00,7081844432,5718578644,18,up,188.849,152.495,18.885,1.8041,0
2026-02-20 20:35:00,7681043690,5961225597,44,up,204.828,158.966,20.483,4.4335,0
2026-02-20 20:40:00,7754959084,5973410040,6,up,206.799,159.291,20.68,0.6581,0
2026-02-20 20:45:00,7266985523,6344161688,11,up,193.786,169.178,19.379,1.1846,0
2026-02-20 20:50:00,8028024421,5102008529,39,up,214.081,136.054,21.408,3.9266,0
2026-02-20 20:55:00,7072586709,5265490439,18,up,188.602,140.413,18.86,1.8773,0
2026-02-20 21:00:00,8284167567,6904467458,12,up,220.911,184.119,22.091,1.2859,0
2026-02-20 21:05:00,6288618287,5523528347,0,up,167.696,147.294,16.77,0.0747,0
2026-02-20 21:10:00,7613741621,5760022806,34,up,203.033,153.601,20.303,3.4998,0
2026-02-20 21:15:00,9245036099,5579768221,89,up,246.534,148.794,24.653,8.9552,0
2026-02-20 21:20:00,6599701807,5070365442,24,up,175.992,135.21,17.599,2.4208,0
2026-02-20 21:25:00,6890029526,6720882217,48,up,183.734,179.224,18.373,4.8543,0
2026-02-20 21:30:00,7962517064,5268801546,18,up,212.334,140.501,21.233,1.8187,0
2026-02-20 21:35:00,7661623603,4864082271,6,up,204.31,129.709,20.431,0.6589,0
2026-02-20 21:40:00,7815567089,5320750312,0,up,208.415,141.887,20.842,0.0364,0
2026-02-20 21:45:00,4764161050,4273848448,105,up,127.044,113.969,12.704,10.5958,1
2026-02-20 21:50:00,8071249321,5185380961,16,up,215.233,138.277,21.523,1.6986,0
2026-02-20 21:55:00,8498729857,4971513196,38,up,226.633,132.574,22.663,3.8093,0
2026-02-20 22:00:00,7868836791,6041764325,29,up,209.836,161.114,20.984,2.966,0
2026-02-20 22:05:00,7282868110,5170445388,110,up,194.21,137.879,19.421,11.0472,0
2026-02-20 22:10:00,8105316331,6224267656,17,up,216.142,165.98,21.614,1.785,0
2026-02-20 22:15:00,9209893741,6568976695,13,up,245.597,175.173,24.56,1.3929,0
2026-02-20 22:20:00,7380629628,6152293351,8,up,196.817,164.061,19.682,0.8448,0
2026-02-20 22:25:00,6622923625,5479612905,16,up,176.611,146.123,17.661,1.6198,0
2026-02-20 22:30:00,8496372602,5720252285,51,up,226.57,152.54,22.657,5.1564,0
2026-02-20 22:35:00,7391656952,4595635165,1,up,197.111,122.55,19.711,0.1084,0
2026-02-20 22:40:00,5544597408,5534698923,95,up,147.856,147.592,14.786,9.5304,0
2026-02-20 22:45:00,8262679509,5044204034,125,up,220.338,134.512,22.034,12.5168,0
2026-02-20 22:50:00,7018204632,6093670307,22,up,187.152,162.498,18.715,2.2771,0
2026-02-20 22:55:00,7418520045,7361607862,10,up,197.827,196.31,19.783,1.007,0
2026-02-20 23:00:00,7798782297,5962379604,6,up,207.968,158.997,20.797,0.6309,0
2026-02-20 23:05:00,7671449711,4280980399,8,up,204.572,114.159,20.457,0.8091,0
2026-02-20 23:10:00,8138506635,5381169619,1,up,217.027,143.498,21.703,0.1285,0
2026-02-20 23:15:00,7108062266,5707681374,16,up,189.548,152.205,18.955,1.6114,0
2026-02-20 23:20:00,7961795218,5683966262,1,up,212.315,151.572,21.231,0.1476,0
2026-02-20 23:25:00,7266407990,5131701140,31,up,193.771,136.845,19.377,3.1688,0
2026-02-20 23:30:00,8164929432,5790571926,11,up,217.731,154.415,21.773,1.1628,0
2026-02-20 23:35:00,8053830735,4786311935,5,up,214.769,127.635,21.477,0.5559,0
2026-02-20 23:40:00,6658105168,4987186612,19,up,177.549,132.992,17.755,1.9678,0
2026-02-20 23:45:00,8477383904,6060913408,91,up,226.064,161.624,22.606,9.1011,0
2026-02-20 23:50:00,7017632899,4939427319,29,up,187.137,131.718,18.714,2.9697,0
2026-02-20 23:55:00,8227252018,5988292833,16,up,219.393,159.688,21.939,1.6919,0
2026-02-21 00:00:00,7830558582,4700611952,37,up,208.815,125.35,20.881,3.7505,0
2026-02-21 00:05:00,9154365309,6816257471,33,up,244.116,181.767,24.412,3.3435,0
2026-02-21 00:10:00,7298880615,5102367802,55,up,194.637,136.063,19.464,5.5579,0
2026-02-21 00:15:00,7185614883,5474025064,5,up,191.616,145.974,19.162,0.5725,0
2026-02-21 00:20:00,7482522354,5848163951,48,up,199.534,155.951,19.953,4.8953,0
2026-02-21 00:25:00,7227138195,5243388782,8,up,192.724,139.824,19.272,0.8954,0
2026-02-21 00:30:00,8219947711,5721799023,70,up,219.199,152.581,21.92,7.0755,0
2026-02-21 00:35:00,6045320452,6013365789,8,up,161.209,160.356,16.121,0.825,0
2026-02-21 00:40:00,6551685822,6273413931,65,up,174.712,167.291,17.471,6.5381,0
2026-02-21 00:45:00,6538977370,6159260769,82,up,174.373,164.247,17.437,8.2961,0
2026-02-21 00:50:00,8355276832,5509027936,3,up,222.807,146.907,22.281,0.3931,0
2026-02-21 00:55:00,5423731221,5526023552,366,up,144.633,147.361,14.463,36.6907,1
2026-02-21 01:00:00,7405995703,7210648276,2,up,197.493,192.284,19.749,0.2241,0
2026-02-21 01:05:00,7348060449,6266175121,6,up,195.948,167.098,19.595,0.6166,0
2026-02-21 01:10:00,7563046946,5002769031,14,up,201.681,133.407,20.168,1.4682,0
2026-02-21 01:15:00,8545690472,5692492010,126,up,227.885,151.8,22.789,12.6276,0
2026-02-21 01:20:00,6665382179,5398778381,16,up,177.744,143.967,17.774,1.6763,0
2026-02-21 01:25:00,7714532084,5533649392,19,up,205.721,147.564,20.572,1.9985,0
2026-02-21 01:30:00,8377677866,4795090768,29,up,223.405,127.869,22.34,2.9639,0
2026-02-21 01:35:00,7950984752,5346951816,86,up,212.026,142.585,21.203,8.6281,0
2026-02-21 01:40:00,7670623454,6847800146,38,up,204.55,182.608,20.455,3.8237,0
2026-02-21 01:45:00,8400941483,6015876503,6,up,224.025,160.423,22.403,0.6345,0
2026-02-21 01:50:00,5067090936,3943466049,9,up,135.122,105.159,13.512,0.9024,0
2026-02-21 01:55:00,8110087787,6446288357,2,up,216.269,171.901,21.627,0.2568,0
2026-02-21 02:00:00,6911331885,6360499927,25,up,184.302,169.613,18.43,2.5852,0
2026-02-21 02:05:00,5852430392,5382482419,4,up,156.065,143.533,15.606,0.4984,0
2026-02-21 02:10:00,7960082339,6109152892,7,up,212.269,162.911,21.227,0.744,0
2026-02-21 02:15:00,8736292690,5044905532,54,up,232.968,134.531,23.297,5.4757,0
2026-02-21 02:20:00,7376296336,5307577391,9,up,196.701,141.535,19.67,0.9891,0
2026-02-21 02:25:00,8357587092,6636518793,20,up,222.869,176.974,22.287,2.0905,0
2026-02-21 02:30:00,5370630259,5441582223,50,up,143.217,145.109,14.322,5.0678,1
2026-02-21 02:35:00,8683423008,4362931128,1,up,231.558,116.345,23.156,0.1923,0
2026-02-21 02:40:00,5385580845,5582270324,45,up,143.615,148.861,14.362,4.5077,1
2026-02-21 02:45:00,8167914741,5571952834,13,up,217.811,148.585,21.781,1.3109,0
2026-02-21 02:50:00,7567890275,6433898784,56,up,201.81,171.571,20.181,5.6512,0
2026-02-21 02:55:00,6058230769,5634677084,9,up,161.553,150.258,16.155,0.9806,0
2026-02-21 03:00:00,7278543760,5340431939,11,up,194.095,142.412,19.409,1.192,0
2026-02-21 03:05:00,6741078064,6330412898,38,up,179.762,168.811,17.976,3.8185,0
2026-02-21 03:10:00,9453848445,5706533406,35,up,252.103,152.174,25.21,3.5569,0
2026-02-21 03:15:00,7341702768,5118734689,40,up,195.779,136.5,19.578,4.0023,0
2026-02-21 03:20:00,7610884326,6404623353,76,up,202.957,170.79,20.296,7.6854,0
2026-02-21 03:25:00,7996336838,5755721691,39,up,213.236,153.486,21.324,3.9687,0
2026-02-21 03:30:00,7539242201,5626975027,13,up,201.046,150.053,20.105,1.309,0
2026-02-21 03:35:00,9025545936,5745088164,43,up,240.681,153.202,24.068,4.308,0
2026-02-21 03:40:00,6939615574,4902298849,17,up,185.056,130.728,18.506,1.7766,0
2026-02-21 03:45:00,7675146709,5268833701,8,up,204.671,140.502,20.467,0.8133,0
2026-02-21 03:50:00,6831776472,5627418256,9,up,182.181,150.064,18.218,0.9021,0
2026-02-21 03:55:00,6311979739,5493602005,6,up,168.319,146.496,16.832,0.6335,0
2026-02-21 04:00:00,6949407818,6483889158,3,up,185.318,172.904,18.532,0.3916,0
2026-02-21 04:05:00,7466666882,5771748950,5,up,199.111,153.913,19.911,0.5099,0
2026-02-21 04:10:00,7113627997,6202060147,1,up,189.697,165.388,18.97,0.1632,0
2026-02-21 04:15:00,6876821118,5631341864,54,up,183.382,150.169,18.338,5.4832,0
2026-02-21 04:20:00,6234314282,6337994726,66,up,166.248,169.013,16.625,6.6844,0
2026-02-21 04:25:00,7425204984,5893331235,22,up,198.005,157.155,19.801,2.2094,0
2026-02-21 04:30:00,6145751663,5634058827,45,up,163.887,150.242,16.389,4.5891,0
2026-02-21 04:35:00,8184050367,5616033914,5,up,218.241,149.761,21.824,0.507,0
2026-02-21 04:40:00,7574195777,4980753927,57,up,201.979,132.82,20.198,5.7987,0
2026-02-21 04:45:00,6188203650,5967168111,17,up,165.019,159.124,16.502,1.7649,0
2026-02-21 04:50:00,7221711830,5597861804,1,up,192.579,149.276,19.258,0.1738,0
2026-02-21 04:55:00,6823059234,5286155426,3,up,181.948,140.964,18.195,0.3809,0
2026-02-21 05:00:00,7787257059,6371861695,9,up,207.66,169.916,20.766,0.924,0
2026-02-21 05:05:00,8706405401,4781104182,1,up,232.171,127.496,23.217,0.1113,0
2026-02-21 05:10:00,5812344777,5339815270,9,up,154.996,142.395,15.5,0.9251,0
2026-02-21 05:15:00,7603523471,6318710155,1,up,202.761,168.499,20.276,0.1545,0
2026-02-21 05:20:00,4413528290,5837977985,26,up,117.694,155.679,11.769,2.6922,1
2026-02-21 05:25:00,8104206068,5592695223,7,up,216.112,149.139,21.611,0.772,0
2026-02-21 05:30:00,7691876965,5794427391,129,up,205.117,154.518,20.512,12.9487,0
2026-02-21 05:35:00,6823227601,5746104565,6,up,181.953,153.229,18.195,0.6715,0
2026-02-21 05:40:00,7212851457,4601252781,6,up,192.343,122.7,19.234,0.6834,0
2026-02-21 05:45:00,6783576728,5389248227,29,up,180.895,143.713,18.09,2.9022,0
2026-02-21 05:50:00,5081043854,6716152116,196,up,135.495,179.097,13.549,19.6153,1
2026-02-21 05:55:00,7519180483,5179956209,12,up,200.511,138.132,20.051,1.2237,0
2026-02-21 06:00:00,9211071617,5410146815,52,up,245.629,144.271,24.563,5.211,0
2026-02-21 06:05:00,7445405267,5259405984,10,up,198.544,140.251,19.854,1.0393,0
2026-02-21 06:10:00,4117460345,5566264724,21,up,109.799,148.434,10.98,2.1942,1
2026-02-21 06:15:00,6137657046,5231392088,9,up,163.671,139.504,16.367,0.9998,0
2026-02-21 06:20:00,5877174291,5953550513,23,up,156.725,158.761,15.672,2.3499,0
2026-02-21 06:25:00,6074277651,5758186553,11,up,161.981,153.552,16.198,1.1438,0
2026-02-21 06:30:00,4644248391,6147144640,111,up,123.847,163.924,12.385,11.1747,1
2026-02-21 06:35:00,7957852520,4915614712,6,up,212.209,131.083,21.221,0.676,0
2026-02-21 06:40:00,6076928368,5395270174,30,up,162.051,143.874,16.205,3.0182,0
2026-02-21 06:45:00,8305534482,5472637223,10,up,221.481,145.937,22.148,1.0671,0
2026-02-21 06:50:00,7065245053,5932561664,15,up,188.407,158.202,18.841,1.5214,0
2026-02-21 06:55:00,7632113710,5089575691,20,up,203.523,135.722,20.352,2.0397,0
2026-02-21 07:00:00,8950998565,6243066317,28,up,238.693,166.482,23.869,2.8977,0
2026-02-21 07:05:00,8307155384,6425830523,6,up,221.524,171.355,22.152,0.6819,0
2026-02-21 07:10:00,7258322416,4957511165,45,up,193.555,132.2,19.356,4.5189,0
2026-02-21 07:15:00,6697926997,5293660795,31,up,178.611,141.164,17.861,3.1989,0
2026-02-21 07:20:00,5563366138,5265946231,6,up,148.356,140.425,14.836,0.6668,0
2026-02-21 07:25:00,4111657207,7401860688,368,up,109.644,197.383,10.964,36.8786,1
2026-02-21 07:30:00,7309982785,5334817428,27,up,194.933,142.262,19.493,2.7325,0
2026-02-21 07:35:00,6611538425,6757397173,15,up,176.308,180.197,17.631,1.5056,0
2026-02-21 07:40:00,7381868729,4770023403,4,up,196.85,127.201,19.685,0.4285,0
2026-02-21 07:45:00,7569166694,4956985597,19,up,201.844,132.186,20.184,1.9047,0
2026-02-21 07:50:00,7297629616,5161541941,4,up,194.603,137.641,19.46,0.4501,0
2026-02-21 07:55:00,6914997677,5054159714,14,up,184.4,134.778,18.44,1.4031,0
2026-02-21 08:00:00,7651789204,5444168354,13,up,204.048,145.178,20.405,1.3136,0
2026-02-21 08:05:00,7897746584,5146574713,31,up,210.607,137.242,21.061,3.1819,0
2026-02-21 08:10:00,6518640830,5071944424,5,up,173.83,135.252,17.383,0.5342,0
2026-02-21 08:15:00,8769839141,6406968597,43,up,233.862,170.852,23.386,4.3131,0
2026-02-21 08:20:00,7411270680,6451060695,9,up,197.634,172.028,19.763,0.9868,0
2026-02-21 08:25:00,7516964660,6265775136,14,up,200.452,167.087,20.045,1.4674,0
2026-02-21 08:30:00,8137392980,5978699295,36,up,216.997,159.432,21.7,3.6998,0
2026-02-21 08:35:00,7709894518,5687601569,24,up,205.597,151.669,20.56,2.4547,0
2026-02-21 08:40:00,8357822970,5289504283,9,up,222.875,141.053,22.288,0.9205,0
2026-02-21 08:45:00,7758411748,4981618684,12,up,206.891,132.843,20.689,1.2202,0
2026-02-21 08:50:00,6948806362,5870022099,9,up,185.302,156.534,18.53,0.9124,0
2026-02-21 08:55:00,7825353172,4832799485,22,up,208.676,128.875,20.868,2.2583,0
2026-02-21 09:00:00,6470646413,4954103372,10,up,172.551,132.109,17.255,1.011,0
2026-02-21 09:05:00,7597703735,6403216447,32,up,202.605,170.752,20.261,3.2338,0
2026-02-21 09:10:00,7470093008,6907938103,21,up,199.202,184.212,19.92,2.1675,0
2026-02-21 09:15:00,7312694828,5890474218,3,up,195.005,157.079,19.501,0.3937,0
2026-02-21 09:20:00,7384316239,6371858577,9,up,196.915,169.916,19.692,0.9286,0
2026-02-21 09:25:00,5806335859,5459052385,6,up,154.836,145.575,15.484,0.6258,0
2026-02-21 09:30:00,7006147583,4722069924,12,up,186.831,125.922,18.683,1.237,0
2026-02-21 09:35:00,7583560411,6038215842,18,up,202.228,161.019,20.223,1.8141,0
2026-02-21 09:40:00,7643870752,6009270293,17,up,203.837,160.247,20.384,1.7669,0
2026-02-21 09:45:00,6575092373,5673376273,35,up,175.336,151.29,17.534,3.5114,0
2026-02-21 09:50:00,8639137056,5461396565,5,up,230.377,145.637,23.038,0.5242,0
2026-02-21 09:55:00,6720442636,6274492140,73,up,179.212,167.32,17.921,7.3189,0
2026-02-21 10:00:00,8372511480,4959630202,10,up,223.267,132.257,22.327,1.0496,0
2026-02-21 10:05:00,7884474925,5102698109,8,up,210.253,136.072,21.025,0.8926,0
2026-02-21 10:10:00,6918395421,4944528107,28,up,184.491,131.854,18.449,2.8894,0
2026-02-21 10:15:00,9097779803,5682356749,40,up,242.607,151.53,24.261,4.0935,0
2026-02-21 10:20:00,6425726851,4890672216,11,up,171.353,130.418,17.135,1.1889,0
2026-02-21 10:25:00,8327238756,5163136528,34,up,222.06,137.684,22.206,3.4344,0
2026-02-21 10:30:00,8400524086,5148614995,53,up,224.014,137.296,22.401,5.3797,0
2026-02-21 10:35:00,6896441811,5449089375,36,up,183.905,145.309,18.391,3.6397,0
2026-02-21 10:40:00,8753218770,4621022248,0,up,233.419,123.227,23.342,0.087,0
2026-02-21 10:45:00,4364974882,5683863369,175,up,116.399,151.57,11.64,17.566,1
2026-02-21 10:50:00,7759824266,6466929964,37,up,206.929,172.451,20.693,3.7234,0
2026-02-21 10:55:00,7734289654,5716456676,27,up,206.248,152.439,20.625,2.7663,0
2026-02-21 11:00:00,7379122132,6665391772,35,up,196.777,177.744,19.678,3.568,0
2026-02-21 11:05:00,8229727445,6525448775,97,up,219.459,174.012,21.946,9.7092,0
2026-02-21 11:10:00,8214139848,6149971156,14,up,219.044,163.999,21.904,1.4102,0
2026-02-21 11:15:00,5926321224,5675412943,1,up,158.035,151.344,15.804,0.174,0
2026-02-21 11:20:00,8673906218,5640187762,15,up,231.304,150.405,23.13,1.5446,0
2026-02-21 11:25:00,6003757210,6140564846,1,up,160.1,163.748,16.01,0.1189,0
2026-02-21 11:30:00,8429291583,5360622338,8,up,224.781,142.95,22.478,0.8712,0
2026-02-21 11:35:00,8514034623,4354298492,22,up,227.041,116.115,22.704,2.21,0
2026-02-21 11:40:00,6518130212,5957102736,9,up,173.817,158.856,17.382,0.9263,0
2026-02-21 11:45:00,7130267140,4861528674,28,up,190.14,129.641,19.014,2.8911,0
2026-02-21 11:50:00,6504865798,4975554670,43,up,173.463,132.681,17.346,4.3147,0
2026-02-21 11:55:00,7306571072,5625151164,13,up,194.842,150.004,19.484,1.3637,0
2026-02-21 12:00:00,7222769144,5560790707,57,up,192.607,148.288,19.261,5.7599,0
2026-02-21 12:05:00,8201694479,4671848965,2,up,218.712,124.583,21.871,0.208,0
2026-02-21 12:10:00,8679277871,5736706805,45,up,231.447,152.979,23.145,4.5832,0
2026-02-21 12:15:00,8756115429,6277144271,44,up,233.496,167.391,23.35,4.409,0
2026-02-21 12:20:00,6994048776,4863369440,9,up,186.508,129.69,18.651,0.9715,0
2026-02-21 12:25:00,7311700313,6483926248,8,up,194.979,172.905,19.498,0.8871,0
2026-02-21 12:30:00,5984905627,4571884693,9,up,159.597,121.917,15.96,0.91,0
2026-02-21 12:35:00,6774716940,7054193797,41,up,180.659,188.112,18.066,4.1702,0
2026-02-21 12:40:00,8368366469,5347399209,44,up,223.156,142.597,22.316,4.4543,0
2026-02-21 12:45:00,8954024541,5723291472,10,up,238.774,152.621,23.877,1.0002,0
2026-02-21 12:50:00,6389086015,4347877338,22,up,170.376,115.943,17.038,2.2448,0
2026-02-21 12:55:00,6966782166,5583058155,3,up,185.781,148.882,18.578,0.374,0
2026-02-21 13:00:00,7476234818,5779225469,15,up,199.366,154.113,19.937,1.5814,0
2026-02-21 13:05:00,7752145042,5566840579,167,up,206.724,148.449,20.672,16.7987,0
2026-02-21 13:10:00,6771356832,5244920272,4,up,180.57,139.865,18.057,0.4324,0
2026-02-21 13:15:00,7881654940,4986068949,73,up,210.177,132.962,21.018,7.3703,0
2026-02-21 13:20:00,7073544587,6388105468,43,up,188.628,170.349,18.863,4.3468,0
2026-02-21 13:25:00,7486992956,5645794816,89,up,199.653,150.555,19.965,8.9581,0
2026-02-21 13:30:00,7991655823,6665007854,4,up,213.111,177.734,21.311,0.4948,0
2026-02-21 13:35:00,7505780042,5269624410,6,up,200.154,140.523,20.015,0.6005,0
2026-02-21 13:40:00,7107252698,5331513581,0,up,189.527,142.174,18.953,0.0425,0
2026-02-21 13:45:00,7401351176,6175526115,32,up,197.369,164.681,19.737,3.2248,0
2026-02-21 13:50:00,7420473336,4529491900,25,up,197.879,120.786,19.788,2.5827,0
2026-02-21 13:55:00,7166990073,4805912231,4,up,191.12,128.158,19.112,0.4902,0
2026-02-21 14:00:00,7267083543,6365802355,39,up,193.789,169.755,19.379,3.9153,0
2026-02-21 14:05:00,8938782453,4833944597,8,up,238.368,128.905,23.837,0.8888,0
2026-02-21 14:10:00,8004827503,4397140564,3,up,213.462,117.257,21.346,0.3626,0
2026-02-21 14:15:00,4340440628,6886255851,54,up,115.745,183.633,11.575,5.4916,1
2026-02-21 14:20:00,4876355378,4684173087,9,up,130.036,124.911,13.004,0.9538,1
2026-02-21 14:25:00,4319737475,5749280593,30,up,115.193,153.314,11.519,3.055,1
2026-02-21 14:30:00,8555812173,5671632505,11,up,228.155,151.244,22.815,1.1604,0
2026-02-21 14:35:00,4699606783,3727825886,190,up,125.323,99.409,12.532,19.0963,1
2026-02-21 14:40:00,7403428070,5444561009,39,up,197.425,145.188,19.742,3.9321,0
2026-02-21 14:45:00,7902945233,5927678943,14,up,210.745,158.071,21.075,1.4619,0
2026-02-21 14:50:00,6086211463,5864158832,32,up,162.299,156.378,16.23,3.2236,0
2026-02-21 14:55:00,6485909277,6234876461,21,up,172.958,166.263,17.296,2.1021,0
2026-02-21 15:00:00,6425467494,5363443362,10,up,171.346,143.025,17.135,1.042,0
2026-02-21 15:05:00,7628648785,6105940498,32,up,203.431,162.825,20.343,3.2354,0
2026-02-21 15:10:00,9059263499,5159702879,28,up,241.58,137.592,24.158,2.8761,0
2026-02-21 15:15:00,9508170131,4672934493,24,up,253.551,124.612,25.355,2.413,0
2026-02-21 15:20:00,8074245991,4749033346,24,up,215.313,126.641,21.531,2.4055,0
2026-02-21 15:25:00,7950760027,4638075442,28,up,212.02,123.682,21.202,2.872,0
2026-02-21 15:30:00,5879048039,6306470528,12,up,156.775,168.173,15.677,1.2135,0
2026-02-21 15:35:00,7011593580,4602662881,50,up,186.976,122.738,18.698,5.0828,0
2026-02-21 15:40:00,6790994623,5809976217,4,up,181.093,154.933,18.109,0.4428,0
2026-02-21 15:45:00,6941237161,5445501169,53,up,185.1,145.213,18.51,5.3829,0
2026-02-21 15:50:00,7348670563,5555712212,10,up,195.965,148.152,19.596,1.0474,0
2026-02-21 15:55:00,7075118480,6545434924,3,up,188.67,174.545,18.867,0.3339,0
2026-02-21 16:00:00,5718630170,5329061527,22,up,152.497,142.108,15.25,2.2909,0
2026-02-21 16:05:00,8173119230,6037831054,11,up,217.95,161.009,21.795,1.179,0
2026-02-21 16:10:00,6534531276,5650355262,42,up,174.254,150.676,17.425,4.2253,0
2026-02-21 16:15:00,7715322177,5522387238,14,up,205.742,147.264,20.574,1.4087,0
2026-02-21 16:20:00,9366674402,7177479158,27,up,249.778,191.399,24.978,2.7608,0
2026-02-21 16:25:00,6672553867,4652094321,9,up,177.935,124.056,17.793,0.9214,0
2026-02-21 16:30:00,5222741229,6495163988,5,up,139.273,173.204,13.927,0.5876,0
2026-02-21 16:35:00,7242596200,6068074431,12,up,193.136,161.815,19.314,1.2278,0
2026-02-21 16:40:00,8490863671,5301320628,23,up,226.423,141.369,22.642,2.3336,0
2026-02-21 16:45:00,9262512708,6724789999,26,up,247.0,179.328,24.7,2.6747,0
2026-02-21 16:50:00,6393405364,4377525674,21,up,170.491,116.734,17.049,2.1581,0
2026-02-21 16:55:00,7947029300,5272807506,110,up,211.921,140.608,21.192,11.0688,0
2026-02-21 17:00:00,7081220588,4809274512,29,up,188.833,128.247,18.883,2.9368,0
2026-02-21 17:05:00,7404646481,5903156338,67,up,197.457,157.418,19.746,6.703,0
2026-02-21 17:10:00,9879909012,4873681731,3,up,263.464,129.965,26.346,0.3137,0
2026-02-21 17:15:00,6147326704,5917318164,1,up,163.929,157.795,16.393,0.1583,0
2026-02-21 17:20:00,7728365695,5499155419,9,up,206.09,146.644,20.609,0.9313,0
2026-02-21 17:25:00,7920923854,5301436088,3,up,211.225,141.372,21.122,0.3672,0
2026-02-21 17:30:00,8477207692,5887336891,18,up,226.059,156.996,22.606,1.8657,0
2026-02-21 17:35:00,7588184838,5443680403,18,up,202.352,145.165,20.235,1.8296,0
2026-02-21 17:40:00,7777245485,4890171480,21,up,207.393,130.405,20.739,2.1394,0
2026-02-21 17:45:00,7147516289,7515926768,34,up,190.6,200.425,19.06,3.4185,0
2026-02-21 17:50:00,7742214247,5296162151,88,up,206.459,141.231,20.646,8.8797,0
2026-02-21 17:55:00,7191126952,4128113870,52,up,191.763,110.083,19.176,5.2646,0
2026-02-21 18:00:00,8059414700,5056583384,3,up,214.918,134.842,21.492,0.3149,0
2026-02-21 18:05:00,7167350697,4769588235,10,up,191.129,127.189,19.113,1.0332,0
2026-02-21 18:10:00,7839390354,6182648290,7,up,209.05,164.871,20.905,0.7387,0
2026-02-21 18:15:00,7473663467,5842115545,4,up,199.298,155.79,19.93,0.4864,0
2026-02-21 18:20:00,8513445225,5894131141,19,up,227.025,157.177,22.703,1.9671,0
2026-02-21 18:25:00,7453745648,5375234835,20,up,198.767,143.34,19.877,2.0145,0
2026-02-21 18:30:00,5904270778,5436438583,6,up,157.447,144.972,15.745,0.6445,0
2026-02-21 18:35:00,5181437610,5374621505,124,up,138.172,143.323,13.817,12.4444,1
2026-02-21 18:40:00,6684840929,5570194600,33,up,178.262,148.539,17.826,3.3005,0
2026-02-21 18:45:00,6911610295,6188850068,0,up,184.31,165.036,18.431,0.053,0
2026-02-21 18:50:00,6963904835,5851850903,12,up,185.704,156.049,18.57,1.2595,0
2026-02-21 18:55:00,8736994283,5962576159,55,up,232.987,159.002,23.299,5.5214,0
2026-02-21 19:00:00,5577893207,5962202263,18,up,148.744,158.992,14.874,1.8366,0
2026-02-21 19:05:00,10323973680,6221998645,10,up,275.306,165.92,27.531,1.0679,0
2026-02-21 19:10:00,8450451128,5819501278,7,up,225.345,155.187,22.535,0.7315,0
2026-02-21 19:15:00,7700915022,5867222449,6,up,205.358,156.459,20.536,0.6972,0
2026-02-21 19:20:00,7450595399,6427444212,2,up,198.683,171.399,19.868,0.2628,0
2026-02-21 19:25:00,7756998667,5176094005,42,up,206.853,138.029,20.685,4.2488,0
2026-02-21 19:30:00,7969010185,5047373758,2,up,212.507,134.597,21.251,0.2266,0
2026-02-21 19:35:00,8080694027,4824502920,8,up,215.485,128.653,21.549,0.8643,0
2026-02-21 19:40:00,8000044019,5748467330,1,up,213.335,153.292,21.333,0.1169,0
2026-02-21 19:45:00,7580622613,4373730737,38,up,202.15,116.633,20.215,3.8011,0
2026-02-21 19:50:00,7322395421,5936954014,1,up,195.264,158.319,19.526,0.1002,0
2026-02-21 19:55:00,7363854044,5551294661,9,up,196.369,148.035,19.637,0.9215,0
2026-02-21 20:00:00,7324582547,6390881797,21,up,195.322,170.424,19.532,2.1292,0
2026-02-21 20:05:00,8520393087,5171455815,13,up,227.21,137.905,22.721,1.3172,0
2026-02-21 20:10:00,8034201050,5487760157,8,up,214.245,146.34,21.425,0.8292,0
2026-02-21 20:15:00,4853650228,6382487249,8,up,129.431,170.2,12.943,0.8046,0
2026-02-21 20:20:00,8090310698,6558616561,39,up,215.742,174.896,21.574,3.9961,0
2026-02-21 20:25:00,7675262575,5165897153,91,up,204.674,137.757,20.467,9.122,0
2026-02-21 20:30:00,7483162119,5747702331,10,up,199.551,153.272,19.955,1.0694,0
2026-02-21 20:35:00,7150333392,5823732809,0,up,190.676,155.3,19.068,0.0998,0
2026-02-21 20:40:00,8511701447,5877216048,0,up,226.979,156.726,22.698,0.0931,0
2026-02-21 20:45:00,8352773815,5447761429,35,up,222.741,145.274,22.274,3.5596,0
2026-02-21 20:50:00,6804410098,6489933793,20,up,181.451,173.065,18.145,2.0095,0
2026-02-21 20:55:00,7866347058,4349450148,38,up,209.769,115.985,20.977,3.8265,0
2026-02-21 21:00:00,6625508938,5340737091,29,up,176.68,142.42,17.668,2.9892,0
2026-02-21 21:05:00,6258343651,5927353244,59,up,166.889,158.063,16.689,5.9515,0
2026-02-21 21:10:00,6935954497,5933626748,54,up,184.959,158.23,18.496,5.425,0
2026-02-21 21:15:00,8276154125,6538112345,38,up,220.697,174.35,22.07,3.8818,0
2026-02-21 21:20:00,8357812540,6433802140,16,up,222.875,171.568,22.288,1.6118,0
2026-02-21 21:25:00,7961776878,5432259402,9,up,212.314,144.86,21.231,0.9209,0
2026-02-21 21:30:00,4891551724,6502413089,70,up,130.441,173.398,13.044,7.073,1
2026-02-21 21:35:00,7964560458,5143021822,17,up,212.388,137.147,21.239,1.7432,0
2026-02-21 21:40:00,6922666564,6253348983,23,up,184.604,166.756,18.46,2.3558,0
2026-02-21 21:45:00,7888730290,6847102672,5,up,210.366,182.589,21.037,0.5148,0
2026-02-21 21:50:00,4932221143,6445087272,106,up,131.526,171.869,13.153,10.6601,1
2026-02-21 21:55:00,8178862196,5696395008,15,up,218.103,151.904,21.81,1.5248,0
2026-02-21 22:00:00,8570022034,5401049329,24,up,228.534,144.028,22.853,2.4203,0
2026-02-21 22:05:00,8137473462,4593200875,6,up,216.999,122.485,21.7,0.6848,0
2026-02-21 22:10:00,7816303386,5834614255,14,up,208.435,155.59,20.843,1.4246,0
2026-02-21 22:15:00,8463135214,4872228371,5,up,225.684,129.926,22.568,0.5899,0
2026-02-21 22:20:00,4485678520,5089634102,208,up,119.618,135.724,11.962,20.8189,1
2026-02-21 22:25:00,6706312813,4821246584,16,up,178.835,128.567,17.884,1.6734,0
2026-02-21 22:30:00,7353239732,5314235175,6,up,196.086,141.713,19.609,0.6372,0
2026-02-21 22:35:00,6829587619,5606120645,1,up,182.122,149.497,18.212,0.1052,0
2026-02-21 22:40:00,6892339552,5809689842,28,up,183.796,154.925,18.38,2.8155,0
2026-02-21 22:45:00,7369933196,5219658021,6,up,196.532,139.191,19.653,0.604,0
2026-02-21 22:50:00,6786822071,6346766501,114,up,180.982,169.247,18.098,11.4106,0
2026-02-21 22:55:00,7222834623,5484461450,19,up,192.609,146.252,19.261,1.9073,0
2026-02-21 23:00:00,5795746799,5093287357,8,up,154.553,135.821,15.455,0.8526,0
2026-02-21 23:05:00,7691964336,5777747280,26,up,205.119,154.073,20.512,2.68,0
2026-02-21 23:10:00,7501084927,6950398162,8,up,200.029,185.344,20.003,0.8047,0
2026-02-21 23:15:00,6764620232,5851233382,42,up,180.39,156.033,18.039,4.2908,0
2026-02-21 23:20:00,8093321101,5380072451,9,up,215.822,143.469,21.582,0.9213,0
2026-02-21 23:25:00,8343813123,4593963584,111,up,222.502,122.506,22.25,11.1093,0
2026-02-21 23:30:00,6053196122,5476896683,23,up,161.419,146.051,16.142,2.3231,0
2026-02-21 23:35:00,6813547699,5783576484,46,up,181.695,154.229,18.169,4.6513,0
2026-02-21 23:40:00,6807771885,5363382898,1,up,181.541,143.024,18.154,0.189,0
2026-02-21 23:45:00,6654087209,4500865369,10,up,177.442,120.023,17.744,1.0704,0
2026-02-21 23:50:00,8246527357,5050868362,33,up,219.907,134.69,21.991,3.3436,0
2026-02-21 23:55:00,7325556475,6606813461,26,up,195.348,176.182,19.535,2.661,0
2026-02-22 00:00:00,7261936642,6592950677,5,up,193.652,175.812,19.365,0.5399,0
2026-02-22 00:05:00,5696523872,5026518560,11,up,151.907,134.04,15.191,1.1009,0
2026-02-22 00:10:00,8071876227,6079110831,7,up,215.25,162.11,21.525,0.7644,0
2026-02-22 00:15:00,6384667444,4829463370,23,up,170.258,128.786,17.026,2.3757,0
2026-02-22 00:20:00,7553939367,6572913490,10,up,201.438,175.278,20.144,1.0562,0
2026-02-22 00:25:00,7749639244,5790534197,9,up,206.657,154.414,20.666,0.9242,0
2026-02-22 00:30:00,8724592736,6266008011,5,up,232.656,167.094,23.266,0.581,0
2026-02-22 00:35:00,6322061640,4467311990,13,up,168.588,119.128,16.859,1.315,0
2026-02-22 00:40:00,4782439059,6082405043,5,up,127.532,162.197,12.753,0.5438,0
2026-02-22 00:45:00,7665464590,5619820007,82,up,204.412,149.862,20.441,8.2132,0
2026-02-22 00:50:00,9120460063,6200052122,4,up,243.212,165.335,24.321,0.4196,0
2026-02-22 00:55:00,8615051717,6242535763,61,up,229.735,166.468,22.973,6.1134,0
2026-02-22 01:00:00,7688693473,5669404665,13,up,205.032,151.184,20.503,1.3986,0
2026-02-22 01:05:00,7057527432,5219439993,11,up,188.201,139.185,18.82,1.1865,0
2026-02-22 01:10:00,8226410336,6151294922,6,up,219.371,164.035,21.937,0.6577,0
2026-02-22 01:15:00,6623808420,5584395712,25,up,176.635,148.917,17.663,2.5248,0
2026-02-22 01:20:00,7928721992,5035870156,28,up,211.433,134.29,21.143,2.8922,0
2026-02-22 01:25:00,7954923143,5003897243,15,up,212.131,133.437,21.213,1.5758,0
2026-02-22 01:30:00,8454188916,4627914018,1,up,225.445,123.411,22.545,0.1433,0
2026-02-22 01:35:00,9983694035,5280553467,62,up,266.232,140.815,26.623,6.2682,0
2026-02-22 01:40:00,7853174370,6369317131,98,up,209.418,169.848,20.942,9.8215,0
2026-02-22 01:45:00,7041932736,5745035114,14,up,187.785,153.201,18.778,1.4099,0
2026-02-22 01:50:00,7476983119,5267406798,23,up,199.386,140.464,19.939,2.3776,0
2026-02-22 01:55:00,5907831685,6168277758,14,up,157.542,164.487,15.754,1.496,0
2026-02-22 02:00:00,6874758182,5063078280,9,up,183.327,135.015,18.333,0.9711,0
2026-02-22 02:05:00,7131645805,5689361435,2,up,190.177,151.716,19.018,0.2012,0
2026-02-22 02:10:00,7028320441,5503749498,15,up,187.422,146.767,18.742,1.5223,0
2026-02-22 02:15:00,7637119384,6150913172,42,up,203.657,164.024,20.366,4.2647,0
2026-02-22 02:20:00,6759822060,4560370849,0,up,180.262,121.61,18.026,0.0429,0
2026-02-22 02:25:00,5105356560,5051116521,87,up,136.143,134.696,13.614,8.7253,1
2026-02-22 02:30:00,7500186358,4519184180,53,up,200.005,120.512,20.0,5.3168,0
2026-02-22 02:35:00,7491629710,5449772212,6,up,199.777,145.327,19.978,0.6133,0
2026-02-22 02:40:00,7204894755,6442713564,5,up,192.131,171.806,19.213,0.5061,0
2026-02-22 02:45:00,7639671615,5283823133,36,up,203.725,140.902,20.372,3.6991,0
2026-02-22 02:50:00,8242588438,5280288341,7,up,219.802,140.808,21.98,0.7362,0
2026-02-22 02:55:00,6719582805,6213413986,5,up,179.189,165.691,17.919,0.5329,0
2026-02-22 03:00:00,6907695159,6346270951,11,up,184.205,169.234,18.421,1.187,0
2026-02-22 03:05:00,7226646574,5565214529,12,up,192.711,148.406,19.271,1.246,0
2026-02-22 03:10:00,6288716168,6087182526,51,up,167.699,162.325,16.77,5.1807,0
2026-02-22 03:15:00,6762667926,4898055684,24,up,180.338,130.615,18.034,2.4087,0
2026-02-22 03:20:00,7071401213,6555132675,13,up,188.571,174.804,18.857,1.302,0
2026-02-22 03:25:00,8286950262,7075376748,19,up,220.985,188.677,22.099,1.911,0
2026-02-22 03:30:00,7736305196,5976820659,76,up,206.301,159.382,20.63,7.6959,0
2026-02-22 03:35:00,7674230920,4218076155,3,up,204.646,112.482,20.465,0.3004,0
2026-02-22 03:40:00,8265808165,5248194572,5,up,220.422,139.952,22.042,0.5821,0
2026-02-22 03:45:00,7376365390,6038657092,82,up,196.703,161.031,19.67,8.2105,0
2026-02-22 03:50:00,7851418364,5340498976,78,up,209.371,142.413,20.937,7.8853,0
2026-02-22 03:55:00,4444260253,6483734024,19,up,118.514,172.9,11.851,1.95,1
2026-02-22 04:00:00,7738826114,6022006153,3,up,206.369,160.587,20.637,0.392,0
2026-02-22 04:05:00,4185310324,5148129036,54,up,111.608,137.283,11.161,5.466,1
2026-02-22 04:10:00,5305064557,5646778747,1,up,141.468,150.581,14.147,0.1275,0
2026-02-22 04:15:00,7379148754,5021662576,26,up,196.777,133.911,19.678,2.6598,0
2026-02-22 04:20:00,8780473322,5501755207,2,up,234.146,146.713,23.415,0.2017,0
2026-02-22 04:25:00,8333593862,5250649562,1,up,222.229,140.017,22.223,0.1495,0
2026-02-22 04:30:00,8368857736,6417964215,16,up,223.17,171.146,22.317,1.6599,0
2026-02-22 04:35:00,8612517649,7053308138,79,up,229.667,188.088,22.967,7.9125,0
2026-02-22 04:40:00,4547875099,4658947875,55,up,121.277,124.239,12.128,5.5651,1
2026-02-22 04:45:00,7677584136,4326829006,11,up,204.736,115.382,20.474,1.102,0
2026-02-22 04:50:00,6944113294,5459508615,154,up,185.176,145.587,18.518,15.483,0
2026-02-22 04:55:00,7215534429,4600069403,18,up,192.414,122.669,19.241,1.8981,0
2026-02-22 05:00:00,8054194034,5656192832,11,up,214.779,150.832,21.478,1.176,0
2026-02-22 05:05:00,8583495993,6130531876,12,up,228.893,163.481,22.889,1.2188,0
2026-02-22 05:10:00,7374498351,6633545780,5,up,196.653,176.895,19.665,0.5422,0
2026-02-22 05:15:00,7094829661,5760941327,17,up,189.195,153.625,18.92,1.7947,0
2026-02-22 05:20:00,4500285097,5494620223,57,up,120.008,146.523,12.001,5.7778,1
2026-02-22 05:25:00,8041086074,4289590181,7,up,214.429,114.389,21.443,0.7895,0
2026-02-22 05:30:00,6200530665,5642674975,4,up,165.347,150.471,16.535,0.4375,0
2026-02-22 05:35:00,5433437142,5673118900,9,up,144.892,151.283,14.489,0.9322,0
2026-02-22 05:40:00,7004516835,6056295849,17,up,186.787,161.501,18.679,1.7767,0
2026-02-22 05:45:00,6401358816,5146770531,1,up,170.703,137.247,17.07,0.1503,0
2026-02-22 05:50:00,7042673822,5331339494,4,up,187.805,142.169,18.78,0.4173,0
2026-02-22 05:55:00,7366997713,4627348477,73,up,196.453,123.396,19.645,7.3749,0
2026-02-22 06:00:00,7092076431,4078377355,19,up,189.122,108.757,18.912,1.9569,0
2026-02-22 06:05:00,8807220781,4876764463,1,up,234.859,130.047,23.486,0.1639,0
2026-02-22 06:10:00,7794070288,4565030075,29,up,207.842,121.734,20.784,2.953,0
2026-02-22 06:15:00,7770426923,5852280799,1,up,207.211,156.061,20.721,0.1595,0
2026-02-22 06:20:00,8059986429,5275259511,33,up,214.933,140.674,21.493,3.3569,0
2026-02-22 06:25:00,6475050193,5261689937,34,up,172.668,140.312,17.267,3.4654,0
2026-02-22 06:30:00,8435200608,4960521193,26,up,224.939,132.281,22.494,2.6323,0
2026-02-22 06:35:00,7431812142,3443018333,32,up,198.182,91.814,19.818,3.2938,0
2026-02-22 06:40:00,8103432555,6643109755,2,up,216.092,177.15,21.609,0.2302,0
2026-02-22 06:45:00,6535328490,4949817397,32,up,174.275,131.995,17.428,3.2437,0
2026-02-22 06:50:00,6101617110,5346616452,3,up,162.71,142.576,16.271,0.3674,0
2026-02-22 06:55:00,8236100692,4642947788,10,up,219.629,123.812,21.963,1.0369,0
2026-02-22 07:00:00,7838768573,6281052981,71,up,209.034,167.495,20.903,7.1506,0
2026-02-22 07:05:00,4012892160,5721814532,69,up,107.01,152.582,10.701,6.9891,1
2026-02-22 07:10:00,6717303226,5067203432,85,up,179.128,135.125,17.913,8.5606,0
2026-02-22 07:15:00,8512891305,5360245012,2,up,227.01,142.94,22.701,0.2328,0
2026-02-22 07:20:00,6429529296,6757771447,16,up,171.454,180.207,17.145,1.6231,0
2026-02-22 07:25:00,8978405657,5575745633,1,up,239.424,148.687,23.942,0.1611,0
2026-02-22 07:30:00,6689441338,5502329862,24,up,178.385,146.729,17.839,2.4871,0
2026-02-22 07:35:00,8074552733,4989567496,2,up,215.321,133.055,21.532,0.2049,0
2026-02-22 07:40:00,7204243371,4346157723,4,up,192.113,115.898,19.211,0.482,0
2026-02-22 07:45:00,8042868687,5516973895,7,up,214.476,147.119,21.448,0.7488,0
2026-02-22 07:50:00,7010297398,5844702450,34,up,186.941,155.859,18.694,3.4532,0
2026-02-22 07:55:00,7353486384,6367219513,4,up,196.093,169.793,19.609,0.4477,0
2026-02-22 08:00:00,7536827257,4107264839,46,up,200.982,109.527,20.098,4.6873,0
2026-02-22 08:05:00,6598031289,4865559979,3,up,175.948,129.748,17.595,0.3536,0
2026-02-22 08:10:00,8166741910,5232999763,0,up,217.78,139.547,21.778,0.0897,0
2026-02-22 08:15:00,7038107790,5622650427,12,up,187.683,149.937,18.768,1.2565,0
2026-02-22 08:20:00,7294260076,5527102258,97,up,194.514,147.389,19.451,9.7112,0
2026-02-22 08:25:00,6605085562,5542860137,2,up,176.136,147.81,17.614,0.2923,0
2026-02-22 08:30:00,3116339824,5900464839,10,up,83.102,157.346,8.31,1.0727,1
2026-02-22 08:35:00,7328075013,5015277150,34,up,195.415,133.741,19.542,3.4774,0
2026-02-22 08:40:00,9671353879,6255545473,9,up,257.903,166.815,25.79,0.9355,0
2026-02-22 08:45:00,8206143859,5917580398,31,up,218.831,157.802,21.883,3.1583,0
2026-02-22 08:50:00,7482665658,5409113221,5,up,199.538,144.243,19.954,0.5579,0
2026-02-22 08:55:00,7263398253,6705612894,15,up,193.691,178.816,19.369,1.5408,0
2026-02-22 09:00:00,7520219303,6675580824,7,up,200.539,178.015,20.054,0.7707,0
2026-02-22 09:05:00,7992407203,6254704364,15,up,213.131,166.792,21.313,1.5015,0
2026-02-22 09:10:00,6437268466,3587474179,36,up,171.66,95.666,17.166,3.6644,0
2026-02-22 09:15:00,8502889525,6690787937,35,up,226.744,178.421,22.674,3.5888,0
2026-02-22 09:20:00,8143843183,6161462002,18,up,217.169,164.306,21.717,1.813,0
2026-02-22 09:25:00,8146367153,6979325830,65,up,217.236,186.115,21.724,6.5907,0
2026-02-22 09:30:00,7894628164,6460288599,7,up,210.523,172.274,21.052,0.7656,0
2026-02-22 09:35:00,7517654991,6690381307,6,up,200.471,178.41,20.047,0.6871,0
2026-02-22 09:40:00,8105575112,6218092023,23,up,216.149,165.816,21.615,2.3785,0
2026-02-22 09:45:00,8032632720,6535367909,24,up,214.204,174.276,21.42,2.4275,0
2026-02-22 09:50:00,7181363360,6971033524,1,up,191.503,185.894,19.15,0.1191,0
2026-02-22 09:55:00,6983758404,5771174448,23,up,186.234,153.898,18.623,2.3398,0
2026-02-22 10:00:00,7591670665,4563744382,11,up,202.445,121.7,20.244,1.1728,0
2026-02-22 10:05:00,8894118136,5417463892,34,up,237.176,144.466,23.718,3.4403,0
2026-02-22 10:10:00,6384803631,5888213279,41,up,170.261,157.019,17.026,4.127,0
2026-02-22 10:15:00,6179227260,5675549119,20,up,164.779,151.348,16.478,2.0083,0
2026-02-22 10:20:00,7648284757,4783570672,0,up,203.954,127.562,20.395,0.0043,0
2026-02-22 10:25:00,7545798931,4524029352,25,up,201.221,120.641,20.122,2.529,0
2026-02-22 10:30:00,7656007497,5124715198,34,up,204.16,136.659,20.416,3.4546,0
2026-02-22 10:35:00,7719557878,6170224200,7,up,205.855,164.539,20.585,0.7158,0
2026-02-22 10:40:00,4379470782,6691729345,62,up,116.786,178.446,11.679,6.2483,1
2026-02-22 10:45:00,8840877094,6243683139,84,up,235.757,166.498,23.576,8.4335,0
2026-02-22 10:50:00,6059186419,6338763418,8,up,161.578,169.034,16.158,0.885,0
2026-02-22 10:55:00,6754352677,5570449488,6,up,180.116,148.545,18.012,0.6313,0
2026-02-22 11:00:00,7407070715,4449094341,5,up,197.522,118.643,19.752,0.592,0
2026-02-22 11:05:00,6021130069,5317726107,20,up,160.563,141.806,16.056,2.0456,0
2026-02-22 11:10:00,7341731036,5450334021,74,up,195.779,145.342,19.578,7.4787,0
2026-02-22 11:15:00,8995323149,5289489571,23,up,239.875,141.053,23.988,2.3456,0
2026-02-22 11:20:00,7518797839,5661919034,9,up,200.501,150.985,20.05,0.9036,0
2026-02-22 11:25:00,7707630815,5922958337,25,up,205.537,157.946,20.554,2.5442,0
2026-02-22 11:30:00,6365851711,6200785252,24,up,169.756,165.354,16.976,2.451,0
2026-02-22 11:35:00,6945274732,5437269091,22,up,185.207,144.994,18.521,2.2716,0
2026-02-22 11:40:00,7162323257,4339962401,4,up,190.995,115.732,19.1,0.4342,0
2026-02-22 11:45:00,7214056412,5299057539,25,up,192.375,141.308,19.237,2.5167,0
2026-02-22 11:50:00,8653479415,5654504517,14,up,230.759,150.787,23.076,1.406,0
2026-02-22 11:55:00,8001921954,6450395347,0,up,213.385,172.011,21.338,0.0469,0
2026-02-22 12:00:00,6499687838,5241729706,19,up,173.325,139.779,17.333,1.94,0
2026-02-22 12:05:00,7721854300,5970966949,113,up,205.916,159.226,20.592,11.336,0
2026-02-22 12:10:00,7948399573,5820809332,10,up,211.957,155.222,21.196,1.076,0
2026-02-22 12:15:00,8526134134,5654632859,84,up,227.364,150.79,22.736,8.4213,0
2026-02-22 12:20:00,8922486617,6253109990,2,up,237.933,166.75,23.793,0.2529,0
2026-02-22 12:25:00,6586415227,5178932192,32,up,175.638,138.105,17.564,3.2961,0
2026-02-22 12:30:00,6770228239,5236749146,3,up,180.539,139.647,18.054,0.3035,0
2026-02-22 12:35:00,6368179926,5616966944,7,up,169.818,149.786,16.982,0.799,0
2026-02-22 12:40:00,7289382126,5192901109,21,up,194.384,138.477,19.438,2.1148,0
2026-02-22 12:45:00,7919722537,5967908296,22,up,211.193,159.144,21.119,2.246,0
2026-02-22 12:50:00,8388601064,5143595194,37,up,223.696,137.163,22.37,3.7315,0
2026-02-22 12:55:00,7431644078,5777755340,23,up,198.177,154.073,19.818,2.3883,0
2026-02-22 13:00:00,7212137229,5557383381,22,up,192.324,148.197,19.232,2.2511,0
2026-02-22 13:05:00,7636582193,5770075026,60,up,203.642,153.869,20.364,6.0861,0
2026-02-22 13:10:00,6748371388,5314674558,15,up,179.957,141.725,17.996,1.5044,0
2026-02-22 13:15:00,9380584849,5396115401,6,up,250.149,143.896,25.015,0.6381,0
2026-02-22 13:20:00,6053105075,5689806255,4,up,161.416,151.728,16.142,0.4412,0
2026-02-22 13:25:00,7666266521,5761400291,12,up,204.434,153.637,20.443,1.277,0
2026-02-22 13:30:00,9321245597,5622163707,31,up,248.567,149.924,24.857,3.1185,0
2026-02-22 13:35:00,7506119860,6776119590,1,up,200.163,180.697,20.016,0.1087,0
2026-02-22 13:40:00,7328964868,4956252579,3,up,195.439,132.167,19.544,0.3454,0
2026-02-22 13:45:00,7178299119,5581662438,2,up,191.421,148.844,19.142,0.2804,0
2026-02-22 13:50:00,7337647486,4562800410,22,up,195.671,121.675,19.567,2.2002,0
2026-02-22 13:55:00,8735563627,5876154998,6,up,232.948,156.697,23.295,0.6955,0
2026-02-22 14:00:00,5509324279,4872208587,4,up,146.915,129.926,14.692,0.4546,0
2026-02-22 14:05:00,8880090331,5437140577,22,up,236.802,144.99,23.68,2.2459,0
2026-02-22 14:10:00,6218438562,5373856580,35,up,165.825,143.303,16.583,3.5815,0
2026-02-22 14:15:00,7260012903,5814601510,10,up,193.6,155.056,19.36,1.0092,0
2026-02-22 14:20:00,7113680021,5251866130,21,up,189.698,140.05,18.97,2.1581,0
2026-02-22 14:25:00,8029697942,5223168654,2,up,214.125,139.284,21.413,0.2582,0
2026-02-22 14:30:00,6061688083,6594203113,68,up,161.645,175.845,16.165,6.8408,0
2026-02-22 14:35:00,7915955399,5817082583,10,up,211.092,155.122,21.109,1.0271,0
2026-02-22 14:40:00,9321878660,5246290674,149,up,248.583,139.901,24.858,14.9844,0
2026-02-22 14:45:00,6273143395,5455687271,96,up,167.284,145.485,16.728,9.6095,0
2026-02-22 14:50:00,7670735550,6735614592,37,up,204.553,179.616,20.455,3.772,0
2026-02-22 14:55:00,6904216039,5466263707,0,up,184.112,145.767,18.411,0.0507,0
2026-02-22 15:00:00,7883298485,5159738279,19,up,210.221,137.593,21.022,1.9603,0
2026-02-22 15:05:00,7517232999,5162627598,2,up,200.46,137.67,20.046,0.2271,0
2026-02-22 15:10:00,6922661781,5254339625,56,up,184.604,140.116,18.46,5.6378,0
2026-02-22 15:15:00,7939085056,5223714037,38,up,211.709,139.299,21.171,3.8973,0
2026-02-22 15:20:00,9123913298,4761237702,89,up,243.304,126.966,24.33,8.9695,0
2026-02-22 15:25:00,7328186587,4866164934,23,up,195.418,129.764,19.542,2.3437,0
2026-02-22 15:30:00,8147782147,5065208747,18,up,217.274,135.072,21.727,1.8463,0
2026-02-22 15:35:00,6336054337,6024310437,18,up,168.961,160.648,16.896,1.8296,0
2026-02-22 15:40:00,6639207260,5367664831,12,up,177.046,143.138,17.705,1.2212,0
2026-02-22 15:45:00,7925165650,5485165859,15,up,211.338,146.271,21.134,1.581,0
2026-02-22 15:50:00,8835704425,6482309417,25,up,235.619,172.862,23.562,2.5225,0
2026-02-22 15:55:00,7820052013,6499129826,67,up,208.535,173.31,20.853,6.7557,0
2026-02-22 16:00:00,4330948663,5434565663,90,up,115.492,144.922,11.549,9.0605,1
2026-02-22 16:05:00,7499362264,5199167130,48,up,199.983,138.644,19.998,4.8643,0
2026-02-22 16:10:00,6374633039,5041509538,49,up,169.99,134.44,16.999,4.9654,0
2026-02-22 16:15:00,8044063793,6092623644,18,up,214.508,162.47,21.451,1.8289,0
2026-02-22 16:20:00,8294099756,5486822617,10,up,221.176,146.315,22.118,1.0672,0
2026-02-22 16:25:00,7093118700,5364115949,25,up,189.15,143.043,18.915,2.5512,0
2026-02-22 16:30:00,7076962067,5075776411,14,up,188.719,135.354,18.872,1.4759,0
2026-02-22 16:35:00,7739290406,5105475173,2,up,206.381,136.146,20.638,0.2124,0
2026-02-22 16:40:00,7106952237,5841039279,11,up,189.519,155.761,18.952,1.1863,0
2026-02-22 16:45:00,7440480646,4737079170,128,up,198.413,126.322,19.841,12.8202,0
2026-02-22 16:50:00,9389749610,6296536368,1,up,250.393,167.908,25.039,0.1243,0
2026-02-22 16:55:00,7277676869,5264654865,29,up,194.071,140.391,19.407,2.9823,0
2026-02-22 17:00:00,7177493863,5523995737,46,up,191.4,147.307,19.14,4.6001,0
2026-02-22 17:05:00,6917212374,4722539878,26,up,184.459,125.934,18.446,2.6155,0
2026-02-22 17:10:00,8169772774,5616652991,21,up,217.861,149.777,21.786,2.1085,0
2026-02-22 17:15:00,7336898244,5403383363,30,up,195.651,144.09,19.565,3.0737,0
2026-02-22 17:20:00,6915564265,5591195595,14,up,184.415,149.099,18.442,1.4024,0
2026-02-22 17:25:00,8689173629,6618403506,2,up,231.711,176.491,23.171,0.2395,0
2026-02-22 17:30:00,8777642704,5744946180,82,up,234.07,153.199,23.407,8.2,0
2026-02-22 17:35:00,6959618790,5088605050,14,up,185.59,135.696,18.559,1.4154,0
2026-02-22 17:40:00,5820114043,5144859060,27,up,155.203,137.196,15.52,2.737,0
2026-02-22 17:45:00,8406762320,6026713550,18,up,224.18,160.712,22.418,1.8945,0
2026-02-22 17:50:00,6883833156,6501617971,1,up,183.569,173.376,18.357,0.1406,0
2026-02-22 17:55:00,8211563039,5815294664,76,up,218.975,155.075,21.898,7.6306,0
2026-02-22 18:00:00,5726906564,6089881102,39,up,152.718,162.397,15.272,3.932,0
2026-02-22 18:05:00,8303337604,6036572963,4,up,221.422,160.975,22.142,0.4036,0
2026-02-22 18:10:00,6409945263,6582868479,99,up,170.932,175.543,17.093,9.9952,0
2026-02-22 18:15:00,8157687707,4309026633,33,up,217.538,114.907,21.754,3.3381,0
2026-02-22 18:20:00,7512845761,6075372784,15,up,200.343,162.01,20.034,1.5982,0
2026-02-22 18:25:00,3984872713,6289021829,94,up,106.263,167.707,10.626,9.4513,1
2026-02-22 18:30:00,7133667318,4721361498,2,up,190.231,125.903,19.023,0.2822,0
2026-02-22 18:35:00,8117686611,5027173975,20,up,216.472,134.058,21.647,2.0548,0
2026-02-22 18:40:00,7595305007,5050721644,1,up,202.541,134.686,20.254,0.1913,0
2026-02-22 18:45:00,8025971682,5133066617,19,up,214.026,136.882,21.403,1.9678,0
2026-02-22 18:50:00,9278796526,5299840990,20,up,247.435,141.329,24.743,2.0113,0
2026-02-22 18:55:00,6092182549,5788756898,51,up,162.458,154.367,16.246,5.1874,0
2026-02-22 19:00:00,8955491317,6209330389,32,up,238.813,165.582,23.881,3.228,0
2026-02-22 19:05:00,7593920343,6354888946,7,up,202.505,169.464,20.25,0.7177,0
2026-02-22 19:10:00,6691094356,5059469433,54,up,178.429,134.919,17.843,5.4827,0
2026-02-22 19:15:00,6302717736,5054825475,21,up,168.072,134.795,16.807,2.1288,0
2026-02-22 19:20:00,7329791648,6513179742,23,up,195.461,173.685,19.546,2.3309,0
2026-02-22 19:25:00,8329485100,6061552156,4,up,222.12,161.641,22.212,0.4628,0
2026-02-22 19:30:00,7385205791,5680933768,48,up,196.939,151.492,19.694,4.8758,0
2026-02-22 19:35:00,8860039437,5944502255,66,up,236.268,158.52,23.627,6.6829,0
2026-02-22 19:40:00,6193941878,5604882447,37,up,165.172,149.464,16.517,3.729,0
2026-02-22 19:45:00,7489119946,5979094661,70,up,199.71,159.443,19.971,7.0651,0
2026-02-22 19:50:00,6372845900,5398154979,8,up,169.943,143.951,16.994,0.8999,0
2026-02-22 19:55:00,7827268694,5806443330,49,up,208.727,154.838,20.873,4.9353,0
2026-02-22 20:00:00,8298198651,4605381416,16,up,221.285,122.81,22.129,1.6779,0
2026-02-22 20:05:00,7121314385,5160745600,4,up,189.902,137.62,18.99,0.4476,0
2026-02-22 20:10:00,5156207529,5168017455,27,up,137.499,137.814,13.75,2.7626,0
2026-02-22 20:15:00,7679053332,5372286727,28,up,204.775,143.261,20.477,2.881,0
2026-02-22 20:20:00,7893064696,4999603553,8,up,210.482,133.323,21.048,0.8454,0
2026-02-22 20:25:00,7863865279,5264858052,0,up,209.703,140.396,20.97,0.0697,0
2026-02-22 20:30:00,8612203972,4602770507,5,up,229.659,122.741,22.966,0.5574,0
2026-02-22 20:35:00,6536051688,5995372821,12,up,174.295,159.877,17.429,1.2761,0
2026-02-22 20:40:00,8112194494,5569303374,4,up,216.325,148.515,21.633,0.4585,0
2026-02-22 20:45:00,8573256761,4473984864,5,up,228.62,119.306,22.862,0.5393,0
2026-02-22 20:50:00,5899271174,5061489810,12,up,157.314,134.973,15.731,1.2414,0
2026-02-22 20:55:00,7787686643,5852205963,81,up,207.672,156.059,20.767,8.1614,0
2026-02-22 21:00:00,7046238152,5258460186,36,up,187.9,140.226,18.79,3.6124,0
2026-02-22 21:05:00,7426629594,5154564514,9,up,198.043,137.455,19.804,0.9632,0
2026-02-22 21:10:00,7812908835,5574649943,75,up,208.344,148.657,20.834,7.5708,0
2026-02-22 21:15:00,7061494292,5856928336,25,up,188.307,156.185,18.831,2.5937,0
2026-02-22 21:20:00,6891862728,4655462091,15,up,183.783,124.146,18.378,1.5195,0
2026-02-22 21:25:00,7530737175,5996336724,15,up,200.82,159.902,20.082,1.5792,0
2026-02-22 21:30:00,6521478655,5084802034,13,up,173.906,135.595,17.391,1.3222,0
2026-02-22 21:35:00,6522757384,5612898621,6,up,173.94,149.677,17.394,0.6631,0
2026-02-22 21:40:00,8111435954,5601091405,12,up,216.305,149.362,21.63,1.222,0
2026-02-22 21:45:00,3879651221,5269230370,75,up,103.457,140.513,10.346,7.5056,1
2026-02-22 21:50:00,8099681250,4934029671,18,up,215.992,131.574,21.599,1.8771,0
2026-02-22 21:55:00,7916332163,5432161580,35,up,211.102,144.858,21.11,3.5859,0
2026-02-22 22:00:00,5946773944,6722097958,11,up,158.581,179.256,15.858,1.111,0
2026-02-22 22:05:00,6890191812,4705869354,31,up,183.738,125.49,18.374,3.154,0
2026-02-22 22:10:00,8574698462,6767311287,21,up,228.659,180.462,22.866,2.1574,0
2026-02-22 22:15:00,6616951021,5449688209,81,up,176.452,145.325,17.645,8.1653,0
2026-02-22 22:20:00,7082036163,5648875706,12,up,188.854,150.637,18.885,1.2165,0
2026-02-22 22:25:00,7915854803,4891470202,57,up,211.089,130.439,21.109,5.7871,0
2026-02-22 22:30:00,8205051458,5104393143,42,up,218.801,136.117,21.88,4.2959,0
2026-02-22 22:35:00,7273615002,5285535986,25,up,193.963,140.948,19.396,2.538,0
2026-02-22 22:40:00,6962240824,4919155894,26,up,185.66,131.177,18.566,2.657,0
2026-02-22 22:45:00,8780132875,5483980378,2,up,234.137,146.239,23.414,0.2211,0
2026-02-22 22:50:00,9065009697,5350264273,75,up,241.734,142.674,24.173,7.5006,0
2026-02-22 22:55:00,8380972245,6874277271,2,up,223.493,183.314,22.349,0.2827,0
2026-02-22 23:00:00,7576786328,4837967424,20,up,202.048,129.012,20.205,2.0709,0
2026-02-22 23:05:00,6772560850,5694316098,10,up,180.602,151.848,18.06,1.0015,0
2026-02-22 23:10:00,4051560020,5792296240,56,up,108.042,154.461,10.804,5.6186,1
2026-02-22 23:15:00,7970262694,4902533629,23,up,212.54,130.734,21.254,2.3552,0
2026-02-22 23:20:00,7876558398,6088608559,59,up,210.042,162.363,21.004,5.9882,0
2026-02-22 23:25:00,8761438733,5356129266,15,up,233.638,142.83,23.364,1.5292,0
2026-02-22 23:30:00,8085405083,3942636985,110,up,215.611,105.137,21.561,11.0014,0
2026-02-22 23:35:00,6147227728,6070398488,22,up,163.926,161.877,16.393,2.2462,0
2026-02-22 23:40:00,8446752855,4871064903,4,up,225.247,129.895,22.525,0.4375,0
2026-02-22 23:45:00,6601745435,4917751911,5,up,176.047,131.14,17.605,0.5268,0
2026-02-22 23:50:00,7154425855,6089333905,31,up,190.785,162.382,19.078,3.1479,0
2026-02-22 23:55:00,7725180185,5390665999,1,up,206.005,143.751,20.6,0.1293,0
2026-02-23 00:00:00,9296100740,6244496201,16,up,247.896,166.52,24.79,1.6365,0
2026-02-23 00:05:00,10298926700,6441862114,4,up,274.638,171.783,27.464,0.4011,0
2026-02-23 00:10:00,8046050753,5189673289,14,up,214.561,138.391,21.456,1.4195,0
2026-02-23 00:15:00,7335123043,6160452184,34,up,195.603,164.279,19.56,3.4649,0
2026-02-23 00:20:00,7981055083,5115063959,15,up,212.828,136.402,21.283,1.535,0
2026-02-23 00:25:00,8298889883,7132353244,4,up,221.304,190.196,22.13,0.4462,0
2026-02-23 00:30:00,7211399136,5157254021,7,up,192.304,137.527,19.23,0.7256,0
2026-02-23 00:35:00,9115690220,6317609022,11,up,243.085,168.47,24.309,1.1453,0
2026-02-23 00:40:00,7707063683,6194558267,1,up,205.522,165.188,20.552,0.1802,0
2026-02-23 00:45:00,7947968780,5838359279,21,up,211.946,155.69,21.195,2.1947,0
2026-02-23 00:50:00,8099331826,5172383366,23,up,215.982,137.93,21.598,2.3383,0
2026-02-23 00:55:00,7879427949,5522806692,1,up,210.118,147.275,21.012,0.1604,0
2026-02-23 01:00:00,8255046450,4171328023,12,up,220.135,111.235,22.013,1.2867,0
2026-02-23 01:05:00,6944472132,5776483525,13,up,185.186,154.04,18.519,1.3361,0
2026-02-23 01:10:00,6997528421,5860990348,10,up,186.601,156.293,18.66,1.0155,0
2026-02-23 01:15:00,6509861190,5715112107,20,up,173.596,152.403,17.36,2.0396,0
2026-02-23 01:20:00,7895551107,3618018334,10,up,210.548,96.48,21.055,1.0615,0
2026-02-23 01:25:00,8201042853,4770695399,13,up,218.694,127.219,21.869,1.3464,0
2026-02-23 01:30:00,7911995579,5120038586,39,up,210.987,136.534,21.099,3.9928,0
2026-02-23 01:35:00,9007043190,5821869779,4,up,240.188,155.25,24.019,0.4422,0
2026-02-23 01:40:00,7494963583,5820303761,24,up,199.866,155.208,19.987,2.4131,0
2026-02-23 01:45:00,8101867490,5510098940,17,up,216.05,146.936,21.605,1.761,0
2026-02-23 01:50:00,6517469211,6053790737,9,up,173.799,161.434,17.38,0.9099,0
2026-02-23 01:55:00,7151610267,4932286396,32,up,190.71,131.528,19.071,3.2506,0
2026-02-23 02:00:00,8125983981,6036908628,20,up,216.693,160.984,21.669,2.0029,0
2026-02-23 02:05:00,8264191899,5945450920,16,up,220.378,158.545,22.038,1.6222,0
2026-02-23 02:10:00,7235429747,5879849444,27,up,192.945,156.796,19.294,2.7541,0
2026-02-23 02:15:00,7435560673,5502122709,40,up,198.282,146.723,19.828,4.0524,0
2026-02-23 02:20:00,6133913627,6860752081,89,up,163.571,182.953,16.357,8.9993,0
2026-02-23 02:25:00,7178673719,5957907089,24,up,191.431,158.878,19.143,2.4812,0
2026-02-23 02:30:00,8301344847,4971373292,51,up,221.369,132.57,22.137,5.1874,0
2026-02-23 02:35:00,8017684514,5792606196,0,up,213.805,154.469,21.38,0.0027,0
2026-02-23 02:40:00,7950599149,6132926279,18,up,212.016,163.545,21.202,1.8888,0
2026-02-23 02:45:00,7544796318,5228026695,6,up,201.195,139.414,20.119,0.6041,0
2026-02-23 02:50:00,7506356842,6360258766,2,up,200.17,169.607,20.017,0.2473,0
2026-02-23 02:55:00,6905710974,5882872751,18,up,184.152,156.877,18.415,1.8981,0
2026-02-23 03:00:00,8128945578,4043827122,34,up,216.772,107.835,21.677,3.4342,0
2026-02-23 03:05:00,7878875649,5827278584,13,up,210.103,155.394,21.01,1.3287,0
2026-02-23 03:10:00,7942816963,5350930320,27,up,211.808,142.691,21.181,2.7725,0
2026-02-23 03:15:00,7026568641,5987596374,16,up,187.375,159.669,18.738,1.682,0
2026-02-23 03:20:00,5561991372,6262345017,14,up,148.32,166.996,14.832,1.4366,0
2026-02-23 03:25:00,8487437440,5756734381,8,up,226.332,153.513,22.633,0.8571,0
2026-02-23 03:30:00,7069046289,6749045257,12,up,188.508,179.975,18.851,1.2056,0
2026-02-23 03:35:00,6723501812,5504372852,10,up,179.293,146.783,17.929,1.0762,0
2026-02-23 03:40:00,8124131020,6046752030,25,up,216.643,161.247,21.664,2.5975,0
2026-02-23 03:45:00,7147188624,6168336237,3,up,190.592,164.489,19.059,0.3083,0
2026-02-23 03:50:00,8453942745,5559291470,2,up,225.438,148.248,22.544,0.243,0
2026-02-23 03:55:00,8055305354,6150672657,26,up,214.808,164.018,21.481,2.6971,0
2026-02-23 04:00:00,8115212390,5223595733,19,up,216.406,139.296,21.641,1.9758,0
2026-02-23 04:05:00,6270639859,5339766317,14,up,167.217,142.394,16.722,1.4062,0
2026-02-23 04:10:00,5154449752,4739070134,16,up,137.452,126.375,13.745,1.654,1
2026-02-23 04:15:00,7735125478,5787951153,13,up,206.27,154.345,20.627,1.3234,0
2026-02-23 04:20:00,7167650574,5844544881,38,up,191.137,155.855,19.114,3.8984,0
2026-02-23 04:25:00,4577429772,6421002632,220,up,122.065,171.227,12.206,22.0384,1
2026-02-23 04:30:00,5901388290,6159019502,30,up,157.37,164.241,15.737,3.0315,0
2026-02-23 04:35:00,7867787530,5432762999,1,up,209.808,144.874,20.981,0.1545,0
2026-02-23 04:40:00,6573565642,4829728711,27,up,175.295,128.793,17.53,2.7748,0
2026-02-23 04:45:00,6282596742,5917174021,6,up,167.536,157.791,16.754,0.6893,0
2026-02-23 04:50:00,6129876732,6374758391,9,up,163.463,169.994,16.346,0.9468,0
2026-02-23 04:55:00,8501419537,6134749857,5,up,226.705,163.593,22.67,0.545,0
2026-02-23 05:00:00,6933662945,6357022329,37,up,184.898,169.521,18.49,3.7375,0
2026-02-23 05:05:00,8880354938,5481974566,26,up,236.809,146.186,23.681,2.6146,0
2026-02-23 05:10:00,7017778683,5310032196,23,up,187.141,141.601,18.714,2.3658,0
2026-02-23 05:15:00,5963377838,5127591587,27,up,159.023,136.736,15.902,2.7563,0
2026-02-23 05:20:00,6495128004,5587269885,6,up,173.203,148.994,17.32,0.6755,0
2026-02-23 05:25:00,8612230458,5571951212,14,up,229.659,148.585,22.966,1.4704,0
2026-02-23 05:30:00,7359691639,5764507399,25,up,196.258,153.72,19.626,2.5077,0
2026-02-23 05:35:00,7006541433,5537724216,25,up,186.841,147.673,18.684,2.5306,0
2026-02-23 05:40:00,7644016403,5534801282,39,up,203.84,147.595,20.384,3.9238,0
2026-02-23 05:45:00,7951604462,5100731514,8,up,212.043,136.02,21.204,0.846,0
2026-02-23 05:50:00,8505658934,6260592834,36,up,226.818,166.949,22.682,3.6778,0
2026-02-23 05:55:00,8803649306,5676649692,14,up,234.764,151.377,23.476,1.4504,0
2026-02-23 06:00:00,7176208218,5507250344,27,up,191.366,146.86,19.137,2.773,0
2026-02-23 06:05:00,6306557082,5120485254,15,up,168.175,136.546,16.817,1.5207,0
2026-02-23 06:10:00,7127881354,4725958650,74,up,190.077,126.026,19.008,7.4208,0
2026-02-23 06:15:00,7734252455,6507875829,4,up,206.247,173.543,20.625,0.494,0
2026-02-23 06:20:00,6632616966,5999381127,28,up,176.87,159.983,17.687,2.8099,0
2026-02-23 06:25:00,6638564176,4528855456,21,up,177.028,120.769,17.703,2.1482,0
2026-02-23 06:30:00,4685645456,6140121052,18,up,124.951,163.737,12.495,1.8963,1
2026-02-23 06:35:00,4473727730,6247674789,6,up,119.299,166.605,11.93,0.6829,1
2026-02-23 06:40:00,4517710377,5708953882,160,up,120.472,152.239,12.047,16.0517,1
2026-02-23 06:45:00,6817354198,6703724854,4,up,181.796,178.766,18.18,0.4283,0
2026-02-23 06:50:00,7292639357,5771285758,5,up,194.47,153.901,19.447,0.516,0
2026-02-23 06:55:00,6668190170,4668644118,95,up,177.818,124.497,17.782,9.5916,0
2026-02-23 07:00:00,8301178570,5871489075,31,up,221.365,156.573,22.136,3.1581,0
2026-02-23 07:05:00,8431724401,5790305678,7,up,224.846,154.408,22.485,0.7208,0
2026-02-23 07:10:00,5838430923,5217774627,22,up,155.691,139.141,15.569,2.2348,0
2026-02-23 07:15:00,6663440225,6012152214,19,up,177.692,160.324,17.769,1.9095,0
2026-02-23 07:20:00,6153123670,4499325945,46,up,164.083,119.982,16.408,4.6523,0
2026-02-23 07:25:00,6914978459,6293632608,32,up,184.399,167.83,18.44,3.2671,0
2026-02-23 07:30:00,7424905827,5032267850,44,up,197.997,134.194,19.8,4.4553,0
2026-02-23 07:35:00,6195319302,4960161365,5,up,165.209,132.271,16.521,0.5941,0
2026-02-23 07:40:00,4002195700,5548168278,102,up,106.725,147.951,10.673,10.2226,1
2026-02-23 07:45:00,6596438365,5917256726,1,up,175.905,157.794,17.591,0.1027,0
2026-02-23 07:50:00,7686540596,5735648742,1,up,204.974,152.951,20.497,0.1786,0
2026-02-23 07:55:00,7562409903,5123705063,31,up,201.664,136.632,20.166,3.1253,0
2026-02-23 08:00:00,6850436201,5283389728,0,up,182.678,140.89,18.268,0.0618,0
2026-02-23 08:05:00,7659138784,4860196415,21,up,204.244,129.605,20.424,2.1674,0
2026-02-23 08:10:00,7007987923,5473341066,45,up,186.88,145.956,18.688,4.5878,0
2026-02-23 08:15:00,7255510400,6350639319,11,up,193.48,169.35,19.348,1.1949,0
2026-02-23 08:20:00,9006106881,5622122517,1,up,240.163,149.923,24.016,0.1147,0
2026-02-23 08:25:00,5223848967,6205104621,125,up,139.303,165.469,13.93,12.5123,1
2026-02-23 08:30:00,6330376886,6607395902,66,up,168.81,176.197,16.881,6.637,0
2026-02-23 08:35:00,8246759176,5228087499,31,up,219.914,139.416,21.991,3.1573,0
2026-02-23 08:40:00,8230256899,5499063054,21,up,219.474,146.642,21.947,2.1595,0
2026-02-23 08:45:00,3879937824,7090555181,26,up,103.465,189.081,10.347,2.614,1
2026-02-23 08:50:00,8236899879,6599931803,0,up,219.651,175.998,21.965,0.0387,0
2026-02-23 08:55:00,8884138726,4496126945,29,up,236.91,119.897,23.691,2.9659,0
2026-02-23 09:00:00,3893825804,5886325113,26,up,103.835,156.969,10.384,2.627,1
2026-02-23 09:05:00,6674247461,5625377994,48,up,177.98,150.01,17.798,4.8827,0
2026-02-23 09:10:00,8415895320,6182855849,15,up,224.424,164.876,22.442,1.5701,0
2026-02-23 09:15:00,7744345779,5122139331,18,up,206.516,136.59,20.652,1.8909,0
2026-02-23 09:20:00,7996328647,5058264348,35,up,213.235,134.887,21.324,3.5054,0
2026-02-23 09:25:00,7806530294,5168652267,37,up,208.174,137.831,20.817,3.7789,0
2026-02-23 09:30:00,7851626328,5238948231,25,up,209.377,139.705,20.938,2.5726,0
2026-02-23 09:35:00,6306175084,6175343812,69,up,168.165,164.676,16.816,6.969,0
2026-02-23 09:40:00,8442585935,4827689208,100,up,225.136,128.738,22.514,10.0853,0
2026-02-23 09:45:00,8552630993,5204735617,73,up,228.07,138.793,22.807,7.3383,0
2026-02-23 09:50:00,7293548330,4417416636,43,up,194.495,117.798,19.449,4.3457,0
2026-02-23 09:55:00,7460870745,6304804530,30,up,198.957,168.128,19.896,3.0573,0
2026-02-23 10:00:00,6122003247,6482945317,27,up,163.253,172.879,16.325,2.7216,0
2026-02-23 10:05:00,7962829280,5404225434,2,up,212.342,144.113,21.234,0.2738,0
2026-02-23 10:10:00,8014851697,5423884178,7,up,213.729,144.637,21.373,0.7919,0
2026-02-23 10:15:00,7444028084,5930924784,0,up,198.507,158.158,19.851,0.0143,0
2026-02-23 10:20:00,8511918023,6620275354,3,up,226.984,176.541,22.698,0.3695,0
2026-02-23 10:25:00,7199330492,5900812254,14,up,191.982,157.355,19.198,1.4461,0
2026-02-23 10:30:00,8008145333,5154159188,3,up,213.551,137.444,21.355,0.3961,0
2026-02-23 10:35:00,6582302095,4532294763,57,up,175.528,120.861,17.553,5.7984,0
2026-02-23 10:40:00,7478803064,4872289772,40,up,199.435,129.928,19.943,4.0959,0
2026-02-23 10:45:00,7343081167,5674423128,1,up,195.815,151.318,19.582,0.1858,0
2026-02-23 10:50:00,7702777129,5182653921,7,up,205.407,138.204,20.541,0.7156,0
2026-02-23 10:55:00,7167425764,5756603201,42,up,191.131,153.509,19.113,4.2741,0
2026-02-23 11:00:00,7381674663,5251776289,40,up,196.845,140.047,19.684,4.062,0
2026-02-23 11:05:00,4946065472,4910751158,290,up,131.895,130.953,13.19,29.0865,1
2026-02-23 11:10:00,7106912186,4830503648,150,up,189.518,128.813,18.952,15.0269,0
2026-02-23 11:15:00,6054080609,6679589293,93,up,161.442,178.122,16.144,9.3525,0
2026-02-23 11:20:00,9074625513,6225066730,13,up,241.99,166.002,24.199,1.3197,0
2026-02-23 11:25:00,8743308670,6793099617,7,up,233.155,181.149,23.315,0.7203,0
2026-02-23 11:30:00,6336963574,5989466858,35,up,168.986,159.719,16.899,3.5513,0
2026-02-23 11:35:00,8120737024,5334755799,8,up,216.553,142.26,21.655,0.8891,0
2026-02-23 11:40:00,7047322706,6518255122,41,up,187.929,173.82,18.793,4.1049,0
2026-02-23 11:45:00,7737138493,5602679099,19,up,206.324,149.405,20.632,1.9087,0
2026-02-23 11:50:00,7764801716,5774068194,39,up,207.061,153.975,20.706,3.9488,0
2026-02-23 11:55:00,7289032979,5596093544,8,up,194.374,149.229,19.437,0.807,0
2026-02-23 12:00:00,6794610900,3635839651,17,up,181.19,96.956,18.119,1.7733,0
2026-02-23 12:05:00,6878513052,6708196133,20,up,183.427,178.885,18.343,2.0754,0
2026-02-23 12:10:00,6675427276,5956427663,71,up,178.011,158.838,17.801,7.1665,0
2026-02-23 12:15:00,4050816007,5847630566,31,up,108.022,155.937,10.802,3.1006,1
2026-02-23 12:20:00,7439539538,5583301157,68,up,198.388,148.888,19.839,6.8992,0
2026-02-23 12:25:00,6855816009,5735313778,40,up,182.822,152.942,18.282,4.0851,0
2026-02-23 12:30:00,4868308115,5221836718,131,up,129.822,139.249,12.982,13.1265,1
2026-02-23 12:35:00,8838521539,6041191062,38,up,235.694,161.098,23.569,3.8646,0
2026-02-23 12:40:00,6977952082,4742708617,23,up,186.079,126.472,18.608,2.3249,0
2026-02-23 12:45:00,7715464050,5750596191,6,up,205.746,153.349,20.575,0.6995,0
2026-02-23 12:50:00,7949716599,6004062092,5,up,211.992,160.108,21.199,0.5252,0
2026-02-23 12:55:00,7924802043,5490898334,50,up,211.328,146.424,21.133,5.0312,0
2026-02-23 13:00:00,7568359741,5875335759,32,up,201.823,156.676,20.182,3.2287,0
2026-02-23 13:05:00,8168414176,4955849285,5,up,217.824,132.156,21.782,0.5995,0
2026-02-23 13:10:00,7934024057,4973066929,23,up,211.574,132.615,21.157,2.3869,0
2026-02-23 13:15:00,6386103819,5784784056,14,up,170.296,154.261,17.03,1.4835,0
2026-02-23 13:20:00,8282240457,6083021016,4,up,220.86,162.214,22.086,0.4319,0
2026-02-23 13:25:00,8298561753,4359465682,18,up,221.295,116.252,22.129,1.8975,0
2026-02-23 13:30:00,4087825503,5977363928,33,up,109.009,159.396,10.901,3.3062,1
2026-02-23 13:35:00,7534144051,5258338987,2,up,200.911,140.222,20.091,0.253,0
2026-02-23 13:40:00,8114996093,5494855891,15,up,216.4,146.529,21.64,1.5729,0
2026-02-23 13:45:00,7311617562,4720825401,22,up,194.976,125.889,19.498,2.2297,0
2026-02-23 13:50:00,8465680242,5050158362,1,up,225.751,134.671,22.575,0.1201,0
2026-02-23 13:55:00,9627485245,6277134594,12,up,256.733,167.39,25.673,1.2858,0
2026-02-23 14:00:00,4075567542,5647182777,29,up,108.682,150.592,10.868,2.9795,1
2026-02-23 14:05:00,6257059857,5366624578,0,up,166.855,143.11,16.685,0.0778,0
2026-02-23 14:10:00,7773436736,5546370361,3,up,207.292,147.903,20.729,0.3357,0
2026-02-23 14:15:00,8149406254,5955217981,3,up,217.318,158.806,21.732,0.3743,0
2026-02-23 14:20:00,7292220263,5922333784,5,up,194.459,157.929,19.446,0.5049,0
2026-02-23 14:25:00,8807934596,5574356774,40,up,234.878,148.65,23.488,4.0662,0
2026-02-23 14:30:00,6295254780,6362747399,14,up,167.873,169.673,16.787,1.4473,0
2026-02-23 14:35:00,8123626760,6280062279,3,up,216.63,167.468,21.663,0.3977,0
2026-02-23 14:40:00,6954725261,5904026119,2,up,185.459,157.441,18.546,0.2642,0
2026-02-23 14:45:00,9047440115,5661862953,8,up,241.265,150.983,24.127,0.8843,0
2026-02-23 14:50:00,9293263817,6068691739,39,up,247.82,161.832,24.782,3.9989,0
2026-02-23 14:55:00,6810009070,5837130509,11,up,181.6,155.657,18.16,1.1332,0
2026-02-23 15:00:00,7005398577,6341040048,4,up,186.811,169.094,18.681,0.4356,0
2026-02-23 15:05:00,8273629098,6232203929,12,up,220.63,166.192,22.063,1.2943,0
2026-02-23 15:10:00,7151582415,4937678616,20,up,190.709,131.671,19.071,2.026,0
2026-02-23 15:15:00,4475477942,4891974859,3,up,119.346,130.453,11.935,0.3003,1
2026-02-23 15:20:00,7522849578,5151656557,24,up,200.609,137.378,20.061,2.4697,0
2026-02-23 15:25:00,5772294159,6283893615,12,up,153.928,167.57,15.393,1.2567,0
2026-02-23 15:30:00,7487546028,4560991427,0,up,199.668,121.626,19.967,0.0244,0
2026-02-23 15:35:00,6879245003,5891461237,28,up,183.447,157.106,18.345,2.8013,0
2026-02-23 15:40:00,7056189459,5869716586,31,up,188.165,156.526,18.817,3.1154,0
2026-02-23 15:45:00,8799268803,6409787439,24,up,234.647,170.928,23.465,2.4778,0
2026-02-23 15:50:00,6369143795,5746728616,10,up,169.844,153.246,16.984,1.0461,0
2026-02-23 15:55:00,8231884668,4718333661,18,up,219.517,125.822,21.952,1.8855,0
2026-02-23 16:00:00,7248933362,4977435401,12,up,193.305,132.732,19.33,1.2241,0
2026-02-23 16:05:00,7248215848,4827153022,30,up,193.286,128.724,19.329,3.0151,0
2026-02-23 16:10:00,8211334706,5261887822,21,up,218.969,140.317,21.897,2.1902,0
2026-02-23 16:15:00,7806046165,5501541441,2,up,208.161,146.708,20.816,0.2133,0
2026-02-23 16:20:00,8013551697,4838326969,25,up,213.695,129.022,21.369,2.5757,0
2026-02-23 16:25:00,8371366194,6617696843,29,up,223.236,176.472,22.324,2.9058,0
2026-02-23 16:30:00,7201822455,4730435073,11,up,192.049,126.145,19.205,1.1579,0
2026-02-23 16:35:00,6948986938,6533619811,52,up,185.306,174.23,18.531,5.2144,0
2026-02-23 16:40:00,6523364526,6424985046,46,up,173.956,171.333,17.396,4.629,0
2026-02-23 16:45:00,6757130523,6231354221,4,up,180.19,166.169,18.019,0.4814,0
2026-02-23 16:50:00,10154184982,5156707539,58,up,270.778,137.512,27.078,5.8655,0
2026-02-23 16:55:00,8620211622,5856154343,14,up,229.872,156.164,22.987,1.4534,0
2026-02-23 17:00:00,6284033070,4762774484,32,up,167.574,127.007,16.757,3.2161,0
2026-02-23 17:05:00,6309787838,6239862248,42,up,168.261,166.396,16.826,4.2063,0
2026-02-23 17:10:00,7933679455,5575060272,17,up,211.565,148.668,21.156,1.7586,0
2026-02-23 17:15:00,7992538317,5348708855,12,up,213.134,142.632,21.313,1.2733,0
2026-02-23 17:20:00,7993995451,4798972228,61,up,213.173,127.973,21.317,6.1761,0
2026-02-23 17:25:00,7270539785,3952683369,6,up,193.881,105.405,19.388,0.6562,0
2026-02-23 17:30:00,7387091165,4923984921,7,up,196.989,131.306,19.699,0.7425,0
2026-02-23 17:35:00,7795091571,6376138782,11,up,207.869,170.03,20.787,1.1221,0
2026-02-23 17:40:00,7577303705,5353087435,49,up,202.061,142.749,20.206,4.9058,0
2026-02-23 17:45:00,5502629664,5510703021,69,up,146.737,146.952,14.674,6.9835,0
2026-02-23 17:50:00,7293180332,6067499191,6,up,194.485,161.8,19.448,0.6214,0
2026-02-23 17:55:00,6733734209,6843826492,49,up,179.566,182.502,17.957,4.9854,0
2026-02-23 18:00:00,7657690277,6519378142,7,up,204.205,173.85,20.421,0.7467,0
2026-02-23 18:05:00,10186733102,4968673872,88,up,271.646,132.498,27.165,8.8204,0
2026-02-23 18:10:00,4698440099,4313764864,90,up,125.292,115.034,12.529,9.0983,1
2026-02-23 18:15:00,7217823282,7217739624,0,up,192.475,192.473,19.248,0.0178,0
2026-02-23 18:20:00,8329621351,7156569337,0,up,222.123,190.842,22.212,0.0868,0
2026-02-23 18:25:00,7934419098,5752206177,3,up,211.585,153.392,21.158,0.3989,0
2026-02-23 18:30:00,7878085041,4767420434,5,up,210.082,127.131,21.008,0.5193,0
2026-02-23 18:35:00,8046165533,6275177910,36,up,214.564,167.338,21.456,3.6484,0
2026-02-23 18:40:00,5610533525,5552111011,25,up,149.614,148.056,14.961,2.5201,1
2026-02-23 18:45:00,6482200408,5548737741,86,up,172.859,147.966,17.286,8.6959,0
2026-02-23 18:50:00,4755761321,6228759719,101,up,126.82,166.1,12.682,10.1091,1
2026-02-23 18:55:00,6666256983,5850702954,29,up,177.767,156.019,17.777,2.9483,0
2026-02-23 19:00:00,7999961381,4824574935,6,up,213.332,128.655,21.333,0.6142,0
2026-02-23 19:05:00,6673182139,5405799193,55,up,177.952,144.155,17.795,5.5805,0
2026-02-23 19:10:00,7124369867,6071278226,27,up,189.983,161.901,18.998,2.7552,0
2026-02-23 19:15:00,7234419077,5969420250,49,up,192.918,159.185,19.292,4.9952,0
2026-02-23 19:20:00,8378235047,5801861187,78,up,223.42,154.716,22.342,7.8364,0
2026-02-23 19:25:00,8326608999,6255060494,3,up,222.043,166.802,22.204,0.3357,0
2026-02-23 19:30:00,6378854361,5380841033,2,up,170.103,143.489,17.01,0.2539,0
2026-02-23 19:35:00,7549440699,5745602098,40,up,201.318,153.216,20.132,4.0666,0
2026-02-23 19:40:00,6861378130,3346484107,50,up,182.97,89.24,18.297,5.0271,0
2026-02-23 19:45:00,6367345580,5321486119,21,up,169.796,141.906,16.98,2.1912,0
2026-02-23 19:50:00,7304684654,6140634463,11,up,194.792,163.75,19.479,1.1393,0
2026-02-23 19:55:00,7222365490,5361483734,26,up,192.596,142.973,19.26,2.6434,0
2026-02-23 20:00:00,9684044837,5310296510,9,up,258.241,141.608,25.824,0.912,0
2026-02-23 20:05:00,7889663842,4922019257,6,up,210.391,131.254,21.039,0.6808,0
2026-02-23 20:10:00,6260144249,6302271977,16,up,166.937,168.061,16.694,1.6743,0
2026-02-23 20:15:00,6991703396,5995212709,6,up,186.445,159.872,18.645,0.6089,0
2026-02-23 20:20:00,8419244965,6182154853,16,up,224.513,164.857,22.451,1.6527,0
2026-02-23 20:25:00,9379598495,4459805575,78,up,250.123,118.928,25.012,7.8436,0
2026-02-23 20:30:00,6072615018,5516696220,45,up,161.936,147.112,16.194,4.5781,0
2026-02-23 20:35:00,5808068053,5435925069,71,up,154.882,144.958,15.488,7.1024,0
2026-02-23 20:40:00,9183868657,5435614098,41,up,244.903,144.95,24.49,4.104,0
2026-02-23 20:45:00,7850652759,5209181407,10,up,209.351,138.912,20.935,1.0953,0
2026-02-23 20:50:00,6718536541,5391379616,41,up,179.161,143.77,17.916,4.1789,0
2026-02-23 20:55:00,7981166177,6198510228,64,up,212.831,165.294,21.283,6.4071,0
2026-02-23 21:00:00,5127827034,4333825336,73,up,136.742,115.569,13.674,7.3453,0
2026-02-23 21:05:00,7503037955,6824673968,28,up,200.081,181.991,20.008,2.8737,0
2026-02-23 21:10:00,7795039055,5951592759,5,up,207.868,158.709,20.787,0.5936,0
2026-02-23 21:15:00,8331843125,5596425970,1,up,222.182,149.238,22.218,0.1013,0
2026-02-23 21:20:00,6587493642,6237113048,3,up,175.666,166.323,17.567,0.3981,0
2026-02-23 21:25:00,7577118445,4645011547,84,up,202.056,123.867,20.206,8.4204,0
2026-02-23 21:30:00,6667117836,5176326889,15,up,177.79,138.035,17.779,1.5502,0
2026-02-23 21:35:00,7729845380,5543274083,48,up,206.129,147.821,20.613,4.8273,0
2026-02-23 21:40:00,6694188309,6546753250,15,up,178.512,174.58,17.851,1.5639,0
2026-02-23 21:45:00,7132709244,5593614807,27,up,190.206,149.163,19.021,2.703,0
2026-02-23 21:50:00,6603766144,5928786903,0,up,176.1,158.101,17.61,0.0611,0
2026-02-23 21:55:00,8086022617,5227034177,7,up,215.627,139.388,21.563,0.7188,0
2026-02-23 22:00:00,8272606004,5953618396,14,up,220.603,158.763,22.06,1.4329,0
2026-02-23 22:05:00,7288841487,6757136725,24,up,194.369,180.19,19.437,2.4899,0
2026-02-23 22:10:00,7534414195,6296980516,4,up,200.918,167.919,20.092,0.4704,0
2026-02-23 22:15:00,6196267726,5570017208,36,up,165.234,148.534,16.523,3.6157,0
2026-02-23 22:20:00,7230291016,6080956321,11,up,192.808,162.159,19.281,1.133,0
2026-02-23 22:25:00,7454815844,6014823944,42,up,198.795,160.395,19.88,4.2516,0
2026-02-23 22:30:00,5915228269,5966946678,10,up,157.739,159.119,15.774,1.0311,1
2026-02-23 22:35:00,6499229676,6375568518,28,up,173.313,170.015,17.331,2.8467,0
2026-02-23 22:40:00,8817759514,6370522450,8,up,235.14,169.881,23.514,0.868,0
2026-02-23 22:45:00,8397172896,5539167947,39,up,223.925,147.711,22.392,3.9665,0
2026-02-23 22:50:00,7752572764,6058268366,12,up,206.735,161.554,20.674,1.2861,0
2026-02-23 22:55:00,9082758435,5366410928,27,up,242.207,143.104,24.221,2.7367,0
2026-02-23 23:00:00,7834894925,5001926132,68,up,208.931,133.385,20.893,6.8068,0
2026-02-23 23:05:00,7850243276,5443091714,0,up,209.34,145.149,20.934,0.0521,0
2026-02-23 23:10:00,7452191412,5573512247,0,up,198.725,148.627,19.873,0.0279,0
2026-02-23 23:15:00,8601211994,4503432832,36,up,229.366,120.092,22.937,3.6772,0
2026-02-23 23:20:00,5092093386,6205724477,103,up,135.789,165.486,13.579,10.3957,1
2026-02-23 23:25:00,6936890441,3757055339,8,up,184.984,100.188,18.498,0.8667,0
2026-02-23 23:30:00,6312677524,7457501434,17,up,168.338,198.867,16.834,1.705,0
2026-02-23 23:35:00,7317317426,6638768415,1,up,195.128,177.034,19.513,0.1071,0
2026-02-23 23:40:00,6779965292,5448819111,5,up,180.799,145.302,18.08,0.5344,0
2026-02-23 23:45:00,7442827882,5631362793,13,up,198.475,150.17,19.848,1.3813,0
2026-02-23 23:50:00,8613694321,5829506014,44,up,229.699,155.453,22.97,4.4901,0
2026-02-23 23:55:00,7088428510,5227316738,16,up,189.025,139.395,18.902,1.6332,0
2026-02-24 00:00:00,4476875374,5755017924,88,up,119.383,153.467,11.938,8.8277,1
2026-02-24 00:05:00,4531332276,5527800015,206,up,120.836,147.408,12.084,20.6952,1
2026-02-24 00:10:00,8263587793,5561365915,9,up,220.362,148.303,22.036,0.9234,0
2026-02-24 00:15:00,5477799599,5747486217,30,up,146.075,153.266,14.607,3.0158,0
2026-02-24 00:20:00,6953969734,4738368736,49,up,185.439,126.356,18.544,4.9452,0
2026-02-24 00:25:00,7690155323,5651709563,5,up,205.071,150.712,20.507,0.566,0
2026-02-24 00:30:00,8580071060,5735327228,11,up,228.802,152.942,22.88,1.102,0
2026-02-24 00:35:00,7057287797,5711973494,97,up,188.194,152.319,18.819,9.7564,0
2026-02-24 00:40:00,5811102564,5479314240,102,up,154.963,146.115,15.496,10.2187,0
2026-02-24 00:45:00,8057740301,6393053998,6,up,214.873,170.481,21.487,0.6315,0
2026-02-24 00:50:00,6928173850,5386284525,1,up,184.751,143.634,18.475,0.1719,0
2026-02-24 00:55:00,6429300006,5778444987,7,up,171.448,154.092,17.145,0.7899,0
2026-02-24 01:00:00,6938089149,6500675835,12,up,185.016,173.351,18.502,1.2676,0
2026-02-24 01:05:00,7333927178,5571421105,14,up,195.571,148.571,19.557,1.454,0
2026-02-24 01:10:00,6955729801,5769762705,24,up,185.486,153.86,18.549,2.4111,0
2026-02-24 01:15:00,5514990548,5559940370,57,up,147.066,148.265,14.707,5.7441,0
2026-02-24 01:20:00,8307359577,6460224610,10,up,221.53,172.273,22.153,1.0025,0
2026-02-24 01:25:00,8647387537,5451035920,47,up,230.597,145.361,23.06,4.7425,0
2026-02-24 01:30:00,8086369792,6491264339,2,up,215.637,173.1,21.564,0.2454,0
2026-02-24 01:35:00,6476082896,5555078171,1,up,172.696,148.135,17.27,0.1069,0
2026-02-24 01:40:00,7318657619,5044864686,17,up,195.164,134.53,19.516,1.7532,0
2026-02-24 01:45:00,7494130816,6083576890,1,up,199.843,162.229,19.984,0.1538,0
2026-02-24 01:50:00,8038914950,5419349212,12,up,214.371,144.516,21.437,1.246,0
2026-02-24 01:55:00,8101506439,6043838106,56,up,216.04,161.169,21.604,5.6772,0
2026-02-24 02:00:00,6839243581,3782652040,6,up,182.38,100.871,18.238,0.691,0
2026-02-24 02:05:00,7573796000,5628513551,30,up,201.968,150.094,20.197,3.0602,0
2026-02-24 02:10:00,7911552364,5314766423,9,up,210.975,141.727,21.097,0.9001,0
2026-02-24 02:15:00,8810240089,4907300386,1,up,234.94,130.861,23.494,0.1149,0
2026-02-24 02:20:00,8134055885,5251562323,20,up,216.908,140.042,21.691,2.0337,0
2026-02-24 02:25:00,8210151018,5237750377,45,up,218.937,139.673,21.894,4.5023,0
2026-02-24 02:30:00,7575443965,5592609588,13,up,202.012,149.136,20.201,1.3168,0
2026-02-24 02:35:00,8769413230,4702054638,24,up,233.851,125.388,23.385,2.4012,0
2026-02-24 02:40:00,7868786516,5838484801,57,up,209.834,155.693,20.983,5.7571,0
2026-02-24 02:45:00,6725020880,6547194980,38,up,179.334,174.592,17.933,3.898,0
2026-02-24 02:50:00,8763032973,5814626735,5,up,233.681,155.057,23.368,0.5388,0
2026-02-24 02:55:00,8128112945,6171067311,33,up,216.75,164.562,21.675,3.3049,0
2026-02-24 03:00:00,7101260380,6363829656,17,up,189.367,169.702,18.937,1.7424,0
2026-02-24 03:05:00,7068456329,6459630420,34,up,188.492,172.257,18.849,3.4257,0
2026-02-24 03:10:00,7766917990,6887343617,17,up,207.118,183.662,20.712,1.7056,0
2026-02-24 03:15:00,7916866315,5288038651,3,up,211.116,141.014,21.112,0.3423,0
2026-02-24 03:20:00,7677563039,5140023310,21,up,204.735,137.067,20.474,2.1094,0
2026-02-24 03:25:00,7780177806,6153839312,16,up,207.471,164.102,20.747,1.6938,0
2026-02-24 03:30:00,9029961637,6103079698,18,up,240.799,162.749,24.08,1.8241,0
2026-02-24 03:35:00,8464388837,6148580827,52,up,225.717,163.962,22.572,5.2779,0
2026-02-24 03:40:00,7671572032,6900265656,56,up,204.575,184.007,20.458,5.6306,0
2026-02-24 03:45:00,8347179522,5632674688,15,up,222.591,150.205,22.259,1.5107,0
2026-02-24 03:50:00,6570728486,5912655677,15,up,175.219,157.671,17.522,1.5208,0
2026-02-24 03:55:00,7858134344,4963237930,18,up,209.55,132.353,20.955,1.81,0
2026-02-24 04:00:00,9128375714,7066341758,18,up,243.423,188.436,24.342,1.8328,0
2026-02-24 04:05:00,7303758694,5397832178,75,up,194.767,143.942,19.477,7.5088,0
2026-02-24 04:10:00,6737129464,5416954248,26,up,179.657,144.452,17.966,2.6203,0
2026-02-24 04:15:00,6913120000,5390943823,8,up,184.35,143.759,18.435,0.8124,0
2026-02-24 04:20:00,6519330266,5189695295,18,up,173.849,138.392,17.385,1.8957,0
2026-02-24 04:25:00,6793714282,5132629992,24,up,181.166,136.87,18.117,2.4669,0
2026-02-24 04:30:00,7166542711,5271499609,25,up,191.108,140.573,19.111,2.5525,0
2026-02-24 04:35:00,6234989682,4703087748,22,up,166.266,125.416,16.627,2.2002,0
2026-02-24 04:40:00,7514056500,5094910403,4,up,200.375,135.864,20.037,0.4892,0
2026-02-24 04:45:00,8312049456,6940550100,0,up,221.655,185.081,22.165,0.0854,0
2026-02-24 04:50:00,6683019437,6121567221,10,up,178.214,163.242,17.821,1.0306,0
2026-02-24 04:55:00,8867355531,6249985319,13,up,236.463,166.666,23.646,1.3945,0
2026-02-24 05:00:00,7959712879,6419615931,1,up,212.259,171.19,21.226,0.1595,0
2026-02-24 05:05:00,8427522527,6863040830,42,up,224.734,183.014,22.473,4.2181,0
2026-02-24 05:10:00,6907948901,4429289777,10,up,184.212,118.114,18.421,1.0543,0
2026-02-24 05:15:00,8269072704,4794828897,61,up,220.509,127.862,22.051,6.1229,0
2026-02-24 05:20:00,6517259489,5082486528,4,up,173.794,135.533,17.379,0.4193,0
2026-02-24 05:25:00,8301222750,5307932387,1,up,221.366,141.545,22.137,0.1466,0
2026-02-24 05:30:00,7654655405,5422115661,16,up,204.124,144.59,20.412,1.646,0
2026-02-24 05:35:00,7997926097,5323290151,5,up,213.278,141.954,21.328,0.5241,0
2026-02-24 05:40:00,6441964854,5773033516,69,up,171.786,153.948,17.179,6.9274,0
2026-02-24 05:45:00,6694437141,5648824388,0,up,178.518,150.635,17.852,0.0259,0
2026-02-24 05:50:00,8037505396,5137086513,13,up,214.333,136.989,21.433,1.3302,0
2026-02-24 05:55:00,6646486796,4156504575,65,up,177.24,110.84,17.724,6.5346,0
2026-02-24 06:00:00,7916885662,4954813623,12,up,211.117,132.128,21.112,1.213,0
2026-02-24 06:05:00,6269575974,5254263909,2,up,167.189,140.114,16.719,0.2443,0
2026-02-24 06:10:00,8263356791,5458221380,9,up,220.356,145.553,22.036,0.902,0
2026-02-24 06:15:00,6390729016,4862474464,17,up,170.419,129.666,17.042,1.7229,0
2026-02-24 06:20:00,7997069943,5293705635,5,up,213.255,141.165,21.326,0.5119,0
2026-02-24 06:25:00,8063067840,4861583512,15,up,215.015,129.642,21.502,1.571,0
2026-02-24 06:30:00,6872905363,5540071937,45,up,183.277,147.735,18.328,4.525,0
2026-02-24 06:35:00,4814294346,4900663353,206,up,128.381,130.684,12.838,20.6056,1
2026-02-24 06:40:00,7734398037,5051989356,1,up,206.251,134.72,20.625,0.1263,0
2026-02-24 06:45:00,7015042329,4741638211,4,up,187.068,126.444,18.707,0.4386,0
2026-02-24 06:50:00,6592300784,5521387030,8,up,175.795,147.237,17.579,0.805,0
2026-02-24 06:55:00,5733636877,5040147755,22,up,152.897,134.404,15.29,2.2588,0
2026-02-24 07:00:00,7814685042,6237079380,11,up,208.392,166.322,20.839,1.1196,0
2026-02-24 07:05:00,6091677505,5898948930,46,up,162.445,157.305,16.244,4.6454,0
2026-02-24 07:10:00,7585809779,5577849988,31,up,202.288,148.743,20.229,3.1529,0
2026-02-24 07:15:00,4357737963,5086697289,10,up,116.206,135.645,11.621,1.0587,1
2026-02-24 07:20:00,8111228497,5881851206,24,up,216.299,156.849,21.63,2.4491,0
2026-02-24 07:25:00,7228159050,6091223100,2,up,192.751,162.433,19.275,0.2998,0
2026-02-24 07:30:00,7203496992,5721314678,7,up,192.093,152.568,19.209,0.736,0
2026-02-24 07:35:00,8158683633,6707498752,4,up,217.565,178.867,21.756,0.4896,0
2026-02-24 07:40:00,7801552226,5935255189,4,up,208.041,158.273,20.804,0.4751,0
2026-02-24 07:45:00,7784540361,6241684871,23,up,207.588,166.445,20.759,2.3954,0
2026-02-24 07:50:00,7922340830,5715156655,20,up,211.262,152.404,21.126,2.073,0
2026-02-24 07:55:00,6117985089,6081073505,4,up,163.146,162.162,16.315,0.484,0
2026-02-24 08:00:00,8181109811,5087172667,115,up,218.163,135.658,21.816,11.5565,0
2026-02-24 08:05:00,8051221914,5315581104,13,up,214.699,141.749,21.47,1.3697,0
2026-02-24 08:10:00,3950991110,5860820398,10,up,105.36,156.289,10.536,1.0211,1
2026-02-24 08:15:00,7280327573,5855917150,3,up,194.142,156.158,19.414,0.3212,0
2026-02-24 08:20:00,7464623441,5967637980,21,up,199.057,159.137,19.906,2.192,0
2026-02-24 08:25:00,7378952894,6367765202,96,up,196.772,169.807,19.677,9.6664,0
2026-02-24 08:30:00,7800473969,4663144459,21,up,208.013,124.351,20.801,2.1213,0
2026-02-24 08:35:00,8788230103,4967244530,74,up,234.353,132.46,23.435,7.4419,0
2026-02-24 08:40:00,8473590054,5779961532,14,up,225.962,154.132,22.596,1.4681,0
2026-02-24 08:45:00,6319002725,5136054548,14,up,168.507,136.961,16.851,1.431,0
2026-02-24 08:50:00,8059862991,7904993562,17,up,214.93,210.8,21.493,1.7329,0
2026-02-24 08:55:00,8696039987,5973110742,29,up,231.894,159.283,23.189,2.9886,0
2026-02-24 09:00:00,7848127668,5572126676,11,up,209.283,148.59,20.928,1.1456,0
2026-02-24 09:05:00,8481882382,5277058240,49,up,226.184,140.722,22.618,4.9857,0
2026-02-24 09:10:00,5586626040,5300890458,2,up,148.977,141.357,14.898,0.2972,1
2026-02-24 09:15:00,8421338591,5645344946,14,up,224.569,150.543,22.457,1.4485,0
2026-02-24 09:20:00,7724377736,5700587804,17,up,205.983,152.016,20.598,1.7884,0
2026-02-24 09:25:00,8440579626,5316728077,23,up,225.082,141.779,22.508,2.3351,0
2026-02-24 09:30:00,7630399049,5440622233,8,up,203.477,145.083,20.348,0.8077,0
2026-02-24 09:35:00,7521512738,6532392088,13,up,200.574,174.197,20.057,1.3943,0
2026-02-24 09:40:00,7183727187,6559540849,16,up,191.566,174.921,19.157,1.6567,0
2026-02-24 09:45:00,8907072022,5795122936,29,up,237.522,154.537,23.752,2.9032,0
2026-02-24 09:50:00,4058048520,4719649684,148,up,108.215,125.857,10.821,14.8521,1
2026-02-24 09:55:00,8879130952,5988489630,33,up,236.777,159.693,23.678,3.3469,0
2026-02-24 10:00:00,7949877711,6674140648,10,up,211.997,177.977,21.2,1.0448,0
2026-02-24 10:05:00,3744374665,6549602243,750,up,99.85,174.656,9.985,75.0654,1
2026-02-24 10:10:00,7830884363,6120737450,47,up,208.824,163.22,20.882,4.7207,0
2026-02-24 10:15:00,5609976143,6585135494,7,up,149.599,175.604,14.96,0.7528,0
2026-02-24 10:20:00,8062957215,5661034383,5,up,215.012,150.961,21.501,0.5426,0
2026-02-24 10:25:00,8296708334,6048969504,9,up,221.246,161.306,22.125,0.9423,0
2026-02-24 10:30:00,6966879639,5165476492,15,up,185.783,137.746,18.578,1.5053,0
2026-02-24 10:35:00,7611192926,5822279182,47,up,202.965,155.261,20.297,4.7562,0
2026-02-24 10:40:00,9258741690,6522435614,37,up,246.9,173.932,24.69,3.7668,0
2026-02-24 10:45:00,7044827966,5227139197,47,up,187.862,139.39,18.786,4.7637,0
2026-02-24 10:50:00,6546983171,5043525685,7,up,174.586,134.494,17.459,0.7935,0
2026-02-24 10:55:00,8833497062,5690805033,22,up,235.56,151.755,23.556,2.2502,0
2026-02-24 11:00:00,9266328471,5472003012,8,up,247.102,145.92,24.71,0.8326,0
2026-02-24 11:05:00,7503326104,6063174711,2,up,200.089,161.685,20.009,0.2886,0
2026-02-24 11:10:00,8410316731,5319049819,28,up,224.275,141.841,22.428,2.8816,0
2026-02-24 11:15:00,8707328323,6784946740,3,up,232.195,180.932,23.22,0.3858,0
2026-02-24 11:20:00,6831764190,4754468633,27,up,182.18,126.786,18.218,2.7543,0
2026-02-24 11:25:00,4237934848,6471270980,104,up,113.012,172.567,11.301,10.4402,1
2026-02-24 11:30:00,8607787061,5108726770,41,up,229.541,136.233,22.954,4.1551,0
2026-02-24 11:35:00,9016512850,4412711654,3,up,240.44,117.672,24.044,0.3758,0
2026-02-24 11:40:00,8006592774,5785565730,38,up,213.509,154.282,21.351,3.8252,0
2026-02-24 11:45:00,6708167081,5453139609,180,up,178.884,145.417,17.888,18.0786,0
2026-02-24 11:50:00,9288355000,4876013676,47,up,247.689,130.027,24.769,4.7602,0
2026-02-24 11:55:00,7022126191,4490070598,34,up,187.257,119.735,18.726,3.4839,0
2026-02-24 12:00:00,7198375996,5619356468,27,up,191.957,149.85,19.196,2.713,0
2026-02-24 12:05:00,7808104051,6283689901,13,up,208.216,167.565,20.822,1.3695,0
2026-02-24 12:10:00,8898744378,6019843607,32,up,237.3,160.529,23.73,3.278,0
2026-02-24 12:15:00,8268578378,5663276987,32,up,220.495,151.021,22.05,3.22,0
2026-02-24 12:20:00,7873378950,5948222111,24,up,209.957,158.619,20.996,2.4958,0
2026-02-24 12:25:00,7916959677,5606630460,39,up,211.119,149.51,21.112,3.9775,0
2026-02-24 12:30:00,7539163201,4659936135,14,up,201.044,124.265,20.104,1.489,0
2026-02-24 12:35:00,8002325563,4665896559,3,up,213.395,124.424,21.34,0.3231,0
2026-02-24 12:40:00,5223395930,5487861242,20,up,139.291,146.343,13.929,2.0472,0
2026-02-24 12:45:00,7233053286,5516559031,7,up,192.881,147.108,19.288,0.7699,0
2026-02-24 12:50:00,7717189741,6199413307,12,up,205.792,165.318,20.579,1.213,0
2026-02-24 12:55:00,6464087324,6136180351,0,up,172.376,163.631,17.238,0.0439,0
2026-02-24 13:00:00,7847690986,6033464785,12,up,209.272,160.892,20.927,1.2064,0
2026-02-24 13:05:00,7315975901,5435809168,41,up,195.093,144.955,19.509,4.1361,0
2026-02-24 13:10:00,9079928128,4693059785,19,up,242.131,125.148,24.213,1.9562,0
2026-02-24 13:15:00,8915717752,5903148017,0,up,237.752,157.417,23.775,0.0246,0
2026-02-24 13:20:00,7080774987,5979489286,15,up,188.821,159.453,18.882,1.5865,0
2026-02-24 13:25:00,7364246059,4012741262,8,up,196.38,107.006,19.638,0.8613,0
2026-02-24 13:30:00,7433447190,5061821724,16,up,198.225,134.982,19.823,1.6231,0
2026-02-24 13:35:00,7093506471,5158538295,12,up,189.16,137.561,18.916,1.2967,0
2026-02-24 13:40:00,7675522485,5704886385,67,up,204.681,152.13,20.468,6.7199,0
2026-02-24 13:45:00,6817546138,5082731707,1,up,181.801,135.54,18.18,0.1051,0
2026-02-24 13:50:00,6482446198,5599259166,28,up,172.865,149.314,17.287,2.8768,0
2026-02-24 13:55:00,8060440101,5482888915,47,up,214.945,146.21,21.495,4.76,0
2026-02-24 14:00:00,8066576625,5517574106,80,up,215.109,147.135,21.511,8.0,0
2026-02-24 14:05:00,6776115816,5141433851,4,up,180.696,137.105,18.07,0.4889,0
2026-02-24 14:10:00,8305819887,5193685088,18,up,221.489,138.498,22.149,1.8945,0
2026-02-24 14:15:00,6931580043,4895819734,1,up,184.842,130.555,18.484,0.1114,0
2026-02-24 14:20:00,7727848714,5881545522,17,up,206.076,156.841,20.608,1.7288,0
2026-02-24 14:25:00,8238309611,6010494274,3,up,219.688,160.28,21.969,0.3351,0
2026-02-24 14:30:00,4481849215,5104832883,181,up,119.516,136.129,11.952,18.1952,1
2026-02-24 14:35:00,7909266820,6651432064,3,up,210.914,177.372,21.091,0.3022,0
2026-02-24 14:40:00,7035213320,5412644022,18,up,187.606,144.337,18.761,1.8002,0
2026-02-24 14:45:00,7323180074,6657875296,18,up,195.285,177.543,19.528,1.8406,0
2026-02-24 14:50:00,7314726512,5191564157,89,up,195.059,138.442,19.506,8.9079,0
2026-02-24 14:55:00,6828079488,4257060000,26,up,182.082,113.522,18.208,2.6604,0
2026-02-24 15:00:00,7340903253,5896483531,8,up,195.757,157.24,19.576,0.8486,0
2026-02-24 15:05:00,6106243531,5792767945,6,up,162.833,154.474,16.283,0.6887,0
2026-02-24 15:10:00,7057961627,5648215811,3,up,188.212,150.619,18.821,0.3431,0
2026-02-24 15:15:00,7243612055,5191493077,35,up,193.163,138.44,19.316,3.5317,0
2026-02-24 15:20:00,7269438222,5601663747,29,up,193.852,149.378,19.385,2.9341,0
2026-02-24 15:25:00,7282652298,5279899865,23,up,194.204,140.797,19.42,2.3532,0
2026-02-24 15:30:00,7444412220,5420914042,1,up,198.518,144.558,19.852,0.1042,0
2026-02-24 15:35:00,7931497366,6193101772,35,up,211.507,165.149,21.151,3.5974,0
2026-02-24 15:40:00,8287065366,5749346629,25,up,220.988,153.316,22.099,2.5673,0
2026-02-24 15:45:00,6915211295,6036717186,83,up,184.406,160.979,18.441,8.3029,0
2026-02-24 15:50:00,6417119230,5468488758,22,up,171.123,145.826,17.112,2.212,0
2026-02-24 15:55:00,6562160028,5394138291,9,up,174.991,143.844,17.499,0.9058,0
2026-02-24 16:00:00,7061517370,4846399291,12,up,188.307,129.237,18.831,1.2012,0
2026-02-24 16:05:00,4309962488,5375225286,19,up,114.932,143.339,11.493,1.9339,1
2026-02-24 16:10:00,6807003540,3383247674,32,up,181.52,90.22,18.152,3.2086,0
2026-02-24 16:15:00,6333495002,5226600172,30,up,168.893,139.376,16.889,3.0751,0
2026-02-24 16:20:00,7089491255,5569734930,5,up,189.053,148.526,18.905,0.5599,0
2026-02-24 16:25:00,7663283958,6005479716,4,up,204.354,160.146,20.435,0.4314,0
2026-02-24 16:30:00,8035526519,5443642432,2,up,214.281,145.164,21.428,0.2003,0
2026-02-24 16:35:00,6998319252,5859679641,60,up,186.622,156.258,18.662,6.0754,0
2026-02-24 16:40:00,7128301960,4153642653,6,up,190.088,110.764,19.009,0.6634,0
2026-02-24 16:45:00,6665971522,5586635124,10,up,177.759,148.977,17.776,1.0546,0
2026-02-24 16:50:00,7471704746,4491335614,8,up,199.245,119.769,19.925,0.823,0
2026-02-24 16:55:00,6736414229,4809395126,13,up,179.638,128.251,17.964,1.3345,0
2026-02-24 17:00:00,8015815031,5498663255,31,up,213.755,146.631,21.376,3.1298,0
2026-02-24 17:05:00,5892720157,6486478191,51,up,157.139,172.973,15.714,5.112,0
2026-02-24 17:10:00,7176333294,5875564565,5,up,191.369,156.682,19.137,0.5041,0
2026-02-24 17:15:00,7770996605,5637305923,28,up,207.227,150.328,20.723,2.8992,0
2026-02-24 17:20:00,7665451064,5611816987,10,up,204.412,149.648,20.441,1.0868,0
2026-02-24 17:25:00,9923730297,5143300497,98,up,264.633,137.155,26.463,9.8468,0
2026-02-24 17:30:00,7814820022,5257811195,8,up,208.395,140.208,20.84,0.8878,0
2026-02-24 17:35:00,6596350862,5913478830,0,up,175.903,157.693,17.59,0.018,0
2026-02-24 17:40:00,7414082177,4689881650,18,up,197.709,125.064,19.771,1.8123,0
2026-02-24 17:45:00,5901378299,6025311483,4,up,157.37,160.675,15.737,0.4084,0
2026-02-24 17:50:00,7427460225,5362757729,1,up,198.066,143.007,19.807,0.1138,0
2026-02-24 17:55:00,6750249548,6182251025,29,up,180.007,164.86,18.001,2.9956,0
2026-02-24 18:00:00,8323851248,6273738083,32,up,221.969,167.3,22.197,3.2943,0
2026-02-24 18:05:00,7005413752,4495668291,15,up,186.811,119.884,18.681,1.5437,0
2026-02-24 18:10:00,7394910675,5232432984,28,up,197.198,139.532,19.72,2.8244,0
2026-02-24 18:15:00,4156798765,5047518810,77,up,110.848,134.601,11.085,7.7271,1
2026-02-24 18:20:00,9064966216,4401408623,24,up,241.732,117.371,24.173,2.4843,0
2026-02-24 18:25:00,7210881510,4928040038,22,up,192.29,131.414,19.229,2.2702,0
2026-02-24 18:30:00,5489580803,7272847695,109,up,146.389,193.943,14.639,10.9608,1
2026-02-24 18:35:00,8232736585,6036419179,5,up,219.54,160.971,21.954,0.5567,0
2026-02-24 18:40:00,7933860054,6919169378,7,up,211.57,184.511,21.157,0.7824,0
2026-02-24 18:45:00,7831859832,6184641447,14,up,208.85,164.924,20.885,1.4494,0
2026-02-24 18:50:00,7854417568,5124255866,14,up,209.451,136.647,20.945,1.4771,0
2026-02-24 18:55:00,5765094678,5367304442,37,up,153.736,143.128,15.374,3.7226,0
2026-02-24 19:00:00,7249004945,6022194421,11,up,193.307,160.592,19.331,1.1448,0
2026-02-24 19:05:00,8260642174,5920316687,4,up,220.284,157.875,22.028,0.4434,0
2026-02-24 19:10:00,7455992534,5235294139,7,up,198.826,139.608,19.883,0.7241,0
2026-02-24 19:15:00,6235329137,4605754609,6,up,166.275,122.82,16.628,0.6043,0
2026-02-24 19:20:00,7452835994,7844238801,32,up,198.742,209.18,19.874,3.2888,0
2026-02-24 19:25:00,9033694964,5529723971,15,up,240.899,147.459,24.09,1.5888,0
2026-02-24 19:30:00,8622202543,5405126247,30,up,229.925,144.137,22.993,3.0829,0
2026-02-24 19:35:00,7444196391,5701500763,13,up,198.512,152.04,19.851,1.3456,0
2026-02-24 19:40:00,8356304349,5461158202,55,up,222.835,145.631,22.283,5.5122,0
2026-02-24 19:45:00,7170143681,5707842012,102,up,191.204,152.209,19.12,10.2641,0
2026-02-24 19:50:00,5966515571,6493689418,27,up,159.107,173.165,15.911,2.7705,0
2026-02-24 19:55:00,6667980610,5540929776,49,up,177.813,147.758,17.781,4.9843,0
2026-02-24 20:00:00,8906599891,4840170453,17,up,237.509,129.071,23.751,1.7729,0
2026-02-24 20:05:00,7253406226,5515890438,68,up,193.424,147.09,19.342,6.8189,0
2026-02-24 20:10:00,7280954418,5311528797,44,up,194.159,141.641,19.416,4.4533,0
2026-02-24 20:15:00,7230145623,6586131782,120,up,192.804,175.63,19.28,12.0025,0
2026-02-24 20:20:00,9213722930,6415505368,24,up,245.699,171.08,24.57,2.4394,0
2026-02-24 20:25:00,8963363023,5697579375,37,up,239.023,151.935,23.902,3.7763,0
2026-02-24 20:30:00,9496902210,4761853297,19,up,253.251,126.983,25.325,1.957,0
2026-02-24 20:35:00,7356859310,4797522722,7,up,196.183,127.934,19.618,0.7498,0
2026-02-24 20:40:00,7766062039,5635208201,10,up,207.095,150.272,20.709,1.0953,0
2026-02-24 20:45:00,6135021705,5852018004,56,up,163.601,156.054,16.36,5.6109,0
2026-02-24 20:50:00,8829240983,5372129596,1,up,235.446,143.257,23.545,0.1439,0
2026-02-24 20:55:00,6448998403,5300885530,22,up,171.973,141.357,17.197,2.238,0
2026-02-24 21:00:00,7695098007,5224860517,11,up,205.203,139.33,20.52,1.165,0
2026-02-24 21:05:00,6512427725,5609209076,12,up,173.665,149.579,17.366,1.2222,0
2026-02-24 21:10:00,6970019855,4016635412,53,up,185.867,107.11,18.587,5.3978,0
2026-02-24 21:15:00,6746463812,4881604525,48,up,179.906,130.176,17.991,4.8073,0
2026-02-24 21:20:00,6952912265,5201740679,22,up,185.411,138.713,18.541,2.2835,0
2026-02-24 21:25:00,7014789567,6440064656,7,up,187.061,171.735,18.706,0.7968,0
2026-02-24 21:30:00,7006558084,5075675791,16,up,186.842,135.351,18.684,1.6131,0
2026-02-24 21:35:00,8250000520,5746815995,13,up,220.0,153.248,22.0,1.3119,0
2026-02-24 21:40:00,6505623486,5777916356,10,up,173.483,154.078,17.348,1.0909,0
2026-02-24 21:45:00,7698487284,6501093641,2,up,205.293,173.362,20.529,0.2712,0
2026-02-24 21:50:00,8596163237,6477239749,19,up,229.231,172.726,22.923,1.9583,0
2026-02-24 21:55:00,7038123271,5586185496,8,up,187.683,148.965,18.768,0.8982,0
2026-02-24 22:00:00,6853872998,5304047799,27,up,182.77,141.441,18.277,2.703,0
2026-02-24 22:05:00,7292527837,5176912655,9,up,194.467,138.051,19.447,0.9612,0
2026-02-24 22:10:00,8561752687,5462282324,14,up,228.313,145.661,22.831,1.4104,0
2026-02-24 22:15:00,7674696867,5332027485,1,up,204.659,142.187,20.466,0.1345,0
2026-02-24 22:20:00,7021907134,5998698501,122,up,187.251,159.965,18.725,12.2449,0
2026-02-24 22:25:00,7935488986,5908709126,17,up,211.613,157.566,21.161,1.7712,0
2026-02-24 22:30:00,6507937065,6024465804,0,up,173.545,160.652,17.354,0.0613,0
2026-02-24 22:35:00,4867934135,6475016505,77,up,129.812,172.667,12.981,7.7921,1
2026-02-24 22:40:00,7867746576,6882436656,51,up,209.807,183.532,20.981,5.1074,0
2026-02-24 22:45:00,7222972375,5709147790,37,up,192.613,152.244,19.261,3.7021,0
2026-02-24 22:50:00,6745272781,6367138045,30,up,179.874,169.79,17.987,3.0175,0
2026-02-24 22:55:00,6701987169,5387629375,3,up,178.72,143.67,17.872,0.3755,0
2026-02-24 23:00:00,7981335602,6424879713,26,up,212.836,171.33,21.284,2.6804,0
2026-02-24 23:05:00,8606082452,6341518681,36,up,229.496,169.107,22.95,3.6343,0
2026-02-24 23:10:00,6926423027,6305680779,21,up,184.705,168.151,18.47,2.124,0
2026-02-24 23:15:00,7912548033,5688497142,55,up,211.001,151.693,21.1,5.5815,0
2026-02-24 23:20:00,3373005409,5173858239,32,up,89.947,137.97,8.995,3.2433,1
2026-02-24 23:25:00,6973844042,4683693304,6,up,185.969,124.898,18.597,0.6932,0
2026-02-24 23:30:00,7472046960,5597974884,50,up,199.255,149.279,19.925,5.0923,0
2026-02-24 23:35:00,6681284924,6659783466,24,up,178.168,177.594,17.817,2.4547,0
2026-02-24 23:40:00,6657144262,5415854691,0,up,177.524,144.423,17.752,0.0036,0
2026-02-24 23:45:00,6898998399,6154960445,10,up,183.973,164.132,18.397,1.089,0
2026-02-24 23:50:00,7762973455,6194667195,48,up,207.013,165.191,20.701,4.8773,0
2026-02-24 23:55:00,7331403883,5433511800,0,up,195.504,144.894,19.55,0.0692,0
2026-02-25 00:00:00,5485591890,6513532765,0,up,146.282,173.694,14.628,0.0081,0
2026-02-25 00:05:00,5591369862,3661653997,8,up,149.103,97.644,14.91,0.8256,0
2026-02-25 00:10:00,6953821339,4799643561,61,up,185.435,127.99,18.544,6.1335,0
2026-02-25 00:15:00,7911917927,5006948199,57,up,210.984,133.519,21.098,5.7937,0
2026-02-25 00:20:00,5027245641,5071692359,18,up,134.06,135.245,13.406,1.8285,0
2026-02-25 00:25:00,7050242841,5851977492,20,up,188.006,156.053,18.801,2.0143,0
2026-02-25 00:30:00,7026376929,5820775517,10,up,187.37,155.221,18.737,1.0087,0
2026-02-25 00:35:00,8749504000,5890943636,6,up,233.32,157.092,23.332,0.6984,0
2026-02-25 00:40:00,7153480369,6027355008,42,up,190.759,160.729,19.076,4.2215,0
2026-02-25 00:45:00,7844690086,4983679415,2,up,209.192,132.898,20.919,0.2809,0
2026-02-25 00:50:00,7627131426,4802731154,16,up,203.39,128.073,20.339,1.6704,0
2026-02-25 00:55:00,5582490168,5892515785,25,up,148.866,157.134,14.887,2.5155,0
2026-02-25 01:00:00,8191386494,5199593350,2,up,218.437,138.656,21.844,0.2736,0
2026-02-25 01:05:00,7693856854,4564929344,18,up,205.17,121.731,20.517,1.8329,0
2026-02-25 01:10:00,7957441775,6280657392,21,up,212.198,167.484,21.22,2.154,0
2026-02-25 01:15:00,11033613935,6566693786,33,up,294.23,175.112,29.423,3.3918,0
2026-02-25 01:20:00,5624298354,6676083600,6,up,149.981,178.029,14.998,0.6692,0
2026-02-25 01:25:00,9052226984,5751230211,8,up,241.393,153.366,24.139,0.868,0
2026-02-25 01:30:00,7241297232,6047504164,21,up,193.101,161.267,19.31,2.1071,0
2026-02-25 01:35:00,7758596013,6549661050,102,up,206.896,174.658,20.69,10.205,0
2026-02-25 01:40:00,7459038979,5192044341,6,up,198.908,138.455,19.891,0.6131,0
2026-02-25 01:45:00,7118187299,6374707436,106,up,189.818,169.992,18.982,10.6546,0
2026-02-25 01:50:00,6987150364,5810892458,31,up,186.324,154.957,18.632,3.1324,0
2026-02-25 01:55:00,7796557862,6241755365,43,up,207.908,166.447,20.791,4.3729,0
2026-02-25 02:00:00,6134543672,5750612789,2,up,163.588,153.35,16.359,0.2348,0
2026-02-25 02:05:00,8175521250,6499973279,8,up,218.014,173.333,21.801,0.8932,0
2026-02-25 02:10:00,7125425035,5775878539,1,up,190.011,154.023,19.001,0.1487,0
2026-02-25 02:15:00,6482937594,4623314134,11,up,172.878,123.288,17.288,1.1612,0
2026-02-25 02:20:00,7094988427,6605050476,99,up,189.2,176.135,18.92,9.9467,0
2026-02-25 02:25:00,8631434295,4985416749,2,up,230.172,132.944,23.017,0.2781,0
2026-02-25 02:30:00,7018198421,6470814291,20,up,187.152,172.555,18.715,2.066,0
2026-02-25 02:35:00,7822608256,5564086055,0,up,208.603,148.376,20.86,0.0152,0
2026-02-25 02:40:00,6842139351,6418807415,31,up,182.457,171.168,18.246,3.1179,0
2026-02-25 02:45:00,8182129664,6390968815,5,up,218.19,170.426,21.819,0.5491,0
2026-02-25 02:50:00,8116956964,5915346507,3,up,216.452,157.743,21.645,0.347,0
2026-02-25 02:55:00,9163747949,5968261339,10,up,244.367,159.154,24.437,1.0275,0
2026-02-25 03:00:00,7341992449,5910274316,36,up,195.786,157.607,19.579,3.6856,0
2026-02-25 03:05:00,8101789324,4265668289,2,up,216.048,113.751,21.605,0.2818,0
2026-02-25 03:10:00,7588260785,5704872897,6,up,202.354,152.13,20.235,0.6529,0
2026-02-25 03:15:00,8666284603,4871656681,0,up,231.101,129.911,23.11,0.0213,0
2026-02-25 03:20:00,6853050851,5740551322,86,up,182.748,153.081,18.275,8.6377,0
2026-02-25 03:25:00,8170504781,4853513781,22,up,217.88,129.427,21.788,2.2421,0
2026-02-25 03:30:00,7324772433,4825157439,31,up,195.327,128.671,19.533,3.1815,0
2026-02-25 03:35:00,7442230640,6708330788,26,up,198.459,178.889,19.846,2.6345,0
2026-02-25 03:40:00,7582577236,6346876986,3,up,202.202,169.25,20.22,0.3898,0
2026-02-25 03:45:00,7727016356,5622203755,22,up,206.054,149.925,20.605,2.2593,0
2026-02-25 03:50:00,7395393861,5749718838,3,up,197.211,153.326,19.721,0.3522,0
2026-02-25 03:55:00,7693241864,5457656682,12,up,205.153,145.538,20.515,1.2822,0
2026-02-25 04:00:00,8920306251,6009666553,21,up,237.875,160.258,23.787,2.1039,0
2026-02-25 04:05:00,8386904717,5168663302,20,up,223.651,137.831,22.365,2.0461,0
2026-02-25 04:10:00,8282239133,6295774677,3,up,220.86,167.887,22.086,0.317,0
2026-02-25 04:15:00,7090014426,5454166382,0,up,189.067,145.444,18.907,0.0876,0
2026-02-25 04:20:00,6699683254,5341603277,40,up,178.658,142.443,17.866,4.0016,0
2026-02-25 04:25:00,8359770502,5639656287,32,up,222.927,150.391,22.293,3.2359,0
2026-02-25 04:30:00,8288442113,5225975889,2,up,221.025,139.359,22.103,0.2134,0
2026-02-25 04:35:00,8825403608,5846860585,3,up,235.344,155.916,23.534,0.3407,0
2026-02-25 04:40:00,6956417436,5262280252,55,up,185.504,140.327,18.55,5.5776,0
2026-02-25 04:45:00,7293406210,5941253431,36,up,194.491,158.433,19.449,3.6647,0
2026-02-25 04:50:00,6024464253,6445804413,139,up,160.652,171.888,16.065,13.9059,0
2026-02-25 04:55:00,7146776004,5139457861,7,up,190.581,137.052,19.058,0.7325,0
2026-02-25 05:00:00,8396913459,5536861566,16,up,223.918,147.65,22.392,1.6726,0
2026-02-25 05:05:00,7080154158,5936398231,6,up,188.804,158.304,18.88,0.6745,0
2026-02-25 05:10:00,8076431815,5330796285,24,up,215.372,142.155,21.537,2.4375,0
2026-02-25 05:15:00,7328547204,5938416378,3,up,195.428,158.358,19.543,0.3066,0
2026-02-25 05:20:00,7791651325,5999894230,3,up,207.777,159.997,20.778,0.3402,0
2026-02-25 05:25:00,6467077749,6356201698,1,up,172.455,169.499,17.246,0.1865,0
2026-02-25 05:30:00,7576688504,5215956718,29,up,202.045,139.092,20.205,2.957,0
2026-02-25 05:35:00,4807977626,4988626712,17,up,128.213,133.03,12.821,1.7034,0
2026-02-25 05:40:00,7331793457,5417385262,24,up,195.514,144.464,19.551,2.4041,0
2026-02-25 05:45:00,3619544448,4971767170,211,up,96.521,132.58,9.652,21.1446,1
2026-02-25 05:50:00,8585395064,6006036287,33,up,228.944,160.161,22.894,3.3708,0
2026-02-25 05:55:00,8199666617,4840817872,15,up,218.658,129.088,21.866,1.5485,0
2026-02-25 06:00:00,7920003883,7199786082,103,up,211.2,191.994,21.12,10.3942,0
2026-02-25 06:05:00,8868905604,6499751306,15,up,236.504,173.327,23.65,1.5232,0
2026-02-25 06:10:00,6645975131,5633488644,2,up,177.226,150.226,17.723,0.2982,0
2026-02-25 06:15:00,9072626878,6210491282,122,up,241.937,165.613,24.194,12.2843,0
2026-02-25 06:20:00,8338972407,4520158741,0,up,222.373,120.538,22.237,0.0577,0
2026-02-25 06:25:00,7287100241,7328276998,19,up,194.323,195.421,19.432,1.9956,0
2026-02-25 06:30:00,8522058132,5226605136,9,up,227.255,139.376,22.725,0.9244,0
2026-02-25 06:35:00,6504335838,5543664245,17,up,173.449,147.831,17.345,1.7507,0
2026-02-25 06:40:00,6757937254,4372245031,20,up,180.212,116.593,18.021,2.0451,0
2026-02-25 06:45:00,6952269249,5953243930,6,up,185.394,158.753,18.539,0.6864,0
2026-02-25 06:50:00,7023920062,4878217693,20,up,187.305,130.086,18.73,2.0347,0
2026-02-25 06:55:00,6549098121,5693617639,35,up,174.643,151.83,17.464,3.5271,0
2026-02-25 07:00:00,8600774760,5257614757,7,up,229.354,140.203,22.935,0.7749,0
2026-02-25 07:05:00,7267031039,4897522843,12,up,193.787,130.601,19.379,1.2089,0
2026-02-25 07:10:00,7817254471,5082055986,7,up,208.46,135.521,20.846,0.7808,0
2026-02-25 07:15:00,6986683770,5777406923,42,up,186.312,154.064,18.631,4.2948,0
2026-02-25 07:20:00,5861457029,4759993593,32,up,156.306,126.933,15.631,3.2273,0
2026-02-25 07:25:00,7743051622,5119552122,51,up,206.481,136.521,20.648,5.1237,0
2026-02-25 07:30:00,5778970522,6072709532,4,up,154.106,161.939,15.411,0.466,0
2026-02-25 07:35:00,7438229358,7381673915,1,up,198.353,196.845,19.835,0.1911,0
2026-02-25 07:40:00,6268516465,5947372453,3,up,167.16,158.597,16.716,0.3178,0
2026-02-25 07:45:00,9288548399,5005848391,4,up,247.695,133.489,24.769,0.4389,0
2026-02-25 07:50:00,8320226449,5377197935,19,up,221.873,143.392,22.187,1.904,0
2026-02-25 07:55:00,7595178412,5646322579,88,up,202.538,150.569,20.254,8.8436,0
2026-02-25 08:00:00,8637336009,5389138158,11,up,230.329,143.71,23.033,1.1049,0
2026-02-25 08:05:00,6738315620,6234564262,79,up,179.688,166.255,17.969,7.9557,0
2026-02-25 08:10:00,7989131440,5771794601,0,up,213.044,153.915,21.304,0.0974,0
2026-02-25 08:15:00,7679829390,6237800359,65,up,204.795,166.341,20.48,6.5389,0
2026-02-25 08:20:00,7737618073,5412750441,4,up,206.336,144.34,20.634,0.4996,0
2026-02-25 08:25:00,8645118150,6519712648,60,up,230.536,173.859,23.054,6.0896,0
2026-02-25 08:30:00,8159242892,5512622230,1,up,217.58,147.003,21.758,0.1447,0
2026-02-25 08:35:00,7759851296,4969446838,74,up,206.929,132.519,20.693,7.4019,0
2026-02-25 08:40:00,3606360784,7094691257,22,up,96.17,189.192,9.617,2.2414,1
2026-02-25 08:45:00,6635958334,4393140020,9,up,176.959,117.15,17.696,0.9014,0
2026-02-25 08:50:00,7389561959,5126351360,16,up,197.055,136.703,19.705,1.688,0
2026-02-25 08:55:00,7584035136,5201756200,11,up,202.241,138.713,20.224,1.198,0
2026-02-25 09:00:00,6482816647,7318106734,27,up,172.875,195.15,17.288,2.753,0
2026-02-25 09:05:00,9670509008,6844629746,92,up,257.88,182.523,25.788,9.203,0
2026-02-25 09:10:00,8864754649,6633401496,23,up,236.393,176.891,23.639,2.3312,0
2026-02-25 09:15:00,8041906488,5401805402,31,up,214.451,144.048,21.445,3.1957,0
2026-02-25 09:20:00,7564833175,7262670152,2,up,201.729,193.671,20.173,0.2303,0
2026-02-25 09:25:00,7309011927,5873637602,24,up,194.907,156.63,19.491,2.4709,0
2026-02-25 09:30:00,6643273385,6284652774,15,up,177.154,167.591,17.715,1.5122,0
2026-02-25 09:35:00,7569732466,5746294382,54,up,201.86,153.235,20.186,5.4241,0
2026-02-25 09:40:00,7731977286,5591610064,12,up,206.186,149.11,20.619,1.2284,0
2026-02-25 09:45:00,6382415482,5455049395,28,up,170.198,145.468,17.02,2.8443,0
2026-02-25 09:50:00,4680455265,5483493004,25,up,124.812,146.226,12.481,2.5897,1
2026-02-25 09:55:00,7360266856,6035731862,7,up,196.274,160.953,19.627,0.7506,0
2026-02-25 10:00:00,5782973197,5872859864,11,up,154.213,156.61,15.421,1.1795,0
2026-02-25 10:05:00,6725653490,5603756825,9,up,179.351,149.434,17.935,0.9062,0
2026-02-25 10:10:00,7127755019,6643928695,7,up,190.073,177.171,19.007,0.7322,0
2026-02-25 10:15:00,9198918891,3622441678,1,up,245.305,96.598,24.53,0.1274,0
2026-02-25 10:20:00,8000897812,5969173892,45,up,213.357,159.178,21.336,4.5311,0
2026-02-25 10:25:00,6298066587,6109473626,1,up,167.948,162.919,16.795,0.1662,0
2026-02-25 10:30:00,7937432660,6399199936,54,up,211.665,170.645,21.166,5.459,0
2026-02-25 10:35:00,6107426409,5581211777,3,up,162.865,148.832,16.286,0.3352,0
2026-02-25 10:40:00,8474421948,5765346045,1,up,225.985,153.743,22.598,0.1687,0
2026-02-25 10:45:00,7075987813,6290515158,20,up,188.693,167.747,18.869,2.0696,0
2026-02-25 10:50:00,7415727430,6631537322,17,up,197.753,176.841,19.775,1.7451,0
2026-02-25 10:55:00,8693216982,5422138210,16,up,231.819,144.59,23.182,1.6894,0
2026-02-25 11:00:00,6341552788,5805208653,21,up,169.108,154.806,16.911,2.1363,0
2026-02-25 11:05:00,6242593633,6758037425,8,up,166.469,180.214,16.647,0.8459,0
2026-02-25 11:10:00,6974760606,4191281723,27,up,185.994,111.768,18.599,2.7188,0
2026-02-25 11:15:00,8434540965,5159241495,17,up,224.921,137.58,22.492,1.7449,0
2026-02-25 11:20:00,6132588532,6614439285,10,up,163.536,176.385,16.354,1.019,0
2026-02-25 11:25:00,2970635977,6362463037,175,up,79.217,169.666,7.922,17.5158,1
2026-02-25 11:30:00,7093957027,5977650517,32,up,189.172,159.404,18.917,3.2523,0
2026-02-25 11:35:00,7996566719,5322197110,12,up,213.242,141.925,21.324,1.2506,0
2026-02-25 11:40:00,8580235574,5029772513,47,up,228.806,134.127,22.881,4.7034,0
2026-02-25 11:45:00,7083154774,5225929457,63,up,188.884,139.358,18.888,6.3224,0
2026-02-25 11:50:00,7129716053,6669905549,19,up,190.126,177.864,19.013,1.9243,0
2026-02-25 11:55:00,8538510660,5200801184,6,up,227.694,138.688,22.769,0.605,0
2026-02-25 12:00:00,5817232470,5693460500,61,up,155.126,151.826,15.513,6.1862,0
2026-02-25 12:05:00,7150331302,5116247339,5,up,190.676,136.433,19.068,0.5252,0
2026-02-25 12:10:00,7671381500,6193872470,1,up,204.57,165.17,20.457,0.1241,0
2026-02-25 12:15:00,7904296849,5261359760,9,up,210.781,140.303,21.078,0.9918,0
2026-02-25 12:20:00,7041173976,5559124124,32,up,187.765,148.243,18.776,3.2454,0
2026-02-25 12:25:00,7530996910,4488717060,64,up,200.827,119.699,20.083,6.4188,0
2026-02-25 12:30:00,5260505381,4535976440,25,up,140.28,120.959,14.028,2.5353,0
2026-02-25 12:35:00,6907576428,5630179405,75,up,184.202,150.138,18.42,7.583,0
2026-02-25 12:40:00,7908157841,4730518920,2,up,210.884,126.147,21.088,0.2423,0
2026-02-25 12:45:00,6615935369,7045933481,1,up,176.425,187.892,17.642,0.1567,0
2026-02-25 12:50:00,7553085799,4233471899,23,up,201.416,112.893,20.142,2.3171,0
2026-02-25 12:55:00,7902185250,5084881673,84,up,210.725,135.597,21.072,8.4621,0
2026-02-25 13:00:00,7191705719,5636273085,17,up,191.779,150.301,19.178,1.7465,0
2026-02-25 13:05:00,7653417393,5378535266,1,up,204.091,143.428,20.409,0.1322,0
2026-02-25 13:10:00,6633540691,4879701816,6,up,176.894,130.125,17.689,0.6251,0
2026-02-25 13:15:00,7314049848,4978398708,7,up,195.041,132.757,19.504,0.7019,0
2026-02-25 13:20:00,8049194552,4956308497,10,up,214.645,132.168,21.465,1.0307,0
2026-02-25 13:25:00,7641275664,5431462855,1,up,203.767,144.839,20.377,0.1115,0
2026-02-25 13:30:00,6972121857,6942552135,58,up,185.923,185.135,18.592,5.8819,0
2026-02-25 13:35:00,7701794763,5677607675,18,up,205.381,151.403,20.538,1.8119,0
2026-02-25 13:40:00,8143148811,6423457830,27,up,217.151,171.292,21.715,2.7787,0
2026-02-25 13:45:00,5655052849,5967209033,1,up,150.801,159.126,15.08,0.1738,0
2026-02-25 13:50:00,8543166658,6376857118,1,up,227.818,170.05,22.782,0.1391,0
2026-02-25 13:55:00,7197370735,3735024095,22,up,191.93,99.601,19.193,2.2075,0
2026-02-25 14:00:00,7882940939,5419490835,54,up,210.212,144.52,21.021,5.4575,0
2026-02-25 14:05:00,8577522231,6507316410,18,up,228.734,173.528,22.873,1.8795,0
2026-02-25 14:10:00,3759296203,5239078319,210,up,100.248,139.709,10.025,21.0225,1
2026-02-25 14:15:00,6861503097,6814669386,41,up,182.973,181.725,18.297,4.1649,0
2026-02-25 14:20:00,7240306173,6626625853,1,up,193.075,176.71,19.307,0.1972,0
2026-02-25 14:25:00,6794621830,5308336766,5,up,181.19,141.556,18.119,0.564,0
2026-02-25 14:30:00,9061442918,5285364624,26,up,241.638,140.943,24.164,2.6802,0
2026-02-25 14:35:00,6728905115,4940816056,14,up,179.437,131.755,17.944,1.4652,0
2026-02-25 14:40:00,7000007898,5200023893,8,up,186.667,138.667,18.667,0.8587,0
2026-02-25 14:45:00,7683950128,4793002381,13,up,204.905,127.813,20.491,1.3559,0
2026-02-25 14:50:00,6418065426,5914447546,14,up,171.148,157.719,17.115,1.4729,0
2026-02-25 14:55:00,7143887359,4642168616,60,up,190.504,123.791,19.05,6.0353,0
2026-02-25 15:00:00,7785707935,6032519785,2,up,207.619,160.867,20.762,0.273,0
2026-02-25 15:05:00,7200425636,6048953120,8,up,192.011,161.305,19.201,0.8203,0
2026-02-25 15:10:00,7415951826,4503687026,19,up,197.759,120.098,19.776,1.9281,0
2026-02-25 15:15:00,7023601098,6671127559,29,up,187.296,177.897,18.73,2.9957,0
2026-02-25 15:20:00,6136976721,5971686273,24,up,163.653,159.245,16.365,2.4899,0
2026-02-25 15:25:00,7789433890,6131046164,71,up,207.718,163.495,20.772,7.1029,0
2026-02-25 15:30:00,9079439764,5112900988,39,up,242.118,136.344,24.212,3.9693,0
2026-02-25 15:35:00,7516561467,6045105904,20,up,200.442,161.203,20.044,2.0359,0
2026-02-25 15:40:00,7702737705,6385315578,6,up,205.406,170.275,20.541,0.6042,0
2026-02-25 15:45:00,8123450479,5558439330,14,up,216.625,148.225,21.663,1.4986,0
2026-02-25 15:50:00,3814561531,6976297659,118,up,101.722,186.035,10.172,11.8215,1
2026-02-25 15:55:00,9032263192,5654743628,45,up,240.86,150.793,24.086,4.5498,0
2026-02-25 16:00:00,7682095916,6395030415,80,up,204.856,170.534,20.486,8.0308,0
2026-02-25 16:05:00,8968671209,5822780944,23,up,239.165,155.274,23.916,2.325,0
2026-02-25 16:10:00,6840270304,6020227034,18,up,182.407,160.539,18.241,1.8712,0
2026-02-25 16:15:00,9136255730,4496850719,0,up,243.633,119.916,24.363,0.0446,0
2026-02-25 16:20:00,8197639944,5875461273,1,up,218.604,156.679,21.86,0.1871,0
2026-02-25 16:25:00,7997736077,5128891806,4,up,213.273,136.77,21.327,0.4243,0
2026-02-25 16:30:00,7710622008,5053681143,1,up,205.617,134.765,20.562,0.1408,0
2026-02-25 16:35:00,7276324243,6802269649,12,up,194.035,181.394,19.404,1.2807,0
2026-02-25 16:40:00,8580478492,5480705082,10,up,228.813,146.152,22.881,1.027,0
2026-02-25 16:45:00,7626323882,4947771264,25,up,203.369,131.941,20.337,2.5358,0
2026-02-25 16:50:00,5729637266,5382586151,19,up,152.79,143.536,15.279,1.9179,0
2026-02-25 16:55:00,6494532184,4747196095,22,up,173.188,126.592,17.319,2.2657,0
2026-02-25 17:00:00,7332738823,6592872016,15,up,195.54,175.81,19.554,1.5965,0
2026-02-25 17:05:00,7778999084,5155415497,8,up,207.44,137.478,20.744,0.8134,0
2026-02-25 17:10:00,7449070359,5982277455,76,up,198.642,159.527,19.864,7.6347,0
2026-02-25 17:15:00,8597073710,6540372032,2,up,229.255,174.41,22.926,0.2259,0
2026-02-25 17:20:00,5744008322,5287396940,69,up,153.174,140.997,15.317,6.9877,0
2026-02-25 17:25:00,7629229142,5984115141,9,up,203.446,159.576,20.345,0.9321,0
2026-02-25 17:30:00,5863818697,4929691912,17,up,156.368,131.458,15.637,1.797,0
2026-02-25 17:35:00,8183741065,7275894459,2,up,218.233,194.024,21.823,0.2881,0
2026-02-25 17:40:00,7414987157,6257056590,1,up,197.733,166.855,19.773,0.1839,0
2026-02-25 17:45:00,7877648974,5494990653,14,up,210.071,146.533,21.007,1.4033,0
2026-02-25 17:50:00,6722505335,5103337231,33,up,179.267,136.089,17.927,3.3841,0
2026-02-25 17:55:00,8651518438,5548052326,7,up,230.707,147.948,23.071,0.7846,0
2026-02-25 18:00:00,8437552197,5395510987,20,up,225.001,143.88,22.5,2.0658,0
2026-02-25 18:05:00,8025189872,6943237573,8,up,214.005,185.153,21.401,0.8166,0
2026-02-25 18:10:00,7383434477,4797764062,12,up,196.892,127.94,19.689,1.2301,0
2026-02-25 18:15:00,8021871556,5715990960,59,up,213.917,152.426,21.392,5.923,0
2026-02-25 18:20:00,6863796688,5612621805,48,up,183.035,149.67,18.303,4.8421,0
2026-02-25 18:25:00,8270000093,5545748047,18,up,220.533,147.887,22.053,1.8143,0
2026-02-25 18:30:00,8984532804,5551683757,6,up,239.588,148.045,23.959,0.6799,0
2026-02-25 18:35:00,8463549503,5546652203,5,up,225.695,147.911,22.569,0.5366,0
2026-02-25 18:40:00,6843357777,6214319594,77,up,182.49,165.715,18.249,7.7025,0
2026-02-25 18:45:00,7825275585,6036064501,5,up,208.674,160.962,20.867,0.5664,0
2026-02-25 18:50:00,6336172610,5907765337,41,up,168.965,157.54,16.896,4.1278,0
2026-02-25 18:55:00,8015151280,3577057180,11,up,213.737,95.388,21.374,1.151,0
2026-02-25 19:00:00,7905543071,5827361540,106,up,210.814,155.396,21.081,10.6117,0
2026-02-25 19:05:00,5817165294,4507443431,11,up,155.124,120.198,15.512,1.1478,0
2026-02-25 19:10:00,6454394540,6061266110,10,up,172.117,161.634,17.212,1.0828,0
2026-02-25 19:15:00,7245174992,6620285723,25,up,193.205,176.541,19.32,2.5366,0
2026-02-25 19:20:00,7229226227,4999788599,81,up,192.779,133.328,19.278,8.1438,0
2026-02-25 19:25:00,6411470758,5448298012,93,up,170.973,145.288,17.097,9.3462,0
2026-02-25 19:30:00,7850080856,5220434899,30,up,209.335,139.212,20.934,3.0707,0
2026-02-25 19:35:00,7726326248,6458916448,35,up,206.035,172.238,20.604,3.5122,0
2026-02-25 19:40:00,7325157781,5689143822,20,up,195.338,151.711,19.534,2.0719,0
2026-02-25 19:45:00,6819787649,6791622331,35,up,181.861,181.11,18.186,3.5242,0
2026-02-25 19:50:00,8443836413,5904284086,49,up,225.169,157.448,22.517,4.9114,0
2026-02-25 19:55:00,8989866401,5788653871,16,up,239.73,154.364,23.973,1.6643,0
2026-02-25 20:00:00,7064794664,5671039578,24,up,188.395,151.228,18.839,2.4181,0
2026-02-25 20:05:00,6949049774,6177144666,19,up,185.308,164.724,18.531,1.9268,0
2026-02-25 20:10:00,7942086898,4452061816,20,up,211.789,118.722,21.179,2.0665,0
2026-02-25 20:15:00,7177773558,5682607169,55,up,191.407,151.536,19.141,5.5193,0
2026-02-25 20:20:00,7374542519,5577718650,10,up,196.654,148.739,19.665,1.0987,0
2026-02-25 20:25:00,8165687836,6114657708,5,up,217.752,163.058,21.775,0.5836,0
2026-02-25 20:30:00,5781579521,5498301416,15,up,154.175,146.621,15.418,1.5233,0
2026-02-25 20:35:00,8686472092,4923854256,5,up,231.639,131.303,23.164,0.5833,0
2026-02-25 20:40:00,7565412471,5629961705,17,up,201.744,150.132,20.174,1.7249,0
2026-02-25 20:45:00,7129656169,4894082643,58,up,190.124,130.509,19.012,5.8457,0
2026-02-25 20:50:00,7419689261,4325448006,24,up,197.858,115.345,19.786,2.4021,0
2026-02-25 20:55:00,7466186419,6115807675,48,up,199.098,163.088,19.91,4.835,0
2026-02-25 21:00:00,5941918826,6015866561,4,up,158.451,160.423,15.845,0.4544,0
2026-02-25 21:05:00,8845444404,5940286387,57,up,235.879,158.408,23.588,5.7784,0
2026-02-25 21:10:00,7537193069,6504476684,23,up,200.992,173.453,20.099,2.3019,0
2026-02-25 21:15:00,7898701917,5176103474,0,up,210.632,138.029,21.063,0.0807,0
2026-02-25 21:20:00,8356394793,4658997953,25,up,222.837,124.24,22.284,2.5068,0
2026-02-25 21:25:00,6580953788,5577729900,75,up,175.492,148.739,17.549,7.5602,0
2026-02-25 21:30:00,7926124709,5390437297,2,up,211.363,143.745,21.136,0.2062,0
2026-02-25 21:35:00,7259123018,5056450391,21,up,193.577,134.839,19.358,2.1834,0
2026-02-25 21:40:00,8262093697,5571101821,61,up,220.322,148.563,22.032,6.1769,0
2026-02-25 21:45:00,5585495321,5212166526,0,up,148.947,138.991,14.895,0.0244,0
2026-02-25 21:50:00,7410815129,4385696433,24,up,197.622,116.952,19.762,2.4918,0
2026-02-25 21:55:00,6957461409,5327205733,16,up,185.532,142.059,18.553,1.6104,0
2026-02-25 22:00:00,7889036655,4857946762,10,up,210.374,129.545,21.037,1.0654,0
2026-02-25 22:05:00,7923039768,5781362448,24,up,211.281,154.17,21.128,2.469,0
2026-02-25 22:10:00,4117882016,5182176538,5,up,109.81,138.191,10.981,0.5414,1
2026-02-25 22:15:00,6859043522,6375351245,34,up,182.908,170.009,18.291,3.4966,0
2026-02-25 22:20:00,7400401168,6707609595,0,up,197.344,178.87,19.734,0.0112,0
2026-02-25 22:25:00,6693021995,6083582426,9,up,178.481,162.229,17.848,0.9166,0
2026-02-25 22:30:00,8257785325,4578057327,17,up,220.208,122.082,22.021,1.7527,0
2026-02-25 22:35:00,7167713519,6641007299,11,up,191.139,177.094,19.114,1.1831,0
2026-02-25 22:40:00,2930226361,6688611304,36,up,78.139,178.363,7.814,3.6741,1
2026-02-25 22:45:00,4297596089,5637683595,177,up,114.603,150.338,11.46,17.7688,1
2026-02-25 22:50:00,6565310561,6517975158,68,up,175.075,173.813,17.507,6.827,0
2026-02-25 22:55:00,6031851766,5252619281,51,up,160.849,140.07,16.085,5.173,0
2026-02-25 23:00:00,6386316025,4365283993,18,up,170.302,116.408,17.03,1.8476,0
2026-02-25 23:05:00,7598467624,5111808003,53,up,202.626,136.315,20.263,5.389,0
2026-02-25 23:10:00,8695776745,6792278084,63,up,231.887,181.127,23.189,6.3414,0
2026-02-25 23:15:00,7781866026,4618521051,13,up,207.516,123.161,20.752,1.3159,0
2026-02-25 23:20:00,6954146950,5624676865,8,up,185.444,149.991,18.544,0.8333,0
2026-02-25 23:25:00,7910313775,5648047128,2,up,210.942,150.615,21.094,0.2586,0
2026-02-25 23:30:00,7086818720,5278742385,16,up,188.982,140.766,18.898,1.6305,0
2026-02-25 23:35:00,6874859667,5325622920,73,up,183.33,142.017,18.333,7.3107,0
2026-02-25 23:40:00,6461073598,5673768165,20,up,172.295,151.3,17.23,2.0576,0
2026-02-25 23:45:00,5923354073,5245540419,27,up,157.956,139.881,15.796,2.7533,0
2026-02-25 23:50:00,7149068664,4665110514,2,up,190.642,124.403,19.064,0.2994,0
2026-02-25 23:55:00,7642248140,5770146561,3,up,203.793,153.871,20.379,0.3873,0
2026-02-26 00:00:00,7413038696,6349522443,15,up,197.681,169.321,19.768,1.5613,0
2026-02-26 00:05:00,7125629764,6211961450,75,up,190.017,165.652,19.002,7.5534,0
2026-02-26 00:10:00,6648828545,5078428559,11,up,177.302,135.425,17.73,1.1188,0
2026-02-26 00:15:00,8047421572,4780421157,52,up,214.598,127.478,21.46,5.2488,0
2026-02-26 00:20:00,6314581272,5433173179,3,up,168.389,144.885,16.839,0.3204,0
2026-02-26 00:25:00,8198425122,6683259269,23,up,218.625,178.22,21.862,2.3994,0
2026-02-26 00:30:00,6598004682,6060778703,22,up,175.947,161.621,17.595,2.2946,0
2026-02-26 00:35:00,6822808286,6100176156,49,up,181.942,162.671,18.194,4.913,0
2026-02-26 00:40:00,6179893328,6225653442,0,up,164.797,166.017,16.48,0.0083,0
2026-02-26 00:45:00,7048738067,5909017429,5,up,187.966,157.574,18.797,0.5266,0
2026-02-26 00:50:00,8377781212,5706410769,6,up,223.407,152.171,22.341,0.6202,0
2026-02-26 00:55:00,7964065279,6072057155,74,up,212.375,161.922,21.238,7.4876,0
2026-02-26 01:00:00,8380579900,5256337879,4,up,223.482,140.169,22.348,0.4172,0
2026-02-26 01:05:00,7969928291,4670237467,0,up,212.531,124.54,21.253,0.0942,0
2026-02-26 01:10:00,6506697154,6113022930,19,up,173.512,163.014,17.351,1.9114,0
2026-02-26 01:15:00,7202289698,6460473221,18,up,192.061,172.279,19.206,1.8799,0
2026-02-26 01:20:00,6797820783,4870193440,46,up,181.275,129.872,18.128,4.6455,0
2026-02-26 01:25:00,8697517413,6179797000,74,up,231.934,164.795,23.193,7.433,0
2026-02-26 01:30:00,6422890218,6759516856,19,up,171.277,180.254,17.128,1.9334,0
2026-02-26 01:35:00,8304327920,5623483813,66,up,221.449,149.96,22.145,6.6479,0
2026-02-26 01:40:00,8303658483,5072848525,32,up,221.431,135.276,22.143,3.2289,0
2026-02-26 01:45:00,9146658181,5708037604,7,up,243.911,152.214,24.391,0.7682,0
2026-02-26 01:50:00,7131282066,5253389571,65,up,190.168,140.09,19.017,6.5924,0
2026-02-26 01:55:00,8141089943,5208707175,27,up,217.096,138.899,21.71,2.7524,0
2026-02-26 02:00:00,5732091991,5917399245,53,up,152.856,157.797,15.286,5.346,1
2026-02-26 02:05:00,6944122490,4542482604,28,up,185.177,121.133,18.518,2.8505,0
2026-02-26 02:10:00,6118463777,4650347977,12,up,163.159,124.009,16.316,1.2825,0
2026-02-26 02:15:00,5807990969,5638021344,3,up,154.88,150.347,15.488,0.3031,0
2026-02-26 02:20:00,8141440825,5609941736,31,up,217.105,149.598,21.711,3.1733,0
2026-02-26 02:25:00,5805164812,5856899339,43,up,154.804,156.184,15.48,4.3444,0
2026-02-26 02:30:00,7164912852,6890777137,32,up,191.064,183.754,19.106,3.2623,0
2026-02-26 02:35:00,7893581868,5695546974,6,up,210.496,151.881,21.05,0.6505,0
2026-02-26 02:40:00,7666657983,6028766201,78,up,204.444,160.767,20.444,7.8453,0
2026-02-26 02:45:00,7882900377,4966515268,0,up,210.211,132.44,21.021,0.0639,0
2026-02-26 02:50:00,7700060870,6143357922,10,up,205.335,163.823,20.533,1.0112,0
2026-02-26 02:55:00,8650979231,5269686166,7,up,230.693,140.525,23.069,0.7531,0
2026-02-26 03:00:00,6642915257,5673209061,1,up,177.144,151.286,17.714,0.1233,0
2026-02-26 03:05:00,6890704375,5551527178,13,up,183.752,148.041,18.375,1.3011,0
2026-02-26 03:10:00,6804606499,6322257608,24,up,181.456,168.594,18.146,2.4395,0
2026-02-26 03:15:00,8247172630,4740765825,53,up,219.925,126.42,21.992,5.3544,0
2026-02-26 03:20:00,8310358729,4083813921,114,up,221.61,108.902,22.161,11.4365,0
2026-02-26 03:25:00,7906102787,5480932929,41,up,210.829,146.158,21.083,4.1268,0
2026-02-26 03:30:00,8565144300,5941258598,15,up,228.404,158.434,22.84,1.581,0
2026-02-26 03:35:00,6439763219,5727781828,32,up,171.727,152.741,17.173,3.2157,0
2026-02-26 03:40:00,9000501700,6456737860,46,up,240.013,172.18,24.001,4.6387,0
2026-02-26 03:45:00,8870914759,5920226555,15,up,236.558,157.873,23.656,1.5652,0
2026-02-26 03:50:00,8162059797,5244402375,38,up,217.655,139.851,21.765,3.8434,0
2026-02-26 03:55:00,9103619017,4055341395,16,up,242.763,108.142,24.276,1.6476,0
2026-02-26 04:00:00,6009039113,5464814241,12,up,160.241,145.728,16.024,1.2214,0
2026-02-26 04:05:00,7027996677,6318872326,18,up,187.413,168.503,18.741,1.8668,0
2026-02-26 04:10:00,6838226885,5360367746,28,up,182.353,142.943,18.235,2.8164,0
2026-02-26 04:15:00,8149331391,5644116177,32,up,217.316,150.51,21.732,3.2446,0
2026-02-26 04:20:00,6554873334,5909418171,11,up,174.797,157.584,17.48,1.103,0
2026-02-26 04:25:00,8181745634,4939677647,21,up,218.18,131.725,21.818,2.1176,0
2026-02-26 04:30:00,8733482529,6045684230,60,up,232.893,161.218,23.289,6.0163,0
2026-02-26 04:35:00,8125682610,6730057208,93,up,216.685,179.468,21.668,9.3571,0
2026-02-26 04:40:00,4653225552,5508350987,25,up,124.086,146.889,12.409,2.578,1
2026-02-26 04:45:00,6610913993,4862881515,5,up,176.291,129.677,17.629,0.5356,0
2026-02-26 04:50:00,4042700478,5580044306,112,up,107.805,148.801,10.781,11.2913,1
2026-02-26 04:55:00,8624657014,4123540726,13,up,229.991,109.961,22.999,1.339,0
2026-02-26 05:00:00,8201414103,5852409703,0,up,218.704,156.064,21.87,0.0613,0
2026-02-26 05:05:00,7464882432,5930285204,10,up,199.064,158.141,19.906,1.0649,0
2026-02-26 05:10:00,7123881408,6756054498,41,up,189.97,180.161,18.997,4.1094,0
2026-02-26 05:15:00,5676772914,5494053515,39,up,151.381,146.508,15.138,3.9916,0
2026-02-26 05:20:00,6536232823,5900727603,17,up,174.3,157.353,17.43,1.7064,0
2026-02-26 05:25:00,9220277178,5043630530,15,up,245.874,134.497,24.587,1.5994,0
2026-02-26 05:30:00,6347589986,5384411693,21,up,169.269,143.584,16.927,2.1658,0
2026-02-26 05:35:00,7670531839,4595499830,6,up,204.548,122.547,20.455,0.6192,0
2026-02-26 05:40:00,8406699575,5493517005,18,up,224.179,146.494,22.418,1.8666,0
2026-02-26 05:45:00,6370569598,5418916321,0,up,169.882,144.504,16.988,0.0278,0
2026-02-26 05:50:00,7666239427,5826959842,16,up,204.433,155.386,20.443,1.6136,0
2026-02-26 05:55:00,8344123983,5204072105,10,up,222.51,138.775,22.251,1.0239,0
2026-02-26 06:00:00,7511249389,5681258111,28,up,200.3,151.5,20.03,2.8088,0
2026-02-26 06:05:00,10081562750,5399968462,25,up,268.842,143.999,26.884,2.5427,0
2026-02-26 06:10:00,5998260667,5401237912,11,up,159.954,144.033,15.995,1.1985,0
2026-02-26 06:15:00,8452855676,5679244570,0,up,225.409,151.447,22.541,0.0182,0
2026-02-26 06:20:00,7344478436,5652352986,7,up,195.853,150.729,19.585,0.7268,0
2026-02-26 06:25:00,8194728139,6138792476,25,up,218.526,163.701,21.853,2.5084,0
2026-02-26 06:30:00,7897176436,5543565951,1,up,210.591,147.828,21.059,0.1878,0
2026-02-26 06:35:00,6840159422,5388827389,2,up,182.404,143.702,18.24,0.2847,0
2026-02-26 06:40:00,7706096753,5502954974,26,up,205.496,146.745,20.55,2.6035,0
2026-02-26 06:45:00,5827888693,5142601721,35,up,155.41,137.136,15.541,3.5241,0
2026-02-26 06:50:00,8042922750,5382060011,9,up,214.478,143.522,21.448,0.9699,0
2026-02-26 06:55:00,7768342619,6996032131,16,up,207.156,186.561,20.716,1.6818,0
2026-02-26 07:00:00,8074794151,5008941836,72,up,215.328,133.572,21.533,7.2836,0
2026-02-26 07:05:00,8452306492,5436906974,72,up,225.395,144.984,22.539,7.2759,0
2026-02-26 07:10:00,7830857856,5363445152,9,up,208.823,143.025,20.882,0.9186,0
2026-02-26 07:15:00,7633280477,5458159161,41,up,203.554,145.551,20.355,4.1517,0
2026-02-26 07:20:00,6707038497,5401413466,22,up,178.854,144.038,17.885,2.2532,0
2026-02-26 07:25:00,6859001312,5813487068,92,up,182.907,155.026,18.291,9.2711,0
2026-02-26 07:30:00,8568061158,4470631806,16,up,228.482,119.217,22.848,1.6234,0
2026-02-26 07:35:00,8792701865,6325090743,37,up,234.472,168.669,23.447,3.7259,0
2026-02-26 07:40:00,7285700607,6051993389,36,up,194.285,161.386,19.429,3.654,0
2026-02-26 07:45:00,7541402472,4786061679,17,up,201.104,127.628,20.11,1.7201,0
2026-02-26 07:50:00,4011508237,4093372840,158,up,106.974,109.157,10.697,15.8782,1
2026-02-26 07:55:00,5133288696,4965476301,30,up,136.888,132.413,13.689,3.0251,1
2026-02-26 08:00:00,8098875141,5461200138,3,up,215.97,145.632,21.597,0.326,0
2026-02-26 08:05:00,9247095692,7366697031,13,up,246.589,196.445,24.659,1.3842,0
2026-02-26 08:10:00,6709509230,5991698451,71,up,178.92,159.779,17.892,7.1896,0
2026-02-26 08:15:00,7159792890,4404876986,17,up,190.928,117.463,19.093,1.7366,0
2026-02-26 08:20:00,7708301330,5159482534,25,up,205.555,137.586,20.555,2.5214,0
2026-02-26 08:25:00,8081840583,5589081605,24,up,215.516,149.042,21.552,2.4465,0
2026-02-26 08:30:00,7305899126,5796236399,3,up,194.824,154.566,19.482,0.3556,0
2026-02-26 08:35:00,6714335018,4737544519,12,up,179.049,126.335,17.905,1.237,0
2026-02-26 08:40:00,8293266776,5533881596,30,up,221.154,147.57,22.115,3.0684,0
2026-02-26 08:45:00,8149021826,5140593582,89,up,217.307,137.082,21.731,8.938,0
2026-02-26 08:50:00,6675353309,4879962970,4,up,178.009,130.132,17.801,0.4599,0
2026-02-26 08:55:00,8719898520,5800227061,13,up,232.531,154.673,23.253,1.321,0
2026-02-26 09:00:00,8553178838,6147367092,2,up,228.085,163.93,22.808,0.2498,0
2026-02-26 09:05:00,4572520108,6192702861,27,up,121.934,165.139,12.193,2.7757,1
2026-02-26 09:10:00,7571638076,6012710787,11,up,201.91,160.339,20.191,1.1821,0
2026-02-26 09:15:00,7998651994,5289275565,19,up,213.297,141.047,21.33,1.9448,0
2026-02-26 09:20:00,6724467236,6107321088,6,up,179.319,162.862,17.932,0.6553,0
2026-02-26 09:25:00,7527028331,5833611745,6,up,200.721,155.563,20.072,0.6455,0
2026-02-26 09:30:00,5562854809,5715410770,37,up,148.343,152.411,14.834,3.7608,0
2026-02-26 09:35:00,8288810080,5212107142,82,up,221.035,138.99,22.103,8.218,0
2026-02-26 09:40:00,6094656099,5289608614,9,up,162.524,141.056,16.252,0.9775,0
2026-02-26 09:45:00,8853077845,5674873681,29,up,236.082,151.33,23.608,2.9118,0
2026-02-26 09:50:00,7202891915,7271915265,7,up,192.077,193.918,19.208,0.7463,0
2026-02-26 09:55:00,7309499716,5828338674,65,up,194.92,155.422,19.492,6.5761,0
2026-02-26 10:00:00,6935039484,5212447760,27,up,184.934,138.999,18.493,2.7937,0
2026-02-26 10:05:00,7240765013,5063137124,40,up,193.087,135.017,19.309,4.0573,0
2026-02-26 10:10:00,8776678210,5293057536,1,up,234.045,141.148,23.404,0.1265,0
2026-02-26 10:15:00,3156583325,7094673077,91,up,84.176,189.191,8.418,9.1256,1
2026-02-26 10:20:00,8649268847,5355501763,18,up,230.647,142.813,23.065,1.8749,0
2026-02-26 10:25:00,7804221132,6237137610,8,up,208.113,166.324,20.811,0.8668,0
2026-02-26 10:30:00,6413680516,5371248434,7,up,171.031,143.233,17.103,0.761,0
2026-02-26 10:35:00,6532218846,5801299565,21,up,174.193,154.701,17.419,2.1689,0
2026-02-26 10:40:00,9008753724,6159428059,30,up,240.233,164.251,24.023,3.0646,0
2026-02-26 10:45:00,6649043808,5238965576,0,up,177.308,139.706,17.731,0.0843,0
2026-02-26 10:50:00,6461984540,5192249633,20,up,172.32,138.46,17.232,2.0949,0
2026-02-26 10:55:00,8523583088,6744737043,4,up,227.296,179.86,22.73,0.4672,0
2026-02-26 11:00:00,7804697588,6289600204,3,up,208.125,167.723,20.813,0.3781,0
2026-02-26 11:05:00,6655866981,6158703815,24,up,177.49,164.232,17.749,2.4396,0
2026-02-26 11:10:00,7694962477,6156411497,9,up,205.199,164.171,20.52,0.9308,0
2026-02-26 11:15:00,6576822584,5935213454,14,up,175.382,158.272,17.538,1.4535,0
2026-02-26 11:20:00,8490739258,6986998673,11,up,226.42,186.32,22.642,1.1157,0
2026-02-26 11:25:00,8455233868,5654638103,26,up,225.473,150.79,22.547,2.6127,0
2026-02-26 11:30:00,7978805578,6014652097,15,up,212.768,160.391,21.277,1.5878,0
2026-02-26 11:35:00,7825494955,4645633773,82,up,208.68,123.884,20.868,8.2733,0
2026-02-26 11:40:00,9085069312,5068151536,10,up,242.269,135.151,24.227,1.0861,0
2026-02-26 11:45:00,7499717694,4814447175,33,up,199.992,128.385,19.999,3.3704,0
2026-02-26 11:50:00,3861787972,6484992918,29,up,102.981,172.933,10.298,2.9745,1
2026-02-26 11:55:00,7904526521,3902035397,17,up,210.787,104.054,21.079,1.777,0
2026-02-26 12:00:00,9377442344,5353440734,20,up,250.065,142.758,25.007,2.0106,0
2026-02-26 12:05:00,6586716456,3604248043,9,up,175.646,96.113,17.565,0.9979,0
2026-02-26 12:10:00,7174683509,5063880670,15,up,191.325,135.037,19.132,1.5956,0
2026-02-26 12:15:00,7874801434,5293609458,8,up,209.995,141.163,20.999,0.8188,0
2026-02-26 12:20:00,7451485635,6559787988,0,up,198.706,174.928,19.871,0.015,0
2026-02-26 12:25:00,6615926777,5892723858,6,up,176.425,157.139,17.642,0.6072,0
2026-02-26 12:30:00,8509672070,5062629471,30,up,226.925,135.003,22.692,3.0105,0
2026-02-26 12:35:00,9588036649,6344525510,36,up,255.681,169.187,25.568,3.6847,0
2026-02-26 12:40:00,7676518313,5637036771,8,up,204.707,150.321,20.471,0.822,0
2026-02-26 12:45:00,6686338539,5650357629,13,up,178.302,150.676,17.83,1.3108,0
2026-02-26 12:50:00,6105935527,4813196732,0,up,162.825,128.352,16.282,0.0952,0
2026-02-26 12:55:00,7732178383,4956740743,6,up,206.191,132.18,20.619,0.6764,0
2026-02-26 13:00:00,8493489608,5068059322,37,up,226.493,135.148,22.649,3.7765,0
2026-02-26 13:05:00,7927650971,5656361359,23,up,211.404,150.836,21.14,2.3284,0
2026-02-26 13:10:00,4498701925,5677572865,23,up,119.965,151.402,11.997,2.3038,1
2026-02-26 13:15:00,6969655513,6667262547,7,up,185.857,177.794,18.586,0.7441,0
2026-02-26 13:20:00,6517052730,5884912238,42,up,173.788,156.931,17.379,4.243,0
2026-02-26 13:25:00,8251276193,3797393156,5,up,220.034,101.264,22.003,0.5864,0
2026-02-26 13:30:00,8322394459,5802283341,10,up,221.931,154.728,22.193,1.0168,0
2026-02-26 13:35:00,6108843191,4646238959,27,up,162.902,123.9,16.29,2.7293,0
2026-02-26 13:40:00,8930855080,4972969625,20,up,238.156,132.613,23.816,2.0588,0
2026-02-26 13:45:00,8016664098,5076785606,15,up,213.778,135.381,21.378,1.5445,0
2026-02-26 13:50:00,8759635180,5177246631,57,up,233.59,138.06,23.359,5.75,0
2026-02-26 13:55:00,6292085026,4696774160,6,up,167.789,125.247,16.779,0.6202,0
2026-02-26 14:00:00,6270758260,5762350352,33,up,167.22,153.663,16.722,3.3814,0
2026-02-26 14:05:00,7365927621,4672708457,4,up,196.425,124.606,19.642,0.4331,0
2026-02-26 14:10:00,7952505984,5865750634,23,up,212.067,156.42,21.207,2.391,0
2026-02-26 14:15:00,9116724740,7134955477,51,up,243.113,190.265,24.311,5.1126,0
2026-02-26 14:20:00,8135471022,4727682635,15,up,216.946,126.072,21.695,1.5308,0
2026-02-26 14:25:00,7281586850,5432955544,32,up,194.176,144.879,19.418,3.2211,0
2026-02-26 14:30:00,6576267713,3921666280,42,up,175.367,104.578,17.537,4.2925,0
2026-02-26 14:35:00,8607000515,5421868677,3,up,229.52,144.583,22.952,0.3655,0
2026-02-26 14:40:00,6631765116,6058834078,30,up,176.847,161.569,17.685,3.059,0
2026-02-26 14:45:00,8965621699,6111431481,63,up,239.083,162.972,23.908,6.3094,0
2026-02-26 14:50:00,7244053815,5677220517,21,up,193.175,151.393,19.317,2.1472,0
2026-02-26 14:55:00,8931523865,6225252811,5,up,238.174,166.007,23.817,0.5149,0
2026-02-26 15:00:00,8111038161,7343586811,3,up,216.294,195.829,21.629,0.3394,0
2026-02-26 15:05:00,7376704059,6780805664,7,up,196.712,180.821,19.671,0.7519,0
2026-02-26 15:10:00,7032543265,5272298372,2,up,187.534,140.595,18.753,0.2732,0
2026-02-26 15:15:00,7193182910,4645504809,18,up,191.818,123.88,19.182,1.8008,0
2026-02-26 15:20:00,7885485023,5350847793,1,up,210.28,142.689,21.028,0.1806,0
2026-02-26 15:25:00,7569440846,4985786633,6,up,201.852,132.954,20.185,0.6321,0
2026-02-26 15:30:00,6965569732,5929659594,14,up,185.749,158.124,18.575,1.4491,0
2026-02-26 15:35:00,7350931730,4827694360,16,up,196.025,128.739,19.602,1.6057,0
2026-02-26 15:40:00,7570719326,5575844858,20,up,201.886,148.689,20.189,2.0833,0
2026-02-26 15:45:00,5584139315,6190659486,30,up,148.91,165.084,14.891,3.0572,0
2026-02-26 15:50:00,7912351303,5557030285,1,up,210.996,148.187,21.1,0.121,0
2026-02-26 15:55:00,6618250897,4986238169,2,up,176.487,132.966,17.649,0.2101,0
2026-02-26 16:00:00,6462000837,6417999488,1,up,172.32,171.147,17.232,0.157,0
2026-02-26 16:05:00,3588834052,4356687862,55,up,95.702,116.178,9.57,5.5017,1
2026-02-26 16:10:00,5885496751,5403738337,1,up,156.947,144.1,15.695,0.1069,0
2026-02-26 16:15:00,3768058348,5596879484,137,up,100.482,149.25,10.048,13.7074,1
2026-02-26 16:20:00,4117128682,5635738344,25,up,109.79,150.286,10.979,2.5232,1
2026-02-26 16:25:00,9257933223,5746834837,70,up,246.878,153.249,24.688,7.0009,0
2026-02-26 16:30:00,4216024975,6037046878,66,up,112.427,160.988,11.243,6.6632,1
2026-02-26 16:35:00,4595985057,5601099978,59,up,122.56,149.363,12.256,5.9118,1
2026-02-26 16:40:00,7860433247,5376560659,37,up,209.612,143.375,20.961,3.7914,0
2026-02-26 16:45:00,7617958667,5349877192,31,up,203.146,142.663,20.315,3.122,0
2026-02-26 16:50:00,7430300885,5212226833,23,up,198.141,138.993,19.814,2.3368,0
2026-02-26 16:55:00,6424235612,6156591743,68,up,171.313,164.176,17.131,6.8391,0
2026-02-26 17:00:00,8805834793,5188593276,13,up,234.822,138.362,23.482,1.3716,0
2026-02-26 17:05:00,9126476979,6196570498,41,up,243.373,165.242,24.337,4.1326,0
2026-02-26 17:10:00,5985607175,5637824380,11,up,159.616,150.342,15.962,1.1955,0
2026-02-26 17:15:00,6578374268,5273153005,45,up,175.423,140.617,17.542,4.5557,0
2026-02-26 17:20:00,7248170691,6042424870,7,up,193.285,161.131,19.328,0.751,0
2026-02-26 17:25:00,6631915984,5133968600,8,up,176.851,136.906,17.685,0.8536,0
2026-02-26 17:30:00,7955368998,6055774227,28,up,212.143,161.487,21.214,2.832,0
2026-02-26 17:35:00,4106733010,5768590131,23,up,109.513,153.829,10.951,2.3916,1
2026-02-26 17:40:00,5669130276,5222480834,26,up,151.177,139.266,15.118,2.6027,1
2026-02-26 17:45:00,8571493734,5981828500,9,up,228.573,159.515,22.857,0.9106,0
2026-02-26 17:50:00,7691316627,5993948064,28,up,205.102,159.839,20.51,2.8402,0
2026-02-26 17:55:00,8424287636,6406325733,55,up,224.648,170.835,22.465,5.5043,0
2026-02-26 18:00:00,8495310381,6277149233,28,up,226.542,167.391,22.654,2.8065,0
2026-02-26 18:05:00,6992447260,5956609963,43,up,186.465,158.843,18.647,4.398,0
2026-02-26 18:10:00,6765404479,4863876107,19,up,180.411,129.703,18.041,1.9607,0
2026-02-26 18:15:00,7570328756,7277796217,1,up,201.875,194.075,20.188,0.1785,0
2026-02-26 18:20:00,8275472512,4677559057,2,up,220.679,124.735,22.068,0.2647,0
2026-02-26 18:25:00,7625154358,6265752642,20,up,203.337,167.087,20.334,2.0208,0
2026-02-26 18:30:00,6080703166,5916116576,9,up,162.152,157.763,16.215,0.993,0
2026-02-26 18:35:00,6777458000,4832453898,6,up,180.732,128.865,18.073,0.623,0
2026-02-26 18:40:00,7433424422,5541096866,15,up,198.225,147.763,19.822,1.5696,0
2026-02-26 18:45:00,7431900956,5571841801,27,up,198.184,148.582,19.818,2.7453,0
2026-02-26 18:50:00,9275287959,6506268333,12,up,247.341,173.5,24.734,1.2153,0
2026-02-26 18:55:00,6252610851,5143515142,40,up,166.736,137.16,16.674,4.0556,0
2026-02-26 19:00:00,7955030317,5448187120,33,up,212.134,145.285,21.213,3.3535,0
2026-02-26 19:05:00,8840201797,4048153016,33,up,235.739,107.951,23.574,3.3193,0
2026-02-26 19:10:00,9544304770,6795964885,105,up,254.515,181.226,25.451,10.5311,0
2026-02-26 19:15:00,7136042319,4902433935,8,up,190.294,130.732,19.029,0.8747,0
2026-02-26 19:20:00,7942286507,5845664833,25,up,211.794,155.884,21.179,2.5872,0
2026-02-26 19:25:00,8012784321,5556549714,48,up,213.674,148.175,21.367,4.8358,0
2026-02-26 19:30:00,7675933558,5558849347,21,up,204.692,148.236,20.469,2.1659,0
2026-02-26 19:35:00,7411039318,6171656839,38,up,197.628,164.578,19.763,3.8957,0
2026-02-26 19:40:00,7892377850,6753102160,13,up,210.463,180.083,21.046,1.338,0
2026-02-26 19:45:00,5220978523,5794758227,22,up,139.226,154.527,13.923,2.232,0
2026-02-26 19:50:00,4868317524,6067177661,5,up,129.822,161.791,12.982,0.5728,1
2026-02-26 19:55:00,7613560113,5847001787,106,up,203.028,155.92,20.303,10.6306,0
2026-02-26 20:00:00,7299772592,6311833711,40,up,194.661,168.316,19.466,4.0238,0
2026-02-26 20:05:00,9342175976,5312531443,50,up,249.125,141.668,24.912,5.0778,0
2026-02-26 20:10:00,6892559383,6350888624,29,up,183.802,169.357,18.38,2.9628,0
2026-02-26 20:15:00,7137231609,6374587409,5,up,190.326,169.989,19.033,0.5146,0
2026-02-26 20:20:00,9292397971,6355712480,0,up,247.797,169.486,24.78,0.0788,0
2026-02-26 20:25:00,6751144825,5179400189,49,up,180.031,138.117,18.003,4.9999,0
2026-02-26 20:30:00,7004896245,5511372096,12,up,186.797,146.97,18.68,1.2618,0
2026-02-26 20:35:00,7367677118,5786640217,7,up,196.471,154.31,19.647,0.7659,0
2026-02-26 20:40:00,8256661033,4699681619,20,up,220.178,125.325,22.018,2.062,0
2026-02-26 20:45:00,7687022256,6701571140,13,up,204.987,178.709,20.499,1.3657,0
2026-02-26 20:50:00,6336637187,5616713339,26,up,168.977,149.779,16.898,2.6365,0
2026-02-26 20:55:00,7021048293,5816651324,16,up,187.228,155.111,18.723,1.6531,0
2026-02-26 21:00:00,6953381010,5235522003,29,up,185.423,139.614,18.542,2.987,0
2026-02-26 21:05:00,7430501059,4729357647,48,up,198.147,126.116,19.815,4.8005,0
2026-02-26 21:10:00,4729955575,5217279827,21,up,126.132,139.127,12.613,2.1761,1
2026-02-26 21:15:00,7876385180,5772962826,9,up,210.037,153.946,21.004,0.9991,0
2026-02-26 21:20:00,5901589421,6079564448,14,up,157.376,162.122,15.738,1.4354,0
2026-02-26 21:25:00,8457546888,5734209289,81,up,225.535,152.912,22.553,8.1793,0
2026-02-26 21:30:00,7727311961,5859038710,11,up,206.062,156.241,20.606,1.1366,0
2026-02-26 21:35:00,5247647305,5397507197,47,up,139.937,143.934,13.994,4.7981,1
2026-02-26 21:40:00,7899778494,5959967782,26,up,210.661,158.932,21.066,2.6495,0
2026-02-26 21:45:00,8491190661,6625912184,13,up,226.432,176.691,22.643,1.3584,0
2026-02-26 21:50:00,7919890780,6100732873,75,up,211.197,162.686,21.12,7.5513,0
2026-02-26 21:55:00,8711603180,6171440774,56,up,232.309,164.572,23.231,5.6219,0
2026-02-26 22:00:00,7970025572,5823461069,18,up,212.534,155.292,21.253,1.8008,0
2026-02-26 22:05:00,7411876278,4610370328,25,up,197.65,122.943,19.765,2.5875,0
2026-02-26 22:10:00,9545191248,4919850091,1,up,254.538,131.196,25.454,0.1495,0
2026-02-26 22:15:00,8300133410,5932041165,29,up,221.337,158.188,22.134,2.9746,0
2026-02-26 22:20:00,8016369978,5617616139,30,up,213.77,149.803,21.377,3.0707,0
2026-02-26 22:25:00,6351326025,5921893948,11,up,169.369,157.917,16.937,1.1126,0
2026-02-26 22:30:00,6340523144,6756585807,6,up,169.081,180.176,16.908,0.6201,0
2026-02-26 22:35:00,7763443933,6115074299,61,up,207.025,163.069,20.703,6.1651,0
2026-02-26 22:40:00,4578581446,6474748188,55,up,122.096,172.66,12.21,5.5635,1
2026-02-26 22:45:00,6947289691,5688909937,26,up,185.261,151.704,18.526,2.6512,0
2026-02-26 22:50:00,7626884429,5080129417,0,up,203.384,135.47,20.338,0.0847,0
2026-02-26 22:55:00,8929764235,5585940342,13,up,238.127,148.958,23.813,1.3364,0
2026-02-26 23:00:00,8125862227,5081792525,42,up,216.69,135.514,21.669,4.2492,0
2026-02-26 23:05:00,6473092341,6676849095,12,up,172.616,178.049,17.262,1.2258,0
2026-02-26 23:10:00,7399642055,6158513976,23,up,197.324,164.227,19.732,2.3106,0
2026-02-26 23:15:00,6775530167,5976345935,5,up,180.681,159.369,18.068,0.5888,0
2026-02-26 23:20:00,7151070075,6459261661,13,up,190.695,172.247,19.07,1.3469,0
2026-02-26 23:25:00,7127745900,4261461920,65,up,190.073,113.639,19.007,6.5652,0
2026-02-26 23:30:00,7070118975,6021993117,20,up,188.537,160.586,18.854,2.0894,0
2026-02-26 23:35:00,6370378165,4740314095,58,up,169.877,126.408,16.988,5.8052,0
2026-02-26 23:40:00,7385110786,5620102403,58,up,196.936,149.869,19.694,5.8075,0
2026-02-26 23:45:00,6995453126,5414597375,72,up,186.545,144.389,18.655,7.2126,0
2026-02-26 23:50:00,2918097707,6071672213,225,up,77.816,161.911,7.782,22.5753,1
2026-02-26 23:55:00,9347674822,5779026420,0,up,249.271,154.107,24.927,0.0082,0
2026-02-27 00:00:00,8479892688,6532954092,67,up,226.13,174.212,22.613,6.7958,0
2026-02-27 00:05:00,7161329347,5218719416,3,up,190.969,139.166,19.097,0.3697,0
2026-02-27 00:10:00,7516937144,6103652213,1,up,200.452,162.764,20.045,0.1019,0
2026-02-27 00:15:00,6445511087,5734500671,1,up,171.88,152.92,17.188,0.1425,0
2026-02-27 00:20:00,9026150590,4521179067,10,up,240.697,120.565,24.07,1.0728,0
2026-02-27 00:25:00,9207559825,5004933890,24,up,245.535,133.465,24.553,2.4243,0
2026-02-27 00:30:00,7641024355,5523832327,12,up,203.761,147.302,20.376,1.2867,0
2026-02-27 00:35:00,8421177579,6375797403,0,up,224.565,170.021,22.456,0.0647,0
2026-02-27 00:40:00,7657758101,5938013063,16,up,204.207,158.347,20.421,1.618,0
2026-02-27 00:45:00,6296947105,4836936943,14,up,167.919,128.985,16.792,1.4591,0
2026-02-27 00:50:00,7129358967,5530286546,35,up,190.116,147.474,19.012,3.5352,0
2026-02-27 00:55:00,7618735170,6987019352,8,up,203.166,186.321,20.317,0.8199,0
2026-02-27 01:00:00,7090907053,5700075751,6,up,189.091,152.002,18.909,0.6133,0
2026-02-27 01:05:00,7303212050,5404055236,7,up,194.752,144.108,19.475,0.7391,0
2026-02-27 01:10:00,7417740398,5956924257,9,up,197.806,158.851,19.781,0.9051,0
2026-02-27 01:15:00,7427209351,6140290328,22,up,198.059,163.741,19.806,2.2855,0
2026-02-27 01:20:00,7547032641,5317086365,15,up,201.254,141.789,20.125,1.5944,0
2026-02-27 01:25:00,6545455440,5964237972,10,up,174.545,159.046,17.455,1.0271,0
2026-02-27 01:30:00,6854685465,5402999589,11,up,182.792,144.08,18.279,1.1723,0
2026-02-27 01:35:00,6343874160,6110546131,11,up,169.17,162.948,16.917,1.1588,0
2026-02-27 01:40:00,8380033994,5739542881,89,up,223.468,153.054,22.347,8.9755,0
2026-02-27 01:45:00,5604917752,5950328283,6,up,149.464,158.675,14.946,0.6632,0
2026-02-27 01:50:00,8538231308,5112551106,42,up,227.686,136.335,22.769,4.2602,0
2026-02-27 01:55:00,8747714457,5070631690,30,up,233.272,135.217,23.327,3.0793,0
2026-02-27 02:00:00,7228037471,6263210680,0,up,192.748,167.019,19.275,0.014,0
2026-02-27 02:05:00,5157176620,5571407442,124,up,137.525,148.571,13.752,12.4684,0
2026-02-27 02:10:00,7174820494,5817398450,35,up,191.329,155.131,19.133,3.531,0
2026-02-27 02:15:00,4465340552,5418183086,114,up,119.076,144.485,11.908,11.4712,1
2026-02-27 02:20:00,6590461602,6231640572,12,up,175.746,166.177,17.575,1.2993,0
2026-02-27 02:25:00,7036303445,5214728263,20,up,187.635,139.059,18.763,2.0253,0
2026-02-27 02:30:00,8877175678,5533469163,7,up,236.725,147.559,23.672,0.7301,0
2026-02-27 02:35:00,8098434446,6155545148,0,up,215.958,164.148,21.596,0.0903,0
2026-02-27 02:40:00,6667892297,6416753196,45,up,177.81,171.113,17.781,4.5201,0
2026-02-27 02:45:00,6062160747,5271462478,56,up,161.658,140.572,16.166,5.6701,0
2026-02-27 02:50:00,7205684414,6947786687,4,up,192.152,185.274,19.215,0.4432,0
2026-02-27 02:55:00,7307888898,5836438143,38,up,194.877,155.638,19.488,3.8668,0
2026-02-27 03:00:00,7946579268,4921023423,33,up,211.909,131.227,21.191,3.3788,0
2026-02-27 03:05:00,4210928975,5874110132,19,up,112.291,156.643,11.229,1.9647,1
2026-02-27 03:10:00,4776209770,5366475530,54,up,127.366,143.106,12.737,5.4789,1
2026-02-27 03:15:00,9241638636,5917996228,13,up,246.444,157.813,24.644,1.3737,0
2026-02-27 03:20:00,8233950920,5596072032,35,up,219.572,149.229,21.957,3.5674,0
2026-02-27 03:25:00,7456720343,5675134740,45,up,198.846,151.337,19.885,4.5452,0
2026-02-27 03:30:00,7335164576,5009674470,2,up,195.604,133.591,19.56,0.2489,0
2026-02-27 03:35:00,7178994179,6293291330,20,up,191.44,167.821,19.144,2.0694,0
2026-02-27 03:40:00,8562576821,4844614027,35,up,228.335,129.19,22.834,3.5861,0
2026-02-27 03:45:00,6935417898,4876583695,38,up,184.944,130.042,18.494,3.8567,0
2026-02-27 03:50:00,7540700438,5872968235,4,up,201.085,156.612,20.109,0.4004,0
2026-02-27 03:55:00,7546078111,6706919866,18,up,201.229,178.851,20.123,1.8638,0
2026-02-27 04:00:00,7048394226,5386999659,48,up,187.957,143.653,18.796,4.8721,0
2026-02-27 04:05:00,6264781006,6098156317,9,up,167.061,162.618,16.706,0.9587,0
2026-02-27 04:10:00,7790677053,6349504619,13,up,207.751,169.32,20.775,1.384,0
2026-02-27 04:15:00,7445096425,6174911995,40,up,198.536,164.664,19.854,4.0787,0
2026-02-27 04:20:00,7950216422,5414934404,2,up,212.006,144.398,21.201,0.2339,0
2026-02-27 04:25:00,7019759724,4888543465,49,up,187.194,130.361,18.719,4.9063,0
2026-02-27 04:30:00,8598739168,4134905393,9,up,229.3,110.264,22.93,0.9319,0
2026-02-27 04:35:00,4026542158,5447582662,0,up,107.374,145.269,10.737,0.0145,1
2026-02-27 04:40:00,9040836255,6420208973,6,up,241.089,171.206,24.109,0.667,0
2026-02-27 04:45:00,5927127141,4866187960,2,up,158.057,129.765,15.806,0.2344,0
2026-02-27 04:50:00,7891293058,6097641647,2,up,210.434,162.604,21.043,0.2423,0
2026-02-27 04:55:00,7927887614,4983647042,29,up,211.41,132.897,21.141,2.9509,0
2026-02-27 05:00:00,4070399183,5696598989,24,up,108.544,151.909,10.854,2.4077,1
2026-02-27 05:05:00,7881954544,6102759339,68,up,210.185,162.74,21.019,6.8235,0
2026-02-27 05:10:00,8651566802,5179840580,18,up,230.708,138.129,23.071,1.8165,0
2026-02-27 05:15:00,5504863044,5740077159,15,up,146.796,153.069,14.68,1.5409,0
2026-02-27 05:20:00,7952470326,5344813347,14,up,212.066,142.528,21.207,1.4242,0
2026-02-27 05:25:00,5256056261,6100975344,29,up,140.162,162.693,14.016,2.9489,0
2026-02-27 05:30:00,6630901676,5783839088,15,up,176.824,154.236,17.682,1.5049,0
2026-02-27 05:35:00,8966249728,5663142680,3,up,239.1,151.017,23.91,0.3441,0
2026-02-27 05:40:00,6976396169,6676886223,53,up,186.037,178.05,18.604,5.3042,0
2026-02-27 05:45:00,6443508032,6072056646,13,up,171.827,161.922,17.183,1.3983,0
2026-02-27 05:50:00,7321856043,5159012490,1,up,195.249,137.574,19.525,0.1922,0
2026-02-27 05:55:00,9361115704,5567041866,18,up,249.63,148.454,24.963,1.8842,0
2026-02-27 06:00:00,5851485977,5573768320,26,up,156.04,148.634,15.604,2.6057,0
2026-02-27 06:05:00,6553821079,5679215711,8,up,174.769,151.446,17.477,0.806,0
2026-02-27 06:10:00,8847688514,7329043761,40,up,235.938,195.441,23.594,4.0279,0
2026-02-27 06:15:00,9171932109,5875325027,27,up,244.585,156.675,24.458,2.77,0
2026-02-27 06:20:00,7406911898,4250765765,26,up,197.518,113.354,19.752,2.627,0
2026-02-27 06:25:00,3830911540,5258610694,54,up,102.158,140.23,10.216,5.4615,1
2026-02-27 06:30:00,9386259151,4320648840,81,up,250.3,115.217,25.03,8.1699,0
2026-02-27 06:35:00,5360998891,5402386176,32,up,142.96,144.064,14.296,3.2047,1
2026-02-27 06:40:00,8111052288,4283565594,21,up,216.295,114.228,21.629,2.1551,0
2026-02-27 06:45:00,6768837885,5036676432,9,up,180.502,134.311,18.05,0.9242,0
2026-02-27 06:50:00,7455873593,4598512967,34,up,198.823,122.627,19.882,3.4143,0
2026-02-27 06:55:00,7355675927,5884308120,1,up,196.151,156.915,19.615,0.1224,0
2026-02-27 07:00:00,7797766174,5625364069,1,up,207.94,150.01,20.794,0.1175,0
2026-02-27 07:05:00,8805901294,5829499557,41,up,234.824,155.453,23.482,4.1632,0
2026-02-27 07:10:00,8291475337,5554427812,14,up,221.106,148.118,22.111,1.4241,0
2026-02-27 07:15:00,6530361530,4683849018,10,up,174.143,124.903,17.414,1.0433,0
2026-02-27 07:20:00,8738846805,5971626924,23,up,233.036,159.243,23.304,2.3382,0
2026-02-27 07:25:00,7781818926,6922501578,30,up,207.515,184.6,20.752,3.0258,0
2026-02-27 07:30:00,8118359216,5901218490,5,up,216.49,157.366,21.649,0.5616,0
2026-02-27 07:35:00,8819886773,5337500895,5,up,235.197,142.333,23.52,0.5127,0
2026-02-27 07:40:00,3899746665,4661054656,317,up,103.993,124.295,10.399,31.7368,1
2026-02-27 07:45:00,7467756979,5012054794,22,up,199.14,133.655,19.914,2.2269,0
2026-02-27 07:50:00,7021690903,5930801768,12,up,187.245,158.155,18.725,1.2362,0
2026-02-27 07:55:00,6088926517,6349354668,40,up,162.371,169.316,16.237,4.0417,0
2026-02-27 08:00:00,7812038979,5801084667,18,up,208.321,154.696,20.832,1.8619,0
2026-02-27 08:05:00,9760400896,6164923920,6,up,260.277,164.398,26.028,0.6916,0
2026-02-27 08:10:00,5843930029,6102682814,5,up,155.838,162.738,15.584,0.579,0
2026-02-27 08:15:00,7470947450,5966910714,12,up,199.225,159.118,19.923,1.264,0
2026-02-27 08:20:00,8076488641,5180530323,49,up,215.373,138.147,21.537,4.9134,0
2026-02-27 08:25:00,7610770381,5742398370,1,up,202.954,153.131,20.295,0.1585,0
2026-02-27 08:30:00,7398184752,5052344982,6,up,197.285,134.729,19.728,0.6164,0
2026-02-27 08:35:00,6330705272,5636764543,55,up,168.819,150.314,16.882,5.5909,0
2026-02-27 08:40:00,7709508068,5848332883,3,up,205.587,155.956,20.559,0.3245,0
2026-02-27 08:45:00,6818912420,6758179069,24,up,181.838,180.218,18.184,2.4831,0
2026-02-27 08:50:00,5529070465,4740930917,6,up,147.442,126.425,14.744,0.6004,0
2026-02-27 08:55:00,8575132998,5950017650,23,up,228.67,158.667,22.867,2.3277,0
2026-02-27 09:00:00,8362547237,6624834699,12,up,223.001,176.662,22.3,1.2076,0
2026-02-27 09:05:00,7546494879,6137222241,2,up,201.24,163.659,20.124,0.2681,0
2026-02-27 09:10:00,7706167219,6187238173,21,up,205.498,164.993,20.55,2.1835,0
2026-02-27 09:15:00,8466886211,6021694058,28,up,225.784,160.579,22.578,2.8725,0
2026-02-27 09:20:00,7701905691,6501375780,28,up,205.384,173.37,20.538,2.8507,0
2026-02-27 09:25:00,8313615799,4890952236,25,up,221.696,130.425,22.17,2.5336,0
2026-02-27 09:30:00,7232266019,4689499500,17,up,192.86,125.053,19.286,1.734,0
2026-02-27 09:35:00,8680785364,5620724455,18,up,231.488,149.886,23.149,1.8322,0
2026-02-27 09:40:00,7788707153,4166215580,25,up,207.699,111.099,20.77,2.524,0
2026-02-27 09:45:00,7674646749,6455685917,29,up,204.657,172.152,20.466,2.93,0
2026-02-27 09:50:00,6356945020,6448982756,26,up,169.519,171.973,16.952,2.6596,0
2026-02-27 09:55:00,7758260268,5332488375,22,up,206.887,142.2,20.689,2.2104,0
2026-02-27 10:00:00,6751240574,5374729847,4,up,180.033,143.326,18.003,0.4235,0
2026-02-27 10:05:00,6925545546,5576165454,5,up,184.681,148.698,18.468,0.5913,0
2026-02-27 10:10:00,6766161934,5660113939,7,up,180.431,150.936,18.043,0.7535,0
2026-02-27 10:15:00,6540388561,5710842395,63,up,174.41,152.289,17.441,6.3038,0
2026-02-27 10:20:00,9412294262,6001806672,35,up,250.995,160.048,25.099,3.5615,0
2026-02-27 10:25:00,8698205155,5508477211,20,up,231.952,146.893,23.195,2.0122,0
2026-02-27 10:30:00,9228330751,6261655479,7,up,246.089,166.977,24.609,0.7261,0
2026-02-27 10:35:00,6399394482,5926014749,2,up,170.651,158.027,17.065,0.2938,0
2026-02-27 10:40:00,7564128374,5215299674,57,up,201.71,139.075,20.171,5.7256,0
2026-02-27 10:45:00,6335843137,6526201050,55,up,168.956,174.032,16.896,5.5795,0
2026-02-27 10:50:00,6873874610,4708176534,2,up,183.303,125.551,18.33,0.2933,0
2026-02-27 10:55:00,6673685714,5562788077,39,up,177.965,148.341,17.796,3.989,0
2026-02-27 11:00:00,8615625605,6277669245,14,up,229.75,167.405,22.975,1.4794,0
2026-02-27 11:05:00,7143393289,5136925654,9,up,190.49,136.985,19.049,0.9788,0
2026-02-27 11:10:00,8461541400,5833950061,33,up,225.641,155.572,22.564,3.3591,0
2026-02-27 11:15:00,8043708800,5991754227,23,up,214.499,159.78,21.45,2.3819,0
2026-02-27 11:20:00,9573274876,5044146389,37,up,255.287,134.511,25.529,3.7857,0
2026-02-27 11:25:00,6168500199,5576077539,1,up,164.493,148.695,16.449,0.1931,0
2026-02-27 11:30:00,8633309915,5519359914,9,up,230.222,147.183,23.022,0.959,0
2026-02-27 11:35:00,8531796783,5252576950,9,up,227.515,140.069,22.751,0.9616,0
2026-02-27 11:40:00,6623959045,7178630525,10,up,176.639,191.43,17.664,1.0003,0
2026-02-27 11:45:00,8406420002,5109903211,17,up,224.171,136.264,22.417,1.7453,0
2026-02-27 11:50:00,7802530466,6303327948,8,up,208.067,168.089,20.807,0.8317,0
2026-02-27 11:55:00,7295271366,5359859313,14,up,194.541,142.93,19.454,1.4692,0
2026-02-27 12:00:00,6758458061,4891520572,11,up,180.226,130.441,18.023,1.1463,0
2026-02-27 12:05:00,6852801493,5694399614,33,up,182.741,151.851,18.274,3.3229,0
2026-02-27 12:10:00,9344830886,6063138034,23,up,249.195,161.684,24.92,2.3127,0
2026-02-27 12:15:00,7500614537,6246343963,26,up,200.016,166.569,20.002,2.6506,0
2026-02-27 12:20:00,8203917001,6679528949,5,up,218.771,178.121,21.877,0.5912,0
2026-02-27 12:25:00,6788190556,7613041245,9,up,181.018,203.014,18.102,0.9845,0
2026-02-27 12:30:00,6798132348,5794097087,0,up,181.284,154.509,18.128,0.0535,0
2026-02-27 12:35:00,8473786328,5177412782,2,up,225.968,138.064,22.597,0.2868,0
2026-02-27 12:40:00,6285381409,5930690170,7,up,167.61,158.152,16.761,0.7699,0
2026-02-27 12:45:00,7126307608,5445306258,1,up,190.035,145.208,19.003,0.1693,0
2026-02-27 12:50:00,7530624669,6250027137,23,up,200.817,166.667,20.082,2.3072,0
2026-02-27 12:55:00,7600235341,4749414099,157,up,202.673,126.651,20.267,15.7047,0
2026-02-27 13:00:00,7338816043,7223625816,2,up,195.702,192.63,19.57,0.2657,0
2026-02-27 13:05:00,7856237802,6202832463,43,up,209.5,165.409,20.95,4.3041,0
2026-02-27 13:10:00,8123570180,4488297287,3,up,216.629,119.688,21.663,0.3162,0
2026-02-27 13:15:00,8161173790,5146405490,27,up,217.631,137.237,21.763,2.771,0
2026-02-27 13:20:00,6612776572,6175854704,25,up,176.341,164.689,17.634,2.5762,0
2026-02-27 13:25:00,7244260411,6419032237,58,up,193.18,171.174,19.318,5.8253,0
2026-02-27 13:30:00,8575286575,4766239601,3,up,228.674,127.1,22.867,0.3024,0
2026-02-27 13:35:00,8305182468,6106292449,9,up,221.472,162.834,22.147,0.9475,0
2026-02-27 13:40:00,6264426493,4310545585,2,up,167.051,114.948,16.705,0.2379,0
2026-02-27 13:45:00,7816331910,5564698290,13,up,208.436,148.392,20.844,1.308,0
2026-02-27 13:50:00,5719597275,6375631618,60,up,152.523,170.017,15.252,6.0645,0
2026-02-27 13:55:00,7542241411,5252726882,38,up,201.126,140.073,20.113,3.8027,0
2026-02-27 14:00:00,9207990315,4607827448,32,up,245.546,122.875,24.555,3.2084,0
2026-02-27 14:05:00,6646896554,5723694987,19,up,177.251,152.632,17.725,1.9037,0
2026-02-27 14:10:00,6749109259,5216814765,53,up,179.976,139.115,17.998,5.3744,0
2026-02-27 14:15:00,8187626803,6049951897,14,up,218.337,161.332,21.834,1.4921,0
2026-02-27 14:20:00,6111478636,5027404658,4,up,162.973,134.064,16.297,0.4054,0
2026-02-27 14:25:00,4158312283,5103470099,181,up,110.888,136.093,11.089,18.176,1
2026-02-27 14:30:00,8036797023,4260823433,8,up,214.315,113.622,21.431,0.82,0
2026-02-27 14:35:00,6929142737,5739712679,1,up,184.777,153.059,18.478,0.1378,0
2026-02-27 14:40:00,7287627011,5516389166,3,up,194.337,147.104,19.434,0.3368,0
2026-02-27 14:45:00,8169767139,4822840347,23,up,217.86,128.609,21.786,2.348,0
2026-02-27 14:50:00,7879391475,5755814131,23,up,210.117,153.488,21.012,2.3354,0
2026-02-27 14:55:00,4644081933,6318272452,30,up,123.842,168.487,12.384,3.0135,1
2026-02-27 15:00:00,7194789948,5479491638,32,up,191.861,146.12,19.186,3.2474,0
2026-02-27 15:05:00,7833055003,5806012691,37,up,208.881,154.827,20.888,3.7141,0
2026-02-27 15:10:00,7388640587,5809485093,63,up,197.03,154.92,19.703,6.3301,0
2026-02-27 15:15:00,7912025048,4812077366,21,up,210.987,128.322,21.099,2.1983,0
2026-02-27 15:20:00,7052761177,7013195428,37,up,188.074,187.019,18.807,3.7788,0
2026-02-27 15:25:00,7335687923,5307176364,34,up,195.618,141.525,19.562,3.4969,0
2026-02-27 15:30:00,6609037986,6067878436,7,up,176.241,161.81,17.624,0.7454,0
2026-02-27 15:35:00,7468493150,6144220312,9,up,199.16,163.846,19.916,0.9285,0
2026-02-27 15:40:00,6770099222,5530773289,16,up,180.536,147.487,18.054,1.6275,0
2026-02-27 15:45:00,6497358194,6034586641,0,up,173.263,160.922,17.326,0.0481,0
2026-02-27 15:50:00,7732795033,5790927974,8,up,206.208,154.425,20.621,0.8824,0
2026-02-27 15:55:00,7691465798,4668093163,16,up,205.106,124.482,20.511,1.6056,0
2026-02-27 16:00:00,8204586361,5400715926,2,up,218.789,144.019,21.879,0.2859,0
2026-02-27 16:05:00,7111986987,5211528140,3,up,189.653,138.974,18.965,0.3375,0
2026-02-27 16:10:00,7867247562,5313322097,15,up,209.793,141.689,20.979,1.5555,0
2026-02-27 16:15:00,7995717815,4744797854,32,up,213.219,126.528,21.322,3.2823,0
2026-02-27 16:20:00,7900296427,6385342758,44,up,210.675,170.276,21.067,4.4856,0
2026-02-27 16:25:00,6756911685,6706345041,19,up,180.184,178.836,18.018,1.9759,0
2026-02-27 16:30:00,7634427134,6285152008,16,up,203.585,167.604,20.358,1.6097,0
2026-02-27 16:35:00,4696635759,6482607226,48,up,125.244,172.87,12.524,4.8496,1
2026-02-27 16:40:00,7506460620,5392371485,5,up,200.172,143.797,20.017,0.5359,0
2026-02-27 16:45:00,5622170107,5195526636,3,up,149.925,138.547,14.992,0.3962,0
2026-02-27 16:50:00,7644440661,5099453743,39,up,203.852,135.985,20.385,3.9243,0
2026-02-27 16:55:00,9491277935,6059743822,15,up,253.101,161.593,25.31,1.5638,0
2026-02-27 17:00:00,7175964658,5778267560,39,up,191.359,154.087,19.136,3.9054,0
2026-02-27 17:05:00,6844730611,5572875344,30,up,182.526,148.61,18.253,3.0442,0
2026-02-27 17:10:00,7836013703,6499225267,5,up,208.96,173.313,20.896,0.5389,0
2026-02-27 17:15:00,7781140389,5898335413,17,up,207.497,157.289,20.75,1.7849,0
2026-02-27 17:20:00,8573461648,5058906094,14,up,228.626,134.904,22.863,1.4675,0
2026-02-27 17:25:00,3820751195,5165386540,55,up,101.887,137.744,10.189,5.5143,1
2026-02-27 17:30:00,8158242227,6085345476,19,up,217.553,162.276,21.755,1.9553,0
2026-02-27 17:35:00,8031379855,6328169675,100,up,214.17,168.751,21.417,10.0549,0
2026-02-27 17:40:00,7372068116,5997384156,41,up,196.588,159.93,19.659,4.1903,0
2026-02-27 17:45:00,7804818586,6905399904,58,up,208.128,184.144,20.813,5.851,0
2026-02-27 17:50:00,8426511733,6728629836,0,up,224.707,179.43,22.471,0.0752,0
2026-02-27 17:55:00,8285083842,5922699188,3,up,220.936,157.939,22.094,0.378,0
2026-02-27 18:00:00,6471282619,5058958054,2,up,172.568,134.906,17.257,0.2214,0
2026-02-27 18:05:00,8238142368,4740758429,7,up,219.684,126.42,21.968,0.7637,0
2026-02-27 18:10:00,7441780255,5363517322,14,up,198.447,143.027,19.845,1.458,0
2026-02-27 18:15:00,7565586688,6133419076,25,up,201.749,163.558,20.175,2.5684,0
2026-02-27 18:20:00,7565877291,6857986778,17,up,201.757,182.88,20.176,1.737,0
2026-02-27 18:25:00,7364781310,5906776748,58,up,196.394,157.514,19.639,5.8374,0
2026-02-27 18:30:00,8572536747,6413887886,70,up,228.601,171.037,22.86,7.0275,0
2026-02-27 18:35:00,7424653836,5459417446,4,up,197.991,145.584,19.799,0.4464,0
2026-02-27 18:40:00,6492408484,6045369159,47,up,173.131,161.21,17.313,4.7918,0
2026-02-27 18:45:00,7145823129,6180765859,16,up,190.555,164.82,19.056,1.6431,0
2026-02-27 18:50:00,7660825245,4288773863,15,up,204.289,114.367,20.429,1.5098,0
2026-02-27 18:55:00,8606293305,5345928808,38,up,229.501,142.558,22.95,3.8421,0
2026-02-27 19:00:00,8042785216,6266047759,2,up,214.474,167.095,21.447,0.2444,0
2026-02-27 19:05:00,6734518249,5810266126,53,up,179.587,154.94,17.959,5.3531,0
2026-02-27 19:10:00,9736670925,4817352342,27,up,259.645,128.463,25.964,2.7782,0
2026-02-27 19:15:00,7738297779,3984667396,52,up,206.355,106.258,20.635,5.2038,0
2026-02-27 19:20:00,8647851664,5378097996,129,up,230.609,143.416,23.061,12.9973,0
2026-02-27 19:25:00,7363457009,5576679657,18,up,196.359,148.711,19.636,1.8246,0
2026-02-27 19:30:00,7980023320,5028352008,2,up,212.801,134.089,21.28,0.2448,0
2026-02-27 19:35:00,8255521654,5721582332,4,up,220.147,152.576,22.015,0.4554,0
2026-02-27 19:40:00,8596375240,5966811054,9,up,229.237,159.115,22.924,0.9775,0
2026-02-27 19:45:00,8451631474,6077713840,2,up,225.377,162.072,22.538,0.2733,0
2026-02-27 19:50:00,8284977300,4034754725,42,up,220.933,107.593,22.093,4.2231,0
2026-02-27 19:55:00,7216421941,4737857558,8,up,192.438,126.343,19.244,0.8805,0
2026-02-27 20:00:00,6985428562,5419379712,93,up,186.278,144.517,18.628,9.3124,0
2026-02-27 20:05:00,7799346759,6011216863,30,up,207.983,160.299,20.798,3.0316,0
2026-02-27 20:10:00,8339815265,5955232959,4,up,222.395,158.806,22.24,0.4762,0
2026-02-27 20:15:00,7299551369,5943512214,16,up,194.655,158.494,19.465,1.6159,0
2026-02-27 20:20:00,8458654769,5366192889,15,up,225.564,143.098,22.556,1.5725,0
2026-02-27 20:25:00,8807355070,5403847429,16,up,234.863,144.103,23.486,1.6957,0
2026-02-27 20:30:00,6675311172,5133377743,19,up,178.008,136.89,17.801,1.918,0
2026-02-27 20:35:00,6746771366,6143531036,0,up,179.914,163.827,17.991,0.0792,0
2026-02-27 20:40:00,7373662446,5003670068,28,up,196.631,133.431,19.663,2.8983,0
2026-02-27 20:45:00,7776851401,6198774566,16,up,207.383,165.301,20.738,1.6696,0
2026-02-27 20:50:00,7027889687,5765300935,39,up,187.41,153.741,18.741,3.9131,0
2026-02-27 20:55:00,8716982410,5594594977,42,up,232.453,149.189,23.245,4.2232,0
2026-02-27 21:00:00,7881660175,5181720480,6,up,210.178,138.179,21.018,0.6551,0
2026-02-27 21:05:00,7535502343,4710009243,1,up,200.947,125.6,20.095,0.1241,0
2026-02-27 21:10:00,6207681428,5187834389,30,up,165.538,138.342,16.554,3.037,0
2026-02-27 21:15:00,6315765765,5402245363,95,up,168.42,144.06,16.842,9.515,0
2026-02-27 21:20:00,7752908325,4025908589,14,up,206.744,107.358,20.674,1.4794,0
2026-02-27 21:25:00,5580663936,5491785270,7,up,148.818,146.448,14.882,0.7515,0
2026-02-27 21:30:00,8411373668,6248941223,4,up,224.303,166.638,22.43,0.426,0
2026-02-27 21:35:00,7357661540,6007872086,8,up,196.204,160.21,19.62,0.8472,0
2026-02-27 21:40:00,10418783672,5290061033,9,up,277.834,141.068,27.783,0.9934,0
2026-02-27 21:45:00,9577124625,5656682001,13,up,255.39,150.845,25.539,1.3786,0
2026-02-27 21:50:00,7336695837,5249588915,26,up,195.645,139.989,19.565,2.6635,0
2026-02-27 21:55:00,7404296697,5725413495,7,up,197.448,152.678,19.745,0.7976,0
2026-02-27 22:00:00,8396023362,6664572781,1,up,223.894,177.722,22.389,0.1308,0
2026-02-27 22:05:00,9032855348,6278736691,11,up,240.876,167.433,24.088,1.1681,0
2026-02-27 22:10:00,6025773848,5976536156,48,up,160.687,159.374,16.069,4.8384,0
2026-02-27 22:15:00,5892262081,5292302684,17,up,157.127,141.128,15.713,1.7246,0
2026-02-27 22:20:00,6940168675,6131208415,83,up,185.071,163.499,18.507,8.3656,0
2026-02-27 22:25:00,8024463824,4486358057,17,up,213.986,119.636,21.399,1.751,0
2026-02-27 22:30:00,7947186231,5454661399,8,up,211.925,145.458,21.192,0.8071,0
2026-02-27 22:35:00,8462794309,6019005208,5,up,225.675,160.507,22.567,0.5371,0
2026-02-27 22:40:00,6420272224,6124784319,29,up,171.207,163.328,17.121,2.9647,0
2026-02-27 22:45:00,5415470523,6077172030,19,up,144.413,162.058,14.441,1.9217,0
2026-02-27 22:50:00,8272212775,5824010715,23,up,220.592,155.307,22.059,2.3158,0
2026-02-27 22:55:00,6754623354,5492885639,35,up,180.123,146.477,18.012,3.5175,0
2026-02-27 23:00:00,5683360922,5988133779,32,up,151.556,159.684,15.156,3.2357,0
2026-02-27 23:05:00,7630557371,4981818797,1,up,203.482,132.849,20.348,0.1108,0
2026-02-27 23:10:00,8213858119,5054842847,40,up,219.036,134.796,21.904,4.056,0
2026-02-27 23:15:00,7390148581,5666670906,19,up,197.071,151.111,19.707,1.902,0
2026-02-27 23:20:00,7087936452,5741908408,12,up,189.012,153.118,18.901,1.2428,0
2026-02-27 23:25:00,7356573991,4392709754,19,up,196.175,117.139,19.618,1.9279,0
2026-02-27 23:30:00,7166475513,5932223807,23,up,191.106,158.193,19.111,2.3698,0
2026-02-27 23:35:00,6286757599,6146591655,4,up,167.647,163.909,16.765,0.4048,0
2026-02-27 23:40:00,6856787390,5572832464,13,up,182.848,148.609,18.285,1.3507,0
2026-02-27 23:45:00,7969151914,7227764741,10,up,212.511,192.74,21.251,1.0221,0
2026-02-27 23:50:00,7789510687,5164018803,10,up,207.72,137.707,20.772,1.0785,0
2026-02-27 23:55:00,7651253825,5381266164,2,up,204.033,143.5,20.403,0.2394,0
2026-02-28 00:00:00,6604366366,5358329838,4,up,176.116,142.889,17.612,0.4354,0
2026-02-28 00:05:00,7336647154,5573573362,4,up,195.644,148.629,19.564,0.4413,0
2026-02-28 00:10:00,5540641458,5403110751,11,up,147.75,144.083,14.775,1.1679,0
2026-02-28 00:15:00,7660628997,4675402882,56,up,204.283,124.677,20.428,5.6224,0
2026-02-28 00:20:00,8785971937,5256079900,5,up,234.293,140.162,23.429,0.5768,0
2026-02-28 00:25:00,6173281081,5559106030,13,up,164.621,148.243,16.462,1.3455,0
2026-02-28 00:30:00,6972665094,6454286155,9,up,185.938,172.114,18.594,0.9335,0
2026-02-28 00:35:00,7796196100,7111514209,38,up,207.899,189.64,20.79,3.8707,0
2026-02-28 00:40:00,8627558370,6526444881,1,up,230.068,174.039,23.007,0.1286,0
2026-02-28 00:45:00,7096597845,5101619154,5,up,189.243,136.043,18.924,0.5471,0
2026-02-28 00:50:00,6876974703,5155328512,5,up,183.386,137.475,18.339,0.5913,0
2026-02-28 00:55:00,5727969171,5517453210,123,up,152.746,147.132,15.275,12.3914,0
2026-02-28 01:00:00,7593094316,6829577249,21,up,202.483,182.122,20.248,2.1144,0
2026-02-28 01:05:00,5602721061,5513338764,14,up,149.406,147.022,14.941,1.4961,1
2026-02-28 01:10:00,7749622615,4728932443,7,up,206.657,126.105,20.666,0.7943,0
2026-02-28 01:15:00,7479948918,5286705432,4,up,199.465,140.979,19.947,0.4593,0
2026-02-28 01:20:00,7789874079,6136012801,3,up,207.73,163.627,20.773,0.3327,0
2026-02-28 01:25:00,7490017196,6090709686,39,up,199.734,162.419,19.973,3.9886,0
2026-02-28 01:30:00,6768287064,5489853750,17,up,180.488,146.396,18.049,1.7117,0
2026-02-28 01:35:00,8240951924,6086304904,24,up,219.759,162.301,21.976,2.4938,0
2026-02-28 01:40:00,7703185370,4090608763,10,up,205.418,109.083,20.542,1.0059,0
2026-02-28 01:45:00,7515851926,5695084733,20,up,200.423,151.869,20.042,2.0169,0
2026-02-28 01:50:00,6622170575,6205962659,7,up,176.591,165.492,17.659,0.7446,0
2026-02-28 01:55:00,8673157138,5062817289,9,up,231.284,135.008,23.128,0.9206,0
2026-02-28 02:00:00,8098232470,5060471487,26,up,215.953,134.946,21.595,2.6406,0
2026-02-28 02:05:00,7002371246,4365147496,4,up,186.73,116.404,18.673,0.4073,0
2026-02-28 02:10:00,8401642368,6698179526,24,up,224.044,178.618,22.404,2.4007,0
2026-02-28 02:15:00,7052186245,5138896065,47,up,188.058,137.037,18.806,4.7803,0
2026-02-28 02:20:00,6796196856,5787704212,3,up,181.232,154.339,18.123,0.3208,0
2026-02-28 02:25:00,6816267194,6032644003,56,up,181.767,160.871,18.177,5.6938,0
2026-02-28 02:30:00,5906038302,6645645865,2,up,157.494,177.217,15.749,0.2069,0
2026-02-28 02:35:00,7924388142,5521119002,10,up,211.317,147.23,21.132,1.0728,0
2026-02-28 02:40:00,5851969609,5260884889,23,up,156.053,140.29,15.605,2.3573,0
2026-02-28 02:45:00,6394400551,5741820662,20,up,170.517,153.115,17.052,2.0491,0
2026-02-28 02:50:00,3379182475,6491754186,10,up,90.112,173.113,9.011,1.0136,1
2026-02-28 02:55:00,7422537276,5510133541,40,up,197.934,146.937,19.793,4.01,0
2026-02-28 03:00:00,7364711585,4980463369,90,up,196.392,132.812,19.639,9.044,0
2026-02-28 03:05:00,7205973408,4584988479,4,up,192.159,122.266,19.216,0.4999,0
2026-02-28 03:10:00,6561680074,4800624265,56,up,174.978,128.017,17.498,5.6376,0
2026-02-28 03:15:00,6444989621,6208464260,20,up,171.866,165.559,17.187,2.0344,0
2026-02-28 03:20:00,7917932877,5408578478,68,up,211.145,144.229,21.114,6.8696,0
2026-02-28 03:25:00,7004503261,5214923385,4,up,186.787,139.065,18.679,0.4842,0
2026-02-28 03:30:00,7784722489,5141722124,39,up,207.593,137.113,20.759,3.9258,0
2026-02-28 03:35:00,4021965709,5682405955,6,up,107.252,151.531,10.725,0.6164,1
2026-02-28 03:40:00,7662956468,5463367811,53,up,204.346,145.69,20.435,5.3682,0
2026-02-28 03:45:00,8672950233,5440635802,28,up,231.279,145.084,23.128,2.8034,0
2026-02-28 03:50:00,8027549220,6535793651,11,up,214.068,174.288,21.407,1.1561,0
2026-02-28 03:55:00,7128827563,6663160990,5,up,190.102,177.684,19.01,0.5282,0
2026-02-28 04:00:00,4638887443,4538235370,169,up,123.704,121.02,12.37,16.9572,1
2026-02-28 04:05:00,7283401342,5846125093,23,up,194.224,155.897,19.422,2.3111,0
2026-02-28 04:10:00,7507092166,5100618083,11,up,200.189,136.016,20.019,1.1173,0
2026-02-28 04:15:00,7206950053,5457430498,14,up,192.185,145.531,19.219,1.4667,0
2026-02-28 04:20:00,7352098314,5833762909,43,up,196.056,155.567,19.606,4.3796,0
2026-02-28 04:25:00,4614530410,5481414056,41,up,123.054,146.171,12.305,4.1389,1
2026-02-28 04:30:00,6605977170,5780560419,2,up,176.159,154.148,17.616,0.2348,0
2026-02-28 04:35:00,6585709055,6079254889,60,up,175.619,162.113,17.562,6.0557,0
2026-02-28 04:40:00,6250311701,5823839340,12,up,166.675,155.302,16.667,1.2249,0
2026-02-28 04:45:00,6059756005,5188385494,10,up,161.593,138.357,16.159,1.0708,0
2026-02-28 04:50:00,6404445577,5200290265,5,up,170.785,138.674,17.079,0.5716,0
2026-02-28 04:55:00,7643516256,4653198924,56,up,203.827,124.085,20.383,5.6928,0
2026-02-28 05:00:00,6696491236,5048603799,6,up,178.573,134.629,17.857,0.6132,0
2026-02-28 05:05:00,7962253017,6949396144,25,up,212.327,185.317,21.233,2.5311,0
2026-02-28 05:10:00,7531242373,5090397587,53,up,200.833,135.744,20.083,5.3166,0
2026-02-28 05:15:00,5728346207,4819469301,0,up,152.756,128.519,15.276,0.0888,0
2026-02-28 05:20:00,8089478025,5840951306,44,up,215.719,155.759,21.572,4.4122,0
2026-02-28 05:25:00,8229718781,5550503787,13,up,219.459,148.013,21.946,1.3216,0
2026-02-28 05:30:00,6605523592,5492974565,26,up,176.147,146.479,17.615,2.6822,0
2026-02-28 05:35:00,7878172388,6576106027,11,up,210.085,175.363,21.008,1.1646,0
2026-02-28 05:40:00,6729151586,5995660506,29,up,179.444,159.884,17.944,2.9728,0
2026-02-28 05:45:00,7587903339,5267254771,7,up,202.344,140.46,20.234,0.7336,0
2026-02-28 05:50:00,6361951433,5338478755,0,up,169.652,142.359,16.965,0.0554,0
2026-02-28 05:55:00,5886204192,5285754103,73,up,156.965,140.953,15.697,7.3811,0
2026-02-28 06:00:00,7155464529,6215449244,0,up,190.812,165.745,19.081,0.0413,0
2026-02-28 06:05:00,7388643948,5417000350,43,up,197.031,144.453,19.703,4.3446,0
2026-02-28 06:10:00,7142088275,4414621385,4,up,190.456,117.723,19.046,0.4632,0
2026-02-28 06:15:00,6434372497,5592384216,12,up,171.583,149.13,17.158,1.2449,0
2026-02-28 06:20:00,7140090844,4587507449,43,up,190.402,122.334,19.04,4.3219,0
2026-02-28 06:25:00,7742365277,7099355656,5,up,206.463,189.316,20.646,0.5765,0
2026-02-28 06:30:00,7459596272,4973174158,50,up,198.923,132.618,19.892,5.0193,0
2026-02-28 06:35:00,7664250927,5515741283,17,up,204.38,147.086,20.438,1.7217,0
2026-02-28 06:40:00,6896896319,5799286845,11,up,183.917,154.648,18.392,1.1399,0
2026-02-28 06:45:00,8554546123,5430155741,27,up,228.121,144.804,22.812,2.715,0
2026-02-28 06:50:00,6441443997,5429229479,10,up,171.772,144.779,17.177,1.0441,0
2026-02-28 06:55:00,7938804267,5909733418,10,up,211.701,157.593,21.17,1.0665,0
2026-02-28 07:00:00,8563701983,6655195772,33,up,228.365,177.472,22.837,3.3062,0
2026-02-28 07:05:00,7932817283,6143068630,9,up,211.542,163.815,21.154,0.9271,0
2026-02-28 07:10:00,7317728195,6622996868,5,up,195.139,176.613,19.514,0.5603,0
2026-02-28 07:15:00,7024532658,4918532102,41,up,187.321,131.161,18.732,4.121,0
2026-02-28 07:20:00,8432478885,5839219777,40,up,224.866,155.713,22.487,4.0917,0
2026-02-28 07:25:00,6219322567,5729791085,17,up,165.849,152.794,16.585,1.7208,0
2026-02-28 07:30:00,6626888165,5861986621,18,up,176.717,156.32,17.672,1.8698,0
2026-02-28 07:35:00,7142198011,6553956580,29,up,190.459,174.772,19.046,2.9774,0
2026-02-28 07:40:00,8613888381,5475967323,17,up,229.704,146.026,22.97,1.7797,0
2026-02-28 07:45:00,7841790872,5351285227,13,up,209.114,142.701,20.911,1.3491,0
2026-02-28 07:50:00,6628758817,5985437038,131,up,176.767,159.612,17.677,13.1934,0
2026-02-28 07:55:00,7220723065,4424713158,3,up,192.553,117.992,19.255,0.3994,0
2026-02-28 08:00:00,6947109170,5465124866,22,up,185.256,145.737,18.526,2.2457,0
2026-02-28 08:05:00,6861189906,5534416559,54,up,182.965,147.584,18.297,5.4259,0
2026-02-28 08:10:00,8381000602,5003757933,29,up,223.493,133.434,22.349,2.9056,0
2026-02-28 08:15:00,6265431183,6338514832,53,up,167.078,169.027,16.708,5.32,0
2026-02-28 08:20:00,8947902770,4907987785,10,up,238.611,130.88,23.861,1.0249,0
2026-02-28 08:25:00,8245406721,5533285692,7,up,219.878,147.554,21.988,0.7936,0
2026-02-28 08:30:00,8481775503,5822881127,47,up,226.181,155.277,22.618,4.7641,0
2026-02-28 08:35:00,7083354439,6538579803,12,up,188.889,174.362,18.889,1.2527,0
2026-02-28 08:40:00,7365053352,5617874406,30,up,196.401,149.81,19.64,3.0919,0
2026-02-28 08:45:00,6210163366,6256903676,3,up,165.604,166.851,16.56,0.3997,0
2026-02-28 08:50:00,7027803833,6097901893,35,up,187.408,162.611,18.741,3.5248,0
2026-02-28 08:55:00,7944289362,5708333850,19,up,211.848,152.222,21.185,1.9906,0
2026-02-28 09:00:00,8666456755,4889578449,7,up,231.106,130.389,23.111,0.782,0
2026-02-28 09:05:00,6503558864,4656657918,17,up,173.428,124.178,17.343,1.7055,0
2026-02-28 09:10:00,7171044656,5696891145,29,up,191.228,151.917,19.123,2.9846,0
2026-02-28 09:15:00,7363830701,5258679610,0,up,196.369,140.231,19.637,0.0299,0
2026-02-28 09:20:00,6243789718,6245501236,25,up,166.501,166.547,16.65,2.5366,0
2026-02-28 09:25:00,8032214317,6128453149,19,up,214.192,163.425,21.419,1.95,0
2026-02-28 09:30:00,6848408701,5500387578,6,up,182.624,146.677,18.262,0.6221,0
2026-02-28 09:35:00,7324148683,4843543776,34,up,195.311,129.161,19.531,3.4957,0
2026-02-28 09:40:00,7093245565,5969746495,9,up,189.153,159.193,18.915,0.9041,0
2026-02-28 09:45:00,6789595344,4937884123,8,up,181.056,131.677,18.106,0.8104,0
2026-02-28 09:50:00,7493659513,5113036852,15,up,199.831,136.348,19.983,1.5929,0
2026-02-28 09:55:00,7305951379,4963894376,28,up,194.825,132.371,19.483,2.8187,0
2026-02-28 10:00:00,7165327905,5531511810,66,up,191.075,147.507,19.108,6.6073,0
2026-02-28 10:05:00,6844384540,6414879825,3,up,182.517,171.063,18.252,0.381,0
2026-02-28 10:10:00,7787572203,5621597412,12,up,207.669,149.909,20.767,1.2624,0
2026-02-28 10:15:00,5392953324,5325827382,6,up,143.812,142.022,14.381,0.6934,1
2026-02-28 10:20:00,7625898509,4595209922,35,up,203.357,122.539,20.336,3.5527,0
2026-02-28 10:25:00,8396506393,5997684094,14,up,223.907,159.938,22.391,1.4843,0
2026-02-28 10:30:00,6248800267,5098226890,30,up,166.635,135.953,16.663,3.0684,0
2026-02-28 10:35:00,7641985295,5704324392,9,up,203.786,152.115,20.379,0.9722,0
2026-02-28 10:40:00,6512368512,5385902434,46,up,173.663,143.624,17.366,4.6498,0
2026-02-28 10:45:00,6170767565,6190769623,19,up,164.554,165.087,16.455,1.9134,0
2026-02-28 10:50:00,6834565733,5518865435,71,up,182.255,147.17,18.226,7.1886,0
2026-02-28 10:55:00,8572709400,5585224710,2,up,228.606,148.939,22.861,0.2052,0
2026-02-28 11:00:00,8355014245,5952879324,18,up,222.8,158.743,22.28,1.8053,0
2026-02-28 11:05:00,7718704249,7047184623,36,up,205.832,187.925,20.583,3.636,0
2026-02-28 11:10:00,6120569496,6224701677,22,up,163.215,165.992,16.322,2.2917,0
2026-02-28 11:15:00,7323347413,5565190878,0,up,195.289,148.405,19.529,0.0587,0
2026-02-28 11:20:00,7771530008,5627158643,89,up,207.241,150.058,20.724,8.9693,0
2026-02-28 11:25:00,7657982606,5270719864,8,up,204.213,140.553,20.421,0.8855,0
2026-02-28 11:30:00,5840585774,4983752900,7,up,155.749,132.9,15.575,0.7168,0
2026-02-28 11:35:00,4019228362,5251893218,66,up,107.179,140.05,10.718,6.6487,1
2026-02-28 11:40:00,7442330012,5103799449,19,up,198.462,136.101,19.846,1.9531,0
2026-02-28 11:45:00,7982661818,6066023659,36,up,212.871,161.761,21.287,3.6342,0
2026-02-28 11:50:00,5523484961,4901943470,12,up,147.293,130.718,14.729,1.2492,0
2026-02-28 11:55:00,7354088422,6524917128,14,up,196.109,173.998,19.611,1.4494,0
2026-02-28 12:00:00,4577246335,6132631308,76,up,122.06,163.537,12.206,7.6563,1
2026-02-28 12:05:00,8264650789,5638838667,12,up,220.391,150.369,22.039,1.2538,0
2026-02-28 12:10:00,8123571825,5625215062,61,up,216.629,150.006,21.663,6.1495,0
2026-02-28 12:15:00,8024314186,5248835116,47,up,213.982,139.969,21.398,4.7638,0
2026-02-28 12:20:00,6780053543,5807306977,15,up,180.801,154.862,18.08,1.5173,0
2026-02-28 12:25:00,3469678845,6359462412,0,up,92.525,169.586,9.252,0.0019,1
2026-02-28 12:30:00,7146252518,5150369387,57,up,190.567,137.343,19.057,5.7799,0
2026-02-28 12:35:00,8401468642,4589960339,3,up,224.039,122.399,22.404,0.3319,0
2026-02-28 12:40:00,8754109074,6099672322,7,up,233.443,162.658,23.344,0.701,0
2026-02-28 12:45:00,8139494192,5843947032,4,up,217.053,155.839,21.705,0.4133,0
2026-02-28 12:50:00,7886406740,4868865809,4,up,210.304,129.836,21.03,0.4956,0
2026-02-28 12:55:00,7841675683,5129960824,40,up,209.111,136.799,20.911,4.0598,0
2026-02-28 13:00:00,6999493127,5045104615,21,up,186.653,134.536,18.665,2.1658,0
2026-02-28 13:05:00,7382945735,5135940718,78,up,196.879,136.958,19.688,7.8143,0
2026-02-28 13:10:00,9002162573,5406514141,6,up,240.058,144.174,24.006,0.6581,0
2026-02-28 13:15:00,6651697794,5445080569,16,up,177.379,145.202,17.738,1.6621,0
2026-02-28 13:20:00,8953300911,5185714282,94,up,238.755,138.286,23.875,9.4777,0
2026-02-28 13:25:00,7210174660,5113239421,43,up,192.271,136.353,19.227,4.3781,0
2026-02-28 13:30:00,8692888898,5470570567,32,up,231.81,145.882,23.181,3.2605,0
2026-02-28 13:35:00,6233866491,5738191786,5,up,166.236,153.018,16.624,0.5236,0
2026-02-28 13:40:00,8027313781,5411499837,36,up,214.062,144.307,21.406,3.6677,0
2026-02-28 13:45:00,6836906877,6407100240,10,up,182.318,170.856,18.232,1.0676,0
2026-02-28 13:50:00,6226259527,5967959207,18,up,166.034,159.146,16.603,1.8904,0
2026-02-28 13:55:00,7696680638,4551179046,23,up,205.245,121.365,20.524,2.3487,0
2026-02-28 14:00:00,8408524609,5978516241,23,up,224.227,159.427,22.423,2.3499,0
2026-02-28 14:05:00,6739552705,6033742188,32,up,179.721,160.9,17.972,3.2413,0
2026-02-28 14:10:00,6150885635,5331553896,27,up,164.024,142.175,16.402,2.7096,0
2026-02-28 14:15:00,7417339712,4615741628,1,up,197.796,123.086,19.78,0.1771,0
2026-02-28 14:20:00,7421308204,5630445062,15,up,197.902,150.145,19.79,1.5282,0
2026-02-28 14:25:00,7993487664,5619796660,27,up,213.16,149.861,21.316,2.7268,0
2026-02-28 14:30:00,8354635114,4867888790,8,up,222.79,129.81,22.279,0.8774,0
2026-02-28 14:35:00,4467915802,4645427029,37,up,119.144,123.878,11.914,3.755,1
2026-02-28 14:40:00,9169952983,5565901356,3,up,244.532,148.424,24.453,0.3326,0
2026-02-28 14:45:00,7701811270,5467672895,13,up,205.382,145.805,20.538,1.3559,0
2026-02-28 14:50:00,7188216144,5343345878,108,up,191.686,142.489,19.169,10.8246,0
2026-02-28 14:55:00,6049589376,5568697754,8,up,161.322,148.499,16.132,0.8398,0
2026-02-28 15:00:00,7263606431,4880625947,18,up,193.696,130.15,19.37,1.8952,0
2026-02-28 15:05:00,7197251749,5331496086,33,up,191.927,142.173,19.193,3.399,0
2026-02-28 15:10:00,8364274316,5984994395,0,up,223.047,159.6,22.305,0.034,0
2026-02-28 15:15:00,7916235261,5388770195,57,up,211.1,143.701,21.11,5.7675,0
2026-02-28 15:20:00,6438567790,4496418581,12,up,171.695,119.904,17.17,1.2216,0
2026-02-28 15:25:00,7655028947,5305932712,50,up,204.134,141.492,20.413,5.0836,0
2026-02-28 15:30:00,8104378054,4902643037,0,up,216.117,130.737,21.612,0.0993,0
2026-02-28 15:35:00,8875228223,5805317000,3,up,236.673,154.808,23.667,0.3936,0
2026-02-28 15:40:00,8298753570,5840215247,9,up,221.3,155.739,22.13,0.9735,0
2026-02-28 15:45:00,8184761988,4505327128,10,up,218.26,120.142,21.826,1.0596,0
2026-02-28 15:50:00,7554077395,6137333755,47,up,201.442,163.662,20.144,4.7063,0
2026-02-28 15:55:00,7849480804,4874274246,0,up,209.319,129.981,20.932,0.0282,0
2026-02-28 16:00:00,8624554410,6677448046,25,up,229.988,178.065,22.999,2.5619,0
2026-02-28 16:05:00,6300500342,5592076021,3,up,168.013,149.122,16.801,0.3519,0
2026-02-28 16:10:00,7185504605,4783684388,43,up,191.613,127.565,19.161,4.3321,0
2026-02-28 16:15:00,6804688126,4854159402,37,up,181.458,129.444,18.146,3.7692,0
2026-02-28 16:20:00,7841237806,5859964321,17,up,209.1,156.266,20.91,1.7325,0
2026-02-28 16:25:00,8607199958,5360872574,5,up,229.525,142.957,22.953,0.5978,0
2026-02-28 16:30:00,6962723141,5559758611,25,up,185.673,148.26,18.567,2.5162,0
2026-02-28 16:35:00,5348726069,6713626657,4,up,142.633,179.03,14.263,0.4248,0
2026-02-28 16:40:00,7129001329,5153010256,5,up,190.107,137.414,19.011,0.5269,0
2026-02-28 16:45:00,8322126358,5665474928,24,up,221.923,151.079,22.192,2.4634,0
2026-02-28 16:50:00,7983866912,6583395028,118,up,212.903,175.557,21.29,11.8406,0
2026-02-28 16:55:00,7885367623,5807596595,55,up,210.276,154.869,21.028,5.5424,0
2026-02-28 17:00:00,7248006028,4540543153,22,up,193.28,121.081,19.328,2.248,0
2026-02-28 17:05:00,3809323402,5966137582,77,up,101.582,159.097,10.158,7.7335,1
2026-02-28 17:10:00,7963764889,4839973070,160,up,212.367,129.066,21.237,16.0709,0
2026-02-28 17:15:00,6749146370,6574595081,19,up,179.977,175.323,17.998,1.9819,0
2026-02-28 17:20:00,9465687060,5069564366,13,up,252.418,135.188,25.242,1.3623,0
2026-02-28 17:25:00,8013456487,7629418917,60,up,213.692,203.451,21.369,6.0075,0
2026-02-28 17:30:00,6977416527,6615478792,6,up,186.064,176.413,18.606,0.667,0
2026-02-28 17:35:00,6949753277,5087286515,2,up,185.327,135.661,18.533,0.2565,0
2026-02-28 17:40:00,7416350214,5638509318,25,up,197.769,150.36,19.777,2.5134,0
2026-02-28 17:45:00,7284448270,6133709890,2,up,194.252,163.566,19.425,0.2519,0
2026-02-28 17:50:00,8505150397,6153970820,11,up,226.804,164.106,22.68,1.1676,0
2026-02-28 17:55:00,7667774552,5923576975,13,up,204.474,157.962,20.447,1.3773,0
2026-02-28 18:00:00,6841531434,6470207349,19,up,182.441,172.539,18.244,1.9826,0
2026-02-28 18:05:00,9201396616,5541995961,119,up,245.371,147.787,24.537,11.9666,0
2026-02-28 18:10:00,7544377498,5377465573,6,up,201.183,143.399,20.118,0.6243,0
2026-02-28 18:15:00,8191955708,5390866808,11,up,218.452,143.756,21.845,1.178,0
2026-02-28 18:20:00,6952596143,6204401931,3,up,185.403,165.451,18.54,0.3546,0
2026-02-28 18:25:00,7826804064,5871497202,23,up,208.715,156.573,20.871,2.3388,0
2026-02-28 18:30:00,7779998992,5821616474,32,up,207.467,155.243,20.747,3.2519,0
2026-02-28 18:35:00,5799315637,6161783118,16,up,154.648,164.314,15.465,1.6448,0
2026-02-28 18:40:00,9313747599,4240539624,7,up,248.367,113.081,24.837,0.7053,0
2026-02-28 18:45:00,8661580014,5834296456,24,up,230.975,155.581,23.098,2.4248,0
2026-02-28 18:50:00,7142524215,5772533999,19,up,190.467,153.934,19.047,1.9367,0
2026-02-28 18:55:00,6507957233,6751445454,4,up,173.546,180.039,17.355,0.4694,0
2026-02-28 19:00:00,7812805452,4593203111,13,up,208.341,122.485,20.834,1.3009,0
2026-02-28 19:05:00,7578027929,6676100976,14,up,202.081,178.029,20.208,1.4282,0
2026-02-28 19:10:00,7820102053,5675901162,101,up,208.536,151.357,20.854,10.1308,0
2026-02-28 19:15:00,7672419656,5955067933,47,up,204.598,158.802,20.46,4.7309,0
2026-02-28 19:20:00,7955616890,6756245181,33,up,212.15,180.167,21.215,3.3141,0
2026-02-28 19:25:00,8802575129,6003513855,54,up,234.735,160.094,23.474,5.4905,0
2026-02-28 19:30:00,8011292884,5895248595,33,up,213.634,157.207,21.363,3.3246,0
2026-02-28 19:35:00,6555310050,5788546550,58,up,174.808,154.361,17.481,5.843,0
2026-02-28 19:40:00,8726306567,5298652258,1,up,232.702,141.297,23.27,0.1402,0
2026-02-28 19:45:00,8976553107,5605769840,15,up,239.375,149.487,23.937,1.5223,0
2026-02-28 19:50:00,10336851061,5142028882,34,up,275.649,137.121,27.565,3.4349,0
2026-02-28 19:55:00,6488855370,5594917342,21,up,173.036,149.198,17.304,2.1884,0
2026-02-28 20:00:00,7718593811,4048246779,4,up,205.829,107.953,20.583,0.4814,0
2026-02-28 20:05:00,5626111167,5914601708,10,up,150.03,157.723,15.003,1.0407,0
2026-02-28 20:10:00,7997834240,5542827353,9,up,213.276,147.809,21.328,0.956,0
2026-02-28 20:15:00,7006619731,5398062477,7,up,186.843,143.948,18.684,0.7573,0
2026-02-28 20:20:00,9231101215,5773336706,10,up,246.163,153.956,24.616,1.0507,0
2026-02-28 20:25:00,6802846526,4657344351,18,up,181.409,124.196,18.141,1.8083,0
2026-02-28 20:30:00,5979735265,6927257247,48,up,159.46,184.727,15.946,4.8253,0
2026-02-28 20:35:00,7075862633,5555631963,33,up,188.69,148.15,18.869,3.3873,0
2026-02-28 20:40:00,5722061005,5526555007,45,up,152.588,147.375,15.259,4.5083,0
2026-02-28 20:45:00,8175989509,4973357558,53,up,218.026,132.623,21.803,5.3769,0
2026-02-28 20:50:00,5641425258,5641163808,13,up,150.438,150.431,15.044,1.3453,0
2026-02-28 20:55:00,7525611823,6561197925,10,up,200.683,174.965,20.068,1.0617,0
2026-02-28 21:00:00,5629969362,6324243441,1,up,150.133,168.646,15.013,0.1484,0
2026-02-28 21:05:00,4327039185,6201745482,266,up,115.388,165.38,11.539,26.6631,1
2026-02-28 21:10:00,8979040340,5993819292,1,up,239.441,159.835,23.944,0.1702,0
2026-02-28 21:15:00,7824583102,5382983793,33,up,208.656,143.546,20.866,3.3786,0
2026-02-28 21:20:00,6722855755,4646139862,11,up,179.276,123.897,17.928,1.1875,0
2026-02-28 21:25:00,7471916859,5489298828,74,up,199.251,146.381,19.925,7.4291,0
2026-02-28 21:30:00,7516215184,5465786761,13,up,200.432,145.754,20.043,1.3601,0
2026-02-28 21:35:00,7925367311,6332936246,42,up,211.343,168.878,21.134,4.2403,0
2026-02-28 21:40:00,6269827473,5833838548,8,up,167.195,155.569,16.72,0.8305,0
2026-02-28 21:45:00,4819986327,6713310281,35,up,128.533,179.022,12.853,3.5537,1
2026-02-28 21:50:00,5066047531,6433304764,22,up,135.095,171.555,13.509,2.2629,0
2026-02-28 21:55:00,6933103902,5316865463,155,up,184.883,141.783,18.488,15.5149,0
2026-02-28 22:00:00,7060553541,4413287792,18,up,188.281,117.688,18.828,1.8223,0
2026-02-28 22:05:00,8069994143,6560263282,68,up,215.2,174.94,21.52,6.8843,0
2026-02-28 22:10:00,4512220660,6542585025,154,up,120.326,174.469,12.033,15.4295,1
2026-02-28 22:15:00,6234993251,4702807176,39,up,166.266,125.408,16.627,3.9724,0
2026-02-28 22:20:00,6613506186,6643737013,14,up,176.36,177.166,17.636,1.4316,0
2026-02-28 22:25:00,7678812008,5882929090,12,up,204.768,156.878,20.477,1.2216,0
2026-02-28 22:30:00,7428839392,5733462711,5,up,198.102,152.892,19.81,0.5327,0
2026-02-28 22:35:00,6978788301,6714978696,83,up,186.101,179.066,18.61,8.3065,0
2026-02-28 22:40:00,7067249589,6532662491,80,up,188.46,174.204,18.846,8.0096,0
2026-02-28 22:45:00,8126551197,6064648392,34,up,216.708,161.724,21.671,3.4366,0
2026-02-28 22:50:00,7034076684,5944421519,8,up,187.575,158.518,18.758,0.8783,0
2026-02-28 22:55:00,7420717880,6041066146,7,up,197.886,161.095,19.789,0.7032,0
2026-02-28 23:00:00,9452942929,5354961232,111,up,252.078,142.799,25.208,11.1876,0
2026-02-28 23:05:00,6218685626,5587806521,1,up,165.832,149.008,16.583,0.1722,0
2026-02-28 23:10:00,5833341541,5015935920,46,up,155.556,133.758,15.556,4.6378,0
2026-02-28 23:15:00,8205230698,5400198151,10,up,218.806,144.005,21.881,1.098,0
2026-02-28 23:20:00,6889221244,5377522131,13,up,183.713,143.401,18.371,1.357,0
2026-02-28 23:25:00,7213586225,5196168875,44,up,192.362,138.565,19.236,4.4591,0
2026-02-28 23:30:00,6796959259,5717303889,2,up,181.252,152.461,18.125,0.2374,0
2026-02-28 23:35:00,7266179873,5406312925,10,up,193.765,144.168,19.376,1.093,0
2026-02-28 23:40:00,8938684300,5964008436,75,up,238.365,159.04,23.836,7.5927,0
2026-02-28 23:45:00,8221915612,4529933586,30,up,219.251,120.798,21.925,3.0022,0
2026-02-28 23:50:00,8276001160,5548485513,35,up,220.693,147.96,22.069,3.5156,0
2026-02-28 23:55:00,3735237389,5713797357,141,up,99.606,152.368,9.961,14.1678,1
2026-03-01 00:00:00,6463961637,5415325263,1,up,172.372,144.409,17.237,0.1562,0
2026-03-01 00:05:00,4944829206,5508634927,5,up,131.862,146.897,13.186,0.5679,0
2026-03-01 00:10:00,6771557261,4554958942,16,up,180.575,121.466,18.057,1.6896,0
2026-03-01 00:15:00,8361032867,5865622045,11,up,222.961,156.417,22.296,1.1478,0
2026-03-01 00:20:00,7965251864,6062134038,13,up,212.407,161.657,21.241,1.323,0
2026-03-01 00:25:00,7300638063,5958137673,38,up,194.684,158.884,19.468,3.8018,0
2026-03-01 00:30:00,7479929744,6326140765,0,up,199.465,168.697,19.946,0.037,0
2026-03-01 00:35:00,6880003011,5761032483,27,up,183.467,153.628,18.347,2.7006,0
2026-03-01 00:40:00,4610569796,5948109796,0,up,122.949,158.616,12.295,0.0011,1
2026-03-01 00:45:00,8189290451,5730361248,1,up,218.381,152.81,21.838,0.1628,0
2026-03-01 00:50:00,6045701891,6089096735,13,up,161.219,162.376,16.122,1.3118,0
2026-03-01 00:55:00,7769682919,4560369995,45,up,207.192,121.61,20.719,4.5963,0
2026-03-01 01:00:00,8339191383,5021832846,3,up,222.378,133.916,22.238,0.3916,0
2026-03-01 01:05:00,7126409739,6696157268,20,up,190.038,178.564,19.004,2.0221,0
2026-03-01 01:10:00,8130630550,3964205820,28,up,216.817,105.712,21.682,2.8369,0
2026-03-01 01:15:00,10033189000,5530379897,6,up,267.552,147.477,26.755,0.6519,0
2026-03-01 01:20:00,7406091486,6416285597,17,up,197.496,171.101,19.75,1.7953,0
2026-03-01 01:25:00,7853976345,5562049050,60,up,209.439,148.321,20.944,6.0593,0
2026-03-01 01:30:00,6835748624,5351617526,17,up,182.287,142.71,18.229,1.7948,0
2026-03-01 01:35:00,7663126046,5712359631,4,up,204.35,152.33,20.435,0.4279,0
2026-03-01 01:40:00,7914244462,5386643878,24,up,211.047,143.644,21.105,2.4709,0
2026-03-01 01:45:00,7675358106,5645823407,22,up,204.676,150.555,20.468,2.2424,0
2026-03-01 01:50:00,6582274212,5163717800,0,up,175.527,137.699,17.553,0.0683,0
2026-03-01 01:55:00,7685725594,6373355233,2,up,204.953,169.956,20.495,0.2374,0
2026-03-01 02:00:00,8815976344,6585703821,4,up,235.093,175.619,23.509,0.4263,0
2026-03-01 02:05:00,7903772188,5534961532,3,up,210.767,147.599,21.077,0.3663,0
2026-03-01 02:10:00,8365788470,4689119641,7,up,223.088,125.043,22.309,0.751,0
2026-03-01 02:15:00,7286689226,5271405860,15,up,194.312,140.571,19.431,1.5133,0
2026-03-01 02:20:00,8174910215,5500807654,11,up,217.998,146.688,21.8,1.1619,0
2026-03-01 02:25:00,7751341054,5966238741,55,up,206.702,159.1,20.67,5.533,0
2026-03-01 02:30:00,6644180343,4944591074,23,up,177.178,131.856,17.718,2.3676,0
2026-03-01 02:35:00,7786668904,5105815434,52,up,207.645,136.155,20.764,5.2216,0
2026-03-01 02:40:00,3964483801,5969706393,74,up,105.72,159.192,10.572,7.4874,1
2026-03-01 02:45:00,6930407752,6258763461,2,up,184.811,166.9,18.481,0.2354,0
2026-03-01 02:50:00,7670395476,5205424019,15,up,204.544,138.811,20.454,1.5557,0
2026-03-01 02:55:00,7767519846,4725078488,43,up,207.134,126.002,20.713,4.3154,0
2026-03-01 03:00:00,6429690781,7841779785,5,up,171.458,209.114,17.146,0.5395,0
2026-03-01 03:05:00,8448587194,6153730360,2,up,225.296,164.099,22.53,0.2391,0
2026-03-01 03:10:00,8014805650,5444772460,9,up,213.728,145.194,21.373,0.9991,0
2026-03-01 03:15:00,6865744407,6211596110,12,up,183.087,165.643,18.309,1.2312,0
2026-03-01 03:20:00,6116173683,5540991774,9,up,163.098,147.76,16.31,0.9141,0
2026-03-01 03:25:00,7369585878,6210330900,3,up,196.522,165.609,19.652,0.3633,0
2026-03-01 03:30:00,7098650657,5732590408,7,up,189.297,152.869,18.93,0.722,0
2026-03-01 03:35:00,7601826411,5686608531,28,up,202.715,151.643,20.272,2.8665,0
2026-03-01 03:40:00,7173195004,5548332238,12,up,191.285,147.956,19.129,1.2191,0
2026-03-01 03:45:00,5693288825,4648017599,25,up,151.821,123.947,15.182,2.5029,0
2026-03-01 03:50:00,7150487755,6933214057,19,up,190.68,184.886,19.068,1.9213,0
2026-03-01 03:55:00,7224942800,4989464603,19,up,192.665,133.052,19.267,1.991,0
2026-03-01 04:00:00,8070294922,4706984085,7,up,215.208,125.52,21.521,0.7144,0
2026-03-01 04:05:00,4122972175,5481319579,73,up,109.946,146.169,10.995,7.3719,1
2026-03-01 04:10:00,9010807206,4976006525,0,up,240.288,132.694,24.029,0.0597,0
2026-03-01 04:15:00,5779523504,5590093866,14,up,154.121,149.069,15.412,1.413,0
2026-03-01 04:20:00,8680050748,6089240597,21,up,231.468,162.38,23.147,2.1252,0
2026-03-01 04:25:00,7298112926,6296829457,5,up,194.616,167.915,19.462,0.5022,0
2026-03-01 04:30:00,8273626385,6174943237,7,up,220.63,164.665,22.063,0.7412,0
2026-03-01 04:35:00,7571821335,5418698363,6,up,201.915,144.499,20.192,0.6197,0
2026-03-01 04:40:00,5115359989,5658474483,7,up,136.41,150.893,13.641,0.7317,1
2026-03-01 04:45:00,7151374231,5900318359,10,up,190.703,157.342,19.07,1.0687,0
2026-03-01 04:50:00,6511241617,4438493488,96,up,173.633,118.36,17.363,9.654,0
2026-03-01 04:55:00,8778453858,6010144672,10,up,234.092,160.271,23.409,1.0919,0
2026-03-01 05:00:00,4438720451,4641322980,61,up,118.366,123.769,11.837,6.1718,1
2026-03-01 05:05:00,7699402626,7002233954,26,up,205.317,186.726,20.532,2.6467,0
2026-03-01 05:10:00,8611276722,5351952317,26,up,229.634,142.719,22.963,2.6138,0
2026-03-01 05:15:00,6571240282,5500209255,74,up,175.233,146.672,17.523,7.4841,0
2026-03-01 05:20:00,8035941807,5105447708,48,up,214.292,136.145,21.429,4.8722,0
2026-03-01 05:25:00,6969094719,5199770228,39,up,185.843,138.661,18.584,3.9491,0
2026-03-01 05:30:00,7381047579,7160013159,75,up,196.828,190.934,19.683,7.572,0
2026-03-01 05:35:00,7565051068,6259749539,6,up,201.735,166.927,20.173,0.6559,0
2026-03-01 05:40:00,6149800324,4579288349,23,up,163.995,122.114,16.399,2.3997,0
2026-03-01 05:45:00,6799046661,6640343707,54,up,181.308,177.076,18.131,5.4553,0
2026-03-01 05:50:00,8715965603,6430438535,24,up,232.426,171.478,23.243,2.4463,0
2026-03-01 05:55:00,8297572069,5435181587,94,up,221.269,144.938,22.127,9.4768,0
2026-03-01 06:00:00,7443624380,5832020435,2,up,198.497,155.521,19.85,0.2644,0
2026-03-01 06:05:00,7718811112,5614912746,14,up,205.835,149.731,20.583,1.4466,0
2026-03-01 06:10:00,7235181744,6956491435,94,up,192.938,185.506,19.294,9.4704,0
2026-03-01 06:15:00,8720925047,5087504122,11,up,232.558,135.667,23.256,1.1933,0
2026-03-01 06:20:00,7319682679,5723557161,33,up,195.192,152.628,19.519,3.3634,0
2026-03-01 06:25:00,7708657882,5336001901,0,up,205.564,142.293,20.556,0.0772,0
2026-03-01 06:30:00,8531427129,4657697726,29,up,227.505,124.205,22.75,2.9673,0
2026-03-01 06:35:00,6800365663,7104355822,68,up,181.343,189.449,18.134,6.8191,0
2026-03-01 06:40:00,8902910266,4827442559,12,up,237.411,128.732,23.741,1.206,0
2026-03-01 06:45:00,6122584731,5773587201,0,up,163.269,153.962,16.327,0.0538,0
2026-03-01 06:50:00,8966677918,4450027090,0,up,239.111,118.667,23.911,0.0708,0
2026-03-01 06:55:00,7164591974,5355627386,55,up,191.056,142.817,19.106,5.5646,0
2026-03-01 07:00:00,7281571126,5909828954,32,up,194.175,157.595,19.418,3.205,0
2026-03-01 07:05:00,3479394507,5068304563,11,up,92.784,135.155,9.278,1.1282,1
2026-03-01 07:10:00,7090684754,6021091249,1,up,189.085,160.562,18.908,0.1403,0
2026-03-01 07:15:00,6564174122,5443397262,40,up,175.045,145.157,17.504,4.0847,0
2026-03-01 07:20:00,6953118289,6408055695,41,up,185.416,170.881,18.542,4.15,0
2026-03-01 07:25:00,7376420130,6544188616,3,up,196.705,174.512,19.67,0.3211,0
2026-03-01 07:30:00,8362012453,5228947286,8,up,222.987,139.439,22.299,0.8971,0
2026-03-01 07:35:00,7686843016,5676794680,37,up,204.982,151.381,20.498,3.7856,0
2026-03-01 07:40:00,7776908988,5748831602,18,up,207.384,153.302,20.738,1.8633,0
2026-03-01 07:45:00,6514032550,6043060774,78,up,173.708,161.148,17.371,7.8424,0
2026-03-01 07:50:00,4024392791,5634707847,65,up,107.317,150.259,10.732,6.5597,1
2026-03-01 07:55:00,9118852516,5753392397,28,up,243.169,153.424,24.317,2.8249,0
2026-03-01 08:00:00,6838319068,5460700629,17,up,182.355,145.619,18.236,1.7823,0
2026-03-01 08:05:00,8990587426,5702786910,71,up,239.749,152.074,23.975,7.1602,0
2026-03-01 08:10:00,4368746952,6501109630,50,up,116.5,173.363,11.65,5.0859,1
2026-03-01 08:15:00,7502059142,6061106187,6,up,200.055,161.629,20.005,0.6528,0
2026-03-01 08:20:00,8463328644,6098347556,9,up,225.689,162.623,22.569,0.9887,0
2026-03-01 08:25:00,8644703179,6113072468,47,up,230.525,163.015,23.053,4.7895,0
2026-03-01 08:30:00,7400268695,5521179074,17,up,197.34,147.231,19.734,1.7226,0
2026-03-01 08:35:00,7150581251,5840208254,10,up,190.682,155.739,19.068,1.0934,0
2026-03-01 08:40:00,7449671596,4892507767,19,up,198.658,130.467,19.866,1.9646,0
2026-03-01 08:45:00,7804161775,6481445168,3,up,208.111,172.839,20.811,0.3575,0
2026-03-01 08:50:00,8302173318,3746501708,0,up,221.391,99.907,22.139,0.0134,0
2026-03-01 08:55:00,7503806873,5566174835,8,up,200.102,148.431,20.01,0.8233,0
2026-03-01 09:00:00,8056997668,6395104784,23,up,214.853,170.536,21.485,2.3222,0
2026-03-01 09:05:00,8974523759,4704389144,31,up,239.321,125.45,23.932,3.1092,0
2026-03-01 09:10:00,7843178651,5894851444,43,up,209.151,157.196,20.915,4.3805,0
2026-03-01 09:15:00,4668292542,5165482648,261,up,124.488,137.746,12.449,26.127,1
2026-03-01 09:20:00,6132980257,5376057795,13,up,163.546,143.362,16.355,1.328,0
2026-03-01 09:25:00,5132342876,6263510148,33,up,136.862,167.027,13.686,3.3727,0
2026-03-01 09:30:00,7849538156,5758688424,1,up,209.321,153.565,20.932,0.194,0
2026-03-01 09:35:00,7414658191,4251809789,1,up,197.724,113.382,19.772,0.1481,0
2026-03-01 09:40:00,7036695592,4965912760,3,up,187.645,132.424,18.765,0.3333,0
2026-03-01 09:45:00,7719177183,6283351621,14,up,205.845,167.556,20.584,1.4881,0
2026-03-01 09:50:00,7445636643,5928036334,5,up,198.55,158.081,19.855,0.5934,0
2026-03-01 09:55:00,8515002225,6804991511,8,up,227.067,181.466,22.707,0.8454,0
2026-03-01 10:00:00,7577499781,6760787125,26,up,202.067,180.288,20.207,2.6095,0
2026-03-01 10:05:00,6827769043,5393984537,11,up,182.074,143.84,18.207,1.11,0
2026-03-01 10:10:00,8391149615,7314685518,20,up,223.764,195.058,22.376,2.0376,0
2026-03-01 10:15:00,7304582032,5641523777,13,up,194.789,150.441,19.479,1.3293,0
2026-03-01 10:20:00,7973883015,4975198739,4,up,212.637,132.672,21.264,0.4627,0
2026-03-01 10:25:00,7070330364,5197293090,1,up,188.542,138.594,18.854,0.1923,0
2026-03-01 10:30:00,4149093481,4101710553,26,up,110.642,109.379,11.064,2.6949,1
2026-03-01 10:35:00,7575751407,6709737830,1,up,202.02,178.926,20.202,0.1486,0
2026-03-01 10:40:00,7511545779,6701464342,24,up,200.308,178.706,20.031,2.4098,0
2026-03-01 10:45:00,7931844331,4939532478,39,up,211.516,131.721,21.152,3.9706,0
2026-03-01 10:50:00,7258218822,5471178105,10,up,193.553,145.898,19.355,1.0378,0
2026-03-01 10:55:00,5847276194,5689535092,12,up,155.927,151.721,15.593,1.2239,0
2026-03-01 11:00:00,7110503504,4976761689,42,up,189.613,132.714,18.961,4.2346,0
2026-03-01 11:05:00,8214436620,4440306128,6,up,219.052,118.408,21.905,0.6295,0
2026-03-01 11:10:00,4339416917,5483008617,12,up,115.718,146.214,11.572,1.2688,1
2026-03-01 11:15:00,7278254937,5408271385,17,up,194.087,144.221,19.409,1.7385,0
2026-03-01 11:20:00,8387738855,5362822412,25,up,223.673,143.009,22.367,2.5975,0
2026-03-01 11:25:00,6859224095,5775333342,22,up,182.913,154.009,18.291,2.2886,0
2026-03-01 11:30:00,6111477103,6589925769,31,up,162.973,175.731,16.297,3.1283,0
2026-03-01 11:35:00,7355431992,5420412414,1,up,196.145,144.544,19.614,0.1461,0
2026-03-01 11:40:00,7064243443,5740049024,13,up,188.38,153.068,18.838,1.3974,0
2026-03-01 11:45:00,6630378312,6115637603,6,up,176.81,163.084,17.681,0.6814,0
2026-03-01 11:50:00,7342159389,5999046475,35,up,195.791,159.975,19.579,3.5587,0
2026-03-01 11:55:00,7942355082,5210264120,51,up,211.796,138.94,21.18,5.1536,0
2026-03-01 12:00:00,7491640294,5690054558,8,up,199.777,151.735,19.978,0.8259,0
2026-03-01 12:05:00,7776282965,5994589378,2,up,207.368,159.856,20.737,0.2502,0
2026-03-01 12:10:00,9132066928,4863362847,7,up,243.522,129.69,24.352,0.7307,0
2026-03-01 12:15:00,7191409024,6477888832,2,up,191.771,172.744,19.177,0.2746,0
2026-03-01 12:20:00,7750513771,6591322511,9,up,206.68,175.769,20.668,0.9731,0
2026-03-01 12:25:00,7041707973,5137123327,19,up,187.779,136.99,18.778,1.9316,0
2026-03-01 12:30:00,6738276252,5755727262,90,up,179.687,153.486,17.969,9.0937,0
2026-03-01 12:35:00,6973583111,6058537823,12,up,185.962,161.561,18.596,1.2744,0
2026-03-01 12:40:00,7069117285,5256710444,6,up,188.51,140.179,18.851,0.6213,0
2026-03-01 12:45:00,7823528217,5950089345,4,up,208.627,158.669,20.863,0.4562,0
2026-03-01 12:50:00,9614168208,5735197547,4,up,256.378,152.939,25.638,0.475,0
2026-03-01 12:55:00,6855560907,4634155230,5,up,182.815,123.577,18.281,0.5348,0
2026-03-01 13:00:00,7125037224,5934933888,35,up,190.001,158.265,19.0,3.5915,0
2026-03-01 13:05:00,7443189288,4882403869,1,up,198.485,130.197,19.849,0.1574,0
2026-03-01 13:10:00,7856218963,6258961924,148,up,209.499,166.906,20.95,14.8832,0
2026-03-01 13:15:00,7737195730,5171932524,18,up,206.325,137.918,20.633,1.849,0
2026-03-01 13:20:00,8655686214,5516132332,19,up,230.818,147.097,23.082,1.9646,0
2026-03-01 13:25:00,5316247136,6551288266,11,up,141.767,174.701,14.177,1.1062,0
2026-03-01 13:30:00,5351763116,5960057611,29,up,142.714,158.935,14.271,2.93,0
2026-03-01 13:35:00,7053709645,4896355104,15,up,188.099,130.569,18.81,1.5941,0
2026-03-01 13:40:00,8487570168,4939931314,9,up,226.335,131.732,22.634,0.9977,0
2026-03-01 13:45:00,6090916771,5220470617,7,up,162.424,139.213,16.242,0.7702,0
2026-03-01 13:50:00,4793130894,5891384756,64,up,127.817,157.104,12.782,6.4975,0
2026-03-01 13:55:00,8014061465,5866852375,8,up,213.708,156.449,21.371,0.8597,0
2026-03-01 14:00:00,4631574900,5055905944,57,up,123.509,134.824,12.351,5.734,1
2026-03-01 14:05:00,6518812433,4837133597,10,up,173.835,128.99,17.383,1.0783,0
2026-03-01 14:10:00,6613014359,5815068798,2,up,176.347,155.069,17.635,0.2253,0
2026-03-01 14:15:00,6627230652,5502244455,5,up,176.726,146.727,17.673,0.5143,0
2026-03-01 14:20:00,7599481785,7081120724,5,up,202.653,188.83,20.265,0.5253,0
2026-03-01 14:25:00,6936316251,5649707468,29,up,184.968,150.659,18.497,2.9576,0
2026-03-01 14:30:00,7944657527,6849620658,13,up,211.858,182.657,21.186,1.3047,0
2026-03-01 14:35:00,4930836003,4834991071,38,up,131.489,128.933,13.149,3.8078,0
2026-03-01 14:40:00,6728833321,4563081265,30,up,179.436,121.682,17.944,3.0857,0
2026-03-01 14:45:00,6486551435,4868942535,5,up,172.975,129.838,17.297,0.5331,0
2026-03-01 14:50:00,7269293389,6427662602,20,up,193.848,171.404,19.385,2.0691,0
2026-03-01 14:55:00,7015757017,6810368573,33,up,187.087,181.61,18.709,3.3958,0
2026-03-01 15:00:00,8218059401,5097028868,25,up,219.148,135.921,21.915,2.5063,0
2026-03-01 15:05:00,5826596905,5314117929,22,up,155.376,141.71,15.538,2.2908,0
2026-03-01 15:10:00,7540942328,4835937885,33,up,201.092,128.958,20.109,3.3639,0
2026-03-01 15:15:00,8002502780,4402143103,1,up,213.4,117.39,21.34,0.1461,0
2026-03-01 15:20:00,9170982692,6109927895,32,up,244.56,162.931,24.456,3.2865,0
2026-03-01 15:25:00,7066410626,5775538704,7,up,188.438,154.014,18.844,0.7959,0
2026-03-01 15:30:00,7792012743,5632079388,21,up,207.787,150.189,20.779,2.1208,0
2026-03-01 15:35:00,5876523486,4679961837,6,up,156.707,124.799,15.671,0.6937,0
2026-03-01 15:40:00,5347239416,6731970760,45,up,142.593,179.519,14.259,4.563,0
2026-03-01 15:45:00,8260296938,5285234201,16,up,220.275,140.94,22.027,1.6375,0
2026-03-01 15:50:00,7494995735,5985197836,25,up,199.867,159.605,19.987,2.5746,0
2026-03-01 15:55:00,8560661420,4643171051,39,up,228.284,123.818,22.828,3.9507,0
2026-03-01 16:00:00,6263937399,5496395497,56,up,167.038,146.571,16.704,5.642,0
2026-03-01 16:05:00,7967911925,5821677757,32,up,212.478,155.245,21.248,3.2925,0
2026-03-01 16:10:00,9181936056,5845775772,4,up,244.852,155.887,24.485,0.4027,0
2026-03-01 16:15:00,7877735047,5729387766,48,up,210.073,152.784,21.007,4.8195,0
2026-03-01 16:20:00,7748923355,5958802682,24,up,206.638,158.901,20.664,2.4096,0
2026-03-01 16:25:00,7507700472,4861898692,23,up,200.205,129.651,20.021,2.3505,0
2026-03-01 16:30:00,6086206688,5758226508,63,up,162.299,153.553,16.23,6.3566,0
2026-03-01 16:35:00,8720015642,5701786436,7,up,232.534,152.048,23.253,0.7153,0
2026-03-01 16:40:00,6950228124,5781379061,6,up,185.339,154.17,18.534,0.6847,0
2026-03-01 16:45:00,7954034930,5673833021,17,up,212.108,151.302,21.211,1.7997,0
2026-03-01 16:50:00,6093269124,4765581377,34,up,162.487,127.082,16.249,3.4744,0
2026-03-01 16:55:00,6438486301,4735485167,14,up,171.693,126.28,17.169,1.4821,0
2026-03-01 17:00:00,8791578659,4130368974,25,up,234.442,110.143,23.444,2.5121,0
2026-03-01 17:05:00,7187427939,6176835794,15,up,191.665,164.716,19.166,1.5061,0
2026-03-01 17:10:00,8807947928,6183668819,23,up,234.879,164.898,23.488,2.3565,0
2026-03-01 17:15:00,7429592406,6194396446,43,up,198.122,165.184,19.812,4.3186,0
2026-03-01 17:20:00,5842292004,5832083224,4,up,155.794,155.522,15.579,0.4976,0
2026-03-01 17:25:00,8302860839,4185144528,29,up,221.41,111.604,22.141,2.9717,0
2026-03-01 17:30:00,6969096914,4931970418,38,up,185.843,131.519,18.584,3.8712,0
2026-03-01 17:35:00,8128819932,5740030406,14,up,216.769,153.067,21.677,1.4815,0
2026-03-01 17:40:00,7522689780,5716474651,9,up,200.605,152.439,20.061,0.9761,0
2026-03-01 17:45:00,6111193594,5474644956,0,up,162.965,145.991,16.297,0.0341,0
2026-03-01 17:50:00,7647865288,5874019111,39,up,203.943,156.641,20.394,3.9877,0
2026-03-01 17:55:00,9476600827,5632864902,9,up,252.709,150.21,25.271,0.9935,0
2026-03-01 18:00:00,4766212687,5706520064,44,up,127.099,152.174,12.71,4.4209,1
2026-03-01 18:05:00,7448234022,5193630900,10,up,198.62,138.497,19.862,1.0237,0
2026-03-01 18:10:00,8467809061,6287857415,17,up,225.808,167.676,22.581,1.7266,0
2026-03-01 18:15:00,7689601618,5334229164,30,up,205.056,142.246,20.506,3.0308,0
2026-03-01 18:20:00,7688580807,4726811868,36,up,205.029,126.048,20.503,3.6945,0
2026-03-01 18:25:00,6517537345,5104575666,12,up,173.801,136.122,17.38,1.2463,0
2026-03-01 18:30:00,7710463223,5389785320,27,up,205.612,143.728,20.561,2.7199,0
2026-03-01 18:35:00,8431899074,6295951882,31,up,224.851,167.892,22.485,3.1885,0
2026-03-01 18:40:00,6747544063,5596469101,8,up,179.935,149.239,17.993,0.8807,0
2026-03-01 18:45:00,8782046239,5499349952,2,up,234.188,146.649,23.419,0.254,0
2026-03-01 18:50:00,7417464578,4782152188,56,up,197.799,127.524,19.78,5.6265,0
2026-03-01 18:55:00,6701007439,6155200748,28,up,178.694,164.139,17.869,2.8262,0
2026-03-01 19:00:00,8397868869,5184932296,26,up,223.943,138.265,22.394,2.6111,0
2026-03-01 19:05:00,7241885187,5557481195,1,up,193.117,148.199,19.312,0.1518,0
2026-03-01 19:10:00,8183563398,6624123576,42,up,218.228,176.643,21.823,4.2576,0
2026-03-01 19:15:00,4342450338,5968415248,83,up,115.799,159.158,11.58,8.3484,1
2026-03-01 19:20:00,7446156470,4525928517,47,up,198.564,120.691,19.856,4.7078,0
2026-03-01 19:25:00,7944204183,4430580590,91,up,211.845,118.149,21.185,9.1787,0
2026-03-01 19:30:00,7761807351,5581590446,78,up,206.982,148.842,20.698,7.8722,0
2026-03-01 19:35:00,5704021397,4806400084,48,up,152.107,128.171,15.211,4.8464,0
2026-03-01 19:40:00,6490880633,6062769054,0,up,173.09,161.674,17.309,0.0275,0
2026-03-01 19:45:00,8336468986,5653527568,54,up,222.306,150.761,22.231,5.4229,0
2026-03-01 19:50:00,4428646241,5736634719,7,up,118.097,152.977,11.81,0.7803,1
2026-03-01 19:55:00,7028641827,5147948352,47,up,187.43,137.279,18.743,4.7628,0
2026-03-01 20:00:00,6277283386,6800433967,8,up,167.394,181.345,16.739,0.8219,0
2026-03-01 20:05:00,6528237310,7543750766,23,up,174.086,201.167,17.409,2.3545,0
2026-03-01 20:10:00,5680381224,5436955311,0,up,151.477,144.985,15.148,0.097,0
2026-03-01 20:15:00,7408847353,5863301492,36,up,197.569,156.355,19.757,3.6871,0
2026-03-01 20:20:00,6961406177,5690756706,2,up,185.637,151.754,18.564,0.2961,0
2026-03-01 20:25:00,6630070898,5449711367,13,up,176.802,145.326,17.68,1.322,0
2026-03-01 20:30:00,7438688917,5063352434,42,up,198.365,135.023,19.837,4.2518,0
2026-03-01 20:35:00,7827573567,4892646608,29,up,208.735,130.471,20.874,2.9715,0
2026-03-01 20:40:00,9383878138,4858471845,0,up,250.237,129.559,25.024,0.0152,0
2026-03-01 20:45:00,3683582953,5898537017,51,up,98.229,157.294,9.823,5.1589,1
2026-03-01 20:50:00,8543442938,5274219727,1,up,227.825,140.646,22.783,0.1071,0
2026-03-01 20:55:00,8375791404,3884652326,27,up,223.354,103.591,22.335,2.7983,0
2026-03-01 21:00:00,6798816534,5925279298,86,up,181.302,158.007,18.13,8.6803,0
2026-03-01 21:05:00,4609747415,5599173634,106,up,122.927,149.311,12.293,10.6497,1
2026-03-01 21:10:00,7088130075,6534004275,6,up,189.017,174.24,18.902,0.6352,0
2026-03-01 21:15:00,7667119722,5876857618,10,up,204.457,156.716,20.446,1.0972,0
2026-03-01 21:20:00,8858217912,4626895322,93,up,236.219,123.384,23.622,9.393,0
2026-03-01 21:25:00,8045045609,4119968267,6,up,214.535,109.866,21.453,0.6342,0
2026-03-01 21:30:00,7957747535,5139356140,20,up,212.207,137.049,21.221,2.0612,0
2026-03-01 21:35:00,7112721612,5203052491,12,up,189.673,138.748,18.967,1.279,0
2026-03-01 21:40:00,6164349001,6261632460,36,up,164.383,166.977,16.438,3.6559,0
2026-03-01 21:45:00,7312378610,5619012120,50,up,194.997,149.84,19.5,5.0508,0
2026-03-01 21:50:00,8585947339,6390239736,10,up,228.959,170.406,22.896,1.042,0
2026-03-01 21:55:00,6125548929,4730737687,26,up,163.348,126.153,16.335,2.6999,0
2026-03-01 22:00:00,6550419568,6276553459,19,up,174.678,167.375,17.468,1.991,0
2026-03-01 22:05:00,7613640962,6111667678,8,up,203.03,162.978,20.303,0.8159,0
2026-03-01 22:10:00,6613810693,4262691974,7,up,176.368,113.672,17.637,0.7934,0
2026-03-01 22:15:00,6786728897,6517767042,19,up,180.979,173.807,18.098,1.9339,0
2026-03-01 22:20:00,7118761276,5688084481,4,up,189.834,151.682,18.983,0.4181,0
2026-03-01 22:25:00,6270944336,5889630040,41,up,167.225,157.057,16.723,4.1625,0
2026-03-01 22:30:00,6623290338,5041195124,1,up,176.621,134.432,17.662,0.1788,0
2026-03-01 22:35:00,8133085125,6485791733,2,up,216.882,172.954,21.688,0.2484,0
2026-03-01 22:40:00,6323367195,4824549677,10,up,168.623,128.655,16.862,1.0472,0
2026-03-01 22:45:00,6061915078,6186662112,3,up,161.651,164.978,16.165,0.3142,0
2026-03-01 22:50:00,6932977518,6178910046,16,up,184.879,164.771,18.488,1.6142,0
2026-03-01 22:55:00,8158759952,4967436985,12,up,217.567,132.465,21.757,1.2757,0
2026-03-01 23:00:00,7322770372,6963777179,31,up,195.274,185.701,19.527,3.1986,0
2026-03-01 23:05:00,7081877029,5781281724,76,up,188.85,154.168,18.885,7.6442,0
2026-03-01 23:10:00,7539922917,6066377511,35,up,201.065,161.77,20.106,3.5016,0
2026-03-01 23:15:00,5928863310,4594193463,4,up,158.103,122.512,15.81,0.4944,0
2026-03-01 23:20:00,7945235088,7054467752,68,up,211.873,188.119,21.187,6.8536,0
2026-03-01 23:25:00,7845091528,4798424065,12,up,209.202,127.958,20.92,1.2445,0
2026-03-01 23:30:00,7131622373,6316798342,16,up,190.177,168.448,19.018,1.607,0
2026-03-01 23:35:00,8405332060,4953529090,13,up,224.142,132.094,22.414,1.3686,0
2026-03-01 23:40:00,6485253510,5207182558,8,up,172.94,138.858,17.294,0.8232,0
2026-03-01 23:45:00,8515118093,6157408979,56,up,227.07,164.198,22.707,5.6355,0
2026-03-01 23:50:00,7639044299,6318598081,10,up,203.708,168.496,20.371,1.0096,0
2026-03-01 23:55:00,7197102669,4766883131,21,up,191.923,127.117,19.192,2.1604,0
2026-03-02 00:00:00,7482113728,6361068714,6,up,199.523,169.628,19.952,0.6862,0
2026-03-02 00:05:00,7403461710,6330361834,39,up,197.426,168.81,19.743,3.991,0
2026-03-02 00:10:00,8598254606,4991881449,37,up,229.287,133.117,22.929,3.7202,0
2026-03-02 00:15:00,6530988785,6704087125,8,up,174.16,178.776,17.416,0.8786,0
2026-03-02 00:20:00,6813732684,4641621100,28,up,181.7,123.777,18.17,2.8608,0
2026-03-02 00:25:00,8432672602,5203278506,30,up,224.871,138.754,22.487,3.0424,0
2026-03-02 00:30:00,6964018558,5948326771,20,up,185.707,158.622,18.571,2.0668,0
2026-03-02 00:35:00,8310479769,5048842757,22,up,221.613,134.636,22.161,2.2945,0
2026-03-02 00:40:00,9029492384,5803077882,21,up,240.786,154.749,24.079,2.136,0
2026-03-02 00:45:00,7138384475,5787726353,2,up,190.357,154.339,19.036,0.2135,0
2026-03-02 00:50:00,8113226093,5498724867,27,up,216.353,146.633,21.635,2.7737,0
2026-03-02 00:55:00,6461676946,6186870363,15,up,172.311,164.983,17.231,1.5861,0
2026-03-02 01:00:00,8179259968,5470856464,14,up,218.114,145.89,21.811,1.4427,0
2026-03-02 01:05:00,7679481587,5781290221,49,up,204.786,154.168,20.479,4.9153,0
2026-03-02 01:10:00,7925734453,6398868517,0,up,211.353,170.636,21.135,0.0588,0
2026-03-02 01:15:00,6918985135,6158713191,7,up,184.506,164.232,18.451,0.7236,0
2026-03-02 01:20:00,6005024925,6155561671,3,up,160.134,164.148,16.013,0.3236,0
2026-03-02 01:25:00,7952926858,4849303768,0,up,212.078,129.315,21.208,0.09,0
2026-03-02 01:30:00,5642937162,5979234988,8,up,150.478,159.446,15.048,0.8063,0
2026-03-02 01:35:00,7214384556,5032013316,111,up,192.384,134.187,19.238,11.1584,0
2026-03-02 01:40:00,8347063679,4760044888,7,up,222.588,126.935,22.259,0.7876,0
2026-03-02 01:45:00,7672707962,5576598216,27,up,204.606,148.709,20.461,2.7244,0
2026-03-02 01:50:00,9253508380,5014600749,3,up,246.76,133.723,24.676,0.3148,0
2026-03-02 01:55:00,8422598237,6158666960,23,up,224.603,164.231,22.46,2.3023,0
2026-03-02 02:00:00,6911491450,6174811435,104,up,184.306,164.662,18.431,10.4143,0
2026-03-02 02:05:00,7524582041,4340727290,8,up,200.656,115.753,20.066,0.8627,0
2026-03-02 02:10:00,7457366367,5065895785,47,up,198.863,135.091,19.886,4.7109,0
2026-03-02 02:15:00,6076040912,4639643996,150,up,162.028,123.724,16.203,15.0511,0
2026-03-02 02:20:00,6653640975,5312725238,22,up,177.43,141.673,17.743,2.2202,0
2026-03-02 02:25:00,6995315183,5932243577,9,up,186.542,158.193,18.654,0.9255,0
2026-03-02 02:30:00,5667401547,5461455533,27,up,151.131,145.639,15.113,2.7986,0
2026-03-02 02:35:00,7542744121,5226912512,46,up,201.14,139.384,20.114,4.6584,0
2026-03-02 02:40:00,7275835339,6502619155,4,up,194.022,173.403,19.402,0.4699,0
2026-03-02 02:45:00,5994395488,4069221408,15,up,159.851,108.513,15.985,1.5061,0
2026-03-02 02:50:00,7863791578,6459888528,9,up,209.701,172.264,20.97,0.9612,0
2026-03-02 02:55:00,8144285470,5257605402,8,up,217.181,140.203,21.718,0.833,0
2026-03-02 03:00:00,7704331030,5572276418,49,up,205.449,148.594,20.545,4.93,0
2026-03-02 03:05:00,7208338642,5269029747,13,up,192.222,140.507,19.222,1.369,0
2026-03-02 03:10:00,8032297936,6666449471,10,up,214.195,177.772,21.419,1.0353,0
2026-03-02 03:15:00,8112198324,4794089514,23,up,216.325,127.842,21.633,2.3128,0
2026-03-02 03:20:00,7776663212,5632922049,6,up,207.378,150.211,20.738,0.6192,0
2026-03-02 03:25:00,6757848974,5981021090,6,up,180.209,159.494,18.021,0.6531,0
2026-03-02 03:30:00,7748940688,4537573131,18,up,206.638,121.002,20.664,1.8364,0
2026-03-02 03:35:00,8575932585,5004068734,13,up,228.692,133.442,22.869,1.316,0
2026-03-02 03:40:00,6963033847,5524979489,8,up,185.681,147.333,18.568,0.8738,0
2026-03-02 03:45:00,9388145405,5026501101,1,up,250.351,134.04,25.035,0.1387,0
2026-03-02 03:50:00,7026932159,5074475554,18,up,187.385,135.319,18.738,1.839,0
2026-03-02 03:55:00,7529166312,5388842702,42,up,200.778,143.702,20.078,4.2403,0
2026-03-02 04:00:00,6894762963,6063467398,47,up,183.86,161.692,18.386,4.7659,0
2026-03-02 04:05:00,7700943752,5393665500,6,up,205.359,143.831,20.536,0.6711,0
2026-03-02 04:10:00,5932000476,6352937681,22,up,158.187,169.412,15.819,2.2885,0
2026-03-02 04:15:00,7008562381,4951513496,48,up,186.895,132.04,18.689,4.8428,0
2026-03-02 04:20:00,6517090919,4779952474,13,up,173.789,127.465,17.379,1.3137,0
2026-03-02 04:25:00,7621804513,6925283148,67,up,203.248,184.674,20.325,6.7257,0
2026-03-02 04:30:00,8395002637,5180878263,58,up,223.867,138.157,22.387,5.8321,0
2026-03-02 04:35:00,4848843341,4740134395,23,up,129.302,126.404,12.93,2.3336,1
2026-03-02 04:40:00,3219303945,4449113589,29,up,85.848,118.643,8.585,2.9971,1
2026-03-02 04:45:00,9337862687,6350694831,4,up,249.01,169.352,24.901,0.4975,0
2026-03-02 04:50:00,7765751946,5394619452,5,up,207.087,143.857,20.709,0.5456,0
2026-03-02 04:55:00,6801150773,5453745928,59,up,181.364,145.433,18.136,5.9612,0
2026-03-02 05:00:00,7641415127,5517538844,66,up,203.771,147.134,20.377,6.6891,0
2026-03-02 05:05:00,7658570840,6308736447,1,up,204.229,168.233,20.423,0.1332,0
2026-03-02 05:10:00,6899836154,5503817362,22,up,183.996,146.768,18.4,2.2511,0
2026-03-02 05:15:00,7678125000,7207236300,20,up,204.75,192.193,20.475,2.0766,0
2026-03-02 05:20:00,6953274941,5715288387,12,up,185.421,152.408,18.542,1.238,0
2026-03-02 05:25:00,7136074206,6341704717,24,up,190.295,169.112,19.03,2.4971,0
2026-03-02 05:30:00,6882348777,6168536904,73,up,183.529,164.494,18.353,7.3611,0
2026-03-02 05:35:00,6210595839,5600398058,4,up,165.616,149.344,16.562,0.4666,0
2026-03-02 05:40:00,7631252823,5228794584,3,up,203.5,139.435,20.35,0.3208,0
2026-03-02 05:45:00,8026769492,5849075651,0,up,214.047,155.975,21.405,0.0849,0
2026-03-02 05:50:00,7963395236,5969316643,11,up,212.357,159.182,21.236,1.1307,0
2026-03-02 05:55:00,8237932727,5238504417,10,up,219.678,139.693,21.968,1.0298,0
2026-03-02 06:00:00,7791906189,5737278734,14,up,207.784,152.994,20.778,1.4089,0
2026-03-02 06:05:00,7020547051,6459438360,17,up,187.215,172.252,18.721,1.7495,0
2026-03-02 06:10:00,8255697477,7022214723,35,up,220.152,187.259,22.015,3.5452,0
2026-03-02 06:15:00,6278234214,6201699291,12,up,167.42,165.379,16.742,1.2444,0
2026-03-02 06:20:00,6689395755,6882362788,10,up,178.384,183.53,17.838,1.0035,0
2026-03-02 06:25:00,6632219935,5200172407,43,up,176.859,138.671,17.686,4.3844,0
2026-03-02 06:30:00,8472050453,6098770520,47,up,225.921,162.634,22.592,4.7394,0
2026-03-02 06:35:00,8348509662,6528500668,6,up,222.627,174.093,22.263,0.6624,0
2026-03-02 06:40:00,7938574713,5019975000,9,up,211.695,133.866,21.17,0.9446,0
2026-03-02 06:45:00,8464736878,5297226674,43,up,225.726,141.259,22.573,4.3591,0
2026-03-02 06:50:00,6708645495,6798085714,2,up,178.897,181.282,17.89,0.2068,0
2026-03-02 06:55:00,7813735607,4966808272,9,up,208.366,132.448,20.837,0.9857,0
2026-03-02 07:00:00,7387343014,4719737227,14,up,196.996,125.86,19.7,1.4871,0
2026-03-02 07:05:00,8262193893,6656387562,5,up,220.325,177.504,22.033,0.5178,0
2026-03-02 07:10:00,7396298190,6432815176,4,up,197.235,171.542,19.723,0.4959,0
2026-03-02 07:15:00,7153551400,5916681164,13,up,190.761,157.778,19.076,1.3829,0
2026-03-02 07:20:00,7986817666,5594145240,35,up,212.982,149.177,21.298,3.5114,0
2026-03-02 07:25:00,8288552250,5328995958,45,up,221.028,142.107,22.103,4.5851,0
2026-03-02 07:30:00,6898489324,5815315489,96,up,183.96,155.075,18.396,9.6862,0
2026-03-02 07:35:00,7445031895,6691369696,1,up,198.534,178.437,19.853,0.1922,0
2026-03-02 07:40:00,3928442057,5786032135,24,up,104.758,154.294,10.476,2.4422,1
2026-03-02 07:45:00,5251745084,7087697505,35,up,140.047,189.005,14.005,3.5329,0
2026-03-02 07:50:00,7680413668,5018889159,19,up,204.811,133.837,20.481,1.9446,0
2026-03-02 07:55:00,8048014820,5611715490,9,up,214.614,149.646,21.461,0.9926,0
2026-03-02 08:00:00,7735860128,5373185399,5,up,206.29,143.285,20.629,0.5754,0
2026-03-02 08:05:00,5745394454,4892529458,8,up,153.211,130.467,15.321,0.8229,0
2026-03-02 08:10:00,7184235512,5521668480,14,up,191.58,147.244,19.158,1.4022,0
2026-03-02 08:15:00,5503487015,5906697278,4,up,146.76,157.512,14.676,0.4875,0
2026-03-02 08:20:00,8732730996,5978855371,83,up,232.873,159.436,23.287,8.3263,0
2026-03-02 08:25:00,6522550876,7090055220,2,up,173.935,189.068,17.393,0.2846,0
2026-03-02 08:30:00,8629863248,5938515542,105,up,230.13,158.36,23.013,10.5974,0
2026-03-02 08:35:00,8351282679,6401342342,46,up,222.701,170.702,22.27,4.6112,0
2026-03-02 08:40:00,6689468682,5669613616,13,up,178.386,151.19,17.839,1.3754,0
2026-03-02 08:45:00,6480493543,6757687530,33,up,172.813,180.205,17.281,3.3659,0
2026-03-02 08:50:00,7815333194,7243953267,27,up,208.409,193.172,20.841,2.7832,0
2026-03-02 08:55:00,6740108366,5983482463,5,up,179.736,159.56,17.974,0.5997,0
2026-03-02 09:00:00,4555341706,4954955164,41,up,121.476,132.132,12.148,4.1411,1
2026-03-02 09:05:00,7065455168,5254556609,17,up,188.412,140.122,18.841,1.7994,0
2026-03-02 09:10:00,5896957426,5815305654,25,up,157.252,155.075,15.725,2.5392,0
2026-03-02 09:15:00,3295547269,5933136173,78,up,87.881,158.217,8.788,7.8284,1
2026-03-02 09:20:00,7704015823,6096436965,16,up,205.44,162.572,20.544,1.6013,0
2026-03-02 09:25:00,6994598028,5935633434,14,up,186.523,158.284,18.652,1.4637,0
2026-03-02 09:30:00,7002219164,5629714818,17,up,186.726,150.126,18.673,1.7242,0
2026-03-02 09:35:00,8126277455,5195566052,14,up,216.701,138.548,21.67,1.4245,0
2026-03-02 09:40:00,8556098048,5895768326,19,up,228.163,157.22,22.816,1.9486,0
2026-03-02 09:45:00,7254709750,6877116466,54,up,193.459,183.39,19.346,5.4728,0
2026-03-02 09:50:00,7193461163,6313451808,25,up,191.826,168.359,19.183,2.5048,0
2026-03-02 09:55:00,7950128729,5985925166,32,up,212.003,159.625,21.2,3.2059,0
2026-03-02 10:00:00,6278757987,6319957673,22,up,167.434,168.532,16.743,2.275,0
2026-03-02 10:05:00,7700837749,5374531780,25,up,205.356,143.321,20.536,2.5752,0
2026-03-02 10:10:00,7996697374,5281921026,21,up,213.245,140.851,21.325,2.1589,0
2026-03-02 10:15:00,8112207187,5120245054,0,up,216.326,136.54,21.633,0.0681,0
2026-03-02 10:20:00,5756922567,5540431529,195,up,153.518,147.745,15.352,19.55,0
2026-03-02 10:25:00,6814780257,5340146019,0,up,181.727,142.404,18.173,0.0855,0
2026-03-02 10:30:00,6709563072,6440585449,12,up,178.922,171.749,17.892,1.2569,0
2026-03-02 10:35:00,7589898258,5304156693,2,up,202.397,141.444,20.24,0.2777,0
2026-03-02 10:40:00,7932670121,5083162841,2,up,211.538,135.551,21.154,0.2549,0
2026-03-02 10:45:00,8847039366,6936239595,39,up,235.921,184.966,23.592,3.944,0
2026-03-02 10:50:00,7054531067,5320321719,13,up,188.121,141.875,18.812,1.3875,0
2026-03-02 10:55:00,7052184751,5728631708,40,up,188.058,152.764,18.806,4.0379,0
2026-03-02 11:00:00,8534704816,5929642906,7,up,227.592,158.124,22.759,0.7963,0
2026-03-02 11:05:00,7766919244,4857732144,7,up,207.118,129.54,20.712,0.7408,0
2026-03-02 11:10:00,8640886360,6458951544,7,up,230.424,172.239,23.042,0.7233,0
2026-03-02 11:15:00,7759855202,6055055352,23,up,206.929,161.468,20.693,2.3937,0
2026-03-02 11:20:00,6458595043,6676909208,42,up,172.229,178.051,17.223,4.2185,0
2026-03-02 11:25:00,6300184480,5166525192,15,up,168.005,137.774,16.8,1.5049,0
2026-03-02 11:30:00,3662183385,5691909909,47,up,97.658,151.784,9.766,4.7683,1
2026-03-02 11:35:00,8095846651,5651565134,90,up,215.889,150.708,21.589,9.084,0
2026-03-02 11:40:00,8569737140,5803124733,3,up,228.526,154.75,22.853,0.3104,0
2026-03-02 11:45:00,9164425927,4643135044,16,up,244.385,123.817,24.438,1.6669,0
2026-03-02 11:50:00,8258794799,5699814555,13,up,220.235,151.995,22.023,1.3127,0
2026-03-02 11:55:00,8546554719,4662136859,2,up,227.908,124.324,22.791,0.2582,0
2026-03-02 12:00:00,6977985300,5866875498,7,up,186.08,156.45,18.608,0.7806,0
2026-03-02 12:05:00,6459225764,4188161840,0,up,172.246,111.684,17.225,0.0721,0
2026-03-02 12:10:00,8265071399,4375178886,52,up,220.402,116.671,22.04,5.238,0
2026-03-02 12:15:00,7875912677,6177520383,23,up,210.024,164.734,21.002,2.3403,0
2026-03-02 12:20:00,7596699936,5255884042,42,up,202.579,140.157,20.258,4.2187,0
2026-03-02 12:25:00,7848634332,4958195800,18,up,209.297,132.219,20.93,1.843,0
2026-03-02 12:30:00,7790866934,6482820794,22,up,207.756,172.875,20.776,2.2877,0
2026-03-02 12:35:00,8655435173,5846147696,30,up,230.812,155.897,23.081,3.0171,0
2026-03-02 12:40:00,8665487026,6213660881,59,up,231.08,165.698,23.108,5.9652,0
2026-03-02 12:45:00,7989798317,5512786601,2,up,213.061,147.008,21.306,0.2406,0
2026-03-02 12:50:00,8261222585,7433749368,10,up,220.299,198.233,22.03,1.0047,0
2026-03-02 12:55:00,7962656297,5216953144,30,up,212.338,139.119,21.234,3.0863,0
2026-03-02 13:00:00,7084947241,6802534495,79,up,188.932,181.401,18.893,7.9462,0
2026-03-02 13:05:00,8180908207,5583577922,98,up,218.158,148.895,21.816,9.8831,0
2026-03-02 13:10:00,6244954438,4508205483,25,up,166.532,120.219,16.653,2.541,0
2026-03-02 13:15:00,8448502397,5950922903,5,up,225.293,158.691,22.529,0.5379,0
2026-03-02 13:20:00,6424929354,5837464728,3,up,171.331,155.666,17.133,0.3173,0
2026-03-02 13:25:00,7757222958,4915357775,72,up,206.859,131.076,20.686,7.2989,0
2026-03-02 13:30:00,6739361437,5002501987,14,up,179.716,133.4,17.972,1.4226,0
2026-03-02 13:35:00,7998050084,5608329090,5,up,213.281,149.555,21.328,0.5417,0
2026-03-02 13:40:00,4481680377,5861079775,271,up,119.511,156.295,11.951,27.1647,1
2026-03-02 13:45:00,6064719637,3957302284,2,up,161.726,105.528,16.173,0.276,0
2026-03-02 13:50:00,7878629667,6335856980,32,up,210.097,168.956,21.01,3.2694,0
2026-03-02 13:55:00,6979871300,5291213867,24,up,186.13,141.099,18.613,2.4538,0
2026-03-02 14:00:00,8293032048,4726070448,2,up,221.148,126.029,22.115,0.2296,0
2026-03-02 14:05:00,7501193119,6260219922,10,up,200.032,166.939,20.003,1.0341,0
2026-03-02 14:10:00,7855878886,5609057863,4,up,209.49,149.575,20.949,0.4061,0
2026-03-02 14:15:00,6638187940,6445911899,23,up,177.018,171.891,17.702,2.319,0
2026-03-02 14:20:00,6969600991,5920617777,16,up,185.856,157.883,18.586,1.621,0
2026-03-02 14:25:00,7087225227,5623977710,0,up,188.993,149.973,18.899,0.0107,0
2026-03-02 14:30:00,8271032232,5521907287,92,up,220.561,147.251,22.056,9.2943,0
2026-03-02 14:35:00,9009639379,5950831113,10,up,240.257,158.689,24.026,1.0754,0
2026-03-02 14:40:00,6775345423,5345866400,7,up,180.676,142.556,18.068,0.7467,0
2026-03-02 14:45:00,8469163330,5049513502,6,up,225.844,134.654,22.584,0.629,0
2026-03-02 14:50:00,3328374194,6036688657,17,up,88.757,160.978,8.876,1.7294,1
2026-03-02 14:55:00,6425229539,5527470707,176,up,171.339,147.399,17.134,17.638,0
2026-03-02 15:00:00,6637099389,5647658162,8,up,176.989,150.604,17.699,0.8743,0
2026-03-02 15:05:00,6282742179,6360331389,13,up,167.54,169.609,16.754,1.3001,0
2026-03-02 15:10:00,6074770449,5548133289,51,up,161.994,147.95,16.199,5.1268,0
2026-03-02 15:15:00,7871699020,5635147899,25,up,209.912,150.271,20.991,2.5673,0
2026-03-02 15:20:00,7307339072,5220236579,11,up,194.862,139.206,19.486,1.1499,0
2026-03-02 15:25:00,7841464857,5915749455,57,up,209.106,157.753,20.911,5.715,0
2026-03-02 15:30:00,8121425417,5861133841,34,up,216.571,156.297,21.657,3.463,0
2026-03-02 15:35:00,7739055293,6233023213,6,up,206.375,166.214,20.637,0.6466,0
2026-03-02 15:40:00,8091986858,5234088035,25,up,215.786,139.576,21.579,2.5802,0
2026-03-02 15:45:00,7437420942,5315973545,63,up,198.331,141.759,19.833,6.3904,0
2026-03-02 15:50:00,6431705950,6159692744,17,up,171.512,164.258,17.151,1.7152,0
2026-03-02 15:55:00,8452032762,5795243777,33,up,225.388,154.54,22.539,3.307,0
2026-03-02 16:00:00,4181879448,5013302764,354,up,111.517,133.688,11.152,35.4404,1
2026-03-02 16:05:00,6657963331,6506923995,29,up,177.546,173.518,17.755,2.9313,0
2026-03-02 16:10:00,7339873911,4478545866,2,up,195.73,119.428,19.573,0.2702,0
2026-03-02 16:15:00,6678470172,6154392208,7,up,178.093,164.117,17.809,0.7011,0
2026-03-02 16:20:00,7124312656,4770981875,22,up,189.982,127.226,18.998,2.2603,0
2026-03-02 16:25:00,7809648529,6897907248,8,up,208.257,183.944,20.826,0.8059,0
2026-03-02 16:30:00,7813507565,4582395184,78,up,208.36,122.197,20.836,7.8981,0
2026-03-02 16:35:00,6691952940,6402769190,12,up,178.452,170.741,17.845,1.2995,0
2026-03-02 16:40:00,7061065164,5569896806,15,up,188.295,148.531,18.83,1.5277,0
2026-03-02 16:45:00,8466899704,5377543265,30,up,225.784,143.401,22.578,3.0233,0
2026-03-02 16:50:00,7946760105,5750142743,18,up,211.914,153.337,21.191,1.8572,0
2026-03-02 16:55:00,9367558535,6051532728,12,up,249.802,161.374,24.98,1.2038,0
2026-03-02 17:00:00,8562115356,5014529660,1,up,228.323,133.721,22.832,0.1993,0
2026-03-02 17:05:00,8529863761,5074343285,22,up,227.463,135.316,22.746,2.2686,0
2026-03-02 17:10:00,6250918304,6063483283,50,up,166.691,161.693,16.669,5.0544,0
2026-03-02 17:15:00,8187474316,4472543506,28,up,218.333,119.268,21.833,2.894,0
2026-03-02 17:20:00,7452203878,5230645362,12,up,198.725,139.484,19.873,1.2011,0
2026-03-02 17:25:00,7004116376,7677463694,3,up,186.776,204.732,18.678,0.3416,0
2026-03-02 17:30:00,7651213806,4971591248,42,up,204.032,132.576,20.403,4.2366,0
2026-03-02 17:35:00,8350690381,6399766884,71,up,222.685,170.66,22.269,7.1075,0
2026-03-02 17:40:00,7950748431,5229483231,12,up,212.02,139.453,21.202,1.2287,0
2026-03-02 17:45:00,6709373578,5968605472,32,up,178.917,159.163,17.892,3.2608,0
2026-03-02 17:50:00,8168213022,6066690091,13,up,217.819,161.778,21.782,1.3223,0
2026-03-02 17:55:00,6926171212,6387045796,17,up,184.698,170.321,18.47,1.7442,0
2026-03-02 18:00:00,7695014807,5489828666,45,up,205.2,146.395,20.52,4.527,0
2026-03-02 18:05:00,7226984939,6967497131,2,up,192.72,185.8,19.272,0.2178,0
2026-03-02 18:10:00,7303020373,5227197818,18,up,194.747,139.392,19.475,1.8893,0
2026-03-02 18:15:00,4913771206,5783098779,24,up,131.034,154.216,13.103,2.4159,1
2026-03-02 18:20:00,6563825652,5790561929,10,up,175.035,154.415,17.504,1.0381,0
2026-03-02 18:25:00,9250675566,4867671519,25,up,246.685,129.805,24.668,2.5851,0
2026-03-02 18:30:00,5861022537,5432036227,0,up,156.294,144.854,15.629,0.069,0
2026-03-02 18:35:00,6962099085,5734021611,22,up,185.656,152.907,18.566,2.2524,0
2026-03-02 18:40:00,7833190700,5333318295,8,up,208.885,142.222,20.889,0.8332,0
2026-03-02 18:45:00,8025882749,7272623676,27,up,214.024,193.937,21.402,2.7678,0
2026-03-02 18:50:00,7409571851,5058929020,3,up,197.589,134.905,19.759,0.3817,0
2026-03-02 18:55:00,7448348367,6421111515,33,up,198.623,171.23,19.862,3.3277,0
2026-03-02 19:00:00,4721697046,6203110373,103,up,125.912,165.416,12.591,10.3744,1
2026-03-02 19:05:00,7292037470,5615643059,88,up,194.454,149.75,19.445,8.8721,0
2026-03-02 19:10:00,8753863132,5040983888,60,up,233.436,134.426,23.344,6.0544,0
2026-03-02 19:15:00,8255414202,5106427658,8,up,220.144,136.171,22.014,0.8328,0
2026-03-02 19:20:00,8285541915,5275372073,0,up,220.948,140.677,22.095,0.0692,0
2026-03-02 19:25:00,3978275369,4419624634,106,up,106.087,117.857,10.609,10.6528,1
2026-03-02 19:30:00,7428550418,4947660837,23,up,198.095,131.938,19.809,2.3088,0
2026-03-02 19:35:00,4337748387,4624328352,2,up,115.673,123.315,11.567,0.2781,1
2026-03-02 19:40:00,6594958761,6533465627,3,up,175.866,174.226,17.587,0.3272,0
2026-03-02 19:45:00,7824147765,6042462114,21,up,208.644,161.132,20.864,2.1969,0
2026-03-02 19:50:00,7016118817,6155532516,60,up,187.097,164.148,18.71,6.0711,0
2026-03-02 19:55:00,8089863446,6022461567,59,up,215.73,160.599,21.573,5.9245,0
2026-03-02 20:00:00,3922096556,5737703145,16,up,104.589,153.005,10.459,1.6427,1
2026-03-02 20:05:00,9047136551,6610959224,12,up,241.257,176.292,24.126,1.2136,0
2026-03-02 20:10:00,6693300607,5212735207,1,up,178.488,139.006,17.849,0.1104,0
2026-03-02 20:15:00,7697372103,5697002017,15,up,205.263,151.92,20.526,1.5838,0
2026-03-02 20:20:00,8212673379,6129264708,34,up,219.005,163.447,21.9,3.4968,0
2026-03-02 20:25:00,6986423612,4733183768,39,up,186.305,126.218,18.63,3.9013,0
2026-03-02 20:30:00,8267221779,7715197504,17,up,220.459,205.739,22.046,1.7278,0
2026-03-02 20:35:00,6393734761,5644281889,2,up,170.5,150.514,17.05,0.252,0
2026-03-02 20:40:00,8806905929,5720842879,12,up,234.851,152.556,23.485,1.2006,0
2026-03-02 20:45:00,7512734338,6473392671,67,up,200.34,172.624,20.034,6.7244,0
2026-03-02 20:50:00,6963229732,6242594849,6,up,185.686,166.469,18.569,0.6522,0
2026-03-02 20:55:00,7230736404,5650702663,9,up,192.82,150.685,19.282,0.9633,0
2026-03-02 21:00:00,8228027342,5712837370,34,up,219.414,152.342,21.941,3.4342,0
2026-03-02 21:05:00,6973990237,4609699741,33,up,185.973,122.925,18.597,3.3067,0
2026-03-02 21:10:00,4095346847,5249385599,243,up,109.209,139.984,10.921,24.3272,1
2026-03-02 21:15:00,7300617062,5974116895,12,up,194.683,159.31,19.468,1.228,0
2026-03-02 21:20:00,6440734098,5924627666,18,up,171.753,157.99,17.175,1.8069,0
2026-03-02 21:25:00,9138489517,6449286881,15,up,243.693,171.981,24.369,1.5749,0
2026-03-02 21:30:00,6990244867,5543661785,65,up,186.407,147.831,18.641,6.5691,0
2026-03-02 21:35:00,8248455107,4688581603,36,up,219.959,125.029,21.996,3.6669,0
2026-03-02 21:40:00,7688523075,6338293040,44,up,205.027,169.021,20.503,4.4512,0
2026-03-02 21:45:00,6613919354,6594360308,3,up,176.371,175.85,17.637,0.3571,0
2026-03-02 21:50:00,7494640761,6231315086,39,up,199.857,166.168,19.986,3.9237,0
2026-03-02 21:55:00,8205602501,5514547272,14,up,218.816,147.055,21.882,1.4184,0
2026-03-02 22:00:00,7330564798,6329960585,0,up,195.482,168.799,19.548,0.059,0
2026-03-02 22:05:00,8573801651,7939514572,1,up,228.635,211.72,22.863,0.1549,0
2026-03-02 22:10:00,8419363853,5702727812,28,up,224.516,152.073,22.452,2.8323,0
2026-03-02 22:15:00,8327023369,4739577732,11,up,222.054,126.389,22.205,1.1631,0
2026-03-02 22:20:00,7086308904,5229257591,50,up,188.968,139.447,18.897,5.0646,0
2026-03-02 22:25:00,6528141796,6047196300,33,up,174.084,161.259,17.408,3.3132,0
2026-03-02 22:30:00,6947771155,4541757090,0,up,185.274,121.114,18.527,0.0548,0
2026-03-02 22:35:00,7676616846,5739347075,29,up,204.71,153.049,20.471,2.903,0
2026-03-02 22:40:00,7991208042,5881727238,5,up,213.099,156.846,21.31,0.5341,0
2026-03-02 22:45:00,5545585735,6661207174,13,up,147.882,177.632,14.788,1.373,0
2026-03-02 22:50:00,7492698118,6509381527,24,up,199.805,173.584,19.981,2.4503,0
2026-03-02 22:55:00,7642280302,6208594734,51,up,203.794,165.563,20.379,5.1534,0
2026-03-02 23:00:00,7250210169,4165191667,15,up,193.339,111.072,19.334,1.5225,0
2026-03-02 23:05:00,8662146455,6246710861,41,up,230.991,166.579,23.099,4.132,0
2026-03-02 23:10:00,7879602066,6101221535,38,up,210.123,162.699,21.012,3.8192,0
2026-03-02 23:15:00,8679172717,5797762454,13,up,231.445,154.607,23.144,1.3384,0
2026-03-02 23:20:00,7305635531,4457100064,17,up,194.817,118.856,19.482,1.7378,0
2026-03-02 23:25:00,8343729743,5100677611,30,up,222.499,136.018,22.25,3.014,0
2026-03-02 23:30:00,8971559755,4837394630,0,up,239.242,128.997,23.924,0.0791,0
2026-03-02 23:35:00,8680524104,4264869303,55,up,231.481,113.73,23.148,5.5367,0
2026-03-02 23:40:00,6517072565,5623032272,36,up,173.789,149.948,17.379,3.6722,0
2026-03-02 23:45:00,7271691530,5086470068,7,up,193.912,135.639,19.391,0.7173,0
2026-03-02 23:50:00,7189351765,7397081266,99,up,191.716,197.256,19.172,9.9321,0
2026-03-02 23:55:00,7940329081,5511078940,4,up,211.742,146.962,21.174,0.4943,0
2026-03-03 00:00:00,8117718199,6498283380,61,up,216.472,173.288,21.647,6.136,0
2026-03-03 00:05:00,6744996593,4565858158,9,up,179.867,121.756,17.987,0.9807,0
2026-03-03 00:10:00,7561054662,5267189529,36,up,201.628,140.458,20.163,3.6008,0
2026-03-03 00:15:00,5682065401,5690406066,15,up,151.522,151.744,15.152,1.5237,0
2026-03-03 00:20:00,8797750505,5011996084,33,up,234.607,133.653,23.461,3.3339,0
2026-03-03 00:25:00,7038863183,5340014537,4,up,187.703,142.4,18.77,0.4234,0
2026-03-03 00:30:00,7550277545,5477883138,7,up,201.341,146.077,20.134,0.7851,0
2026-03-03 00:35:00,7221315257,5467112109,2,up,192.568,145.79,19.257,0.263,0
2026-03-03 00:40:00,8531424817,6877205036,50,up,227.505,183.392,22.75,5.0089,0
2026-03-03 00:45:00,4946244202,5880302742,8,up,131.9,156.808,13.19,0.8785,0
2026-03-03 00:50:00,7485050691,5948669629,29,up,199.601,158.631,19.96,2.9643,0
2026-03-03 00:55:00,7404763118,5989266972,42,up,197.46,159.714,19.746,4.2901,0
2026-03-03 01:00:00,7091727251,6038522804,57,up,189.113,161.027,18.911,5.7922,0
2026-03-03 01:05:00,9053603891,5569051285,2,up,241.429,148.508,24.143,0.281,0
2026-03-03 01:10:00,6701403487,5408496199,55,up,178.704,144.227,17.87,5.5877,0
2026-03-03 01:15:00,8194616559,5737600840,5,up,218.523,153.003,21.852,0.5493,0
2026-03-03 01:20:00,4692376505,6405842665,133,up,125.13,170.822,12.513,13.3523,1
2026-03-03 01:25:00,8635367327,6385210777,32,up,230.276,170.272,23.028,3.2627,0
2026-03-03 01:30:00,6899529823,5462731028,0,up,183.987,145.673,18.399,0.0213,0
2026-03-03 01:35:00,6840327990,6143294493,6,up,182.409,163.821,18.241,0.6232,0
2026-03-03 01:40:00,8486462916,5493655352,16,up,226.306,146.497,22.631,1.6927,0
2026-03-03 01:45:00,7882789177,5647862620,13,up,210.208,150.61,21.021,1.362,0
2026-03-03 01:50:00,6109556387,5305371717,62,up,162.922,141.477,16.292,6.2701,0
2026-03-03 01:55:00,7014625486,5502389531,11,up,187.057,146.73,18.706,1.1147,0
2026-03-03 02:00:00,7847744388,6530397796,69,up,209.273,174.144,20.927,6.9109,0
2026-03-03 02:05:00,8253987799,5687384274,15,up,220.106,151.664,22.011,1.5378,0
2026-03-03 02:10:00,6888692412,5716315693,83,up,183.698,152.435,18.37,8.3352,0
2026-03-03 02:15:00,4877169609,4648127999,33,up,130.058,123.95,13.006,3.3424,0
2026-03-03 02:20:00,7970900867,5416260362,44,up,212.557,144.434,21.256,4.4201,0
2026-03-03 02:25:00,6401711379,5462112439,2,up,170.712,145.656,17.071,0.277,0
2026-03-03 02:30:00,5684395081,5065328147,22,up,151.584,135.075,15.158,2.2056,0
2026-03-03 02:35:00,4950906667,5639624152,3,up,132.024,150.39,13.202,0.3849,0
2026-03-03 02:40:00,8232582774,5335301954,8,up,219.536,142.275,21.954,0.8832,0
2026-03-03 02:45:00,7615755705,5678997202,24,up,203.087,151.44,20.309,2.4425,0
2026-03-03 02:50:00,7296909257,5707014531,32,up,194.584,152.187,19.458,3.2386,0
2026-03-03 02:55:00,8750121926,4979865808,0,up,233.337,132.796,23.334,0.0999,0
2026-03-03 03:00:00,8073592214,5355876296,18,up,215.296,142.823,21.53,1.8926,0
2026-03-03 03:05:00,8954670038,5677227640,20,up,238.791,151.393,23.879,2.0828,0
2026-03-03 03:10:00,6246538075,6424402116,2,up,166.574,171.317,16.657,0.2053,0
2026-03-03 03:15:00,7468904438,5798285441,17,up,199.171,154.621,19.917,1.7363,0
2026-03-03 03:20:00,6044957962,5178193753,31,up,161.199,138.085,16.12,3.128,0
2026-03-03 03:25:00,7293555901,5894328212,1,up,194.495,157.182,19.449,0.1367,0
2026-03-03 03:30:00,7276245731,6777595500,35,up,194.033,180.736,19.403,3.5706,0
2026-03-03 03:35:00,8063952273,6243776868,21,up,215.039,166.501,21.504,2.1476,0
2026-03-03 03:40:00,4524604495,5994580408,179,up,120.656,159.855,12.066,17.9112,1
2026-03-03 03:45:00,4836639854,6114773368,24,up,128.977,163.061,12.898,2.4598,1
2026-03-03 03:50:00,8133096119,6596968977,44,up,216.883,175.919,21.688,4.4785,0
2026-03-03 03:55:00,5663661485,6351048085,9,up,151.031,169.361,15.103,0.9934,1
2026-03-03 04:00:00,7216233010,6007563257,12,up,192.433,160.202,19.243,1.2931,0
2026-03-03 04:05:00,6653079569,6346333498,5,up,177.415,169.236,17.742,0.5562,0
2026-03-03 04:10:00,7721475253,4894885510,52,up,205.906,130.53,20.591,5.2191,0
2026-03-03 04:15:00,6777947975,4610970954,30,up,180.745,122.959,18.075,3.0513,0
2026-03-03 04:20:00,8833764691,5731041589,0,up,235.567,152.828,23.557,0.0642,0
2026-03-03 04:25:00,7245103764,5671359479,0,up,193.203,151.236,19.32,0.0239,0
2026-03-03 04:30:00,4194588761,5257860713,34,up,111.856,140.21,11.186,3.4425,1
2026-03-03 04:35:00,7075815850,6182450552,3,up,188.688,164.865,18.869,0.3866,0
2026-03-03 04:40:00,8146575681,4367567079,24,up,217.242,116.468,21.724,2.4877,0
2026-03-03 04:45:00,7358027715,5264028727,27,up,196.214,140.374,19.621,2.7251,0
2026-03-03 04:50:00,6922499861,5297655007,71,up,184.6,141.271,18.46,7.1162,0
2026-03-03 04:55:00,8998816725,4520496295,75,up,239.968,120.547,23.997,7.5935,0
2026-03-03 05:00:00,6729447143,6633943429,26,up,179.452,176.905,17.945,2.6889,0
2026-03-03 05:05:00,7532009466,4707539143,0,up,200.854,125.534,20.085,0.0142,0
2026-03-03 05:10:00,8087075536,5227870461,11,up,215.655,139.41,21.566,1.1118,0
2026-03-03 05:15:00,6031798400,6237886336,17,up,160.848,166.344,16.085,1.7995,0
2026-03-03 05:20:00,7932234451,6061080606,17,up,211.526,161.629,21.153,1.7288,0
2026-03-03 05:25:00,6550403092,4876982079,23,up,174.677,130.053,17.468,2.3117,0
2026-03-03 05:30:00,8240504502,6085680216,80,up,219.747,162.285,21.975,8.0819,0
2026-03-03 05:35:00,3980168453,5820604523,216,up,106.138,155.216,10.614,21.645,1
2026-03-03 05:40:00,8123492128,7199799004,2,up,216.626,191.995,21.663,0.2883,0
2026-03-03 05:45:00,8495249759,5897659780,7,up,226.54,157.271,22.654,0.773,0
2026-03-03 05:50:00,8275292873,5529661770,44,up,220.674,147.458,22.067,4.476,0
2026-03-03 05:55:00,4635710990,5046861178,173,up,123.619,134.583,12.362,17.3902,1
2026-03-03 06:00:00,7291829151,5122635727,8,up,194.449,136.604,19.445,0.8052,0
2026-03-03 06:05:00,6981222381,5067605860,32,up,186.166,135.136,18.617,3.2788,0
2026-03-03 06:10:00,8823931221,6550491699,27,up,235.305,174.68,23.53,2.7871,0
2026-03-03 06:15:00,6870454301,5637129692,16,up,183.212,150.323,18.321,1.6039,0
2026-03-03 06:20:00,6566640533,6006541808,5,up,175.11,160.174,17.511,0.5624,0
2026-03-03 06:25:00,8098832041,6647117129,54,up,215.969,177.256,21.597,5.4875,0
2026-03-03 06:30:00,6783476877,4033036704,28,up,180.893,107.548,18.089,2.8319,0
2026-03-03 06:35:00,6644942852,6488239791,4,up,177.198,173.02,17.72,0.4628,0
2026-03-03 06:40:00,6200756164,5662392915,30,up,165.353,150.997,16.535,3.0503,0
2026-03-03 06:45:00,7065381144,5918657650,33,up,188.41,157.831,18.841,3.3815,0
2026-03-03 06:50:00,7425556478,5065827825,54,up,198.015,135.089,19.801,5.4483,0
2026-03-03 06:55:00,4631269532,5115291031,25,up,123.501,136.408,12.35,2.5211,1
2026-03-03 07:00:00,8356175619,5954970975,112,up,222.831,158.799,22.283,11.2194,0
2026-03-03 07:05:00,4784524878,7234603515,16,up,127.587,192.923,12.759,1.6652,1
2026-03-03 07:10:00,7328215002,6302236486,22,up,195.419,168.06,19.542,2.295,0
2026-03-03 07:15:00,4392974334,6479227971,107,up,117.146,172.779,11.715,10.7054,1
2026-03-03 07:20:00,7959141722,5495399142,13,up,212.244,146.544,21.224,1.3573,0
2026-03-03 07:25:00,8645313146,5219862148,16,up,230.542,139.196,23.054,1.6111,0
2026-03-03 07:30:00,7613682779,5097956657,55,up,203.032,135.946,20.303,5.539,0
2026-03-03 07:35:00,7077782231,5295415235,25,up,188.741,141.211,18.874,2.591,0
2026-03-03 07:40:00,6606420599,4239371857,17,up,176.171,113.05,17.617,1.7179,0
2026-03-03 07:45:00,6199315262,5135679443,3,up,165.315,136.951,16.532,0.3434,0
2026-03-03 07:50:00,8099642704,5246761619,0,up,215.99,139.914,21.599,0.0184,0
2026-03-03 07:55:00,4812108402,5506633232,13,up,128.323,146.844,12.832,1.335,1
2026-03-03 08:00:00,8019627172,5713931324,78,up,213.857,152.372,21.386,7.8194,0
2026-03-03 08:05:00,7384206498,5869654336,36,up,196.912,156.524,19.691,3.6107,0
2026-03-03 08:10:00,8766241271,5614925373,85,up,233.766,149.731,23.377,8.5369,0
2026-03-03 08:15:00,7064293354,5232525916,0,up,188.381,139.534,18.838,0.0909,0
2026-03-03 08:20:00,8359742313,4299732915,28,up,222.926,114.66,22.293,2.8503,0
2026-03-03 08:25:00,7465131394,5236666689,1,up,199.07,139.644,19.907,0.1133,0
2026-03-03 08:30:00,6952484311,4968595819,38,up,185.4,132.496,18.54,3.8088,0
2026-03-03 08:35:00,8033277276,5939595055,11,up,214.221,158.389,21.422,1.1989,0
2026-03-03 08:40:00,7868672506,6238768992,2,up,209.831,166.367,20.983,0.2517,0
2026-03-03 08:45:00,7821275483,6258535470,20,up,208.567,166.894,20.857,2.0986,0
2026-03-03 08:50:00,7573150579,6135943096,8,up,201.951,163.625,20.195,0.8217,0
2026-03-03 08:55:00,7465896226,5534870128,26,up,199.091,147.597,19.909,2.6939,0
2026-03-03 09:00:00,9649534793,5272679993,26,up,257.321,140.605,25.732,2.6836,0
2026-03-03 09:05:00,8565830980,5120705641,30,up,228.422,136.552,22.842,3.052,0
2026-03-03 09:10:00,8150544205,4607438231,122,up,217.348,122.865,21.735,12.2205,0
2026-03-03 09:15:00,7600619242,6294501247,12,up,202.683,167.853,20.268,1.2222,0
2026-03-03 09:20:00,8406441480,5507070049,15,up,224.172,146.855,22.417,1.5652,0
2026-03-03 09:25:00,7966195298,4783720301,40,up,212.432,127.566,21.243,4.0819,0
2026-03-03 09:30:00,7523584277,5067118321,21,up,200.629,135.123,20.063,2.1591,0
2026-03-03 09:35:00,7226792107,5039792916,0,up,192.714,134.394,19.271,0.0949,0
2026-03-03 09:40:00,7427174396,5654041527,46,up,198.058,150.774,19.806,4.63,0
2026-03-03 09:45:00,4646616837,6345540799,1,up,123.91,169.214,12.391,0.1322,0
2026-03-03 09:50:00,7689540755,5390107054,4,up,205.054,143.736,20.505,0.4683,0
2026-03-03 09:55:00,7060371527,4104539877,2,up,188.277,109.454,18.828,0.2692,0
2026-03-03 10:00:00,8933402998,5497303273,2,up,238.224,146.595,23.822,0.2028,0
2026-03-03 10:05:00,7517409663,5519569117,0,up,200.464,147.189,20.046,0.0651,0
2026-03-03 10:10:00,6429932922,5473178844,1,up,171.465,145.951,17.146,0.1415,0
2026-03-03 10:15:00,7455107861,5201463712,14,up,198.803,138.706,19.88,1.4605,0
2026-03-03 10:20:00,6558491023,5771771379,7,up,174.893,153.914,17.489,0.7287,0
2026-03-03 10:25:00,7926066674,5669645252,3,up,211.362,151.191,21.136,0.3382,0
2026-03-03 10:30:00,7761852627,5608239537,26,up,206.983,149.553,20.698,2.6875,0
2026-03-03 10:35:00,8362055667,5903532918,6,up,222.988,157.428,22.299,0.6408,0
2026-03-03 10:40:00,6788206387,5334862844,0,up,181.019,142.263,18.102,0.0478,0
2026-03-03 10:45:00,7530607286,5296554672,13,up,200.816,141.241,20.082,1.355,0
2026-03-03 10:50:00,6271480384,6556583220,9,up,167.239,174.842,16.724,0.9292,0
2026-03-03 10:55:00,8131345303,6002564901,9,up,216.836,160.068,21.684,0.959,0
2026-03-03 11:00:00,7966984062,6183188591,14,up,212.453,164.885,21.245,1.4732,0
2026-03-03 11:05:00,7946224518,6452620595,27,up,211.899,172.07,21.19,2.7634,0
2026-03-03 11:10:00,7501457128,5980012321,23,up,200.039,159.467,20.004,2.3959,0
2026-03-03 11:15:00,7873295601,6251662358,69,up,209.955,166.711,20.995,6.922,0
2026-03-03 11:20:00,8943905197,4558942015,18,up,238.504,121.572,23.85,1.8231,0
2026-03-03 11:25:00,7243415168,5762803863,15,up,193.158,153.675,19.316,1.5993,0
2026-03-03 11:30:00,7624780665,5501665038,6,up,203.327,146.711,20.333,0.6001,0
2026-03-03 11:35:00,6522486330,6757436761,35,up,173.933,180.198,17.393,3.5201,0
2026-03-03 11:40:00,6718565134,6251160733,3,up,179.162,166.698,17.916,0.3793,0
2026-03-03 11:45:00,7588031963,5199449496,16,up,202.348,138.652,20.235,1.6889,0
2026-03-03 11:50:00,8493540192,5876636057,13,up,226.494,156.71,22.649,1.3675,0
2026-03-03 11:55:00,7269347258,5738184900,26,up,193.849,153.018,19.385,2.6846,0
2026-03-03 12:00:00,7287675123,5931673717,62,up,194.338,158.178,19.434,6.2411,0
2026-03-03 12:05:00,7133803279,4937281333,73,up,190.235,131.661,19.023,7.3247,0
2026-03-03 12:10:00,7018718996,5868011114,4,up,187.166,156.48,18.717,0.4592,0
2026-03-03 12:15:00,7765474310,5470997839,7,up,207.079,145.893,20.708,0.7589,0
2026-03-03 12:20:00,6152468119,5815653590,41,up,164.066,155.084,16.407,4.1734,0
2026-03-03 12:25:00,8652845619,5136040013,18,up,230.743,136.961,23.074,1.826,0
2026-03-03 12:30:00,6901119931,5230082359,15,up,184.03,139.469,18.403,1.5084,0
2026-03-03 12:35:00,8149713136,6417343363,31,up,217.326,171.129,21.733,3.1001,0
2026-03-03 12:40:00,6357001262,4915205398,23,up,169.52,131.072,16.952,2.3028,0
2026-03-03 12:45:00,8101956117,4965015779,88,up,216.052,132.4,21.605,8.8266,0
2026-03-03 12:50:00,8104750147,5590182651,21,up,216.127,149.072,21.613,2.1925,0
2026-03-03 12:55:00,7845781864,5103973996,15,up,209.221,136.106,20.922,1.5683,0
2026-03-03 13:00:00,6605014330,5027605673,19,up,176.134,134.069,17.613,1.9567,0
2026-03-03 13:05:00,4634756022,5695926280,165,up,123.593,151.891,12.359,16.5308,1
2026-03-03 13:10:00,6435249433,4609080546,23,up,171.607,122.909,17.161,2.3712,0
2026-03-03 13:15:00,7272513070,4944625491,26,up,193.934,131.857,19.393,2.6036,0
2026-03-03 13:20:00,8426471790,7011514518,88,up,224.706,186.974,22.471,8.8893,0
2026-03-03 13:25:00,8217031734,5935145664,24,up,219.121,158.271,21.912,2.4084,0
2026-03-03 13:30:00,7513664648,5121069737,11,up,200.364,136.562,20.036,1.1962,0
2026-03-03 13:35:00,6622674081,5907295177,29,up,176.605,157.528,17.66,2.9387,0
2026-03-03 13:40:00,8081028940,6007948071,26,up,215.494,160.212,21.549,2.6931,0
2026-03-03 13:45:00,7517443113,6296229733,0,up,200.465,167.899,20.047,0.0349,0
2026-03-03 13:50:00,5411715961,5539169680,15,up,144.312,147.711,14.431,1.5746,0
2026-03-03 13:55:00,8204366843,6284135949,33,up,218.783,167.577,21.878,3.3958,0
2026-03-03 14:00:00,7478190449,4249048595,17,up,199.418,113.308,19.942,1.7281,0
2026-03-03 14:05:00,8582206123,4911992011,37,up,228.859,130.986,22.886,3.781,0
2026-03-03 14:10:00,6514256533,5735613196,14,up,173.714,152.95,17.371,1.4986,0
2026-03-03 14:15:00,4640966568,5847502634,102,up,123.759,155.933,12.376,10.2341,0
2026-03-03 14:20:00,7751175472,5009546955,8,up,206.698,133.588,20.67,0.8664,0
2026-03-03 14:25:00,7762407309,5800108494,2,up,206.998,154.67,20.7,0.2416,0
2026-03-03 14:30:00,5978395535,5203907832,14,up,159.424,138.771,15.942,1.4053,0
2026-03-03 14:35:00,6619350408,5438052611,19,up,176.516,145.015,17.652,1.9506,0
2026-03-03 14:40:00,9979695969,6316722315,10,up,266.125,168.446,26.613,1.0735,0
2026-03-03 14:45:00,7224950447,6238532810,6,up,192.665,166.361,19.267,0.6936,0
2026-03-03 14:50:00,8157863078,4951984279,27,up,217.543,132.053,21.754,2.7873,0
2026-03-03 14:55:00,6914406155,4911355263,11,up,184.384,130.969,18.438,1.1835,0
2026-03-03 15:00:00,5618727391,5347457958,24,up,149.833,142.599,14.983,2.4949,0
2026-03-03 15:05:00,7346767577,5606946246,37,up,195.914,149.519,19.591,3.7748,0
2026-03-03 15:10:00,7260955895,5180918520,35,up,193.625,138.158,19.363,3.5783,0
2026-03-03 15:15:00,7140109585,6327433648,11,up,190.403,168.732,19.04,1.1762,0
2026-03-03 15:20:00,7396823248,5859488143,20,up,197.249,156.253,19.725,2.0977,0
2026-03-03 15:25:00,7737841444,5899107449,14,up,206.342,157.31,20.634,1.493,0
2026-03-03 15:30:00,7364894743,4770086290,51,up,196.397,127.202,19.64,5.1161,0
2026-03-03 15:35:00,6362394448,6412921234,52,up,169.664,171.011,16.966,5.2749,0
2026-03-03 15:40:00,7937566312,3721386044,10,up,211.668,99.237,21.167,1.053,0
2026-03-03 15:45:00,3447339252,6187987429,9,up,91.929,165.013,9.193,0.9622,1
2026-03-03 15:50:00,5654678288,6255660422,4,up,150.791,166.818,15.079,0.4586,0
2026-03-03 15:55:00,4899157467,5333129198,45,up,130.644,142.217,13.064,4.5729,1
2026-03-03 16:00:00,7956318244,6484214396,20,up,212.168,172.912,21.217,2.0767,0
2026-03-03 16:05:00,7448344171,5582409151,26,up,198.623,148.864,19.862,2.6735,0
2026-03-03 16:10:00,6244096345,5667141399,10,up,166.509,151.124,16.651,1.0063,0
2026-03-03 16:15:00,6862880153,5854181931,27,up,183.01,156.112,18.301,2.7528,0
2026-03-03 16:20:00,7263527927,7775938065,69,up,193.694,207.358,19.369,6.9411,0
2026-03-03 16:25:00,6063695428,6532492887,26,up,161.699,174.2,16.17,2.639,0
2026-03-03 16:30:00,6834874207,6098263560,4,up,182.263,162.62,18.226,0.4316,0
2026-03-03 16:35:00,8087097304,5008856971,21,up,215.656,133.57,21.566,2.1668,0
2026-03-03 16:40:00,8784574827,5721923132,19,up,234.255,152.585,23.426,1.9516,0
2026-03-03 16:45:00,7122508722,5076141236,51,up,189.934,135.364,18.993,5.1141,0
2026-03-03 16:50:00,8180839518,6179924821,10,up,218.156,164.798,21.816,1.0781,0
2026-03-03 16:55:00,3466407561,5719815208,54,up,92.438,152.528,9.244,5.4982,1
2026-03-03 17:00:00,4856103670,4865947866,91,up,129.496,129.759,12.95,9.1294,1
2026-03-03 17:05:00,6776446426,5679759093,18,up,180.705,151.46,18.071,1.8581,0
2026-03-03 17:10:00,7776611055,5051643207,31,up,207.376,134.71,20.738,3.1736,0
2026-03-03 17:15:00,7277022823,5727070949,1,up,194.054,152.722,19.405,0.1031,0
2026-03-03 17:20:00,5213023565,5045122811,82,up,139.014,134.537,13.901,8.29,1
2026-03-03 17:25:00,6713007916,5643554152,3,up,179.014,150.495,17.901,0.3243,0
2026-03-03 17:30:00,8064845667,6131567156,9,up,215.063,163.508,21.506,0.9466,0
2026-03-03 17:35:00,7248443283,5589189905,27,up,193.292,149.045,19.329,2.709,0
2026-03-03 17:40:00,7357525069,5361150419,4,up,196.201,142.964,19.62,0.4282,0
2026-03-03 17:45:00,7334531496,5762211449,9,up,195.588,153.659,19.559,0.9235,0
2026-03-03 17:50:00,6738894205,6095598269,30,up,179.704,162.549,17.97,3.0351,0
2026-03-03 17:55:00,7487310930,4877651292,26,up,199.662,130.071,19.966,2.6303,0
2026-03-03 18:00:00,7443616600,5800942904,2,up,198.496,154.692,19.85,0.2386,0
2026-03-03 18:05:00,7717116223,6514340052,21,up,205.79,173.716,20.579,2.1525,0
2026-03-03 18:10:00,7576054631,6012218450,3,up,202.028,160.326,20.203,0.3982,0
2026-03-03 18:15:00,8218195094,5663984049,7,up,219.152,151.04,21.915,0.7268,0
2026-03-03 18:20:00,4998694652,6056822817,61,up,133.299,161.515,13.33,6.1473,1
2026-03-03 18:25:00,6554439010,5930435107,2,up,174.785,158.145,17.479,0.2895,0
2026-03-03 18:30:00,8281895250,6133680748,126,up,220.851,163.565,22.085,12.6471,0
2026-03-03 18:35:00,6432297215,4258846162,4,up,171.528,113.569,17.153,0.4519,0
2026-03-03 18:40:00,8029070299,4576417109,38,up,214.109,122.038,21.411,3.8003,0
2026-03-03 18:45:00,8057764906,6303259675,44,up,214.874,168.087,21.487,4.4275,0
2026-03-03 18:50:00,5779814797,4608936556,129,up,154.128,122.905,15.413,12.9912,0
2026-03-03 18:55:00,7583681321,5896038579,13,up,202.232,157.228,20.223,1.3994,0
2026-03-03 19:00:00,7078353497,5387366482,51,up,188.756,143.663,18.876,5.1806,0
2026-03-03 19:05:00,6817111267,4952572259,78,up,181.79,132.069,18.179,7.8979,0
2026-03-03 19:10:00,8715767097,5861013586,4,up,232.42,156.294,23.242,0.4746,0
2026-03-03 19:15:00,6911688773,5760697615,16,up,184.312,153.619,18.431,1.6321,0
2026-03-03 19:20:00,6774260763,7049481290,1,up,180.647,187.986,18.065,0.1547,0
2026-03-03 19:25:00,7568125446,5203252436,24,up,201.817,138.753,20.182,2.4237,0
2026-03-03 19:30:00,8117030771,6597074331,21,up,216.454,175.922,21.645,2.1771,0
2026-03-03 19:35:00,7372516272,5862885467,5,up,196.6,156.344,19.66,0.5708,0
2026-03-03 19:40:00,5129840094,5178810229,159,up,136.796,138.102,13.68,15.9901,1
2026-03-03 19:45:00,7977878095,6164491358,0,up,212.743,164.386,21.274,0.095,0
2026-03-03 19:50:00,5539609812,6006873490,41,up,147.723,160.183,14.772,4.1027,0
2026-03-03 19:55:00,7023479732,5649194224,0,up,187.293,150.645,18.729,0.0675,0
2026-03-03 20:00:00,6994342110,5804749365,26,up,186.516,154.793,18.652,2.6738,0
2026-03-03 20:05:00,4758854914,5222033754,8,up,126.903,139.254,12.69,0.8205,1
2026-03-03 20:10:00,5137664649,5067593690,7,up,137.004,135.136,13.7,0.7233,0
2026-03-03 20:15:00,9794108737,6137623467,31,up,261.176,163.67,26.118,3.1996,0
2026-03-03 20:20:00,7977923485,5473840888,8,up,212.745,145.969,21.274,0.8227,0
2026-03-03 20:25:00,7633989123,5570943976,17,up,203.573,148.559,20.357,1.7894,0
2026-03-03 20:30:00,8563410944,5813879577,61,up,228.358,155.037,22.836,6.1701,0
2026-03-03 20:35:00,9609288647,5804069632,1,up,256.248,154.775,25.625,0.1273,0
2026-03-03 20:40:00,8283671980,4660204632,41,up,220.898,124.272,22.09,4.1661,0
2026-03-03 20:45:00,8353931786,6493220158,1,up,222.772,173.153,22.277,0.1687,0
2026-03-03 20:50:00,7617621022,5706797952,3,up,203.137,152.181,20.314,0.339,0
2026-03-03 20:55:00,7372626821,5488209047,3,up,196.603,146.352,19.66,0.3176,0
2026-03-03 21:00:00,7071784100,5915821053,128,up,188.581,157.755,18.858,12.833,0
2026-03-03 21:05:00,6756499207,5784665980,4,up,180.173,154.258,18.017,0.4967,0
2026-03-03 21:10:00,6881687310,6142767315,56,up,183.512,163.807,18.351,5.6768,0
2026-03-03 21:15:00,6284499632,5988138978,117,up,167.587,159.684,16.759,11.7576,0
2026-03-03 21:20:00,7431715694,6109546204,12,up,198.179,162.921,19.818,1.2104,0
2026-03-03 21:25:00,5983799180,6536920886,24,up,159.568,174.318,15.957,2.4927,0
2026-03-03 21:30:00,7671824871,6221446570,37,up,204.582,165.905,20.458,3.775,0
2026-03-03 21:35:00,7467302452,5516671801,12,up,199.128,147.111,19.913,1.2466,0
2026-03-03 21:40:00,7632241768,4867041719,4,up,203.526,129.788,20.353,0.4413,0
2026-03-03 21:45:00,7030081586,6750763604,14,up,187.469,180.02,18.747,1.4219,0
2026-03-03 21:50:00,10269174333,5464536722,36,up,273.845,145.721,27.384,3.6948,0
2026-03-03 21:55:00,8724104310,5305652495,37,up,232.643,141.484,23.264,3.794,0
2026-03-03 22:00:00,6379911749,4452709398,6,up,170.131,118.739,17.013,0.6552,0
2026-03-03 22:05:00,7709581278,5853469346,4,up,205.589,156.093,20.559,0.4808,0
2026-03-03 22:10:00,6952794471,5725498457,63,up,185.408,152.68,18.541,6.3319,0
2026-03-03 22:15:00,6586968245,4602297418,1,up,175.652,122.728,17.565,0.1125,0
2026-03-03 22:20:00,6293935135,5930959978,33,up,167.838,158.159,16.784,3.3176,0
2026-03-03 22:25:00,7888995021,5288720453,1,up,210.373,141.033,21.037,0.1188,0
2026-03-03 22:30:00,6886757788,7440962629,45,up,183.647,198.426,18.365,4.5489,0
2026-03-03 22:35:00,8371043421,5240681195,58,up,223.228,139.751,22.323,5.8956,0
2026-03-03 22:40:00,8394403993,5331244500,8,up,223.851,142.167,22.385,0.8825,0
2026-03-03 22:45:00,8736522946,5034526048,1,up,232.974,134.254,23.297,0.192,0
2026-03-03 22:50:00,6732851910,6487566651,16,up,179.543,173.002,17.954,1.6381,0
2026-03-03 22:55:00,7927829049,5373376338,8,up,211.409,143.29,21.141,0.8862,0
2026-03-03 23:00:00,8069208794,5135682946,13,up,215.179,136.952,21.518,1.3495,0
2026-03-03 23:05:00,7073239642,6102194631,27,up,188.62,162.725,18.862,2.734,0
2026-03-03 23:10:00,6805405238,4693261768,5,up,181.477,125.154,18.148,0.5888,0
2026-03-03 23:15:00,8948568599,6046949618,11,up,238.628,161.252,23.863,1.1038,0
2026-03-03 23:20:00,7704746288,6827444808,38,up,205.46,182.065,20.546,3.8146,0
2026-03-03 23:25:00,8072370975,6007460287,25,up,215.263,160.199,21.526,2.5804,0
2026-03-03 23:30:00,6760131589,6055581363,9,up,180.27,161.482,18.027,0.9873,0
2026-03-03 23:35:00,6402643980,6212290646,27,up,170.737,165.661,17.074,2.7289,0
2026-03-03 23:40:00,6987495202,6779052919,36,up,186.333,180.775,18.633,3.6238,0
2026-03-03 23:45:00,7388380751,6441678423,22,up,197.023,171.778,19.702,2.2442,0
2026-03-03 23:50:00,6542201993,5921777062,6,up,174.459,157.914,17.446,0.6844,0
2026-03-03 23:55:00,7491139672,6235126695,0,up,199.764,166.27,19.976,0.0006,0
2026-03-04 00:00:00,5980345330,5026993925,40,up,159.476,134.053,15.948,4.0595,0
2026-03-04 00:05:00,6491957319,6148998173,43,up,173.119,163.973,17.312,4.3238,0
2026-03-04 00:10:00,8103820123,4946249719,29,up,216.102,131.9,21.61,2.99,0
2026-03-04 00:15:00,8043411468,5377259867,1,up,214.491,143.394,21.449,0.1992,0
2026-03-04 00:20:00,7147310911,3544270531,22,up,190.595,94.514,19.059,2.2,0
2026-03-04 00:25:00,6584012121,5895965020,43,up,175.574,157.226,17.557,4.3012,0
2026-03-04 00:30:00,6575336803,5190386392,12,up,175.342,138.41,17.534,1.2344,0
2026-03-04 00:35:00,7164058578,6375023020,5,up,191.042,170.001,19.104,0.5516,0
2026-03-04 00:40:00,8080066642,5888380012,22,up,215.468,157.023,21.547,2.2146,0
2026-03-04 00:45:00,8335421122,6383764728,43,up,222.278,170.234,22.228,4.3762,0
2026-03-04 00:50:00,7053121438,4893572332,1,up,188.083,130.495,18.808,0.1253,0
2026-03-04 00:55:00,6461856816,6325910575,22,up,172.316,168.691,17.232,2.2717,0
2026-03-04 01:00:00,7741059274,7046453032,25,up,206.428,187.905,20.643,2.5763,0
2026-03-04 01:05:00,6758818526,6140806852,23,up,180.235,163.755,18.024,2.3056,0
2026-03-04 01:10:00,7033572625,6158485580,26,up,187.562,164.226,18.756,2.6248,0
2026-03-04 01:15:00,8692748481,5739478431,24,up,231.807,153.053,23.181,2.4949,0
2026-03-04 01:20:00,8244403885,5270848573,3,up,219.851,140.556,21.985,0.3493,0
2026-03-04 01:25:00,4585306128,6138804851,26,up,122.275,163.701,12.227,2.678,1
2026-03-04 01:30:00,6355272898,4608394035,24,up,169.474,122.891,16.947,2.4124,0
2026-03-04 01:35:00,7690256910,5343015290,0,up,205.074,142.48,20.507,0.0446,0
2026-03-04 01:40:00,8456391561,4429536658,25,up,225.504,118.121,22.55,2.5179,0
2026-03-04 01:45:00,7161929700,5150031945,27,up,190.985,137.334,19.098,2.7369,0
2026-03-04 01:50:00,8716002680,6058380437,6,up,232.427,161.557,23.243,0.6834,0
2026-03-04 01:55:00,8663470760,5966140528,22,up,231.026,159.097,23.103,2.2791,0
2026-03-04 02:00:00,8997359548,5659366744,19,up,239.93,150.916,23.993,1.9094,0
2026-03-04 02:05:00,7774718813,5740020670,7,up,207.326,153.067,20.733,0.7551,0
2026-03-04 02:10:00,8028652529,4352041382,15,up,214.097,116.054,21.41,1.5543,0
2026-03-04 02:15:00,8772768559,5373520460,60,up,233.94,143.294,23.394,6.0095,0
2026-03-04 02:20:00,7902654543,5165087665,13,up,210.737,137.736,21.074,1.3904,0
2026-03-04 02:25:00,7048889302,5180134708,24,up,187.97,138.137,18.797,2.4846,0
2026-03-04 02:30:00,7096311447,6029715573,0,up,189.235,160.792,18.923,0.09,0
2026-03-04 02:35:00,7714699458,5044157554,2,up,205.725,134.511,20.573,0.2025,0
2026-03-04 02:40:00,6338494720,5216840426,2,up,169.027,139.116,16.903,0.212,0
2026-03-04 02:45:00,7371066976,4216228259,37,up,196.562,112.433,19.656,3.7654,0
2026-03-04 02:50:00,8486892406,5426466853,10,up,226.317,144.706,22.632,1.0779,0
2026-03-04 02:55:00,3316722920,4890709655,25,up,88.446,130.419,8.845,2.5827,1
2026-03-04 03:00:00,5328620334,5678461976,137,up,142.097,151.426,14.21,13.7565,1
2026-03-04 03:05:00,8510136796,4983002068,4,up,226.937,132.88,22.694,0.4657,0
2026-03-04 03:10:00,7086211845,5695566015,7,up,188.966,151.882,18.897,0.7075,0
2026-03-04 03:15:00,7989051745,5527337111,14,up,213.041,147.396,21.304,1.4094,0
2026-03-04 03:20:00,7502832954,6753628196,10,up,200.076,180.097,20.008,1.0066,0
2026-03-04 03:25:00,8606991331,5960622136,22,up,229.52,158.95,22.952,2.2011,0
2026-03-04 03:30:00,8384414828,4383244436,10,up,223.584,116.887,22.358,1.0306,0
2026-03-04 03:35:00,6239936349,4771200030,12,up,166.398,127.232,16.64,1.2479,0
2026-03-04 03:40:00,8028536172,5662265406,49,up,214.094,150.994,21.409,4.9674,0
2026-03-04 03:45:00,7314934931,4997352634,53,up,195.065,133.263,19.506,5.3969,0
2026-03-04 03:50:00,7574549313,3621351309,43,up,201.988,96.569,20.199,4.3965,0
2026-03-04 03:55:00,6844645289,6535943761,50,up,182.524,174.292,18.252,5.0031,0
2026-03-04 04:00:00,9073323362,6111151211,21,up,241.955,162.964,24.196,2.1083,0
2026-03-04 04:05:00,8436055637,5976659389,25,up,224.961,159.378,22.496,2.5978,0
2026-03-04 04:10:00,6834205952,5215056944,20,up,182.245,139.068,18.225,2.0364,0
2026-03-04 04:15:00,6298850453,5913681820,38,up,167.969,157.698,16.797,3.8496,0
2026-03-04 04:20:00,7152894632,5149556781,20,up,190.744,137.322,19.074,2.0018,0
2026-03-04 04:25:00,7891052381,5763278677,2,up,210.428,153.687,21.043,0.2944,0
2026-03-04 04:30:00,7716185259,5003606322,41,up,205.765,133.43,20.576,4.1463,0
2026-03-04 04:35:00,8627819542,6648494704,35,up,230.075,177.293,23.008,3.5739,0
2026-03-04 04:40:00,8210927749,4565090258,42,up,218.958,121.736,21.896,4.2912,0
2026-03-04 04:45:00,8372612123,6456791584,5,up,223.27,172.181,22.327,0.5281,0
2026-03-04 04:50:00,7794169860,5651268183,7,up,207.845,150.7,20.784,0.7923,0
2026-03-04 04:55:00,6249631142,5294609778,8,up,166.657,141.19,16.666,0.8766,0
2026-03-04 05:00:00,7323871321,5737726972,17,up,195.303,153.006,19.53,1.7736,0
2026-03-04 05:05:00,8454080765,6120009904,3,up,225.442,163.2,22.544,0.3593,0
2026-03-04 05:10:00,7453629364,6547554047,12,up,198.763,174.601,19.876,1.2169,0
2026-03-04 05:15:00,7952781331,5836371540,5,up,212.074,155.637,21.207,0.5027,0
2026-03-04 05:20:00,7213126516,5023780142,7,up,192.35,133.967,19.235,0.7689,0
2026-03-04 05:25:00,6573169336,5662550333,30,up,175.285,151.001,17.528,3.0637,0
2026-03-04 05:30:00,7388990342,6851335434,48,up,197.04,182.702,19.704,4.8243,0
2026-03-04 05:35:00,7778142698,6534682707,0,up,207.417,174.258,20.742,0.0579,0
2026-03-04 05:40:00,6909881052,6238415347,20,up,184.263,166.358,18.426,2.0862,0
2026-03-04 05:45:00,4372715927,6162088738,3,up,116.606,164.322,11.661,0.3673,1
2026-03-04 05:50:00,6654483082,6097128811,2,up,177.453,162.59,17.745,0.2228,0
2026-03-04 05:55:00,8507320425,6407159513,30,up,226.862,170.858,22.686,3.0527,0
2026-03-04 06:00:00,7234989818,5316775569,33,up,192.933,141.781,19.293,3.3258,0
2026-03-04 06:05:00,8807479990,4710316905,42,up,234.866,125.608,23.487,4.2048,0
2026-03-04 06:10:00,8875873065,5671577362,16,up,236.69,151.242,23.669,1.6073,0
2026-03-04 06:15:00,7427058631,5073132428,49,up,198.055,135.284,19.805,4.9118,0
2026-03-04 06:20:00,6592396140,4912860990,4,up,175.797,131.01,17.58,0.4563,0
2026-03-04 06:25:00,5622691910,5138811960,7,up,149.938,137.035,14.994,0.7183,0
2026-03-04 06:30:00,6175166634,7302586899,3,up,164.671,194.736,16.467,0.3611,0
2026-03-04 06:35:00,6263548657,5716884128,39,up,167.028,152.45,16.703,3.993,0
2026-03-04 06:40:00,8740622664,5869287789,6,up,233.083,156.514,23.308,0.6491,0
2026-03-04 06:45:00,7604242128,4799905105,4,up,202.78,127.997,20.278,0.4226,0
2026-03-04 06:50:00,7850644071,4380466752,24,up,209.351,116.812,20.935,2.4395,0
2026-03-04 06:55:00,5501621091,5072139465,2,up,146.71,135.257,14.671,0.2005,0
2026-03-04 07:00:00,3853098128,6595782020,4,up,102.749,175.888,10.275,0.4594,1
2026-03-04 07:05:00,8298371798,5850635939,2,up,221.29,156.017,22.129,0.2821,0
2026-03-04 07:10:00,7758096701,6029051686,0,up,206.883,160.775,20.688,0.0006,0
2026-03-04 07:15:00,7367515249,6123532076,29,up,196.467,163.294,19.647,2.985,0
2026-03-04 07:20:00,8008358122,5225839168,20,up,213.556,139.356,21.356,2.0652,0
2026-03-04 07:25:00,5383330815,6561876769,23,up,143.555,174.983,14.356,2.3556,1
2026-03-04 07:30:00,7301061782,5197854870,6,up,194.695,138.609,19.469,0.6632,0
2026-03-04 07:35:00,7562432822,6574206842,41,up,201.665,175.312,20.166,4.1646,0
2026-03-04 07:40:00,7673337226,5923553955,17,up,204.622,157.961,20.462,1.742,0
2026-03-04 07:45:00,9652898671,4417394520,29,up,257.411,117.797,25.741,2.9977,0
2026-03-04 07:50:00,5610579362,5120093596,15,up,149.615,136.536,14.962,1.5071,0
2026-03-04 07:55:00,8114900713,4420166490,6,up,216.397,117.871,21.64,0.6786,0
2026-03-04 08:00:00,7396677976,6410215439,88,up,197.245,170.939,19.724,8.8002,0
2026-03-04 08:05:00,8010094553,5608303590,20,up,213.603,149.555,21.36,2.0847,0
2026-03-04 08:10:00,6908364701,4120868853,3,up,184.223,109.89,18.422,0.351,0
2026-03-04 08:15:00,7455931472,5878629145,13,up,198.825,156.763,19.882,1.3026,0
2026-03-04 08:20:00,8140269521,5262414122,9,up,217.074,140.331,21.707,0.9987,0
2026-03-04 08:25:00,10301619180,4623431047,6,up,274.71,123.291,27.471,0.6023,0
2026-03-04 08:30:00,8227232570,6757626939,67,up,219.393,180.203,21.939,6.7741,0
2026-03-04 08:35:00,6736740961,5697417959,53,up,179.646,151.931,17.965,5.3199,0
2026-03-04 08:40:00,7118616286,5426933803,5,up,189.83,144.718,18.983,0.5552,0
2026-03-04 08:45:00,7091927302,5355388272,10,up,189.118,142.81,18.912,1.0852,0
2026-03-04 08:50:00,5883921144,4603536358,35,up,156.905,122.761,15.69,3.592,0
2026-03-04 08:55:00,7202918827,4744429492,5,up,192.078,126.518,19.208,0.5846,0
2026-03-04 09:00:00,8159546173,6492318829,22,up,217.588,173.129,21.759,2.2386,0
2026-03-04 09:05:00,6353191092,5305129062,30,up,169.418,141.47,16.942,3.0082,0
2026-03-04 09:10:00,8443634385,5639895698,26,up,225.164,150.397,22.516,2.6531,0
2026-03-04 09:15:00,7938997338,4245076928,30,up,211.707,113.202,21.171,3.0639,0
2026-03-04 09:20:00,6839190010,4735287875,30,up,182.378,126.274,18.238,3.0664,0
2026-03-04 09:25:00,7372623326,6036623450,83,up,196.603,160.977,19.66,8.3672,0
2026-03-04 09:30:00,8938489626,5879955438,10,up,238.36,156.799,23.836,1.0635,0
2026-03-04 09:35:00,8160193032,6808528259,52,up,217.605,181.561,21.761,5.2715,0
2026-03-04 09:40:00,4504743173,6531495523,2,up,120.126,174.173,12.013,0.2205,1
2026-03-04 09:45:00,7286085014,5469270093,8,up,194.296,145.847,19.43,0.8499,0
2026-03-04 09:50:00,7568948163,5944243656,1,up,201.839,158.513,20.184,0.1247,0
2026-03-04 09:55:00,7039412797,5411292676,26,up,187.718,144.301,18.772,2.6332,0
2026-03-04 10:00:00,5605725444,7011996627,2,up,149.486,186.987,14.949,0.2656,0
2026-03-04 10:05:00,9337960119,6400584919,46,up,249.012,170.682,24.901,4.6723,0
2026-03-04 10:10:00,7639792499,5739537436,26,up,203.728,153.054,20.373,2.6003,0
2026-03-04 10:15:00,7858332538,5760266479,0,up,209.556,153.607,20.956,0.0731,0
2026-03-04 10:20:00,7447883025,6600273943,31,up,198.61,176.007,19.861,3.1362,0
2026-03-04 10:25:00,4103036927,6016215046,198,up,109.414,160.432,10.941,19.8075,1
2026-03-04 10:30:00,7332667967,6677073911,27,up,195.538,178.055,19.554,2.7053,0
2026-03-04 10:35:00,6060544714,4144287649,0,up,161.615,110.514,16.161,0.0775,0
2026-03-04 10:40:00,9549377848,5936329076,48,up,254.65,158.302,25.465,4.8784,0
2026-03-04 10:45:00,6388939201,5277081466,32,up,170.372,140.722,17.037,3.2963,0
2026-03-04 10:50:00,6571230344,6810555141,11,up,175.233,181.615,17.523,1.1889,0
2026-03-04 10:55:00,7103766716,6668819113,9,up,189.434,177.835,18.943,0.9961,0
2026-03-04 11:00:00,8659268152,5647164171,16,up,230.914,150.591,23.091,1.634,0
2026-03-04 11:05:00,7513058099,6661550910,50,up,200.348,177.641,20.035,5.0454,0
2026-03-04 11:10:00,6387477783,6828602300,7,up,170.333,182.096,17.033,0.7261,0
2026-03-04 11:15:00,8628904524,5675224503,2,up,230.104,151.339,23.01,0.2661,0
2026-03-04 11:20:00,8157900564,7293555296,49,up,217.544,194.495,21.754,4.9995,0
2026-03-04 11:25:00,7984591461,5603844721,0,up,212.922,149.436,21.292,0.0666,0
2026-03-04 11:30:00,8144160817,5480198358,60,up,217.178,146.139,21.718,6.0477,0
2026-03-04 11:35:00,9654925710,6209463997,9,up,257.465,165.586,25.746,0.9123,0
2026-03-04 11:40:00,9466585405,5386191256,17,up,252.442,143.632,25.244,1.7743,0
2026-03-04 11:45:00,6881956191,5682604348,3,up,183.519,151.536,18.352,0.3548,0
2026-03-04 11:50:00,8961496493,6576368236,58,up,238.973,175.37,23.897,5.8135,0
2026-03-04 11:55:00,7844851370,5637972725,34,up,209.196,150.346,20.92,3.4641,0
2026-03-04 12:00:00,7949186234,4480862989,64,up,211.978,119.49,21.198,6.4477,0
2026-03-04 12:05:00,5976956251,5872940586,28,up,159.386,156.612,15.939,2.8739,0
2026-03-04 12:10:00,7346652811,5155001834,5,up,195.911,137.467,19.591,0.5105,0
2026-03-04 12:15:00,6768458768,6209058031,9,up,180.492,165.575,18.049,0.9214,0
2026-03-04 12:20:00,8245252933,6094928058,16,up,219.873,162.531,21.987,1.668,0
2026-03-04 12:25:00,8463972450,6618195235,23,up,225.706,176.485,22.571,2.3365,0
2026-03-04 12:30:00,5632962284,6237584303,65,up,150.212,166.336,15.021,6.5248,0
2026-03-04 12:35:00,7480168622,6360914891,12,up,199.471,169.624,19.947,1.2111,0
2026-03-04 12:40:00,8509675354,5173359686,30,up,226.925,137.956,22.692,3.0357,0
2026-03-04 12:45:00,7331988933,6167690884,81,up,195.52,164.472,19.552,8.1111,0
2026-03-04 12:50:00,8156157280,6953704620,4,up,217.498,185.432,21.75,0.4133,0
2026-03-04 12:55:00,7816048920,5160161311,49,up,208.428,137.604,20.843,4.9641,0
2026-03-04 13:00:00,7807494208,6839823346,13,up,208.2,182.395,20.82,1.3649,0
2026-03-04 13:05:00,4353489911,5254188688,131,up,116.093,140.112,11.609,13.1834,1
2026-03-04 13:10:00,6405077276,5049919409,8,up,170.802,134.665,17.08,0.8687,0
2026-03-04 13:15:00,6490622867,5824935299,10,up,173.083,155.332,17.308,1.0161,0
2026-03-04 13:20:00,8138417263,6108239530,0,up,217.024,162.886,21.702,0.0688,0
2026-03-04 13:25:00,7517512429,6240431333,88,up,200.467,166.412,20.047,8.8862,0
2026-03-04 13:30:00,7375338979,4975810365,41,up,196.676,132.688,19.668,4.1977,0
2026-03-04 13:35:00,7118498961,5918314565,2,up,189.827,157.822,18.983,0.2466,0
2026-03-04 13:40:00,7225330039,5162250664,190,up,192.675,137.66,19.268,19.0466,0
2026-03-04 13:45:00,8442220615,4619977477,23,up,225.126,123.199,22.513,2.3223,0
2026-03-04 13:50:00,7198280326,4998102987,48,up,191.954,133.283,19.195,4.8057,0
2026-03-04 13:55:00,6293041758,5118142252,1,up,167.814,136.484,16.781,0.1725,0
2026-03-04 14:00:00,8169286597,5977076733,12,up,217.848,159.389,21.785,1.2335,0
2026-03-04 14:05:00,7315611002,6402744222,27,up,195.083,170.74,19.508,2.769,0
2026-03-04 14:10:00,7528256278,4630585524,2,up,200.754,123.482,20.075,0.2813,0
2026-03-04 14:15:00,8946820475,5862573725,16,up,238.582,156.335,23.858,1.678,0
2026-03-04 14:20:00,7481495498,4830728724,14,up,199.507,128.819,19.951,1.4615,0
2026-03-04 14:25:00,7760265305,6049632651,6,up,206.94,161.324,20.694,0.6085,0
2026-03-04 14:30:00,6438968857,5204656857,8,up,171.706,138.791,17.171,0.8927,0
2026-03-04 14:35:00,7302297492,4915352912,85,up,194.728,131.076,19.473,8.5371,0
2026-03-04 14:40:00,8048573440,6164773547,8,up,214.629,164.394,21.463,0.8515,0
2026-03-04 14:45:00,6100163639,5228827241,6,up,162.671,139.435,16.267,0.6002,0
2026-03-04 14:50:00,7680760583,5411724332,19,up,204.82,144.313,20.482,1.9208,0
2026-03-04 14:55:00,7590711965,4126507365,27,up,202.419,110.04,20.242,2.7789,0
2026-03-04 15:00:00,7537158710,6263922168,32,up,200.991,167.038,20.099,3.2283,0
2026-03-04 15:05:00,8433443008,6179113251,35,up,224.892,164.776,22.489,3.5086,0
2026-03-04 15:10:00,7800994663,5628684044,0,up,208.027,150.098,20.803,0.0938,0
2026-03-04 15:15:00,8830264708,4593882864,12,up,235.474,122.504,23.547,1.2512,0
2026-03-04 15:20:00,6605769435,6441324195,37,up,176.154,171.769,17.615,3.7176,0
2026-03-04 15:25:00,7622332110,5175272214,58,up,203.262,138.007,20.326,5.8808,0
2026-03-04 15:30:00,7576020107,5318986421,23,up,202.027,141.84,20.203,2.3045,0
2026-03-04 15:35:00,6537670955,7185629738,1,up,174.338,191.617,17.434,0.1343,0
2026-03-04 15:40:00,8360665501,5150045400,12,up,222.951,137.335,22.295,1.2631,0
2026-03-04 15:45:00,9592205975,6125991724,1,up,255.792,163.36,25.579,0.1928,0
2026-03-04 15:50:00,7484694532,6004412276,34,up,199.592,160.118,19.959,3.4512,0
2026-03-04 15:55:00,7954518979,5888366230,1,up,212.121,157.023,21.212,0.164,0
2026-03-04 16:00:00,7576066628,5815350366,5,up,202.028,155.076,20.203,0.5137,0
2026-03-04 16:05:00,6857773797,5879062279,13,up,182.874,156.775,18.287,1.3487,0
2026-03-04 16:10:00,5861315749,5808559898,15,up,156.302,154.895,15.63,1.5528,0
2026-03-04 16:15:00,6864803865,5589955107,13,up,183.061,149.065,18.306,1.3042,0
2026-03-04 16:20:00,6247237457,6645116108,15,up,166.593,177.203,16.659,1.5562,0
2026-03-04 16:25:00,5420215122,4738954121,124,up,144.539,126.372,14.454,12.4911,1
2026-03-04 16:30:00,7396401275,6314484220,11,up,197.237,168.386,19.724,1.1522,0
2026-03-04 16:35:00,7188672603,6180081051,19,up,191.698,164.802,19.17,1.9838,0
2026-03-04 16:40:00,8300238442,6096419406,9,up,221.34,162.571,22.134,0.9037,0
2026-03-04 16:45:00,6490424007,6378961113,10,up,173.078,170.106,17.308,1.0909,0
2026-03-04 16:50:00,6809822365,5562495408,23,up,181.595,148.333,18.16,2.3785,0
2026-03-04 16:55:00,7561265042,4363442498,16,up,201.634,116.358,20.163,1.6858,0
2026-03-04 17:00:00,8425892092,5576202454,32,up,224.69,148.699,22.469,3.2097,0
2026-03-04 17:05:00,7951516540,4955943903,20,up,212.04,132.159,21.204,2.0555,0
2026-03-04 17:10:00,7723492628,5130995033,40,up,205.96,136.827,20.596,4.0687,0
2026-03-04 17:15:00,7570305961,4786366720,14,up,201.875,127.636,20.187,1.4648,0
2026-03-04 17:20:00,7860212269,5302792220,16,up,209.606,141.408,20.961,1.6884,0
2026-03-04 17:25:00,7681487614,5222279006,27,up,204.84,139.261,20.484,2.7714,0
2026-03-04 17:30:00,6573024952,4020140364,6,up,175.281,107.204,17.528,0.6251,0
2026-03-04 17:35:00,4524882779,6097649790,48,up,120.664,162.604,12.066,4.8765,1
2026-03-04 17:40:00,6533680206,7123717254,24,up,174.231,189.966,17.423,2.451,0
2026-03-04 17:45:00,7572974288,6034210105,0,up,201.946,160.912,20.195,0.0733,0
2026-03-04 17:50:00,7067416852,5488026329,14,up,188.464,146.347,18.846,1.4361,0
2026-03-04 17:55:00,9785443460,5588046182,22,up,260.945,149.015,26.095,2.2835,0
2026-03-04 18:00:00,7464095054,5340834539,85,up,199.043,142.422,19.904,8.5567,0
2026-03-04 18:05:00,6236184390,5685778069,52,up,166.298,151.621,16.63,5.2393,0
2026-03-04 18:10:00,7379237810,5600019536,8,up,196.78,149.334,19.678,0.8238,0
2026-03-04 18:15:00,7967422871,5057292309,17,up,212.465,134.861,21.246,1.7692,0
2026-03-04 18:20:00,9006027551,6760949662,1,up,240.161,180.292,24.016,0.1452,0
2026-03-04 18:25:00,6969492840,4621170890,6,up,185.853,123.231,18.585,0.6886,0
2026-03-04 18:30:00,6075814823,6109873791,37,up,162.022,162.93,16.202,3.7275,0
2026-03-04 18:35:00,8235153310,5556691601,3,up,219.604,148.178,21.96,0.329,0
2026-03-04 18:40:00,6257461164,6908061475,7,up,166.866,184.215,16.687,0.745,0
2026-03-04 18:45:00,7107460102,5855083604,72,up,189.532,156.136,18.953,7.2079,0
2026-03-04 18:50:00,7268141563,5382063762,43,up,193.817,143.522,19.382,4.3411,0
2026-03-04 18:55:00,7437329892,5457797641,38,up,198.329,145.541,19.833,3.8062,0
2026-03-04 19:00:00,8120248011,5651937018,49,up,216.54,150.718,21.654,4.998,0
2026-03-04 19:05:00,6884729145,4853616280,34,up,183.593,129.43,18.359,3.4618,0
2026-03-04 19:10:00,7253643673,5107363070,3,up,193.43,136.196,19.343,0.3212,0
2026-03-04 19:15:00,7487156682,4420162820,18,up,199.658,117.871,19.966,1.8171,0
2026-03-04 19:20:00,7634638161,5001990593,14,up,203.59,133.386,20.359,1.4686,0
2026-03-04 19:25:00,7588044457,5688386875,9,up,202.348,151.69,20.235,0.9318,0
2026-03-04 19:30:00,7892405197,5827618158,44,up,210.464,155.403,21.046,4.49,0
2026-03-04 19:35:00,8259455558,4288952455,15,up,220.252,114.372,22.025,1.5597,0
2026-03-04 19:40:00,7853370704,5532382100,1,up,209.423,147.53,20.942,0.1555,0
2026-03-04 19:45:00,7908226971,6005301716,8,up,210.886,160.141,21.089,0.8038,0
2026-03-04 19:50:00,6075999149,5515034269,6,up,162.027,147.068,16.203,0.6489,0
2026-03-04 19:55:00,7545204929,5197192664,54,up,201.205,138.592,20.121,5.4615,0
2026-03-04 20:00:00,7931556793,5346791227,26,up,211.508,142.581,21.151,2.6063,0
2026-03-04 20:05:00,8156047075,5259984735,20,up,217.495,140.266,21.749,2.0546,0
2026-03-04 20:10:00,6876884303,5195206872,17,up,183.384,138.539,18.338,1.7663,0
2026-03-04 20:15:00,6906864652,5742330879,26,up,184.183,153.129,18.418,2.6254,0
2026-03-04 20:20:00,6983309392,7182689553,35,up,186.222,191.538,18.622,3.515,0
2026-03-04 20:25:00,7982772509,5123002556,20,up,212.874,136.613,21.287,2.0207,0
2026-03-04 20:30:00,8430492949,5410253722,69,up,224.813,144.273,22.481,6.9631,0
2026-03-04 20:35:00,7133285903,5590103890,94,up,190.221,149.069,19.022,9.4127,0
2026-03-04 20:40:00,8317166082,5161035756,134,up,221.791,137.628,22.179,13.4231,0
2026-03-04 20:45:00,7611131828,6366309167,27,up,202.964,169.768,20.296,2.767,0
2026-03-04 20:50:00,7388142800,4024652373,67,up,197.017,107.324,19.702,6.7435,0
2026-03-04 20:55:00,7309754193,5266535059,12,up,194.927,140.441,19.493,1.2958,0
2026-03-04 21:00:00,8171950228,6177361772,49,up,217.919,164.73,21.792,4.908,0
2026-03-04 21:05:00,4675812021,5426486341,239,up,124.688,144.706,12.469,23.9881,1
2026-03-04 21:10:00,9548242884,5070933702,58,up,254.62,135.225,25.462,5.8622,0
2026-03-04 21:15:00,6732997821,5922510809,44,up,179.547,157.934,17.955,4.4424,0
2026-03-04 21:20:00,7966291531,6236781683,13,up,212.434,166.314,21.243,1.3047,0
2026-03-04 21:25:00,4214231454,5767178925,17,up,112.38,153.791,11.238,1.7305,1
2026-03-04 21:30:00,6717641711,5084176257,10,up,179.137,135.578,17.914,1.016,0
2026-03-04 21:35:00,7490219576,5932937240,36,up,199.739,158.212,19.974,3.6449,0
2026-03-04 21:40:00,7623617231,5353616722,6,up,203.296,142.763,20.33,0.6628,0
2026-03-04 21:45:00,10126356199,6128001145,16,up,270.036,163.413,27.004,1.6265,0
2026-03-04 21:50:00,7334268765,6626199747,20,up,195.581,176.699,19.558,2.0833,0
2026-03-04 21:55:00,6482839143,3866235689,23,up,172.876,103.1,17.288,2.315,0
2026-03-04 22:00:00,7745709645,5699970544,68,up,206.552,151.999,20.655,6.8615,0
2026-03-04 22:05:00,5632823966,4453379592,27,up,150.209,118.757,15.021,2.708,0
2026-03-04 22:10:00,7417238895,7273207295,38,up,197.793,193.952,19.779,3.8579,0
2026-03-04 22:15:00,7514422754,5309015939,21,up,200.385,141.574,20.038,2.18,0
2026-03-04 22:20:00,8215140344,6128801938,44,up,219.07,163.435,21.907,4.4831,0
2026-03-04 22:25:00,8376260024,5601161119,7,up,223.367,149.364,22.337,0.7652,0
2026-03-04 22:30:00,7046787342,5082917908,5,up,187.914,135.544,18.791,0.5889,0
2026-03-04 22:35:00,7364447386,5002614193,65,up,196.385,133.403,19.639,6.5201,0
2026-03-04 22:40:00,6810491252,6695333441,29,up,181.613,178.542,18.161,2.9562,0
2026-03-04 22:45:00,6484743700,6270258190,27,up,172.926,167.207,17.293,2.7832,0
2026-03-04 22:50:00,7778905301,6936919258,15,up,207.437,184.985,20.744,1.5745,0
2026-03-04 22:55:00,6353773006,5662431001,11,up,169.434,150.998,16.943,1.1818,0
2026-03-04 23:00:00,7126835789,5819345744,20,up,190.049,155.183,19.005,2.0281,0
2026-03-04 23:05:00,6604343436,5444645693,3,up,176.116,145.191,17.612,0.3212,0
2026-03-04 23:10:00,7994714867,5431219512,15,up,213.192,144.833,21.319,1.5161,0
2026-03-04 23:15:00,9121287089,4921726320,15,up,243.234,131.246,24.323,1.5191,0
2026-03-04 23:20:00,6328570815,5681706878,19,up,168.762,151.512,16.876,1.9323,0
2026-03-04 23:25:00,5832283365,5092258548,25,up,155.528,135.794,15.553,2.5175,0
2026-03-04 23:30:00,7387601803,5923288522,78,up,197.003,157.954,19.7,7.885,0
2026-03-04 23:35:00,7514128016,5739756897,26,up,200.377,153.06,20.038,2.6401,0
2026-03-04 23:40:00,7696793376,5819185379,53,up,205.248,155.178,20.525,5.3795,0
2026-03-04 23:45:00,7098311536,6755712709,20,up,189.288,180.152,18.929,2.0315,0
2026-03-04 23:50:00,7319424631,5599540383,24,up,195.185,149.321,19.518,2.465,0
2026-03-04 23:55:00,7830759369,6135790726,1,up,208.82,163.621,20.882,0.181,0
2026-03-05 00:00:00,8436387803,7009768888,3,up,224.97,186.927,22.497,0.3576,0
2026-03-05 00:05:00,5740456106,6506966521,21,up,153.079,173.519,15.308,2.1668,0
2026-03-05 00:10:00,7167954504,6403389546,12,up,191.145,170.757,19.115,1.2593,0
2026-03-05 00:15:00,7692427914,5417985454,40,up,205.131,144.48,20.513,4.0088,0
2026-03-05 00:20:00,6673821505,5780009062,19,up,177.969,154.134,17.797,1.9587,0
2026-03-05 00:25:00,9058052668,4735163502,53,up,241.548,126.271,24.155,5.3489,0
2026-03-05 00:30:00,6928131107,5961767220,89,up,184.75,158.98,18.475,8.9687,0
2026-03-05 00:35:00,4477701949,5810260619,15,up,119.405,154.94,11.941,1.5974,1
2026-03-05 00:40:00,8000419887,5640784959,12,up,213.345,150.421,21.334,1.2556,0
2026-03-05 00:45:00,4180706214,6318356482,109,up,111.485,168.49,11.149,10.9357,1
2026-03-05 00:50:00,5838084256,4809751994,9,up,155.682,128.26,15.568,0.9114,0
2026-03-05 00:55:00,7114210925,6728532424,7,up,189.712,179.428,18.971,0.7766,0
2026-03-05 01:00:00,8426496500,6233691164,42,up,224.707,166.232,22.471,4.2015,0
2026-03-05 01:05:00,7196794385,5577322063,98,up,191.915,148.729,19.191,9.8278,0
2026-03-05 01:10:00,6738209128,5524607528,37,up,179.686,147.323,17.969,3.7159,0
2026-03-05 01:15:00,8333104988,5949412570,18,up,222.216,158.651,22.222,1.8541,0
2026-03-05 01:20:00,7202302593,6651574581,14,up,192.061,177.375,19.206,1.4608,0
2026-03-05 01:25:00,7040855267,5693585210,19,up,187.756,151.829,18.776,1.9394,0
2026-03-05 01:30:00,7634510480,5722220858,15,up,203.587,152.593,20.359,1.5536,0
2026-03-05 01:35:00,8193675188,5637229972,17,up,218.498,150.326,21.85,1.7474,0
2026-03-05 01:40:00,5786125307,6827866276,22,up,154.297,182.076,15.43,2.2747,1
2026-03-05 01:45:00,8244512496,5376003905,58,up,219.854,143.36,21.985,5.8518,0
2026-03-05 01:50:00,8543855969,5605082370,35,up,227.836,149.469,22.784,3.5115,0
2026-03-05 01:55:00,7044630420,6612819066,28,up,187.857,176.342,18.786,2.8562,0
2026-03-05 02:00:00,6576718704,5724232312,74,up,175.379,152.646,17.538,7.4856,0
2026-03-05 02:05:00,7556098214,6392514730,8,up,201.496,170.467,20.15,0.8366,0
2026-03-05 02:10:00,7596452923,5009885961,2,up,202.572,133.597,20.257,0.2116,0
2026-03-05 02:15:00,6529338532,5486427547,43,up,174.116,146.305,17.412,4.3737,0
2026-03-05 02:20:00,7342234923,6626992975,161,up,195.793,176.72,19.579,16.121,0
2026-03-05 02:25:00,4715631504,5168470691,86,up,125.75,137.826,12.575,8.6378,1
2026-03-05 02:30:00,7824354055,5522873148,1,up,208.649,147.277,20.865,0.1515,0
2026-03-05 02:35:00,7953859068,5798262530,37,up,212.103,154.62,21.21,3.7906,0
2026-03-05 02:40:00,7761868257,4957320700,1,up,206.983,132.195,20.698,0.1915,0
2026-03-05 02:45:00,7043692206,5345678169,19,up,187.832,142.551,18.783,1.9414,0
2026-03-05 02:50:00,7037489436,5701029760,8,up,187.666,152.027,18.767,0.8127,0
2026-03-05 02:55:00,6420943741,5656510170,61,up,171.225,150.84,17.123,6.1635,0
2026-03-05 03:00:00,9106297535,6489237614,15,up,242.835,173.046,24.283,1.5007,0
2026-03-05 03:05:00,7512105328,6665483606,57,up,200.323,177.746,20.032,5.7183,0
2026-03-05 03:10:00,7297632249,5047142711,8,up,194.604,134.59,19.46,0.8884,0
2026-03-05 03:15:00,6664087126,5700106250,12,up,177.709,152.003,17.771,1.225,0
2026-03-05 03:20:00,10142092112,6080117608,73,up,270.456,162.136,27.046,7.3493,0
2026-03-05 03:25:00,6534004770,6648534539,5,up,174.24,177.294,17.424,0.562,0
2026-03-05 03:30:00,7114036866,6109980950,21,up,189.708,162.933,18.971,2.1598,0
2026-03-05 03:35:00,7874253152,5821366546,12,up,209.98,155.236,20.998,1.2296,0
2026-03-05 03:40:00,8040191669,6074916209,37,up,214.405,161.998,21.441,3.7199,0
2026-03-05 03:45:00,8362138849,6079793963,3,up,222.99,162.128,22.299,0.3461,0
2026-03-05 03:50:00,9126847656,4998792852,14,up,243.383,133.301,24.338,1.4371,0
2026-03-05 03:55:00,7955541889,5755139184,30,up,212.148,153.47,21.215,3.0011,0
2026-03-05 04:00:00,6549572280,6609933671,13,up,174.655,176.265,17.466,1.3065,0
2026-03-05 04:05:00,7268749387,5485034181,1,up,193.833,146.268,19.383,0.1508,0
2026-03-05 04:10:00,7777049135,5712376483,30,up,207.388,152.33,20.739,3.0529,0
2026-03-05 04:15:00,9361403437,5461301396,17,up,249.637,145.635,24.964,1.7489,0
2026-03-05 04:20:00,6241975069,4063144840,0,up,166.453,108.351,16.645,0.0284,0
2026-03-05 04:25:00,8582318854,5638898369,23,up,228.862,150.371,22.886,2.3711,0
2026-03-05 04:30:00,7661922932,5828709553,63,up,204.318,155.432,20.432,6.3106,0
2026-03-05 04:35:00,8254047481,5279066961,2,up,220.108,140.775,22.011,0.2942,0
2026-03-05 04:40:00,7408204755,4845620059,22,up,197.552,129.217,19.755,2.2331,0
2026-03-05 04:45:00,6741810632,5030590639,32,up,179.782,134.149,17.978,3.261,0
2026-03-05 04:50:00,8175785501,6140826640,1,up,218.021,163.755,21.802,0.1835,0
2026-03-05 04:55:00,8088987924,6956454221,0,up,215.706,185.505,21.571,0.0572,0
2026-03-05 05:00:00,8374851269,6558142505,15,up,223.329,174.884,22.333,1.56,0
2026-03-05 05:05:00,7488025828,4717566446,39,up,199.681,125.802,19.968,3.9158,0
2026-03-05 05:10:00,6960160179,6201873434,4,up,185.604,165.383,18.56,0.438,0
2026-03-05 05:15:00,6097091704,5177365396,45,up,162.589,138.063,16.259,4.5295,0
2026-03-05 05:20:00,8237435941,5231969732,26,up,219.665,139.519,21.966,2.672,0
2026-03-05 05:25:00,7881500534,5313166471,10,up,210.173,141.684,21.017,1.0093,0
2026-03-05 05:30:00,6630795630,6101595191,18,up,176.821,162.709,17.682,1.8133,0
2026-03-05 05:35:00,7015283694,6272496029,84,up,187.074,167.267,18.707,8.4224,0
2026-03-05 05:40:00,7079917069,5558829026,6,up,188.798,148.235,18.88,0.6098,0
2026-03-05 05:45:00,3699188406,5570277249,69,up,98.645,148.541,9.865,6.9222,1
2026-03-05 05:50:00,6764085843,5938378026,24,up,180.376,158.357,18.038,2.4487,0
2026-03-05 05:55:00,6479552678,6008396314,3,up,172.788,160.224,17.279,0.3713,0
2026-03-05 06:00:00,7128768889,6418952352,1,up,190.101,171.172,19.01,0.1112,0
2026-03-05 06:05:00,6835172251,4758048916,0,up,182.271,126.881,18.227,0.0339,0
2026-03-05 06:10:00,6035695571,5638518454,9,up,160.952,150.36,16.095,0.9815,0
2026-03-05 06:15:00,9320331207,4904083546,1,up,248.542,130.776,24.854,0.1921,0
2026-03-05 06:20:00,8627286657,5590613961,40,up,230.061,149.083,23.006,4.0712,0
2026-03-05 06:25:00,6798882520,5472331680,148,up,181.304,145.929,18.13,14.8044,0
2026-03-05 06:30:00,7745179256,5593444118,1,up,206.538,149.159,20.654,0.1582,0
2026-03-05 06:35:00,7875718580,5085173550,14,up,210.019,135.605,21.002,1.4173,0
2026-03-05 06:40:00,8571977269,4621079389,0,up,228.586,123.229,22.859,0.0652,0
2026-03-05 06:45:00,6763255476,4211254669,3,up,180.353,112.3,18.035,0.3596,0
2026-03-05 06:50:00,8482896105,5536453395,9,up,226.211,147.639,22.621,0.9749,0
2026-03-05 06:55:00,7006885226,5334074253,12,up,186.85,142.242,18.685,1.2509,0
2026-03-05 07:00:00,6297723836,5168742076,70,up,167.939,137.833,16.794,7.0245,0
2026-03-05 07:05:00,8151722903,6517720212,12,up,217.379,173.806,21.738,1.2598,0
2026-03-05 07:10:00,8661682581,5044879223,17,up,230.978,134.53,23.098,1.7143,0
2026-03-05 07:15:00,9829118076,6581363005,7,up,262.11,175.503,26.211,0.7045,0
2026-03-05 07:20:00,6420247261,6721094527,0,up,171.207,179.229,17.121,0.0003,0
2026-03-05 07:25:00,8129027716,4308142184,57,up,216.774,114.884,21.677,5.7399,0
2026-03-05 07:30:00,7131178880,5687357484,2,up,190.165,151.663,19.016,0.2131,0
2026-03-05 07:35:00,8205022839,5355204868,83,up,218.801,142.805,21.88,8.3279,0
2026-03-05 07:40:00,6176559403,3659532337,3,up,164.708,97.588,16.471,0.3506,0
2026-03-05 07:45:00,3818104321,4649867154,92,up,101.816,123.996,10.182,9.2856,1
2026-03-05 07:50:00,6801712659,6148081872,185,up,181.379,163.949,18.138,18.591,0
2026-03-05 07:55:00,7571067641,6987959495,3,up,201.895,186.346,20.19,0.3726,0
2026-03-05 08:00:00,6923026860,6234307746,13,up,184.614,166.248,18.461,1.3789,0
2026-03-05 08:05:00,8093148909,5843451918,37,up,215.817,155.825,21.582,3.7901,0
2026-03-05 08:10:00,8424205156,5610600642,0,up,224.645,149.616,22.465,0.0818,0
2026-03-05 08:15:00,8039619787,6760797467,29,up,214.39,180.288,21.439,2.9262,0
2026-03-05 08:20:00,8956908875,7075061461,2,up,238.851,188.668,23.885,0.2095,0
2026-03-05 08:25:00,7874243966,5228881191,6,up,209.98,139.437,20.998,0.6747,0
2026-03-05 08:30:00,6404792960,4275009071,4,up,170.794,114.0,17.079,0.4361,0
2026-03-05 08:35:00,8727038862,4208723462,59,up,232.721,112.233,23.272,5.9469,0
2026-03-05 08:40:00,6955359387,6517269669,4,up,185.476,173.794,18.548,0.4975,0
2026-03-05 08:45:00,8319376649,5593235484,1,up,221.85,149.153,22.185,0.1032,0
2026-03-05 08:50:00,5349816476,5748688289,88,up,142.662,153.298,14.266,8.8582,1
2026-03-05 08:55:00,7911019209,4416310579,10,up,210.961,117.768,21.096,1.0623,0
2026-03-05 09:00:00,6153457068,5116597483,13,up,164.092,136.443,16.409,1.301,0
2026-03-05 09:05:00,6673609050,5425550450,3,up,177.963,144.681,17.796,0.3169,0
2026-03-05 09:10:00,8690470020,5765290908,34,up,231.746,153.741,23.175,3.4481,0
2026-03-05 09:15:00,7347789582,5355950373,23,up,195.941,142.825,19.594,2.3005,0
2026-03-05 09:20:00,7571616181,4924804816,11,up,201.91,131.328,20.191,1.1322,0
2026-03-05 09:25:00,8182941974,5095417279,4,up,218.212,135.878,21.821,0.4706,0
2026-03-05 09:30:00,8126690575,6440618218,22,up,216.712,171.75,21.671,2.2501,0
2026-03-05 09:35:00,7750919831,5790229618,37,up,206.691,154.406,20.669,3.7694,0
2026-03-05 09:40:00,7312198465,6038205844,9,up,194.992,161.019,19.499,0.9364,0
2026-03-05 09:45:00,7218598398,5018260177,0,up,192.496,133.82,19.25,0.0655,0
2026-03-05 09:50:00,8272108942,3631169147,6,up,220.59,96.831,22.059,0.6031,0
2026-03-05 09:55:00,7998212577,5271904592,28,up,213.286,140.584,21.329,2.8674,0
2026-03-05 10:00:00,7268429999,5040064875,112,up,193.825,134.402,19.382,11.2967,0
2026-03-05 10:05:00,8473901081,5860583281,0,up,225.971,156.282,22.597,0.0337,0
2026-03-05 10:10:00,7383869296,7842863506,9,up,196.903,209.143,19.69,0.9138,0
2026-03-05 10:15:00,6733504043,6094237061,1,up,179.56,162.513,17.956,0.1601,0
2026-03-05 10:20:00,6816926370,7471773107,9,up,181.785,199.247,18.178,0.9508,0
2026-03-05 10:25:00,6619133247,6008919544,13,up,176.51,160.238,17.651,1.3018,0
2026-03-05 10:30:00,7254830985,5199826789,63,up,193.462,138.662,19.346,6.3414,0
2026-03-05 10:35:00,8610351850,5859843352,2,up,229.609,156.262,22.961,0.21,0
2026-03-05 10:40:00,6775414337,6826931054,37,up,180.678,182.051,18.068,3.753,0
2026-03-05 10:45:00,7669628184,6859954752,12,up,204.523,182.932,20.452,1.2585,0
2026-03-05 10:50:00,6908979588,5236647276,41,up,184.239,139.644,18.424,4.1685,0
2026-03-05 10:55:00,7265721862,5795898994,18,up,193.753,154.557,19.375,1.8008,0
2026-03-05 11:00:00,6140962909,4660244856,1,up,163.759,124.273,16.376,0.1002,0
2026-03-05 11:05:00,7301515593,6181651321,73,up,194.707,164.844,19.471,7.3065,0
2026-03-05 11:10:00,7325665158,6673514421,2,up,195.351,177.96,19.535,0.2159,0
2026-03-05 11:15:00,4791755489,5651864631,91,up,127.78,150.716,12.778,9.1052,1
2026-03-05 11:20:00,7700952821,5174515763,52,up,205.359,137.987,20.536,5.2525,0
2026-03-05 11:25:00,6421447087,5868088392,2,up,171.239,156.482,17.124,0.2078,0
2026-03-05 11:30:00,8475778419,5906784846,20,up,226.021,157.514,22.602,2.018,0
2026-03-05 11:35:00,7689272736,5679772086,43,up,205.047,151.461,20.505,4.3473,0
2026-03-05 11:40:00,7678554165,5745632708,107,up,204.761,153.217,20.476,10.7304,0
2026-03-05 11:45:00,7491735881,5507674975,32,up,199.78,146.871,19.978,3.2214,0
2026-03-05 11:50:00,7034018297,6297269576,8,up,187.574,167.927,18.757,0.8155,0
2026-03-05 11:55:00,4617613263,6121953525,120,up,123.136,163.252,12.314,12.0254,1
2026-03-05 12:00:00,7928029592,4961405375,30,up,211.414,132.304,21.141,3.0585,0
2026-03-05 12:05:00,5927793877,4942851342,30,up,158.075,131.809,15.807,3.0096,0
2026-03-05 12:10:00,7015115246,5453297268,48,up,187.07,145.421,18.707,4.8148,0
2026-03-05 12:15:00,7270547726,6122365058,2,up,193.881,163.263,19.388,0.2286,0
2026-03-05 12:20:00,7730553545,5724938754,2,up,206.148,152.665,20.615,0.2869,0
2026-03-05 12:25:00,8573979905,5190873473,25,up,228.639,138.423,22.864,2.5584,0
2026-03-05 12:30:00,6805433266,5801525052,76,up,181.478,154.707,18.148,7.6913,0
2026-03-05 12:35:00,7051834337,5401702899,15,up,188.049,144.045,18.805,1.5676,0
2026-03-05 12:40:00,7038719300,6219328360,80,up,187.699,165.849,18.77,8.0826,0
2026-03-05 12:45:00,6778625168,5849814443,69,up,180.763,155.995,18.076,6.955,0
2026-03-05 12:50:00,7187532154,5412187223,58,up,191.668,144.325,19.167,5.8303,0
2026-03-05 12:55:00,8193721997,5781275171,60,up,218.499,154.167,21.85,6.0157,0
2026-03-05 13:00:00,3930928832,6512657440,228,up,104.825,173.671,10.482,22.8591,1
2026-03-05 13:05:00,7885032955,5240499698,42,up,210.268,139.747,21.027,4.2855,0
2026-03-05 13:10:00,5968287992,5896793462,29,up,159.154,157.248,15.915,2.9684,0
2026-03-05 13:15:00,6994795803,5577439270,0,up,186.528,148.732,18.653,0.0618,0
2026-03-05 13:20:00,7203459629,5913213986,3,up,192.092,157.686,19.209,0.3546,0
2026-03-05 13:25:00,9007373705,5183168664,3,up,240.197,138.218,24.02,0.3603,0
2026-03-05 13:30:00,7252677925,5699476417,0,up,193.405,151.986,19.34,0.0596,0
2026-03-05 13:35:00,5518880873,6372780715,3,up,147.17,169.941,14.717,0.3102,0
2026-03-05 13:40:00,5700999983,4992520287,63,up,152.027,133.134,15.203,6.3064,0
2026-03-05 13:45:00,7530626627,4727651555,27,up,200.817,126.071,20.082,2.7252,0
2026-03-05 13:50:00,8052393770,4753267493,9,up,214.731,126.754,21.473,0.9352,0
2026-03-05 13:55:00,7837910271,4834802792,39,up,209.011,128.928,20.901,3.9419,0
2026-03-05 14:00:00,7650813095,6026843219,16,up,204.022,160.716,20.402,1.6754,0
2026-03-05 14:05:00,8546033637,4676044712,3,up,227.894,124.695,22.789,0.3832,0
2026-03-05 14:10:00,4208620740,5423920642,215,up,112.23,144.638,11.223,21.585,1
2026-03-05 14:15:00,8305419500,6042345279,10,up,221.478,161.129,22.148,1.0337,0
2026-03-05 14:20:00,6031186603,5906244865,30,up,160.832,157.5,16.083,3.0004,0
2026-03-05 14:25:00,6685546950,5364747688,8,up,178.281,143.06,17.828,0.8583,0
2026-03-05 14:30:00,5873662744,5753873518,17,up,156.631,153.437,15.663,1.7332,0
2026-03-05 14:35:00,7252639229,5697323097,42,up,193.404,151.929,19.34,4.2355,0
2026-03-05 14:40:00,7458364904,5473637355,4,up,198.89,145.964,19.889,0.4263,0
2026-03-05 14:45:00,7602691343,5482686564,94,up,202.738,146.205,20.274,9.4581,0
2026-03-05 14:50:00,7555695017,7133913518,1,up,201.485,190.238,20.149,0.182,0
2026-03-05 14:55:00,6665202002,6171284860,19,up,177.739,164.568,17.774,1.909,0
2026-03-05 15:00:00,7328783240,7299439369,61,up,195.434,194.652,19.543,6.1931,0
2026-03-05 15:05:00,6152297998,5289549885,72,up,164.061,141.055,16.406,7.2828,0
2026-03-05 15:10:00,8726906077,5567647547,6,up,232.717,148.471,23.272,0.6603,0
2026-03-05 15:15:00,7226736534,4725815108,3,up,192.713,126.022,19.271,0.3887,0
2026-03-05 15:20:00,7060002492,5078542408,32,up,188.267,135.428,18.827,3.222,0
2026-03-05 15:25:00,8930046295,6908791375,1,up,238.135,184.234,23.813,0.1072,0
2026-03-05 15:30:00,6381978119,5272626854,16,up,170.186,140.603,17.019,1.6601,0
2026-03-05 15:35:00,6486971597,6920514877,39,up,172.986,184.547,17.299,3.9784,0
2026-03-05 15:40:00,6513401707,4785730474,20,up,173.691,127.619,17.369,2.0539,0
2026-03-05 15:45:00,7438915756,4913908402,5,up,198.371,131.038,19.837,0.5207,0
2026-03-05 15:50:00,7888468466,5394668925,16,up,210.359,143.858,21.036,1.6689,0
2026-03-05 15:55:00,8165707921,5581968802,63,up,217.752,148.853,21.775,6.3545,0
2026-03-05 16:00:00,9814795785,6248083922,24,up,261.728,166.616,26.173,2.4007,0
2026-03-05 16:05:00,5475510791,5929270031,31,up,146.014,158.114,14.601,3.1958,0
2026-03-05 16:10:00,8047862030,5343987201,10,up,214.61,142.506,21.461,1.0247,0
2026-03-05 16:15:00,4199149490,5535011830,20,up,111.977,147.6,11.198,2.0885,1
2026-03-05 16:20:00,6972226366,5409632529,7,up,185.926,144.257,18.593,0.7381,0
2026-03-05 16:25:00,6942205084,5007608728,19,up,185.125,133.536,18.513,1.9045,0
2026-03-05 16:30:00,6682107296,5025625017,8,up,178.19,134.017,17.819,0.822,0
2026-03-05 16:35:00,9016072351,6318821626,19,up,240.429,168.502,24.043,1.952,0
2026-03-05 16:40:00,8258067594,4390988673,30,up,220.215,117.093,22.022,3.0757,0
2026-03-05 16:45:00,7520876380,6716717120,33,up,200.557,179.112,20.056,3.3144,0
2026-03-05 16:50:00,8715914177,5393478897,4,up,232.424,143.826,23.242,0.4499,0
2026-03-05 16:55:00,6138723931,5103556690,34,up,163.699,136.095,16.37,3.47,0
2026-03-05 17:00:00,6302365381,6124337521,27,up,168.063,163.316,16.806,2.7921,0
2026-03-05 17:05:00,5539829041,6627521194,0,up,147.729,176.734,14.773,0.0302,0
2026-03-05 17:10:00,6870526913,6379401898,1,up,183.214,170.117,18.321,0.1517,0
2026-03-05 17:15:00,7645528674,5963750133,25,up,203.881,159.033,20.388,2.5979,0
2026-03-05 17:20:00,7592572720,6358632855,12,up,202.469,169.564,20.247,1.2101,0
2026-03-05 17:25:00,7634407719,4466364135,3,up,203.584,119.103,20.358,0.3949,0
2026-03-05 17:30:00,6230048852,5272764384,1,up,166.135,140.607,16.613,0.1135,0
2026-03-05 17:35:00,8222839268,5009960209,4,up,219.276,133.599,21.928,0.4341,0
2026-03-05 17:40:00,7715664766,6451631143,78,up,205.751,172.043,20.575,7.8964,0
2026-03-05 17:45:00,8159748853,5366152337,32,up,217.593,143.097,21.759,3.2509,0
2026-03-05 17:50:00,5796514040,6195649425,18,up,154.574,165.217,15.457,1.8754,0
2026-03-05 17:55:00,7780341772,5986703436,70,up,207.476,159.645,20.748,7.0986,0
2026-03-05 18:00:00,6431011284,5042942818,24,up,171.494,134.478,17.149,2.4131,0
2026-03-05 18:05:00,7142409072,5228803208,32,up,190.464,139.435,19.046,3.2333,0
2026-03-05 18:10:00,7980928408,6498326941,8,up,212.825,173.289,21.282,0.8305,0
2026-03-05 18:15:00,7581984245,5101549212,22,up,202.186,136.041,20.219,2.2228,0
2026-03-05 18:20:00,6733614018,5709285636,3,up,179.563,152.248,17.956,0.3872,0
2026-03-05 18:25:00,7505645840,5096784631,12,up,200.151,135.914,20.015,1.2958,0
2026-03-05 18:30:00,6121618216,5413082273,0,up,163.243,144.349,16.324,0.0845,0
2026-03-05 18:35:00,8535240656,5593840687,6,up,227.606,149.169,22.761,0.6104,0
2026-03-05 18:40:00,7315244382,5096565105,1,up,195.073,135.908,19.507,0.1945,0
2026-03-05 18:45:00,8506694949,4976698306,12,up,226.845,132.712,22.685,1.2267,0
2026-03-05 18:50:00,7026121481,5818234502,46,up,187.363,155.153,18.736,4.6293,0
2026-03-05 18:55:00,7028781610,5054802249,11,up,187.434,134.795,18.743,1.1868,0
2026-03-05 19:00:00,6812231892,5077806149,44,up,181.66,135.408,18.166,4.4541,0
2026-03-05 19:05:00,8288556538,4991139128,26,up,221.028,133.097,22.103,2.6714,0
2026-03-05 19:10:00,6861511958,5572412068,17,up,182.974,148.598,18.297,1.781,0
2026-03-05 19:15:00,8080135889,6261998603,6,up,215.47,166.987,21.547,0.6759,0
2026-03-05 19:20:00,7155792842,6641906829,63,up,190.821,177.118,19.082,6.3826,0
2026-03-05 19:25:00,5721633030,5135005291,1,up,152.577,136.933,15.258,0.1393,0
2026-03-05 19:30:00,6986717338,7076459785,29,up,186.312,188.706,18.631,2.9192,0
2026-03-05 19:35:00,6438802607,4946824219,24,up,171.701,131.915,17.17,2.4271,0
2026-03-05 19:40:00,7530512451,6356395253,14,up,200.814,169.504,20.081,1.4542,0
2026-03-05 19:45:00,6428633037,5137854893,6,up,171.43,137.009,17.143,0.6871,0
2026-03-05 19:50:00,8333377590,5037126792,14,up,222.223,134.323,22.222,1.4084,0
2026-03-05 19:55:00,7418031725,5122289594,51,up,197.814,136.594,19.781,5.1545,0
2026-03-05 20:00:00,7340163604,5589597802,45,up,195.738,149.056,19.574,4.5314,0
2026-03-05 20:05:00,8090302924,6016481215,70,up,215.741,160.439,21.574,7.0918,0
2026-03-05 20:10:00,8367516240,6077160925,9,up,223.134,162.058,22.313,0.9197,0
2026-03-05 20:15:00,7481911123,4987810114,12,up,199.518,133.008,19.952,1.2239,0
2026-03-05 20:20:00,4083551838,4956979980,1,up,108.895,132.186,10.889,0.189,1
2026-03-05 20:25:00,5903427345,5006268881,71,up,157.425,133.501,15.742,7.1596,0
2026-03-05 20:30:00,6882555218,5549835778,9,up,183.535,147.996,18.353,0.9989,0
2026-03-05 20:35:00,6944508978,5483144967,12,up,185.187,146.217,18.519,1.2945,0
2026-03-05 20:40:00,7596351707,4983631563,59,up,202.569,132.897,20.257,5.9596,0
2026-03-05 20:45:00,7189367806,5806982493,18,up,191.716,154.853,19.172,1.8695,0
2026-03-05 20:50:00,8119139674,7152233945,20,up,216.51,190.726,21.651,2.0878,0
2026-03-05 20:55:00,6948315055,5284317063,4,up,185.288,140.915,18.529,0.4847,0
2026-03-05 21:00:00,7448662949,5332379520,17,up,198.631,142.197,19.863,1.7262,0
2026-03-05 21:05:00,8565588698,6002771559,62,up,228.416,160.074,22.842,6.259,0
2026-03-05 21:10:00,7807642692,5247799003,20,up,208.204,139.941,20.82,2.0452,0
2026-03-05 21:15:00,4467579727,6076551025,29,up,119.135,162.041,11.914,2.9453,1
2026-03-05 21:20:00,6958250002,5139983672,0,up,185.553,137.066,18.555,0.0792,0
2026-03-05 21:25:00,6930091742,6861680735,10,up,184.802,182.978,18.48,1.0248,0
2026-03-05 21:30:00,6734448072,5857723106,21,up,179.585,156.206,17.959,2.125,0
2026-03-05 21:35:00,7013093820,5206484509,1,up,187.016,138.84,18.702,0.1089,0
2026-03-05 21:40:00,8180099254,5227633102,23,up,218.136,139.404,21.814,2.3527,0
2026-03-05 21:45:00,7300300555,5278185166,18,up,194.675,140.752,19.467,1.8528,0
2026-03-05 21:50:00,6285204237,6551606024,38,up,167.605,174.709,16.761,3.8247,0
2026-03-05 21:55:00,9091352363,4768593069,0,up,242.436,127.162,24.244,0.0733,0
2026-03-05 22:00:00,7787968672,5174139372,37,up,207.679,137.977,20.768,3.795,0
2026-03-05 22:05:00,6233750939,5245879124,18,up,166.233,139.89,16.623,1.8395,0
2026-03-05 22:10:00,7102335965,5614410622,11,up,189.396,149.718,18.94,1.1572,0
2026-03-05 22:15:00,7599797744,5442000957,84,up,202.661,145.12,20.266,8.4085,0
2026-03-05 22:20:00,9034132883,4618421213,4,up,240.91,123.158,24.091,0.4362,0
2026-03-05 22:25:00,3901619272,5355119688,77,up,104.043,142.803,10.404,7.7941,1
2026-03-05 22:30:00,8378436647,5557803288,9,up,223.425,148.208,22.342,0.9678,0
2026-03-05 22:35:00,8759537784,5201033961,18,up,233.588,138.694,23.359,1.8742,0
2026-03-05 22:40:00,6934211125,6088573455,20,up,184.912,162.362,18.491,2.0089,0
2026-03-05 22:45:00,7250237743,6245600689,2,up,193.34,166.549,19.334,0.2343,0
2026-03-05 22:50:00,6567321677,5572088977,27,up,175.129,148.589,17.513,2.7054,0
2026-03-05 22:55:00,7316884973,5780615571,25,up,195.117,154.15,19.512,2.5161,0
2026-03-05 23:00:00,7467069023,4166287201,36,up,199.122,111.101,19.912,3.6684,0
2026-03-05 23:05:00,4856210998,5340755628,9,up,129.499,142.42,12.95,0.9503,1
2026-03-05 23:10:00,8481165123,6303254641,8,up,226.164,168.087,22.616,0.8819,0
2026-03-05 23:15:00,6826713541,5339180306,26,up,182.046,142.378,18.205,2.6253,0
2026-03-05 23:20:00,5729407442,5127348368,3,up,152.784,136.729,15.278,0.3676,0
2026-03-05 23:25:00,7480879698,7162440025,28,up,199.49,190.998,19.949,2.8299,0
2026-03-05 23:30:00,7764183776,6852877103,1,up,207.045,182.743,20.704,0.1521,0
2026-03-05 23:35:00,7724475918,5940613065,10,up,205.986,158.416,20.599,1.0197,0
2026-03-05 23:40:00,7205994077,6393764662,46,up,192.16,170.5,19.216,4.6886,0
2026-03-05 23:45:00,4567366133,4122493592,148,up,121.796,109.933,12.18,14.8851,1
2026-03-05 23:50:00,8863900327,5093402777,25,up,236.371,135.824,23.637,2.5874,0
2026-03-05 23:55:00,7843560752,5307778435,51,up,209.162,141.541,20.916,5.1094,0
2026-03-06 00:00:00,7163968417,5465713433,30,up,191.039,145.752,19.104,3.0884,0
2026-03-06 00:05:00,7049821964,5294287785,18,up,187.995,141.181,18.8,1.8317,0
2026-03-06 00:10:00,7347132878,3903732253,97,up,195.924,104.1,19.592,9.745,0
2026-03-06 00:15:00,8973065965,5885566617,29,up,239.282,156.948,23.928,2.9674,0
2026-03-06 00:20:00,7335029361,5991966536,22,up,195.601,159.786,19.56,2.2993,0
2026-03-06 00:25:00,7482185089,6706281684,13,up,199.525,178.834,19.952,1.3143,0
2026-03-06 00:30:00,7065917786,5092891246,58,up,188.424,135.81,18.842,5.8175,0
2026-03-06 00:35:00,8489085021,5037639868,8,up,226.376,134.337,22.638,0.8764,0
2026-03-06 00:40:00,9263853529,3816010471,0,up,247.036,101.76,24.704,0.0232,0
2026-03-06 00:45:00,7905551744,5426842385,5,up,210.815,144.716,21.081,0.5477,0
2026-03-06 00:50:00,7574495613,6233250452,2,up,201.987,166.22,20.199,0.29,0
2026-03-06 00:55:00,7533104549,5212056693,9,up,200.883,138.988,20.088,0.9605,0
2026-03-06 01:00:00,5354123890,7071825252,43,up,142.777,188.582,14.278,4.37,0
2026-03-06 01:05:00,8170635777,5451798485,26,up,217.884,145.381,21.788,2.6355,0
2026-03-06 01:10:00,7620749774,5724219791,4,up,203.22,152.646,20.322,0.4628,0
2026-03-06 01:15:00,7885507845,4704905420,38,up,210.28,125.464,21.028,3.8876,0
2026-03-06 01:20:00,6859684025,5818873732,17,up,182.925,155.17,18.292,1.7541,0
2026-03-06 01:25:00,7153988808,4288959138,17,up,190.773,114.372,19.077,1.7973,0
2026-03-06 01:30:00,7130077557,6093246119,11,up,190.135,162.487,19.014,1.124,0
2026-03-06 01:35:00,5051676411,6113989018,199,up,134.711,163.04,13.471,19.9964,1
2026-03-06 01:40:00,7159116147,6542521711,9,up,190.91,174.467,19.091,0.958,0
2026-03-06 01:45:00,9374394289,4936521114,2,up,249.984,131.641,24.998,0.2472,0
2026-03-06 01:50:00,7887776177,5733379429,9,up,210.341,152.89,21.034,0.9015,0
2026-03-06 01:55:00,6351885606,6005576177,31,up,169.384,160.149,16.938,3.1413,0
2026-03-06 02:00:00,7384308336,5923540105,26,up,196.915,157.961,19.691,2.6793,0
2026-03-06 02:05:00,6913492390,5040922989,5,up,184.36,134.425,18.436,0.5207,0
2026-03-06 02:10:00,5525055777,4010412224,2,up,147.335,106.944,14.733,0.2964,0
2026-03-06 02:15:00,8939523846,5859198200,27,up,238.387,156.245,23.839,2.7034,0
2026-03-06 02:20:00,8132828287,5522062717,28,up,216.875,147.255,21.688,2.8204,0
2026-03-06 02:25:00,7979886586,5242497349,11,up,212.797,139.8,21.28,1.1399,0
2026-03-06 02:30:00,7648863294,6140663120,46,up,203.97,163.751,20.397,4.6256,0
2026-03-06 02:35:00,6256184188,5594679311,95,up,166.832,149.191,16.683,9.5652,0
2026-03-06 02:40:00,7064744574,4734543339,5,up,188.393,126.254,18.839,0.5756,0
2026-03-06 02:45:00,8257602697,4321269704,21,up,220.203,115.234,22.02,2.1514,0
2026-03-06 02:50:00,6553901973,4862949796,0,up,174.771,129.679,17.477,0.0134,0
2026-03-06 02:55:00,5221407615,7240283298,31,up,139.238,193.074,13.924,3.1212,0
2026-03-06 03:00:00,7295604592,6112874322,13,up,194.549,163.01,19.455,1.3373,0
2026-03-06 03:05:00,7372418201,5752313330,5,up,196.598,153.395,19.66,0.5369,0
2026-03-06 03:10:00,7622007074,5502378874,34,up,203.254,146.73,20.325,3.4881,0
2026-03-06 03:15:00,8155666779,5458009765,41,up,217.484,145.547,21.748,4.1604,0
2026-03-06 03:20:00,8073845231,6412857288,2,up,215.303,171.01,21.53,0.2946,0
2026-03-06 03:25:00,7732892824,5293847874,1,up,206.21,141.169,20.621,0.1046,0
2026-03-06 03:30:00,8575978249,6014421277,10,up,228.693,160.385,22.869,1.0165,0
2026-03-06 03:35:00,6132927197,5389811133,24,up,163.545,143.728,16.354,2.4587,0
2026-03-06 03:40:00,7954123633,6934605726,39,up,212.11,184.923,21.211,3.9427,0
2026-03-06 03:45:00,8063884527,6126044742,19,up,215.037,163.361,21.504,1.9745,0
2026-03-06 03:50:00,6384393942,6465750849,21,up,170.251,172.42,17.025,2.1732,0
2026-03-06 03:55:00,6147416452,5230523402,40,up,163.931,139.481,16.393,4.0218,0
2026-03-06 04:00:00,6828652086,6339241875,18,up,182.097,169.046,18.21,1.8814,0
2026-03-06 04:05:00,6904612701,5414010237,23,up,184.123,144.374,18.412,2.3614,0
2026-03-06 04:10:00,8178077517,5699273506,18,up,218.082,151.981,21.808,1.8153,0
2026-03-06 04:15:00,6946915094,6728657177,53,up,185.251,179.431,18.525,5.3102,0
2026-03-06 04:20:00,6729286333,4921126836,6,up,179.448,131.23,17.945,0.6714,0
2026-03-06 04:25:00,6949529636,5762192218,7,up,185.321,153.658,18.532,0.7663,0
2026-03-06 04:30:00,8506769100,5920653549,3,up,226.847,157.884,22.685,0.3423,0
2026-03-06 04:35:00,7511739036,5976002957,42,up,200.313,159.36,20.031,4.2796,0
2026-03-06 04:40:00,7338674077,5320720467,13,up,195.698,141.886,19.57,1.3266,0
2026-03-06 04:45:00,4440597030,7033228268,42,up,118.416,187.553,11.842,4.2755,1
2026-03-06 04:50:00,8662854300,4750920977,99,up,231.009,126.691,23.101,9.9546,0
2026-03-06 04:55:00,6825745446,6609747637,65,up,182.02,176.26,18.202,6.5365,0
2026-03-06 05:00:00,8683957461,6445169283,89,up,231.572,171.871,23.157,8.9378,0
2026-03-06 05:05:00,7689446669,6908099932,3,up,205.052,184.216,20.505,0.3837,0
2026-03-06 05:10:00,7355622556,4552946708,55,up,196.15,121.412,19.615,5.5468,0
2026-03-06 05:15:00,9750810448,5038538745,9,up,260.022,134.361,26.002,0.9964,0
2026-03-06 05:20:00,6549924459,6632061564,0,up,174.665,176.855,17.466,0.0318,0
2026-03-06 05:25:00,7181682816,4357998570,12,up,191.512,116.213,19.151,1.2411,0
2026-03-06 05:30:00,6390811884,4540640241,17,up,170.422,121.084,17.042,1.7793,0
2026-03-06 05:35:00,8357215773,5295392243,2,up,222.859,141.21,22.286,0.2863,0
2026-03-06 05:40:00,9020270040,5754595807,19,up,240.541,153.456,24.054,1.9287,0
2026-03-06 05:45:00,9002930503,6699751924,42,up,240.078,178.66,24.008,4.2796,0
2026-03-06 05:50:00,8601553877,5499945507,11,up,229.375,146.665,22.937,1.1856,0
2026-03-06 05:55:00,7322141578,5214438575,10,up,195.257,139.052,19.526,1.0872,0
2026-03-06 06:00:00,7171283120,5835188207,10,up,191.234,155.605,19.123,1.0343,0
2026-03-06 06:05:00,5995947204,5941977626,64,up,159.892,158.453,15.989,6.4129,0
2026-03-06 06:10:00,9332286181,5922836879,1,up,248.861,157.942,24.886,0.125,0
2026-03-06 06:15:00,7922080270,5504859309,14,up,211.255,146.796,21.126,1.4723,0
2026-03-06 06:20:00,7057238785,4305316873,7,up,188.193,114.808,18.819,0.7683,0
2026-03-06 06:25:00,8695251200,5005609207,56,up,231.873,133.483,23.187,5.6062,0
2026-03-06 06:30:00,6624511934,6583682982,2,up,176.654,175.565,17.665,0.2525,0
2026-03-06 06:35:00,4719575898,5751271533,53,up,125.855,153.367,12.586,5.3008,1
2026-03-06 06:40:00,7344633779,5407297569,13,up,195.857,144.195,19.586,1.3056,0
2026-03-06 06:45:00,8074809425,6379763770,54,up,215.328,170.127,21.533,5.482,0
2026-03-06 06:50:00,7442783814,4862171273,6,up,198.474,129.658,19.847,0.6068,0
2026-03-06 06:55:00,6194164897,5472890009,25,up,165.178,145.944,16.518,2.5884,0
2026-03-06 07:00:00,7568018735,5717986923,3,up,201.814,152.48,20.181,0.3608,0
2026-03-06 07:05:00,8443977727,5327070185,76,up,225.173,142.055,22.517,7.6965,0
2026-03-06 07:10:00,7473705234,5693014905,22,up,199.299,151.814,19.93,2.2474,0
2026-03-06 07:15:00,8197603609,5498306596,24,up,218.603,146.622,21.86,2.4605,0
2026-03-06 07:20:00,6559023462,4680443442,14,up,174.907,124.812,17.491,1.4219,0
2026-03-06 07:25:00,7476365286,5747497570,10,up,199.37,153.267,19.937,1.0475,0
2026-03-06 07:30:00,6937940590,4728362540,5,up,185.012,126.09,18.501,0.5978,0
2026-03-06 07:35:00,8172282756,5736790209,23,up,217.928,152.981,21.793,2.3158,0
2026-03-06 07:40:00,7528342406,6552541681,77,up,200.756,174.734,20.076,7.7285,0
2026-03-06 07:45:00,8121066308,5435309341,11,up,216.562,144.942,21.656,1.1149,0
2026-03-06 07:50:00,8478939383,4834248887,53,up,226.105,128.913,22.611,5.3673,0
2026-03-06 07:55:00,8122456717,5539283226,4,up,216.599,147.714,21.66,0.4027,0
2026-03-06 08:00:00,7745806590,5063419502,68,up,206.555,135.025,20.655,6.8771,0
2026-03-06 08:05:00,6601608967,6026293576,10,up,176.043,160.701,17.604,1.0788,0
2026-03-06 08:10:00,7497492500,5525107595,11,up,199.933,147.336,19.993,1.194,0
2026-03-06 08:15:00,7020218638,6779090194,15,up,187.206,180.776,18.721,1.5537,0
2026-03-06 08:20:00,7190342438,6410017977,31,up,191.742,170.934,19.174,3.1668,0
2026-03-06 08:25:00,7162919264,5521670659,31,up,191.011,147.245,19.101,3.1793,0
2026-03-06 08:30:00,6618066982,6108036120,16,up,176.482,162.881,17.648,1.6328,0
2026-03-06 08:35:00,5738395269,5359565423,18,up,153.024,142.922,15.302,1.8514,0
2026-03-06 08:40:00,6898671256,5647920897,0,up,183.965,150.611,18.396,0.0762,0
2026-03-06 08:45:00,7674041506,5381031917,9,up,204.641,143.494,20.464,0.9071,0
2026-03-06 08:50:00,6286640659,6142357772,10,up,167.644,163.796,16.764,1.0617,0
2026-03-06 08:55:00,7514114012,6592267086,20,up,200.376,175.794,20.038,2.0452,0
2026-03-06 09:00:00,9210241581,6164087539,20,up,245.606,164.376,24.561,2.0428,0
2026-03-06 09:05:00,8420750899,6247307205,30,up,224.553,166.595,22.455,3.0938,0
2026-03-06 09:10:00,8979187358,6248047570,31,up,239.445,166.615,23.944,3.156,0
2026-03-06 09:15:00,7852015089,5997097747,6,up,209.387,159.923,20.939,0.6704,0
2026-03-06 09:20:00,8550758840,4855981842,36,up,228.02,129.493,22.802,3.6762,0
2026-03-06 09:25:00,6848431742,6773155775,0,up,182.625,180.617,18.262,0.0495,0
2026-03-06 09:30:00,6920093759,6842977308,31,up,184.536,182.479,18.454,3.1484,0
2026-03-06 09:35:00,5034773814,5467131267,2,up,134.261,145.79,13.426,0.2691,0
2026-03-06 09:40:00,8567530926,5374778907,32,up,228.467,143.327,22.847,3.2701,0
2026-03-06 09:45:00,8886291581,6038377865,18,up,236.968,161.023,23.697,1.8723,0
2026-03-06 09:50:00,7002140479,5996798663,14,up,186.724,159.915,18.672,1.4373,0
2026-03-06 09:55:00,7271443464,5488686403,29,up,193.905,146.365,19.391,2.9333,0
2026-03-06 10:00:00,6821524097,4781232682,0,up,181.907,127.5,18.191,0.0926,0
2026-03-06 10:05:00,7844388196,5831348303,6,up,209.184,155.503,20.918,0.6323,0
2026-03-06 10:10:00,8512439290,5997219663,23,up,226.998,159.926,22.7,2.3956,0
2026-03-06 10:15:00,5931505223,6114929274,46,up,158.173,163.065,15.817,4.6968,0
2026-03-06 10:20:00,7868494677,5860772621,11,up,209.827,156.287,20.983,1.1996,0
2026-03-06 10:25:00,7250995405,5441997274,7,up,193.36,145.12,19.336,0.7486,0
2026-03-06 10:30:00,7602054952,6295951376,18,up,202.721,167.892,20.272,1.8284,0
2026-03-06 10:35:00,7913094601,5669447735,24,up,211.016,151.185,21.102,2.4342,0
2026-03-06 10:40:00,7330617805,5311176965,13,up,195.483,141.631,19.548,1.3623,0
2026-03-06 10:45:00,4444063099,5503058967,209,up,118.508,146.748,11.851,20.9322,1
2026-03-06 10:50:00,7307512349,4446470903,18,up,194.867,118.573,19.487,1.8529,0
2026-03-06 10:55:00,8373284581,5501986768,0,up,223.288,146.72,22.329,0.0912,0
2026-03-06 11:00:00,7876883964,6089694650,6,up,210.05,162.392,21.005,0.631,0
2026-03-06 11:05:00,7698525183,5854353539,14,up,205.294,156.116,20.529,1.4975,0
2026-03-06 11:10:00,6356143451,6651448316,29,up,169.497,177.372,16.95,2.991,0
2026-03-06 11:15:00,7159278231,5447491933,6,up,190.914,145.266,19.091,0.6204,0
2026-03-06 11:20:00,8308802244,5953936385,93,up,221.568,158.772,22.157,9.3512,0
2026-03-06 11:25:00,7533926915,6160099619,9,up,200.905,164.269,20.09,0.9589,0
2026-03-06 11:30:00,8093578322,7206428480,19,up,215.829,192.171,21.583,1.9008,0
2026-03-06 11:35:00,9089860620,5722716706,0,up,242.396,152.606,24.24,0.0479,0
2026-03-06 11:40:00,8434745462,4920173654,54,up,224.927,131.205,22.493,5.4047,0
2026-03-06 11:45:00,7583842503,6197351908,38,up,202.236,165.263,20.224,3.8878,0
2026-03-06 11:50:00,7040109746,6884365965,5,up,187.736,183.583,18.774,0.5437,0
2026-03-06 11:55:00,5201805363,5407279620,67,up,138.715,144.194,13.871,6.7665,0
2026-03-06 12:00:00,7348453569,6192730038,9,up,195.959,165.139,19.596,0.9489,0
2026-03-06 12:05:00,7206588753,6454391437,29,up,192.176,172.117,19.218,2.9457,0
2026-03-06 12:10:00,7851329574,6311519242,42,up,209.369,168.307,20.937,4.2728,0
2026-03-06 12:15:00,7361485295,5709752002,33,up,196.306,152.26,19.631,3.3765,0
2026-03-06 12:20:00,7211653446,5153530213,62,up,192.311,137.427,19.231,6.2399,0
2026-03-06 12:25:00,5898540962,5570136305,49,up,157.294,148.537,15.729,4.9928,0
2026-03-06 12:30:00,6654028953,5934555306,130,up,177.441,158.255,17.744,13.0587,0
2026-03-06 12:35:00,7928985936,6238050203,5,up,211.44,166.348,21.144,0.5041,0
2026-03-06 12:40:00,9044316868,5850412907,9,up,241.182,156.011,24.118,0.9088,0
2026-03-06 12:45:00,4447336292,5368562122,101,up,118.596,143.162,11.86,10.1122,1
2026-03-06 12:50:00,7795029966,5999881267,33,up,207.867,159.997,20.787,3.3017,0
2026-03-06 12:55:00,8357230341,6205557420,19,up,222.859,165.482,22.286,1.9122,0
2026-03-06 13:00:00,6770195457,5881236788,1,up,180.539,156.833,18.054,0.192,0
2026-03-06 13:05:00,7830132638,5060573697,46,up,208.804,134.949,20.88,4.6065,0
2026-03-06 13:10:00,6833558904,5502550926,81,up,182.228,146.735,18.223,8.1024,0
2026-03-06 13:15:00,8278341994,6264779024,13,up,220.756,167.061,22.076,1.3002,0
2026-03-06 13:20:00,7636262743,4691462979,6,up,203.634,125.106,20.363,0.6366,0
2026-03-06 13:25:00,7768606632,4212104834,0,up,207.163,112.323,20.716,0.0488,0
2026-03-06 13:30:00,6795661262,6642955923,6,up,181.218,177.145,18.122,0.6772,0
2026-03-06 13:35:00,8136329123,5970205297,30,up,216.969,159.205,21.697,3.0093,0
2026-03-06 13:40:00,9376241629,6034542751,60,up,250.033,160.921,25.003,6.0644,0
2026-03-06 13:45:00,6592879474,4898148542,2,up,175.81,130.617,17.581,0.2454,0
2026-03-06 13:50:00,7194216893,6122831442,20,up,191.846,163.276,19.185,2.0144,0
2026-03-06 13:55:00,7708446726,5810792864,29,up,205.559,154.954,20.556,2.973,0
2026-03-06 14:00:00,8207765590,4555578884,8,up,218.874,121.482,21.887,0.8087,0
2026-03-06 14:05:00,6996408343,6586391304,21,up,186.571,175.637,18.657,2.1093,0
2026-03-06 14:10:00,4950272738,5732111243,31,up,132.007,152.856,13.201,3.1403,0
2026-03-06 14:15:00,8723270544,5357643322,45,up,232.621,142.87,23.262,4.5461,0
2026-03-06 14:20:00,8184455507,5369856921,15,up,218.252,143.196,21.825,1.506,0
2026-03-06 14:25:00,5931347222,4264725213,34,up,158.169,113.726,15.817,3.4444,0
2026-03-06 14:30:00,6953188087,6025502204,8,up,185.418,160.68,18.542,0.8981,0
2026-03-06 14:35:00,5346818511,5801753614,23,up,142.582,154.713,14.258,2.3959,1
2026-03-06 14:40:00,8803016776,5493995910,5,up,234.747,146.507,23.475,0.5185,0
2026-03-06 14:45:00,8344776020,6487977515,11,up,222.527,173.013,22.253,1.1113,0
2026-03-06 14:50:00,7341498809,4690895162,0,up,195.773,125.091,19.577,0.0913,0
2026-03-06 14:55:00,7574688676,5222178578,8,up,201.992,139.258,20.199,0.8317,0
2026-03-06 15:00:00,7382166775,5051244428,26,up,196.858,134.7,19.686,2.6405,0
2026-03-06 15:05:00,8515415804,5436813388,26,up,227.078,144.982,22.708,2.6097,0
2026-03-06 15:10:00,6711741834,5670542267,1,up,178.98,151.214,17.898,0.191,0
2026-03-06 15:15:00,6774780310,5915259128,8,up,180.661,157.74,18.066,0.8471,0
2026-03-06 15:20:00,8409247128,5390792919,21,up,224.247,143.754,22.425,2.1074,0
2026-03-06 15:25:00,7460074690,5032784878,9,up,198.935,134.208,19.894,0.9588,0
2026-03-06 15:30:00,8740620619,6763054691,13,up,233.083,180.348,23.308,1.3532,0
2026-03-06 15:35:00,6895639013,7252857129,31,up,183.884,193.41,18.388,3.119,0
2026-03-06 15:40:00,7450699475,5721718503,0,up,198.685,152.579,19.869,0.0233,0
2026-03-06 15:45:00,6669828313,5114173252,8,up,177.862,136.378,17.786,0.8088,0
2026-03-06 15:50:00,7506626413,6620931538,3,up,200.177,176.558,20.018,0.384,0
2026-03-06 15:55:00,6169307756,4648438953,3,up,164.515,123.958,16.451,0.3413,0
2026-03-06 16:00:00,7061129921,5399028005,79,up,188.297,143.974,18.83,7.9879,0
2026-03-06 16:05:00,6207371521,5155120990,11,up,165.53,137.47,16.553,1.1813,0
2026-03-06 16:10:00,8124530909,4842313503,18,up,216.654,129.128,21.665,1.8721,0
2026-03-06 16:15:00,8144930405,5435983642,33,up,217.198,144.96,21.72,3.309,0
2026-03-06 16:20:00,5942763542,5041683846,1,up,158.474,134.445,15.847,0.1215,0
2026-03-06 16:25:00,8700497170,5633541763,6,up,232.013,150.228,23.201,0.6895,0
2026-03-06 16:30:00,9747673613,5643344588,44,up,259.938,150.489,25.994,4.4617,0
2026-03-06 16:35:00,7541405748,5205601086,49,up,201.104,138.816,20.11,4.9511,0
2026-03-06 16:40:00,6922997165,5374903484,11,up,184.613,143.331,18.461,1.1668,0
2026-03-06 16:45:00,10041897531,5469176946,11,up,267.784,145.845,26.778,1.1745,0
2026-03-06 16:50:00,6312928351,6171646091,35,up,168.345,164.577,16.834,3.5357,0
2026-03-06 16:55:00,7518095820,5524810154,8,up,200.483,147.328,20.048,0.8741,0
2026-03-06 17:00:00,7661660045,6181673675,3,up,204.311,164.845,20.431,0.3113,0
2026-03-06 17:05:00,8710632858,6020423763,7,up,232.284,160.545,23.228,0.7445,0
2026-03-06 17:10:00,7823765077,6010783220,12,up,208.634,160.288,20.863,1.2249,0
2026-03-06 17:15:00,7051229493,6561796029,1,up,188.033,174.981,18.803,0.134,0
2026-03-06 17:20:00,6643934066,4869411156,16,up,177.172,129.851,17.717,1.6285,0
2026-03-06 17:25:00,7192360361,5305601403,33,up,191.796,141.483,19.18,3.3678,0
2026-03-06 17:30:00,6593765375,6815226690,18,up,175.834,181.739,17.583,1.8026,0
2026-03-06 17:35:00,7543042787,5451311362,1,up,201.148,145.368,20.115,0.1865,0
2026-03-06 17:40:00,6992223438,3724791509,14,up,186.459,99.328,18.646,1.4502,0
2026-03-06 17:45:00,6155365986,5487996368,30,up,164.143,146.347,16.414,3.0853,0
2026-03-06 17:50:00,8629631209,5716084182,1,up,230.123,152.429,23.012,0.1496,0
2026-03-06 17:55:00,7052094728,3858448645,1,up,188.056,102.892,18.806,0.1543,0
2026-03-06 18:00:00,6358676875,6525406556,11,up,169.565,174.011,16.956,1.1575,0
2026-03-06 18:05:00,7348566778,5143244086,5,up,195.962,137.153,19.596,0.5422,0
2026-03-06 18:10:00,7561534409,5846780102,68,up,201.641,155.914,20.164,6.825,0
2026-03-06 18:15:00,5928179946,5472462456,21,up,158.085,145.932,15.808,2.1768,0
2026-03-06 18:20:00,7798482900,4755362792,8,up,207.96,126.81,20.796,0.8468,0
2026-03-06 18:25:00,6557558188,4902407009,30,up,174.868,130.731,17.487,3.0501,0
2026-03-06 18:30:00,9039925928,4993819085,11,up,241.065,133.169,24.106,1.1747,0
2026-03-06 18:35:00,7971564460,6357828538,3,up,212.575,169.542,21.258,0.3542,0
2026-03-06 18:40:00,7140090008,5525411723,6,up,190.402,147.344,19.04,0.677,0
2026-03-06 18:45:00,6829349006,5272740776,25,up,182.116,140.606,18.212,2.5733,0
2026-03-06 18:50:00,4443317437,4994138984,5,up,118.488,133.177,11.849,0.5327,1
2026-03-06 18:55:00,8051511667,6432401399,7,up,214.707,171.531,21.471,0.796,0
2026-03-06 19:00:00,7477055284,6613335858,5,up,199.388,176.356,19.939,0.584,0
2026-03-06 19:05:00,7304557073,6424702131,5,up,194.788,171.325,19.479,0.5614,0
2026-03-06 19:10:00,7552533261,5957395203,28,up,201.401,158.864,20.14,2.8703,0
2026-03-06 19:15:00,6956526961,5820635278,43,up,185.507,155.217,18.551,4.3691,0
2026-03-06 19:20:00,7191114665,4804241972,31,up,191.763,128.113,19.176,3.1458,0
2026-03-06 19:25:00,5622786804,5459072089,25,up,149.941,145.575,14.994,2.5942,0
2026-03-06 19:30:00,8376353607,5163394362,62,up,223.369,137.691,22.337,6.2058,0
2026-03-06 19:35:00,7768918002,4392779326,1,up,207.171,117.141,20.717,0.1504,0
2026-03-06 19:40:00,6803889740,6338504307,4,up,181.437,169.027,18.144,0.4583,0
2026-03-06 19:45:00,9208861483,5155314786,13,up,245.57,137.475,24.557,1.3378,0
2026-03-06 19:50:00,7578314832,6432260787,11,up,202.088,171.527,20.209,1.1648,0
2026-03-06 19:55:00,6567470785,6220178820,13,up,175.133,165.871,17.513,1.3534,0
2026-03-06 20:00:00,8271063679,6000784634,5,up,220.562,160.021,22.056,0.5781,0
2026-03-06 20:05:00,7858243394,6038696748,4,up,209.553,161.032,20.955,0.4048,0
2026-03-06 20:10:00,7855121986,5209663129,17,up,209.47,138.924,20.947,1.7793,0
2026-03-06 20:15:00,7116819955,6879048852,65,up,189.782,183.441,18.978,6.5795,0
2026-03-06 20:20:00,7905446151,5654109665,12,up,210.812,150.776,21.081,1.2438,0
2026-03-06 20:25:00,7264417538,5828803887,1,up,193.718,155.435,19.372,0.1108,0
2026-03-06 20:30:00,8000347306,5186873474,30,up,213.343,138.317,21.334,3.0619,0
2026-03-06 20:35:00,5785549991,4996463448,8,up,154.281,133.239,15.428,0.8601,0
2026-03-06 20:40:00,7109513883,5947174805,7,up,189.587,158.591,18.959,0.7029,0
2026-03-06 20:45:00,9049939588,5771821609,9,up,241.332,153.915,24.133,0.9799,0
2026-03-06 20:50:00,6809639290,5092187153,32,up,181.59,135.792,18.159,3.2167,0
2026-03-06 20:55:00,6956545532,4654061964,42,up,185.508,124.108,18.551,4.2707,0
2026-03-06 21:00:00,7096834795,4767801916,22,up,189.249,127.141,18.925,2.2172,0
2026-03-06 21:05:00,6406674477,6432390259,9,up,170.845,171.53,17.084,0.9733,0
2026-03-06 21:10:00,5512547301,5211053675,9,up,147.001,138.961,14.7,0.9294,0
2026-03-06 21:15:00,7292472241,5396236731,3,up,194.466,143.9,19.447,0.3319,0
2026-03-06 21:20:00,7622273481,6603979674,67,up,203.261,176.106,20.326,6.7689,0
2026-03-06 21:25:00,7452745438,4867548370,25,up,198.74,129.801,19.874,2.5412,0
2026-03-06 21:30:00,7369609294,5134278492,0,up,196.523,136.914,19.652,0.0684,0
2026-03-06 21:35:00,7538736783,5106082390,27,up,201.033,136.162,20.103,2.7145,0
2026-03-06 21:40:00,8420557324,6717196224,14,up,224.548,179.125,22.455,1.4817,0
2026-03-06 21:45:00,7328598432,6970533862,89,up,195.429,185.881,19.543,8.9892,0
2026-03-06 21:50:00,6983325680,6132305177,42,up,186.222,163.528,18.622,4.2741,0
2026-03-06 21:55:00,7246987063,6153784688,4,up,193.253,164.101,19.325,0.4698,0
2026-03-06 22:00:00,8021412083,5233260373,31,up,213.904,139.554,21.39,3.1834,0
2026-03-06 22:05:00,5262494514,6939446728,66,up,140.333,185.052,14.033,6.6469,1
2026-03-06 22:10:00,6934670634,5805694971,5,up,184.925,154.819,18.492,0.5177,0
2026-03-06 22:15:00,7589040408,6200849428,29,up,202.374,165.356,20.237,2.9995,0
2026-03-06 22:20:00,7804521697,5553770666,19,up,208.121,148.101,20.812,1.9818,0
2026-03-06 22:25:00,6606679793,5444078003,0,up,176.178,145.175,17.618,0.0771,0
2026-03-06 22:30:00,7518375450,6747553525,26,up,200.49,179.935,20.049,2.6003,0
2026-03-06 22:35:00,6180893528,5989313483,25,up,164.824,159.715,16.482,2.5196,0
2026-03-06 22:40:00,5907854726,6604678436,3,up,157.543,176.125,15.754,0.389,0
2026-03-06 22:45:00,7830071767,5797346515,10,up,208.802,154.596,20.88,1.0731,0
2026-03-06 22:50:00,7154512732,5052352587,22,up,190.787,134.729,19.079,2.2041,0
2026-03-06 22:55:00,7682052366,5231243520,3,up,204.855,139.5,20.485,0.3735,0
2026-03-06 23:00:00,7483894520,5694501538,47,up,199.571,151.853,19.957,4.7886,0
2026-03-06 23:05:00,6621239956,5202112354,0,up,176.566,138.723,17.657,0.0697,0
2026-03-06 23:10:00,7459271128,4877463549,2,up,198.914,130.066,19.891,0.2713,0
2026-03-06 23:15:00,6390208825,6435956496,3,up,170.406,171.626,17.041,0.3085,0
2026-03-06 23:20:00,8751875122,5257212702,18,up,233.383,140.192,23.338,1.8775,0
2026-03-06 23:25:00,6279626689,5718280104,24,up,167.457,152.487,16.746,2.4197,0
2026-03-06 23:30:00,7323793256,5824890173,12,up,195.301,155.33,19.53,1.2927,0
2026-03-06 23:35:00,6561955570,5227996640,8,up,174.985,139.413,17.499,0.8515,0
2026-03-06 23:40:00,8013379056,6604289639,41,up,213.69,176.114,21.369,4.1429,0
2026-03-06 23:45:00,7201711765,4870929311,1,up,192.046,129.891,19.205,0.1768,0
2026-03-06 23:50:00,7033199952,5801597052,8,up,187.552,154.709,18.755,0.8223,0
2026-03-06 23:55:00,8267881390,5791129451,0,up,220.477,154.43,22.048,0.0998,0
2026-03-07 00:00:00,7526487532,5588378143,0,up,200.706,149.023,20.071,0.035,0
2026-03-07 00:05:00,4778988000,4749583986,43,up,127.44,126.656,12.744,4.36,1
2026-03-07 00:10:00,6616806657,6212801847,5,up,176.448,165.675,17.645,0.5417,0
2026-03-07 00:15:00,3741398850,6126869702,31,up,99.771,163.383,9.977,3.1247,1
2026-03-07 00:20:00,7596487165,5168991243,43,up,202.573,137.84,20.257,4.3002,0
2026-03-07 00:25:00,7213038280,6102553864,4,up,192.348,162.735,19.235,0.4448,0
2026-03-07 00:30:00,8063791205,5878062688,37,up,215.034,156.748,21.503,3.788,0
2026-03-07 00:35:00,7428082392,4760586801,28,up,198.082,126.949,19.808,2.8102,0
2026-03-07 00:40:00,4610740683,5048597982,39,up,122.953,134.629,12.295,3.9519,1
2026-03-07 00:45:00,6038955723,6393339975,19,up,161.039,170.489,16.104,1.9772,0
2026-03-07 00:50:00,9199593245,5833855924,14,up,245.322,155.569,24.532,1.4694,0
2026-03-07 00:55:00,7352182213,5244095511,3,up,196.058,139.843,19.606,0.3435,0
2026-03-07 01:00:00,8127828273,5045528773,59,up,216.742,134.547,21.674,5.9429,0
2026-03-07 01:05:00,6747517496,5277109186,21,up,179.934,140.723,17.993,2.1077,0
2026-03-07 01:10:00,7777208911,5324976317,53,up,207.392,141.999,20.739,5.3057,0
2026-03-07 01:15:00,6327439712,5053974952,43,up,168.732,134.773,16.873,4.3407,0
2026-03-07 01:20:00,7906861054,4449309224,2,up,210.85,118.648,21.085,0.2078,0
2026-03-07 01:25:00,7179623324,6394508968,5,up,191.457,170.52,19.146,0.5807,0
2026-03-07 01:30:00,7526271453,6280177729,3,up,200.701,167.471,20.07,0.3924,0
2026-03-07 01:35:00,8128176627,4765552570,44,up,216.751,127.081,21.675,4.4414,0
2026-03-07 01:40:00,6390713719,5717010124,49,up,170.419,152.454,17.042,4.9594,0
2026-03-07 01:45:00,6883957442,5015989213,18,up,183.572,133.76,18.357,1.8768,0
2026-03-07 01:50:00,7911591852,5448442124,2,up,210.976,145.292,21.098,0.275,0
2026-03-07 01:55:00,9388399327,5392282558,3,up,250.357,143.794,25.036,0.3643,0
2026-03-07 02:00:00,7375725898,5336211904,41,up,196.686,142.299,19.669,4.199,0
2026-03-07 02:05:00,8032022506,6976989281,66,up,214.187,186.053,21.419,6.6194,0
2026-03-07 02:10:00,7403725677,5327780162,5,up,197.433,142.074,19.743,0.5562,0
2026-03-07 02:15:00,9248021035,5079421918,0,up,246.614,135.451,24.661,0.028,0
2026-03-07 02:20:00,5927500499,5110257535,10,up,158.067,136.274,15.807,1.0048,0
2026-03-07 02:25:00,7585158940,6329549445,0,up,202.271,168.788,20.227,0.0774,0
2026-03-07 02:30:00,6037010369,4509830926,44,up,160.987,120.262,16.099,4.4003,0
2026-03-07 02:35:00,5244085586,5110229531,16,up,139.842,136.273,13.984,1.6908,0
2026-03-07 02:40:00,7767715847,6601605417,25,up,207.139,176.043,20.714,2.5671,0
2026-03-07 02:45:00,7625548016,5789690676,13,up,203.348,154.392,20.335,1.3254,0
2026-03-07 02:50:00,7243646756,5754547353,10,up,193.164,153.455,19.316,1.0597,0
2026-03-07 02:55:00,7404425318,7064198860,6,up,197.451,188.379,19.745,0.6282,0
2026-03-07 03:00:00,10288469490,5791284868,36,up,274.359,154.434,27.436,3.68,0
2026-03-07 03:05:00,7267642375,5146974341,29,up,193.804,137.253,19.38,2.9731,0
2026-03-07 03:10:00,7959111925,5434597986,11,up,212.243,144.923,21.224,1.1186,0
2026-03-07 03:15:00,6915571662,4858583191,9,up,184.415,129.562,18.442,0.9683,0
2026-03-07 03:20:00,4659425590,6472757502,0,up,124.251,172.607,12.425,0.0124,1
2026-03-07 03:25:00,4371353815,6012829159,6,up,116.569,160.342,11.657,0.6566,1
2026-03-07 03:30:00,7130533365,6383979551,24,up,190.148,170.239,19.015,2.4405,0
2026-03-07 03:35:00,9137008678,6443764151,18,up,243.654,171.834,24.365,1.807,0
2026-03-07 03:40:00,8559466466,5345407722,14,up,228.252,142.544,22.825,1.4265,0
2026-03-07 03:45:00,7623071982,4987291824,43,up,203.282,132.994,20.328,4.3934,0
2026-03-07 03:50:00,5426209257,5590093649,17,up,144.699,149.069,14.47,1.7524,0
2026-03-07 03:55:00,7175091699,5035886277,12,up,191.336,134.29,19.134,1.2133,0
2026-03-07 04:00:00,9932724807,5736345890,4,up,264.873,152.969,26.487,0.4396,0
2026-03-07 04:05:00,7292404500,6389165394,42,up,194.464,170.378,19.446,4.2966,0
2026-03-07 04:10:00,8492895814,5511505738,21,up,226.477,146.973,22.648,2.1465,0
2026-03-07 04:15:00,8797748161,5726246685,2,up,234.607,152.7,23.461,0.2425,0
2026-03-07 04:20:00,7697067524,5561654209,26,up,205.255,148.311,20.526,2.6167,0
2026-03-07 04:25:00,6742360531,6166841111,13,up,179.796,164.449,17.98,1.3838,0
2026-03-07 04:30:00,5308218901,5174246883,41,up,141.553,137.98,14.155,4.1701,0
2026-03-07 04:35:00,8115746887,4142398773,62,up,216.42,110.464,21.642,6.2806,0
2026-03-07 04:40:00,6766719597,5942836480,22,up,180.446,158.476,18.045,2.2936,0
2026-03-07 04:45:00,4595121244,6291788234,131,up,122.537,167.781,12.254,13.1532,1
2026-03-07 04:50:00,6375161694,5926302615,1,up,170.004,158.035,17.0,0.1456,0
2026-03-07 04:55:00,7261286213,5192844415,20,up,193.634,138.476,19.363,2.0539,0
2026-03-07 05:00:00,7530347149,4858866833,35,up,200.809,129.57,20.081,3.5197,0
2026-03-07 05:05:00,7741734222,5958785833,17,up,206.446,158.901,20.645,1.7167,0
2026-03-07 05:10:00,6496660031,5720498293,22,up,173.244,152.547,17.324,2.2507,0
2026-03-07 05:15:00,8577219853,5540089976,57,up,228.726,147.736,22.873,5.7303,0
2026-03-07 05:20:00,6962794693,6855162756,5,up,185.675,182.804,18.567,0.5519,0
2026-03-07 05:25:00,5992977485,4985909936,2,up,159.813,132.958,15.981,0.2585,0
2026-03-07 05:30:00,7401878922,6823149989,29,up,197.383,181.951,19.738,2.9332,0
2026-03-07 05:35:00,4518562666,5646454135,173,up,120.495,150.572,12.05,17.3075,1
2026-03-07 05:40:00,7644530489,4385989928,47,up,203.854,116.96,20.385,4.751,0
2026-03-07 05:45:00,8725919163,5504038208,25,up,232.691,146.774,23.269,2.5656,0
2026-03-07 05:50:00,7287196046,6272659851,44,up,194.325,167.271,19.433,4.4776,0
2026-03-07 05:55:00,7392342338,5378587852,30,up,197.129,143.429,19.713,3.0155,0
2026-03-07 06:00:00,6507134056,4629524484,2,up,173.524,123.454,17.352,0.2286,0
2026-03-07 06:05:00,8238498152,5513952691,35,up,219.693,147.039,21.969,3.5892,0
2026-03-07 06:10:00,7665878157,5046408647,4,up,204.423,134.571,20.442,0.4942,0
2026-03-07 06:15:00,7121975045,5956974720,6,up,189.919,158.853,18.992,0.675,0
2026-03-07 06:20:00,3471475665,6147044875,50,up,92.573,163.921,9.257,5.0195,1
2026-03-07 06:25:00,8799970975,4912017474,9,up,234.666,130.987,23.467,0.9443,0
2026-03-07 06:30:00,3837052819,5148582262,38,up,102.321,137.296,10.232,3.8809,1
2026-03-07 06:35:00,6967849791,6135733663,4,up,185.809,163.62,18.581,0.4636,0
2026-03-07 06:40:00,7822510059,5045280112,8,up,208.6,134.541,20.86,0.8699,0
2026-03-07 06:45:00,6423097864,4894543258,0,up,171.283,130.521,17.128,0.0496,0
2026-03-07 06:50:00,6155841199,4829383486,16,up,164.156,128.784,16.416,1.601,0
2026-03-07 06:55:00,5588447175,5862626063,36,up,149.025,156.337,14.903,3.6589,0
2026-03-07 07:00:00,8148897257,5833681460,49,up,217.304,155.565,21.73,4.9557,0
2026-03-07 07:05:00,7009332379,5163268929,42,up,186.916,137.687,18.692,4.293,0
2026-03-07 07:10:00,10134543083,5628432642,13,up,270.254,150.092,27.025,1.3466,0
2026-03-07 07:15:00,6605080440,6655814359,32,up,176.135,177.488,17.614,3.2773,0
2026-03-07 07:20:00,6670694078,4967509394,8,up,177.885,132.467,17.789,0.8488,0
2026-03-07 07:25:00,6991146326,4307573738,1,up,186.431,114.869,18.643,0.1429,0
2026-03-07 07:30:00,7718821189,5932176013,28,up,205.835,158.191,20.584,2.8173,0
2026-03-07 07:35:00,7076816995,5550479214,26,up,188.715,148.013,18.872,2.616,0
2026-03-07 07:40:00,4830659395,5145733066,161,up,128.818,137.22,12.882,16.1762,1
2026-03-07 07:45:00,6619270449,6065154160,23,up,176.514,161.737,17.651,2.3935,0
2026-03-07 07:50:00,6256567453,6191476972,4,up,166.842,165.106,16.684,0.4266,0
2026-03-07 07:55:00,5881606734,4134412336,47,up,156.843,110.251,15.684,4.7961,0
2026-03-07 08:00:00,5498783248,5184496411,24,up,146.634,138.253,14.663,2.4671,0
2026-03-07 08:05:00,4220242729,7189323456,164,up,112.54,191.715,11.254,16.4823,1
2026-03-07 08:10:00,7229117718,6018798318,37,up,192.776,160.501,19.278,3.7192,0
2026-03-07 08:15:00,6931706675,6081369955,8,up,184.846,162.17,18.485,0.8841,0
2026-03-07 08:20:00,8619065217,6416703638,1,up,229.842,171.112,22.984,0.1937,0
2026-03-07 08:25:00,8605227188,5636521457,4,up,229.473,150.307,22.947,0.4855,0
2026-03-07 08:30:00,7198677311,6162761808,2,up,191.965,164.34,19.196,0.2437,0
2026-03-07 08:35:00,5885470998,6109691879,6,up,156.946,162.925,15.695,0.6973,0
2026-03-07 08:40:00,6989965402,5988853010,15,up,186.399,159.703,18.64,1.5383,0
2026-03-07 08:45:00,6960160745,5407641919,59,up,185.604,144.204,18.56,5.9328,0
2026-03-07 08:50:00,4145147120,5741139772,205,up,110.537,153.097,11.054,20.5587,1
2026-03-07 08:55:00,6872052986,5227855944,31,up,183.255,139.409,18.325,3.1699,0
2026-03-07 09:00:00,6911883393,5633649655,0,up,184.317,150.231,18.432,0.061,0
2026-03-07 09:05:00,7152112545,4836268647,10,up,190.723,128.967,19.072,1.0441,0
2026-03-07 09:10:00,6928013011,5091328805,28,up,184.747,135.769,18.475,2.867,0
2026-03-07 09:15:00,7687490257,5434439371,3,up,205.0,144.918,20.5,0.3454,0
2026-03-07 09:20:00,7824331844,4987998833,40,up,208.649,133.013,20.865,4.0372,0
2026-03-07 09:25:00,6680419421,5284113342,61,up,178.145,140.91,17.814,6.1503,0
2026-03-07 09:30:00,8643958793,5514349965,10,up,230.506,147.049,23.051,1.0928,0
2026-03-07 09:35:00,6617943928,5896527082,30,up,176.479,157.241,17.648,3.0591,0
2026-03-07 09:40:00,6043979447,6265748678,4,up,161.173,167.087,16.117,0.401,0
2026-03-07 09:45:00,4705620158,5311945549,117,up,125.483,141.652,12.548,11.7382,1
2026-03-07 09:50:00,6764332679,6526195616,0,up,180.382,174.032,18.038,0.0542,0
2026-03-07 09:55:00,7789162323,6258562478,4,up,207.711,166.895,20.771,0.4086,0
2026-03-07 10:00:00,5336698259,5965263336,30,up,142.312,159.074,14.231,3.0937,0
2026-03-07 10:05:00,8753210347,5728713162,31,up,233.419,152.766,23.342,3.1107,0
2026-03-07 10:10:00,8105064067,5840406568,25,up,216.135,155.744,21.614,2.5622,0
2026-03-07 10:15:00,6149571105,6426259526,16,up,163.989,171.367,16.399,1.6222,0
2026-03-07 10:20:00,6169100588,6450916270,28,up,164.509,172.024,16.451,2.8091,0
2026-03-07 10:25:00,9005039313,6526089041,37,up,240.134,174.029,24.013,3.7158,0
2026-03-07 10:30:00,6836358086,5652895611,84,up,182.303,150.744,18.23,8.4892,0
2026-03-07 10:35:00,6749233636,5999602836,54,up,179.98,159.989,17.998,5.4875,0
2026-03-07 10:40:00,5460553115,6531893891,39,up,145.615,174.184,14.561,3.9562,0
2026-03-07 10:45:00,7184299614,5203991676,29,up,191.581,138.773,19.158,2.9666,0
2026-03-07 10:50:00,7295052346,5410068623,21,up,194.535,144.268,19.453,2.1342,0
2026-03-07 10:55:00,8143943787,5635824747,3,up,217.172,150.289,21.717,0.3213,0
2026-03-07 11:00:00,6240829414,6232229148,4,up,166.422,166.193,16.642,0.4525,0
2026-03-07 11:05:00,6131741886,6242741201,42,up,163.513,166.473,16.351,4.2909,0
2026-03-07 11:10:00,7905866371,5469166724,40,up,210.823,145.844,21.082,4.0654,0
2026-03-07 11:15:00,8406057064,4606688618,23,up,224.162,122.845,22.416,2.3828,0
2026-03-07 11:20:00,6085962883,5791174162,14,up,162.292,154.431,16.229,1.4444,0
2026-03-07 11:25:00,8473362677,5005136607,0,up,225.956,133.47,22.596,0.0659,0
2026-03-07 11:30:00,7533787657,4619293061,9,up,200.901,123.181,20.09,0.9907,0
2026-03-07 11:35:00,8482624805,4771886696,13,up,226.203,127.25,22.62,1.3646,0
2026-03-07 11:40:00,7436801674,5845307180,16,up,198.315,155.875,19.831,1.6629,0
2026-03-07 11:45:00,5229949874,6543700218,66,up,139.465,174.499,13.947,6.6241,0
2026-03-07 11:50:00,4417937613,5651253798,11,up,117.812,150.7,11.781,1.1508,1
2026-03-07 11:55:00,8454129436,5767681941,18,up,225.443,153.805,22.544,1.829,0
2026-03-07 12:00:00,6695628582,6423454083,11,up,178.55,171.292,17.855,1.1469,0
2026-03-07 12:05:00,7150831527,4582492936,115,up,190.689,122.2,19.069,11.5376,0
2026-03-07 12:10:00,7341479846,5976119084,49,up,195.773,159.363,19.577,4.9488,0
2026-03-07 12:15:00,4890437508,5617176895,14,up,130.412,149.791,13.041,1.4441,0
2026-03-07 12:20:00,9004212817,6007088784,202,up,240.112,160.189,24.011,20.243,0
2026-03-07 12:25:00,4013257132,5298648361,72,up,107.02,141.297,10.702,7.2168,1
2026-03-07 12:30:00,7955161889,5072892328,4,up,212.138,135.277,21.214,0.4572,0
2026-03-07 12:35:00,4453181386,5719843510,81,up,118.752,152.529,11.875,8.1165,1
2026-03-07 12:40:00,8631857150,6738204143,6,up,230.183,179.685,23.018,0.6411,0
2026-03-07 12:45:00,7865450510,6206114320,25,up,209.745,165.496,20.975,2.5287,0
2026-03-07 12:50:00,7288568155,5282307380,69,up,194.362,140.862,19.436,6.9291,0
2026-03-07 12:55:00,6695836416,4719843875,38,up,178.556,125.863,17.856,3.8568,0
2026-03-07 13:00:00,8218065631,4489604583,7,up,219.148,119.723,21.915,0.7976,0
2026-03-07 13:05:00,5813902826,6513367129,8,up,155.037,173.69,15.504,0.8805,0
2026-03-07 13:10:00,8081301378,4980319455,1,up,215.501,132.809,21.55,0.1795,0
2026-03-07 13:15:00,6510859723,5405278446,8,up,173.623,144.141,17.362,0.8417,0
2026-03-07 13:20:00,8627055295,6516817510,2,up,230.055,173.782,23.005,0.243,0
2026-03-07 13:25:00,7645169588,4535616517,17,up,203.871,120.95,20.387,1.7301,0
2026-03-07 13:30:00,8079711391,6632278543,30,up,215.459,176.861,21.546,3.0805,0
2026-03-07 13:35:00,7573789932,5453792693,34,up,201.968,145.434,20.197,3.4776,0
2026-03-07 13:40:00,5922860614,4849706262,1,up,157.943,129.326,15.794,0.1534,0
2026-03-07 13:45:00,6725343752,5458038124,10,up,179.343,145.548,17.934,1.0386,0
2026-03-07 13:50:00,8105150403,5137247172,8,up,216.137,136.993,21.614,0.8498,0
2026-03-07 13:55:00,4589994141,5922553364,11,up,122.4,157.935,12.24,1.1015,1
2026-03-07 14:00:00,8562890914,5187510607,11,up,228.344,138.334,22.834,1.1254,0
2026-03-07 14:05:00,7862947106,4334641507,8,up,209.679,115.59,20.968,0.8893,0
2026-03-07 14:10:00,6629968298,5476120289,25,up,176.799,146.03,17.68,2.5162,0
2026-03-07 14:15:00,4070125365,4709332089,214,up,108.537,125.582,10.854,21.4817,1
2026-03-07 14:20:00,7592625651,5762915921,15,up,202.47,153.678,20.247,1.5167,0
2026-03-07 14:25:00,3250416204,4823687025,137,up,86.678,128.632,8.668,13.7304,1
2026-03-07 14:30:00,9006097697,5295591357,3,up,240.163,141.216,24.016,0.3946,0
2026-03-07 14:35:00,7897572062,5748246767,56,up,210.602,153.287,21.06,5.6337,0
2026-03-07 14:40:00,5162598682,5481590360,16,up,137.669,146.176,13.767,1.6558,1
2026-03-07 14:45:00,6077456453,5794040441,5,up,162.066,154.508,16.207,0.5333,0
2026-03-07 14:50:00,8620108644,6084193836,2,up,229.87,162.245,22.987,0.2814,0
2026-03-07 14:55:00,9508349019,4843394752,9,up,253.556,129.157,25.356,0.9265,0
2026-03-07 15:00:00,6311209480,5581531660,20,up,168.299,148.841,16.83,2.0097,0
2026-03-07 15:05:00,4916556969,3377584936,442,up,131.108,90.069,13.111,44.2236,1
2026-03-07 15:10:00,7500998950,5791949978,39,up,200.027,154.452,20.003,3.942,0
2026-03-07 15:15:00,3666005721,5421950461,47,up,97.76,144.585,9.776,4.7874,1
2026-03-07 15:20:00,4766157344,4961171409,85,up,127.098,132.298,12.71,8.5766,1
2026-03-07 15:25:00,8250242884,5838110610,24,up,220.006,155.683,22.001,2.4408,0
2026-03-07 15:30:00,6958986102,6416570864,43,up,185.573,171.109,18.557,4.3252,0
2026-03-07 15:35:00,8549324868,5303688020,33,up,227.982,141.432,22.798,3.3338,0
2026-03-07 15:40:00,3599947760,4987250219,84,up,95.999,132.993,9.6,8.4232,1
2026-03-07 15:45:00,6154719468,5736392052,27,up,164.126,152.97,16.413,2.7655,0
2026-03-07 15:50:00,7622937656,4723465500,34,up,203.278,125.959,20.328,3.4252,0
2026-03-07 15:55:00,7522846750,5179242574,3,up,200.609,138.113,20.061,0.3572,0
2026-03-07 16:00:00,6855083860,6450121459,5,up,182.802,172.003,18.28,0.5593,0
2026-03-07 16:05:00,8228634992,5666970980,29,up,219.43,151.119,21.943,2.9166,0
2026-03-07 16:10:00,7977804882,4356359799,47,up,212.741,116.17,21.274,4.7499,0
2026-03-07 16:15:00,4963395098,4412030638,52,up,132.357,117.654,13.236,5.2638,1
2026-03-07 16:20:00,7389177208,5734407842,97,up,197.045,152.918,19.704,9.7664,0
2026-03-07 16:25:00,8042322241,6207113638,6,up,214.462,165.523,21.446,0.6086,0
2026-03-07 16:30:00,7098914727,4533105515,13,up,189.304,120.883,18.93,1.3476,0
2026-03-07 16:35:00,9348436821,5928556010,11,up,249.292,158.095,24.929,1.1891,0
2026-03-07 16:40:00,6768708806,6522981867,66,up,180.499,173.946,18.05,6.6587,0
2026-03-07 16:45:00,9394767686,6899304816,8,up,250.527,183.981,25.053,0.84,0
2026-03-07 16:50:00,7531399152,5848575362,15,up,200.837,155.962,20.084,1.5909,0
2026-03-07 16:55:00,6262040199,5967091751,5,up,166.988,159.122,16.699,0.5183,0
2026-03-07 17:00:00,8731271415,4185100511,18,up,232.834,111.603,23.283,1.8415,0
2026-03-07 17:05:00,7613311249,7042332969,48,up,203.022,187.796,20.302,4.8694,0
2026-03-07 17:10:00,8266011688,5236544106,9,up,220.427,139.641,22.043,0.9062,0
2026-03-07 17:15:00,8601470326,4994906968,41,up,229.373,133.198,22.937,4.1623,0
2026-03-07 17:20:00,7804159998,5452735859,60,up,208.111,145.406,20.811,6.0566,0
2026-03-07 17:25:00,6966983239,6645379554,1,up,185.786,177.21,18.579,0.1894,0
2026-03-07 17:30:00,8378142039,7115431082,35,up,223.417,189.745,22.342,3.5308,0
2026-03-07 17:35:00,7500679956,5709650858,7,up,200.018,152.257,20.002,0.7371,0
2026-03-07 17:40:00,8117272036,6298706816,4,up,216.461,167.966,21.646,0.4819,0
2026-03-07 17:45:00,5561642483,5654162732,22,up,148.31,150.778,14.831,2.2978,0
2026-03-07 17:50:00,7902283545,4924488055,30,up,210.728,131.32,21.073,3.0571,0
2026-03-07 17:55:00,6925272757,6621801977,12,up,184.674,176.581,18.467,1.2553,0
2026-03-07 18:00:00,8987978673,5205063950,0,up,239.679,138.802,23.968,0.0999,0
2026-03-07 18:05:00,8060778613,6661483272,59,up,214.954,177.64,21.495,5.9841,0
2026-03-07 18:10:00,7715871971,6501515397,32,up,205.757,173.374,20.576,3.2803,0
2026-03-07 18:15:00,7937678994,6039474478,7,up,211.671,161.053,21.167,0.7925,0
2026-03-07 18:20:00,6601403232,6859557960,17,up,176.037,182.922,17.604,1.7172,0
2026-03-07 18:25:00,8960931021,7131833572,0,up,238.958,190.182,23.896,0.0705,0
2026-03-07 18:30:00,9292233376,5506710729,10,up,247.793,146.846,24.779,1.0361,0
2026-03-07 18:35:00,7853622159,5079063970,18,up,209.43,135.442,20.943,1.8482,0
2026-03-07 18:40:00,8931363211,4366617859,18,up,238.17,116.443,23.817,1.8205,0
2026-03-07 18:45:00,6987766621,7140160522,5,up,186.34,190.404,18.634,0.5836,0
2026-03-07 18:50:00,6782597790,5328214643,37,up,180.869,142.086,18.087,3.7486,0
2026-03-07 18:55:00,7536832273,6391149878,8,up,200.982,170.431,20.098,0.8876,0
2026-03-07 19:00:00,7891446934,5124652626,21,up,210.439,136.657,21.044,2.1712,0
2026-03-07 19:05:00,7145411986,6663329307,7,up,190.544,177.689,19.054,0.792,0
2026-03-07 19:10:00,7983991371,5152420625,13,up,212.906,137.398,21.291,1.3842,0
2026-03-07 19:15:00,7775750533,4820589584,5,up,207.353,128.549,20.735,0.5815,0
2026-03-07 19:20:00,6601523902,5484258159,25,up,176.041,146.247,17.604,2.506,0
2026-03-07 19:25:00,7966913715,5266051401,13,up,212.451,140.428,21.245,1.386,0
2026-03-07 19:30:00,8277175418,6027502355,0,up,220.725,160.733,22.072,0.0406,0
2026-03-07 19:35:00,7654322385,5590308424,0,up,204.115,149.075,20.412,0.0714,0
2026-03-07 19:40:00,8537383292,6048699116,15,up,227.664,161.299,22.766,1.5926,0
2026-03-07 19:45:00,6404336585,5428560505,5,up,170.782,144.762,17.078,0.506,0
2026-03-07 19:50:00,7921155379,5176052524,21,up,211.231,138.028,21.123,2.1989,0
2026-03-07 19:55:00,6446747364,5231096630,13,up,171.913,139.496,17.191,1.3114,0
2026-03-07 20:00:00,6497326777,7005333688,26,up,173.262,186.809,17.326,2.6563,0
2026-03-07 20:05:00,6932162249,5776990379,76,up,184.858,154.053,18.486,7.6121,0
2026-03-07 20:10:00,6652145834,4285960508,18,up,177.391,114.292,17.739,1.8808,0
2026-03-07 20:15:00,7006803763,5273858915,38,up,186.848,140.636,18.685,3.8706,0
2026-03-07 20:20:00,7307264720,5690384571,34,up,194.86,151.744,19.486,3.4963,0
2026-03-07 20:25:00,8253439037,6870644784,63,up,220.092,183.217,22.009,6.3709,0
2026-03-07 20:30:00,7210956865,6319371633,6,up,192.292,168.517,19.229,0.6021,0
2026-03-07 20:35:00,6072936863,5002840460,43,up,161.945,133.409,16.194,4.3909,0
2026-03-07 20:40:00,8526061061,7257390133,58,up,227.362,193.53,22.736,5.8984,0
2026-03-07 20:45:00,6746618879,5603966753,12,up,179.91,149.439,17.991,1.2471,0
2026-03-07 20:50:00,7447151615,6466272622,9,up,198.591,172.434,19.859,0.9415,0
2026-03-07 20:55:00,7901882856,4845369264,75,up,210.717,129.21,21.072,7.5933,0
2026-03-07 21:00:00,7679649376,4006239910,24,up,204.791,106.833,20.479,2.4697,0
2026-03-07 21:05:00,8484761592,4674308744,11,up,226.26,124.648,22.626,1.1978,0
2026-03-07 21:10:00,7931102829,3431024903,39,up,211.496,91.494,21.15,3.9235,0
2026-03-07 21:15:00,6724821378,7050660295,9,up,179.329,188.018,17.933,0.9077,0
2026-03-07 21:20:00,9460705956,5769809720,4,up,252.285,153.862,25.229,0.4852,0
2026-03-07 21:25:00,7674900117,5000865287,19,up,204.664,133.356,20.466,1.963,0
2026-03-07 21:30:00,7367393796,5930521220,20,up,196.464,158.147,19.646,2.088,0
2026-03-07 21:35:00,8367532880,5752800474,43,up,223.134,153.408,22.313,4.3681,0
2026-03-07 21:40:00,7724505851,6044130042,15,up,205.987,161.177,20.599,1.5267,0
2026-03-07 21:45:00,7859305373,6441433695,42,up,209.581,171.772,20.958,4.2129,0
2026-03-07 21:50:00,9742965598,5429303221,9,up,259.812,144.781,25.981,0.9325,0
2026-03-07 21:55:00,7252390714,5031108468,21,up,193.397,134.163,19.34,2.1413,0
2026-03-07 22:00:00,7214015195,6183748269,5,up,192.374,164.9,19.237,0.5845,0
2026-03-07 22:05:00,7604920660,6166574625,12,up,202.798,164.442,20.28,1.2171,0
2026-03-07 22:10:00,8464364342,5692996670,48,up,225.716,151.813,22.572,4.8717,0
2026-03-07 22:15:00,6144119372,7094849077,6,up,163.843,189.196,16.384,0.6083,0
2026-03-07 22:20:00,5730999697,5329470067,41,up,152.827,142.119,15.283,4.155,0
2026-03-07 22:25:00,6971596256,5017595869,8,up,185.909,133.803,18.591,0.8313,0
2026-03-07 22:30:00,6029469336,5907211713,0,up,160.786,157.526,16.079,0.0877,0
2026-03-07 22:35:00,7117651787,5169416946,2,up,189.804,137.851,18.98,0.2912,0
2026-03-07 22:40:00,7952249726,5959473653,34,up,212.06,158.919,21.206,3.4249,0
2026-03-07 22:45:00,6698326022,5062719427,7,up,178.622,135.006,17.862,0.7598,0
2026-03-07 22:50:00,3729513648,5354836459,106,up,99.454,142.796,9.945,10.6174,1
2026-03-07 22:55:00,7562403445,6901317283,30,up,201.664,184.035,20.166,3.0033,0
2026-03-07 23:00:00,8276289136,5351228534,10,up,220.701,142.699,22.07,1.0583,0
2026-03-07 23:05:00,5974523905,5085775207,16,up,159.321,135.621,15.932,1.6105,0
2026-03-07 23:10:00,8238209158,6415208182,12,up,219.686,171.072,21.969,1.2928,0
2026-03-07 23:15:00,8235575583,4915546683,73,up,219.615,131.081,21.962,7.3602,0
2026-03-07 23:20:00,8358676591,5157263319,9,up,222.898,137.527,22.29,0.964,0
2026-03-07 23:25:00,8596632193,6014178756,5,up,229.244,160.378,22.924,0.5063,0
2026-03-07 23:30:00,9481812532,6258427711,11,up,252.848,166.891,25.285,1.1377,0
2026-03-07 23:35:00,7179517156,6448821563,27,up,191.454,171.969,19.145,2.768,0
2026-03-07 23:40:00,7598614422,5120625263,29,up,202.63,136.55,20.263,2.9881,0
2026-03-07 23:45:00,7125205410,6027305854,64,up,190.005,160.728,19.001,6.4444,0
2026-03-07 23:50:00,7501779160,5310376965,53,up,200.047,141.61,20.005,5.3375,0
2026-03-07 23:55:00,8879586020,5216182447,8,up,236.789,139.098,23.679,0.8503,0
2026-03-08 00:00:00,6289486964,6437168628,15,up,167.72,171.658,16.772,1.5182,0
2026-03-08 00:05:00,6725055295,5254050782,34,up,179.335,140.108,17.933,3.4386,0
2026-03-08 00:10:00,8739462842,5812788102,62,up,233.052,155.008,23.305,6.2084,0
2026-03-08 00:15:00,8418032856,5730016141,10,up,224.481,152.8,22.448,1.0281,0
2026-03-08 00:20:00,7173181517,4902240795,14,up,191.285,130.726,19.128,1.4695,0
2026-03-08 00:25:00,8268961801,6277112677,57,up,220.506,167.39,22.051,5.7435,0
2026-03-08 00:30:00,7807094258,6003189603,11,up,208.189,160.085,20.819,1.1098,0
2026-03-08 00:35:00,8850247148,4284253836,16,up,236.007,114.247,23.601,1.6373,0
2026-03-08 00:40:00,7567058634,5812259250,58,up,201.788,154.994,20.179,5.8717,0
2026-03-08 00:45:00,8423068902,5103242931,40,up,224.615,136.086,22.462,4.0518,0
2026-03-08 00:50:00,9877810719,6365525831,6,up,263.408,169.747,26.341,0.6974,0
2026-03-08 00:55:00,8038289239,4649355110,9,up,214.354,123.983,21.435,0.9818,0
2026-03-08 01:00:00,7544395349,5384378046,10,up,201.184,143.583,20.118,1.0884,0
2026-03-08 01:05:00,8150202286,5869366571,60,up,217.339,156.516,21.734,6.0971,0
2026-03-08 01:10:00,7171247227,5661679698,171,up,191.233,150.978,19.123,17.109,0
2026-03-08 01:15:00,9649170934,6139996823,37,up,257.311,163.733,25.731,3.7181,0
2026-03-08 01:20:00,4597238360,4600065159,66,up,122.593,122.668,12.259,6.6228,1
2026-03-08 01:25:00,7254360011,6740042177,0,up,193.45,179.734,19.345,0.0256,0
2026-03-08 01:30:00,6747879895,5979472644,29,up,179.943,159.453,17.994,2.9891,0
2026-03-08 01:35:00,8487498172,6542809793,12,up,226.333,174.475,22.633,1.2331,0
2026-03-08 01:40:00,8280468671,6215112114,25,up,220.812,165.736,22.081,2.5059,0
2026-03-08 01:45:00,7052381065,5617163172,23,up,188.063,149.791,18.806,2.3329,0
2026-03-08 01:50:00,8018806210,4758166207,16,up,213.835,126.884,21.383,1.6388,0
2026-03-08 01:55:00,6142299628,5244601602,72,up,163.795,139.856,16.379,7.2234,0
2026-03-08 02:00:00,7666473517,6697955249,0,up,204.439,178.612,20.444,0.0585,0
2026-03-08 02:05:00,7907480716,6560170502,31,up,210.866,174.938,21.087,3.1131,0
2026-03-08 02:10:00,9036596828,5206770013,13,up,240.976,138.847,24.098,1.3184,0
2026-03-08 02:15:00,6806263077,3722644606,31,up,181.5,99.271,18.15,3.1276,0
2026-03-08 02:20:00,6349482634,5481434429,28,up,169.32,146.172,16.932,2.8115,0
2026-03-08 02:25:00,6694114835,5430800550,0,up,178.51,144.821,17.851,0.0257,0
2026-03-08 02:30:00,6297088349,5456403486,8,up,167.922,145.504,16.792,0.8399,0
2026-03-08 02:35:00,5221794973,5981763961,20,up,139.248,159.514,13.925,2.096,1
2026-03-08 02:40:00,8893775365,6216443491,4,up,237.167,165.772,23.717,0.4568,0
2026-03-08 02:45:00,7788194920,6293452194,32,up,207.685,167.825,20.769,3.2593,0
2026-03-08 02:50:00,8599165451,5925853669,6,up,229.311,158.023,22.931,0.6846,0
2026-03-08 02:55:00,7620562542,4409479776,16,up,203.215,117.586,20.322,1.6096,0
2026-03-08 03:00:00,7414399517,5394690180,7,up,197.717,143.858,19.772,0.7092,0
2026-03-08 03:05:00,7200266142,7180260603,21,up,192.007,191.474,19.201,2.1701,0
2026-03-08 03:10:00,7220648107,5877596295,31,up,192.551,156.736,19.255,3.1875,0
2026-03-08 03:15:00,6106978599,5873278208,10,up,162.853,156.621,16.285,1.0052,0
2026-03-08 03:20:00,7737829287,5867653009,23,up,206.342,156.471,20.634,2.3097,0
2026-03-08 03:25:00,7463699480,5905381245,43,up,199.032,157.477,19.903,4.3553,0
2026-03-08 03:30:00,4902494791,4016399277,9,up,130.733,107.104,13.073,0.9896,1
2026-03-08 03:35:00,7584171146,5463321086,31,up,202.245,145.689,20.224,3.1005,0
2026-03-08 03:40:00,7353566668,5599422338,9,up,196.095,149.318,19.61,0.9757,0
2026-03-08 03:45:00,6715926272,6490009394,3,up,179.091,173.067,17.909,0.3271,0
2026-03-08 03:50:00,7564937913,5657179203,19,up,201.732,150.858,20.173,1.9722,0
2026-03-08 03:55:00,8164413507,4513604814,6,up,217.718,120.363,21.772,0.6413,0
2026-03-08 04:00:00,3882596944,5915310180,172,up,103.536,157.742,10.354,17.2239,1
2026-03-08 04:05:00,7578726378,5082418362,1,up,202.099,135.531,20.21,0.1096,0
2026-03-08 04:10:00,7709738656,4803669692,2,up,205.593,128.098,20.559,0.2597,0
2026-03-08 04:15:00,6853741694,5061942643,18,up,182.766,134.985,18.277,1.8401,0
2026-03-08 04:20:00,6970929325,5991190355,22,up,185.891,159.765,18.589,2.2226,0
2026-03-08 04:25:00,7707549763,6474663836,32,up,205.535,172.658,20.553,3.2723,0
2026-03-08 04:30:00,6479921083,5950977712,7,up,172.798,158.693,17.28,0.7503,0
2026-03-08 04:35:00,7814931343,6051615675,46,up,208.398,161.376,20.84,4.6091,0
2026-03-08 04:40:00,6694181063,5944305559,76,up,178.511,158.515,17.851,7.6516,0
2026-03-08 04:45:00,8456568323,5693395844,17,up,225.508,151.824,22.551,1.7281,0
2026-03-08 04:50:00,9604044970,6095428178,35,up,256.108,162.545,25.611,3.5733,0
2026-03-08 04:55:00,6725318878,3992326559,18,up,179.342,106.462,17.934,1.8603,0
2026-03-08 05:00:00,7980787076,5699984637,1,up,212.821,152.0,21.282,0.18,0
2026-03-08 05:05:00,6845932285,4919675601,9,up,182.558,131.191,18.256,0.9867,0
2026-03-08 05:10:00,8436858756,6409959236,2,up,224.983,170.932,22.498,0.2289,0
2026-03-08 05:15:00,6361267431,5525670168,112,up,169.634,147.351,16.963,11.2473,0
2026-03-08 05:20:00,7932528082,5645889959,6,up,211.534,150.557,21.153,0.6503,0
2026-03-08 05:25:00,6714309929,4609076484,25,up,179.048,122.909,17.905,2.5258,0
2026-03-08 05:30:00,7313713869,6311360850,8,up,195.032,168.303,19.503,0.8364,0
2026-03-08 05:35:00,6572077252,6048446481,26,up,175.255,161.292,17.526,2.6479,0
2026-03-08 05:40:00,8240115423,6000939820,5,up,219.736,160.025,21.974,0.5906,0
2026-03-08 05:45:00,6746717681,5076209574,38,up,179.912,135.366,17.991,3.8459,0
2026-03-08 05:50:00,7996767833,5102793104,2,up,213.247,136.074,21.325,0.2936,0
2026-03-08 05:55:00,7190311774,5775929631,56,up,191.742,154.025,19.174,5.6381,0
2026-03-08 06:00:00,7396974865,5156213573,45,up,197.253,137.499,19.725,4.5881,0
2026-03-08 06:05:00,7632980316,5918552749,28,up,203.546,157.828,20.355,2.8393,0
2026-03-08 06:10:00,6814357795,4166383993,1,up,181.716,111.104,18.172,0.1745,0
2026-03-08 06:15:00,7689330402,5295907424,5,up,205.049,141.224,20.505,0.5848,0
2026-03-08 06:20:00,8877301107,6837808589,49,up,236.728,182.342,23.673,4.9039,0
2026-03-08 06:25:00,6799714692,5921652933,3,up,181.326,157.911,18.133,0.3252,0
2026-03-08 06:30:00,8554629128,5737585723,4,up,228.123,153.002,22.812,0.4238,0
2026-03-08 06:35:00,8848287870,6965027911,19,up,235.954,185.734,23.595,1.9632,0
2026-03-08 06:40:00,6765460509,4048231307,8,up,180.412,107.953,18.041,0.8011,0
2026-03-08 06:45:00,6190450855,5074664997,6,up,165.079,135.324,16.508,0.6278,0
2026-03-08 06:50:00,7771764810,5354208109,21,up,207.247,142.779,20.725,2.144,0
2026-03-08 06:55:00,7007333229,6204387082,11,up,186.862,165.45,18.686,1.1653,0
2026-03-08 07:00:00,9181742897,6216068045,3,up,244.846,165.762,24.485,0.3787,0
2026-03-08 07:05:00,7531326786,5040445471,19,up,200.835,134.412,20.084,1.9135,0
2026-03-08 07:10:00,6778020532,6298619167,12,up,180.747,167.963,18.075,1.2235,0
2026-03-08 07:15:00,6467556440,5352762532,33,up,172.468,142.74,17.247,3.3155,0
2026-03-08 07:20:00,8480914463,6442856747,2,up,226.158,171.81,22.616,0.2711,0
2026-03-08 07:25:00,6985934423,4927966178,24,up,186.292,131.412,18.629,2.423,0
2026-03-08 07:30:00,7539445919,5541764670,14,up,201.052,147.78,20.105,1.4339,0
2026-03-08 07:35:00,8360222470,5294137062,13,up,222.939,141.177,22.294,1.3025,0
2026-03-08 07:40:00,7064167483,6337820500,6,up,188.378,169.009,18.838,0.6609,0
2026-03-08 07:45:00,7458664054,5272122678,0,up,198.898,140.59,19.89,0.0772,0
2026-03-08 07:50:00,7485088431,5596347242,47,up,199.602,149.236,19.96,4.7046,0
2026-03-08 07:55:00,8114992060,5967097693,9,up,216.4,159.123,21.64,0.9878,0
2026-03-08 08:00:00,8031669901,5993049476,28,up,214.178,159.815,21.418,2.8571,0
2026-03-08 08:05:00,7301897641,6223693010,73,up,194.717,165.965,19.472,7.3715,0
2026-03-08 08:10:00,7557284155,5767509224,20,up,201.528,153.8,20.153,2.081,0
2026-03-08 08:15:00,7165398889,5342681982,12,up,191.077,142.472,19.108,1.2652,0
2026-03-08 08:20:00,6170148833,5388953346,7,up,164.537,143.705,16.454,0.7809,0
2026-03-08 08:25:00,7731840771,5642328812,67,up,206.182,150.462,20.618,6.7969,0
2026-03-08 08:30:00,9202972584,5793474921,28,up,245.413,154.493,24.541,2.8649,0
2026-03-08 08:35:00,6704652773,5525659137,27,up,178.791,147.351,17.879,2.7362,0
2026-03-08 08:40:00,6804273261,5637962309,13,up,181.447,150.346,18.145,1.3885,0
2026-03-08 08:45:00,6716345005,4600853644,46,up,179.103,122.689,17.91,4.6616,0
2026-03-08 08:50:00,4891279560,6075464817,125,up,130.434,162.012,13.043,12.5062,1
2026-03-08 08:55:00,7903636908,5747250795,8,up,210.764,153.26,21.076,0.8323,0
2026-03-08 09:00:00,7357316076,6301262529,22,up,196.195,168.034,19.62,2.2881,0
2026-03-08 09:05:00,6673782844,5625108342,14,up,177.968,150.003,17.797,1.4061,0
2026-03-08 09:10:00,7583139112,4451581634,0,up,202.217,118.709,20.222,0.0165,0
2026-03-08 09:15:00,6091840085,5383048822,41,up,162.449,143.548,16.245,4.1208,0
2026-03-08 09:20:00,7629083910,5490047301,3,up,203.442,146.401,20.344,0.3276,0
2026-03-08 09:25:00,8284371947,6126459731,17,up,220.917,163.372,22.092,1.7831,0
2026-03-08 09:30:00,6373920777,4227565357,10,up,169.971,112.735,16.997,1.0245,0
2026-03-08 09:35:00,6120733550,5652796173,10,up,163.22,150.741,16.322,1.0467,0
2026-03-08 09:40:00,8921494102,5971730770,16,up,237.907,159.246,23.791,1.6222,0
2026-03-08 09:45:00,6949416324,5178495677,145,up,185.318,138.093,18.532,14.5422,0
2026-03-08 09:50:00,8522353061,5675373906,13,up,227.263,151.343,22.726,1.3122,0
2026-03-08 09:55:00,7361402101,5201750356,5,up,196.304,138.713,19.63,0.5032,0
2026-03-08 10:00:00,7354240664,5132538270,23,up,196.113,136.868,19.611,2.3772,0
2026-03-08 10:05:00,7894571429,5349316601,6,up,210.522,142.648,21.052,0.6739,0
2026-03-08 10:10:00,6704401028,5145282905,2,up,178.784,137.208,17.878,0.2789,0
2026-03-08 10:15:00,7619247429,6086442360,1,up,203.18,162.305,20.318,0.1287,0
2026-03-08 10:20:00,7156659526,5128907483,0,up,190.844,136.771,19.084,0.0579,0
2026-03-08 10:25:00,6311555900,5015535745,14,up,168.308,133.748,16.831,1.4104,0
2026-03-08 10:30:00,7803733867,6818351850,13,up,208.1,181.823,20.81,1.391,0
2026-03-08 10:35:00,7263022973,6273499507,5,up,193.681,167.293,19.368,0.5131,0
2026-03-08 10:40:00,7358677654,4368478481,38,up,196.231,116.493,19.623,3.8314,0
2026-03-08 10:45:00,6410855150,5108781404,3,up,170.956,136.234,17.096,0.3461,0
2026-03-08 10:50:00,8932260330,5788662505,61,up,238.194,154.364,23.819,6.1721,0
2026-03-08 10:55:00,8289042767,5843534670,22,up,221.041,155.828,22.104,2.2143,0
2026-03-08 11:00:00,8367740295,4618917315,0,up,223.14,123.171,22.314,0.07,0
2026-03-08 11:05:00,4335059860,6407031707,329,up,115.602,170.854,11.56,32.961,1
2026-03-08 11:10:00,5943735399,6182026482,9,up,158.5,164.854,15.85,0.9202,0
2026-03-08 11:15:00,9257625644,5950283601,14,up,246.87,158.674,24.687,1.4945,0
2026-03-08 11:20:00,7445012242,6540791731,8,up,198.534,174.421,19.853,0.8361,0
2026-03-08 11:25:00,6826080183,5930295744,32,up,182.029,158.141,18.203,3.2588,0
2026-03-08 11:30:00,7875121417,5927792093,16,up,210.003,158.074,21.0,1.6623,0
2026-03-08 11:35:00,8550408709,6676433508,3,up,228.011,178.038,22.801,0.355,0
2026-03-08 11:40:00,7479254499,6368323216,2,up,199.447,169.822,19.945,0.2751,0
2026-03-08 11:45:00,8650717651,5056982465,32,up,230.686,134.853,23.069,3.2309,0
2026-03-08 11:50:00,8474699944,6052406745,6,up,225.992,161.398,22.599,0.6765,0
2026-03-08 11:55:00,6531256931,5176619191,3,up,174.167,138.043,17.417,0.3707,0
2026-03-08 12:00:00,6893588904,5965304321,17,up,183.829,159.075,18.383,1.73,0
2026-03-08 12:05:00,8361783446,5946714117,40,up,222.981,158.579,22.298,4.0584,0
2026-03-08 12:10:00,5058648692,4691159564,8,up,134.897,125.098,13.49,0.817,0
2026-03-08 12:15:00,7365489876,5542754212,8,up,196.413,147.807,19.641,0.8089,0
2026-03-08 12:20:00,6212251918,5804048490,44,up,165.66,154.775,16.566,4.4876,0
2026-03-08 12:25:00,7071101578,5330504121,3,up,188.563,142.147,18.856,0.3999,0
2026-03-08 12:30:00,7231061919,5837429211,23,up,192.828,155.665,19.283,2.3975,0
2026-03-08 12:35:00,7177580059,6168980999,77,up,191.402,164.506,19.14,7.7535,0
2026-03-08 12:40:00,7002964873,5604349681,46,up,186.746,149.449,18.675,4.6019,0
2026-03-08 12:45:00,6512570715,5776604646,1,up,173.669,154.043,17.367,0.1595,0
2026-03-08 12:50:00,9562720140,6558811253,9,up,255.006,174.902,25.501,0.9638,0
2026-03-08 12:55:00,9180715803,5944407693,3,up,244.819,158.518,24.482,0.384,0
2026-03-08 13:00:00,6454140761,5760556395,74,up,172.11,153.615,17.211,7.4516,0
2026-03-08 13:05:00,8923905076,4978296418,106,up,237.971,132.755,23.797,10.6613,0
2026-03-08 13:10:00,7140481058,6077942557,6,up,190.413,162.078,19.041,0.6697,0
2026-03-08 13:15:00,7616268725,5847851215,27,up,203.1,155.943,20.31,2.7694,0
2026-03-08 13:20:00,7443053436,6491524117,46,up,198.481,173.107,19.848,4.6071,0
2026-03-08 13:25:00,6906226222,5656643016,6,up,184.166,150.844,18.417,0.6654,0
2026-03-08 13:30:00,8385467109,4399020112,5,up,223.612,117.307,22.361,0.5197,0
2026-03-08 13:35:00,7613297877,4477418413,0,up,203.021,119.398,20.302,0.0282,0
2026-03-08 13:40:00,7071103719,6121584515,13,up,188.563,163.242,18.856,1.3274,0
2026-03-08 13:45:00,6325869500,5240119321,57,up,168.69,139.737,16.869,5.7424,0
2026-03-08 13:50:00,6695764487,5919818231,58,up,178.554,157.862,17.855,5.8321,0
2026-03-08 13:55:00,6022757895,5702107035,3,up,160.607,152.056,16.061,0.3417,0
2026-03-08 14:00:00,7511001193,5512383224,5,up,200.293,146.997,20.029,0.5715,0
2026-03-08 14:05:00,6423000966,5559956132,13,up,171.28,148.265,17.128,1.3108,0
2026-03-08 14:10:00,7260995538,5040862084,37,up,193.627,134.423,19.363,3.7924,0
2026-03-08 14:15:00,8733091668,5614350059,23,up,232.882,149.716,23.288,2.3659,0
2026-03-08 14:20:00,5147621769,5230466932,72,up,137.27,139.479,13.727,7.2124,1
2026-03-08 14:25:00,7470950795,5373726848,22,up,199.225,143.299,19.923,2.2408,0
2026-03-08 14:30:00,7421623746,5406536894,2,up,197.91,144.174,19.791,0.2529,0
2026-03-08 14:35:00,9191887094,5471982042,16,up,245.117,145.92,24.512,1.6236,0
2026-03-08 14:40:00,7968680508,6247467083,120,up,212.498,166.599,21.25,12.0906,0
2026-03-08 14:45:00,7204974186,5537391190,2,up,192.133,147.664,19.213,0.2315,0
2026-03-08 14:50:00,6216583694,6315999077,18,up,165.776,168.427,16.578,1.831,0
2026-03-08 14:55:00,7854485896,6663052092,8,up,209.453,177.681,20.945,0.8762,0
2026-03-08 15:00:00,8246391395,6202087639,19,up,219.904,165.389,21.99,1.9409,0
2026-03-08 15:05:00,6931513627,5985766261,21,up,184.84,159.62,18.484,2.1322,0
2026-03-08 15:10:00,7762082479,5845611741,21,up,206.989,155.883,20.699,2.1538,0
2026-03-08 15:15:00,7172784034,6209117128,47,up,191.274,165.576,19.127,4.7799,0
2026-03-08 15:20:00,7334370840,5685318498,12,up,195.583,151.608,19.558,1.2347,0
2026-03-08 15:25:00,5260960148,6289584646,18,up,140.292,167.722,14.029,1.816,0
2026-03-08 15:30:00,7300396736,6039521418,0,up,194.677,161.054,19.468,0.0275,0
2026-03-08 15:35:00,8372432372,5382107688,38,up,223.265,143.523,22.326,3.8963,0
2026-03-08 15:40:00,6931737699,6229699344,7,up,184.846,166.125,18.485,0.751,0
2026-03-08 15:45:00,7547273731,5686749004,42,up,201.261,151.647,20.126,4.2396,0
2026-03-08 15:50:00,6819644363,5553360894,7,up,181.857,148.09,18.186,0.7719,0
2026-03-08 15:55:00,7824397508,5303565566,0,up,208.651,141.428,20.865,0.0271,0
2026-03-08 16:00:00,7305129122,5737062722,4,up,194.803,152.988,19.48,0.4205,0
2026-03-08 16:05:00,6654682613,6297612265,106,up,177.458,167.936,17.746,10.6158,0
2026-03-08 16:10:00,8699296320,6225034503,9,up,231.981,166.001,23.198,0.9634,0
2026-03-08 16:15:00,8336038812,5863540813,2,up,222.294,156.361,22.229,0.288,0
2026-03-08 16:20:00,6955583912,6029759457,3,up,185.482,160.794,18.548,0.3161,0
2026-03-08 16:25:00,7948009478,6483395334,9,up,211.947,172.891,21.195,0.9289,0
2026-03-08 16:30:00,7983670802,5523772753,0,up,212.898,147.301,21.29,0.0959,0
2026-03-08 16:35:00,8078071111,4872091497,17,up,215.415,129.922,21.542,1.791,0
2026-03-08 16:40:00,5975169693,6503262650,6,up,159.338,173.42,15.934,0.6012,0
2026-03-08 16:45:00,5043567532,5267399679,73,up,134.495,140.464,13.45,7.3253,1
2026-03-08 16:50:00,6987270933,5159021766,3,up,186.327,137.574,18.633,0.3793,0
2026-03-08 16:55:00,7177954859,4412566515,14,up,191.412,117.668,19.141,1.4047,0
2026-03-08 17:00:00,5924456146,6010616060,91,up,157.985,160.283,15.799,9.111,1
2026-03-08 17:05:00,7771686042,4530519478,1,up,207.245,120.814,20.724,0.16,0
2026-03-08 17:10:00,7152309772,5118575304,12,up,190.728,136.495,19.073,1.2719,0
2026-03-08 17:15:00,5515235064,6022059836,9,up,147.073,160.588,14.707,0.9007,0
2026-03-08 17:20:00,8750787720,6112296845,6,up,233.354,162.995,23.335,0.6873,0
2026-03-08 17:25:00,6289311296,5185099699,23,up,167.715,138.269,16.771,2.3192,0
2026-03-08 17:30:00,6596904986,5534446504,22,up,175.917,147.585,17.592,2.2201,0
2026-03-08 17:35:00,7201782930,5035998694,24,up,192.048,134.293,19.205,2.4904,0
2026-03-08 17:40:00,8774770612,5254832168,4,up,233.994,140.129,23.399,0.4326,0
2026-03-08 17:45:00,8195915987,5804695300,8,up,218.558,154.792,21.856,0.8412,0
2026-03-08 17:50:00,7357946241,5286388491,5,up,196.212,140.97,19.621,0.5883,0
2026-03-08 17:55:00,7777462857,5460154847,19,up,207.399,145.604,20.74,1.9441,0
2026-03-08 18:00:00,6959652876,4636322989,15,up,185.591,123.635,18.559,1.5454,0
2026-03-08 18:05:00,7625688320,6389745411,10,up,203.352,170.393,20.335,1.0023,0
2026-03-08 18:10:00,7566003070,5969294950,38,up,201.76,159.181,20.176,3.8546,0
2026-03-08 18:15:00,8371892906,6160211125,2,up,223.25,164.272,22.325,0.2467,0
2026-03-08 18:20:00,8370460310,6496037094,92,up,223.212,173.228,22.321,9.2119,0
2026-03-08 18:25:00,7944579643,5067981309,3,up,211.855,135.146,21.186,0.3098,0
2026-03-08 18:30:00,7173887198,5383083723,37,up,191.304,143.549,19.13,3.7078,0
2026-03-08 18:35:00,8167640064,4345986801,11,up,217.804,115.893,21.78,1.1481,0
2026-03-08 18:40:00,7417228380,7744785464,50,up,197.793,206.528,19.779,5.0111,0
2026-03-08 18:45:00,6526277068,5524029912,1,up,174.034,147.307,17.403,0.1927,0
2026-03-08 18:50:00,7137040987,6326141332,11,up,190.321,168.697,19.032,1.1739,0
2026-03-08 18:55:00,7576074285,4789241227,10,up,202.029,127.713,20.203,1.0216,0
2026-03-08 19:00:00,8319194205,6297562187,124,up,221.845,167.935,22.185,12.4613,0
2026-03-08 19:05:00,7334824645,6878873841,105,up,195.595,183.437,19.56,10.5925,0
2026-03-08 19:10:00,6411721159,5584310494,5,up,170.979,148.915,17.098,0.5262,0
2026-03-08 19:15:00,7551067514,4942654989,24,up,201.362,131.804,20.136,2.4853,0
2026-03-08 19:20:00,7602110436,5531312429,19,up,202.723,147.502,20.272,1.9171,0
2026-03-08 19:25:00,7667253866,4121935970,4,up,204.46,109.918,20.446,0.4192,0
2026-03-08 19:30:00,8327884364,5599426476,4,up,222.077,149.318,22.208,0.4591,0
2026-03-08 19:35:00,8417030916,6179152819,113,up,224.454,164.777,22.445,11.3325,0
2026-03-08 19:40:00,6965210214,5600863590,15,up,185.739,149.356,18.574,1.507,0
2026-03-08 19:45:00,6945470887,5433205800,3,up,185.213,144.885,18.521,0.3361,0
2026-03-08 19:50:00,6563821160,5981108478,6,up,175.035,159.496,17.504,0.6045,0
2026-03-08 19:55:00,8128934103,6032716771,7,up,216.772,160.872,21.677,0.7811,0
2026-03-08 20:00:00,8803938097,4504563745,17,up,234.772,120.122,23.477,1.7881,0
2026-03-08 20:05:00,7216426264,5684955499,10,up,192.438,151.599,19.244,1.022,0
2026-03-08 20:10:00,7282712491,7269289958,15,up,194.206,193.848,19.421,1.5175,0
2026-03-08 20:15:00,8820104301,4723864034,4,up,235.203,125.97,23.52,0.4553,0
2026-03-08 20:20:00,7955002067,5567342287,9,up,212.133,148.462,21.213,0.989,0
2026-03-08 20:25:00,7892612134,6935678632,1,up,210.47,184.951,21.047,0.1823,0
2026-03-08 20:30:00,6428175144,6370318230,55,up,171.418,169.875,17.142,5.5116,0
2026-03-08 20:35:00,8110855262,5278457240,5,up,216.289,140.759,21.629,0.554,0
2026-03-08 20:40:00,6663777293,5764141381,35,up,177.701,153.71,17.77,3.5357,0
2026-03-08 20:45:00,6479381832,5623574616,10,up,172.784,149.962,17.278,1.0752,0
2026-03-08 20:50:00,7187905580,5120051532,16,up,191.677,136.535,19.168,1.608,0
2026-03-08 20:55:00,6972786548,5574879827,8,up,185.941,148.663,18.594,0.8607,0
2026-03-08 21:00:00,7300560275,5436022860,29,up,194.682,144.961,19.468,2.9805,0
2026-03-08 21:05:00,6203116528,5701105533,46,up,165.416,152.029,16.542,4.6535,0
2026-03-08 21:10:00,8362934675,5119841353,8,up,223.012,136.529,22.301,0.8431,0
2026-03-08 21:15:00,8514917665,4763282714,6,up,227.064,127.021,22.706,0.6934,0
2026-03-08 21:20:00,5747391773,5597135477,28,up,153.264,149.257,15.326,2.8599,0
2026-03-08 21:25:00,8380612025,6782704797,5,up,223.483,180.872,22.348,0.5428,0
2026-03-08 21:30:00,6770524233,5680486975,25,up,180.547,151.48,18.055,2.553,0
2026-03-08 21:35:00,8271277983,5401174199,2,up,220.567,144.031,22.057,0.248,0
2026-03-08 21:40:00,7438398156,6134007918,24,up,198.357,163.574,19.836,2.4199,0
2026-03-08 21:45:00,7525898007,5518134261,18,up,200.691,147.15,20.069,1.8008,0
2026-03-08 21:50:00,7333412115,6885922224,3,up,195.558,183.625,19.556,0.3023,0
2026-03-08 21:55:00,8590916283,5622359056,26,up,229.091,149.93,22.909,2.6182,0
2026-03-08 22:00:00,6384370788,6097835517,14,up,170.25,162.609,17.025,1.479,0
2026-03-08 22:05:00,8047056304,5115642041,6,up,214.588,136.417,21.459,0.6119,0
2026-03-08 22:10:00,8491197148,5964585246,10,up,226.432,159.056,22.643,1.09,0
2026-03-08 22:15:00,8144706072,5810688096,16,up,217.192,154.952,21.719,1.6937,0
2026-03-08 22:20:00,9592229022,5586858365,2,up,255.793,148.983,25.579,0.2401,0
2026-03-08 22:25:00,7023947913,5286313511,79,up,187.305,140.968,18.731,7.9021,0
2026-03-08 22:30:00,8361574340,5194329638,27,up,222.975,138.515,22.298,2.7383,0
2026-03-08 22:35:00,7404518428,5815588048,2,up,197.454,155.082,19.745,0.2705,0
2026-03-08 22:40:00,8610065468,6049533899,43,up,229.602,161.321,22.96,4.3271,0
2026-03-08 22:45:00,7493079903,5539165112,9,up,199.815,147.711,19.982,0.9736,0
2026-03-08 22:50:00,7150911796,5818905852,22,up,190.691,155.171,19.069,2.2708,0
2026-03-08 22:55:00,8675464983,5599407592,8,up,231.346,149.318,23.135,0.8114,0
2026-03-08 23:00:00,7057594254,5691505066,33,up,188.203,151.773,18.82,3.3051,0
2026-03-08 23:05:00,6228546816,5489699636,32,up,166.095,146.392,16.609,3.2094,0
2026-03-08 23:10:00,4220902683,5637131491,80,up,112.557,150.324,11.256,8.0306,1
2026-03-08 23:15:00,8057129651,7446177308,6,up,214.857,198.565,21.486,0.6891,0
2026-03-08 23:20:00,8752834876,5835353151,7,up,233.409,155.609,23.341,0.7316,0
2026-03-08 23:25:00,7600016437,6060575446,12,up,202.667,161.615,20.267,1.2067,0
2026-03-08 23:30:00,8686377360,5920665933,3,up,231.637,157.884,23.164,0.3917,0
2026-03-08 23:35:00,6277642570,5447598644,10,up,167.404,145.269,16.74,1.0299,0
2026-03-08 23:40:00,7101062881,6498442718,28,up,189.362,173.292,18.936,2.8828,0
2026-03-08 23:45:00,7240282394,5428464454,44,up,193.074,144.759,19.307,4.4424,0
2026-03-08 23:50:00,7396896515,6337161820,10,up,197.251,168.991,19.725,1.0108,0
2026-03-08 23:55:00,7575684949,5399410276,6,up,202.018,143.984,20.202,0.6651,0
2026-03-09 00:00:00,8121819861,4977018549,44,up,216.582,132.72,21.658,4.4691,0
2026-03-09 00:05:00,7099673845,5871642440,55,up,189.325,156.577,18.932,5.5342,0
2026-03-09 00:10:00,7625125818,4879348859,13,up,203.337,130.116,20.334,1.3192,0
2026-03-09 00:15:00,7459389398,5986557151,0,up,198.917,159.642,19.892,0.0682,0
2026-03-09 00:20:00,6666699086,4818942907,29,up,177.779,128.505,17.778,2.9683,0
2026-03-09 00:25:00,7397699979,5409669579,38,up,197.272,144.258,19.727,3.8316,0
2026-03-09 00:30:00,7370706423,4658582454,0,up,196.552,124.229,19.655,0.0455,0
2026-03-09 00:35:00,7351427491,7531312731,22,up,196.038,200.835,19.604,2.2599,0
2026-03-09 00:40:00,7528583510,4508577297,22,up,200.762,120.229,20.076,2.2191,0
2026-03-09 00:45:00,7568106186,5631624274,11,up,201.816,150.177,20.182,1.1899,0
2026-03-09 00:50:00,7110934338,6396730385,34,up,189.625,170.579,18.962,3.4634,0
2026-03-09 00:55:00,8645443260,6324560488,13,up,230.545,168.655,23.055,1.3973,0
2026-03-09 01:00:00,6447467433,6199655932,28,up,171.932,165.324,17.193,2.8235,0
2026-03-09 01:05:00,6851126902,5410870837,18,up,182.697,144.29,18.27,1.82,0
2026-03-09 01:10:00,10001967261,6536985038,7,up,266.719,174.32,26.672,0.7141,0
2026-03-09 01:15:00,6565807780,6241538986,23,up,175.088,166.441,17.509,2.3317,0
2026-03-09 01:20:00,6281620792,5768302241,33,up,167.51,153.821,16.751,3.3381,0
2026-03-09 01:25:00,8161029070,5787392011,91,up,217.627,154.33,21.763,9.1151,0
2026-03-09 01:30:00,5630592131,5419852212,11,up,150.149,144.529,15.015,1.1955,0
2026-03-09 01:35:00,7288253481,5010984882,1,up,194.353,133.626,19.435,0.1666,0
2026-03-09 01:40:00,9431242432,6460076908,110,up,251.5,172.269,25.15,11.0511,0
2026-03-09 01:45:00,6109557670,6510740395,24,up,162.922,173.62,16.292,2.4441,0
2026-03-09 01:50:00,5716231962,5028226329,73,up,152.433,134.086,15.243,7.3179,0
2026-03-09 01:55:00,6150736918,5521195013,2,up,164.02,147.232,16.402,0.2741,0
2026-03-09 02:00:00,8308523611,5528189328,10,up,221.561,147.418,22.156,1.0465,0
2026-03-09 02:05:00,8512299047,5602957264,3,up,226.995,149.412,22.699,0.3595,0
2026-03-09 02:10:00,7038670082,5668399043,45,up,187.698,151.157,18.77,4.5123,0
2026-03-09 02:15:00,8114891163,6264131486,53,up,216.397,167.044,21.64,5.3078,0
2026-03-09 02:20:00,8751229794,5120628316,17,up,233.366,136.55,23.337,1.7394,0
2026-03-09 02:25:00,9108611772,5053715780,5,up,242.896,134.766,24.29,0.5163,0
2026-03-09 02:30:00,7278298246,6459718325,3,up,194.088,172.259,19.409,0.3399,0
2026-03-09 02:35:00,3257205272,5312714799,88,up,86.859,141.672,8.686,8.8713,1
2026-03-09 02:40:00,6761208969,4772451136,17,up,180.299,127.265,18.03,1.765,0
2026-03-09 02:45:00,7115876224,5297537289,29,up,189.757,141.268,18.976,2.9669,0
2026-03-09 02:50:00,7266955083,5402214403,9,up,193.785,144.059,19.379,0.9104,0
2026-03-09 02:55:00,7330926539,6674599841,12,up,195.491,177.989,19.549,1.287,0
2026-03-09 03:00:00,8507005138,6249257693,0,up,226.853,166.647,22.685,0.054,0
2026-03-09 03:05:00,8646985584,6399576416,23,up,230.586,170.655,23.059,2.3549,0
2026-03-09 03:10:00,7345493711,6178482208,13,up,195.88,164.76,19.588,1.3754,0
2026-03-09 03:15:00,8488636388,6263714478,63,up,226.364,167.032,22.636,6.307,0
2026-03-09 03:20:00,7821895229,5160544564,25,up,208.584,137.615,20.858,2.5666,0
2026-03-09 03:25:00,7558055375,5490943545,12,up,201.548,146.425,20.155,1.2716,0
2026-03-09 03:30:00,8315889741,4956807163,7,up,221.757,132.182,22.176,0.7649,0
2026-03-09 03:35:00,7565026843,5482920579,58,up,201.734,146.211,20.173,5.8922,0
2026-03-09 03:40:00,9352030059,6086770868,0,up,249.387,162.314,24.939,0.041,0
2026-03-09 03:45:00,6205429949,5715843717,9,up,165.478,152.422,16.548,0.9897,0
2026-03-09 03:50:00,4221807714,6510249552,287,up,112.582,173.607,11.258,28.7361,1
2026-03-09 03:55:00,4431679795,4854544340,106,up,118.178,129.455,11.818,10.6141,1
2026-03-09 04:00:00,7895507421,5962660886,19,up,210.547,159.004,21.055,1.9021,0
2026-03-09 04:05:00,8641164438,4782395608,5,up,230.431,127.531,23.043,0.5689,0
2026-03-09 04:10:00,7478041289,5688569116,44,up,199.414,151.695,19.941,4.48,0
2026-03-09 04:15:00,6219993315,6124725060,5,up,165.866,163.326,16.587,0.571,0
2026-03-09 04:20:00,8258262506,5480210767,7,up,220.22,146.139,22.022,0.7134,0
2026-03-09 04:25:00,8179462889,5997010457,5,up,218.119,159.92,21.812,0.5325,0
2026-03-09 04:30:00,5752327206,4977180673,4,up,153.395,132.725,15.34,0.4304,0
2026-03-09 04:35:00,7496576279,4502009264,76,up,199.909,120.054,19.991,7.6607,0
2026-03-09 04:40:00,6068872352,6000994995,23,up,161.837,160.027,16.184,2.3035,0
2026-03-09 04:45:00,6901814012,6802206908,25,up,184.048,181.392,18.405,2.5392,0
2026-03-09 04:50:00,6687471965,4952669665,77,up,178.333,132.071,17.833,7.7155,0
2026-03-09 04:55:00,8228338228,6449981071,6,up,219.422,171.999,21.942,0.6553,0
2026-03-09 05:00:00,7605147156,5654310800,0,up,202.804,150.782,20.28,0.0148,0
2026-03-09 05:05:00,6342968099,4723408222,22,up,169.146,125.958,16.915,2.2838,0
2026-03-09 05:10:00,4975235619,4861233921,70,up,132.673,129.633,13.267,7.0896,1
2026-03-09 05:15:00,6209574758,5635654722,16,up,165.589,150.284,16.559,1.6235,0
2026-03-09 05:20:00,7797102411,5351987955,1,up,207.923,142.72,20.792,0.1597,0
2026-03-09 05:25:00,6767390397,4738783740,15,up,180.464,126.368,18.046,1.5148,0
2026-03-09 05:30:00,7170890625,4481523485,8,up,191.224,119.507,19.122,0.8476,0
2026-03-09 05:35:00,7953843673,5053464453,8,up,212.102,134.759,21.21,0.8025,0
2026-03-09 05:40:00,7969304459,5755821080,6,up,212.515,153.489,21.251,0.6288,0
2026-03-09 05:45:00,8703272166,5620679491,10,up,232.087,149.885,23.209,1.0106,0
2026-03-09 05:50:00,7425971670,5286664378,10,up,198.026,140.978,19.803,1.089,0
2026-03-09 05:55:00,7775805776,5761273856,9,up,207.355,153.634,20.735,0.9232,0
2026-03-09 06:00:00,7106036409,6327018035,96,up,189.494,168.72,18.949,9.6288,0
2026-03-09 06:05:00,7663790894,5891035394,67,up,204.368,157.094,20.437,6.7476,0
2026-03-09 06:10:00,7895537443,5543116646,21,up,210.548,147.816,21.055,2.1363,0
2026-03-09 06:15:00,7411521137,6251448604,99,up,197.641,166.705,19.764,9.9155,0
2026-03-09 06:20:00,5876624564,4977101046,118,up,156.71,132.723,15.671,11.8319,0
2026-03-09 06:25:00,7798323806,5473179310,10,up,207.955,145.951,20.796,1.0999,0
2026-03-09 06:30:00,7828105329,5489265643,14,up,208.749,146.38,20.875,1.4728,0
2026-03-09 06:35:00,6887843871,4790056550,79,up,183.676,127.735,18.368,7.9892,0
2026-03-09 06:40:00,6344051667,5341584940,23,up,169.175,142.442,16.917,2.3452,0
2026-03-09 06:45:00,8828291235,4224402215,5,up,235.421,112.651,23.542,0.5986,0
2026-03-09 06:50:00,7942300959,6915720182,29,up,211.795,184.419,21.179,2.923,0
2026-03-09 06:55:00,7293827072,4992245692,5,up,194.502,133.127,19.45,0.5759,0
2026-03-09 07:00:00,6476670405,6695627038,10,up,172.711,178.55,17.271,1.0364,0
2026-03-09 07:05:00,6760366654,5650707041,6,up,180.276,150.686,18.028,0.6455,0
2026-03-09 07:10:00,8672331357,6006283289,7,up,231.262,160.168,23.126,0.7025,0
2026-03-09 07:15:00,4574337448,5295060136,0,up,121.982,141.202,12.198,0.0467,1
2026-03-09 07:20:00,7004471639,5765352542,53,up,186.786,153.743,18.679,5.3155,0
2026-03-09 07:25:00,7958720308,6064080506,8,up,212.233,161.709,21.223,0.8774,0
2026-03-09 07:30:00,6767041631,6073572879,2,up,180.454,161.962,18.045,0.2258,0
2026-03-09 07:35:00,8850758727,6147972038,2,up,236.02,163.946,23.602,0.2275,0
2026-03-09 07:40:00,8717520481,5376375420,20,up,232.467,143.37,23.247,2.0299,0
2026-03-09 07:45:00,7080083335,5300757221,123,up,188.802,141.354,18.88,12.3764,0
2026-03-09 07:50:00,6934196777,4548930980,3,up,184.912,121.305,18.491,0.3917,0
2026-03-09 07:55:00,5143680121,5978172832,2,up,137.165,159.418,13.716,0.2624,0
2026-03-09 08:00:00,6166577305,6355605630,14,up,164.442,169.483,16.444,1.442,0
2026-03-09 08:05:00,6294477202,6715787633,20,up,167.853,179.088,16.785,2.0715,0
2026-03-09 08:10:00,7621671306,5830991528,8,up,203.245,155.493,20.324,0.8717,0
2026-03-09 08:15:00,7206389666,5107626153,9,up,192.17,136.203,19.217,0.9007,0
2026-03-09 08:20:00,6289198061,4479460103,13,up,167.712,119.452,16.771,1.3812,0
2026-03-09 08:25:00,7246952361,6328125044,9,up,193.252,168.75,19.325,0.9427,0
2026-03-09 08:30:00,7954803432,4412513317,61,up,212.128,117.667,21.213,6.1725,0
2026-03-09 08:35:00,7975055414,5395092247,1,up,212.668,143.869,21.267,0.1072,0
2026-03-09 08:40:00,5790296747,5473592891,6,up,154.408,145.962,15.441,0.6683,0
2026-03-09 08:45:00,7384562867,5578117781,41,up,196.922,148.75,19.692,4.1329,0
2026-03-09 08:50:00,6254993300,5649166755,44,up,166.8,150.644,16.68,4.4888,0
2026-03-09 08:55:00,8311555827,5718249600,2,up,221.641,152.487,22.164,0.2957,0
2026-03-09 09:00:00,8205731774,3994629798,91,up,218.82,106.523,21.882,9.1015,0
2026-03-09 09:05:00,6691775496,5634892739,29,up,178.447,150.264,17.845,2.9552,0
2026-03-09 09:10:00,6810559317,4120036487,7,up,181.615,109.868,18.161,0.7957,0
2026-03-09 09:15:00,7084859654,6119247199,15,up,188.93,163.18,18.893,1.5222,0
2026-03-09 09:20:00,5472485944,5250290519,8,up,145.933,140.008,14.593,0.8815,0
2026-03-09 09:25:00,7802371356,4169000210,4,up,208.063,111.173,20.806,0.4064,0
2026-03-09 09:30:00,7254439908,5075411842,8,up,193.452,135.344,19.345,0.8604,0
2026-03-09 09:35:00,8373157574,5240199146,21,up,223.284,139.739,22.328,2.1693,0
2026-03-09 09:40:00,6511431703,6428722241,43,up,173.638,171.433,17.364,4.3713,0
2026-03-09 09:45:00,6942789346,5757730475,11,up,185.141,153.539,18.514,1.1295,0
2026-03-09 09:50:00,6144127267,5857500337,10,up,163.843,156.2,16.384,1.0689,0
2026-03-09 09:55:00,6596138492,6422324603,15,up,175.897,171.262,17.59,1.5778,0
2026-03-09 10:00:00,6436216203,5560102605,25,up,171.632,148.269,17.163,2.586,0
2026-03-09 10:05:00,5037825786,6134076873,139,up,134.342,163.575,13.434,13.9278,1
2026-03-09 10:10:00,6871564336,6086606251,9,up,183.242,162.31,18.324,0.9893,0
2026-03-09 10:15:00,7611758116,4756633091,22,up,202.98,126.844,20.298,2.2069,0
2026-03-09 10:20:00,7157312936,6619263914,12,up,190.862,176.514,19.086,1.2331,0
2026-03-09 10:25:00,6357481260,4666296298,31,up,169.533,124.435,16.953,3.1505,0
2026-03-09 10:30:00,7348529619,6244222488,4,up,195.961,166.513,19.596,0.4498,0
2026-03-09 10:35:00,8039192998,4600975700,7,up,214.378,122.693,21.438,0.7424,0
2026-03-09 10:40:00,6413016546,6030834832,13,up,171.014,160.822,17.101,1.3881,0
2026-03-09 10:45:00,8228201511,6881792542,55,up,219.419,183.514,21.942,5.5049,0
2026-03-09 10:50:00,6735251170,5481239406,21,up,179.607,146.166,17.961,2.1293,0
2026-03-09 10:55:00,7065314466,5451959941,84,up,188.408,145.386,18.841,8.4095,0
2026-03-09 11:00:00,7977614810,6037046999,2,up,212.736,160.988,21.274,0.2725,0
2026-03-09 11:05:00,6902907458,5402657392,15,up,184.078,144.071,18.408,1.5413,0
2026-03-09 11:10:00,7533817373,6852338125,13,up,200.902,182.729,20.09,1.3578,0
2026-03-09 11:15:00,7216778254,5754729768,22,up,192.447,153.459,19.245,2.292,0
2026-03-09 11:20:00,7616431206,5408885581,41,up,203.105,144.237,20.31,4.1778,0
2026-03-09 11:25:00,5357334805,5260307268,46,up,142.862,140.275,14.286,4.6042,0
2026-03-09 11:30:00,5853286366,4995259782,27,up,156.088,133.207,15.609,2.7731,0
2026-03-09 11:35:00,8054370305,5201265383,25,up,214.783,138.7,21.478,2.5648,0
2026-03-09 11:40:00,8433463265,5388295459,74,up,224.892,143.688,22.489,7.4413,0
2026-03-09 11:45:00,6680561966,5295843625,12,up,178.148,141.222,17.815,1.21,0
2026-03-09 11:50:00,7280374483,5180731689,44,up,194.143,138.153,19.414,4.4712,0
2026-03-09 11:55:00,7765247327,7041717830,63,up,207.073,187.779,20.707,6.3618,0
2026-03-09 12:00:00,8123895841,4929685823,16,up,216.637,131.458,21.664,1.6909,0
2026-03-09 12:05:00,5675090455,5723976996,32,up,151.336,152.639,15.134,3.265,0
2026-03-09 12:10:00,6702563777,6024951681,11,up,178.735,160.665,17.874,1.1831,0
2026-03-09 12:15:00,7200678558,6050322897,4,up,192.018,161.342,19.202,0.4325,0
2026-03-09 12:20:00,8132826177,5585440223,22,up,216.875,148.945,21.688,2.2078,0
2026-03-09 12:25:00,9748587435,5462525764,5,up,259.962,145.667,25.996,0.5469,0
2026-03-09 12:30:00,7294794845,5929794556,15,up,194.528,158.128,19.453,1.5294,0
2026-03-09 12:35:00,6233720284,5804902113,51,up,166.233,154.797,16.623,5.1565,0
2026-03-09 12:40:00,7862041269,5450202786,2,up,209.654,145.339,20.965,0.2249,0
2026-03-09 12:45:00,8688896210,4570731964,0,up,231.704,121.886,23.17,0.0773,0
2026-03-09 12:50:00,7597212708,5309151487,23,up,202.592,141.577,20.259,2.3315,0
2026-03-09 12:55:00,6684016309,4851078639,10,up,178.24,129.362,17.824,1.0052,0
2026-03-09 13:00:00,8362194547,5174667303,13,up,222.992,137.991,22.299,1.3529,0
2026-03-09 13:05:00,8097191056,5647425685,13,up,215.925,150.598,21.593,1.301,0
2026-03-09 13:10:00,6576527240,5867146897,2,up,175.374,156.457,17.537,0.2265,0
2026-03-09 13:15:00,7843283055,6826805607,0,up,209.154,182.048,20.915,0.0089,0
2026-03-09 13:20:00,8397539010,5262250694,57,up,223.934,140.327,22.393,5.7174,0
2026-03-09 13:25:00,8563701038,6147872303,6,up,228.365,163.943,22.837,0.6141,0
2026-03-09 13:30:00,7440195922,5831523016,13,up,198.405,155.507,19.841,1.3882,0
2026-03-09 13:35:00,7177728498,6499798427,89,up,191.406,173.328,19.141,8.9323,0
2026-03-09 13:40:00,8604546439,6013954385,43,up,229.455,160.372,22.945,4.3827,0
2026-03-09 13:45:00,3846513328,4944275036,11,up,102.574,131.847,10.257,1.1421,1
2026-03-09 13:50:00,4736832817,4461943930,71,up,126.316,118.985,12.632,7.1033,1
2026-03-09 13:55:00,6266976035,5835101647,32,up,167.119,155.603,16.712,3.2741,0
2026-03-09 14:00:00,8458838645,5268295576,29,up,225.569,140.488,22.557,2.9966,0
2026-03-09 14:05:00,7267759035,4963288221,35,up,193.807,132.354,19.381,3.5766,0
2026-03-09 14:10:00,8641724912,4769385049,15,up,230.446,127.184,23.045,1.5287,0
2026-03-09 14:15:00,7942271480,5733658460,4,up,211.794,152.898,21.179,0.4837,0
2026-03-09 14:20:00,6399101792,6642702697,15,up,170.643,177.139,17.064,1.5631,0
2026-03-09 14:25:00,8782164958,5349146166,26,up,234.191,142.644,23.419,2.6095,0
2026-03-09 14:30:00,8896120739,6023432459,23,up,237.23,160.625,23.723,2.345,0
2026-03-09 14:35:00,8294057843,5555970213,1,up,221.175,148.159,22.117,0.1828,0
2026-03-09 14:40:00,6814570921,4754667089,1,up,181.722,126.791,18.172,0.1679,0
2026-03-09 14:45:00,7224587441,6120997656,83,up,192.656,163.227,19.266,8.3995,0
2026-03-09 14:50:00,7630884495,4886082870,4,up,203.49,130.296,20.349,0.4116,0
2026-03-09 14:55:00,6866660640,5639597975,8,up,183.111,150.389,18.311,0.872,0
2026-03-09 15:00:00,9023111915,5394473719,36,up,240.616,143.853,24.062,3.6486,0
2026-03-09 15:05:00,7629893824,6227827268,13,up,203.464,166.075,20.346,1.3177,0
2026-03-09 15:10:00,5066986757,4910748080,5,up,135.12,130.953,13.512,0.5006,0
2026-03-09 15:15:00,7805420231,5888837187,15,up,208.145,157.036,20.814,1.5742,0
2026-03-09 15:20:00,7186658342,5058136750,21,up,191.644,134.884,19.164,2.1038,0
2026-03-09 15:25:00,7432566099,5280003981,15,up,198.202,140.8,19.82,1.5072,0
2026-03-09 15:30:00,4300945542,3171239846,251,up,114.692,84.566,11.469,25.1264,1
2026-03-09 15:35:00,4935805064,7037166535,33,up,131.621,187.658,13.162,3.3505,1
2026-03-09 15:40:00,8507719000,5996625929,27,up,226.873,159.91,22.687,2.7068,0
2026-03-09 15:45:00,7754747846,5107040446,2,up,206.793,136.188,20.679,0.2978,0
2026-03-09 15:50:00,7194619931,4865857410,12,up,191.857,129.756,19.186,1.2451,0
2026-03-09 15:55:00,7462796515,5290437091,33,up,199.008,141.078,19.901,3.3773,0
2026-03-09 16:00:00,7517639654,6108893686,6,up,200.47,162.904,20.047,0.6366,0
2026-03-09 16:05:00,6777812964,4347842675,22,up,180.742,115.942,18.074,2.2276,0
2026-03-09 16:10:00,4812621470,5529430516,16,up,128.337,147.451,12.834,1.6657,1
2026-03-09 16:15:00,7914038091,6820183263,2,up,211.041,181.872,21.104,0.2709,0
2026-03-09 16:20:00,8886397115,4859586223,18,up,236.971,129.589,23.697,1.8518,0
2026-03-09 16:25:00,8629814802,5679259901,28,up,230.128,151.447,23.013,2.8099,0
2026-03-09 16:30:00,6882892574,7112234125,3,up,183.544,189.66,18.354,0.3008,0
2026-03-09 16:35:00,8238268537,6051702350,62,up,219.687,161.379,21.969,6.2458,0
2026-03-09 16:40:00,6644141955,5709998578,6,up,177.177,152.267,17.718,0.6397,0
2026-03-09 16:45:00,8126338890,5966979607,3,up,216.702,159.119,21.67,0.3195,0
2026-03-09 16:50:00,7035047221,5354415898,5,up,187.601,142.784,18.76,0.5663,0
2026-03-09 16:55:00,6579072098,6502251117,4,up,175.442,173.393,17.544,0.4645,0
2026-03-09 17:00:00,7752040808,5355452234,2,up,206.721,142.812,20.672,0.2376,0
2026-03-09 17:05:00,5092889584,4302552414,39,up,135.81,114.735,13.581,3.9967,0
2026-03-09 17:10:00,5924121983,5360870404,17,up,157.977,142.957,15.798,1.7107,0
2026-03-09 17:15:00,7340257304,4972454192,12,up,195.74,132.599,19.574,1.2297,0
2026-03-09 17:20:00,7574197589,5435194041,75,up,201.979,144.939,20.198,7.5209,0
2026-03-09 17:25:00,7167613106,5450118260,11,up,191.136,145.336,19.114,1.1591,0
2026-03-09 17:30:00,6078507331,6433260659,4,up,162.094,171.554,16.209,0.4567,0
2026-03-09 17:35:00,6763897342,6094322590,8,up,180.371,162.515,18.037,0.8007,0
2026-03-09 17:40:00,7852088394,5802704204,6,up,209.389,154.739,20.939,0.6827,0
2026-03-09 17:45:00,8023603593,5623011847,17,up,213.963,149.947,21.396,1.7266,0
2026-03-09 17:50:00,7485399194,4910270844,8,up,199.611,130.941,19.961,0.8615,0
2026-03-09 17:55:00,8541150402,4152706714,18,up,227.764,110.739,22.776,1.8145,0
2026-03-09 18:00:00,7857657321,5701383007,27,up,209.538,152.037,20.954,2.7663,0
2026-03-09 18:05:00,6827289911,6161382812,37,up,182.061,164.304,18.206,3.7548,0
2026-03-09 18:10:00,7247548151,5551874628,30,up,193.268,148.05,19.327,3.096,0
2026-03-09 18:15:00,6237420458,5263973332,5,up,166.331,140.373,16.633,0.5754,0
2026-03-09 18:20:00,7402674908,5938538961,3,up,197.405,158.361,19.74,0.308,0
2026-03-09 18:25:00,5100534334,5568750764,78,up,136.014,148.5,13.601,7.8187,1
2026-03-09 18:30:00,8116761076,6762877329,5,up,216.447,180.343,21.645,0.5545,0
2026-03-09 18:35:00,8761808393,6457091630,2,up,233.648,172.189,23.365,0.2219,0
2026-03-09 18:40:00,7227403280,6272667938,18,up,192.731,167.271,19.273,1.8721,0
2026-03-09 18:45:00,8711489815,6136470527,9,up,232.306,163.639,23.231,0.9893,0
2026-03-09 18:50:00,7326026196,4754136995,35,up,195.361,126.777,19.536,3.528,0
2026-03-09 18:55:00,8824426574,6072520748,9,up,235.318,161.934,23.532,0.9429,0
2026-03-09 19:00:00,7480328927,5879020021,96,up,199.475,156.774,19.948,9.6246,0
2026-03-09 19:05:00,8136508236,6034336691,35,up,216.974,160.916,21.697,3.5525,0
2026-03-09 19:10:00,8827601127,5957511403,1,up,235.403,158.867,23.54,0.1486,0
2026-03-09 19:15:00,7325915134,5930614746,17,up,195.358,158.15,19.536,1.7776,0
2026-03-09 19:20:00,7696550088,7448084866,20,up,205.241,198.616,20.524,2.0674,0
2026-03-09 19:25:00,8659977082,5573574672,29,up,230.933,148.629,23.093,2.9711,0
2026-03-09 19:30:00,7380297152,6257027732,17,up,196.808,166.854,19.681,1.7219,0
2026-03-09 19:35:00,6311196945,5307081878,16,up,168.299,141.522,16.83,1.6514,0
2026-03-09 19:40:00,9428706349,6158683069,11,up,251.432,164.232,25.143,1.1469,0
2026-03-09 19:45:00,7077211982,6259040925,7,up,188.726,166.908,18.873,0.7918,0
2026-03-09 19:50:00,7642880445,5870987602,73,up,203.81,156.56,20.381,7.3062,0
2026-03-09 19:55:00,8540406002,6751741686,9,up,227.744,180.046,22.774,0.9553,0
2026-03-09 20:00:00,6952355486,5028113675,1,up,185.396,134.083,18.54,0.1638,0
2026-03-09 20:05:00,6592918878,5296125864,4,up,175.811,141.23,17.581,0.4577,0
2026-03-09 20:10:00,7728363567,5768356558,48,up,206.09,153.823,20.609,4.8671,0
2026-03-09 20:15:00,5886231241,6219544626,22,up,156.966,165.855,15.697,2.2086,0
2026-03-09 20:20:00,7240884530,5746114926,37,up,193.09,153.23,19.309,3.7715,0
2026-03-09 20:25:00,7720534797,6492887349,41,up,205.881,173.144,20.588,4.1358,0
2026-03-09 20:30:00,7257043292,5178359337,43,up,193.521,138.09,19.352,4.3324,0
2026-03-09 20:35:00,6110894151,4855109519,19,up,162.957,129.47,16.296,1.9997,0
2026-03-09 20:40:00,8934760160,5832986627,4,up,238.26,155.546,23.826,0.4874,0
2026-03-09 20:45:00,7593184338,5572903313,4,up,202.485,148.611,20.248,0.4011,0
2026-03-09 20:50:00,8788036905,5991433011,21,up,234.348,159.772,23.435,2.1332,0
2026-03-09 20:55:00,7265967374,5606503453,11,up,193.759,149.507,19.376,1.1413,0
2026-03-09 21:00:00,6707989216,5395486641,20,up,178.88,143.88,17.888,2.0414,0
2026-03-09 21:05:00,7742262828,5574417139,17,up,206.46,148.651,20.646,1.7253,0
2026-03-09 21:10:00,7305791586,5644473003,23,up,194.821,150.519,19.482,2.3045,0
2026-03-09 21:15:00,6440014687,5419137622,0,up,171.734,144.51,17.173,0.0816,0
2026-03-09 21:20:00,8822805832,5487885868,0,up,235.275,146.344,23.527,0.0835,0
2026-03-09 21:25:00,6939956799,5352574497,31,up,185.066,142.735,18.507,3.1967,0
2026-03-09 21:30:00,5843760253,6203248955,5,up,155.834,165.42,15.583,0.5365,0
2026-03-09 21:35:00,8695349448,5755964178,26,up,231.876,153.492,23.188,2.6403,0
2026-03-09 21:40:00,7046131785,7148307918,19,up,187.897,190.622,18.79,1.9773,0
2026-03-09 21:45:00,4171775097,5733475572,400,up,111.247,152.893,11.125,40.0603,1
2026-03-09 21:50:00,5911151171,5253171207,45,up,157.631,140.085,15.763,4.5107,0
2026-03-09 21:55:00,9066847337,7427705878,13,up,241.783,198.072,24.178,1.3324,0
2026-03-09 22:00:00,6339467471,5904197804,23,up,169.052,157.445,16.905,2.3955,0
2026-03-09 22:05:00,7552604532,6293334231,3,up,201.403,167.822,20.14,0.3119,0
2026-03-09 22:10:00,8321358290,6024669513,12,up,221.903,160.658,22.19,1.221,0
2026-03-09 22:15:00,7879545239,6045532444,33,up,210.121,161.214,21.012,3.3096,0
2026-03-09 22:20:00,7446311119,5986566484,24,up,198.568,159.642,19.857,2.4366,0
2026-03-09 22:25:00,5968500727,4881092918,16,up,159.16,130.162,15.916,1.6564,0
2026-03-09 22:30:00,6771247647,5873082107,4,up,180.567,156.616,18.057,0.4856,0
2026-03-09 22:35:00,7669020304,4730718619,40,up,204.507,126.152,20.451,4.0632,0
2026-03-09 22:40:00,6791543337,5507305085,7,up,181.108,146.861,18.111,0.7976,0
2026-03-09 22:45:00,7683023513,5135208216,42,up,204.881,136.939,20.488,4.2937,0
2026-03-09 22:50:00,8113569067,5866292375,23,up,216.362,156.434,21.636,2.3644,0
2026-03-09 22:55:00,8366252597,5850535216,11,up,223.1,156.014,22.31,1.166,0
2026-03-09 23:00:00,6396438577,5949773476,1,up,170.572,158.661,17.057,0.1036,0
2026-03-09 23:05:00,9476981449,5818925186,6,up,252.72,155.171,25.272,0.6613,0
2026-03-09 23:10:00,8190731410,5215392894,54,up,218.42,139.077,21.842,5.4972,0
2026-03-09 23:15:00,7498457261,5448822644,42,up,199.959,145.302,19.996,4.259,0
2026-03-09 23:20:00,8480582924,6246267408,21,up,226.149,166.567,22.615,2.1383,0
2026-03-09 23:25:00,9628866994,6345803257,15,up,256.77,169.221,25.677,1.5699,0
2026-03-09 23:30:00,6205151909,4850921408,26,up,165.471,129.358,16.547,2.6042,0
2026-03-09 23:35:00,7297263621,4591623848,15,up,194.594,122.443,19.459,1.5696,0
2026-03-09 23:40:00,5359411506,5134349666,25,up,142.918,136.916,14.292,2.5842,0
2026-03-09 23:45:00,7673386379,6330515117,9,up,204.624,168.814,20.462,0.9183,0
2026-03-09 23:50:00,7828854817,6445046720,45,up,208.769,171.868,20.877,4.5581,0
2026-03-09 23:55:00,4478852457,5000819480,121,up,119.436,133.355,11.944,12.1039,1
2026-03-10 00:00:00,6910919786,5832433813,10,up,184.291,155.532,18.429,1.0011,0
2026-03-10 00:05:00,5655436935,6863241149,44,up,150.812,183.02,15.081,4.4397,0
2026-03-10 00:10:00,7836180315,5905335247,16,up,208.965,157.476,20.896,1.6704,0
2026-03-10 00:15:00,8809891035,6584514717,4,up,234.93,175.587,23.493,0.4798,0
2026-03-10 00:20:00,6968083389,6299140434,2,up,185.816,167.977,18.582,0.2022,0
2026-03-10 00:25:00,7896053936,5010615873,30,up,210.561,133.616,21.056,3.0066,0
2026-03-10 00:30:00,6088670117,5496762539,50,up,162.365,146.58,16.236,5.0084,0
2026-03-10 00:35:00,7911491757,5648459272,41,up,210.973,150.626,21.097,4.1184,0
2026-03-10 00:40:00,7145955932,5695290036,26,up,190.559,151.874,19.056,2.6652,0
2026-03-10 00:45:00,6813823844,6243522043,3,up,181.702,166.494,18.17,0.3811,0
2026-03-10 00:50:00,6815672722,5900862214,2,up,181.751,157.356,18.175,0.2469,0
2026-03-10 00:55:00,7145749576,3643064362,10,up,190.553,97.148,19.055,1.0579,0
2026-03-10 01:00:00,7844189984,4738832815,48,up,209.178,126.369,20.918,4.826,0
2026-03-10 01:05:00,6319053118,4148517882,81,up,168.508,110.627,16.851,8.1581,0
2026-03-10 01:10:00,7142596201,5743371537,6,up,190.469,153.157,19.047,0.6906,0
2026-03-10 01:15:00,7462675399,5787329163,35,up,199.005,154.329,19.9,3.5897,0
2026-03-10 01:20:00,6510864697,5816176847,21,up,173.623,155.098,17.362,2.1325,0
2026-03-10 01:25:00,9116998681,4977723419,0,up,243.12,132.739,24.312,0.0808,0
2026-03-10 01:30:00,6731854067,6080047203,19,up,179.516,162.135,17.952,1.9572,0
2026-03-10 01:35:00,6897506777,6108477185,40,up,183.934,162.893,18.393,4.099,0
2026-03-10 01:40:00,6619522845,4777774379,8,up,176.521,127.407,17.652,0.8078,0
2026-03-10 01:45:00,9118632078,4635424214,56,up,243.164,123.611,24.316,5.6914,0
2026-03-10 01:50:00,7997614705,5624911111,6,up,213.27,149.998,21.327,0.6738,0
2026-03-10 01:55:00,6657067194,6834453034,1,up,177.522,182.252,17.752,0.1989,0
2026-03-10 02:00:00,8495608402,6772326350,4,up,226.55,180.595,22.655,0.4357,0
2026-03-10 02:05:00,7680628824,6005297943,45,up,204.817,160.141,20.482,4.5351,0
2026-03-10 02:10:00,7731528079,5132252246,13,up,206.174,136.86,20.617,1.3502,0
2026-03-10 02:15:00,4313982307,6223618795,159,up,115.04,165.963,11.504,15.9428,1
2026-03-10 02:20:00,6825525611,5319613621,18,up,182.014,141.856,18.201,1.8941,0
2026-03-10 02:25:00,7803989489,5106932750,16,up,208.106,136.185,20.811,1.6375,0
2026-03-10 02:30:00,7009421493,4177822388,41,up,186.918,111.409,18.692,4.1115,0
2026-03-10 02:35:00,9135080066,5694107983,13,up,243.602,151.843,24.36,1.3769,0
2026-03-10 02:40:00,6357638005,5199839539,40,up,169.537,138.662,16.954,4.0491,0
2026-03-10 02:45:00,8882541095,5690090506,2,up,236.868,151.736,23.687,0.2652,0
2026-03-10 02:50:00,7399813036,4072933555,25,up,197.328,108.612,19.733,2.5286,0
2026-03-10 02:55:00,7769177160,5739633003,30,up,207.178,153.057,20.718,3.0316,0
2026-03-10 03:00:00,8249841989,3983993214,57,up,219.996,106.24,22.0,5.734,0
2026-03-10 03:05:00,6932775634,6359359670,6,up,184.874,169.583,18.487,0.6351,0
2026-03-10 03:10:00,8277823546,5977276583,23,up,220.742,159.394,22.074,2.3172,0
2026-03-10 03:15:00,5063210530,5436901279,14,up,135.019,144.984,13.502,1.4196,0
2026-03-10 03:20:00,6852009420,6004835905,12,up,182.72,160.129,18.272,1.2063,0
2026-03-10 03:25:00,6668343473,4964799872,2,up,177.822,132.395,17.782,0.2821,0
2026-03-10 03:30:00,6371844588,5673853473,3,up,169.916,151.303,16.992,0.3603,0
2026-03-10 03:35:00,7306540645,6161472475,45,up,194.841,164.306,19.484,4.5348,0
2026-03-10 03:40:00,7847174971,3536354756,34,up,209.258,94.303,20.926,3.4633,0
2026-03-10 03:45:00,8132393998,5323123557,12,up,216.864,141.95,21.686,1.2045,0
2026-03-10 03:50:00,7716789081,5609715212,44,up,205.781,149.592,20.578,4.4077,0
2026-03-10 03:55:00,6900875881,5492501808,2,up,184.023,146.467,18.402,0.2105,0
2026-03-10 04:00:00,7832114794,6608543732,24,up,208.856,176.228,20.886,2.4506,0
2026-03-10 04:05:00,7611857125,4866366740,50,up,202.983,129.77,20.298,5.0657,0
2026-03-10 04:10:00,8342450551,5205717510,45,up,222.465,138.819,22.247,4.5638,0
2026-03-10 04:15:00,8199243032,4331788407,11,up,218.646,115.514,21.865,1.1662,0
2026-03-10 04:20:00,7527428772,6644443489,34,up,200.731,177.185,20.073,3.4185,0
2026-03-10 04:25:00,6692472294,5458754153,13,up,178.466,145.567,17.847,1.3942,0
2026-03-10 04:30:00,6912344859,5329074000,45,up,184.329,142.109,18.433,4.5836,0
2026-03-10 04:35:00,7005189576,5589574189,18,up,186.805,149.055,18.681,1.8916,0
2026-03-10 04:40:00,7216260299,6054459184,36,up,192.434,161.452,19.243,3.6189,0
2026-03-10 04:45:00,7741245384,5859470297,2,up,206.433,156.253,20.643,0.2046,0
2026-03-10 04:50:00,8143656951,7412321844,22,up,217.164,197.662,21.716,2.2292,0
2026-03-10 04:55:00,7453993176,5931406724,19,up,198.773,158.171,19.877,1.9978,0
2026-03-10 05:00:00,7514512309,5310959335,23,up,200.387,141.626,20.039,2.3539,0
2026-03-10 05:05:00,7628975674,5246084202,29,up,203.439,139.896,20.344,2.9739,0
2026-03-10 05:10:00,7035685218,5359887707,62,up,187.618,142.93,18.762,6.2559,0
2026-03-10 05:15:00,6667146968,4611260075,38,up,177.791,122.967,17.779,3.8507,0
2026-03-10 05:20:00,5920105892,5651908340,6,up,157.869,150.718,15.787,0.62,0
2026-03-10 05:25:00,6874365577,6153840971,43,up,183.316,164.102,18.332,4.3703,0
2026-03-10 05:30:00,7925830907,5210979569,3,up,211.355,138.959,21.136,0.3255,0
2026-03-10 05:35:00,4120427823,5080018462,97,up,109.878,135.467,10.988,9.7339,1
2026-03-10 05:40:00,7285973666,6648262973,53,up,194.293,177.287,19.429,5.3587,0
2026-03-10 05:45:00,7919788158,4662123869,2,up,211.194,124.323,21.119,0.2665,0
2026-03-10 05:50:00,7968620546,4229222595,47,up,212.497,112.779,21.25,4.7377,0
2026-03-10 05:55:00,6528420433,4846791188,40,up,174.091,129.248,17.409,4.0064,0
2026-03-10 06:00:00,8397353420,4585207915,17,up,223.929,122.272,22.393,1.7518,0
2026-03-10 06:05:00,8514615080,5885702593,9,up,227.056,156.952,22.706,0.9237,0
2026-03-10 06:10:00,6483135128,5381524462,12,up,172.884,143.507,17.288,1.2998,0
2026-03-10 06:15:00,6758546817,5476711244,86,up,180.228,146.046,18.023,8.657,0
2026-03-10 06:20:00,8571981614,6403230569,5,up,228.586,170.753,22.859,0.5632,0
2026-03-10 06:25:00,7367831830,5158348968,21,up,196.476,137.556,19.648,2.1664,0
2026-03-10 06:30:00,5502199847,6148185352,2,up,146.725,163.952,14.673,0.2173,0
2026-03-10 06:35:00,6240286645,6645142889,6,up,166.408,177.204,16.641,0.6144,0
2026-03-10 06:40:00,7275567337,5317427813,36,up,194.015,141.798,19.402,3.6026,0
2026-03-10 06:45:00,6453261614,6122490427,9,up,172.087,163.266,17.209,0.901,0
2026-03-10 06:50:00,7127918606,5461772909,106,up,190.078,145.647,19.008,10.6303,0
2026-03-10 06:55:00,7529156592,6248766236,17,up,200.778,166.634,20.078,1.737,0
2026-03-10 07:00:00,8816029143,4564244798,18,up,235.094,121.713,23.509,1.817,0
2026-03-10 07:05:00,7238591475,4514279234,0,up,193.029,120.381,19.303,0.0925,0
2026-03-10 07:10:00,8465287619,5360894292,78,up,225.741,142.957,22.574,7.839,0
2026-03-10 07:15:00,8785884145,5024975753,4,up,234.29,133.999,23.429,0.4786,0
2026-03-10 07:20:00,8790878702,5276221351,19,up,234.423,140.699,23.442,1.9323,0
2026-03-10 07:25:00,7756279134,5476819556,12,up,206.834,146.049,20.683,1.2591,0
2026-03-10 07:30:00,5733039766,6111009133,13,up,152.881,162.96,15.288,1.3429,0
2026-03-10 07:35:00,7914742378,5349829109,25,up,211.06,142.662,21.106,2.5772,0
2026-03-10 07:40:00,8443559899,5068893615,27,up,225.162,135.17,22.516,2.7124,0
2026-03-10 07:45:00,7427039605,5387728470,4,up,198.054,143.673,19.805,0.4189,0
2026-03-10 07:50:00,9070125483,5105826936,17,up,241.87,136.155,24.187,1.7308,0
2026-03-10 07:55:00,8273850205,4994546286,39,up,220.636,133.188,22.064,3.9073,0
2026-03-10 08:00:00,8011446039,4536213650,14,up,213.639,120.966,21.364,1.4643,0
2026-03-10 08:05:00,8477742640,5671897728,4,up,226.073,151.251,22.607,0.4532,0
2026-03-10 08:10:00,7800032866,5241123648,9,up,208.001,139.763,20.8,0.9393,0
2026-03-10 08:15:00,5256470550,6277238148,5,up,140.173,167.393,14.017,0.5968,0
2026-03-10 08:20:00,7050774943,4648007637,3,up,188.021,123.947,18.802,0.3362,0
2026-03-10 08:25:00,8577451224,5259093600,11,up,228.732,140.242,22.873,1.1854,0
2026-03-10 08:30:00,6773167793,6848712373,19,up,180.618,182.632,18.062,1.9464,0
2026-03-10 08:35:00,7298874745,4990763575,1,up,194.637,133.087,19.464,0.1888,0
2026-03-10 08:40:00,6559647317,5465340054,23,up,174.924,145.742,17.492,2.3147,0
2026-03-10 08:45:00,9105530335,4804305311,124,up,242.814,128.115,24.281,12.4134,0
2026-03-10 08:50:00,5408005927,4714811428,332,up,144.213,125.728,14.421,33.2771,1
2026-03-10 08:55:00,6704517994,6669434913,44,up,178.787,177.852,17.879,4.4178,0
2026-03-10 09:00:00,7632568200,5740451657,7,up,203.535,153.079,20.354,0.7743,0
2026-03-10 09:05:00,6887555357,5715233215,0,up,183.668,152.406,18.367,0.0567,0
2026-03-10 09:10:00,8053450175,4479986541,44,up,214.759,119.466,21.476,4.4825,0
2026-03-10 09:15:00,7958714769,5867150436,1,up,212.232,156.457,21.223,0.1433,0
2026-03-10 09:20:00,8230535014,6406259813,5,up,219.481,170.834,21.948,0.5755,0
2026-03-10 09:25:00,7798726602,6400897016,19,up,207.966,170.691,20.797,1.9656,0
2026-03-10 09:30:00,10141865585,6076124929,4,up,270.45,162.03,27.045,0.4912,0
2026-03-10 09:35:00,6574868611,4862597235,44,up,175.33,129.669,17.533,4.4862,0
2026-03-10 09:40:00,5960456981,5836358306,37,up,158.946,155.636,15.895,3.7532,0
2026-03-10 09:45:00,7146218819,6075619848,35,up,190.566,162.017,19.057,3.5241,0
2026-03-10 09:50:00,6088810560,4413750580,42,up,162.368,117.7,16.237,4.2338,0
2026-03-10 09:55:00,6156783956,4868136275,6,up,164.181,129.817,16.418,0.6202,0
2026-03-10 10:00:00,6598816811,6224506192,32,up,175.968,165.987,17.597,3.2631,0
2026-03-10 10:05:00,6670029985,6216330899,10,up,177.867,165.769,17.787,1.0974,0
2026-03-10 10:10:00,6640843708,4579706452,27,up,177.089,122.126,17.709,2.7479,0
2026-03-10 10:15:00,7966397055,6161639485,3,up,212.437,164.31,21.244,0.3253,0
2026-03-10 10:20:00,7044429845,5689329794,30,up,187.851,151.715,18.785,3.0569,0
2026-03-10 10:25:00,7338436882,6152181044,89,up,195.692,164.058,19.569,8.9485,0
2026-03-10 10:30:00,8304809497,5196698106,1,up,221.462,138.579,22.146,0.1114,0
2026-03-10 10:35:00,6810309727,6060498860,2,up,181.608,161.613,18.161,0.2463,0
2026-03-10 10:40:00,7261908691,6194584422,3,up,193.651,165.189,19.365,0.3299,0
2026-03-10 10:45:00,7829183987,5387848918,14,up,208.778,143.676,20.878,1.4078,0
2026-03-10 10:50:00,5752588979,5636982968,8,up,153.402,150.32,15.34,0.859,0
2026-03-10 10:55:00,5353585041,5187247900,41,up,142.762,138.327,14.276,4.1116,0
2026-03-10 11:00:00,7811505595,6739856290,16,up,208.307,179.73,20.831,1.6051,0
2026-03-10 11:05:00,7942812852,5543816440,16,up,211.808,147.835,21.181,1.6567,0
2026-03-10 11:10:00,9357798121,5002633580,31,up,249.541,133.404,24.954,3.1561,0
2026-03-10 11:15:00,7642285388,5141817508,11,up,203.794,137.115,20.379,1.1234,0
2026-03-10 11:20:00,8237765745,5710570155,10,up,219.674,152.282,21.967,1.0893,0
2026-03-10 11:25:00,7324074620,6133498540,35,up,195.309,163.56,19.531,3.536,0
2026-03-10 11:30:00,7767504499,4723316879,37,up,207.133,125.955,20.713,3.7858,0
2026-03-10 11:35:00,9000531157,6872170501,0,up,240.014,183.258,24.001,0.0363,0
2026-03-10 11:40:00,5588406463,5833355823,3,up,149.024,155.556,14.902,0.3881,0
2026-03-10 11:45:00,7872254631,5939857781,5,up,209.927,158.396,20.993,0.5991,0
2026-03-10 11:50:00,9422028057,5559397057,10,up,251.254,148.251,25.125,1.0831,0
2026-03-10 11:55:00,7753830797,5637999802,8,up,206.769,150.347,20.677,0.8613,0
2026-03-10 12:00:00,8985515666,5524908881,27,up,239.614,147.331,23.961,2.7605,0
2026-03-10 12:05:00,6933709065,6312012279,44,up,184.899,168.32,18.49,4.4026,0
2026-03-10 12:10:00,7471157255,5619648203,5,up,199.231,149.857,19.923,0.5333,0
2026-03-10 12:15:00,7530172232,6142758897,20,up,200.805,163.807,20.08,2.0694,0
2026-03-10 12:20:00,5504168028,5332152921,11,up,146.778,142.191,14.678,1.1464,0
2026-03-10 12:25:00,6448639954,5757057356,17,up,171.964,153.522,17.196,1.7619,0
2026-03-10 12:30:00,6512812428,5082353767,24,up,173.675,135.529,17.367,2.424,0
2026-03-10 12:35:00,8239859470,6446156556,56,up,219.73,171.898,21.973,5.6014,0
2026-03-10 12:40:00,8284937795,5062220612,5,up,220.932,134.993,22.093,0.5339,0
2026-03-10 12:45:00,7791632798,5405638875,2,up,207.777,144.15,20.778,0.2276,0
2026-03-10 12:50:00,8241692607,5412401721,24,up,219.778,144.331,21.978,2.4669,0
2026-03-10 12:55:00,7352265528,5386082813,12,up,196.06,143.629,19.606,1.2527,0
2026-03-10 13:00:00,8581738502,6112684644,4,up,228.846,163.005,22.885,0.4445,0
2026-03-10 13:05:00,7507909598,5411256008,3,up,200.211,144.3,20.021,0.3113,0
2026-03-10 13:10:00,7552077642,6565899058,20,up,201.389,175.091,20.139,2.0463,0
2026-03-10 13:15:00,7260966630,5072529316,8,up,193.626,135.267,19.363,0.8934,0
2026-03-10 13:20:00,8116005429,5739329792,149,up,216.427,153.049,21.643,14.9061,0
2026-03-10 13:25:00,7120921065,5101344457,13,up,189.891,136.036,18.989,1.3018,0
2026-03-10 13:30:00,8378788239,5909156628,5,up,223.434,157.578,22.343,0.5966,0
2026-03-10 13:35:00,6481065773,5614233934,24,up,172.828,149.713,17.283,2.4779,0
2026-03-10 13:40:00,6510975370,5520333119,7,up,173.626,147.209,17.363,0.7001,0
2026-03-10 13:45:00,8118684079,6427220602,17,up,216.498,171.393,21.65,1.7035,0
2026-03-10 13:50:00,7420310206,5183319237,16,up,197.875,138.222,19.787,1.6472,0
2026-03-10 13:55:00,7091497725,6020897731,15,up,189.107,160.557,18.911,1.5108,0
2026-03-10 14:00:00,8301051959,5105952058,39,up,221.361,136.159,22.136,3.9751,0
2026-03-10 14:05:00,6953464727,5701062510,6,up,185.426,152.028,18.543,0.6103,0
2026-03-10 14:10:00,7319818871,4817986653,58,up,195.195,128.48,19.52,5.8665,0
2026-03-10 14:15:00,8759305155,5177800926,39,up,233.581,138.075,23.358,3.9176,0
2026-03-10 14:20:00,8885228111,5569553444,10,up,236.939,148.521,23.694,1.0129,0
2026-03-10 14:25:00,8915158389,6849888187,4,up,237.738,182.664,23.774,0.498,0
2026-03-10 14:30:00,7246086800,5693042612,8,up,193.229,151.814,19.323,0.8196,0
2026-03-10 14:35:00,8607632614,6741901113,10,up,229.537,179.784,22.954,1.0111,0
2026-03-10 14:40:00,6645942455,5773718221,20,up,177.225,153.966,17.723,2.0351,0
2026-03-10 14:45:00,6683787412,5363718134,1,up,178.234,143.032,17.823,0.1187,0
2026-03-10 14:50:00,5384589732,6664065652,61,up,143.589,177.708,14.359,6.144,0
2026-03-10 14:55:00,9005581381,5919986894,2,up,240.149,157.866,24.015,0.2597,0
2026-03-10 15:00:00,6722418135,5191162924,8,up,179.264,138.431,17.926,0.8187,0
2026-03-10 15:05:00,7386120678,5942635735,2,up,196.963,158.47,19.696,0.2893,0
2026-03-10 15:10:00,6680708092,5427498543,7,up,178.152,144.733,17.815,0.7415,0
2026-03-10 15:15:00,8125648723,4282401917,45,up,216.684,114.197,21.668,4.5454,0
2026-03-10 15:20:00,7161929705,6256781882,23,up,190.985,166.848,19.098,2.3874,0
2026-03-10 15:25:00,6325664798,6364080487,6,up,168.684,169.709,16.868,0.6447,0
2026-03-10 15:30:00,7897496307,6865610870,51,up,210.6,183.083,21.06,5.1346,0
2026-03-10 15:35:00,6209642977,5909946992,40,up,165.59,157.599,16.559,4.0325,0
2026-03-10 15:40:00,6746334847,5457111688,35,up,179.902,145.523,17.99,3.5025,0
2026-03-10 15:45:00,5603799796,6188617863,47,up,149.435,165.03,14.943,4.7037,0
2026-03-10 15:50:00,6218437699,6198628746,24,up,165.825,165.297,16.583,2.4167,0
2026-03-10 15:55:00,7660676252,6730839798,17,up,204.285,179.489,20.428,1.7401,0
2026-03-10 16:00:00,5731917565,5594876354,11,up,152.851,149.197,15.285,1.1708,0
2026-03-10 16:05:00,3700181308,5513234193,25,up,98.672,147.02,9.867,2.533,1
2026-03-10 16:10:00,7497867975,5142007516,20,up,199.943,137.12,19.994,2.0378,0
2026-03-10 16:15:00,7010753793,5987786908,55,up,186.953,159.674,18.695,5.5067,0
2026-03-10 16:20:00,9292832972,4579923373,22,up,247.809,122.131,24.781,2.2534,0
2026-03-10 16:25:00,9150506891,6148858976,63,up,244.014,163.97,24.401,6.3021,0
2026-03-10 16:30:00,6718869783,6021788707,11,up,179.17,160.581,17.917,1.1037,0
2026-03-10 16:35:00,8001423856,6019922386,29,up,213.371,160.531,21.337,2.9697,0
2026-03-10 16:40:00,8174354301,5718302034,26,up,217.983,152.488,21.798,2.615,0
2026-03-10 16:45:00,6962269027,6659760317,27,up,185.661,177.594,18.566,2.7749,0
2026-03-10 16:50:00,6154012617,6213595589,25,up,164.107,165.696,16.411,2.5894,0
2026-03-10 16:55:00,7488931395,5215222895,6,up,199.705,139.073,19.97,0.6265,0
2026-03-10 17:00:00,7344438892,5227304141,3,up,195.852,139.395,19.585,0.3875,0
2026-03-10 17:05:00,7107811952,5031220175,96,up,189.542,134.166,18.954,9.6142,0
2026-03-10 17:10:00,7898085181,5997116249,1,up,210.616,159.923,21.062,0.1159,0
2026-03-10 17:15:00,6824343353,4949906228,15,up,181.982,131.997,18.198,1.5765,0
2026-03-10 17:20:00,6463202207,6356289696,13,up,172.352,169.501,17.235,1.3838,0
2026-03-10 17:25:00,7598174673,6518006983,11,up,202.618,173.814,20.262,1.1158,0
2026-03-10 17:30:00,7847373083,5031664018,38,up,209.263,134.178,20.926,3.808,0
2026-03-10 17:35:00,6441019550,5499754739,34,up,171.761,146.66,17.176,3.4197,0
2026-03-10 17:40:00,8335281549,5636219162,58,up,222.274,150.299,22.227,5.8906,0
2026-03-10 17:45:00,5906566976,6221688633,12,up,157.508,165.912,15.751,1.2583,0
2026-03-10 17:50:00,6979697887,6711306778,20,up,186.125,178.968,18.613,2.0763,0
2026-03-10 17:55:00,7267792317,4487292634,55,up,193.808,119.661,19.381,5.5712,0
2026-03-10 18:00:00,6927398658,5410228015,127,up,184.731,144.273,18.473,12.7275,0
2026-03-10 18:05:00,6991445573,5445438730,87,up,186.439,145.212,18.644,8.7083,0
2026-03-10 18:10:00,9183967034,4679547847,31,up,244.906,124.788,24.491,3.1632,0
2026-03-10 18:15:00,6734204319,5297550736,3,up,179.579,141.268,17.958,0.3865,0
2026-03-10 18:20:00,9697099550,5913744037,0,up,258.589,157.7,25.859,0.0586,0
2026-03-10 18:25:00,7893414101,5436891740,43,up,210.491,144.984,21.049,4.3605,0
2026-03-10 18:30:00,7582849623,4582380711,45,up,202.209,122.197,20.221,4.5962,0
2026-03-10 18:35:00,7928616318,7565005821,34,up,211.43,201.733,21.143,3.4296,0
2026-03-10 18:40:00,9776934974,5804670059,8,up,260.718,154.791,26.072,0.821,0
2026-03-10 18:45:00,6605766296,5700393537,25,up,176.154,152.01,17.615,2.5529,0
2026-03-10 18:50:00,6491623872,4883899704,9,up,173.11,130.237,17.311,0.9504,0
2026-03-10 18:55:00,6820620423,5800976659,14,up,181.883,154.693,18.188,1.4975,0
2026-03-10 19:00:00,7528928832,5514155695,12,up,200.771,147.044,20.077,1.2049,0
2026-03-10 19:05:00,5946805987,4350246696,61,up,158.581,116.007,15.858,6.1231,0
2026-03-10 19:10:00,7520105315,4902577577,6,up,200.536,130.735,20.054,0.6669,0
2026-03-10 19:15:00,9024192420,6161575061,21,up,240.645,164.309,24.065,2.1546,0
2026-03-10 19:20:00,7636266651,6937211913,11,up,203.634,184.992,20.363,1.1196,0
2026-03-10 19:25:00,7236583086,5872836648,27,up,192.976,156.609,19.298,2.7197,0
2026-03-10 19:30:00,6943655596,6369581212,20,up,185.164,169.855,18.516,2.0785,0
2026-03-10 19:35:00,8308660534,5519865166,64,up,221.564,147.196,22.156,6.4418,0
2026-03-10 19:40:00,6756750504,5566581341,2,up,180.18,148.442,18.018,0.2679,0
2026-03-10 19:45:00,9161756328,6361410843,6,up,244.314,169.638,24.431,0.6232,0
2026-03-10 19:50:00,9240023772,6747374670,36,up,246.401,179.93,24.64,3.6348,0
2026-03-10 19:55:00,7731075718,6503240268,11,up,206.162,173.42,20.616,1.1503,0
2026-03-10 20:00:00,7489636420,4905204924,4,up,199.724,130.805,19.972,0.4532,0
2026-03-10 20:05:00,8427593827,5579802749,17,up,224.736,148.795,22.474,1.7495,0
2026-03-10 20:10:00,8485318652,5812329162,26,up,226.275,154.995,22.628,2.6399,0
2026-03-10 20:15:00,6774607442,5449717374,1,up,180.656,145.326,18.066,0.1147,0
2026-03-10 20:20:00,7026100380,5886803841,8,up,187.363,156.981,18.736,0.8619,0
2026-03-10 20:25:00,6309887308,6178889347,41,up,168.264,164.77,16.826,4.1442,0
2026-03-10 20:30:00,7868158444,6301896582,18,up,209.818,168.051,20.982,1.8362,0
2026-03-10 20:35:00,8099965095,6762962352,0,up,215.999,180.346,21.6,0.0901,0
2026-03-10 20:40:00,6285066925,5402627254,8,up,167.602,144.07,16.76,0.828,0
2026-03-10 20:45:00,7090320985,4704277613,25,up,189.075,125.447,18.908,2.5482,0
2026-03-10 20:50:00,6287471474,5866808350,5,up,167.666,156.448,16.767,0.5559,0
2026-03-10 20:55:00,6691080170,6896572446,43,up,178.429,183.909,17.843,4.3918,0
2026-03-10 21:00:00,7995915354,5303041294,28,up,213.224,141.414,21.322,2.822,0
2026-03-10 21:05:00,6839866139,6088621709,15,up,182.396,162.363,18.24,1.5937,0
2026-03-10 21:10:00,7229256639,6094628409,61,up,192.78,162.523,19.278,6.1812,0
2026-03-10 21:15:00,6035419444,5754223381,12,up,160.945,153.446,16.094,1.2431,0
2026-03-10 21:20:00,7668291188,5629674186,6,up,204.488,150.125,20.449,0.6699,0
2026-03-10 21:25:00,7460154012,5001685286,27,up,198.937,133.378,19.894,2.7074,0
2026-03-10 21:30:00,6843936674,4084878101,21,up,182.505,108.93,18.25,2.1292,0
2026-03-10 21:35:00,7329887132,4874500773,10,up,195.464,129.987,19.546,1.0209,0
2026-03-10 21:40:00,7662265392,5361544699,10,up,204.327,142.975,20.433,1.0527,0
2026-03-10 21:45:00,6766618665,6365760314,12,up,180.443,169.754,18.044,1.2696,0
2026-03-10 21:50:00,6171363710,5555388557,8,up,164.57,148.144,16.457,0.8602,0
2026-03-10 21:55:00,9125016989,5274657639,30,up,243.334,140.658,24.333,3.0968,0
2026-03-10 22:00:00,6930054565,5023584826,26,up,184.801,133.962,18.48,2.6343,0
2026-03-10 22:05:00,7412915907,6068343934,14,up,197.678,161.823,19.768,1.453,0
2026-03-10 22:10:00,8409755761,6541891087,12,up,224.26,174.45,22.426,1.2681,0
2026-03-10 22:15:00,10676149668,6342819112,11,up,284.697,169.142,28.47,1.1355,0
2026-03-10 22:20:00,6379962195,6034151047,8,up,170.132,160.911,17.013,0.8333,0
2026-03-10 22:25:00,7904844492,4628961396,2,up,210.796,123.439,21.08,0.224,0
2026-03-10 22:30:00,6863202943,5387619886,7,up,183.019,143.67,18.302,0.7806,0
2026-03-10 22:35:00,7015088725,6939430354,9,up,187.069,185.051,18.707,0.9686,0
2026-03-10 22:40:00,4111085508,6382316582,79,up,109.629,170.195,10.963,7.9337,1
2026-03-10 22:45:00,6486910528,4587185327,37,up,172.984,122.325,17.298,3.7157,0
2026-03-10 22:50:00,7462837774,5587476396,12,up,199.009,148.999,19.901,1.2592,0
2026-03-10 22:55:00,6172947581,5870091442,72,up,164.612,156.536,16.461,7.24,0
2026-03-10 23:00:00,8352126809,5110543037,43,up,222.723,136.281,22.272,4.3912,0
2026-03-10 23:05:00,7549502642,4066287285,104,up,201.32,108.434,20.132,10.4665,0
2026-03-10 23:10:00,7880191475,5691706230,52,up,210.138,151.779,21.014,5.2228,0
2026-03-10 23:15:00,7080430249,5093263176,23,up,188.811,135.82,18.881,2.3975,0
2026-03-10 23:20:00,7169516459,5095906826,22,up,191.187,135.891,19.119,2.2812,0
2026-03-10 23:25:00,7758807514,5385590757,3,up,206.902,143.616,20.69,0.3468,0
2026-03-10 23:30:00,6452354430,5534768757,32,up,172.063,147.594,17.206,3.2039,0
2026-03-10 23:35:00,7177808609,5618869113,22,up,191.408,149.837,19.141,2.292,0
2026-03-10 23:40:00,6726347837,5028306818,17,up,179.369,134.088,17.937,1.7678,0
2026-03-10 23:45:00,6698488070,5476358567,29,up,178.626,146.036,17.863,2.9546,0
2026-03-10 23:50:00,5601145583,4438739224,14,up,149.364,118.366,14.936,1.4677,0
2026-03-10 23:55:00,8705393930,5834951369,18,up,232.144,155.599,23.214,1.8551,0
2026-03-11 00:00:00,6882115122,3697014095,12,up,183.523,98.587,18.352,1.2702,0
2026-03-11 00:05:00,8547038449,5429594195,31,up,227.921,144.789,22.792,3.159,0
2026-03-11 00:10:00,8461913089,6245450653,52,up,225.651,166.545,22.565,5.231,0
2026-03-11 00:15:00,6342600264,4909945036,45,up,169.136,130.932,16.914,4.5947,0
2026-03-11 00:20:00,6520429887,6108590387,38,up,173.878,162.896,17.388,3.8547,0
2026-03-11 00:25:00,9804452663,6405119580,0,up,261.452,170.803,26.145,0.0347,0
2026-03-11 00:30:00,9075833347,3392167532,60,up,242.022,90.458,24.202,6.0727,0
2026-03-11 00:35:00,7471633338,5522830040,8,up,199.244,147.275,19.924,0.8035,0
2026-03-11 00:40:00,7731635795,3683852936,54,up,206.177,98.236,20.618,5.4726,0
2026-03-11 00:45:00,4159342942,5545209299,21,up,110.916,147.872,11.092,2.1936,1
2026-03-11 00:50:00,7889117442,5620159432,14,up,210.376,149.871,21.038,1.448,0
2026-03-11 00:55:00,6854536289,3949282809,34,up,182.788,105.314,18.279,3.4597,0
2026-03-11 01:00:00,5670881612,6924265894,25,up,151.224,184.647,15.122,2.5561,0
2026-03-11 01:05:00,6310599792,5818060670,13,up,168.283,155.148,16.828,1.3443,0
2026-03-11 01:10:00,7518983473,5051909183,28,up,200.506,134.718,20.051,2.8379,0
2026-03-11 01:15:00,6482039488,6614131113,19,up,172.854,176.377,17.285,1.9904,0
2026-03-11 01:20:00,7439450281,4412961076,8,up,198.385,117.679,19.839,0.8065,0
2026-03-11 01:25:00,6532805064,4795309552,25,up,174.208,127.875,17.421,2.5985,0
2026-03-11 01:30:00,6795881469,4072867521,5,up,181.224,108.61,18.122,0.5712,0
2026-03-11 01:35:00,8267848775,6840705507,29,up,220.476,182.419,22.048,2.9603,0
2026-03-11 01:40:00,7722732492,5849333800,0,up,205.94,155.982,20.594,0.0078,0
2026-03-11 01:45:00,7491302020,6070096208,19,up,199.768,161.869,19.977,1.9895,0
2026-03-11 01:50:00,8291067575,5828175832,12,up,221.095,155.418,22.11,1.2815,0
2026-03-11 01:55:00,7932547734,6012293238,9,up,211.535,160.328,21.153,0.9028,0
2026-03-11 02:00:00,8801906962,5677702456,18,up,234.718,151.405,23.472,1.8127,0
2026-03-11 02:05:00,7086126663,5807871906,25,up,188.963,154.877,18.896,2.5913,0
2026-03-11 02:10:00,7113328519,5697632319,84,up,189.689,151.937,18.969,8.4034,0
2026-03-11 02:15:00,6329001660,5214200531,44,up,168.773,139.045,16.877,4.4754,0
2026-03-11 02:20:00,7113917354,5593528283,31,up,189.704,149.161,18.97,3.1571,0
2026-03-11 02:25:00,8368292904,5809676336,16,up,223.154,154.925,22.315,1.6299,0
2026-03-11 02:30:00,5201993181,5699620655,49,up,138.72,151.99,13.872,4.9782,1
2026-03-11 02:35:00,8364274651,4627503827,0,up,223.047,123.4,22.305,0.0827,0
2026-03-11 02:40:00,5885227320,4717133998,11,up,156.939,125.79,15.694,1.1122,0
2026-03-11 02:45:00,8474830691,6355917967,47,up,225.995,169.491,22.6,4.7159,0
2026-03-11 02:50:00,5845333239,5417779019,12,up,155.876,144.474,15.588,1.2114,0
2026-03-11 02:55:00,8308305591,6019689609,15,up,221.555,160.525,22.155,1.5478,0
2026-03-11 03:00:00,7168993926,4887819060,7,up,191.173,130.342,19.117,0.7931,0
2026-03-11 03:05:00,8132279982,4630626533,8,up,216.861,123.483,21.686,0.801,0
2026-03-11 03:10:00,6300796486,5055572286,1,up,168.021,134.815,16.802,0.1597,0
2026-03-11 03:15:00,8554050869,5474768577,23,up,228.108,145.994,22.811,2.3785,0
2026-03-11 03:20:00,6181522728,5176030297,14,up,164.841,138.027,16.484,1.4858,0
2026-03-11 03:25:00,6898390580,6498405128,23,up,183.957,173.291,18.396,2.3283,0
2026-03-11 03:30:00,6601714835,5746178228,19,up,176.046,153.231,17.605,1.979,0
2026-03-11 03:35:00,5921143632,6873033567,40,up,157.897,183.281,15.79,4.0092,0
2026-03-11 03:40:00,7585074810,5897975503,34,up,202.269,157.279,20.227,3.4759,0
2026-03-11 03:45:00,9125480206,3996528197,36,up,243.346,106.574,24.335,3.69,0
2026-03-11 03:50:00,9900214700,6337828084,17,up,264.006,169.009,26.401,1.7291,0
2026-03-11 03:55:00,7587440208,4606052654,10,up,202.332,122.828,20.233,1.0919,0
2026-03-11 04:00:00,8505013147,5780610225,67,up,226.8,154.15,22.68,6.774,0
2026-03-11 04:05:00,7708885174,5102088261,1,up,205.57,136.056,20.557,0.1395,0
2026-03-11 04:10:00,7948994875,7071329948,4,up,211.973,188.569,21.197,0.414,0
2026-03-11 04:15:00,7192066213,6596728601,13,up,191.788,175.913,19.179,1.3601,0
2026-03-11 04:20:00,4605341539,5124271066,95,up,122.809,136.647,12.281,9.5181,1
2026-03-11 04:25:00,7983730834,5539033574,0,up,212.899,147.708,21.29,0.0206,0
2026-03-11 04:30:00,6979386244,5790103697,31,up,186.117,154.403,18.612,3.1764,0
2026-03-11 04:35:00,7430255130,6207804498,20,up,198.14,165.541,19.814,2.0452,0
2026-03-11 04:40:00,4468447735,5644677540,66,up,119.159,150.525,11.916,6.6301,1
2026-03-11 04:45:00,8243762985,4933195942,13,up,219.834,131.552,21.983,1.3769,0
2026-03-11 04:50:00,6540571045,5140647918,18,up,174.415,137.084,17.442,1.8323,0
2026-03-11 04:55:00,7453612012,5621974787,4,up,198.763,149.919,19.876,0.4412,0
2026-03-11 05:00:00,9220804922,6458258460,2,up,245.888,172.22,24.589,0.2877,0
2026-03-11 05:05:00,8547654137,5913790555,8,up,227.937,157.701,22.794,0.8549,0
2026-03-11 05:10:00,8714261143,5102944924,30,up,232.38,136.079,23.238,3.0904,0
2026-03-11 05:15:00,7521988656,6062651624,22,up,200.586,161.671,20.059,2.2186,0
2026-03-11 05:20:00,7788897807,5363785233,16,up,207.704,143.034,20.77,1.6354,0
2026-03-11 05:25:00,8402012550,6226025403,21,up,224.054,166.027,22.405,2.1188,0
2026-03-11 05:30:00,8904229976,7330732032,20,up,237.446,195.486,23.745,2.0482,0
2026-03-11 05:35:00,5743557378,5382792199,9,up,153.162,143.541,15.316,0.917,0
2026-03-11 05:40:00,6316102823,6166083482,2,up,168.429,164.429,16.843,0.2563,0
2026-03-11 05:45:00,8678499691,5121859500,56,up,231.427,136.583,23.143,5.6773,0
2026-03-11 05:50:00,7250799579,5549221957,22,up,193.355,147.979,19.335,2.2902,0
2026-03-11 05:55:00,4137270773,5644954543,119,up,110.327,150.532,11.033,11.9649,1
2026-03-11 06:00:00,6371255111,5494263529,15,up,169.9,146.514,16.99,1.559,0
2026-03-11 06:05:00,7000484968,7287534239,35,up,186.68,194.334,18.668,3.5314,0
2026-03-11 06:10:00,6237867644,5418049674,21,up,166.343,144.481,16.634,2.1957,0
2026-03-11 06:15:00,9381984845,6021124788,1,up,250.186,160.563,25.019,0.1383,0
2026-03-11 06:20:00,7479807553,4322191363,55,up,199.462,115.258,19.946,5.5204,0
2026-03-11 06:25:00,7447844512,5916597680,9,up,198.609,157.776,19.861,0.9115,0
2026-03-11 06:30:00,8029269007,6395886849,3,up,214.114,170.557,21.411,0.3709,0
2026-03-11 06:35:00,8366110652,5268871793,2,up,223.096,140.503,22.31,0.2304,0
2026-03-11 06:40:00,8351299340,3930600054,31,up,222.701,104.816,22.27,3.1863,0
2026-03-11 06:45:00,8466259749,5598910056,30,up,225.767,149.304,22.577,3.0432,0
2026-03-11 06:50:00,6932239004,5636599099,30,up,184.86,150.309,18.486,3.0113,0
2026-03-11 06:55:00,7231919875,6113750659,61,up,192.851,163.033,19.285,6.185,0
2026-03-11 07:00:00,8192128489,6982359548,10,up,218.457,186.196,21.846,1.0729,0
2026-03-11 07:05:00,7025349844,5368463785,20,up,187.343,143.159,18.734,2.0589,0
2026-03-11 07:10:00,7495404031,5047005516,24,up,199.877,134.587,19.988,2.4156,0
2026-03-11 07:15:00,7858887387,4837330484,97,up,209.57,128.995,20.957,9.7161,0
2026-03-11 07:20:00,8206666574,5758703066,9,up,218.844,153.565,21.884,0.9362,0
2026-03-11 07:25:00,5900087133,5948564124,78,up,157.336,158.628,15.734,7.8278,0
2026-03-11 07:30:00,8143271084,5256682608,4,up,217.154,140.178,21.715,0.4026,0
2026-03-11 07:35:00,7289648347,6150610853,36,up,194.391,164.016,19.439,3.6098,0
2026-03-11 07:40:00,8136711939,5939134251,25,up,216.979,158.377,21.698,2.5052,0
2026-03-11 07:45:00,8199238523,5654181390,42,up,218.646,150.778,21.865,4.2443,0
2026-03-11 07:50:00,8947123555,5015870063,0,up,238.59,133.757,23.859,0.0728,0
2026-03-11 07:55:00,8718108282,5299741587,2,up,232.483,141.326,23.248,0.2034,0
2026-03-11 08:00:00,8711914496,3984915174,1,up,232.318,106.264,23.232,0.1806,0
2026-03-11 08:05:00,8799303287,5784156268,22,up,234.648,154.244,23.465,2.2471,0
2026-03-11 08:10:00,7762241086,5642780369,23,up,206.993,150.474,20.699,2.3091,0
2026-03-11 08:15:00,7528966578,5752223318,59,up,200.772,153.393,20.077,5.9139,0
2026-03-11 08:20:00,8285535374,5965415335,15,up,220.948,159.078,22.095,1.5759,0
2026-03-11 08:25:00,8158872856,5885429503,1,up,217.57,156.945,21.757,0.1762,0
2026-03-11 08:30:00,7221840386,5550491353,5,up,192.582,148.013,19.258,0.5878,0
2026-03-11 08:35:00,7864341067,5657850929,0,up,209.716,150.876,20.972,0.0203,0
2026-03-11 08:40:00,7468413179,4677086418,37,up,199.158,124.722,19.916,3.7483,0
2026-03-11 08:45:00,6731460382,5230988564,42,up,179.506,139.493,17.951,4.2266,0
2026-03-11 08:50:00,8661414667,5659067961,154,up,230.971,150.908,23.097,15.4631,0
2026-03-11 08:55:00,7549679318,5128298836,13,up,201.325,136.755,20.132,1.3284,0
2026-03-11 09:00:00,9343837431,6205601787,0,up,249.169,165.483,24.917,0.0487,0
2026-03-11 09:05:00,6037056956,5180423345,6,up,160.988,138.145,16.099,0.6688,0
2026-03-11 09:10:00,6998899104,5771006152,22,up,186.637,153.893,18.664,2.2154,0
2026-03-11 09:15:00,4517624971,5703681818,326,up,120.47,152.098,12.047,32.6867,1
2026-03-11 09:20:00,8523642987,6128737375,2,up,227.297,163.433,22.73,0.2734,0
2026-03-11 09:25:00,7859522435,6233034042,3,up,209.587,166.214,20.959,0.3241,0
2026-03-11 09:30:00,7779425478,6093472012,30,up,207.451,162.493,20.745,3.0246,0
2026-03-11 09:35:00,3891277552,4203445814,110,up,103.767,112.092,10.377,11.0023,1
2026-03-11 09:40:00,6458752742,6431049999,7,up,172.233,171.495,17.223,0.7209,0
2026-03-11 09:45:00,7790254194,6655933051,41,up,207.74,177.492,20.774,4.1936,0
2026-03-11 09:50:00,6272304605,5299566108,3,up,167.261,141.322,16.726,0.3446,0
2026-03-11 09:55:00,7021310024,5784736666,65,up,187.235,154.26,18.723,6.5005,0
2026-03-11 10:00:00,7950825596,5023688615,5,up,212.022,133.965,21.202,0.5611,0
2026-03-11 10:05:00,6615908154,4309844507,2,up,176.424,114.929,17.642,0.2121,0
2026-03-11 10:10:00,8944820366,5126367195,10,up,238.529,136.703,23.853,1.037,0
2026-03-11 10:15:00,8601542709,5260406148,5,up,229.374,140.277,22.937,0.5201,0
2026-03-11 10:20:00,6085722001,5385475756,18,up,162.286,143.613,16.229,1.8713,0
2026-03-11 10:25:00,6660865881,4977732989,29,up,177.623,132.74,17.762,2.9027,0
2026-03-11 10:30:00,5442800479,5129938012,16,up,145.141,136.798,14.514,1.6879,0
2026-03-11 10:35:00,6795667773,5617570732,27,up,181.218,149.802,18.122,2.7015,0
2026-03-11 10:40:00,8189749628,5105096786,11,up,218.393,136.136,21.839,1.135,0
2026-03-11 10:45:00,7127494551,5991878924,0,up,190.067,159.783,19.007,0.0708,0
2026-03-11 10:50:00,7914717519,6085120939,91,up,211.059,162.27,21.106,9.1303,0
2026-03-11 10:55:00,6129899113,7231761728,42,up,163.464,192.847,16.346,4.2789,0
2026-03-11 11:00:00,8218177729,6384833954,1,up,219.151,170.262,21.915,0.1906,0
2026-03-11 11:05:00,4200241016,5789094564,59,up,112.006,154.376,11.201,5.9634,1
2026-03-11 11:10:00,7510952714,5206321599,25,up,200.292,138.835,20.029,2.5198,0
2026-03-11 11:15:00,7416412948,5823279462,5,up,197.771,155.287,19.777,0.5286,0
2026-03-11 11:20:00,6355606331,5845452272,21,up,169.483,155.879,16.948,2.1568,0
2026-03-11 11:25:00,6462224101,5278513664,19,up,172.326,140.76,17.233,1.907,0
2026-03-11 11:30:00,8371015022,6154018692,5,up,223.227,164.107,22.323,0.5838,0
2026-03-11 11:35:00,7859092941,4681283840,3,up,209.576,124.834,20.958,0.3806,0
2026-03-11 11:40:00,8445044137,5460030111,35,up,225.201,145.601,22.52,3.557,0
2026-03-11 11:45:00,7792192411,6000204460,9,up,207.792,160.005,20.779,0.9737,0
2026-03-11 11:50:00,7628691571,5430880700,6,up,203.432,144.823,20.343,0.6994,0
2026-03-11 11:55:00,5946590443,5485440777,33,up,158.576,146.278,15.858,3.3474,0
2026-03-11 12:00:00,7256669972,5531994543,33,up,193.511,147.52,19.351,3.3302,0
2026-03-11 12:05:00,7475354111,5060969162,8,up,199.343,134.959,19.934,0.8088,0
2026-03-11 12:10:00,9257796478,6417383128,51,up,246.875,171.13,24.687,5.1504,0
2026-03-11 12:15:00,8118260968,4937824571,29,up,216.487,131.675,21.649,2.9139,0
2026-03-11 12:20:00,8882455063,5839757546,10,up,236.865,155.727,23.687,1.0607,0
2026-03-11 12:25:00,8037783935,5904212331,13,up,214.341,157.446,21.434,1.3943,0
2026-03-11 12:30:00,6859827095,4984680216,32,up,182.929,132.925,18.293,3.2431,0
2026-03-11 12:35:00,7605411794,5674345371,5,up,202.811,151.316,20.281,0.5943,0
2026-03-11 12:40:00,7712601281,5010998283,15,up,205.669,133.627,20.567,1.5814,0
2026-03-11 12:45:00,6654759987,6563953670,26,up,177.46,175.039,17.746,2.6501,0
2026-03-11 12:50:00,7154051361,4856321517,19,up,190.775,129.502,19.077,1.9386,0
2026-03-11 12:55:00,7314809705,5183619461,23,up,195.062,138.23,19.506,2.3433,0
2026-03-11 13:00:00,8945057849,4798648119,19,up,238.535,127.964,23.853,1.9753,0
2026-03-11 13:05:00,5627333527,4708553359,5,up,150.062,125.561,15.006,0.5554,0
2026-03-11 13:10:00,8585236578,6699070321,13,up,228.94,178.642,22.894,1.32,0
2026-03-11 13:15:00,6656884288,5991372904,18,up,177.517,159.77,17.752,1.8981,0
2026-03-11 13:20:00,6265128731,5719698062,37,up,167.07,152.525,16.707,3.786,0
2026-03-11 13:25:00,5137168750,5181810549,106,up,136.991,138.182,13.699,10.6104,1
2026-03-11 13:30:00,8158708262,6237637972,13,up,217.566,166.337,21.757,1.3904,0
2026-03-11 13:35:00,8629066832,5068649853,91,up,230.108,135.164,23.011,9.1629,0
2026-03-11 13:40:00,8220631752,6160706523,2,up,219.217,164.286,21.922,0.2851,0
2026-03-11 13:45:00,9353860501,5036054888,5,up,249.436,134.295,24.944,0.5792,0
2026-03-11 13:50:00,8002851453,5189957301,10,up,213.409,138.399,21.341,1.0438,0
2026-03-11 13:55:00,7359170361,6136840610,6,up,196.245,163.649,19.624,0.6488,0
2026-03-11 14:00:00,7808633739,6208083457,24,up,208.23,165.549,20.823,2.455,0
2026-03-11 14:05:00,8619122215,6028294230,1,up,229.843,160.755,22.984,0.1009,0
2026-03-11 14:10:00,6798562207,4916469971,4,up,181.295,131.106,18.129,0.4883,0
2026-03-11 14:15:00,6913300275,5323459365,8,up,184.355,141.959,18.435,0.868,0
2026-03-11 14:20:00,7221935986,5730906650,28,up,192.585,152.824,19.258,2.8749,0
2026-03-11 14:25:00,5605875481,5051735350,52,up,149.49,134.713,14.949,5.216,0
2026-03-11 14:30:00,7624270567,6550399863,40,up,203.314,174.677,20.331,4.0048,0
2026-03-11 14:35:00,5802484166,4003685812,5,up,154.733,106.765,15.473,0.5025,0
2026-03-11 14:40:00,7547753381,5099350827,20,up,201.273,135.983,20.127,2.0834,0
2026-03-11 14:45:00,8278760780,5281042610,0,up,220.767,140.828,22.077,0.0762,0
2026-03-11 14:50:00,7070811185,3705338026,9,up,188.555,98.809,18.855,0.9296,0
2026-03-11 14:55:00,9009404283,4682545337,40,up,240.251,124.868,24.025,4.0995,0
2026-03-11 15:00:00,6185549190,6047070420,15,up,164.948,161.255,16.495,1.5251,0
2026-03-11 15:05:00,8572134613,5645441454,4,up,228.59,150.545,22.859,0.4061,0
2026-03-11 15:10:00,4864574010,6686866814,57,up,129.722,178.316,12.972,5.7724,1
2026-03-11 15:15:00,5955570076,6668027850,5,up,158.815,177.814,15.882,0.5517,0
2026-03-11 15:20:00,9939714869,5917306305,12,up,265.059,157.795,26.506,1.2489,0
2026-03-11 15:25:00,7442629243,5836435818,16,up,198.47,155.638,19.847,1.6728,0
2026-03-11 15:30:00,6710264380,5669503498,10,up,178.94,151.187,17.894,1.0753,0
2026-03-11 15:35:00,6233621524,3832819637,69,up,166.23,102.209,16.623,6.9103,0
2026-03-11 15:40:00,7301983775,4683672328,20,up,194.72,124.898,19.472,2.0669,0
2026-03-11 15:45:00,4431200288,5692955964,185,up,118.165,151.812,11.817,18.5083,1
2026-03-11 15:50:00,7592380975,6040817353,35,up,202.463,161.088,20.246,3.5754,0
2026-03-11 15:55:00,7231983459,5820527123,27,up,192.853,155.214,19.285,2.7056,0
2026-03-11 16:00:00,8069902779,5022586146,17,up,215.197,133.936,21.52,1.7174,0
2026-03-11 16:05:00,7151133150,6257749240,0,up,190.697,166.873,19.07,0.0054,0
2026-03-11 16:10:00,5758532294,6625649719,23,up,153.561,176.684,15.356,2.3763,0
2026-03-11 16:15:00,7365574653,6258142980,10,up,196.415,166.884,19.642,1.1,0
2026-03-11 16:20:00,5369270111,6292979547,3,up,143.181,167.813,14.318,0.3132,0
2026-03-11 16:25:00,7818393567,5247522586,14,up,208.49,139.934,20.849,1.4703,0
2026-03-11 16:30:00,6618629792,6351255532,33,up,176.497,169.367,17.65,3.3253,0
2026-03-11 16:35:00,7647024319,5723387081,81,up,203.921,152.624,20.392,8.1543,0
2026-03-11 16:40:00,8682667483,5970299981,11,up,231.538,159.208,23.154,1.1714,0
2026-03-11 16:45:00,6646126174,5871666493,19,up,177.23,156.578,17.723,1.9562,0
2026-03-11 16:50:00,8455130632,5542996203,47,up,225.47,147.813,22.547,4.7636,0
2026-03-11 16:55:00,7109949389,5044498329,10,up,189.599,134.52,18.96,1.0162,0
2026-03-11 17:00:00,9077875321,5569557752,3,up,242.077,148.522,24.208,0.3836,0
2026-03-11 17:05:00,7171362648,6291064091,8,up,191.236,167.762,19.124,0.8278,0
2026-03-11 17:10:00,4046133787,5327003831,229,up,107.897,142.053,10.79,22.9385,1
2026-03-11 17:15:00,8118514605,6228009402,4,up,216.494,166.08,21.649,0.4341,0
2026-03-11 17:20:00,7107789243,6122522702,9,up,189.541,163.267,18.954,0.9983,0
2026-03-11 17:25:00,6742695437,5423217257,15,up,179.805,144.619,17.981,1.562,0
2026-03-11 17:30:00,7069944134,6562440069,46,up,188.532,174.998,18.853,4.6951,0
2026-03-11 17:35:00,7459854121,5385005996,69,up,198.929,143.6,19.893,6.94,0
2026-03-11 17:40:00,8707962118,6643944132,13,up,232.212,177.172,23.221,1.387,0
2026-03-11 17:45:00,5759321029,5918035712,67,up,153.582,157.814,15.358,6.7189,0
2026-03-11 17:50:00,7520772593,5614290505,4,up,200.554,149.714,20.055,0.4402,0
2026-03-11 17:55:00,8062413235,5025734068,4,up,214.998,134.02,21.5,0.4265,0
2026-03-11 18:00:00,7674103717,5565424344,74,up,204.643,148.411,20.464,7.4521,0
2026-03-11 18:05:00,8678878652,5487462328,17,up,231.437,146.332,23.144,1.7817,0
2026-03-11 18:10:00,7433089203,4775649939,5,up,198.216,127.351,19.822,0.5142,0
2026-03-11 18:15:00,7333903702,5478109589,16,up,195.571,146.083,19.557,1.6735,0
2026-03-11 18:20:00,8033096592,5082432853,38,up,214.216,135.532,21.422,3.8221,0
2026-03-11 18:25:00,4553629460,6020544444,175,up,121.43,160.548,12.143,17.54,1
2026-03-11 18:30:00,7148632135,6506739321,49,up,190.63,173.513,19.063,4.9872,0
2026-03-11 18:35:00,7964529635,4796831918,21,up,212.387,127.916,21.239,2.1074,0
2026-03-11 18:40:00,4147634721,6780807716,201,up,110.604,180.822,11.06,20.17,1
2026-03-11 18:45:00,6949940563,5538228051,17,up,185.332,147.686,18.533,1.7835,0
2026-03-11 18:50:00,7024805380,4966860565,23,up,187.328,132.45,18.733,2.3352,0
2026-03-11 18:55:00,8717762244,6136484476,35,up,232.474,163.64,23.247,3.5545,0
2026-03-11 19:00:00,4601085279,5323643227,13,up,122.696,141.964,12.27,1.3854,0
2026-03-11 19:05:00,7856038951,5569827743,1,up,209.494,148.529,20.949,0.1911,0
2026-03-11 19:10:00,7530844632,5352112185,10,up,200.823,142.723,20.082,1.0776,0
2026-03-11 19:15:00,5987216586,5073701895,24,up,159.659,135.299,15.966,2.445,0
2026-03-11 19:20:00,7778754101,6113697996,5,up,207.433,163.032,20.743,0.534,0
2026-03-11 19:25:00,7928176792,5431746553,4,up,211.418,144.847,21.142,0.4016,0
2026-03-11 19:30:00,8030675308,4655260040,8,up,214.151,124.14,21.415,0.8671,0
2026-03-11 19:35:00,5113354743,5996965583,0,up,136.356,159.919,13.636,0.0816,0
2026-03-11 19:40:00,8729750470,4811231913,34,up,232.793,128.3,23.279,3.4008,0
2026-03-11 19:45:00,6836036965,4846549383,7,up,182.294,129.241,18.229,0.7484,0
2026-03-11 19:50:00,4870746583,6430009188,13,up,129.887,171.467,12.989,1.3266,1
2026-03-11 19:55:00,8166966402,4817470568,30,up,217.786,128.466,21.779,3.0027,0
2026-03-11 20:00:00,6710972622,4061399721,46,up,178.959,108.304,17.896,4.6276,0
2026-03-11 20:05:00,8094413957,6045431502,0,up,215.851,161.212,21.585,0.0502,0
2026-03-11 20:10:00,7153056083,5419892185,6,up,190.748,144.53,19.075,0.6651,0
2026-03-11 20:15:00,5635760538,5478082793,72,up,150.287,146.082,15.029,7.2616,0
2026-03-11 20:20:00,8550967732,5412712234,12,up,228.026,144.339,22.803,1.2164,0
2026-03-11 20:25:00,6802459533,5781377208,69,up,181.399,154.17,18.14,6.9755,0
2026-03-11 20:30:00,6730955883,5116914511,8,up,179.492,136.451,17.949,0.8012,0
2026-03-11 20:35:00,7137240718,6621377540,6,up,190.326,176.57,19.033,0.615,0
2026-03-11 20:40:00,7745013052,4628544425,6,up,206.534,123.428,20.653,0.6023,0
2026-03-11 20:45:00,7448456630,5925290568,2,up,198.626,158.008,19.863,0.2227,0
2026-03-11 20:50:00,7993260232,6058431677,56,up,213.154,161.558,21.315,5.6688,0
2026-03-11 20:55:00,6294459570,5112235061,97,up,167.852,136.326,16.785,9.7595,0
2026-03-11 21:00:00,6831852266,4933979249,77,up,182.183,131.573,18.218,7.7256,0
2026-03-11 21:05:00,7395602634,6311592594,47,up,197.216,168.309,19.722,4.7768,0
2026-03-11 21:10:00,9208098563,4956168991,46,up,245.549,132.165,24.555,4.6915,0
2026-03-11 21:15:00,7397568715,5215501839,27,up,197.268,139.08,19.727,2.705,0
2026-03-11 21:20:00,8476700037,6223933549,43,up,226.045,165.972,22.605,4.3748,0
2026-03-11 21:25:00,7534699651,5648450332,5,up,200.925,150.625,20.093,0.5841,0
2026-03-11 21:30:00,7064707226,4411928024,12,up,188.392,117.651,18.839,1.2272,0
2026-03-11 21:35:00,7277948018,6804264922,25,up,194.079,181.447,19.408,2.5599,0
2026-03-11 21:40:00,7348422259,5267242737,51,up,195.958,140.46,19.596,5.194,0
2026-03-11 21:45:00,8043281165,5353138829,27,up,214.487,142.75,21.449,2.7005,0
2026-03-11 21:50:00,8737150140,5797654370,45,up,232.991,154.604,23.299,4.5662,0
2026-03-11 21:55:00,7823712762,6046926837,16,up,208.632,161.251,20.863,1.6059,0
2026-03-11 22:00:00,8568369910,6948745396,31,up,228.49,185.3,22.849,3.1585,0
2026-03-11 22:05:00,6631689236,4504453999,97,up,176.845,120.119,17.685,9.7777,0
2026-03-11 22:10:00,7126832542,6182517741,4,up,190.049,164.867,19.005,0.4166,0
2026-03-11 22:15:00,6848127719,6126531543,65,up,182.617,163.374,18.262,6.5405,0
2026-03-11 22:20:00,7783000131,5532413685,18,up,207.547,147.531,20.755,1.8473,0
2026-03-11 22:25:00,7176937453,6156409744,25,up,191.385,164.171,19.138,2.5766,0
2026-03-11 22:30:00,8156795643,6255634961,52,up,217.515,166.817,21.751,5.2567,0
2026-03-11 22:35:00,6662098459,4692175120,13,up,177.656,125.125,17.766,1.3176,0
2026-03-11 22:40:00,7538727875,6806092391,13,up,201.033,181.496,20.103,1.3562,0
2026-03-11 22:45:00,8118172119,4572835479,18,up,216.485,121.942,21.648,1.8726,0
2026-03-11 22:50:00,5641227502,4858661510,0,up,150.433,129.564,15.043,0.0482,0
2026-03-11 22:55:00,9409468176,5448293320,17,up,250.919,145.288,25.092,1.7163,0
2026-03-11 23:00:00,7245163303,6924334846,8,up,193.204,184.649,19.32,0.8601,0
2026-03-11 23:05:00,5677464077,5416926774,65,up,151.399,144.451,15.14,6.5761,0
2026-03-11 23:10:00,7642284508,5603444624,2,up,203.794,149.425,20.379,0.2296,0
2026-03-11 23:15:00,7530099121,6591653057,15,up,200.803,175.777,20.08,1.5373,0
2026-03-11 23:20:00,7426295058,5422285253,73,up,198.035,144.594,19.803,7.3658,0
2026-03-11 23:25:00,8392072001,4829555218,57,up,223.789,128.788,22.379,5.7825,0
2026-03-11 23:30:00,8172700474,5343366486,30,up,217.939,142.49,21.794,3.0212,0
2026-03-11 23:35:00,7768088571,6550284487,22,up,207.149,174.674,20.715,2.2251,0
2026-03-11 23:40:00,7905140070,5672833873,8,up,210.804,151.276,21.08,0.8238,0
2026-03-11 23:45:00,7406077395,6928194324,11,up,197.495,184.752,19.75,1.143,0
2026-03-11 23:50:00,9097941764,6123106075,2,up,242.612,163.283,24.261,0.2361,0
2026-03-11 23:55:00,6168723583,5189753967,38,up,164.499,138.393,16.45,3.8557,0
2026-03-12 00:00:00,7625686506,5659476505,9,up,203.352,150.919,20.335,0.9784,0
2026-03-12 00:05:00,7558522168,5049077770,27,up,201.561,134.642,20.156,2.7549,0
2026-03-12 00:10:00,8231952365,5173807704,11,up,219.519,137.968,21.952,1.1063,0
2026-03-12 00:15:00,6740531510,8648381869,15,up,179.748,230.624,17.975,1.5606,0
2026-03-12 00:20:00,5930694657,6312571544,20,up,158.152,168.335,15.815,2.0242,0
2026-03-12 00:25:00,7641140714,6206241142,40,up,203.764,165.5,20.376,4.0469,0
2026-03-12 00:30:00,7753107442,5204353287,5,up,206.75,138.783,20.675,0.593,0
2026-03-12 00:35:00,5304383681,6684469244,50,up,141.45,178.253,14.145,5.0877,1
2026-03-12 00:40:00,6356674158,6367105531,3,up,169.511,169.789,16.951,0.3484,0
2026-03-12 00:45:00,5123534634,6895094370,7,up,136.628,183.869,13.663,0.7878,1
2026-03-12 00:50:00,9630672927,6862352050,23,up,256.818,182.996,25.682,2.3201,0
2026-03-12 00:55:00,7160011601,4626614730,5,up,190.934,123.376,19.093,0.524,0
2026-03-12 01:00:00,6338152002,4875858344,1,up,169.017,130.023,16.902,0.1542,0
2026-03-12 01:05:00,7133723070,4947443224,56,up,190.233,131.932,19.023,5.6849,0
2026-03-12 01:10:00,7512604470,4987840065,19,up,200.336,133.009,20.034,1.9106,0
2026-03-12 01:15:00,8007409087,5843330345,3,up,213.531,155.822,21.353,0.3615,0
2026-03-12 01:20:00,6967744743,5242407669,1,up,185.807,139.798,18.581,0.1373,0
2026-03-12 01:25:00,8899678680,7024004015,3,up,237.325,187.307,23.732,0.3192,0
2026-03-12 01:30:00,6496920916,6910658920,15,up,173.251,184.284,17.325,1.5935,0
2026-03-12 01:35:00,5934715363,5620638423,27,up,158.259,149.884,15.826,2.7601,0
2026-03-12 01:40:00,8496039381,6944845195,25,up,226.561,185.196,22.656,2.563,0
2026-03-12 01:45:00,3271704643,6629490873,15,up,87.245,176.786,8.725,1.5598,1
2026-03-12 01:50:00,7316283208,5320773072,25,up,195.101,141.887,19.51,2.5093,0
2026-03-12 01:55:00,10305913016,4268779642,12,up,274.824,113.834,27.482,1.2974,0
2026-03-12 02:00:00,7489160802,5477871340,15,up,199.711,146.077,19.971,1.5625,0
2026-03-12 02:05:00,6491309114,5189880061,40,up,173.102,138.397,17.31,4.0415,0
2026-03-12 02:10:00,7448342282,5764391296,10,up,198.622,153.717,19.862,1.0105,0
2026-03-12 02:15:00,4472567574,5685229093,15,up,119.268,151.606,11.927,1.5899,1
2026-03-12 02:20:00,7644584946,5667536919,51,up,203.856,151.134,20.386,5.1679,0
2026-03-12 02:25:00,8096036683,5978487200,5,up,215.894,159.426,21.589,0.5961,0
2026-03-12 02:30:00,6564799948,4806547685,8,up,175.061,128.175,17.506,0.8705,0
2026-03-12 02:35:00,9018793249,5902668187,30,up,240.501,157.404,24.05,3.0655,0
2026-03-12 02:40:00,7720602855,5328259096,28,up,205.883,142.087,20.588,2.8765,0
2026-03-12 02:45:00,4892468785,5759987984,161,up,130.466,153.6,13.047,16.1144,1
2026-03-12 02:50:00,6934665540,6271251645,5,up,184.924,167.233,18.492,0.5079,0
2026-03-12 02:55:00,8657743923,4798530153,10,up,230.873,127.961,23.087,1.0857,0
2026-03-12 03:00:00,7268652832,5435126784,3,up,193.831,144.937,19.383,0.3364,0
2026-03-12 03:05:00,7749797262,5544989392,19,up,206.661,147.866,20.666,1.947,0
2026-03-12 03:10:00,6660204530,5277868444,8,up,177.605,140.743,17.761,0.8653,0
2026-03-12 03:15:00,6602761536,6232384909,29,up,176.074,166.197,17.607,2.9194,0
2026-03-12 03:20:00,8119384775,5138737857,0,up,216.517,137.033,21.652,0.0009,0
2026-03-12 03:25:00,7100753852,5250104730,1,up,189.353,140.003,18.935,0.1538,0
2026-03-12 03:30:00,6731559221,5145804585,14,up,179.508,137.221,17.951,1.4166,0
2026-03-12 03:35:00,6921134992,6362137402,79,up,184.564,169.657,18.456,7.9362,0
2026-03-12 03:40:00,8129057764,5292600224,55,up,216.775,141.136,21.677,5.5376,0
2026-03-12 03:45:00,6933865924,5935530638,127,up,184.903,158.281,18.49,12.7938,0
2026-03-12 03:50:00,7394110561,6958600943,13,up,197.176,185.563,19.718,1.3482,0
2026-03-12 03:55:00,7513524975,5574497566,1,up,200.361,148.653,20.036,0.1192,0
2026-03-12 04:00:00,5774386002,6375640959,9,up,153.984,170.017,15.398,0.9131,0
2026-03-12 04:05:00,6175986235,6753164006,28,up,164.693,180.084,16.469,2.8158,0
2026-03-12 04:10:00,7802650100,6318354303,3,up,208.071,168.489,20.807,0.363,0
2026-03-12 04:15:00,6836673574,5613659111,8,up,182.311,149.698,18.231,0.8916,0
2026-03-12 04:20:00,8451052420,6058422737,1,up,225.361,161.558,22.536,0.1445,0
2026-03-12 04:25:00,8370126393,4756019449,16,up,223.203,126.827,22.32,1.6107,0
2026-03-12 04:30:00,8147251799,5098470868,5,up,217.26,135.959,21.726,0.5859,0
2026-03-12 04:35:00,9137794608,5216844252,2,up,243.675,139.116,24.367,0.2392,0
2026-03-12 04:40:00,7425219605,7137413181,13,up,198.006,190.331,19.801,1.3242,0
2026-03-12 04:45:00,8083993733,5076505452,10,up,215.573,135.373,21.557,1.0817,0
2026-03-12 04:50:00,6974039121,5066453192,19,up,185.974,135.105,18.597,1.9279,0
2026-03-12 04:55:00,9707132921,4920353338,34,up,258.857,131.209,25.886,3.4561,0
2026-03-12 05:00:00,9285270287,6002872939,2,up,247.607,160.077,24.761,0.2986,0
2026-03-12 05:05:00,7510692391,5721269440,39,up,200.285,152.567,20.029,3.9151,0
2026-03-12 05:10:00,7847927606,6358562309,0,up,209.278,169.562,20.928,0.0666,0
2026-03-12 05:15:00,8723367839,6078100274,14,up,232.623,162.083,23.262,1.4634,0
2026-03-12 05:20:00,7367574445,4693236853,22,up,196.469,125.153,19.647,2.2134,0
2026-03-12 05:25:00,6909038336,5080087505,78,up,184.241,135.469,18.424,7.8663,0
2026-03-12 05:30:00,8286590775,6546596905,21,up,220.976,174.576,22.098,2.1328,0
2026-03-12 05:35:00,7570595321,5487773684,4,up,201.883,146.341,20.188,0.4322,0
2026-03-12 05:40:00,7664695004,6426624477,18,up,204.392,171.377,20.439,1.8222,0
2026-03-12 05:45:00,6749155791,5523965360,12,up,179.977,147.306,17.998,1.2596,0
2026-03-12 05:50:00,5954095066,4971831910,16,up,158.776,132.582,15.878,1.6317,0
2026-03-12 05:55:00,7712528168,5420298975,5,up,205.667,144.541,20.567,0.5488,0
2026-03-12 06:00:00,4988679502,4971566388,69,up,133.031,132.575,13.303,6.948,1
2026-03-12 06:05:00,4378064355,5243251885,16,up,116.748,139.82,11.675,1.6257,1
2026-03-12 06:10:00,8792786567,5760624851,34,up,234.474,153.617,23.447,3.4069,0
2026-03-12 06:15:00,6866475307,5970333435,22,up,183.106,159.209,18.311,2.2529,0
2026-03-12 06:20:00,6550765990,4551620856,2,up,174.687,121.377,17.469,0.2045,0
2026-03-12 06:25:00,7439492723,5613276594,55,up,198.386,149.687,19.839,5.5094,0
2026-03-12 06:30:00,7425666682,5229034378,23,up,198.018,139.441,19.802,2.3953,0
2026-03-12 06:35:00,8192971858,5187320003,9,up,218.479,138.329,21.848,0.9499,0
2026-03-12 06:40:00,6802533458,5714562117,1,up,181.401,152.388,18.14,0.1168,0
2026-03-12 06:45:00,8731284813,5253444985,25,up,232.834,140.092,23.283,2.5007,0
2026-03-12 06:50:00,9270225266,6557943146,11,up,247.206,174.878,24.721,1.1688,0
2026-03-12 06:55:00,7464770375,6426941766,59,up,199.061,171.385,19.906,5.9546,0
2026-03-12 07:00:00,8624739378,6422734098,0,up,229.993,171.273,22.999,0.0888,0
2026-03-12 07:05:00,6549152636,5290935618,0,up,174.644,141.092,17.464,0.0997,0
2026-03-12 07:10:00,8467699387,4975313286,74,up,225.805,132.675,22.581,7.4545,0
2026-03-12 07:15:00,8442548767,5680370202,83,up,225.135,151.477,22.513,8.372,0
2026-03-12 07:20:00,8277093552,5523514852,0,up,220.722,147.294,22.072,0.0703,0
2026-03-12 07:25:00,7485993220,5214044365,31,up,199.626,139.041,19.963,3.1472,0
2026-03-12 07:30:00,4841175952,4831379248,6,up,129.098,128.837,12.91,0.6259,0
2026-03-12 07:35:00,6922445570,5596975370,30,up,184.599,149.253,18.46,3.0216,0
2026-03-12 07:40:00,6936675584,5352253121,50,up,184.978,142.727,18.498,5.0763,0
2026-03-12 07:45:00,6619570555,6089634250,2,up,176.522,162.39,17.652,0.2657,0
2026-03-12 07:50:00,7610018704,6073946584,6,up,202.934,161.972,20.293,0.682,0
2026-03-12 07:55:00,7122932899,6368039868,0,up,189.945,169.814,18.994,0.0609,0
2026-03-12 08:00:00,6757849191,4774975502,1,up,180.209,127.333,18.021,0.112,0
2026-03-12 08:05:00,6547079866,5895714357,0,up,174.589,157.219,17.459,0.0752,0
2026-03-12 08:10:00,4113622987,5133960648,161,up,109.697,136.906,10.97,16.1286,1
2026-03-12 08:15:00,8509349290,4801220407,8,up,226.916,128.033,22.692,0.8856,0
2026-03-12 08:20:00,6905077450,5335693490,16,up,184.135,142.285,18.414,1.6992,0
2026-03-12 08:25:00,7036555164,6346375861,38,up,187.641,169.237,18.764,3.8761,0
2026-03-12 08:30:00,7088972146,5373685111,17,up,189.039,143.298,18.904,1.7077,0
2026-03-12 08:35:00,7805094162,6681681895,14,up,208.136,178.178,20.814,1.4018,0
2026-03-12 08:40:00,7910624539,5995492997,0,up,210.95,159.88,21.095,0.0291,0
2026-03-12 08:45:00,4759809114,5358988926,20,up,126.928,142.906,12.693,2.0986,0
2026-03-12 08:50:00,8419471692,6408032689,3,up,224.519,170.881,22.452,0.3331,0
2026-03-12 08:55:00,8792731230,5925642821,36,up,234.473,158.017,23.447,3.6167,0
2026-03-12 09:00:00,6554832116,4995522412,7,up,174.796,133.214,17.48,0.7451,0
2026-03-12 09:05:00,6624931579,6879691779,28,up,176.665,183.458,17.666,2.8036,0
2026-03-12 09:10:00,7094771950,5800148205,25,up,189.194,154.671,18.919,2.5977,0
2026-03-12 09:15:00,6819596382,5637687429,23,up,181.856,150.338,18.186,2.3972,0
2026-03-12 09:20:00,7701534186,5047515447,7,up,205.374,134.6,20.537,0.7764,0
2026-03-12 09:25:00,5748127242,6421188330,7,up,153.283,171.232,15.328,0.7768,0
2026-03-12 09:30:00,6493865152,5974160913,49,up,173.17,159.311,17.317,4.9703,0
2026-03-12 09:35:00,8885277480,6049735771,0,up,236.941,161.326,23.694,0.0322,0
2026-03-12 09:40:00,6664602029,5282416343,5,up,177.723,140.864,17.772,0.5008,0
2026-03-12 09:45:00,8619085450,6188017886,23,up,229.842,165.014,22.984,2.3551,0
2026-03-12 09:50:00,7819804376,6240474175,42,up,208.528,166.413,20.853,4.2463,0
2026-03-12 09:55:00,5871659056,5173574688,11,up,156.578,137.962,15.658,1.1093,0
2026-03-12 10:00:00,8071796275,4668531655,26,up,215.248,124.494,21.525,2.6493,0
2026-03-12 10:05:00,4436459656,6017426815,81,up,118.306,160.465,11.831,8.1454,1
2026-03-12 10:10:00,7090079649,4562990809,1,up,189.069,121.68,18.907,0.1668,0
2026-03-12 10:15:00,7720461383,5727610650,24,up,205.879,152.736,20.588,2.4305,0
2026-03-12 10:20:00,7927170137,5323109554,42,up,211.391,141.95,21.139,4.2037,0
2026-03-12 10:25:00,8136832639,6447599017,122,up,216.982,171.936,21.698,12.215,0
2026-03-12 10:30:00,8560427562,5359830373,0,up,228.278,142.929,22.828,0.0752,0
2026-03-12 10:35:00,7867322321,6372409256,26,up,209.795,169.931,20.98,2.6975,0
2026-03-12 10:40:00,6261929320,5277908625,13,up,166.985,140.744,16.698,1.3384,0
2026-03-12 10:45:00,7073719088,6299993928,0,up,188.633,168.0,18.863,0.0246,0
2026-03-12 10:50:00,10148743501,7015730542,23,up,270.633,187.086,27.063,2.3821,0
2026-03-12 10:55:00,8152041954,4904068181,3,up,217.388,130.775,21.739,0.3265,0
2026-03-12 11:00:00,9632358570,5822124112,11,up,256.863,155.257,25.686,1.1893,0
2026-03-12 11:05:00,8755890673,7480428130,7,up,233.49,199.478,23.349,0.7574,0
2026-03-12 11:10:00,7717621864,5669947458,11,up,205.803,151.199,20.58,1.1203,0
2026-03-12 11:15:00,7771266362,5666707082,16,up,207.234,151.112,20.723,1.6966,0
2026-03-12 11:20:00,7467077964,6157236789,11,up,199.122,164.193,19.912,1.1126,0
2026-03-12 11:25:00,3561585507,5652729583,80,up,94.976,150.739,9.498,8.046,1
2026-03-12 11:30:00,7516242527,4472622453,6,up,200.433,119.27,20.043,0.6817,0
2026-03-12 11:35:00,8589607097,6389293978,25,up,229.056,170.381,22.906,2.5221,0
2026-03-12 11:40:00,6960324004,4273009820,48,up,185.609,113.947,18.561,4.8063,0
2026-03-12 11:45:00,7870757699,5343665635,6,up,209.887,142.498,20.989,0.6342,0
2026-03-12 11:50:00,8266431941,6440012380,17,up,220.438,171.734,22.044,1.7726,0
2026-03-12 11:55:00,6681287604,5384333860,26,up,178.168,143.582,17.817,2.6152,0
2026-03-12 12:00:00,7093827422,5156754867,20,up,189.169,137.513,18.917,2.0789,0
2026-03-12 12:05:00,6583879658,6218503135,11,up,175.57,165.827,17.557,1.1379,0
2026-03-12 12:10:00,6760050953,5050497518,25,up,180.268,134.68,18.027,2.5695,0
2026-03-12 12:15:00,3804693146,4799997639,2,up,101.458,128.0,10.146,0.2865,1
2026-03-12 12:20:00,4013757830,5810296941,46,up,107.034,154.941,10.703,4.6189,1
2026-03-12 12:25:00,8777510112,5501526773,19,up,234.067,146.707,23.407,1.9015,0
2026-03-12 12:30:00,6676070673,4785520647,0,up,178.029,127.614,17.803,0.0521,0
2026-03-12 12:35:00,7613813297,6054942964,17,up,203.035,161.465,20.304,1.7714,0
2026-03-12 12:40:00,7047418121,5938529133,26,up,187.931,158.361,18.793,2.6551,0
2026-03-12 12:45:00,8560979343,5382165363,35,up,228.293,143.524,22.829,3.5596,0
2026-03-12 12:50:00,8680046066,5428350895,3,up,231.468,144.756,23.147,0.3008,0
2026-03-12 12:55:00,8277662983,5942515100,116,up,220.738,158.467,22.074,11.6583,0
2026-03-12 13:00:00,7775521097,6428493958,23,up,207.347,171.427,20.735,2.3296,0
2026-03-12 13:05:00,7292046416,5434114583,11,up,194.455,144.91,19.445,1.1282,0
2026-03-12 13:10:00,6427312766,6066914732,7,up,171.395,161.784,17.14,0.7162,0
2026-03-12 13:15:00,9249175993,6006510146,21,up,246.645,160.174,24.664,2.1268,0
2026-03-12 13:20:00,6816294284,6218532422,53,up,181.768,165.828,18.177,5.3366,0
2026-03-12 13:25:00,8097281712,5651533709,18,up,215.928,150.708,21.593,1.8379,0
2026-03-12 13:30:00,8453609015,5009180278,27,up,225.43,133.578,22.543,2.7079,0
2026-03-12 13:35:00,7000247552,5312813071,11,up,186.673,141.675,18.667,1.1067,0
2026-03-12 13:40:00,8434211274,5856426089,12,up,224.912,156.171,22.491,1.2282,0
2026-03-12 13:45:00,8187791883,6852463455,8,up,218.341,182.732,21.834,0.8428,0
2026-03-12 13:50:00,9055167451,5298286754,30,up,241.471,141.288,24.147,3.0574,0
2026-03-12 13:55:00,7077588180,6168231524,11,up,188.736,164.486,18.874,1.1125,0
2026-03-12 14:00:00,6342722384,5403561895,5,up,169.139,144.095,16.914,0.529,0
2026-03-12 14:05:00,7045059220,5699566410,11,up,187.868,151.988,18.787,1.1527,0
2026-03-12 14:10:00,7687968188,6647892805,48,up,205.012,177.277,20.501,4.8074,0
2026-03-12 14:15:00,7552391454,6140897492,33,up,201.397,163.757,20.14,3.3509,0
2026-03-12 14:20:00,7145905893,4787122990,10,up,190.557,127.657,19.056,1.0186,0
2026-03-12 14:25:00,5781722286,5238579358,59,up,154.179,139.695,15.418,5.9328,0
2026-03-12 14:30:00,7923434696,6472949407,1,up,211.292,172.612,21.129,0.1945,0
2026-03-12 14:35:00,9275110031,5720767678,1,up,247.336,152.554,24.734,0.1276,0
2026-03-12 14:40:00,7917826114,4849532919,3,up,211.142,129.321,21.114,0.3409,0
2026-03-12 14:45:00,8048221967,5072207099,3,up,214.619,135.259,21.462,0.3095,0
2026-03-12 14:50:00,4809120465,6099858127,9,up,128.243,162.663,12.824,0.9193,1
2026-03-12 14:55:00,7857342002,6296226939,27,up,209.529,167.899,20.953,2.7069,0
2026-03-12 15:00:00,8338499370,5637052328,22,up,222.36,150.321,22.236,2.296,0
2026-03-12 15:05:00,7855836313,7295836815,26,up,209.489,194.556,20.949,2.6075,0
2026-03-12 15:10:00,7218590547,6181302845,29,up,192.496,164.835,19.25,2.9148,0
2026-03-12 15:15:00,6783609980,5460650277,35,up,180.896,145.617,18.09,3.5355,0
2026-03-12 15:20:00,7275923710,5074398417,5,up,194.025,135.317,19.402,0.5804,0
2026-03-12 15:25:00,7782716546,4966953094,24,up,207.539,132.452,20.754,2.4342,0
2026-03-12 15:30:00,4329315200,5851409391,86,up,115.448,156.038,11.545,8.6762,1
2026-03-12 15:35:00,7782904814,5295075494,71,up,207.544,141.202,20.754,7.1909,0
2026-03-12 15:40:00,7895235120,6754777033,6,up,210.54,180.127,21.054,0.6611,0
2026-03-12 15:45:00,8249861488,6614760466,1,up,219.996,176.394,22.0,0.1513,0
2026-03-12 15:50:00,8654515471,6052319919,26,up,230.787,161.395,23.079,2.6496,0
2026-03-12 15:55:00,7570206676,4829177583,33,up,201.872,128.778,20.187,3.3693,0
2026-03-12 16:00:00,6323001091,5171252261,8,up,168.613,137.9,16.861,0.8324,0
2026-03-12 16:05:00,7189406312,6472582329,21,up,191.718,172.602,19.172,2.1149,0
2026-03-12 16:10:00,7539656310,5244930315,1,up,201.058,139.865,20.106,0.1535,0
2026-03-12 16:15:00,5847808119,6382445670,80,up,155.942,170.199,15.594,8.05,0
2026-03-12 16:20:00,8749798068,5945357648,2,up,233.328,158.543,23.333,0.2911,0
2026-03-12 16:25:00,7628140121,5659909572,1,up,203.417,150.931,20.342,0.1749,0
2026-03-12 16:30:00,7843217551,5150587851,1,up,209.152,137.349,20.915,0.1128,0
2026-03-12 16:35:00,8728973816,5561385405,13,up,232.773,148.304,23.277,1.3934,0
2026-03-12 16:40:00,6932871452,5753012369,2,up,184.877,153.414,18.488,0.2555,0
2026-03-12 16:45:00,8016637737,6321963756,34,up,213.777,168.586,21.378,3.4128,0
2026-03-12 16:50:00,7401122289,5027128469,57,up,197.363,134.057,19.736,5.7285,0
2026-03-12 16:55:00,7334321819,5447598631,7,up,195.582,145.269,19.558,0.7535,0
2026-03-12 17:00:00,6805026850,5655255614,24,up,181.467,150.807,18.147,2.4774,0
2026-03-12 17:05:00,8999042892,6072307891,1,up,239.974,161.928,23.997,0.1082,0
2026-03-12 17:10:00,7162049963,5011786572,12,up,190.988,133.648,19.099,1.2217,0
2026-03-12 17:15:00,8129517822,4736315389,8,up,216.787,126.302,21.679,0.8666,0
2026-03-12 17:20:00,5812493351,6079926477,6,up,155.0,162.131,15.5,0.6489,0
2026-03-12 17:25:00,8561989676,4600384347,25,up,228.32,122.677,22.832,2.5871,0
2026-03-12 17:30:00,8446990040,6492361307,3,up,225.253,173.13,22.525,0.3488,0
2026-03-12 17:35:00,7587690699,5519749884,49,up,202.338,147.193,20.234,4.928,0
2026-03-12 17:40:00,7295751780,4580416519,27,up,194.553,122.144,19.455,2.7328,0
2026-03-12 17:45:00,7860000005,5300716351,31,up,209.6,141.352,20.96,3.101,0
2026-03-12 17:50:00,9559911594,5880908452,68,up,254.931,156.824,25.493,6.8467,0
2026-03-12 17:55:00,5913086970,5265426765,71,up,157.682,140.411,15.768,7.1344,0
2026-03-12 18:00:00,8203824648,5638520080,20,up,218.769,150.361,21.877,2.0055,0
2026-03-12 18:05:00,6679544428,6124552896,17,up,178.121,163.321,17.812,1.7099,0
2026-03-12 18:10:00,7482073443,5488521523,10,up,199.522,146.361,19.952,1.0214,0
2026-03-12 18:15:00,7276907892,4992486068,31,up,194.051,133.133,19.405,3.1432,0
2026-03-12 18:20:00,7114513567,5423185801,19,up,189.72,144.618,18.972,1.9316,0
2026-03-12 18:25:00,7490581383,6580017092,67,up,199.749,175.467,19.975,6.753,0
2026-03-12 18:30:00,6479245969,6762418433,6,up,172.78,180.331,17.278,0.6816,0
2026-03-12 18:35:00,8426262392,4261549832,9,up,224.7,113.641,22.47,0.9286,0
2026-03-12 18:40:00,5885270839,6361443838,9,up,156.941,169.639,15.694,0.9498,0
2026-03-12 18:45:00,7985788061,5793849708,40,up,212.954,154.503,21.295,4.0997,0
2026-03-12 18:50:00,7206117732,6248688308,2,up,192.163,166.632,19.216,0.2607,0
2026-03-12 18:55:00,6446167595,5253420424,15,up,171.898,140.091,17.19,1.5204,0
2026-03-12 19:00:00,7682145033,4431422131,13,up,204.857,118.171,20.486,1.3947,0
2026-03-12 19:05:00,6098744021,6019529932,1,up,162.633,160.521,16.263,0.1899,0
2026-03-12 19:10:00,7535742439,4989840348,13,up,200.953,133.062,20.095,1.3225,0
2026-03-12 19:15:00,6219410782,4687902608,18,up,165.851,125.011,16.585,1.8007,0
2026-03-12 19:20:00,7915144875,4735079066,1,up,211.071,126.269,21.107,0.1683,0
2026-03-12 19:25:00,6668078399,6030616803,17,up,177.815,160.816,17.782,1.7827,0
2026-03-12 19:30:00,7094105384,5719130414,80,up,189.176,152.51,18.918,8.0,0
2026-03-12 19:35:00,7764554449,6153164564,96,up,207.055,164.084,20.705,9.6479,0
2026-03-12 19:40:00,6804712099,6076625796,18,up,181.459,162.043,18.146,1.8965,0
2026-03-12 19:45:00,7447832400,5340869843,18,up,198.609,142.423,19.861,1.8095,0
2026-03-12 19:50:00,6137552548,5577430337,8,up,163.668,148.731,16.367,0.8405,0
2026-03-12 19:55:00,8067788043,5279779668,146,up,215.141,140.794,21.514,14.621,0
2026-03-12 20:00:00,9088422424,5483028753,8,up,242.358,146.214,24.236,0.8013,0
2026-03-12 20:05:00,10012987981,4972103051,15,up,267.013,132.589,26.701,1.5078,0
2026-03-12 20:10:00,7582051331,5888576898,0,up,202.188,157.029,20.219,0.0073,0
2026-03-12 20:15:00,8209383726,6350706505,10,up,218.917,169.352,21.892,1.074,0
2026-03-12 20:20:00,5897436894,5073786204,1,up,157.265,135.301,15.726,0.1853,0
2026-03-12 20:25:00,8852460893,6489857010,34,up,236.066,173.063,23.607,3.4047,0
2026-03-12 20:30:00,8198605654,5701627010,20,up,218.629,152.043,21.863,2.0582,0
2026-03-12 20:35:00,7064459899,5787728309,21,up,188.386,154.339,18.839,2.1226,0
2026-03-12 20:40:00,8613462720,4477885074,8,up,229.692,119.41,22.969,0.844,0
2026-03-12 20:45:00,7270971531,4405097941,42,up,193.893,117.469,19.389,4.2171,0
2026-03-12 20:50:00,7087777335,5722278544,0,up,189.007,152.594,18.901,0.0082,0
2026-03-12 20:55:00,7927801432,6158069184,10,up,211.408,164.215,21.141,1.0147,0
2026-03-12 21:00:00,6542980950,5171818200,26,up,174.479,137.915,17.448,2.6933,0
2026-03-12 21:05:00,8419462287,6752313382,59,up,224.519,180.062,22.452,5.9628,0
2026-03-12 21:10:00,6549609169,6121081782,6,up,174.656,163.229,17.466,0.6684,0
2026-03-12 21:15:00,6554950689,5011869655,19,up,174.799,133.65,17.48,1.9473,0
2026-03-12 21:20:00,6681279190,5645822850,19,up,178.167,150.555,17.817,1.9304,0
2026-03-12 21:25:00,8183550033,7296927165,51,up,218.228,194.585,21.823,5.1821,0
2026-03-12 21:30:00,6944902174,4786269298,1,up,185.197,127.634,18.52,0.1296,0
2026-03-12 21:35:00,3772082276,5981582208,55,up,100.589,159.509,10.059,5.5247,1
2026-03-12 21:40:00,6954888000,5407147426,5,up,185.464,144.191,18.546,0.5037,0
2026-03-12 21:45:00,7471161866,6102154996,0,up,199.231,162.724,19.923,0.0544,0
2026-03-12 21:50:00,3862274858,6480409711,15,up,102.994,172.811,10.299,1.5903,1
2026-03-12 21:55:00,6463487001,5364289965,93,up,172.36,143.048,17.236,9.3738,0
2026-03-12 22:00:00,9400166700,6380265783,6,up,250.671,170.14,25.067,0.6047,0
2026-03-12 22:05:00,6725491136,7124312291,68,up,179.346,189.982,17.935,6.8346,0
2026-03-12 22:10:00,7209261868,5669735447,5,up,192.247,151.193,19.225,0.5743,0
2026-03-12 22:15:00,7169486699,6154799864,66,up,191.186,164.128,19.119,6.6948,0
2026-03-12 22:20:00,7120778873,5226452480,26,up,189.887,139.372,18.989,2.6578,0
2026-03-12 22:25:00,8059212065,5638000033,3,up,214.912,150.347,21.491,0.3004,0
2026-03-12 22:30:00,8353328655,5505744312,21,up,222.755,146.82,22.276,2.1802,0
2026-03-12 22:35:00,7224641011,6162931749,9,up,192.657,164.345,19.266,0.9587,0
2026-03-12 22:40:00,6387169542,6438156256,12,up,170.325,171.684,17.032,1.2078,0
2026-03-12 22:45:00,8646996205,5550982976,14,up,230.587,148.026,23.059,1.4503,0
2026-03-12 22:50:00,7414193017,6660195420,13,up,197.712,177.605,19.771,1.3735,0
2026-03-12 22:55:00,9057289633,6657782023,27,up,241.528,177.541,24.153,2.7274,0
2026-03-12 23:00:00,5478972692,6196626276,36,up,146.106,165.243,14.611,3.6565,0
2026-03-12 23:05:00,7675862899,5276682091,9,up,204.69,140.712,20.469,0.9981,0
2026-03-12 23:10:00,9226745700,5212015548,64,up,246.047,138.987,24.605,6.4546,0
2026-03-12 23:15:00,7182062278,5076642585,69,up,191.522,135.377,19.152,6.9704,0
2026-03-12 23:20:00,7297055918,6265687097,1,up,194.588,167.085,19.459,0.1039,0
2026-03-12 23:25:00,7765960522,4807056459,0,up,207.092,128.188,20.709,0.0376,0
2026-03-12 23:30:00,6997083763,6081865416,13,up,186.589,162.183,18.659,1.3838,0
2026-03-12 23:35:00,7219135261,4895251190,22,up,192.51,130.54,19.251,2.2329,0
2026-03-12 23:40:00,7195966415,6180893630,8,up,191.892,164.824,19.189,0.814,0
2026-03-12 23:45:00,6935321339,5636623218,7,up,184.942,150.31,18.494,0.7508,0
2026-03-12 23:50:00,8605970895,6525206029,28,up,229.493,174.005,22.949,2.8356,0
2026-03-12 23:55:00,7914970229,6395481840,23,up,211.066,170.546,21.107,2.3014,0
2026-03-13 00:00:00,7725565408,6593669153,4,up,206.015,175.831,20.602,0.4572,0
2026-03-13 00:05:00,8227713906,6611052634,53,up,219.406,176.295,21.941,5.3962,0
2026-03-13 00:10:00,7262079750,5721950812,28,up,193.655,152.585,19.366,2.8484,0
2026-03-13 00:15:00,6803216563,4842814680,11,up,181.419,129.142,18.142,1.1258,0
2026-03-13 00:20:00,6957638125,4914546937,28,up,185.537,131.055,18.554,2.8771,0
2026-03-13 00:25:00,7501604736,4216377242,2,up,200.043,112.437,20.004,0.2988,0
2026-03-13 00:30:00,6546709462,4893525562,15,up,174.579,130.494,17.458,1.579,0
2026-03-13 00:35:00,4229859051,5671455968,18,up,112.796,151.239,11.28,1.8511,1
2026-03-13 00:40:00,7035495022,5247233427,1,up,187.613,139.926,18.761,0.1058,0
2026-03-13 00:45:00,9412100606,5503408467,10,up,250.989,146.758,25.099,1.0325,0
2026-03-13 00:50:00,5003566554,5957582908,4,up,133.428,158.869,13.343,0.4085,0
2026-03-13 00:55:00,7338342250,5419755950,25,up,195.689,144.527,19.569,2.5095,0
2026-03-13 01:00:00,9053124413,4867765559,28,up,241.417,129.807,24.142,2.8027,0
2026-03-13 01:05:00,7609660017,5589067274,4,up,202.924,149.042,20.292,0.4025,0
2026-03-13 01:10:00,8178075726,5018518921,0,up,218.082,133.827,21.808,0.0623,0
2026-03-13 01:15:00,7589843683,5442219114,39,up,202.396,145.126,20.24,3.9353,0
2026-03-13 01:20:00,6899399956,6531374450,0,up,183.984,174.17,18.398,0.0051,0
2026-03-13 01:25:00,5482275658,5442408919,10,up,146.194,145.131,14.619,1.0537,0
2026-03-13 01:30:00,7684910118,6820396348,17,up,204.931,181.877,20.493,1.7059,0
2026-03-13 01:35:00,6801954055,6591354291,42,up,181.385,175.769,18.139,4.2682,0
2026-03-13 01:40:00,6779698134,5233968916,45,up,180.792,139.573,18.079,4.559,0
2026-03-13 01:45:00,7050911469,4874991457,32,up,188.024,130.0,18.802,3.2269,0
2026-03-13 01:50:00,9070375265,5589525940,7,up,241.877,149.054,24.188,0.7099,0
2026-03-13 01:55:00,9664353788,6403496240,31,up,257.716,170.76,25.772,3.1841,0
2026-03-13 02:00:00,7695487143,5294121138,7,up,205.213,141.177,20.521,0.7077,0
2026-03-13 02:05:00,7081709498,6237960951,6,up,188.846,166.346,18.885,0.6039,0
2026-03-13 02:10:00,3864297734,6440696992,79,up,103.048,171.752,10.305,7.9215,1
2026-03-13 02:15:00,7921686145,5102532686,28,up,211.245,136.068,21.124,2.8397,0
2026-03-13 02:20:00,5462769024,5168665515,5,up,145.674,137.831,14.567,0.5451,1
2026-03-13 02:25:00,7277393651,6106046871,1,up,194.064,162.828,19.406,0.1547,0
2026-03-13 02:30:00,5358903563,5727497096,38,up,142.904,152.733,14.29,3.8332,0
2026-03-13 02:35:00,8103044704,5161908469,49,up,216.081,137.651,21.608,4.9063,0
2026-03-13 02:40:00,5032115844,5387278197,92,up,134.19,143.661,13.419,9.2746,1
2026-03-13 02:45:00,6072738923,5577399301,14,up,161.94,148.731,16.194,1.4002,0
2026-03-13 02:50:00,7658835765,4568723263,46,up,204.236,121.833,20.424,4.6659,0
2026-03-13 02:55:00,7906103414,6141809096,32,up,210.829,163.782,21.083,3.2624,0
2026-03-13 03:00:00,7434203428,5301882772,21,up,198.245,141.384,19.825,2.1663,0
2026-03-13 03:05:00,6788306172,3745991548,9,up,181.021,99.893,18.102,0.9633,0
2026-03-13 03:10:00,8414343501,5608887096,5,up,224.382,149.57,22.438,0.5516,0
2026-03-13 03:15:00,7136958228,5124439400,13,up,190.319,136.652,19.032,1.3561,0
2026-03-13 03:20:00,6163332453,6764954979,8,up,164.356,180.399,16.436,0.8451,0
2026-03-13 03:25:00,5655472962,5229824610,10,up,150.813,139.462,15.081,1.036,0
2026-03-13 03:30:00,8634764567,4884090729,18,up,230.26,130.242,23.026,1.8123,0
2026-03-13 03:35:00,8054997578,5967854552,4,up,214.8,159.143,21.48,0.4631,0
2026-03-13 03:40:00,7579176192,5179198026,41,up,202.111,138.112,20.211,4.102,0
2026-03-13 03:45:00,7103752826,5098867064,3,up,189.433,135.97,18.943,0.3932,0
2026-03-13 03:50:00,7023901427,5968913433,16,up,187.304,159.171,18.73,1.6396,0
2026-03-13 03:55:00,6531837016,4922684567,34,up,174.182,131.272,17.418,3.4258,0
2026-03-13 04:00:00,7111689919,4641340280,16,up,189.645,123.769,18.965,1.6591,0
2026-03-13 04:05:00,5591921506,6790048651,11,up,149.118,181.068,14.912,1.1197,0
2026-03-13 04:10:00,6837542711,6016161647,16,up,182.334,160.431,18.233,1.6104,0
2026-03-13 04:15:00,7220156235,5446658732,47,up,192.537,145.244,19.254,4.7207,0
2026-03-13 04:20:00,8048892042,5622652883,116,up,214.637,149.937,21.464,11.6232,0
2026-03-13 04:25:00,7464066182,5966458441,24,up,199.042,159.106,19.904,2.4934,0
2026-03-13 04:30:00,8215430802,6282002778,39,up,219.078,167.52,21.908,3.943,0
2026-03-13 04:35:00,8714221594,5114716678,0,up,232.379,136.392,23.238,0.0365,0
2026-03-13 04:40:00,8452353084,5872148905,53,up,225.396,156.591,22.54,5.3083,0
2026-03-13 04:45:00,7923458862,5282974681,77,up,211.292,140.879,21.129,7.7005,0
2026-03-13 04:50:00,7510676411,5497437659,21,up,200.285,146.598,20.028,2.1402,0
2026-03-13 04:55:00,6617290792,5733467685,35,up,176.461,152.892,17.646,3.5041,0
2026-03-13 05:00:00,8165949646,5620491963,17,up,217.759,149.88,21.776,1.7974,0
2026-03-13 05:05:00,9011772643,6121507656,8,up,240.314,163.24,24.031,0.8429,0
2026-03-13 05:10:00,7807895435,5953783427,47,up,208.211,158.768,20.821,4.7805,0
2026-03-13 05:15:00,9225533233,4606985783,22,up,246.014,122.853,24.601,2.271,0
2026-03-13 05:20:00,6126985462,4708469335,21,up,163.386,125.559,16.339,2.1651,0
2026-03-13 05:25:00,6461252953,5375441237,26,up,172.3,143.345,17.23,2.6907,0
2026-03-13 05:30:00,8269681356,6859322052,48,up,220.525,182.915,22.052,4.8449,0
2026-03-13 05:35:00,7737861189,5050175513,32,up,206.343,134.671,20.634,3.291,0
2026-03-13 05:40:00,5209442375,5484449671,23,up,138.918,146.252,13.892,2.3715,1
2026-03-13 05:45:00,7486075523,5262966431,15,up,199.629,140.346,19.963,1.5723,0
2026-03-13 05:50:00,6718822119,5251020040,98,up,179.169,140.027,17.917,9.8176,0
2026-03-13 05:55:00,7307766082,5745311827,20,up,194.874,153.208,19.487,2.0217,0
2026-03-13 06:00:00,6120584426,6570524661,69,up,163.216,175.214,16.322,6.9615,0
2026-03-13 06:05:00,6484268394,5932778669,41,up,172.914,158.207,17.291,4.1966,0
2026-03-13 06:10:00,8375199598,5082616601,27,up,223.339,135.536,22.334,2.7417,0
2026-03-13 06:15:00,8285508673,7483429919,10,up,220.947,199.558,22.095,1.0745,0
2026-03-13 06:20:00,7826703856,5678036924,9,up,208.712,151.414,20.871,0.9072,0
2026-03-13 06:25:00,5951030231,5235375854,25,up,158.694,139.61,15.869,2.578,0
2026-03-13 06:30:00,7177436782,6578165052,14,up,191.398,175.418,19.14,1.4166,0
2026-03-13 06:35:00,6397500100,5308377332,40,up,170.6,141.557,17.06,4.0081,0
2026-03-13 06:40:00,8558879928,6747466717,35,up,228.237,179.932,22.824,3.5726,0
2026-03-13 06:45:00,6974650079,5037316116,9,up,185.991,134.328,18.599,0.9354,0
2026-03-13 06:50:00,6522827060,6590270512,30,up,173.942,175.741,17.394,3.0328,0
2026-03-13 06:55:00,7526816548,5760707173,17,up,200.715,153.619,20.072,1.7058,0
2026-03-13 07:00:00,6923860988,6496460257,9,up,184.636,173.239,18.464,0.9763,0
2026-03-13 07:05:00,8835369519,6908691853,13,up,235.61,184.232,23.561,1.3317,0
2026-03-13 07:10:00,6838670192,4860490078,56,up,182.365,129.613,18.236,5.6429,0
2026-03-13 07:15:00,6240694566,6486145979,11,up,166.419,172.964,16.642,1.1138,0
2026-03-13 07:20:00,5562377835,4673989864,8,up,148.33,124.64,14.833,0.8471,0
2026-03-13 07:25:00,7472292147,4918150560,10,up,199.261,131.151,19.926,1.0839,0
2026-03-13 07:30:00,6994262897,5082698614,6,up,186.514,135.539,18.651,0.604,0
2026-03-13 07:35:00,6213985854,5964954729,19,up,165.706,159.065,16.571,1.9666,0
2026-03-13 07:40:00,8570303815,5647285716,3,up,228.541,150.594,22.854,0.3988,0
2026-03-13 07:45:00,8100520632,5512183143,42,up,216.014,146.992,21.601,4.2517,0
2026-03-13 07:50:00,7474603908,5723708813,6,up,199.323,152.632,19.932,0.6391,0
2026-03-13 07:55:00,8727893619,6024120472,22,up,232.744,160.643,23.274,2.2786,0
2026-03-13 08:00:00,8096282430,6076067483,3,up,215.901,162.028,21.59,0.3339,0
2026-03-13 08:05:00,6759429688,6363562614,95,up,180.251,169.695,18.025,9.5938,0
2026-03-13 08:10:00,6564701852,6853523498,15,up,175.059,182.761,17.506,1.5155,0
2026-03-13 08:15:00,8236183390,5610580398,43,up,219.632,149.615,21.963,4.3173,0
2026-03-13 08:20:00,7856730260,5273264950,36,up,209.513,140.62,20.951,3.6595,0
2026-03-13 08:25:00,7652772991,6039136887,31,up,204.074,161.044,20.407,3.1267,0
2026-03-13 08:30:00,6738151977,4852627999,43,up,179.684,129.403,17.968,4.3914,0
2026-03-13 08:35:00,8047152810,5166874710,2,up,214.591,137.783,21.459,0.2647,0
2026-03-13 08:40:00,6820051005,6299582138,28,up,181.868,167.989,18.187,2.8369,0
2026-03-13 08:45:00,7408212010,5541213346,7,up,197.552,147.766,19.755,0.7725,0
2026-03-13 08:50:00,8802249731,4809470090,38,up,234.727,128.253,23.473,3.8529,0
2026-03-13 08:55:00,6905249187,4619382930,78,up,184.14,123.184,18.414,7.8588,0
2026-03-13 09:00:00,6084309668,5657883758,57,up,162.248,150.877,16.225,5.794,0
2026-03-13 09:05:00,6552707527,6395780162,3,up,174.739,170.554,17.474,0.3053,0
2026-03-13 09:10:00,5036921366,6386768399,46,up,134.318,170.314,13.432,4.6133,1
2026-03-13 09:15:00,7729258023,5699844339,11,up,206.114,151.996,20.611,1.1327,0
2026-03-13 09:20:00,7384010359,6981013857,3,up,196.907,186.16,19.691,0.3261,0
2026-03-13 09:25:00,7041815575,5554246252,2,up,187.782,148.113,18.778,0.2582,0
2026-03-13 09:30:00,7936823916,5531466854,12,up,211.649,147.506,21.165,1.2149,0
2026-03-13 09:35:00,4041483380,3891980760,483,up,107.773,103.786,10.777,48.373,1
2026-03-13 09:40:00,7775099011,5323030009,21,up,207.336,141.947,20.734,2.1038,0
2026-03-13 09:45:00,6841870888,6200110148,24,up,182.45,165.336,18.245,2.4307,0
2026-03-13 09:50:00,6692106553,6680673902,15,up,178.456,178.151,17.846,1.592,0
2026-03-13 09:55:00,6926261308,5064591622,27,up,184.7,135.056,18.47,2.7142,0
2026-03-13 10:00:00,7162133298,5937020322,78,up,190.99,158.321,19.099,7.8468,0
2026-03-13 10:05:00,7456053147,6331643346,22,up,198.828,168.844,19.883,2.2211,0
2026-03-13 10:10:00,7711910215,5632565503,1,up,205.651,150.202,20.565,0.1681,0
2026-03-13 10:15:00,4180471237,4083785691,16,up,111.479,108.901,11.148,1.6976,0
2026-03-13 10:20:00,6773114498,5791920749,123,up,180.616,154.451,18.062,12.3173,0
2026-03-13 10:25:00,7147587020,6138965671,12,up,190.602,163.706,19.06,1.2251,0
2026-03-13 10:30:00,8854555834,4985489545,22,up,236.121,132.946,23.612,2.2528,0
2026-03-13 10:35:00,6527997652,5453445691,2,up,174.08,145.425,17.408,0.2819,0
2026-03-13 10:40:00,7646516956,4845040171,3,up,203.907,129.201,20.391,0.3805,0
2026-03-13 10:45:00,8845527278,3890150404,51,up,235.881,103.737,23.588,5.1922,0
2026-03-13 10:50:00,6318328323,6318227977,8,up,168.489,168.486,16.849,0.8929,0
2026-03-13 10:55:00,7854577703,5622469739,9,up,209.455,149.933,20.946,0.9112,0
2026-03-13 11:00:00,6777955349,6703430622,12,up,180.745,178.758,18.075,1.2243,0
2026-03-13 11:05:00,7045829631,6203692479,84,up,187.889,165.432,18.789,8.4889,0
2026-03-13 11:10:00,6777200249,5385908410,2,up,180.725,143.624,18.073,0.2204,0
2026-03-13 11:15:00,6841328422,5568853054,42,up,182.435,148.503,18.244,4.2699,0
2026-03-13 11:20:00,9949720933,6007169738,10,up,265.326,160.191,26.533,1.0447,0
2026-03-13 11:25:00,8260010284,6277646306,47,up,220.267,167.404,22.027,4.7339,0
2026-03-13 11:30:00,8491564075,5842802675,119,up,226.442,155.808,22.644,11.9956,0
2026-03-13 11:35:00,7942794138,6371275373,10,up,211.808,169.901,21.181,1.0718,0
2026-03-13 11:40:00,6054368890,5424748602,3,up,161.45,144.66,16.145,0.3463,0
2026-03-13 11:45:00,7855462173,4951928105,3,up,209.479,132.051,20.948,0.3898,0
2026-03-13 11:50:00,8465636653,5581253753,35,up,225.75,148.833,22.575,3.5547,0
2026-03-13 11:55:00,6731940473,5763499801,3,up,179.518,153.693,17.952,0.3914,0
2026-03-13 12:00:00,8368794000,4813963608,7,up,223.168,128.372,22.317,0.7542,0
2026-03-13 12:05:00,8133902588,4722712593,5,up,216.904,125.939,21.69,0.5716,0
2026-03-13 12:10:00,9166836040,5926985750,10,up,244.449,158.053,24.445,1.0989,0
2026-03-13 12:15:00,4274397173,5350709125,7,up,113.984,142.686,11.398,0.7728,1
2026-03-13 12:20:00,6512150115,5513057388,48,up,173.657,147.015,17.366,4.8578,0
2026-03-13 12:25:00,7174534701,5382207450,49,up,191.321,143.526,19.132,4.9179,0
2026-03-13 12:30:00,8792013893,6651405608,13,up,234.454,177.371,23.445,1.3315,0
2026-03-13 12:35:00,5854434707,6476688783,23,up,156.118,172.712,15.612,2.3674,0
2026-03-13 12:40:00,5638461856,4789786259,25,up,150.359,127.728,15.036,2.5677,0
2026-03-13 12:45:00,7580455751,5265364581,34,up,202.145,140.41,20.215,3.4583,0
2026-03-13 12:50:00,7101669636,6198752880,18,up,189.378,165.3,18.938,1.8385,0
2026-03-13 12:55:00,7506955103,6031306960,17,up,200.185,160.835,20.019,1.7851,0
2026-03-13 13:00:00,8350780594,5597015875,24,up,222.687,149.254,22.269,2.4945,0
2026-03-13 13:05:00,7002687588,4857119861,30,up,186.738,129.523,18.674,3.0355,0
2026-03-13 13:10:00,5814294752,5164285468,10,up,155.048,137.714,15.505,1.0643,0
2026-03-13 13:15:00,9340033401,5276181891,10,up,249.068,140.698,24.907,1.0026,0
2026-03-13 13:20:00,6602494541,5811971173,7,up,176.067,154.986,17.607,0.7858,0
2026-03-13 13:25:00,6546866590,6775015829,19,up,174.583,180.667,17.458,1.9899,0
2026-03-13 13:30:00,8493348012,5161355841,11,up,226.489,137.636,22.649,1.1163,0
2026-03-13 13:35:00,7153959791,4932426207,19,up,190.772,131.531,19.077,1.943,0
2026-03-13 13:40:00,7442949133,5551704128,13,up,198.479,148.045,19.848,1.3021,0
2026-03-13 13:45:00,7934511111,6321423811,45,up,211.587,168.571,21.159,4.5309,0
2026-03-13 13:50:00,8475224792,4648353997,1,up,226.006,123.956,22.601,0.1899,0
2026-03-13 13:55:00,7199885376,6606203051,21,up,191.997,176.165,19.2,2.1228,0
2026-03-13 14:00:00,8867956805,5508878830,21,up,236.479,146.903,23.648,2.1428,0
2026-03-13 14:05:00,5577780136,5129333998,12,up,148.741,136.782,14.874,1.2101,0
2026-03-13 14:10:00,8183808513,4544872231,13,up,218.235,121.197,21.823,1.3662,0
2026-03-13 14:15:00,4046655118,6101901522,161,up,107.911,162.717,10.791,16.1009,1
2026-03-13 14:20:00,8735044184,5509459443,8,up,232.935,146.919,23.293,0.8236,0
2026-03-13 14:25:00,7627840030,5740226200,51,up,203.409,153.073,20.341,5.1277,0
2026-03-13 14:30:00,6894385201,5016952074,56,up,183.85,133.785,18.385,5.6667,0
2026-03-13 14:35:00,8096556983,5409610176,26,up,215.908,144.256,21.591,2.629,0
2026-03-13 14:40:00,8303869512,5296557658,37,up,221.437,141.242,22.144,3.7054,0
2026-03-13 14:45:00,8077704710,5557099653,23,up,215.405,148.189,21.541,2.373,0
2026-03-13 14:50:00,6573273384,5173052179,18,up,175.287,137.948,17.529,1.8625,0
2026-03-13 14:55:00,7064384588,4589427851,85,up,188.384,122.385,18.838,8.5038,0
2026-03-13 15:00:00,7496334446,7466737328,8,up,199.902,199.113,19.99,0.8305,0
2026-03-13 15:05:00,7462866312,4704702133,4,up,199.01,125.459,19.901,0.4185,0
2026-03-13 15:10:00,8174770927,5747484829,8,up,217.994,153.266,21.799,0.8474,0
2026-03-13 15:15:00,5686588890,4428881215,23,up,151.642,118.103,15.164,2.3838,0
2026-03-13 15:20:00,7800894349,4276992980,5,up,208.024,114.053,20.802,0.512,0
2026-03-13 15:25:00,7239016781,5691032882,59,up,193.04,151.761,19.304,5.9871,0
2026-03-13 15:30:00,6745349445,5742698121,13,up,179.876,153.139,17.988,1.3234,0
2026-03-13 15:35:00,6831761900,6476511818,47,up,182.18,172.707,18.218,4.7422,0
2026-03-13 15:40:00,7306916101,5894694117,7,up,194.851,157.192,19.485,0.7167,0
2026-03-13 15:45:00,4259023405,5523877764,9,up,113.574,147.303,11.357,0.9392,0
2026-03-13 15:50:00,4121303631,4984019835,6,up,109.901,132.907,10.99,0.6105,1
2026-03-13 15:55:00,6711766657,6636833146,7,up,178.98,176.982,17.898,0.7452,0
2026-03-13 16:00:00,7979504888,6251974591,16,up,212.787,166.719,21.279,1.6849,0
2026-03-13 16:05:00,6775025985,4783727602,73,up,180.667,127.566,18.067,7.3033,0
2026-03-13 16:10:00,7306397579,5650625516,12,up,194.837,150.683,19.484,1.2312,0
2026-03-13 16:15:00,8888048964,5722235256,25,up,237.015,152.593,23.701,2.5524,0
2026-03-13 16:20:00,8394916367,5391683781,13,up,223.864,143.778,22.386,1.3953,0
2026-03-13 16:25:00,8312044259,6145999077,1,up,221.655,163.893,22.165,0.1198,0
2026-03-13 16:30:00,7050114812,6186419868,17,up,188.003,164.971,18.8,1.7506,0
2026-03-13 16:35:00,7988729051,5496422153,1,up,213.033,146.571,21.303,0.1705,0
2026-03-13 16:40:00,7289491979,5435413259,53,up,194.386,144.944,19.439,5.379,0
2026-03-13 16:45:00,7323516110,6636796962,34,up,195.294,176.981,19.529,3.4963,0
2026-03-13 16:50:00,7868716809,6254666252,11,up,209.832,166.791,20.983,1.1897,0
2026-03-13 16:55:00,6962705770,5673843263,25,up,185.672,151.302,18.567,2.5556,0
2026-03-13 17:00:00,8843702793,4525283898,2,up,235.832,120.674,23.583,0.297,0
2026-03-13 17:05:00,7355882874,5857200071,30,up,196.157,156.192,19.616,3.0313,0
2026-03-13 17:10:00,8056524509,6096206338,43,up,214.841,162.566,21.484,4.3252,0
2026-03-13 17:15:00,8810040431,3765697900,43,up,234.934,100.419,23.493,4.3114,0
2026-03-13 17:20:00,5057093038,5795011877,33,up,134.856,154.534,13.486,3.3446,1
2026-03-13 17:25:00,6231972807,5343732908,7,up,166.186,142.5,16.619,0.7655,0
2026-03-13 17:30:00,7900406305,5475923360,18,up,210.678,146.025,21.068,1.8422,0
2026-03-13 17:35:00,8265647455,5012517856,85,up,220.417,133.667,22.042,8.5873,0
2026-03-13 17:40:00,8302676719,5524972228,63,up,221.405,147.333,22.14,6.3307,0
2026-03-13 17:45:00,6498034649,6564594313,11,up,173.281,175.056,17.328,1.1143,0
2026-03-13 17:50:00,6908668286,5323681013,37,up,184.231,141.965,18.423,3.7834,0
2026-03-13 17:55:00,8395102412,6276762152,63,up,223.869,167.38,22.387,6.3558,0
2026-03-13 18:00:00,6814415666,5080726427,7,up,181.718,135.486,18.172,0.7559,0
2026-03-13 18:05:00,7230273549,6137160430,44,up,192.807,163.658,19.281,4.4342,0
2026-03-13 18:10:00,8918288228,5626117702,7,up,237.821,150.03,23.782,0.7796,0
2026-03-13 18:15:00,7456980674,5862616759,10,up,198.853,156.336,19.885,1.0513,0
2026-03-13 18:20:00,6845903275,5629828447,5,up,182.557,150.129,18.256,0.5542,0
2026-03-13 18:25:00,6710144378,6058097031,17,up,178.937,161.549,17.894,1.7685,0
2026-03-13 18:30:00,7799447396,3891880045,46,up,207.985,103.783,20.799,4.6337,0
2026-03-13 18:35:00,6300166792,4666617913,18,up,168.004,124.443,16.8,1.8772,0
2026-03-13 18:40:00,7277397632,5906529336,3,up,194.064,157.507,19.406,0.3294,0
2026-03-13 18:45:00,7799907481,4245611611,7,up,207.998,113.216,20.8,0.7251,0
2026-03-13 18:50:00,5201540903,5266858259,82,up,138.708,140.45,13.871,8.2751,1
2026-03-13 18:55:00,8100793272,5588319932,21,up,216.021,149.022,21.602,2.1878,0
2026-03-13 19:00:00,6857341393,5066005407,21,up,182.862,135.093,18.286,2.1504,0
2026-03-13 19:05:00,8560577385,5158196053,2,up,228.282,137.552,22.828,0.2003,0
2026-03-13 19:10:00,7230436466,5808317985,35,up,192.812,154.888,19.281,3.503,0
2026-03-13 19:15:00,6387867280,6306274095,60,up,170.343,168.167,17.034,6.004,0
2026-03-13 19:20:00,7345162776,4978046667,17,up,195.871,132.748,19.587,1.786,0
2026-03-13 19:25:00,5276611368,5236835717,126,up,140.71,139.649,14.071,12.6879,1
2026-03-13 19:30:00,7648716045,5131398843,61,up,203.966,136.837,20.397,6.134,0
2026-03-13 19:35:00,7511269677,3990568667,25,up,200.301,106.415,20.03,2.5724,0
2026-03-13 19:40:00,8973490480,5720655458,28,up,239.293,152.551,23.929,2.8046,0
2026-03-13 19:45:00,6211780637,6255934478,31,up,165.647,166.825,16.565,3.195,0
2026-03-13 19:50:00,6342960797,6311234164,7,up,169.146,168.3,16.915,0.7545,0
2026-03-13 19:55:00,6045738176,5037232695,21,up,161.22,134.326,16.122,2.1847,0
2026-03-13 20:00:00,7835383367,4780103817,46,up,208.944,127.469,20.894,4.6157,0
2026-03-13 20:05:00,4589906288,5639583744,35,up,122.398,150.389,12.24,3.5121,1
2026-03-13 20:10:00,8888462730,6184759738,56,up,237.026,164.927,23.703,5.6867,0
2026-03-13 20:15:00,7719127569,5729524052,24,up,205.843,152.787,20.584,2.4215,0
2026-03-13 20:20:00,7136258556,5820280629,13,up,190.3,155.207,19.03,1.3755,0
2026-03-13 20:25:00,7501615385,6395735876,24,up,200.043,170.553,20.004,2.44,0
2026-03-13 20:30:00,7605936676,5126082822,12,up,202.825,136.696,20.282,1.2848,0
2026-03-13 20:35:00,5995414854,5476520191,45,up,159.878,146.041,15.988,4.5509,0
2026-03-13 20:40:00,9939298479,6728358720,16,up,265.048,179.423,26.505,1.646,0
2026-03-13 20:45:00,7967883916,5492152491,57,up,212.477,146.457,21.248,5.787,0
2026-03-13 20:50:00,7689007477,4769547547,17,up,205.04,127.188,20.504,1.7824,0
2026-03-13 20:55:00,8053647585,5173184635,26,up,214.764,137.952,21.476,2.6997,0
2026-03-13 21:00:00,8138469882,4991728600,152,up,217.026,133.113,21.703,15.2359,0
2026-03-13 21:05:00,7373501863,5866084745,3,up,196.627,156.429,19.663,0.3974,0
2026-03-13 21:10:00,6931882977,5020235772,33,up,184.85,133.873,18.485,3.3364,0
2026-03-13 21:15:00,8039505617,5807948120,3,up,214.387,154.879,21.439,0.3738,0
2026-03-13 21:20:00,7847139756,5128155977,45,up,209.257,136.751,20.926,4.5638,0
2026-03-13 21:25:00,6771098910,4191719486,22,up,180.563,111.779,18.056,2.2687,0
2026-03-13 21:30:00,8777132050,5831968356,69,up,234.057,155.519,23.406,6.958,0
2026-03-13 21:35:00,7764016832,5725212985,50,up,207.04,152.672,20.704,5.024,0
2026-03-13 21:40:00,8156837426,5974486525,1,up,217.516,159.32,21.752,0.1946,0
2026-03-13 21:45:00,8752728798,5170733627,3,up,233.406,137.886,23.341,0.3692,0
2026-03-13 21:50:00,7519699939,5098807479,22,up,200.525,135.968,20.053,2.2981,0
2026-03-13 21:55:00,7785256806,5895990129,18,up,207.607,157.226,20.761,1.8262,0
2026-03-13 22:00:00,8229024514,6650338211,4,up,219.441,177.342,21.944,0.4615,0
2026-03-13 22:05:00,6847625024,5632538406,3,up,182.603,150.201,18.26,0.3463,0
2026-03-13 22:10:00,7548646496,5911594939,20,up,201.297,157.643,20.13,2.0752,0
2026-03-13 22:15:00,7612993727,5407928313,1,up,203.013,144.211,20.301,0.1254,0
2026-03-13 22:20:00,6639547303,4583049397,51,up,177.055,122.215,17.705,5.1734,0
2026-03-13 22:25:00,9585873109,6278014857,41,up,255.623,167.414,25.562,4.1137,0
2026-03-13 22:30:00,6233435900,6238179611,38,up,166.225,166.351,16.622,3.8471,0
2026-03-13 22:35:00,6331706486,6104772466,0,up,168.846,162.794,16.885,0.0403,0
2026-03-13 22:40:00,8682803918,5502186829,1,up,231.541,146.725,23.154,0.122,0
2026-03-13 22:45:00,8141939625,6028012867,19,up,217.118,160.747,21.712,1.9954,0
2026-03-13 22:50:00,6576631664,6228289213,129,up,175.377,166.088,17.538,12.974,0
2026-03-13 22:55:00,8046560113,6718607112,10,up,214.575,179.163,21.457,1.0476,0
2026-03-13 23:00:00,8821065400,6292255120,10,up,235.228,167.793,23.523,1.0554,0
2026-03-13 23:05:00,7472763248,5668079326,3,up,199.274,151.149,19.927,0.3605,0
2026-03-13 23:10:00,9838940610,4741929052,28,up,262.372,126.451,26.237,2.8047,0
2026-03-13 23:15:00,5948344370,5730069350,26,up,158.623,152.802,15.862,2.6009,0
2026-03-13 23:20:00,8124441108,5798189742,2,up,216.652,154.618,21.665,0.2671,0
2026-03-13 23:25:00,8549875502,6103595098,15,up,227.997,162.763,22.8,1.575,0
2026-03-13 23:30:00,8302209511,6538877005,27,up,221.392,174.37,22.139,2.7496,0
2026-03-13 23:35:00,7316079846,5560773404,17,up,195.095,148.287,19.51,1.7007,0
2026-03-13 23:40:00,7238602666,7043166353,28,up,193.029,187.818,19.303,2.8049,0
2026-03-13 23:45:00,7899730653,4437481261,42,up,210.659,118.333,21.066,4.2357,0
2026-03-13 23:50:00,8234179037,5908055763,28,up,219.578,157.548,21.958,2.8944,0
2026-03-13 23:55:00,4825335655,5085998735,95,up,128.676,135.627,12.868,9.5741,1
2026-03-14 00:00:00,8436052101,4337625150,48,up,224.961,115.67,22.496,4.8034,0
2026-03-14 00:05:00,6583017038,5488802295,57,up,175.547,146.368,17.555,5.7712,0
2026-03-14 00:10:00,7295006118,4641408428,12,up,194.533,123.771,19.453,1.2312,0
2026-03-14 00:15:00,6653985661,5516036168,4,up,177.44,147.094,17.744,0.4756,0
2026-03-14 00:20:00,7152498501,5648469242,42,up,190.733,150.626,19.073,4.2575,0
2026-03-14 00:25:00,8413698802,6380015451,6,up,224.365,170.134,22.437,0.6012,0
2026-03-14 00:30:00,7597185528,4607380034,66,up,202.592,122.863,20.259,6.611,0
2026-03-14 00:35:00,9846173246,6238200486,0,up,262.565,166.352,26.256,0.0579,0
2026-03-14 00:40:00,7674065730,5691204303,63,up,204.642,151.765,20.464,6.3544,0
2026-03-14 00:45:00,7553722692,6319473178,22,up,201.433,168.519,20.143,2.224,0
2026-03-14 00:50:00,7595564627,5333567956,37,up,202.548,142.228,20.255,3.7263,0
2026-03-14 00:55:00,6925972176,4725734903,12,up,184.693,126.02,18.469,1.2708,0
2026-03-14 01:00:00,7447947048,4803187954,119,up,198.612,128.085,19.861,11.9837,0
2026-03-14 01:05:00,8515009224,4753029968,6,up,227.067,126.747,22.707,0.6455,0
2026-03-14 01:10:00,7602573601,5947524553,7,up,202.735,158.601,20.274,0.7675,0
2026-03-14 01:15:00,6785886243,6621922364,1,up,180.957,176.585,18.096,0.132,0
2026-03-14 01:20:00,6667423841,5243657719,70,up,177.798,139.831,17.78,7.0533,0
2026-03-14 01:25:00,7094818297,6049666326,15,up,189.195,161.324,18.92,1.5221,0
2026-03-14 01:30:00,7566477090,4596676610,28,up,201.773,122.578,20.177,2.8087,0
2026-03-14 01:35:00,8574227881,5746716843,29,up,228.646,153.246,22.865,2.9074,0
2026-03-14 01:40:00,6293560222,6076279766,51,up,167.828,162.034,16.783,5.1887,0
2026-03-14 01:45:00,7212156349,4647515776,27,up,192.324,123.934,19.232,2.7335,0
2026-03-14 01:50:00,7629879017,5487378658,20,up,203.463,146.33,20.346,2.064,0
2026-03-14 01:55:00,5849664809,6108244069,30,up,155.991,162.887,15.599,3.0974,0
2026-03-14 02:00:00,6749761545,3644704813,34,up,179.994,97.192,17.999,3.4755,0
2026-03-14 02:05:00,6888100314,6526430816,5,up,183.683,174.038,18.368,0.5143,0
2026-03-14 02:10:00,6783626663,5863733578,2,up,180.897,156.366,18.09,0.2904,0
2026-03-14 02:15:00,7672700590,6108791162,1,up,204.605,162.901,20.461,0.1945,0
2026-03-14 02:20:00,7355496351,5346414486,11,up,196.147,142.571,19.615,1.1712,0
2026-03-14 02:25:00,7000242507,4462162324,17,up,186.673,118.991,18.667,1.7229,0
2026-03-14 02:30:00,4731099818,5985492495,95,up,126.163,159.613,12.616,9.562,1
2026-03-14 02:35:00,9050767245,5569251530,79,up,241.354,148.513,24.135,7.9273,0
2026-03-14 02:40:00,8975330865,5646677932,10,up,239.342,150.578,23.934,1.0041,0
2026-03-14 02:45:00,3461703243,6359134715,143,up,92.312,169.577,9.231,14.3076,1
2026-03-14 02:50:00,8019364965,6139393114,18,up,213.85,163.717,21.385,1.8948,0
2026-03-14 02:55:00,7339779038,6921835256,6,up,195.727,184.582,19.573,0.6214,0
2026-03-14 03:00:00,7639639808,5728851604,23,up,203.724,152.769,20.372,2.3883,0
2026-03-14 03:05:00,7141545269,5158431604,85,up,190.441,137.558,19.044,8.5415,0
2026-03-14 03:10:00,7605829766,5497818628,3,up,202.822,146.608,20.282,0.3319,0
2026-03-14 03:15:00,7636266656,5905572776,17,up,203.634,157.482,20.363,1.7695,0
2026-03-14 03:20:00,6978943418,6310703150,1,up,186.105,168.285,18.611,0.1325,0
2026-03-14 03:25:00,6693269206,4634752082,9,up,178.487,123.593,17.849,0.9686,0
2026-03-14 03:30:00,7096173885,5630762890,24,up,189.231,150.154,18.923,2.4229,0
2026-03-14 03:35:00,7710833338,6711440618,45,up,205.622,178.972,20.562,4.598,0
2026-03-14 03:40:00,8039096707,5462859012,32,up,214.376,145.676,21.438,3.2764,0
2026-03-14 03:45:00,8268014079,6253433002,15,up,220.48,166.758,22.048,1.5537,0
2026-03-14 03:50:00,7055228979,5957854330,59,up,188.139,158.876,18.814,5.9984,0
2026-03-14 03:55:00,7755460110,6270205909,9,up,206.812,167.205,20.681,0.9014,0
2026-03-14 04:00:00,8366252332,5078411634,35,up,223.1,135.424,22.31,3.5059,0
2026-03-14 04:05:00,8549035405,5081353872,16,up,227.974,135.503,22.797,1.6062,0
2026-03-14 04:10:00,7447050431,5638683527,57,up,198.588,150.365,19.859,5.7226,0
2026-03-14 04:15:00,7301161447,4590750293,39,up,194.698,122.42,19.47,3.9917,0
2026-03-14 04:20:00,7672011810,5442925090,57,up,204.587,145.145,20.459,5.7935,0
2026-03-14 04:25:00,6465263274,5795691743,6,up,172.407,154.552,17.241,0.6028,0
2026-03-14 04:30:00,7325751440,6829629034,27,up,195.353,182.123,19.535,2.7577,0
2026-03-14 04:35:00,8170127758,5896834777,33,up,217.87,157.249,21.787,3.353,0
2026-03-14 04:40:00,8077752416,6047029217,33,up,215.407,161.254,21.541,3.391,0
2026-03-14 04:45:00,7256759156,6411021196,17,up,193.514,170.961,19.351,1.753,0
2026-03-14 04:50:00,7695946380,4973856127,0,up,205.225,132.636,20.523,0.0283,0
2026-03-14 04:55:00,6757814693,5513569202,7,up,180.208,147.029,18.021,0.7576,0
2026-03-14 05:00:00,8133142933,7262153499,9,up,216.884,193.657,21.688,0.9763,0
2026-03-14 05:05:00,4457976424,5571592499,191,up,118.879,148.576,11.888,19.1079,1
2026-03-14 05:10:00,7251643693,6378590755,45,up,193.377,170.096,19.338,4.5953,0
2026-03-14 05:15:00,7174448547,6275523067,2,up,191.319,167.347,19.132,0.2764,0
2026-03-14 05:20:00,4466037311,4627273242,299,up,119.094,123.394,11.909,29.9246,1
2026-03-14 05:25:00,4258146071,5834573511,20,up,113.551,155.589,11.355,2.0145,1
2026-03-14 05:30:00,8092328732,5724054543,13,up,215.795,152.641,21.58,1.3376,0
2026-03-14 05:35:00,7144244806,5847722181,6,up,190.513,155.939,19.051,0.6057,0
2026-03-14 05:40:00,8933667686,5115974076,49,up,238.231,136.426,23.823,4.9212,0
2026-03-14 05:45:00,8818689453,4871079329,34,up,235.165,129.895,23.517,3.4598,0
2026-03-14 05:50:00,6697610859,5303693249,10,up,178.603,141.432,17.86,1.0906,0
2026-03-14 05:55:00,7562733842,5558988376,28,up,201.673,148.24,20.167,2.8633,0
2026-03-14 06:00:00,6914409040,6424864502,5,up,184.384,171.33,18.438,0.5095,0
2026-03-14 06:05:00,4323610315,6851684803,48,up,115.296,182.712,11.53,4.8175,1
2026-03-14 06:10:00,9302184720,6567703546,11,up,248.058,175.139,24.806,1.1835,0
2026-03-14 06:15:00,7223185724,6205625017,6,up,192.618,165.483,19.262,0.6793,0
2026-03-14 06:20:00,7824203433,4947070322,52,up,208.645,131.922,20.865,5.225,0
2026-03-14 06:25:00,7987189164,5348995081,28,up,212.992,142.64,21.299,2.8396,0
2026-03-14 06:30:00,6599433564,5766700085,8,up,175.985,153.779,17.598,0.821,0
2026-03-14 06:35:00,6730414073,5198103649,6,up,179.478,138.616,17.948,0.6931,0
2026-03-14 06:40:00,6414579865,6014613815,0,up,171.055,160.39,17.106,0.0453,0
2026-03-14 06:45:00,6702626339,6111328123,10,up,178.737,162.969,17.874,1.0638,0
2026-03-14 06:50:00,4934972901,5986995792,18,up,131.599,159.653,13.16,1.8704,0
2026-03-14 06:55:00,7990124160,6316965858,8,up,213.07,168.452,21.307,0.8133,0
2026-03-14 07:00:00,5609264674,5014400930,120,up,149.58,133.717,14.958,12.055,1
2026-03-14 07:05:00,7633038665,6254659375,13,up,203.548,166.791,20.355,1.3265,0
2026-03-14 07:10:00,6225358026,5155439321,9,up,166.01,137.478,16.601,0.9507,0
2026-03-14 07:15:00,6921501255,4989868231,69,up,184.573,133.063,18.457,6.9946,0
2026-03-14 07:20:00,7087010839,5984178390,7,up,188.987,159.578,18.899,0.7622,0
2026-03-14 07:25:00,6584173700,6445714654,12,up,175.578,171.886,17.558,1.2698,0
2026-03-14 07:30:00,8274164374,5954409103,12,up,220.644,158.784,22.064,1.2043,0
2026-03-14 07:35:00,8229234039,5639042716,6,up,219.446,150.374,21.945,0.69,0
2026-03-14 07:40:00,6460093385,5834353832,6,up,172.269,155.583,17.227,0.6131,0
2026-03-14 07:45:00,8152572940,5717088169,9,up,217.402,152.456,21.74,0.9002,0
2026-03-14 07:50:00,8874131397,4864983145,49,up,236.644,129.733,23.664,4.9921,0
2026-03-14 07:55:00,9212302384,4786231402,36,up,245.661,127.633,24.566,3.6427,0
2026-03-14 08:00:00,10078690820,5571792531,28,up,268.765,148.581,26.877,2.8564,0
2026-03-14 08:05:00,6688206615,5678903364,15,up,178.352,151.437,17.835,1.5271,0
2026-03-14 08:10:00,10041798383,5632649355,17,up,267.781,150.204,26.778,1.7719,0
2026-03-14 08:15:00,7181214250,6081368589,7,up,191.499,162.17,19.15,0.777,0
2026-03-14 08:20:00,6966781090,5479553216,1,up,185.781,146.121,18.578,0.1931,0
2026-03-14 08:25:00,7794365137,6005010947,10,up,207.85,160.134,20.785,1.0051,0
2026-03-14 08:30:00,6976144799,5527403932,17,up,186.031,147.397,18.603,1.7109,0
2026-03-14 08:35:00,7859139726,6855767299,1,up,209.577,182.82,20.958,0.1476,0
2026-03-14 08:40:00,6311930531,5679481765,2,up,168.318,151.453,16.832,0.2309,0
2026-03-14 08:45:00,7285122658,7204987762,7,up,194.27,192.133,19.427,0.763,0
2026-03-14 08:50:00,8657024010,5862607823,11,up,230.854,156.336,23.085,1.1435,0
2026-03-14 08:55:00,7448644837,5480767909,12,up,198.631,146.154,19.863,1.2494,0
2026-03-14 09:00:00,7627436208,5017872616,3,up,203.398,133.81,20.34,0.3136,0
2026-03-14 09:05:00,7927732744,4651050212,6,up,211.406,124.028,21.141,0.6399,0
2026-03-14 09:10:00,8553595466,4955776458,7,up,228.096,132.154,22.81,0.7583,0
2026-03-14 09:15:00,6010297759,5031265741,1,up,160.275,134.167,16.027,0.1751,0
2026-03-14 09:20:00,8026071646,5891503513,9,up,214.029,157.107,21.403,0.9867,0
2026-03-14 09:25:00,7258674774,5269838374,1,up,193.565,140.529,19.356,0.1874,0
2026-03-14 09:30:00,7649974105,5751175760,30,up,203.999,153.365,20.4,3.0389,0
2026-03-14 09:35:00,8453955152,6490335394,12,up,225.439,173.076,22.544,1.2196,0
2026-03-14 09:40:00,6425232013,5565729362,9,up,171.34,148.419,17.134,0.9891,0
2026-03-14 09:45:00,6588620002,7028430771,3,up,175.697,187.425,17.57,0.3382,0
2026-03-14 09:50:00,5758113036,4831327588,6,up,153.55,128.835,15.355,0.6421,0
2026-03-14 09:55:00,7005756952,5523356104,6,up,186.82,147.289,18.682,0.6622,0
2026-03-14 10:00:00,8697389109,5260963776,105,up,231.93,140.292,23.193,10.5335,0
2026-03-14 10:05:00,7391471530,6257141959,45,up,197.106,166.857,19.711,4.5098,0
2026-03-14 10:10:00,6293887593,4113140649,0,up,167.837,109.684,16.784,0.0384,0
2026-03-14 10:15:00,7062889129,4650897179,23,up,188.344,124.024,18.834,2.3982,0
2026-03-14 10:20:00,6160924466,5552540894,7,up,164.291,148.068,16.429,0.739,0
2026-03-14 10:25:00,6487332508,6672179961,2,up,172.996,177.925,17.3,0.2756,0
2026-03-14 10:30:00,7849937019,5777443237,30,up,209.332,154.065,20.933,3.057,0
2026-03-14 10:35:00,6443514006,4712705468,3,up,171.827,125.672,17.183,0.3528,0
2026-03-14 10:40:00,8501370874,4816912549,14,up,226.703,128.451,22.67,1.4663,0
2026-03-14 10:45:00,7435991738,6754268049,25,up,198.293,180.114,19.829,2.5003,0
2026-03-14 10:50:00,7577035233,5205734010,20,up,202.054,138.82,20.205,2.0214,0
2026-03-14 10:55:00,7249464329,4988499723,94,up,193.319,133.027,19.332,9.5,0
2026-03-14 11:00:00,8195563054,6622226478,38,up,218.548,176.593,21.855,3.8514,0
2026-03-14 11:05:00,8204843898,6307490478,37,up,218.796,168.2,21.88,3.7202,0
2026-03-14 11:10:00,4680929350,6484990259,43,up,124.825,172.933,12.482,4.3943,1
2026-03-14 11:15:00,8008310195,4983721730,0,up,213.555,132.899,21.355,0.0211,0
2026-03-14 11:20:00,7309119297,4595553692,33,up,194.91,122.548,19.491,3.3145,0
2026-03-14 11:25:00,7987982706,5714887380,205,up,213.013,152.397,21.301,20.5621,0
2026-03-14 11:30:00,7195910002,5851210139,13,up,191.891,156.032,19.189,1.3017,0
2026-03-14 11:35:00,7502008459,5871106217,105,up,200.054,156.563,20.005,10.5872,0
2026-03-14 11:40:00,7252820625,6622774156,3,up,193.409,176.607,19.341,0.382,0
2026-03-14 11:45:00,7088503314,4454707214,8,up,189.027,118.792,18.903,0.8793,0
2026-03-14 11:50:00,6879799382,6205294159,4,up,183.461,165.475,18.346,0.468,0
2026-03-14 11:55:00,7920921093,4884778095,16,up,211.225,130.261,21.122,1.6117,0
2026-03-14 12:00:00,8679545321,6202621341,39,up,231.455,165.403,23.145,3.9861,0
2026-03-14 12:05:00,8553991774,5304404224,10,up,228.106,141.451,22.811,1.0413,0
2026-03-14 12:10:00,6369091197,5075569037,59,up,169.842,135.349,16.984,5.9172,0
2026-03-14 12:15:00,8660282746,5213315672,19,up,230.941,139.022,23.094,1.9677,0
2026-03-14 12:20:00,7213657348,4649213114,15,up,192.364,123.979,19.236,1.5657,0
2026-03-14 12:25:00,8040659713,5652289534,38,up,214.418,150.728,21.442,3.8666,0
2026-03-14 12:30:00,6684406201,5103445461,2,up,178.251,136.092,17.825,0.2674,0
2026-03-14 12:35:00,7627781922,6155751305,37,up,203.408,164.153,20.341,3.7153,0
2026-03-14 12:40:00,7782350864,6057037854,6,up,207.529,161.521,20.753,0.6958,0
2026-03-14 12:45:00,6163855687,6764506010,8,up,164.369,180.387,16.437,0.8241,0
2026-03-14 12:50:00,8047440449,5872271051,22,up,214.598,156.594,21.46,2.2873,0
2026-03-14 12:55:00,8711341507,5976457492,58,up,232.302,159.372,23.23,5.8053,0
2026-03-14 13:00:00,7342816848,6570067372,21,up,195.808,175.202,19.581,2.1593,0
2026-03-14 13:05:00,8724151317,5201327680,26,up,232.644,138.702,23.264,2.6171,0
2026-03-14 13:10:00,7329275855,4620425706,37,up,195.447,123.211,19.545,3.7469,0
2026-03-14 13:15:00,8264626077,5760063489,7,up,220.39,153.602,22.039,0.7505,0
2026-03-14 13:20:00,5503287030,4664722408,43,up,146.754,124.393,14.675,4.3895,0
2026-03-14 13:25:00,9676900001,7281408604,13,up,258.051,194.171,25.805,1.353,0
2026-03-14 13:30:00,5307547452,6607461347,19,up,141.535,176.199,14.153,1.9317,1
2026-03-14 13:35:00,7243837046,7085684024,10,up,193.169,188.952,19.317,1.0774,0
2026-03-14 13:40:00,5725119876,5667151709,7,up,152.67,151.124,15.267,0.7063,0
2026-03-14 13:45:00,7759225531,5996637175,6,up,206.913,159.91,20.691,0.6492,0
2026-03-14 13:50:00,6200467007,5314854083,8,up,165.346,141.729,16.535,0.8302,0
2026-03-14 13:55:00,7900368183,6220974243,4,up,210.676,165.893,21.068,0.499,0
2026-03-14 14:00:00,7870409147,4804508331,27,up,209.878,128.12,20.988,2.7543,0
2026-03-14 14:05:00,6652737147,3908412097,21,up,177.406,104.224,17.741,2.1687,0
2026-03-14 14:10:00,8508870321,5091270331,26,up,226.903,135.767,22.69,2.6135,0
2026-03-14 14:15:00,8225017232,4642555403,10,up,219.334,123.801,21.933,1.0529,0
2026-03-14 14:20:00,8378241003,6622600546,36,up,223.42,176.603,22.342,3.6713,0
2026-03-14 14:25:00,7507971933,6850582282,3,up,200.213,182.682,20.021,0.347,0
2026-03-14 14:30:00,6226028339,4678022876,21,up,166.027,124.747,16.603,2.1165,0
2026-03-14 14:35:00,8380085044,6496908035,8,up,223.469,173.251,22.347,0.8055,0
2026-03-14 14:40:00,7256665740,6267184863,18,up,193.511,167.125,19.351,1.8749,0
2026-03-14 14:45:00,6249197871,4565400737,9,up,166.645,121.744,16.665,0.9776,0
2026-03-14 14:50:00,8716835429,5361569416,39,up,232.449,142.975,23.245,3.9077,0
2026-03-14 14:55:00,9389466768,5233389487,55,up,250.386,139.557,25.039,5.5473,0
2026-03-14 15:00:00,7462876683,6129896894,33,up,199.01,163.464,19.901,3.3926,0
2026-03-14 15:05:00,5665925423,4795573938,19,up,151.091,127.882,15.109,1.9308,1
2026-03-14 15:10:00,7582183255,5558260977,8,up,202.192,148.22,20.219,0.8035,0
2026-03-14 15:15:00,7157589686,5161994209,62,up,190.869,137.653,19.087,6.2943,0
2026-03-14 15:20:00,6932587391,5944505298,14,up,184.869,158.52,18.487,1.4372,0
2026-03-14 15:25:00,8973374167,5478665378,70,up,239.29,146.098,23.929,7.0832,0
2026-03-14 15:30:00,6797870506,5263709149,12,up,181.277,140.366,18.128,1.2458,0
2026-03-14 15:35:00,8161742378,5481024811,75,up,217.646,146.161,21.765,7.5797,0
2026-03-14 15:40:00,6996752548,6999328912,65,up,186.58,186.649,18.658,6.5004,0
2026-03-14 15:45:00,7085723913,5343592745,27,up,188.953,142.496,18.895,2.7009,0
2026-03-14 15:50:00,8427224724,4922321477,0,up,224.726,131.262,22.473,0.0222,0
2026-03-14 15:55:00,7157966838,6018817659,12,up,190.879,160.502,19.088,1.2785,0
2026-03-14 16:00:00,7135684158,5528120848,60,up,190.285,147.417,19.028,6.0544,0
2026-03-14 16:05:00,8519524227,4669717096,54,up,227.187,124.526,22.719,5.4095,0
2026-03-14 16:10:00,8937657563,7131260026,5,up,238.338,190.167,23.834,0.5188,0
2026-03-14 16:15:00,8080220822,5387076711,12,up,215.473,143.655,21.547,1.2737,0
2026-03-14 16:20:00,6910707201,5369938118,45,up,184.286,143.198,18.429,4.5123,0
2026-03-14 16:25:00,7040452350,5732888862,21,up,187.745,152.877,18.775,2.1562,0
2026-03-14 16:30:00,7571923737,6792828819,46,up,201.918,181.142,20.192,4.6982,0
2026-03-14 16:35:00,7788837055,4491171904,43,up,207.702,119.765,20.77,4.3799,0
2026-03-14 16:40:00,3966552408,5811290448,238,up,105.775,154.968,10.577,23.8035,1
2026-03-14 16:45:00,8150734145,7033908709,3,up,217.353,187.571,21.735,0.3117,0
2026-03-14 16:50:00,7576961996,5711891859,3,up,202.052,152.317,20.205,0.3923,0
2026-03-14 16:55:00,5955862513,4791149563,2,up,158.823,127.764,15.882,0.2161,0
2026-03-14 17:00:00,6663966165,5207582124,68,up,177.706,138.869,17.771,6.8438,0
2026-03-14 17:05:00,7046284193,5764645707,16,up,187.901,153.724,18.79,1.6117,0
2026-03-14 17:10:00,7434428080,6523292643,1,up,198.251,173.954,19.825,0.1662,0
2026-03-14 17:15:00,9200350915,5395948305,9,up,245.343,143.892,24.534,0.9698,0
2026-03-14 17:20:00,7714354175,6182989963,10,up,205.716,164.88,20.572,1.0824,0
2026-03-14 17:25:00,6743305299,4656126041,41,up,179.821,124.163,17.982,4.146,0
2026-03-14 17:30:00,7698567723,4650490100,33,up,205.295,124.013,20.53,3.3246,0
2026-03-14 17:35:00,7183121027,5299109535,29,up,191.55,141.31,19.155,2.923,0
2026-03-14 17:40:00,7792282415,6595669387,0,up,207.794,175.885,20.779,0.0553,0
2026-03-14 17:45:00,8022510918,5671490381,60,up,213.934,151.24,21.393,6.0393,0
2026-03-14 17:50:00,8588307582,5820622557,6,up,229.022,155.217,22.902,0.6069,0
2026-03-14 17:55:00,4486885292,5812703727,99,up,119.65,155.005,11.965,9.9172,1
2026-03-14 18:00:00,8975064474,6373715388,1,up,239.335,169.966,23.934,0.1595,0
2026-03-14 18:05:00,4990332237,5213101032,8,up,133.076,139.016,13.308,0.8504,1
2026-03-14 18:10:00,6863304409,6089592448,0,up,183.021,162.389,18.302,0.0241,0
2026-03-14 18:15:00,9488870099,5064154201,20,up,253.037,135.044,25.304,2.0864,0
2026-03-14 18:20:00,7794295061,6963709042,24,up,207.848,185.699,20.785,2.4814,0
2026-03-14 18:25:00,6748387946,5084736004,1,up,179.957,135.593,17.996,0.1295,0
2026-03-14 18:30:00,8987621746,5029387220,8,up,239.67,134.117,23.967,0.8579,0
2026-03-14 18:35:00,9369999826,5996027124,47,up,249.867,159.894,24.987,4.7672,0
2026-03-14 18:40:00,7470277262,5678857191,2,up,199.207,151.436,19.921,0.267,0
2026-03-14 18:45:00,7046714765,5845625374,6,up,187.912,155.883,18.791,0.6101,0
2026-03-14 18:50:00,7344862538,5778436811,13,up,195.863,154.092,19.586,1.3808,0
2026-03-14 18:55:00,8143258554,4888985265,46,up,217.154,130.373,21.715,4.6172,0
2026-03-14 19:00:00,8650070989,6714017277,7,up,230.669,179.04,23.067,0.7354,0
2026-03-14 19:05:00,8013438597,6228140988,146,up,213.692,166.084,21.369,14.6397,0
2026-03-14 19:10:00,7591550887,6542291217,10,up,202.441,174.461,20.244,1.0973,0
2026-03-14 19:15:00,8848210593,5268376649,12,up,235.952,140.49,23.595,1.2212,0
2026-03-14 19:20:00,7218447174,5906153392,3,up,192.492,157.497,19.249,0.3256,0
2026-03-14 19:25:00,8427827404,5758223712,28,up,224.742,153.553,22.474,2.8501,0
2026-03-14 19:30:00,7240743481,6386401772,6,up,193.086,170.304,19.309,0.6975,0
2026-03-14 19:35:00,7887920662,6408167488,24,up,210.345,170.884,21.034,2.478,0
2026-03-14 19:40:00,7397793691,5755309291,6,up,197.274,153.475,19.727,0.6313,0
2026-03-14 19:45:00,7449733035,4600382986,12,up,198.66,122.677,19.866,1.227,0
2026-03-14 19:50:00,7160352134,6826271773,48,up,190.943,182.034,19.094,4.8566,0
2026-03-14 19:55:00,8710368628,6000291517,33,up,232.276,160.008,23.228,3.3572,0
2026-03-14 20:00:00,6840366565,5214304997,4,up,182.41,139.048,18.241,0.4198,0
2026-03-14 20:05:00,6833790972,5899415943,23,up,182.234,157.318,18.223,2.3394,0
2026-03-14 20:10:00,9408894209,4605011854,24,up,250.904,122.8,25.09,2.4765,0
2026-03-14 20:15:00,8380062808,6337363320,2,up,223.468,168.996,22.347,0.2373,0
2026-03-14 20:20:00,5353397671,4631932072,15,up,142.757,123.518,14.276,1.5675,0
2026-03-14 20:25:00,6991267134,5475936717,7,up,186.434,146.025,18.643,0.755,0
2026-03-14 20:30:00,5869209596,5790006753,15,up,156.512,154.4,15.651,1.5737,0
2026-03-14 20:35:00,6644378375,6326216805,37,up,177.183,168.699,17.718,3.7523,0
2026-03-14 20:40:00,4675336800,5696917656,4,up,124.676,151.918,12.468,0.4307,0
2026-03-14 20:45:00,7376709380,6053599939,3,up,196.712,161.429,19.671,0.329,0
2026-03-14 20:50:00,3883351417,5605987336,31,up,103.556,149.493,10.356,3.1377,1
2026-03-14 20:55:00,7553914731,5603274483,76,up,201.438,149.421,20.144,7.6058,0
2026-03-14 21:00:00,6037390867,5682697143,34,up,160.997,151.539,16.1,3.4441,0
2026-03-14 21:05:00,7574620667,5497385903,0,up,201.99,146.597,20.199,0.0491,0
2026-03-14 21:10:00,7126575349,4486565085,12,up,190.042,119.642,19.004,1.2813,0
2026-03-14 21:15:00,8851757668,5106381641,7,up,236.047,136.17,23.605,0.744,0
2026-03-14 21:20:00,8770221175,5790223017,25,up,233.873,154.406,23.387,2.5413,0
2026-03-14 21:25:00,8206811042,5456843322,15,up,218.848,145.516,21.885,1.5372,0
2026-03-14 21:30:00,7206047597,5519828869,83,up,192.161,147.195,19.216,8.3455,0
2026-03-14 21:35:00,9286842355,5406736273,6,up,247.649,144.18,24.765,0.6179,0
2026-03-14 21:40:00,3661360949,5042071084,88,up,97.636,134.455,9.764,8.8638,1
2026-03-14 21:45:00,6236797233,5292157863,30,up,166.315,141.124,16.631,3.0117,0
2026-03-14 21:50:00,7424595210,5417888572,43,up,197.989,144.477,19.799,4.3655,0
2026-03-14 21:55:00,9528634298,5628471619,13,up,254.097,150.093,25.41,1.3063,0
2026-03-14 22:00:00,7317894983,5890530382,29,up,195.144,157.081,19.514,2.9033,0
2026-03-14 22:05:00,7335079281,5503128553,9,up,195.602,146.75,19.56,0.9031,0
2026-03-14 22:10:00,3721368407,4929982702,57,up,99.236,131.466,9.924,5.7177,1
2026-03-14 22:15:00,8351336626,4681294623,56,up,222.702,124.835,22.27,5.6495,0
2026-03-14 22:20:00,8357858628,7378270114,74,up,222.876,196.754,22.288,7.4847,0
2026-03-14 22:25:00,8210167681,4862374854,31,up,218.938,129.663,21.894,3.1719,0
2026-03-14 22:30:00,6933701394,5274928124,11,up,184.899,140.665,18.49,1.1724,0
2026-03-14 22:35:00,6863963908,5973975204,42,up,183.039,159.306,18.304,4.2878,0
2026-03-14 22:40:00,6336189974,5868580911,0,up,168.965,156.495,16.897,0.0655,0
2026-03-14 22:45:00,7575485251,5976584342,2,up,202.013,159.376,20.201,0.271,0
2026-03-14 22:50:00,6527633403,5326165978,27,up,174.07,142.031,17.407,2.7071,0
2026-03-14 22:55:00,6440325145,5786026697,8,up,171.742,154.294,17.174,0.8606,0
2026-03-14 23:00:00,7118678354,5666406973,75,up,189.831,151.104,18.983,7.5596,0
2026-03-14 23:05:00,7059759442,5414311326,14,up,188.26,144.382,18.826,1.432,0
2026-03-14 23:10:00,7015819324,5790651575,14,up,187.089,154.417,18.709,1.4025,0
2026-03-14 23:15:00,7919800137,6337371744,28,up,211.195,168.997,21.119,2.8336,0
2026-03-14 23:20:00,7571143021,5610014849,36,up,201.897,149.6,20.19,3.6479,0
2026-03-14 23:25:00,7240659572,5614505671,16,up,193.084,149.72,19.308,1.6136,0
2026-03-14 23:30:00,7664711635,6346008698,6,up,204.392,169.227,20.439,0.602,0
2026-03-14 23:35:00,6607625663,6273918242,37,up,176.203,167.304,17.62,3.7104,0
2026-03-14 23:40:00,7594750761,6694157097,9,up,202.527,178.511,20.253,0.9654,0
2026-03-14 23:45:00,7635542243,4439544591,4,up,203.614,118.388,20.361,0.4813,0
2026-03-14 23:50:00,6147257826,6235955448,24,up,163.927,166.292,16.393,2.4967,0
2026-03-14 23:55:00,8396124378,6031066530,2,up,223.897,160.828,22.39,0.237,0
2026-03-15 00:00:00,6706709665,5027184631,88,up,178.846,134.058,17.885,8.8817,0
2026-03-15 00:05:00,7581278819,5794821844,25,up,202.167,154.529,20.217,2.5019,0
2026-03-15 00:10:00,8547970566,6334507179,106,up,227.946,168.92,22.795,10.6532,0
2026-03-15 00:15:00,8333109081,5065317727,10,up,222.216,135.075,22.222,1.0346,0
2026-03-15 00:20:00,7530900049,5923729639,88,up,200.824,157.966,20.082,8.8689,0
2026-03-15 00:25:00,7173750897,6213163731,3,up,191.3,165.684,19.13,0.3933,0
2026-03-15 00:30:00,8352760717,4902061795,1,up,222.74,130.722,22.274,0.1039,0
2026-03-15 00:35:00,8107225480,5528957157,0,up,216.193,147.439,21.619,0.0839,0
2026-03-15 00:40:00,6943471481,5828153654,15,up,185.159,155.417,18.516,1.5631,0
2026-03-15 00:45:00,4070757430,5087611233,8,up,108.554,135.67,10.855,0.8665,1
2026-03-15 00:50:00,5634880336,5031571590,17,up,150.263,134.175,15.026,1.7945,0
2026-03-15 00:55:00,7638628657,5533844893,9,up,203.697,147.569,20.37,0.9919,0
2026-03-15 01:00:00,7425572029,6166106808,10,up,198.015,164.43,19.802,1.0223,0
2026-03-15 01:05:00,8522572237,6059520450,25,up,227.269,161.587,22.727,2.5238,0
2026-03-15 01:10:00,7823149584,5043546407,4,up,208.617,134.495,20.862,0.4451,0
2026-03-15 01:15:00,8700806274,6065213322,36,up,232.022,161.739,23.202,3.637,0
2026-03-15 01:20:00,6872372194,5060740651,21,up,183.263,134.953,18.326,2.1809,0
2026-03-15 01:25:00,8524335297,4538135386,61,up,227.316,121.017,22.732,6.1611,0
2026-03-15 01:30:00,7023975258,5377178089,11,up,187.306,143.391,18.731,1.1347,0
2026-03-15 01:35:00,8199836455,6383004325,101,up,218.662,170.213,21.866,10.1448,0
2026-03-15 01:40:00,6187117446,6067773372,21,up,164.99,161.807,16.499,2.144,0
2026-03-15 01:45:00,7711621769,5623939030,90,up,205.643,149.972,20.564,9.0673,0
2026-03-15 01:50:00,5713780852,5343723798,0,up,152.367,142.499,15.237,0.0686,0
2026-03-15 01:55:00,7259576262,5361910558,32,up,193.589,142.984,19.359,3.2547,0
2026-03-15 02:00:00,4737791156,5698429811,169,up,126.341,151.958,12.634,16.962,1
2026-03-15 02:05:00,7031128303,4903804697,1,up,187.497,130.768,18.75,0.1366,0
2026-03-15 02:10:00,6554606134,5390027541,21,up,174.789,143.734,17.479,2.1626,0
2026-03-15 02:15:00,8261506622,5479490613,40,up,220.307,146.12,22.031,4.048,0
2026-03-15 02:20:00,7406883489,4713024740,20,up,197.517,125.681,19.752,2.0584,0
2026-03-15 02:25:00,7059386417,5059047430,1,up,188.25,134.908,18.825,0.1649,0
2026-03-15 02:30:00,7537706329,5902092084,29,up,201.006,157.389,20.101,2.9559,0
2026-03-15 02:35:00,9873002227,5631420491,1,up,263.28,150.171,26.328,0.1563,0
2026-03-15 02:40:00,8538152564,5416585790,42,up,227.684,144.442,22.768,4.2521,0
2026-03-15 02:45:00,8546316301,5009786479,1,up,227.902,133.594,22.79,0.11,0
2026-03-15 02:50:00,7891991687,6689373632,3,up,210.453,178.383,21.045,0.3695,0
2026-03-15 02:55:00,7649836745,5059364030,8,up,203.996,134.916,20.4,0.8043,0
2026-03-15 03:00:00,5343525940,5794825144,25,up,142.494,154.529,14.249,2.5085,0
2026-03-15 03:05:00,6888917688,5295688365,93,up,183.704,141.218,18.37,9.3619,0
2026-03-15 03:10:00,7067483028,5649488522,3,up,188.466,150.653,18.847,0.3134,0
2026-03-15 03:15:00,5812597142,5933886575,3,up,155.003,158.237,15.5,0.3849,0
2026-03-15 03:20:00,6458325788,4700076802,11,up,172.222,125.335,17.222,1.1506,0
2026-03-15 03:25:00,5717247176,5620534035,45,up,152.46,149.881,15.246,4.5231,0
2026-03-15 03:30:00,7465508547,6428741838,15,up,199.08,171.433,19.908,1.5742,0
2026-03-15 03:35:00,8236889373,6814013778,9,up,219.65,181.707,21.965,0.9701,0
2026-03-15 03:40:00,8496097066,5537240568,20,up,226.563,147.66,22.656,2.0593,0
2026-03-15 03:45:00,7873306015,5653134814,7,up,209.955,150.75,20.995,0.7545,0
2026-03-15 03:50:00,6632943292,7117649794,12,up,176.878,189.804,17.688,1.2819,0
2026-03-15 03:55:00,3456684814,6391073890,40,up,92.178,170.429,9.218,4.0437,1
2026-03-15 04:00:00,5918818170,5208332915,40,up,157.835,138.889,15.784,4.0759,0
2026-03-15 04:05:00,6357915680,5207186170,64,up,169.544,138.858,16.954,6.451,0
2026-03-15 04:10:00,6700026271,6270670886,35,up,178.667,167.218,17.867,3.5633,0
2026-03-15 04:15:00,7356226351,4942549937,14,up,196.166,131.801,19.617,1.4455,0
2026-03-15 04:20:00,6587252203,6359215557,17,up,175.66,169.579,17.566,1.7546,0
2026-03-15 04:25:00,7805078304,5850652475,3,up,208.135,156.017,20.814,0.334,0
2026-03-15 04:30:00,7290953847,5974461515,34,up,194.425,159.319,19.443,3.4346,0
2026-03-15 04:35:00,7509491140,5451704682,22,up,200.253,145.379,20.025,2.2688,0
2026-03-15 04:40:00,8526225497,5199868257,58,up,227.366,138.663,22.737,5.8182,0
2026-03-15 04:45:00,6437791439,6611845160,5,up,171.674,176.316,17.167,0.5598,0
2026-03-15 04:50:00,7876834120,5458452335,35,up,210.049,145.559,21.005,3.5649,0
2026-03-15 04:55:00,7487424094,5347618823,28,up,199.665,142.603,19.966,2.8854,0
2026-03-15 05:00:00,7199862347,5570907479,7,up,191.996,148.558,19.2,0.7726,0
2026-03-15 05:05:00,8296730688,5755289939,27,up,221.246,153.474,22.125,2.7519,0
2026-03-15 05:10:00,8291112739,4929193039,64,up,221.096,131.445,22.11,6.4549,0
2026-03-15 05:15:00,6648158283,5243711741,62,up,177.284,139.832,17.728,6.2659,0
2026-03-15 05:20:00,7336055474,5207828350,31,up,195.628,138.875,19.563,3.1791,0
2026-03-15 05:25:00,7753090514,6195564205,1,up,206.749,165.215,20.675,0.1232,0
2026-03-15 05:30:00,7254293926,5026975266,51,up,193.448,134.053,19.345,5.1445,0
2026-03-15 05:35:00,8026519199,4439856696,26,up,214.041,118.396,21.404,2.6807,0
2026-03-15 05:40:00,7753072816,4297211170,9,up,206.749,114.592,20.675,0.9292,0
2026-03-15 05:45:00,9149305116,4632493409,5,up,243.981,123.533,24.398,0.5183,0
2026-03-15 05:50:00,6122748777,6544038286,3,up,163.273,174.508,16.327,0.3088,0
2026-03-15 05:55:00,7389807609,5635939454,1,up,197.062,150.292,19.706,0.1289,0
2026-03-15 06:00:00,6682347739,5963343133,35,up,178.196,159.022,17.82,3.5071,0
2026-03-15 06:05:00,8043696709,5987129215,6,up,214.499,159.657,21.45,0.6725,0
2026-03-15 06:10:00,6044545298,5662924144,0,up,161.188,151.011,16.119,0.0614,0
2026-03-15 06:15:00,7811681439,5574522624,12,up,208.312,148.654,20.831,1.2657,0
2026-03-15 06:20:00,6932956411,6330055340,16,up,184.879,168.801,18.488,1.6474,0
2026-03-15 06:25:00,6839254320,5723547242,4,up,182.38,152.628,18.238,0.4635,0
2026-03-15 06:30:00,6198151616,6569390798,1,up,165.284,175.184,16.528,0.1126,0
2026-03-15 06:35:00,7081431648,6044060213,5,up,188.838,161.175,18.884,0.5241,0
2026-03-15 06:40:00,8476050477,5207987515,28,up,226.028,138.88,22.603,2.8416,0
2026-03-15 06:45:00,7477330184,5289434533,2,up,199.395,141.052,19.94,0.2146,0
2026-03-15 06:50:00,8064912376,5133961255,20,up,215.064,136.906,21.506,2.0244,0
2026-03-15 06:55:00,8998177639,6446844914,3,up,239.951,171.916,23.995,0.3958,0
2026-03-15 07:00:00,7737380026,5351590606,5,up,206.33,142.709,20.633,0.5444,0
2026-03-15 07:05:00,6997080385,5086030862,12,up,186.589,135.627,18.659,1.2484,0
2026-03-15 07:10:00,7920526993,5840850177,2,up,211.214,155.756,21.121,0.2657,0
2026-03-15 07:15:00,7010133468,5559412203,4,up,186.937,148.251,18.694,0.4755,0
2026-03-15 07:20:00,7046019585,5823833745,10,up,187.894,155.302,18.789,1.0729,0
2026-03-15 07:25:00,6132096480,6900624385,9,up,163.523,184.017,16.352,1.0,0
2026-03-15 07:30:00,8333631741,6241322794,34,up,222.23,166.435,22.223,3.4585,0
2026-03-15 07:35:00,7152597681,5643232124,1,up,190.736,150.486,19.074,0.1943,0
2026-03-15 07:40:00,7663888421,4674314215,49,up,204.37,124.648,20.437,4.9233,0
2026-03-15 07:45:00,6567634264,5287525314,42,up,175.137,141.001,17.514,4.2352,0
2026-03-15 07:50:00,4735411720,6104956119,145,up,126.278,162.799,12.628,14.524,1
2026-03-15 07:55:00,6814252885,4834547298,9,up,181.713,128.921,18.171,0.9254,0
2026-03-15 08:00:00,7372462150,7070154950,43,up,196.599,188.537,19.66,4.3273,0
2026-03-15 08:05:00,8290043428,5634731179,5,up,221.068,150.259,22.107,0.5047,0
2026-03-15 08:10:00,8211683381,5657972665,3,up,218.978,150.879,21.898,0.3321,0
2026-03-15 08:15:00,7480172934,5175014494,1,up,199.471,138.0,19.947,0.115,0
2026-03-15 08:20:00,5908682070,5960297985,70,up,157.565,158.941,15.756,7.005,0
2026-03-15 08:25:00,10193529513,4843348780,9,up,271.827,129.156,27.183,0.9205,0
2026-03-15 08:30:00,9071273073,7086302497,62,up,241.901,188.968,24.19,6.241,0
2026-03-15 08:35:00,8150407342,6514212130,7,up,217.344,173.712,21.734,0.7957,0
2026-03-15 08:40:00,6822116596,6289400100,59,up,181.923,167.717,18.192,5.9531,0
2026-03-15 08:45:00,7397767054,4686460421,58,up,197.274,124.972,19.727,5.8567,0
2026-03-15 08:50:00,7010921613,5763653957,64,up,186.958,153.697,18.696,6.4319,0
2026-03-15 08:55:00,8637470345,6441133318,17,up,230.333,171.764,23.033,1.7137,0
2026-03-15 09:00:00,7736252601,6025346144,50,up,206.3,160.676,20.63,5.0238,0
2026-03-15 09:05:00,6794252527,4948576354,75,up,181.18,131.962,18.118,7.5279,0
2026-03-15 09:10:00,7076320410,5186186715,9,up,188.702,138.298,18.87,0.9812,0
2026-03-15 09:15:00,8509069328,5319943106,13,up,226.909,141.865,22.691,1.357,0
2026-03-15 09:20:00,8940088062,5217679461,31,up,238.402,139.138,23.84,3.1756,0
2026-03-15 09:25:00,8875498407,6656925714,8,up,236.68,177.518,23.668,0.893,0
2026-03-15 09:30:00,8181328858,4328316131,35,up,218.169,115.422,21.817,3.5041,0
2026-03-15 09:35:00,7272637618,6067745419,1,up,193.937,161.807,19.394,0.1919,0
2026-03-15 09:40:00,4582637557,4752695221,18,up,122.204,126.739,12.22,1.8532,0
2026-03-15 09:45:00,7767444021,4976155245,3,up,207.132,132.697,20.713,0.3262,0
2026-03-15 09:50:00,7498354117,4268429977,8,up,199.956,113.825,19.996,0.868,0
2026-03-15 09:55:00,7625983886,5254388258,7,up,203.36,140.117,20.336,0.7481,0
2026-03-15 10:00:00,7548507612,6644743864,45,up,201.294,177.193,20.129,4.5648,0
2026-03-15 10:05:00,3783818432,5803756363,21,up,100.902,154.767,10.09,2.1507,1
2026-03-15 10:10:00,8001667701,4816105955,41,up,213.378,128.429,21.338,4.1315,0
2026-03-15 10:15:00,8068994682,6311574680,39,up,215.173,168.309,21.517,3.9492,0
2026-03-15 10:20:00,8114104903,6456130377,17,up,216.376,172.163,21.638,1.7273,0
2026-03-15 10:25:00,8351919303,5695231374,6,up,222.718,151.873,22.272,0.6659,0
2026-03-15 10:30:00,8043646480,6998455681,6,up,214.497,186.625,21.45,0.6434,0
2026-03-15 10:35:00,4278584117,6179555784,62,up,114.096,164.788,11.41,6.2535,1
2026-03-15 10:40:00,7436246836,6085790442,0,up,198.3,162.288,19.83,0.0221,0
2026-03-15 10:45:00,7582012380,5082719372,18,up,202.187,135.539,20.219,1.8948,0
2026-03-15 10:50:00,7596929504,6048493977,76,up,202.585,161.293,20.258,7.6323,0
2026-03-15 10:55:00,8398395890,5771334112,4,up,223.957,153.902,22.396,0.4202,0
2026-03-15 11:00:00,8079301877,5975884576,21,up,215.448,159.357,21.545,2.1295,0
2026-03-15 11:05:00,9369609095,5162904707,81,up,249.856,137.677,24.986,8.1609,0
2026-03-15 11:10:00,9485822081,5711466746,49,up,252.955,152.306,25.296,4.9246,0
2026-03-15 11:15:00,7571684624,5073618487,47,up,201.912,135.296,20.191,4.7491,0
2026-03-15 11:20:00,4047010006,4175685832,43,up,107.92,111.352,10.792,4.3128,0
2026-03-15 11:25:00,8613149219,6298855583,9,up,229.684,167.969,22.968,0.9241,0
2026-03-15 11:30:00,7013661294,4610887437,55,up,187.031,122.957,18.703,5.5322,0
2026-03-15 11:35:00,6778664470,5697350863,70,up,180.764,151.929,18.076,7.09,0
2026-03-15 11:40:00,7141399252,5849776437,17,up,190.437,155.994,19.044,1.7119,0
2026-03-15 11:45:00,7098021257,5845430035,10,up,189.281,155.878,18.928,1.0946,0
2026-03-15 11:50:00,8051042829,5433921625,13,up,214.694,144.905,21.469,1.3371,0
2026-03-15 11:55:00,6096507798,5808067745,10,up,162.574,154.882,16.257,1.0169,0
2026-03-15 12:00:00,6530051328,5942902772,5,up,174.135,158.477,17.413,0.597,0
2026-03-15 12:05:00,7808842698,6121101250,24,up,208.236,163.229,20.824,2.4088,0
2026-03-15 12:10:00,8060649627,6795072904,20,up,214.951,181.202,21.495,2.0673,0
2026-03-15 12:15:00,8077387480,5783081052,15,up,215.397,154.215,21.54,1.5525,0
2026-03-15 12:20:00,6791667348,5668232970,2,up,181.111,151.153,18.111,0.2519,0
2026-03-15 12:25:00,6619560915,5012957948,39,up,176.522,133.679,17.652,3.9851,0
2026-03-15 12:30:00,7044028649,5919263768,4,up,187.841,157.847,18.784,0.4807,0
2026-03-15 12:35:00,7715885477,6075483594,3,up,205.757,162.013,20.576,0.3042,0
2026-03-15 12:40:00,8836929632,5495195350,24,up,235.651,146.539,23.565,2.4392,0
2026-03-15 12:45:00,5657306532,5992613440,12,up,150.862,159.803,15.086,1.2714,0
2026-03-15 12:50:00,7301344118,5427551569,1,up,194.703,144.735,19.47,0.1542,0
2026-03-15 12:55:00,6300589403,6077920040,10,up,168.016,162.078,16.802,1.0985,0
2026-03-15 13:00:00,6012981590,6241006561,36,up,160.346,166.427,16.035,3.6936,0
2026-03-15 13:05:00,8370260980,6231573810,23,up,223.207,166.175,22.321,2.3879,0
2026-03-15 13:10:00,7990162117,5704544920,11,up,213.071,152.121,21.307,1.1266,0
2026-03-15 13:15:00,7904490164,4923021497,5,up,210.786,131.281,21.079,0.5324,0
2026-03-15 13:20:00,8328923255,5211958689,24,up,222.105,138.986,22.21,2.4978,0
2026-03-15 13:25:00,7068252992,6026731193,54,up,188.487,160.713,18.849,5.4632,0
2026-03-15 13:30:00,7110626235,7277948306,25,up,189.617,194.079,18.962,2.5981,0
2026-03-15 13:35:00,9467157555,5395013479,41,up,252.458,143.867,25.246,4.1903,0
2026-03-15 13:40:00,7278086051,5932690432,18,up,194.082,158.205,19.408,1.8429,0
2026-03-15 13:45:00,8161618901,5249664523,31,up,217.643,139.991,21.764,3.1644,0
2026-03-15 13:50:00,7505743386,4967572245,56,up,200.153,132.469,20.015,5.6639,0
2026-03-15 13:55:00,5836567322,5168486792,37,up,155.642,137.826,15.564,3.709,0
2026-03-15 14:00:00,5659833896,4219331415,60,up,150.929,112.516,15.093,6.0158,0
2026-03-15 14:05:00,6978914202,6538568667,14,up,186.104,174.362,18.61,1.4103,0
2026-03-15 14:10:00,8450491126,4119662079,58,up,225.346,109.858,22.535,5.8643,0
2026-03-15 14:15:00,8209462490,5446915944,24,up,218.919,145.251,21.892,2.4293,0
2026-03-15 14:20:00,8322669447,4829763670,51,up,221.938,128.794,22.194,5.1015,0
2026-03-15 14:25:00,3966995063,5028043354,4,up,105.787,134.081,10.579,0.4017,1
2026-03-15 14:30:00,8954285241,6554152795,26,up,238.781,174.777,23.878,2.6813,0
2026-03-15 14:35:00,6631596029,5760720218,47,up,176.843,153.619,17.684,4.7093,0
2026-03-15 14:40:00,4614925175,4973357592,19,up,123.065,132.623,12.306,1.9141,1
2026-03-15 14:45:00,7490682939,5227075935,27,up,199.752,139.389,19.975,2.7102,0
2026-03-15 14:50:00,4406108137,5108300176,174,up,117.496,136.221,11.75,17.4271,1
2026-03-15 14:55:00,8704732924,5595606671,8,up,232.126,149.216,23.213,0.849,0
2026-03-15 15:00:00,6865400531,5741701887,12,up,183.077,153.112,18.308,1.299,0
2026-03-15 15:05:00,6285355269,6904512971,21,up,167.609,184.12,16.761,2.1071,0
2026-03-15 15:10:00,7517995937,4331496982,18,up,200.48,115.507,20.048,1.8306,0
2026-03-15 15:15:00,7140155939,5601501687,0,up,190.404,149.373,19.04,0.0999,0
2026-03-15 15:20:00,10539644627,5411991807,2,up,281.057,144.32,28.106,0.2597,0
2026-03-15 15:25:00,8108856728,6263920256,2,up,216.236,167.038,21.624,0.2647,0
2026-03-15 15:30:00,7131593482,5864502229,7,up,190.176,156.387,19.018,0.7604,0
2026-03-15 15:35:00,6549499587,6023494490,7,up,174.653,160.627,17.465,0.7055,0
2026-03-15 15:40:00,5807740430,5857933175,33,up,154.873,156.212,15.487,3.3891,0
2026-03-15 15:45:00,6577302822,4995905990,21,up,175.395,133.224,17.539,2.1259,0
2026-03-15 15:50:00,7603447594,6442604210,36,up,202.759,171.803,20.276,3.6096,0
2026-03-15 15:55:00,8784595786,6163990810,1,up,234.256,164.373,23.426,0.1811,0
2026-03-15 16:00:00,8509520228,6242982609,16,up,226.921,166.48,22.692,1.66,0
2026-03-15 16:05:00,7706185348,6478233865,9,up,205.498,172.753,20.55,0.9781,0
2026-03-15 16:10:00,7209149100,5906930692,47,up,192.244,157.518,19.224,4.7418,0
2026-03-15 16:15:00,7741931120,6624669872,30,up,206.451,176.658,20.645,3.0757,0
2026-03-15 16:20:00,7033225802,5879906710,50,up,187.553,156.798,18.755,5.0863,0
2026-03-15 16:25:00,9046527596,5477135453,1,up,241.241,146.057,24.124,0.1188,0
2026-03-15 16:30:00,7329728836,5620542360,31,up,195.459,149.881,19.546,3.1898,0
2026-03-15 16:35:00,7422295927,5608905456,19,up,197.928,149.571,19.793,1.9414,0
2026-03-15 16:40:00,5505759817,5274410857,43,up,146.82,140.651,14.682,4.3574,0
2026-03-15 16:45:00,7324108638,6726524972,17,up,195.31,179.374,19.531,1.7689,0
2026-03-15 16:50:00,8252835724,5824999371,19,up,220.076,155.333,22.008,1.9425,0
2026-03-15 16:55:00,6539049680,5688948471,1,up,174.375,151.705,17.437,0.1329,0
2026-03-15 17:00:00,6824351698,5887085122,27,up,181.983,156.989,18.198,2.7605,0
2026-03-15 17:05:00,4928063949,7636401798,31,up,131.415,203.637,13.142,3.1902,1
2026-03-15 17:10:00,6171008498,4861086172,0,up,164.56,129.629,16.456,0.0497,0
2026-03-15 17:15:00,8452020906,5054599004,1,up,225.387,134.789,22.539,0.1719,0
2026-03-15 17:20:00,7021070498,4693114563,78,up,187.229,125.15,18.723,7.883,0
2026-03-15 17:25:00,7150288601,5467995514,10,up,190.674,145.813,19.067,1.0619,0
2026-03-15 17:30:00,6488509435,5790724949,50,up,173.027,154.419,17.303,5.0638,0
2026-03-15 17:35:00,7840241634,5310907300,80,up,209.073,141.624,20.907,8.0271,0
2026-03-15 17:40:00,9713884786,5260684411,71,up,259.037,140.285,25.904,7.1735,0
2026-03-15 17:45:00,8203347515,5721123284,53,up,218.756,152.563,21.876,5.3369,0
2026-03-15 17:50:00,6722143264,5286077218,56,up,179.257,140.962,17.926,5.6308,0
2026-03-15 17:55:00,8522058526,5834368683,8,up,227.255,155.583,22.725,0.8527,0
2026-03-15 18:00:00,7214988408,6377108184,4,up,192.4,170.056,19.24,0.4106,0
2026-03-15 18:05:00,8737036483,6081995567,25,up,232.988,162.187,23.299,2.549,0
2026-03-15 18:10:00,8226008761,6219684009,16,up,219.36,165.858,21.936,1.6741,0
2026-03-15 18:15:00,4851172591,6357994927,2,up,129.365,169.547,12.936,0.2599,0
2026-03-15 18:20:00,6596328330,5815909008,28,up,175.902,155.091,17.59,2.8295,0
2026-03-15 18:25:00,8349946700,5517917307,20,up,222.665,147.144,22.267,2.0688,0
2026-03-15 18:30:00,7636491544,5103729177,49,up,203.64,136.099,20.364,4.9707,0
2026-03-15 18:35:00,6578619647,5360954739,23,up,175.43,142.959,17.543,2.3488,0
2026-03-15 18:40:00,6929769436,5271512265,21,up,184.794,140.574,18.479,2.133,0
2026-03-15 18:45:00,5784387041,6118878820,14,up,154.25,163.17,15.425,1.4529,0
2026-03-15 18:50:00,7420464041,5859078224,15,up,197.879,156.242,19.788,1.5534,0
2026-03-15 18:55:00,9489620753,6095311557,77,up,253.057,162.542,25.306,7.7186,0
2026-03-15 19:00:00,8224440051,4841772622,3,up,219.318,129.114,21.932,0.3725,0
2026-03-15 19:05:00,9471375301,6591430901,14,up,252.57,175.771,25.257,1.4775,0
2026-03-15 19:10:00,4976494428,5336788249,106,up,132.707,142.314,13.271,10.6661,1
2026-03-15 19:15:00,8424731409,4882488766,14,up,224.66,130.2,22.466,1.4185,0
2026-03-15 19:20:00,9276670818,5328528008,8,up,247.378,142.094,24.738,0.8325,0
2026-03-15 19:25:00,7839536933,7301542044,8,up,209.054,194.708,20.905,0.8469,0
2026-03-15 19:30:00,7331495410,5363291115,6,up,195.507,143.021,19.551,0.6653,0
2026-03-15 19:35:00,8429391764,5405559881,10,up,224.784,144.148,22.478,1.0536,0
2026-03-15 19:40:00,5285073728,5495329340,205,up,140.935,146.542,14.094,20.5319,1
2026-03-15 19:45:00,7068031821,5524681241,17,up,188.481,147.325,18.848,1.7591,0
2026-03-15 19:50:00,6850587825,5097503655,6,up,182.682,135.933,18.268,0.6869,0
2026-03-15 19:55:00,7624970429,5721668831,12,up,203.333,152.578,20.333,1.2134,0
2026-03-15 20:00:00,8248348980,6351026563,2,up,219.956,169.361,21.996,0.2796,0
2026-03-15 20:05:00,8218281943,5837145287,58,up,219.154,155.657,21.915,5.8594,0
2026-03-15 20:10:00,6218249159,4874963423,13,up,165.82,129.999,16.582,1.3115,0
2026-03-15 20:15:00,5532267276,5392566514,393,up,147.527,143.802,14.753,39.3178,1
2026-03-15 20:20:00,6922951563,5252719004,10,up,184.612,140.073,18.461,1.0675,0
2026-03-15 20:25:00,7261441502,5660734141,45,up,193.638,150.953,19.364,4.5252,0
2026-03-15 20:30:00,4012566645,6523054878,29,up,107.002,173.948,10.7,2.9623,1
2026-03-15 20:35:00,9928495952,5524504112,1,up,264.76,147.32,26.476,0.198,0
2026-03-15 20:40:00,7717863603,5565495463,0,up,205.81,148.413,20.581,0.0806,0
2026-03-15 20:45:00,6734122427,6824910252,23,up,179.577,181.998,17.958,2.3296,0
2026-03-15 20:50:00,8277531194,6216439044,9,up,220.734,165.772,22.073,0.9334,0
2026-03-15 20:55:00,8192222201,6012504865,14,up,218.459,160.333,21.846,1.4653,0
2026-03-15 21:00:00,7331045678,6946738840,42,up,195.495,185.246,19.549,4.2683,0
2026-03-15 21:05:00,8256546041,5955622596,7,up,220.175,158.817,22.017,0.7129,0
2026-03-15 21:10:00,6757237235,4284094179,9,up,180.193,114.243,18.019,0.9228,0
2026-03-15 21:15:00,7056373552,6187049386,46,up,188.17,164.988,18.817,4.6663,0
2026-03-15 21:20:00,5690805010,4550394291,16,up,151.755,121.344,15.175,1.6969,0
2026-03-15 21:25:00,6308444024,5930103623,43,up,168.225,158.136,16.823,4.3958,0
2026-03-15 21:30:00,9126867725,4468223087,11,up,243.383,119.153,24.338,1.1729,0
2026-03-15 21:35:00,8977285764,5309872597,12,up,239.394,141.597,23.939,1.2703,0
2026-03-15 21:40:00,7559209783,5379445442,4,up,201.579,143.452,20.158,0.4572,0
2026-03-15 21:45:00,8996638302,5105169602,62,up,239.91,136.138,23.991,6.2027,0
2026-03-15 21:50:00,7355932962,5389524901,56,up,196.158,143.721,19.616,5.6773,0
2026-03-15 21:55:00,7280930727,6321979161,103,up,194.158,168.586,19.416,10.3721,0
2026-03-15 22:00:00,7550859583,5143081784,12,up,201.356,137.149,20.136,1.2873,0
2026-03-15 22:05:00,7387570564,5992970093,42,up,197.002,159.813,19.7,4.2678,0
2026-03-15 22:10:00,7306323308,4973186493,13,up,194.835,132.618,19.484,1.3402,0
2026-03-15 22:15:00,8529058296,5497087785,15,up,227.442,146.589,22.744,1.5142,0
2026-03-15 22:20:00,7635122088,5843591504,44,up,203.603,155.829,20.36,4.4299,0
2026-03-15 22:25:00,8141233587,4952343318,4,up,217.1,132.062,21.71,0.4881,0
2026-03-15 22:30:00,8428242472,4739588707,6,up,224.753,126.389,22.475,0.6222,0
2026-03-15 22:35:00,7849367216,5957017751,9,up,209.316,158.854,20.932,0.9448,0
2026-03-15 22:40:00,6626755806,6383079269,38,up,176.713,170.215,17.671,3.88,0
2026-03-15 22:45:00,6282420699,5571631111,11,up,167.531,148.577,16.753,1.1656,0
2026-03-15 22:50:00,7633902571,5316313788,11,up,203.571,141.768,20.357,1.1086,0
2026-03-15 22:55:00,7345869325,5730080886,168,up,195.89,152.802,19.589,16.8479,0
2026-03-15 23:00:00,7578652286,5662448945,12,up,202.097,150.999,20.21,1.2105,0
2026-03-15 23:05:00,7485551364,5788959214,7,up,199.615,154.372,19.961,0.7118,0
2026-03-15 23:10:00,9825216294,3918434557,24,up,262.006,104.492,26.201,2.4402,0
2026-03-15 23:15:00,6302796369,4903354603,40,up,168.075,130.756,16.807,4.0472,0
2026-03-15 23:20:00,5709048357,5054469678,1,up,152.241,134.786,15.224,0.1804,0
2026-03-15 23:25:00,7799139150,5726835649,24,up,207.977,152.716,20.798,2.4117,0
2026-03-15 23:30:00,7161219700,5750467571,0,up,190.966,153.346,19.097,0.091,0
2026-03-15 23:35:00,7784461082,6054421829,18,up,207.586,161.451,20.759,1.8681,0
2026-03-15 23:40:00,8025494720,5798867680,7,up,214.013,154.636,21.401,0.7426,0
2026-03-15 23:45:00,8655694225,4747003827,9,up,230.819,126.587,23.082,0.9155,0
2026-03-15 23:50:00,6143496761,6601728116,15,up,163.827,176.046,16.383,1.5735,0
2026-03-15 23:55:00,6998953891,6483544854,65,up,186.639,172.895,18.664,6.5469,0
2026-03-16 00:00:00,7885885132,4775716829,31,up,210.29,127.352,21.029,3.1004,0
2026-03-16 00:05:00,8193417236,5849576073,69,up,218.491,155.989,21.849,6.9054,0
2026-03-16 00:10:00,9474104595,5223088539,26,up,252.643,139.282,25.264,2.6968,0
2026-03-16 00:15:00,8360133574,5718733192,0,up,222.937,152.5,22.294,0.0178,0
2026-03-16 00:20:00,7448890263,6335984438,7,up,198.637,168.96,19.864,0.7717,0
2026-03-16 00:25:00,6698607822,7062820379,59,up,178.63,188.342,17.863,5.9051,0
2026-03-16 00:30:00,6992139132,6132112450,25,up,186.457,163.523,18.646,2.5782,0
2026-03-16 00:35:00,6966567459,5824080946,99,up,185.775,155.309,18.578,9.9949,0
2026-03-16 00:40:00,8089710265,5395620711,4,up,215.726,143.883,21.573,0.4239,0
2026-03-16 00:45:00,7731297701,5747941037,8,up,206.168,153.278,20.617,0.8801,0
2026-03-16 00:50:00,6308715386,6542846027,11,up,168.232,174.476,16.823,1.125,0
2026-03-16 00:55:00,7107688677,5594821589,9,up,189.538,149.195,18.954,0.9884,0
2026-03-16 01:00:00,8289792798,5026873960,7,up,221.061,134.05,22.106,0.7259,0
2026-03-16 01:05:00,7816496119,4531709340,14,up,208.44,120.846,20.844,1.4651,0
2026-03-16 01:10:00,8011780154,5971307310,25,up,213.647,159.235,21.365,2.5701,0
2026-03-16 01:15:00,7844629539,5791919484,9,up,209.19,154.451,20.919,0.9322,0
2026-03-16 01:20:00,8963787661,5189011983,2,up,239.034,138.374,23.903,0.2076,0
2026-03-16 01:25:00,7712438757,6317559534,30,up,205.665,168.468,20.567,3.0821,0
2026-03-16 01:30:00,7152579481,5340300616,15,up,190.735,142.408,19.074,1.5359,0
2026-03-16 01:35:00,6675820462,5534115238,20,up,178.022,147.576,17.802,2.0325,0
2026-03-16 01:40:00,7724648512,5613751710,15,up,205.991,149.7,20.599,1.5193,0
2026-03-16 01:45:00,5303366386,5388106899,55,up,141.423,143.683,14.142,5.5263,0
2026-03-16 01:50:00,7334139898,5784208919,20,up,195.577,154.246,19.558,2.0453,0
2026-03-16 01:55:00,7314744126,6402272723,64,up,195.06,170.727,19.506,6.4189,0
2026-03-16 02:00:00,6271976231,4853824718,17,up,167.253,129.435,16.725,1.7863,0
2026-03-16 02:05:00,6664560745,5954751093,8,up,177.722,158.793,17.772,0.8654,0
2026-03-16 02:10:00,8228691777,5741207101,10,up,219.432,153.099,21.943,1.098,0
2026-03-16 02:15:00,7707640574,5728790584,18,up,205.537,152.768,20.554,1.846,0
2026-03-16 02:20:00,7591609500,6213495084,18,up,202.443,165.693,20.244,1.8875,0
2026-03-16 02:25:00,7775712780,5658275762,29,up,207.352,150.887,20.735,2.9066,0
2026-03-16 02:30:00,7583364829,5949154751,6,up,202.223,158.644,20.222,0.6356,0
2026-03-16 02:35:00,8618576306,6108208624,26,up,229.829,162.886,22.983,2.6885,0
2026-03-16 02:40:00,7611086263,5284553489,37,up,202.962,140.921,20.296,3.7693,0
2026-03-16 02:45:00,6187608197,5826948836,28,up,165.003,155.385,16.5,2.8221,0
2026-03-16 02:50:00,8967116968,5455718365,16,up,239.123,145.486,23.912,1.6436,0
2026-03-16 02:55:00,7833306240,5535439798,119,up,208.888,147.612,20.889,11.9729,0
2026-03-16 03:00:00,6969671642,5407608557,12,up,185.858,144.203,18.586,1.2972,0
2026-03-16 03:05:00,6371938453,5942979272,2,up,169.918,158.479,16.992,0.2818,0
2026-03-16 03:10:00,7856322798,5680110178,43,up,209.502,151.47,20.95,4.308,0
2026-03-16 03:15:00,7394545195,5891317223,5,up,197.188,157.102,19.719,0.5963,0
2026-03-16 03:20:00,8916732107,5613175780,31,up,237.78,149.685,23.778,3.1232,0
2026-03-16 03:25:00,7188683447,4542218316,4,up,191.698,121.126,19.17,0.493,0
2026-03-16 03:30:00,6746357289,5646173680,0,up,179.903,150.565,17.99,0.0426,0
2026-03-16 03:35:00,8306216596,5667888119,4,up,221.499,151.144,22.15,0.4353,0
2026-03-16 03:40:00,8332753703,5788752257,11,up,222.207,154.367,22.221,1.183,0
2026-03-16 03:45:00,7651786230,5224232794,2,up,204.048,139.313,20.405,0.2819,0
2026-03-16 03:50:00,8108721342,4818057941,5,up,216.233,128.482,21.623,0.5506,0
2026-03-16 03:55:00,7466081591,6046609485,36,up,199.096,161.243,19.91,3.6165,0
2026-03-16 04:00:00,7710478590,5440315574,36,up,205.613,145.075,20.561,3.6729,0
2026-03-16 04:05:00,8548491794,5740589732,42,up,227.96,153.082,22.796,4.2524,0
2026-03-16 04:10:00,4837671900,5435014446,183,up,129.005,144.934,12.9,18.3983,1
2026-03-16 04:15:00,7347653005,5620908267,13,up,195.937,149.891,19.594,1.3637,0
2026-03-16 04:20:00,8717126291,5321732390,50,up,232.457,141.913,23.246,5.0539,0
2026-03-16 04:25:00,5371630164,4971543577,18,up,143.243,132.574,14.324,1.866,0
2026-03-16 04:30:00,9346865980,5944768871,15,up,249.25,158.527,24.925,1.59,0
2026-03-16 04:35:00,5964636814,5217893940,31,up,159.057,139.144,15.906,3.1694,0
2026-03-16 04:40:00,6935616457,5735667249,6,up,184.95,152.951,18.495,0.6014,0
2026-03-16 04:45:00,7463174218,5902060649,38,up,199.018,157.388,19.902,3.8956,0
2026-03-16 04:50:00,7368167396,5228901416,14,up,196.484,139.437,19.648,1.403,0
2026-03-16 04:55:00,8405769936,4812377196,3,up,224.154,128.33,22.415,0.3404,0
2026-03-16 05:00:00,6547947043,7262607789,3,up,174.612,193.67,17.461,0.3176,0
2026-03-16 05:05:00,7734690135,5268753983,4,up,206.258,140.5,20.626,0.4505,0
2026-03-16 05:10:00,6979609111,6045806582,55,up,186.123,161.222,18.612,5.5312,0
2026-03-16 05:15:00,7765626881,6934137895,117,up,207.083,184.91,20.708,11.7591,0
2026-03-16 05:20:00,4465022979,6158187729,44,up,119.067,164.218,11.907,4.4157,1
2026-03-16 05:25:00,7583642087,5422201104,8,up,202.23,144.592,20.223,0.8638,0
2026-03-16 05:30:00,7005067650,5579696438,6,up,186.802,148.792,18.68,0.6172,0
2026-03-16 05:35:00,7040942444,5062990126,43,up,187.758,135.013,18.776,4.3406,0
2026-03-16 05:40:00,7758545262,6220145088,5,up,206.895,165.871,20.689,0.5868,0
2026-03-16 05:45:00,8349343955,6007232727,64,up,222.649,160.193,22.265,6.4455,0
2026-03-16 05:50:00,6961548599,5277762572,27,up,185.641,140.74,18.564,2.7517,0
2026-03-16 05:55:00,6718109209,4921532005,56,up,179.15,131.241,17.915,5.6857,0
2026-03-16 06:00:00,8052114149,4733167227,20,up,214.723,126.218,21.472,2.0186,0
2026-03-16 06:05:00,7470746496,6290896952,29,up,199.22,167.757,19.922,2.9334,0
2026-03-16 06:10:00,8247448320,5706251862,24,up,219.932,152.167,21.993,2.4154,0
2026-03-16 06:15:00,6684782507,5770114562,44,up,178.261,153.87,17.826,4.4475,0
2026-03-16 06:20:00,5898504967,5069509677,45,up,157.293,135.187,15.729,4.5176,0
2026-03-16 06:25:00,7020296326,4637135405,22,up,187.208,123.657,18.721,2.2277,0
2026-03-16 06:30:00,6810282651,6274764162,25,up,181.608,167.327,18.161,2.5026,0
2026-03-16 06:35:00,7429090439,5653376349,63,up,198.109,150.757,19.811,6.3736,0
2026-03-16 06:40:00,6926839307,6237383395,66,up,184.716,166.33,18.472,6.6434,0
2026-03-16 06:45:00,8166915256,5364495139,27,up,217.784,143.053,21.778,2.7285,0
2026-03-16 06:50:00,7240664763,5465147955,0,up,193.084,145.737,19.308,0.0195,0
2026-03-16 06:55:00,7635427048,6106476269,2,up,203.611,162.839,20.361,0.2757,0
2026-03-16 07:00:00,7641871102,6119334953,48,up,203.783,163.182,20.378,4.8788,0
2026-03-16 07:05:00,7675459583,6163356795,2,up,204.679,164.356,20.468,0.2213,0
2026-03-16 07:10:00,7478283800,5425739154,6,up,199.421,144.686,19.942,0.6005,0
2026-03-16 07:15:00,7959540621,6039819385,6,up,212.254,161.062,21.225,0.6552,0
2026-03-16 07:20:00,6783910379,6373642139,22,up,180.904,169.964,18.09,2.2922,0
2026-03-16 07:25:00,8759476133,5554278892,21,up,233.586,148.114,23.359,2.1488,0
2026-03-16 07:30:00,7287116354,5278395354,8,up,194.323,140.757,19.432,0.8542,0
2026-03-16 07:35:00,6319605775,6531354632,5,up,168.523,174.169,16.852,0.5818,0
2026-03-16 07:40:00,4601559612,5183249129,144,up,122.708,138.22,12.271,14.4618,1
2026-03-16 07:45:00,6733937565,6049896635,68,up,179.572,161.331,17.957,6.851,0
2026-03-16 07:50:00,8098801081,5585564940,1,up,215.968,148.948,21.597,0.1356,0
2026-03-16 07:55:00,9488645018,4381943208,3,up,253.031,116.852,25.303,0.3573,0
2026-03-16 08:00:00,6792085117,6386800995,25,up,181.122,170.315,18.112,2.5692,0
2026-03-16 08:05:00,7799135099,3763448800,40,up,207.977,100.359,20.798,4.0797,0
2026-03-16 08:10:00,5920044970,4285713554,39,up,157.868,114.286,15.787,3.9158,0
2026-03-16 08:15:00,7908514706,5980947803,31,up,210.894,159.492,21.089,3.1796,0
2026-03-16 08:20:00,6702857580,5980773059,54,up,178.743,159.487,17.874,5.4604,0
2026-03-16 08:25:00,6937648843,5194633595,6,up,185.004,138.524,18.5,0.6127,0
2026-03-16 08:30:00,6508842159,5724779910,2,up,173.569,152.661,17.357,0.2837,0
2026-03-16 08:35:00,8158936103,3916284719,23,up,217.572,104.434,21.757,2.3886,0
2026-03-16 08:40:00,8406573921,6102208438,43,up,224.175,162.726,22.418,4.3188,0
2026-03-16 08:45:00,7521046693,5793564703,21,up,200.561,154.495,20.056,2.1809,0
2026-03-16 08:50:00,6722015965,5594191073,82,up,179.254,149.178,17.925,8.2419,0
2026-03-16 08:55:00,8930570732,5639068000,39,up,238.149,150.375,23.815,3.9688,0
2026-03-16 09:00:00,6824630885,5957946568,30,up,181.99,158.879,18.199,3.0165,0
2026-03-16 09:05:00,5554170930,5605491471,1,up,148.111,149.48,14.811,0.1554,0
2026-03-16 09:10:00,7912550108,4360012535,2,up,211.001,116.267,21.1,0.285,0
2026-03-16 09:15:00,6505702793,7107524258,38,up,173.485,189.534,17.349,3.8409,0
2026-03-16 09:20:00,8389747914,6435540553,5,up,223.727,171.614,22.373,0.5524,0
2026-03-16 09:25:00,7156976072,4757662353,0,up,190.853,126.871,19.085,0.0731,0
2026-03-16 09:30:00,8043341916,5392032369,60,up,214.489,143.788,21.449,6.0411,0
2026-03-16 09:35:00,8761350311,5465676921,55,up,233.636,145.751,23.364,5.5366,0
2026-03-16 09:40:00,6412027021,6353223457,6,up,170.987,169.419,17.099,0.6163,0
2026-03-16 09:45:00,6990656582,4167493468,37,up,186.418,111.133,18.642,3.7877,0
2026-03-16 09:50:00,7431896034,5288169421,1,up,198.184,141.018,19.818,0.1229,0
2026-03-16 09:55:00,8883796187,4436570400,8,up,236.901,118.309,23.69,0.8389,0
2026-03-16 10:00:00,6907455553,5432560526,24,up,184.199,144.868,18.42,2.4432,0
2026-03-16 10:05:00,6964946673,5306061897,36,up,185.732,141.495,18.573,3.6011,0
2026-03-16 10:10:00,7930326518,5678793495,0,up,211.475,151.434,21.148,0.0261,0
2026-03-16 10:15:00,4188296488,5216709780,39,up,111.688,139.112,11.169,3.9483,1
2026-03-16 10:20:00,7637273294,5118059210,6,up,203.661,136.482,20.366,0.6031,0
2026-03-16 10:25:00,6103616321,6043268266,167,up,162.763,161.154,16.276,16.7731,0
2026-03-16 10:30:00,9492896948,5931904100,27,up,253.144,158.184,25.314,2.7791,0
2026-03-16 10:35:00,6287061692,5997193881,13,up,167.655,159.925,16.765,1.3008,0
2026-03-16 10:40:00,7210422566,5505592438,1,up,192.278,146.816,19.228,0.1967,0
2026-03-16 10:45:00,7470767067,5239076456,22,up,199.22,139.709,19.922,2.2824,0
2026-03-16 10:50:00,9221419320,5544774574,25,up,245.905,147.861,24.59,2.566,0
2026-03-16 10:55:00,6307638797,5963284397,42,up,168.204,159.021,16.82,4.2376,0
2026-03-16 11:00:00,9285333721,4155673701,8,up,247.609,110.818,24.761,0.8512,0
2026-03-16 11:05:00,8181459138,5891025553,99,up,218.172,157.094,21.817,9.9653,0
2026-03-16 11:10:00,7875385791,5833668276,14,up,210.01,155.564,21.001,1.4472,0
2026-03-16 11:15:00,6613829681,5666951861,8,up,176.369,151.119,17.637,0.8772,0
2026-03-16 11:20:00,8014027117,5524213440,10,up,213.707,147.312,21.371,1.071,0
2026-03-16 11:25:00,6848862039,3892869414,18,up,182.636,103.81,18.264,1.8328,0
2026-03-16 11:30:00,8639995127,5328099047,68,up,230.4,142.083,23.04,6.8997,0
2026-03-16 11:35:00,6626044173,6832871129,33,up,176.695,182.21,17.669,3.3216,0
2026-03-16 11:40:00,7398157354,5633708374,21,up,197.284,150.232,19.728,2.1516,0
2026-03-16 11:45:00,7000254220,5417579358,4,up,186.673,144.469,18.667,0.4443,0
2026-03-16 11:50:00,6611229333,5636411682,4,up,176.299,150.304,17.63,0.4044,0
2026-03-16 11:55:00,8167187835,5864471686,17,up,217.792,156.386,21.779,1.7439,0
2026-03-16 12:00:00,7981912872,6069703665,32,up,212.851,161.859,21.285,3.2614,0
2026-03-16 12:05:00,8588109179,5470505889,34,up,229.016,145.88,22.902,3.4759,0
2026-03-16 12:10:00,5898112402,5911820731,6,up,157.283,157.649,15.728,0.6402,0
2026-03-16 12:15:00,5074652179,6756739291,10,up,135.324,180.18,13.532,1.0547,1
2026-03-16 12:20:00,9754904014,6304219289,12,up,260.131,168.113,26.013,1.2131,0
2026-03-16 12:25:00,4256113811,7204702645,250,up,113.496,192.125,11.35,25.0314,1
2026-03-16 12:30:00,9205633750,5181680008,19,up,245.484,138.178,24.548,1.9707,0
2026-03-16 12:35:00,7263154855,6756427917,9,up,193.684,180.171,19.368,0.9645,0
2026-03-16 12:40:00,6264831236,5091295293,9,up,167.062,135.768,16.706,0.9776,0
2026-03-16 12:45:00,7224930801,5863657149,3,up,192.665,156.364,19.266,0.3542,0
2026-03-16 12:50:00,8443383570,6119421657,16,up,225.157,163.185,22.516,1.6024,0
2026-03-16 12:55:00,6745641165,5280225395,39,up,179.884,140.806,17.988,3.9179,0
2026-03-16 13:00:00,6959695206,5684375887,86,up,185.592,151.583,18.559,8.6491,0
2026-03-16 13:05:00,8034185489,6239561244,17,up,214.245,166.388,21.424,1.7409,0
2026-03-16 13:10:00,7502754105,5145567143,4,up,200.073,137.215,20.007,0.4574,0
2026-03-16 13:15:00,8026160657,6751833835,28,up,214.031,180.049,21.403,2.8717,0
2026-03-16 13:20:00,7714046586,4690397278,35,up,205.708,125.077,20.571,3.5346,0
2026-03-16 13:25:00,7931662787,6934291723,1,up,211.511,184.914,21.151,0.186,0
2026-03-16 13:30:00,7110928932,6300895140,47,up,189.625,168.024,18.962,4.7451,0
2026-03-16 13:35:00,7708557847,5564435235,44,up,205.562,148.385,20.556,4.4199,0
2026-03-16 13:40:00,6665364294,5353198957,15,up,177.743,142.752,17.774,1.5992,0
2026-03-16 13:45:00,8659590260,5282755922,20,up,230.922,140.873,23.092,2.0549,0
2026-03-16 13:50:00,6929152754,5533337942,31,up,184.777,147.556,18.478,3.1242,0
2026-03-16 13:55:00,8515962738,5592265293,28,up,227.092,149.127,22.709,2.8233,0
2026-03-16 14:00:00,7289753735,6472277716,0,up,194.393,172.594,19.439,0.0417,0
2026-03-16 14:05:00,7681799109,6953841517,3,up,204.848,185.436,20.485,0.3265,0
2026-03-16 14:10:00,7054531904,5759581446,4,up,188.121,153.589,18.812,0.4436,0
2026-03-16 14:15:00,6585604111,5054200770,35,up,175.616,134.779,17.562,3.5231,0
2026-03-16 14:20:00,5929715651,5256634922,14,up,158.126,140.177,15.813,1.4499,0
2026-03-16 14:25:00,6550208257,5501413720,19,up,174.672,146.704,17.467,1.9714,0
2026-03-16 14:30:00,7208482032,4929667578,37,up,192.226,131.458,19.223,3.7036,0
2026-03-16 14:35:00,7690691260,4829214553,10,up,205.085,128.779,20.509,1.0425,0
2026-03-16 14:40:00,8409341381,7040560868,34,up,224.249,187.748,22.425,3.4547,0
2026-03-16 14:45:00,7098818286,5829264130,14,up,189.302,155.447,18.93,1.4598,0
2026-03-16 14:50:00,6706235312,5062635134,11,up,178.833,135.004,17.883,1.1837,0
2026-03-16 14:55:00,6201556692,6176207409,10,up,165.375,164.699,16.537,1.0126,0
2026-03-16 15:00:00,7932057256,4829616365,83,up,211.522,128.79,21.152,8.3771,0
2026-03-16 15:05:00,8744875063,4885191867,36,up,233.197,130.272,23.32,3.6957,0
2026-03-16 15:10:00,8639697241,5082946379,0,up,230.392,135.545,23.039,0.051,0
2026-03-16 15:15:00,8138939473,6741796464,78,up,217.038,179.781,21.704,7.8907,0
2026-03-16 15:20:00,8074688985,5454305955,37,up,215.325,145.448,21.533,3.734,0
2026-03-16 15:25:00,9027861401,3976847783,4,up,240.743,106.049,24.074,0.4039,0
2026-03-16 15:30:00,7798873315,6441794504,1,up,207.97,171.781,20.797,0.1985,0
2026-03-16 15:35:00,8081516708,5418192579,9,up,215.507,144.485,21.551,0.9211,0
2026-03-16 15:40:00,7211294524,4376649596,24,up,192.301,116.711,19.23,2.4466,0
2026-03-16 15:45:00,6274160966,5411238645,23,up,167.311,144.3,16.731,2.3963,0
2026-03-16 15:50:00,6884535989,5976677630,8,up,183.588,159.378,18.359,0.8069,0
2026-03-16 15:55:00,7491756865,5897733187,14,up,199.78,157.273,19.978,1.475,0
2026-03-16 16:00:00,7554706835,6838930110,5,up,201.459,182.371,20.146,0.5953,0
2026-03-16 16:05:00,9233657269,5049381692,1,up,246.231,134.65,24.623,0.1298,0
2026-03-16 16:10:00,7573149450,5656536081,18,up,201.951,150.841,20.195,1.8192,0
2026-03-16 16:15:00,8560959099,5152790736,10,up,228.292,137.408,22.829,1.0654,0
2026-03-16 16:20:00,7108430482,4584019796,19,up,189.558,122.241,18.956,1.957,0
2026-03-16 16:25:00,7219491702,6222730976,73,up,192.52,165.939,19.252,7.3205,0
2026-03-16 16:30:00,6303893126,5937706959,3,up,168.104,158.339,16.81,0.3869,0
2026-03-16 16:35:00,4099142873,5816482953,0,up,109.31,155.106,10.931,0.0196,1
2026-03-16 16:40:00,7974283252,5913083380,1,up,212.648,157.682,21.265,0.2,0
2026-03-16 16:45:00,7506804162,5162305824,15,up,200.181,137.661,20.018,1.553,0
2026-03-16 16:50:00,8348644757,4946155816,30,up,222.631,131.897,22.263,3.0684,0
2026-03-16 16:55:00,7663128553,5650411976,21,up,204.35,150.678,20.435,2.1733,0
2026-03-16 17:00:00,7182791641,6408817696,17,up,191.541,170.902,19.154,1.7075,0
2026-03-16 17:05:00,9433467177,6710452066,10,up,251.559,178.945,25.156,1.0922,0
2026-03-16 17:10:00,7415486788,6161917077,9,up,197.746,164.318,19.775,0.9276,0
2026-03-16 17:15:00,8546700872,5644692738,11,up,227.912,150.525,22.791,1.1802,0
2026-03-16 17:20:00,7138911714,5807104152,23,up,190.371,154.856,19.037,2.3645,0
2026-03-16 17:25:00,8138639531,5632825855,4,up,217.03,150.209,21.703,0.4591,0
2026-03-16 17:30:00,8335214093,4932488245,36,up,222.272,131.533,22.227,3.689,0
2026-03-16 17:35:00,7687642773,5641636980,21,up,205.004,150.444,20.5,2.1407,0
2026-03-16 17:40:00,5380965369,4723991898,7,up,143.492,125.973,14.349,0.7839,0
2026-03-16 17:45:00,7516427214,5541247872,17,up,200.438,147.767,20.044,1.7386,0
2026-03-16 17:50:00,8607414042,6729370949,82,up,229.531,179.45,22.953,8.2272,0
2026-03-16 17:55:00,7974732749,6180429975,0,up,212.66,164.811,21.266,0.0518,0
2026-03-16 18:00:00,7901254987,5001894550,5,up,210.7,133.384,21.07,0.5564,0
2026-03-16 18:05:00,5949968759,5576110377,14,up,158.666,148.696,15.867,1.4872,0
2026-03-16 18:10:00,6851590436,5061795989,25,up,182.709,134.981,18.271,2.5433,0
2026-03-16 18:15:00,7870221868,5582803206,5,up,209.873,148.875,20.987,0.5964,0
2026-03-16 18:20:00,7869344949,6327747776,66,up,209.849,168.74,20.985,6.6988,0
2026-03-16 18:25:00,8593200102,6065780358,25,up,229.152,161.754,22.915,2.5721,0
2026-03-16 18:30:00,7369619920,7301797254,52,up,196.523,194.715,19.652,5.2477,0
2026-03-16 18:35:00,7865241678,6429922246,9,up,209.74,171.465,20.974,0.9987,0
2026-03-16 18:40:00,7514736817,5762700257,44,up,200.393,153.672,20.039,4.4146,0
2026-03-16 18:45:00,6611751537,6082076232,11,up,176.313,162.189,17.631,1.1879,0
2026-03-16 18:50:00,5469787802,5488350857,7,up,145.861,146.356,14.586,0.7284,0
2026-03-16 18:55:00,7887908722,4863934633,60,up,210.344,129.705,21.034,6.0663,0
2026-03-16 19:00:00,7656552487,6506399190,2,up,204.175,173.504,20.417,0.2419,0
2026-03-16 19:05:00,6943642462,6306069246,71,up,185.164,168.162,18.516,7.1569,0
2026-03-16 19:10:00,6042744249,5462288405,15,up,161.14,145.661,16.114,1.5336,0
2026-03-16 19:15:00,8066765562,5809906622,122,up,215.114,154.931,21.511,12.2743,0
2026-03-16 19:20:00,4356403159,6462633951,77,up,116.171,172.337,11.617,7.7565,1
2026-03-16 19:25:00,8001187250,6196287212,35,up,213.365,165.234,21.336,3.5418,0
2026-03-16 19:30:00,9177643677,4637406655,0,up,244.737,123.664,24.474,0.0177,0
2026-03-16 19:35:00,5572712207,5789443514,17,up,148.606,154.385,14.861,1.7163,0
2026-03-16 19:40:00,6870359272,5511848720,33,up,183.21,146.983,18.321,3.3433,0
2026-03-16 19:45:00,7311561948,6376275471,38,up,194.975,170.034,19.497,3.8177,0
2026-03-16 19:50:00,8809343556,6320953848,4,up,234.916,168.559,23.492,0.4301,0
2026-03-16 19:55:00,6027237282,6515060284,13,up,160.726,173.735,16.073,1.3574,0
2026-03-16 20:00:00,9242274923,4870421321,13,up,246.461,129.878,24.646,1.3578,0
2026-03-16 20:05:00,7622270311,5095724714,2,up,203.261,135.886,20.326,0.2735,0
2026-03-16 20:10:00,7413599404,6377005644,14,up,197.696,170.053,19.77,1.4632,0
2026-03-16 20:15:00,7321746213,5225639074,41,up,195.247,139.35,19.525,4.1139,0
2026-03-16 20:20:00,7107363271,4598032737,8,up,189.53,122.614,18.953,0.8923,0
2026-03-16 20:25:00,8443305083,5984502629,14,up,225.155,159.587,22.515,1.4166,0
2026-03-16 20:30:00,6538331321,5255627552,81,up,174.356,140.15,17.436,8.1078,0
2026-03-16 20:35:00,7810872763,6833108769,0,up,208.29,182.216,20.829,0.0806,0
2026-03-16 20:40:00,7154236500,5824924573,22,up,190.78,155.331,19.078,2.2383,0
2026-03-16 20:45:00,6814079896,5733175018,34,up,181.709,152.885,18.171,3.4009,0
2026-03-16 20:50:00,9827377658,5375760373,35,up,262.063,143.354,26.206,3.577,0
2026-03-16 20:55:00,7877145661,6698813850,31,up,210.057,178.635,21.006,3.1464,0
2026-03-16 21:00:00,8051938990,5867024260,32,up,214.718,156.454,21.472,3.2407,0
2026-03-16 21:05:00,8523999102,5349262825,1,up,227.307,142.647,22.731,0.1521,0
2026-03-16 21:10:00,6220785049,5088993498,19,up,165.888,135.706,16.589,1.9097,0
2026-03-16 21:15:00,9077062718,5575405688,38,up,242.055,148.677,24.206,3.8193,0
2026-03-16 21:20:00,5241938539,4965088384,2,up,139.785,132.402,13.979,0.247,0
2026-03-16 21:25:00,6808110230,6319492273,0,up,181.55,168.52,18.155,0.0303,0
2026-03-16 21:30:00,7086871494,4404369113,42,up,188.983,117.45,18.898,4.2126,0
2026-03-16 21:35:00,8023551028,5530828030,31,up,213.961,147.489,21.396,3.1145,0
2026-03-16 21:40:00,7696846439,6036840142,13,up,205.249,160.982,20.525,1.3284,0
2026-03-16 21:45:00,7349866733,5855930608,70,up,195.996,156.158,19.6,7.0501,0
2026-03-16 21:50:00,7489202389,5140833993,36,up,199.712,137.089,19.971,3.6375,0
2026-03-16 21:55:00,6619779278,6070674627,85,up,176.527,161.885,17.653,8.5942,0
2026-03-16 22:00:00,6152490844,5026923412,66,up,164.066,134.051,16.407,6.6238,0
2026-03-16 22:05:00,8153860460,5609890356,16,up,217.436,149.597,21.744,1.641,0
2026-03-16 22:10:00,8124335501,6064993061,35,up,216.649,161.733,21.665,3.5133,0
2026-03-16 22:15:00,8926044937,5937466126,27,up,238.028,158.332,23.803,2.7655,0
2026-03-16 22:20:00,6788984612,5169348667,41,up,181.04,137.849,18.104,4.1709,0
2026-03-16 22:25:00,8123533689,6433308798,38,up,216.628,171.555,21.663,3.8743,0
2026-03-16 22:30:00,7244663944,5683518835,4,up,193.191,151.561,19.319,0.4158,0
2026-03-16 22:35:00,8571427486,6126521902,6,up,228.571,163.374,22.857,0.6656,0
2026-03-16 22:40:00,8419766499,6657143179,7,up,224.527,177.524,22.453,0.7722,0
2026-03-16 22:45:00,7690088459,6379326370,42,up,205.069,170.115,20.507,4.2662,0
2026-03-16 22:50:00,7194422859,6381087349,41,up,191.851,170.162,19.185,4.1616,0
2026-03-16 22:55:00,8364838960,5755058952,17,up,223.062,153.468,22.306,1.7097,0
2026-03-16 23:00:00,8082214070,6160906206,21,up,215.526,164.291,21.553,2.1737,0
2026-03-16 23:05:00,6884003638,5769177687,43,up,183.573,153.845,18.357,4.385,0
2026-03-16 23:10:00,6304981193,4808705984,9,up,168.133,128.232,16.813,0.9371,0
2026-03-16 23:15:00,7240320389,5829352059,1,up,193.075,155.449,19.308,0.1287,0
2026-03-16 23:20:00,8863872433,5798043664,16,up,236.37,154.614,23.637,1.6473,0
2026-03-16 23:25:00,8531838442,6019017319,61,up,227.516,160.507,22.752,6.1253,0
2026-03-16 23:30:00,6498905277,5538602041,39,up,173.304,147.696,17.33,3.9072,0
2026-03-16 23:35:00,6449018325,5111017499,11,up,171.974,136.294,17.197,1.1417,0
2026-03-16 23:40:00,8647215464,6068141606,1,up,230.592,161.817,23.059,0.1674,0
2026-03-16 23:45:00,6477927685,4738541206,25,up,172.745,126.361,17.274,2.5328,0
2026-03-16 23:50:00,7958365791,6609702916,44,up,212.223,176.259,21.222,4.4968,0
2026-03-16 23:55:00,6945535906,5468792808,27,up,185.214,145.834,18.521,2.7337,0
