timestamp,ifInOctets_bytes,ifOutOctets_bytes,ifInErrors,onuOperStatus,debit_rx_mbps,debit_tx_mbps,utilization_pct,error_rate_pct,label_anomaly
2026-02-15 00:00:00,9933803422,7164272345,79,up,264.901,191.047,26.49,7.9665,0
2026-02-15 00:05:00,9219452661,5445294144,36,up,245.852,145.208,24.585,3.6796,0
2026-02-15 00:10:00,10103649605,6823220301,8,up,269.431,181.953,26.943,0.8897,0
2026-02-15 00:15:00,11088408588,6133098230,29,up,295.691,163.549,29.569,2.9956,0
2026-02-15 00:20:00,9111577453,6181580295,112,up,242.975,164.842,24.298,11.2159,0
2026-02-15 00:25:00,9111595923,4581377821,140,up,242.976,122.17,24.298,14.0363,0
2026-02-15 00:30:00,11151614417,4413902385,32,up,297.376,117.704,29.738,3.2903,0
2026-02-15 00:35:00,10238364070,5841192523,69,up,273.023,155.765,27.302,6.9768,0
2026-02-15 00:40:00,8846841315,6177772365,7,up,235.916,164.741,23.592,0.7155,0
2026-02-15 00:45:00,9985380049,5189857564,9,up,266.277,138.396,26.628,0.9039,0
2026-02-15 00:50:00,8853655095,5216140744,97,up,236.097,139.097,23.61,9.7767,0
2026-02-15 00:55:00,8851054027,6404260293,4,up,236.028,170.78,23.603,0.465,0
2026-02-15 01:00:00,9647207555,6405255225,6,up,257.259,170.807,25.726,0.6787,0
2026-02-15 01:05:00,7222559724,5900826436,17,up,192.602,157.355,19.26,1.7462,0
2026-02-15 01:10:00,7434467438,6561745239,28,up,198.252,174.98,19.825,2.8499,0
2026-02-15 01:15:00,8742426529,5154574347,29,up,233.131,137.455,23.313,2.9628,0
2026-02-15 01:20:00,8235564989,5743726859,11,up,219.615,153.166,21.962,1.1049,0
2026-02-15 01:25:00,9728528249,7186471876,81,up,259.427,191.639,25.943,8.107,0
2026-02-15 01:30:00,8353472915,6049191933,78,up,222.759,161.312,22.276,7.8921,0
2026-02-15 01:35:00,7786158335,6090945010,15,up,207.631,162.425,20.763,1.5926,0
2026-02-15 01:40:00,11023854865,7660281541,18,up,293.969,204.274,29.397,1.823,0
2026-02-15 01:45:00,9121001661,4992473640,38,up,243.227,133.133,24.323,3.8795,0
2026-02-15 01:50:00,9450969230,6573429863,34,up,252.026,175.291,25.203,3.4805,0
2026-02-15 01:55:00,7772158290,7198070121,15,up,207.258,191.949,20.726,1.5416,0
2026-02-15 02:00:00,8762569434,5766102292,17,up,233.669,153.763,23.367,1.7115,0
2026-02-15 02:05:00,9499787913,6618934166,13,up,253.328,176.505,25.333,1.3689,0
2026-02-15 02:10:00,8080132225,5292945962,8,up,215.47,141.145,21.547,0.8588,0
2026-02-15 02:15:00,9797660270,5505552675,19,up,261.271,146.815,26.127,1.9608,0
2026-02-15 02:20:00,8699281473,6277175819,37,up,231.981,167.391,23.198,3.7112,0
2026-02-15 02:25:00,9046844531,6574968004,43,up,241.249,175.332,24.125,4.3349,0
2026-02-15 02:30:00,8698080061,6807074288,48,up,231.949,181.522,23.195,4.8289,0
2026-02-15 02:35:00,11458812957,7130132582,15,up,305.568,190.137,30.557,1.5026,0
2026-02-15 02:40:00,9359815622,5951438477,46,up,249.595,158.705,24.96,4.6292,0
2026-02-15 02:45:00,8185075204,6859400463,0,up,218.269,182.917,21.827,0.0209,0
2026-02-15 02:50:00,10300363026,5753540512,20,up,274.676,153.428,27.468,2.0745,0
2026-02-15 02:55:00,8001550893,6649505744,50,up,213.375,177.32,21.337,5.0541,0
2026-02-15 03:00:00,9609971544,6149391934,31,up,256.266,163.984,25.627,3.182,0
2026-02-15 03:05:00,7170371110,6320888093,20,up,191.21,168.557,19.121,2.0562,0
2026-02-15 03:10:00,7880790694,6304925669,33,up,210.154,168.131,21.015,3.3108,0
2026-02-15 03:15:00,9596468890,4844612392,75,up,255.906,129.19,25.591,7.5986,0
2026-02-15 03:20:00,10205774902,5190632261,26,up,272.154,138.417,27.215,2.6739,0
2026-02-15 03:25:00,9567789316,6073829836,51,up,255.141,161.969,25.514,5.1468,0
2026-02-15 03:30:00,9244895682,4785159062,126,up,246.531,127.604,24.653,12.6396,0
2026-02-15 03:35:00,9036258342,6598471994,39,up,240.967,175.959,24.097,3.9127,0
2026-02-15 03:40:00,7711662760,6627520295,27,up,205.644,176.734,20.564,2.7256,0
2026-02-15 03:45:00,8565175265,6235562798,1,up,228.405,166.282,22.84,0.1223,0
2026-02-15 03:50:00,8856781382,5192783510,15,up,236.181,138.474,23.618,1.5013,0
2026-02-15 03:55:00,10564262504,6993700035,26,up,281.714,186.499,28.171,2.667,0
2026-02-15 04:00:00,9761570575,7466791660,51,up,260.309,199.114,26.031,5.1058,0
2026-02-15 04:05:00,7391579825,6105895315,18,up,197.109,162.824,19.711,1.8446,0
2026-02-15 04:10:00,9739594465,6367585472,103,up,259.723,169.802,25.972,10.3051,0
2026-02-15 04:15:00,8941782434,6145251831,10,up,238.448,163.873,23.845,1.0149,0
2026-02-15 04:20:00,8613462749,6381865816,43,up,229.692,170.183,22.969,4.3673,0
2026-02-15 04:25:00,10063135824,5913917695,17,up,268.35,157.704,26.835,1.7378,0
2026-02-15 04:30:00,10534874462,5975113747,21,up,280.93,159.336,28.093,2.1296,0
2026-02-15 04:35:00,10422690134,6652116672,51,up,277.938,177.39,27.794,5.1905,0
2026-02-15 04:40:00,8430880286,7688849396,11,up,224.823,205.036,22.482,1.1241,0
2026-02-15 04:45:00,9027136077,4991948711,3,up,240.724,133.119,24.072,0.3258,0
2026-02-15 04:50:00,9747671360,5925255011,23,up,259.938,158.007,25.994,2.3504,0
2026-02-15 04:55:00,10472488268,5150068450,24,up,279.266,137.335,27.927,2.4079,0
2026-02-15 05:00:00,8835928982,7146257926,51,up,235.625,190.567,23.562,5.1052,0
2026-02-15 05:05:00,9166133651,5576828662,110,up,244.43,148.715,24.443,11.0465,0
2026-02-15 05:10:00,8130373154,4960895428,1,up,216.81,132.291,21.681,0.182,0
2026-02-15 05:15:00,8029267547,6459494639,28,up,214.114,172.253,21.411,2.8663,0
2026-02-15 05:20:00,10289091550,7255904002,36,up,274.376,193.491,27.438,3.659,0
2026-02-15 05:25:00,10900770032,6477790465,136,up,290.687,172.741,29.069,13.6147,0
2026-02-15 05:30:00,9293988613,6147454471,91,up,247.84,163.932,24.784,9.1441,0
2026-02-15 05:35:00,10503974510,6294581464,39,up,280.106,167.856,28.011,3.9884,0
2026-02-15 05:40:00,9781840528,7018685277,23,up,260.849,187.165,26.085,2.3607,0
2026-02-15 05:45:00,8649240276,5370576525,5,up,230.646,143.215,23.065,0.5637,0
2026-02-15 05:50:00,9781570056,5919470085,15,up,260.842,157.853,26.084,1.5513,0
2026-02-15 05:55:00,11105291137,5674063093,28,up,296.141,151.308,29.614,2.8153,0
2026-02-15 06:00:00,9334695706,5159136978,41,up,248.925,137.577,24.893,4.1335,0
2026-02-15 06:05:00,11135224112,5763569813,32,up,296.939,153.695,29.694,3.2287,0
2026-02-15 06:10:00,6427786757,6797559189,40,up,171.408,181.268,17.141,4.007,0
2026-02-15 06:15:00,10299640317,6407953546,17,up,274.657,170.879,27.466,1.794,0
2026-02-15 06:20:00,9472927951,6463903560,41,up,252.611,172.371,25.261,4.1619,0
2026-02-15 06:25:00,9038616730,6105462440,4,up,241.03,162.812,24.103,0.4966,0
2026-02-15 06:30:00,9478230873,6376793123,5,up,252.753,170.048,25.275,0.5678,0
2026-02-15 06:35:00,7138984971,5423574953,5,up,190.373,144.629,19.037,0.5687,0
2026-02-15 06:40:00,6389508388,5777152882,70,up,170.387,154.057,17.039,7.074,1
2026-02-15 06:45:00,9776751642,6138243050,2,up,260.713,163.686,26.071,0.2531,0
2026-02-15 06:50:00,11037630800,6199811418,51,up,294.337,165.328,29.434,5.1744,0
2026-02-15 06:55:00,8791946004,6230535255,8,up,234.452,166.148,23.445,0.8512,0
2026-02-15 07:00:00,8465444696,5900398596,20,up,225.745,157.344,22.575,2.0221,0
2026-02-15 07:05:00,8810523325,5728255151,79,up,234.947,152.753,23.495,7.9246,0
2026-02-15 07:10:00,10404827382,8273595323,28,up,277.462,220.629,27.746,2.8216,0
2026-02-15 07:15:00,9744844998,6652886836,7,up,259.863,177.41,25.986,0.7548,0
2026-02-15 07:20:00,8779019770,6297466182,10,up,234.107,167.932,23.411,1.0694,0
2026-02-15 07:25:00,6966698103,5832089881,71,up,185.779,155.522,18.578,7.1274,1
2026-02-15 07:30:00,9484212243,5675122444,17,up,252.912,151.337,25.291,1.7828,0
2026-02-15 07:35:00,10464725614,5905823572,28,up,279.059,157.489,27.906,2.8297,0
2026-02-15 07:40:00,8585190269,6210836767,19,up,228.938,165.622,22.894,1.9714,0
2026-02-15 07:45:00,9006380085,4646086408,15,up,240.17,123.896,24.017,1.5217,0
2026-02-15 07:50:00,8933878327,4870039491,8,up,238.237,129.868,23.824,0.8086,0
2026-02-15 07:55:00,7728545683,5541444679,37,up,206.095,147.772,20.609,3.7087,0
2026-02-15 08:00:00,9708135311,6149140394,40,up,258.884,163.977,25.888,4.0535,0
2026-02-15 08:05:00,9668687181,5827723334,10,up,257.832,155.406,25.783,1.0286,0
2026-02-15 08:10:00,9380752638,7064247282,49,up,250.153,188.38,25.015,4.979,0
2026-02-15 08:15:00,9111089474,4932674313,61,up,242.962,131.538,24.296,6.169,0
2026-02-15 08:20:00,7782707915,5459031261,81,up,207.539,145.574,20.754,8.1095,0
2026-02-15 08:25:00,8901774011,7094466053,5,up,237.381,189.186,23.738,0.5626,0
2026-02-15 08:30:00,8989446168,6094405913,11,up,239.719,162.517,23.972,1.1593,0
2026-02-15 08:35:00,8472438072,6637086659,62,up,225.932,176.989,22.593,6.2996,0
2026-02-15 08:40:00,9193553574,7476897799,7,up,245.161,199.384,24.516,0.7082,0
2026-02-15 08:45:00,9829557213,5500460819,0,up,262.122,146.679,26.212,0.0111,0
2026-02-15 08:50:00,11496959138,5928493676,65,up,306.586,158.093,30.659,6.5491,0
2026-02-15 08:55:00,9571400039,5803852631,12,up,255.237,154.769,25.524,1.2646,0
2026-02-15 09:00:00,9664744189,4592693036,17,up,257.727,122.472,25.773,1.7129,0
2026-02-15 09:05:00,9291248344,5776514301,18,up,247.767,154.04,24.777,1.8918,0
2026-02-15 09:10:00,7216382382,6634364774,60,up,192.437,176.916,19.244,6.0342,0
2026-02-15 09:15:00,9345171890,6389224470,13,up,249.205,170.379,24.92,1.3194,0
2026-02-15 09:20:00,9442758986,6445739881,71,up,251.807,171.886,25.181,7.1303,0
2026-02-15 09:25:00,12146147376,5729633533,30,up,323.897,152.79,32.39,3.0706,0
2026-02-15 09:30:00,9158593914,5527609990,23,up,244.229,147.403,24.423,2.3977,0
2026-02-15 09:35:00,6799968532,6913864083,38,up,181.332,184.37,18.133,3.8758,1
2026-02-15 09:40:00,9335949259,5641931654,8,up,248.959,150.452,24.896,0.8939,0
2026-02-15 09:45:00,8060237207,6211739067,31,up,214.94,165.646,21.494,3.1306,0
2026-02-15 09:50:00,10660675666,6117600970,18,up,284.285,163.136,28.428,1.8951,0
2026-02-15 09:55:00,10220924661,7052436251,77,up,272.558,188.065,27.256,7.7238,0
2026-02-15 10:00:00,10264910940,6699416897,21,up,273.731,178.651,27.373,2.165,0
2026-02-15 10:05:00,8351939113,5067413793,22,up,222.718,135.131,22.272,2.2945,0
2026-02-15 10:10:00,10953143599,5144961719,17,up,292.084,137.199,29.208,1.7251,0
2026-02-15 10:15:00,7797917554,6416815069,49,up,207.944,171.115,20.794,4.9829,0
2026-02-15 10:20:00,10035214230,5953676893,17,up,267.606,158.765,26.761,1.7699,0
2026-02-15 10:25:00,11839262579,5672276315,10,up,315.714,151.261,31.571,1.0042,0
2026-02-15 10:30:00,8260646634,6731252076,63,up,220.284,179.5,22.028,6.3383,0
2026-02-15 10:35:00,8737915054,6134970755,29,up,233.011,163.599,23.301,2.9069,0
2026-02-15 10:40:00,9487107785,6037769318,28,up,252.99,161.007,25.299,2.8649,0
2026-02-15 10:45:00,8808589889,6561476621,30,up,234.896,174.973,23.49,3.0199,0
2026-02-15 10:50:00,7630503640,5729921523,40,up,203.48,152.798,20.348,4.0603,0
2026-02-15 10:55:00,9452133346,7129333669,12,up,252.057,190.116,25.206,1.2017,0
2026-02-15 11:00:00,8179908322,5432605711,1,up,218.131,144.869,21.813,0.1102,0
2026-02-15 11:05:00,9907791484,6472988927,53,up,264.208,172.613,26.421,5.3243,0
2026-02-15 11:10:00,8340647736,7032359643,4,up,222.417,187.53,22.242,0.4416,0
2026-02-15 11:15:00,11118676205,5008347247,40,up,296.498,133.556,29.65,4.0944,0
2026-02-15 11:20:00,8493840046,5752798673,2,up,226.502,153.408,22.65,0.2749,0
2026-02-15 11:25:00,9012680794,6822389322,15,up,240.338,181.93,24.034,1.5056,0
2026-02-15 11:30:00,10290206869,6833216074,2,up,274.406,182.219,27.441,0.2083,0
2026-02-15 11:35:00,7990277644,5876523167,23,up,213.074,156.707,21.307,2.3635,0
2026-02-15 11:40:00,6741624698,5471036812,68,up,179.777,145.894,17.978,6.8403,1
2026-02-15 11:45:00,10845535598,6688273792,6,up,289.214,178.354,28.921,0.6018,0
2026-02-15 11:50:00,7566581361,6852155353,14,up,201.776,182.724,20.178,1.4868,0
2026-02-15 11:55:00,9582713090,5161442389,85,up,255.539,137.638,25.554,8.5206,0
2026-02-15 12:00:00,9667368143,5133182172,18,up,257.796,136.885,25.78,1.8691,0
2026-02-15 12:05:00,10254550730,6162184811,51,up,273.455,164.325,27.345,5.1912,0
2026-02-15 12:10:00,7983430450,6453139656,83,up,212.891,172.084,21.289,8.3835,0
2026-02-15 12:15:00,7889486310,5784670258,117,up,210.386,154.258,21.039,11.7218,0
2026-02-15 12:20:00,9962184261,6489091550,73,up,265.658,173.042,26.566,7.315,0
2026-02-15 12:25:00,9709107757,5488701643,12,up,258.91,146.365,25.891,1.2219,0
2026-02-15 12:30:00,9656804456,4477420608,105,up,257.515,119.398,25.751,10.5132,0
2026-02-15 12:35:00,9764754235,5694791227,53,up,260.393,151.861,26.039,5.3549,0
2026-02-15 12:40:00,8609972188,6045527145,58,up,229.599,161.214,22.96,5.8083,0
2026-02-15 12:45:00,9636285409,5801395228,0,up,256.968,154.704,25.697,0.0489,0
2026-02-15 12:50:00,9704706532,5165805650,98,up,258.792,137.755,25.879,9.8698,0
2026-02-15 12:55:00,8571354654,4692732737,48,up,228.569,125.14,22.857,4.8176,0
2026-02-15 13:00:00,11473996325,5629856060,46,up,305.973,150.129,30.597,4.6748,0
2026-02-15 13:05:00,6935643425,6646312155,66,up,184.95,177.235,18.495,6.673,1
2026-02-15 13:10:00,8034783565,6904462156,8,up,214.261,184.119,21.426,0.8471,0
2026-02-15 13:15:00,7079535966,6855153636,70,up,188.788,182.804,18.879,7.081,1
2026-02-15 13:20:00,8278483120,5412545134,22,up,220.76,144.335,22.076,2.2224,0
2026-02-15 13:25:00,10260470179,5169331446,16,up,273.613,137.849,27.361,1.6232,0
2026-02-15 13:30:00,7474894018,6357576922,43,up,199.331,169.535,19.933,4.3008,1
2026-02-15 13:35:00,8451732391,6457272008,2,up,225.38,172.194,22.538,0.2925,0
2026-02-15 13:40:00,10458798145,6288122115,17,up,278.901,167.683,27.89,1.7263,0
2026-02-15 13:45:00,9839378542,4549874442,15,up,262.383,121.33,26.238,1.5076,0
2026-02-15 13:50:00,10299817679,5375843098,13,up,274.662,143.356,27.466,1.3778,0
2026-02-15 13:55:00,11508892105,5978624070,11,up,306.904,159.43,30.69,1.1767,0
2026-02-15 14:00:00,9098938369,6350797100,7,up,242.638,169.355,24.264,0.7546,0
2026-02-15 14:05:00,8527046815,6552461301,6,up,227.388,174.732,22.739,0.6075,0
2026-02-15 14:10:00,8374296266,6103862536,32,up,223.315,162.77,22.331,3.2729,0
2026-02-15 14:15:00,8457213429,6238164340,80,up,225.526,166.351,22.553,8.0582,0
2026-02-15 14:20:00,9288260576,6061103130,22,up,247.687,161.629,24.769,2.2752,0
2026-02-15 14:25:00,9758795971,6493645949,11,up,260.235,173.164,26.023,1.1321,0
2026-02-15 14:30:00,9686277149,6225263269,5,up,258.301,166.007,25.83,0.5547,0
2026-02-15 14:35:00,10305581155,6047331115,56,up,274.815,161.262,27.482,5.673,0
2026-02-15 14:40:00,9389627128,5806774464,113,up,250.39,154.847,25.039,11.3842,0
2026-02-15 14:45:00,11010225836,6058529826,13,up,293.606,161.561,29.361,1.3744,0
2026-02-15 14:50:00,9077261062,6348905792,11,up,242.06,169.304,24.206,1.1003,0
2026-02-15 14:55:00,12435190312,6192582280,29,up,331.605,165.136,33.161,2.9441,0
2026-02-15 15:00:00,10078875766,6274195021,47,up,268.77,167.312,26.877,4.778,0
2026-02-15 15:05:00,8410697749,6966759740,19,up,224.285,185.78,22.429,1.9447,0
2026-02-15 15:10:00,8170245939,6190918024,31,up,217.873,165.091,21.787,3.1822,0
2026-02-15 15:15:00,6942447027,5532721065,66,up,185.132,147.539,18.513,6.6892,1
2026-02-15 15:20:00,9123604366,6636196885,103,up,243.296,176.965,24.33,10.3481,0
2026-02-15 15:25:00,10178250555,5016337196,5,up,271.42,133.769,27.142,0.5772,0
2026-02-15 15:30:00,9907392327,5221382365,190,up,264.197,139.237,26.42,19.0257,0
2026-02-15 15:35:00,9293067473,6241810030,15,up,247.815,166.448,24.782,1.5931,0
2026-02-15 15:40:00,8422357067,6371805600,41,up,224.596,169.915,22.46,4.1103,0
2026-02-15 15:45:00,7670796872,5103563119,27,up,204.555,136.095,20.455,2.7187,0
2026-02-15 15:50:00,8872670678,5724371413,21,up,236.605,152.65,23.66,2.1339,0
2026-02-15 15:55:00,10338448643,5563619640,38,up,275.692,148.363,27.569,3.8322,0
2026-02-15 16:00:00,9615855462,5649593047,16,up,256.423,150.656,25.642,1.6121,0
2026-02-15 16:05:00,7973543873,6679390398,4,up,212.628,178.117,21.263,0.4314,0
2026-02-15 16:10:00,9569828541,6508683933,21,up,255.195,173.565,25.52,2.1478,0
2026-02-15 16:15:00,9808482052,5986232030,23,up,261.56,159.633,26.156,2.3615,0
2026-02-15 16:20:00,8380660384,5606907412,7,up,223.484,149.518,22.348,0.7217,0
2026-02-15 16:25:00,9547940744,5028252237,87,up,254.612,134.087,25.461,8.7774,0
2026-02-15 16:30:00,9440484808,7022533155,8,up,251.746,187.268,25.175,0.8259,0
2026-02-15 16:35:00,5662410890,6426322008,45,up,150.998,171.369,15.1,4.5077,1
2026-02-15 16:40:00,9777510780,5491198245,5,up,260.734,146.432,26.073,0.5387,0
2026-02-15 16:45:00,10005882592,6518111638,24,up,266.824,173.816,26.682,2.4558,0
2026-02-15 16:50:00,10593432648,5949438993,11,up,282.492,158.652,28.249,1.1765,0
2026-02-15 16:55:00,10560527308,5793281156,21,up,281.614,154.487,28.161,2.1501,0
2026-02-15 17:00:00,7825121961,6313352300,8,up,208.67,168.356,20.867,0.8141,0
2026-02-15 17:05:00,8319946830,5466121260,1,up,221.865,145.763,22.187,0.1769,0
2026-02-15 17:10:00,9954414675,5752495305,48,up,265.451,153.4,26.545,4.834,0
2026-02-15 17:15:00,9953009194,6087451966,32,up,265.414,162.332,26.541,3.279,0
2026-02-15 17:20:00,9954428647,5640395141,13,up,265.451,150.411,26.545,1.3332,0
2026-02-15 17:25:00,13709322926,6481741351,1,up,365.582,172.846,36.558,0.1557,0
2026-02-15 17:30:00,10017251824,7345727882,64,up,267.127,195.886,26.713,6.4216,0
2026-02-15 17:35:00,10652511345,5456905344,5,up,284.067,145.517,28.407,0.5955,0
2026-02-15 17:40:00,7313776388,4801109786,65,up,195.034,128.03,19.503,6.5204,1
2026-02-15 17:45:00,10107815157,4558747079,20,up,269.542,121.567,26.954,2.0839,0
2026-02-15 17:50:00,9020322099,5891662938,13,up,240.542,157.111,24.054,1.3315,0
2026-02-15 17:55:00,10228840373,5522521495,43,up,272.769,147.267,27.277,4.3324,0
2026-02-15 18:00:00,8505571633,6149659560,67,up,226.815,163.991,22.682,6.7017,0
2026-02-15 18:05:00,9108579067,6095470323,14,up,242.895,162.546,24.29,1.4821,0
2026-02-15 18:10:00,8828966008,4845683870,16,up,235.439,129.218,23.544,1.6741,0
2026-02-15 18:15:00,9467108406,4693283642,18,up,252.456,125.154,25.246,1.8166,0
2026-02-15 18:20:00,11978990887,6213071933,81,up,319.44,165.682,31.944,8.1766,0
2026-02-15 18:25:00,7274326658,6097508760,37,up,193.982,162.6,19.398,3.7744,0
2026-02-15 18:30:00,10147042714,5693411041,9,up,270.588,151.824,27.059,0.9106,0
2026-02-15 18:35:00,7560694644,4806856618,6,up,201.619,128.183,20.162,0.6546,0
2026-02-15 18:40:00,8844076650,6339401709,8,up,235.842,169.051,23.584,0.8379,0
2026-02-15 18:45:00,10600069421,6915767672,9,up,282.669,184.42,28.267,0.979,0
2026-02-15 18:50:00,9447315021,6200147356,8,up,251.928,165.337,25.193,0.8371,0
2026-02-15 18:55:00,8162537124,5389818798,34,up,217.668,143.729,21.767,3.4382,0
2026-02-15 19:00:00,8570283327,6032077559,3,up,228.541,160.855,22.854,0.3943,0
2026-02-15 19:05:00,10139547467,5016397861,15,up,270.388,133.771,27.039,1.5679,0
2026-02-15 19:10:00,8553337539,6761731713,31,up,228.089,180.313,22.809,3.1391,0
2026-02-15 19:15:00,9618515913,6058927920,10,up,256.494,161.571,25.649,1.0998,0
2026-02-15 19:20:00,9426268319,4726927023,2,up,251.367,126.051,25.137,0.216,0
2026-02-15 19:25:00,8641949608,5783514460,2,up,230.452,154.227,23.045,0.2732,0
2026-02-15 19:30:00,11786937100,6333577087,4,up,314.318,168.895,31.432,0.4308,0
2026-02-15 19:35:00,10088158900,5760205712,57,up,269.018,153.605,26.902,5.7822,0
2026-02-15 19:40:00,7096714590,5801355080,34,up,189.246,154.703,18.925,3.4321,0
2026-02-15 19:45:00,9584761104,5118430410,2,up,255.594,136.491,25.559,0.2134,0
2026-02-15 19:50:00,8630490227,6407909510,15,up,230.146,170.878,23.015,1.5874,0
2026-02-15 19:55:00,10333987501,5533102175,10,up,275.573,147.549,27.557,1.0449,0
2026-02-15 20:00:00,8483414169,4447359328,27,up,226.224,118.596,22.622,2.7611,0
2026-02-15 20:05:00,9245921503,5732694693,23,up,246.558,152.872,24.656,2.3675,0
2026-02-15 20:10:00,9943110688,6706427795,20,up,265.15,178.838,26.515,2.0995,0
2026-02-15 20:15:00,10348974593,5721410798,12,up,275.973,152.571,27.597,1.2084,0
2026-02-15 20:20:00,8024666542,7251349189,4,up,213.991,193.369,21.399,0.4745,0
2026-02-15 20:25:00,8998686109,6308856922,43,up,239.965,168.236,23.996,4.34,0
2026-02-15 20:30:00,8840686524,6243905876,67,up,235.752,166.504,23.575,6.781,0
2026-02-15 20:35:00,8640004613,5907553248,92,up,230.4,157.535,23.04,9.2323,0
2026-02-15 20:40:00,11361136020,5950833930,1,up,302.964,158.689,30.296,0.1933,0
2026-02-15 20:45:00,9830604424,5810334982,43,up,262.149,154.942,26.215,4.3095,0
2026-02-15 20:50:00,7956505551,5782366037,41,up,212.173,154.196,21.217,4.1487,0
2026-02-15 20:55:00,10407594690,6382224356,94,up,277.536,170.193,27.754,9.4065,0
2026-02-15 21:00:00,11762425721,5326201514,9,up,313.665,142.032,31.366,0.933,0
2026-02-15 21:05:00,10536523418,5225356443,43,up,280.974,139.343,28.097,4.3376,0
2026-02-15 21:10:00,7665708788,5191299563,1,up,204.419,138.435,20.442,0.1798,0
2026-02-15 21:15:00,8830236668,7472871274,31,up,235.473,199.277,23.547,3.1924,0
2026-02-15 21:20:00,10800275042,6381846889,13,up,288.007,170.183,28.801,1.3827,0
2026-02-15 21:25:00,8578871851,6219234385,46,up,228.77,165.846,22.877,4.6878,0
2026-02-15 21:30:00,9874296856,5238589437,63,up,263.315,139.696,26.331,6.368,0
2026-02-15 21:35:00,10246463310,6448806456,14,up,273.239,171.968,27.324,1.4523,0
2026-02-15 21:40:00,8332203219,5916068630,23,up,222.192,157.762,22.219,2.3862,0
2026-02-15 21:45:00,9308033974,6154201637,3,up,248.214,164.112,24.821,0.3996,0
2026-02-15 21:50:00,5728574242,5296833372,17,up,152.762,141.249,15.276,1.7261,0
2026-02-15 21:55:00,8222563903,6115393577,14,up,219.268,163.077,21.927,1.4321,0
2026-02-15 22:00:00,9090860829,5694839852,6,up,242.423,151.862,24.242,0.6473,0
2026-02-15 22:05:00,7971243920,5448759966,71,up,212.567,145.3,21.257,7.1963,0
2026-02-15 22:10:00,11211462716,6528556561,5,up,298.972,174.095,29.897,0.5129,0
2026-02-15 22:15:00,7766090949,4892850377,32,up,207.096,130.476,20.71,3.2316,0
2026-02-15 22:20:00,6215964966,6406638910,48,up,165.759,170.844,16.576,4.8445,1
2026-02-15 22:25:00,9522083149,6492830016,77,up,253.922,173.142,25.392,7.7762,0
2026-02-15 22:30:00,10996432450,5366656553,50,up,293.238,143.111,29.324,5.0438,0
2026-02-15 22:35:00,7759655079,5409363507,6,up,206.924,144.25,20.692,0.62,0
2026-02-15 22:40:00,7478491454,5839421509,36,up,199.426,155.718,19.943,3.6844,1
2026-02-15 22:45:00,9386512193,6203066071,10,up,250.307,165.415,25.031,1.036,0
2026-02-15 22:50:00,8270802767,5889944405,81,up,220.555,157.065,22.055,8.1797,0
2026-02-15 22:55:00,9894866408,6312164971,39,up,263.863,168.324,26.386,3.9511,0
2026-02-15 23:00:00,9598942157,7269345349,49,up,255.972,193.849,25.597,4.9228,0
2026-02-15 23:05:00,8699756013,5634443926,2,up,231.993,150.252,23.199,0.2844,0
2026-02-15 23:10:00,9453527345,4765070421,27,up,252.094,127.069,25.209,2.7971,0
2026-02-15 23:15:00,8941522203,6594664979,55,up,238.441,175.858,23.844,5.5077,0
2026-02-15 23:20:00,9502707013,7211986494,63,up,253.406,192.32,25.341,6.3281,0
2026-02-15 23:25:00,10119897008,6282793221,0,up,269.864,167.541,26.986,0.093,0
2026-02-15 23:30:00,11159268918,5216820953,89,up,297.581,139.115,29.758,8.9584,0
2026-02-15 23:35:00,7982457563,5910797498,1,up,212.866,157.621,21.287,0.1418,0
2026-02-15 23:40:00,11774662546,5194663091,30,up,313.991,138.524,31.399,3.0504,0
2026-02-15 23:45:00,7178901225,6462855955,37,up,191.437,172.343,19.144,3.7829,0
2026-02-15 23:50:00,9204241768,5027070910,3,up,245.446,134.055,24.545,0.3634,0
2026-02-15 23:55:00,10036856857,5783907273,1,up,267.65,154.238,26.765,0.1574,0
2026-02-16 00:00:00,9691115851,5276876765,49,up,258.43,140.717,25.843,4.9175,0
2026-02-16 00:05:00,8674463040,6091313773,15,up,231.319,162.435,23.132,1.5539,0
2026-02-16 00:10:00,9140862468,5736233992,3,up,243.756,152.966,24.376,0.3625,0
2026-02-16 00:15:00,8820373948,6127268714,46,up,235.21,163.394,23.521,4.6025,0
2026-02-16 00:20:00,8711964648,6016092399,60,up,232.319,160.429,23.232,6.053,0
2026-02-16 00:25:00,10330802359,5289605500,28,up,275.488,141.056,27.549,2.8328,0
2026-02-16 00:30:00,9776642421,6451351485,5,up,260.71,172.036,26.071,0.5626,0
2026-02-16 00:35:00,8595476705,5964888730,0,up,229.213,159.064,22.921,0.0491,0
2026-02-16 00:40:00,10387049859,5288259114,38,up,276.988,141.02,27.699,3.8613,0
2026-02-16 00:45:00,9720711960,7613467120,25,up,259.219,203.026,25.922,2.5562,0
2026-02-16 00:50:00,10289469883,6343029720,33,up,274.386,169.147,27.439,3.3667,0
2026-02-16 00:55:00,10083332447,5889652401,53,up,268.889,157.057,26.889,5.3684,0
2026-02-16 01:00:00,5909666428,7018947259,62,up,157.591,187.172,15.759,6.2003,1
2026-02-16 01:05:00,8744796329,7326107238,4,up,233.195,195.363,23.319,0.4255,0
2026-02-16 01:10:00,10215705305,5895348415,90,up,272.419,157.209,27.242,9.002,0
2026-02-16 01:15:00,10061666548,6250126190,25,up,268.311,166.67,26.831,2.5217,0
2026-02-16 01:20:00,9351485706,5288637971,30,up,249.373,141.03,24.937,3.0569,0
2026-02-16 01:25:00,9506993306,5894021219,86,up,253.52,157.174,25.352,8.6695,0
2026-02-16 01:30:00,10812373007,5856674961,85,up,288.33,156.178,28.833,8.5829,0
2026-02-16 01:35:00,8709482187,6133075464,27,up,232.253,163.549,23.225,2.7163,0
2026-02-16 01:40:00,9990484553,6239587544,11,up,266.413,166.389,26.641,1.1305,0
2026-02-16 01:45:00,9147533266,6403076483,187,up,243.934,170.749,24.393,18.7128,0
2026-02-16 01:50:00,6391076052,6171102712,52,up,170.429,164.563,17.043,5.2888,1
2026-02-16 01:55:00,10611123958,5128265308,16,up,282.963,136.754,28.296,1.68,0
2026-02-16 02:00:00,10303593392,5324303683,26,up,274.762,141.981,27.476,2.626,0
2026-02-16 02:05:00,10290198340,5606586513,17,up,274.405,149.509,27.441,1.7202,0
2026-02-16 02:10:00,10843663658,5796786773,70,up,289.164,154.581,28.916,7.0144,0
2026-02-16 02:15:00,9398629321,6756557489,21,up,250.63,180.175,25.063,2.108,0
2026-02-16 02:20:00,10142197092,5162683929,55,up,270.459,137.672,27.046,5.5507,0
2026-02-16 02:25:00,9025949898,5742661165,58,up,240.692,153.138,24.069,5.8678,0
2026-02-16 02:30:00,9739687146,6686166838,55,up,259.725,178.298,25.972,5.5653,0
2026-02-16 02:35:00,9228589063,5784088218,40,up,246.096,154.242,24.61,4.0986,0
2026-02-16 02:40:00,9484120460,6331499267,61,up,252.91,168.84,25.291,6.1766,0
2026-02-16 02:45:00,10044551653,5899529729,15,up,267.855,157.321,26.785,1.5672,0
2026-02-16 02:50:00,8454501731,6184883945,3,up,225.453,164.93,22.545,0.3897,0
2026-02-16 02:55:00,11728935685,5835499768,59,up,312.772,155.613,31.277,5.9137,0
2026-02-16 03:00:00,8243230445,6480287140,22,up,219.819,172.808,21.982,2.2064,0
2026-02-16 03:05:00,8009037810,4887559386,4,up,213.574,130.335,21.357,0.436,0
2026-02-16 03:10:00,10677874732,5738415353,3,up,284.743,153.024,28.474,0.3921,0
2026-02-16 03:15:00,10265620530,6213532327,5,up,273.75,165.694,27.375,0.555,0
2026-02-16 03:20:00,10077134794,6384260578,44,up,268.724,170.247,26.872,4.4486,0
2026-02-16 03:25:00,10081888697,7074925888,39,up,268.85,188.665,26.885,3.9707,0
2026-02-16 03:30:00,9361222380,5718462239,7,up,249.633,152.492,24.963,0.7294,0
2026-02-16 03:35:00,8365588832,7065226868,60,up,223.082,188.406,22.308,6.0058,0
2026-02-16 03:40:00,9460280127,5525502844,10,up,252.274,147.347,25.227,1.057,0
2026-02-16 03:45:00,6029235152,6956625416,74,up,160.78,185.51,16.078,7.4319,1
2026-02-16 03:50:00,10472009700,6588576331,21,up,279.254,175.695,27.925,2.1472,0
2026-02-16 03:55:00,9209560445,5342309822,42,up,245.588,142.462,24.559,4.2083,0
2026-02-16 04:00:00,8446315653,6221068250,15,up,225.235,165.895,22.524,1.5369,0
2026-02-16 04:05:00,6309408649,5963110198,70,up,168.251,159.016,16.825,7.0198,1
2026-02-16 04:10:00,6887683520,6450420907,48,up,183.672,172.011,18.367,4.8132,1
2026-02-16 04:15:00,8740809878,5839244456,1,up,233.088,155.713,23.309,0.115,0
2026-02-16 04:20:00,8450002054,5778782717,117,up,225.333,154.101,22.533,11.7709,0
2026-02-16 04:25:00,9649148112,6985748099,33,up,257.311,186.287,25.731,3.3428,0
2026-02-16 04:30:00,9650587392,5928920955,18,up,257.349,158.105,25.735,1.8128,0
2026-02-16 04:35:00,8804688927,6595024073,31,up,234.792,175.867,23.479,3.1648,0
2026-02-16 04:40:00,8845081906,5837746930,4,up,235.869,155.673,23.587,0.419,0
2026-02-16 04:45:00,6745239325,7199997546,74,up,179.873,192.0,17.987,7.4892,1
2026-02-16 04:50:00,7745905115,5511599066,134,up,206.557,146.976,20.656,13.4595,0
2026-02-16 04:55:00,5454122277,5557816657,37,up,145.443,148.208,14.544,3.7846,1
2026-02-16 05:00:00,8566750251,7097652370,40,up,228.447,189.271,22.845,4.0996,0
2026-02-16 05:05:00,9134871954,5679638598,18,up,243.597,151.457,24.36,1.8268,0
2026-02-16 05:10:00,9724771011,7152773500,33,up,259.327,190.741,25.933,3.382,0
2026-02-16 05:15:00,11034775744,6642125217,7,up,294.261,177.123,29.426,0.7337,0
2026-02-16 05:20:00,10339867076,5888652211,20,up,275.73,157.031,27.573,2.0344,0
2026-02-16 05:25:00,9195069153,4694428700,125,up,245.202,125.185,24.52,12.5333,0
2026-02-16 05:30:00,9353606766,5986090820,6,up,249.43,159.629,24.943,0.6953,0
2026-02-16 05:35:00,8247154464,6073173638,32,up,219.924,161.951,21.992,3.2378,0
2026-02-16 05:40:00,9354172722,6840396767,27,up,249.445,182.411,24.944,2.7426,0
2026-02-16 05:45:00,9050259031,7143681966,26,up,241.34,190.498,24.134,2.6641,0
2026-02-16 05:50:00,9738058380,5506809231,30,up,259.682,146.848,25.968,3.0555,0
2026-02-16 05:55:00,8444365188,6576850870,22,up,225.183,175.383,22.518,2.2324,0
2026-02-16 06:00:00,9959264828,6551089552,0,up,265.58,174.696,26.558,0.0546,0
2026-02-16 06:05:00,11099331277,6772857145,73,up,295.982,180.61,29.598,7.3714,0
2026-02-16 06:10:00,9252644832,6359056736,56,up,246.737,169.575,24.674,5.6139,0
2026-02-16 06:15:00,9826925687,4601401662,6,up,262.051,122.704,26.205,0.6124,0
2026-02-16 06:20:00,10151411990,5888095848,17,up,270.704,157.016,27.07,1.7062,0
2026-02-16 06:25:00,8923626969,5167890546,47,up,237.963,137.81,23.796,4.7106,0
2026-02-16 06:30:00,9627104042,5854123843,125,up,256.723,156.11,25.672,12.5285,0
2026-02-16 06:35:00,9389166450,6705603050,96,up,250.378,178.816,25.038,9.66,0
2026-02-16 06:40:00,9484885610,6219708601,73,up,252.93,165.859,25.293,7.3478,0
2026-02-16 06:45:00,8505363993,6826625423,5,up,226.81,182.043,22.681,0.5517,0
2026-02-16 06:50:00,9402573946,6246062822,78,up,250.735,166.562,25.074,7.8686,0
2026-02-16 06:55:00,9935248077,5065205323,67,up,264.94,135.072,26.494,6.7436,0
2026-02-16 07:00:00,11007536558,4184990155,15,up,293.534,111.6,29.353,1.514,0
2026-02-16 07:05:00,10454179679,6107142308,16,up,278.778,162.857,27.878,1.6056,0
2026-02-16 07:10:00,8258131185,5845972944,47,up,220.217,155.893,22.022,4.7961,1
2026-02-16 07:15:00,8511733991,5296599067,34,up,226.98,141.243,22.698,3.4164,0
2026-02-16 07:20:00,10356360716,4775548380,9,up,276.17,127.348,27.617,0.9672,0
2026-02-16 07:25:00,9581259756,5470984886,0,up,255.5,145.893,25.55,0.0743,0
2026-02-16 07:30:00,11838528299,5859966130,4,up,315.694,156.266,31.569,0.4872,0
2026-02-16 07:35:00,5925965100,6479432033,60,up,158.026,172.785,15.803,6.037,1
2026-02-16 07:40:00,8430312927,6135814378,10,up,224.808,163.622,22.481,1.0601,0
2026-02-16 07:45:00,8700683273,7157808417,46,up,232.018,190.875,23.202,4.6276,0
2026-02-16 07:50:00,6985617310,5254365079,3,up,186.283,140.116,18.628,0.361,0
2026-02-16 07:55:00,8783525600,6634362402,79,up,234.227,176.916,23.423,7.9825,0
2026-02-16 08:00:00,8520975755,6034055095,72,up,227.226,160.908,22.723,7.2221,0
2026-02-16 08:05:00,9544193009,6500161769,76,up,254.512,173.338,25.451,7.6615,0
2026-02-16 08:10:00,9759475472,5685709298,43,up,260.253,151.619,26.025,4.3058,0
2026-02-16 08:15:00,11485692194,6771609869,3,up,306.285,180.576,30.629,0.3621,0
2026-02-16 08:20:00,10444226817,6212561826,18,up,278.513,165.668,27.851,1.8448,0
2026-02-16 08:25:00,8725983387,5510799610,4,up,232.693,146.955,23.269,0.4508,0
2026-02-16 08:30:00,8364283494,5991342699,140,up,223.048,159.769,22.305,14.0739,0
2026-02-16 08:35:00,9928409067,5827519781,12,up,264.758,155.401,26.476,1.2961,0
2026-02-16 08:40:00,7889737642,6352208412,28,up,210.393,169.392,21.039,2.8169,0
2026-02-16 08:45:00,11435391111,5150560740,48,up,304.944,137.348,30.494,4.8364,0
2026-02-16 08:50:00,10701870135,5978866774,81,up,285.383,159.436,28.538,8.1071,0
2026-02-16 08:55:00,8847177391,6284621221,45,up,235.925,167.59,23.592,4.508,0
2026-02-16 09:00:00,7447723654,6023776781,35,up,198.606,160.634,19.861,3.5917,0
2026-02-16 09:05:00,10898106420,6969797695,20,up,290.616,185.861,29.062,2.0074,0
2026-02-16 09:10:00,9246142674,6557296397,29,up,246.564,174.861,24.656,2.9756,0
2026-02-16 09:15:00,10767543350,5994613826,3,up,287.134,159.856,28.713,0.3165,0
2026-02-16 09:20:00,7581268883,6156016150,68,up,202.167,164.16,20.217,6.8912,0
2026-02-16 09:25:00,8700703099,6212879197,25,up,232.019,165.677,23.202,2.5113,0
2026-02-16 09:30:00,9380899162,6290375715,1,up,250.157,167.743,25.016,0.1311,0
2026-02-16 09:35:00,9427853167,4685526243,80,up,251.409,124.947,25.141,8.0784,0
2026-02-16 09:40:00,8868676344,5782901067,21,up,236.498,154.211,23.65,2.1503,0
2026-02-16 09:45:00,10075706173,4931203870,64,up,268.685,131.499,26.869,6.4942,0
2026-02-16 09:50:00,8173927016,6920362282,62,up,217.971,184.543,21.797,6.2212,0
2026-02-16 09:55:00,9214823079,5956188345,54,up,245.729,158.832,24.573,5.4127,0
2026-02-16 10:00:00,9510332585,5860794516,2,up,253.609,156.288,25.361,0.2028,0
2026-02-16 10:05:00,9953743688,6645694079,9,up,265.433,177.219,26.543,0.9081,0
2026-02-16 10:10:00,10175566737,6304073854,66,up,271.348,168.109,27.135,6.6683,0
2026-02-16 10:15:00,8109777646,5187383149,73,up,216.261,138.33,21.626,7.3361,0
2026-02-16 10:20:00,7649121557,5948948138,19,up,203.977,158.639,20.398,1.9604,0
2026-02-16 10:25:00,10812386424,5758679779,18,up,288.33,153.565,28.833,1.8557,0
2026-02-16 10:30:00,9748853263,4743936320,6,up,259.969,126.505,25.997,0.6161,0
2026-02-16 10:35:00,8532952646,5503001112,110,up,227.545,146.747,22.755,11.0558,0
2026-02-16 10:40:00,11120045972,5867850968,7,up,296.535,156.476,29.653,0.767,0
2026-02-16 10:45:00,9505133963,5917235329,6,up,253.47,157.793,25.347,0.678,0
2026-02-16 10:50:00,10701709332,4932793374,34,up,285.379,131.541,28.538,3.4591,0
2026-02-16 10:55:00,9450958291,6829199219,8,up,252.026,182.112,25.203,0.8902,0
2026-02-16 11:00:00,11693341415,5926485797,89,up,311.822,158.04,31.182,8.9381,0
2026-02-16 11:05:00,11349758447,6027038215,0,up,302.66,160.721,30.266,0.0351,0
2026-02-16 11:10:00,9094915332,6288461979,0,up,242.531,167.692,24.253,0.0185,0
2026-02-16 11:15:00,10468017319,5432585097,22,up,279.147,144.869,27.915,2.2494,0
2026-02-16 11:20:00,10101047943,6328576300,21,up,269.361,168.762,26.936,2.1426,0
2026-02-16 11:25:00,10914710502,5735706254,5,up,291.059,152.952,29.106,0.5708,0
2026-02-16 11:30:00,8289461106,5354458410,21,up,221.052,142.786,22.105,2.1832,0
2026-02-16 11:35:00,10146807892,6412882195,16,up,270.582,171.01,27.058,1.6974,0
2026-02-16 11:40:00,10565727547,7074005178,70,up,281.753,188.64,28.175,7.0729,0
2026-02-16 11:45:00,7396418077,6521877148,0,up,197.238,173.917,19.724,0.0298,0
2026-02-16 11:50:00,8043834173,6664543846,119,up,214.502,177.721,21.45,11.9712,0
2026-02-16 11:55:00,7080863800,5625145963,31,up,188.823,150.004,18.882,3.1335,0
2026-02-16 12:00:00,9071917311,4849713794,5,up,241.918,129.326,24.192,0.527,0
2026-02-16 12:05:00,10182235037,7072899015,1,up,271.526,188.611,27.153,0.1532,0
2026-02-16 12:10:00,11065151683,7479250720,24,up,295.071,199.447,29.507,2.4717,0
2026-02-16 12:15:00,9458356627,7110820877,8,up,252.223,189.622,25.222,0.8568,0
2026-02-16 12:20:00,11207192488,5758234123,11,up,298.858,153.553,29.886,1.1467,0
2026-02-16 12:25:00,7822385859,5168663276,8,up,208.597,137.831,20.86,0.8999,0
2026-02-16 12:30:00,7458694755,5232708457,33,up,198.899,139.539,19.89,3.361,0
2026-02-16 12:35:00,9312508838,4787712551,25,up,248.334,127.672,24.833,2.5804,0
2026-02-16 12:40:00,9807073630,5922687394,2,up,261.522,157.938,26.152,0.2598,0
2026-02-16 12:45:00,9338218408,7156088129,23,up,249.019,190.829,24.902,2.3925,0
2026-02-16 12:50:00,7049127637,5898002905,50,up,187.977,157.28,18.798,5.0123,0
2026-02-16 12:55:00,9274739955,6217672488,2,up,247.326,165.805,24.733,0.271,0
2026-02-16 13:00:00,7907471811,6990429814,70,up,210.866,186.411,21.087,7.0557,0
2026-02-16 13:05:00,10128381617,5709051375,27,up,270.09,152.241,27.009,2.7631,0
2026-02-16 13:10:00,6851196118,7465582648,49,up,182.699,199.082,18.27,4.9942,1
2026-02-16 13:15:00,8317635240,7434307973,5,up,221.804,198.248,22.18,0.5131,0
2026-02-16 13:20:00,8796899717,5905599836,161,up,234.584,157.483,23.458,16.1472,0
2026-02-16 13:25:00,8183384787,5584175329,33,up,218.224,148.911,21.822,3.3075,0
2026-02-16 13:30:00,9304486015,6502011393,26,up,248.12,173.387,24.812,2.6821,0
2026-02-16 13:35:00,7314674577,5749782041,64,up,195.058,153.328,19.506,6.495,1
2026-02-16 13:40:00,8266058197,5167280243,0,up,220.428,137.794,22.043,0.0766,0
2026-02-16 13:45:00,9942052329,6922491830,89,up,265.121,184.6,26.512,8.9837,0
2026-02-16 13:50:00,8778460179,6875842118,33,up,234.092,183.356,23.409,3.305,0
2026-02-16 13:55:00,8483018063,6111968354,3,up,226.214,162.986,22.621,0.3075,0
2026-02-16 14:00:00,9254590845,5090737377,0,up,246.789,135.753,24.679,0.0678,0
2026-02-16 14:05:00,8210352387,5114741099,1,up,218.943,136.393,21.894,0.1668,0
2026-02-16 14:10:00,8752144531,6077205087,30,up,233.391,162.059,23.339,3.0082,0
2026-02-16 14:15:00,8027387370,5640092855,30,up,214.064,150.402,21.406,3.0463,0
2026-02-16 14:20:00,11585315774,5754413088,22,up,308.942,153.451,30.894,2.2159,0
2026-02-16 14:25:00,9414671495,6735813471,11,up,251.058,179.622,25.106,1.1724,0
2026-02-16 14:30:00,8587808803,6527889108,24,up,229.008,174.077,22.901,2.428,0
2026-02-16 14:35:00,9615727399,6992262729,23,up,256.419,186.46,25.642,2.3241,0
2026-02-16 14:40:00,9248630944,5286751279,0,up,246.63,140.98,24.663,0.0627,0
2026-02-16 14:45:00,9126409200,5752902070,10,up,243.371,153.411,24.337,1.0622,0
2026-02-16 14:50:00,10065937537,6546466820,1,up,268.425,174.572,26.843,0.1749,0
2026-02-16 14:55:00,7159037321,6322616405,47,up,190.908,168.603,19.091,4.7352,1
2026-02-16 15:00:00,8778186208,7103313875,41,up,234.085,189.422,23.408,4.1337,0
2026-02-16 15:05:00,8727204479,6302786428,177,up,232.725,168.074,23.273,17.7622,0
2026-02-16 15:10:00,9065566840,7330638554,11,up,241.748,195.484,24.175,1.1513,0
2026-02-16 15:15:00,6785338689,6388812817,67,up,180.942,170.368,18.094,6.7447,0
2026-02-16 15:20:00,7670410055,6764760562,29,up,204.544,180.394,20.454,2.9567,0
2026-02-16 15:25:00,7638913485,5767069238,43,up,203.704,153.789,20.37,4.346,1
2026-02-16 15:30:00,11225588677,6010286792,8,up,299.349,160.274,29.935,0.8057,0
2026-02-16 15:35:00,9094834455,6655879970,42,up,242.529,177.49,24.253,4.2909,0
2026-02-16 15:40:00,10023626583,7161344282,75,up,267.297,190.969,26.73,7.5036,0
2026-02-16 15:45:00,9725156423,6525050603,8,up,259.338,174.001,25.934,0.8585,0
2026-02-16 15:50:00,12838740909,5940116324,6,up,342.366,158.403,34.237,0.6171,0
2026-02-16 15:55:00,10634521775,6991681221,38,up,283.587,186.445,28.359,3.8127,0
2026-02-16 16:00:00,9231092709,4421775367,120,up,246.162,117.914,24.616,12.0675,0
2026-02-16 16:05:00,8300017004,4975991158,44,up,221.334,132.693,22.133,4.4356,0
2026-02-16 16:10:00,7567747889,6490776641,10,up,201.807,173.087,20.181,1.0716,0
2026-02-16 16:15:00,9603896590,6010158016,17,up,256.104,160.271,25.61,1.7429,0
2026-02-16 16:20:00,8524105411,6435969828,15,up,227.309,171.626,22.731,1.5521,0
2026-02-16 16:25:00,7774964576,6046373416,61,up,207.332,161.237,20.733,6.1158,0
2026-02-16 16:30:00,8647605505,6411080900,47,up,230.603,170.962,23.06,4.7221,0
2026-02-16 16:35:00,8158258495,5413629968,28,up,217.554,144.363,21.755,2.8451,0
2026-02-16 16:40:00,11273034339,6410749981,10,up,300.614,170.953,30.061,1.0289,0
2026-02-16 16:45:00,10366844726,6715978460,88,up,276.449,179.093,27.645,8.8974,0
2026-02-16 16:50:00,9366030778,6878796434,33,up,249.761,183.435,24.976,3.3899,0
2026-02-16 16:55:00,11039937156,7449759092,112,up,294.398,198.66,29.44,11.2722,0
2026-02-16 17:00:00,9462039346,6175750879,27,up,252.321,164.687,25.232,2.7769,0
2026-02-16 17:05:00,8406055273,6197215982,55,up,224.161,165.259,22.416,5.5086,0
2026-02-16 17:10:00,11088514586,4903315825,53,up,295.694,130.755,29.569,5.3671,0
2026-02-16 17:15:00,9981273799,5617383791,13,up,266.167,149.797,26.617,1.3167,0
2026-02-16 17:20:00,8208098076,5860980906,106,up,218.883,156.293,21.888,10.6394,0
2026-02-16 17:25:00,9160868987,6756230077,0,up,244.29,180.166,24.429,0.071,0
2026-02-16 17:30:00,8389929464,5560079190,46,up,223.731,148.269,22.373,4.6851,0
2026-02-16 17:35:00,7819350302,6573364814,107,up,208.516,175.29,20.852,10.779,0
2026-02-16 17:40:00,10416949740,5998832363,13,up,277.785,159.969,27.779,1.3244,0
2026-02-16 17:45:00,11523093720,5872438957,33,up,307.282,156.598,30.728,3.3422,0
2026-02-16 17:50:00,7801611479,6179203657,26,up,208.043,164.779,20.804,2.6433,0
2026-02-16 17:55:00,7005838273,5718367411,52,up,186.822,152.49,18.682,5.2321,1
2026-02-16 18:00:00,8643027109,5691093181,64,up,230.481,151.762,23.048,6.436,0
2026-02-16 18:05:00,8826983943,4772554147,29,up,235.386,127.268,23.539,2.9566,0
2026-02-16 18:10:00,8708556835,5821472970,54,up,232.228,155.239,23.223,5.4154,0
2026-02-16 18:15:00,8403010384,5654422934,11,up,224.08,150.785,22.408,1.198,0
2026-02-16 18:20:00,9429586831,5628493687,8,up,251.456,150.093,25.146,0.8305,0
2026-02-16 18:25:00,8440181119,6300148605,18,up,225.071,168.004,22.507,1.8025,0
2026-02-16 18:30:00,9679263929,6474215006,36,up,258.114,172.646,25.811,3.6236,0
2026-02-16 18:35:00,9318482126,6167180043,6,up,248.493,164.458,24.849,0.6634,0
2026-02-16 18:40:00,9106183447,6716698937,36,up,242.832,179.112,24.283,3.6497,0
2026-02-16 18:45:00,8353990880,6414404586,16,up,222.773,171.051,22.277,1.6033,0
2026-02-16 18:50:00,8726132253,5787559543,50,up,232.697,154.335,23.27,5.0802,0
2026-02-16 18:55:00,10224815129,5666743474,1,up,272.662,151.113,27.266,0.1201,0
2026-02-16 19:00:00,9938531836,6225232010,35,up,265.028,166.006,26.503,3.5282,0
2026-02-16 19:05:00,8275250349,6413112319,33,up,220.673,171.016,22.067,3.3578,0
2026-02-16 19:10:00,9486748843,7006447901,90,up,252.98,186.839,25.298,9.0532,0
2026-02-16 19:15:00,10220310513,6857644592,39,up,272.542,182.871,27.254,3.9986,0
2026-02-16 19:20:00,7496919058,5610139435,50,up,199.918,149.604,19.992,5.0916,0
2026-02-16 19:25:00,9986280216,5926555478,75,up,266.301,158.041,26.63,7.5187,0
2026-02-16 19:30:00,8629548271,6483132819,35,up,230.121,172.884,23.012,3.5971,0
2026-02-16 19:35:00,10016923502,6768958400,10,up,267.118,180.506,26.712,1.0967,0
2026-02-16 19:40:00,8516333448,6676058017,65,up,227.102,178.028,22.71,6.5231,0
2026-02-16 19:45:00,7344507636,5954007960,44,up,195.854,158.774,19.585,4.4053,0
2026-02-16 19:50:00,7544014757,5097103690,17,up,201.174,135.923,20.117,1.7677,0
2026-02-16 19:55:00,9429095564,5280765809,39,up,251.443,140.82,25.144,3.967,0
2026-02-16 20:00:00,9667187814,6196296130,64,up,257.792,165.235,25.779,6.4723,0
2026-02-16 20:05:00,8357643796,6246402417,118,up,222.871,166.571,22.287,11.889,0
2026-02-16 20:10:00,7065391561,5208950851,74,up,188.41,138.905,18.841,7.437,1
2026-02-16 20:15:00,7505789929,6032090119,12,up,200.154,160.856,20.015,1.2593,0
2026-02-16 20:20:00,9300660226,6454481537,17,up,248.018,172.12,24.802,1.7525,0
2026-02-16 20:25:00,8012606775,5171116806,3,up,213.67,137.896,21.367,0.3712,0
2026-02-16 20:30:00,8641684378,6795597985,9,up,230.445,181.216,23.044,0.9101,0
2026-02-16 20:35:00,9428323505,5728177573,68,up,251.422,152.751,25.142,6.8501,0
2026-02-16 20:40:00,8407034964,6905481441,14,up,224.188,184.146,22.419,1.4324,0
2026-02-16 20:45:00,8942375012,5615914239,31,up,238.463,149.758,23.846,3.1009,0
2026-02-16 20:50:00,10507079410,5260829652,35,up,280.189,140.289,28.019,3.5088,0
2026-02-16 20:55:00,8725996646,5670141367,48,up,232.693,151.204,23.269,4.8719,0
2026-02-16 21:00:00,10315153626,5931493351,6,up,275.071,158.173,27.507,0.646,0
2026-02-16 21:05:00,8104079788,5720294467,11,up,216.109,152.541,21.611,1.1634,0
2026-02-16 21:10:00,9971029700,5844478976,19,up,265.894,155.853,26.589,1.9034,0
2026-02-16 21:15:00,10996764698,6240454907,14,up,293.247,166.412,29.325,1.4524,0
2026-02-16 21:20:00,6594399937,5876750853,130,up,175.851,156.713,17.585,13.0207,0
2026-02-16 21:25:00,8478492837,5952399076,57,up,226.093,158.731,22.609,5.7646,0
2026-02-16 21:30:00,10024206143,4769356992,20,up,267.312,127.183,26.731,2.0906,0
2026-02-16 21:35:00,9146573940,6282022571,67,up,243.909,167.521,24.391,6.7654,0
2026-02-16 21:40:00,9792539107,5935773625,13,up,261.134,158.287,26.113,1.367,0
2026-02-16 21:45:00,8695516664,7159410945,49,up,231.88,190.918,23.188,4.9311,0
2026-02-16 21:50:00,6630689457,5323513079,46,up,176.818,141.96,17.682,4.6194,1
2026-02-16 21:55:00,9199863110,4698027363,47,up,245.33,125.281,24.533,4.7354,0
2026-02-16 22:00:00,10688754819,6445009315,19,up,285.033,171.867,28.503,1.9508,0
2026-02-16 22:05:00,9661223448,6249499453,3,up,257.633,166.653,25.763,0.3639,0
2026-02-16 22:10:00,9754802994,5273928225,10,up,260.128,140.638,26.013,1.0214,0
2026-02-16 22:15:00,8911638413,4898580752,16,up,237.644,130.629,23.764,1.6468,0
2026-02-16 22:20:00,8826442997,7106925646,44,up,235.372,189.518,23.537,4.4271,0
2026-02-16 22:25:00,8888372038,7018159481,2,up,237.023,187.151,23.702,0.2425,0
2026-02-16 22:30:00,9818758660,4209031133,34,up,261.834,112.241,26.183,3.4479,0
2026-02-16 22:35:00,8901392459,5670079418,40,up,237.37,151.202,23.737,4.0283,0
2026-02-16 22:40:00,9700996714,7198218279,33,up,258.693,191.952,25.869,3.3955,0
2026-02-16 22:45:00,11709825898,5657234958,45,up,312.262,150.86,31.226,4.5757,0
2026-02-16 22:50:00,10355015291,5646759191,6,up,276.134,150.58,27.613,0.6279,0
2026-02-16 22:55:00,9008223526,5796413284,28,up,240.219,154.571,24.022,2.8306,0
2026-02-16 23:00:00,10726365662,5192954178,90,up,286.036,138.479,28.604,9.0646,0
2026-02-16 23:05:00,8915915205,4772561464,30,up,237.758,127.268,23.776,3.0196,0
2026-02-16 23:10:00,7082109897,6757834063,30,up,188.856,180.209,18.886,3.0241,0
2026-02-16 23:15:00,8240902900,4673085427,42,up,219.757,124.616,21.976,4.2671,0
2026-02-16 23:20:00,7270359088,6178035445,12,up,193.876,164.748,19.388,1.2969,0
2026-02-16 23:25:00,8979547330,6638337234,38,up,239.455,177.022,23.945,3.8578,0
2026-02-16 23:30:00,9395720676,4955117064,79,up,250.553,132.136,25.055,7.9351,0
2026-02-16 23:35:00,11260991976,5334526750,0,up,300.293,142.254,30.029,0.0351,0
2026-02-16 23:40:00,9742793295,6873489015,65,up,259.808,183.293,25.981,6.5315,0
2026-02-16 23:45:00,9128511905,6383682038,7,up,243.427,170.232,24.343,0.7894,0
2026-02-16 23:50:00,10308081278,5555554291,19,up,274.882,148.148,27.488,1.9477,0
2026-02-16 23:55:00,6887472777,6865619282,61,up,183.666,183.083,18.367,6.1213,0
2026-02-17 00:00:00,6748046464,6868705720,54,up,179.948,183.165,17.995,5.4749,1
2026-02-17 00:05:00,10242223343,6193717938,71,up,273.126,165.166,27.313,7.1198,0
2026-02-17 00:10:00,7711590473,5351884635,90,up,205.642,142.717,20.564,9.0252,0
2026-02-17 00:15:00,10661723298,5702316933,18,up,284.313,152.062,28.431,1.8966,0
2026-02-17 00:20:00,9755808458,6206198455,34,up,260.155,165.499,26.015,3.4181,0
2026-02-17 00:25:00,8907801096,5864211723,15,up,237.541,156.379,23.754,1.5843,0
2026-02-17 00:30:00,10086879599,6676049168,13,up,268.983,178.028,26.898,1.382,0
2026-02-17 00:35:00,11929529465,4898562662,18,up,318.121,130.628,31.812,1.8077,0
2026-02-17 00:40:00,9579599536,4924130259,43,up,255.456,131.31,25.546,4.3487,0
2026-02-17 00:45:00,9654248159,6130227200,22,up,257.447,163.473,25.745,2.2273,0
2026-02-17 00:50:00,8858218988,5646088022,53,up,236.219,150.562,23.622,5.3835,0
2026-02-17 00:55:00,8418925084,5548524997,43,up,224.505,147.961,22.45,4.3755,0
2026-02-17 01:00:00,10309127793,4726999162,0,up,274.91,126.053,27.491,0.0662,0
2026-02-17 01:05:00,8411905695,6014073008,31,up,224.317,160.375,22.432,3.1837,0
2026-02-17 01:10:00,9455512016,5962016322,18,up,252.147,158.987,25.215,1.8359,0
2026-02-17 01:15:00,8837635372,6470504867,19,up,235.67,172.547,23.567,1.9519,0
2026-02-17 01:20:00,9913852303,6049612415,54,up,264.369,161.323,26.437,5.4586,0
2026-02-17 01:25:00,9750369868,5904525063,25,up,260.01,157.454,26.001,2.5383,0
2026-02-17 01:30:00,10542232437,6847440458,69,up,281.126,182.598,28.113,6.9384,0
2026-02-17 01:35:00,8801231551,5055023541,39,up,234.7,134.801,23.47,3.9923,0
2026-02-17 01:40:00,9071390697,6386200237,25,up,241.904,170.299,24.19,2.5755,0
2026-02-17 01:45:00,8273890819,4796774041,44,up,220.637,127.914,22.064,4.4948,0
2026-02-17 01:50:00,8875170082,5396379446,1,up,236.671,143.903,23.667,0.1251,0
2026-02-17 01:55:00,9799463054,5126886864,0,up,261.319,136.717,26.132,0.0879,0
2026-02-17 02:00:00,10226612193,6562998625,2,up,272.71,175.013,27.271,0.2785,0
2026-02-17 02:05:00,8337564010,5952904631,18,up,222.335,158.744,22.234,1.8415,0
2026-02-17 02:10:00,10353306660,5990277663,8,up,276.088,159.741,27.609,0.8591,0
2026-02-17 02:15:00,10900092591,5203152248,132,up,290.669,138.751,29.067,13.2852,0
2026-02-17 02:20:00,9840114266,5784220682,25,up,262.403,154.246,26.24,2.5009,0
2026-02-17 02:25:00,8040476702,5450304981,52,up,214.413,145.341,21.441,5.2551,1
2026-02-17 02:30:00,8504487151,6276087610,10,up,226.786,167.362,22.679,1.046,0
2026-02-17 02:35:00,7974763458,5286414382,12,up,212.66,140.971,21.266,1.2426,0
2026-02-17 02:40:00,7373939719,6957451942,13,up,196.638,185.532,19.664,1.3077,0
2026-02-17 02:45:00,11058049850,4793582076,38,up,294.881,127.829,29.488,3.8393,0
2026-02-17 02:50:00,10111161363,5419305720,20,up,269.631,144.515,26.963,2.0541,0
2026-02-17 02:55:00,9312467245,7207584367,23,up,248.332,192.202,24.833,2.3333,0
2026-02-17 03:00:00,6782975293,5686700101,75,up,180.879,151.645,18.088,7.587,1
2026-02-17 03:05:00,8108824821,5053287361,46,up,216.235,134.754,21.624,4.6865,0
2026-02-17 03:10:00,12126470977,6157731525,3,up,323.373,164.206,32.337,0.3031,0
2026-02-17 03:15:00,9520373829,5657717585,48,up,253.877,150.872,25.388,4.8001,0
2026-02-17 03:20:00,9498069143,5398173415,26,up,253.282,143.951,25.328,2.6508,0
2026-02-17 03:25:00,10191487451,5210973016,35,up,271.773,138.959,27.177,3.539,0
2026-02-17 03:30:00,9916135385,7993228996,12,up,264.43,213.153,26.443,1.2699,0
2026-02-17 03:35:00,9626869527,5818882631,16,up,256.717,155.17,25.672,1.6851,0
2026-02-17 03:40:00,8485716237,4613591500,8,up,226.286,123.029,22.629,0.8412,0
2026-02-17 03:45:00,9905401901,7075471026,124,up,264.144,188.679,26.414,12.4084,0
2026-02-17 03:50:00,11492277558,6439971051,21,up,306.461,171.733,30.646,2.1989,0
2026-02-17 03:55:00,10888597551,5448144169,177,up,290.363,145.284,29.036,17.7308,0
2026-02-17 04:00:00,11167334954,5328154256,21,up,297.796,142.084,29.78,2.1534,0
2026-02-17 04:05:00,8799882364,6484900413,7,up,234.664,172.931,23.466,0.7941,0
2026-02-17 04:10:00,8261694577,5822218804,22,up,220.312,155.259,22.031,2.2661,0
2026-02-17 04:15:00,9233489714,4613295970,1,up,246.226,123.021,24.623,0.1293,0
2026-02-17 04:20:00,9437690526,7286812774,75,up,251.672,194.315,25.167,7.5247,0
2026-02-17 04:25:00,10605965458,5687526867,54,up,282.826,151.667,28.283,5.4617,0
2026-02-17 04:30:00,7470977291,7076811650,41,up,199.226,188.715,19.923,4.1407,0
2026-02-17 04:35:00,11095744109,6920473169,30,up,295.887,184.546,29.589,3.0117,0
2026-02-17 04:40:00,9197241114,5279273127,27,up,245.26,140.781,24.526,2.7747,0
2026-02-17 04:45:00,8894758796,6743896702,183,up,237.194,179.837,23.719,18.3117,0
2026-02-17 04:50:00,8236382577,5530961364,10,up,219.637,147.492,21.964,1.0423,0
2026-02-17 04:55:00,7513286244,4655975577,48,up,200.354,124.159,20.035,4.8406,0
2026-02-17 05:00:00,10301066906,5694289320,27,up,274.695,151.848,27.47,2.7867,0
2026-02-17 05:05:00,9457482713,6286299001,119,up,252.2,167.635,25.22,11.9192,0
2026-02-17 05:10:00,7923793987,5666829613,56,up,211.301,151.115,21.13,5.6292,0
2026-02-17 05:15:00,7918036381,5778925194,208,up,211.148,154.105,21.115,20.8614,0
2026-02-17 05:20:00,8997242213,6823367552,28,up,239.926,181.956,23.993,2.8401,0
2026-02-17 05:25:00,11252649215,6076675665,7,up,300.071,162.045,30.007,0.7323,0
2026-02-17 05:30:00,9082959729,5392825215,22,up,242.212,143.809,24.221,2.2418,0
2026-02-17 05:35:00,7683964177,6505461833,39,up,204.906,173.479,20.491,3.9735,0
2026-02-17 05:40:00,9098539052,6142326408,47,up,242.628,163.795,24.263,4.7642,0
2026-02-17 05:45:00,9068185984,4184444542,0,up,241.818,111.585,24.182,0.0016,0
2026-02-17 05:50:00,6341002526,6308414097,22,up,169.093,168.224,16.909,2.2504,0
2026-02-17 05:55:00,9313918275,6282116669,8,up,248.371,167.523,24.837,0.8582,0
2026-02-17 06:00:00,9115198653,6014487213,66,up,243.072,160.386,24.307,6.652,0
2026-02-17 06:05:00,10158232160,6642024418,5,up,270.886,177.121,27.089,0.531,0
2026-02-17 06:10:00,11455075606,5515876619,35,up,305.469,147.09,30.547,3.5135,0
2026-02-17 06:15:00,10642385658,6242279847,9,up,283.797,166.461,28.38,0.9899,0
2026-02-17 06:20:00,9072500223,4871789252,14,up,241.933,129.914,24.193,1.4109,0
2026-02-17 06:25:00,8130158352,6293105076,90,up,216.804,167.816,21.68,9.0329,0
2026-02-17 06:30:00,12270029778,7406202980,8,up,327.201,197.499,32.72,0.8801,0
2026-02-17 06:35:00,9441620738,5283703426,3,up,251.777,140.899,25.178,0.3194,0
2026-02-17 06:40:00,9390670453,5452942464,2,up,250.418,145.412,25.042,0.2298,0
2026-02-17 06:45:00,9347859277,5488788881,22,up,249.276,146.368,24.928,2.2477,0
2026-02-17 06:50:00,9597845355,6093598722,32,up,255.943,162.496,25.594,3.2845,0
2026-02-17 06:55:00,6448816175,5234613883,70,up,171.968,139.59,17.197,7.0826,1
2026-02-17 07:00:00,8729630242,6303298112,37,up,232.79,168.088,23.279,3.7505,0
2026-02-17 07:05:00,8759783691,6609724760,2,up,233.594,176.259,23.359,0.2015,0
2026-02-17 07:10:00,9338152571,6384729993,62,up,249.017,170.259,24.902,6.2312,0
2026-02-17 07:15:00,8763647132,4726740893,54,up,233.697,126.046,23.37,5.4269,0
2026-02-17 07:20:00,8573048494,6716520718,135,up,228.615,179.107,22.861,13.5467,0
2026-02-17 07:25:00,9494734006,6674904538,88,up,253.193,177.997,25.319,8.8217,0
2026-02-17 07:30:00,9088150630,6597716188,14,up,242.351,175.939,24.235,1.4092,0
2026-02-17 07:35:00,11066992112,6268446419,16,up,295.12,167.159,29.512,1.6308,0
2026-02-17 07:40:00,6392658965,6158536306,43,up,170.471,164.228,17.047,4.3849,0
2026-02-17 07:45:00,10602945208,6743320366,4,up,282.745,179.822,28.275,0.4607,0
2026-02-17 07:50:00,10776845841,7384929711,12,up,287.383,196.931,28.738,1.2061,0
2026-02-17 07:55:00,4929705191,5313810866,47,up,131.459,141.702,13.146,4.7862,1
2026-02-17 08:00:00,6292633519,6776250284,75,up,167.804,180.7,16.78,7.5481,1
2026-02-17 08:05:00,8957129025,5937923689,25,up,238.857,158.345,23.886,2.5695,0
2026-02-17 08:10:00,7791549343,5906635402,7,up,207.775,157.51,20.777,0.759,0
2026-02-17 08:15:00,8499956226,4893697902,0,up,226.665,130.499,22.667,0.0864,0
2026-02-17 08:20:00,8125602173,5794951625,40,up,216.683,154.532,21.668,4.0661,0
2026-02-17 08:25:00,11346304248,5281969230,0,up,302.568,140.853,30.257,0.0647,0
2026-02-17 08:30:00,7299346734,5666024810,77,up,194.649,151.094,19.465,7.7642,1
2026-02-17 08:35:00,10805499481,5209305803,8,up,288.147,138.915,28.815,0.8017,0
2026-02-17 08:40:00,10186881072,5676785961,34,up,271.65,151.381,27.165,3.4891,0
2026-02-17 08:45:00,8104816757,5707600542,18,up,216.128,152.203,21.613,1.8256,0
2026-02-17 08:50:00,8784914700,6069663541,1,up,234.264,161.858,23.426,0.1969,0
2026-02-17 08:55:00,9925546381,4837380099,20,up,264.681,128.997,26.468,2.0448,0
2026-02-17 09:00:00,8000106214,4959226933,23,up,213.336,132.246,21.334,2.3272,0
2026-02-17 09:05:00,10177123233,6260578274,61,up,271.39,166.949,27.139,6.1723,0
2026-02-17 09:10:00,9104633927,5425844555,42,up,242.79,144.689,24.279,4.2178,0
2026-02-17 09:15:00,8953326591,6773661448,2,up,238.755,180.631,23.876,0.2644,0
2026-02-17 09:20:00,10174829964,6162194199,7,up,271.329,164.325,27.133,0.7509,0
2026-02-17 09:25:00,9874796225,6436868748,11,up,263.328,171.65,26.333,1.1962,0
2026-02-17 09:30:00,8968913063,7015698470,3,up,239.171,187.085,23.917,0.396,0
2026-02-17 09:35:00,10679246028,5777008215,19,up,284.78,154.054,28.478,1.9535,0
2026-02-17 09:40:00,8158803756,5586369572,132,up,217.568,148.97,21.757,13.295,0
2026-02-17 09:45:00,10067927557,6627625861,23,up,268.478,176.737,26.848,2.313,0
2026-02-17 09:50:00,10042238915,6366849766,43,up,267.793,169.783,26.779,4.3339,0
2026-02-17 09:55:00,9026760255,5865122176,36,up,240.714,156.403,24.071,3.6757,0
2026-02-17 10:00:00,9741899650,7001849736,60,up,259.784,186.716,25.978,6.0689,0
2026-02-17 10:05:00,7967497226,5847184096,7,up,212.467,155.925,21.247,0.7776,0
2026-02-17 10:10:00,10414530396,6023597019,44,up,277.721,160.629,27.772,4.4855,0
2026-02-17 10:15:00,9166985096,6015280308,68,up,244.453,160.407,24.445,6.8212,0
2026-02-17 10:20:00,8786936601,5327092395,6,up,234.318,142.056,23.432,0.6021,0
2026-02-17 10:25:00,10555135379,6055861480,13,up,281.47,161.49,28.147,1.3628,0
2026-02-17 10:30:00,8582613348,7005667327,112,up,228.87,186.818,22.887,11.2319,0
2026-02-17 10:35:00,7790481041,6320377187,48,up,207.746,168.543,20.775,4.8567,0
2026-02-17 10:40:00,7623792179,6022365667,10,up,203.301,160.596,20.33,1.0627,0
2026-02-17 10:45:00,10056761195,5883527557,26,up,268.18,156.894,26.818,2.6559,0
2026-02-17 10:50:00,7934516978,6238224260,16,up,211.587,166.353,21.159,1.6578,0
2026-02-17 10:55:00,11349143454,6539831972,21,up,302.644,174.396,30.264,2.1545,0
2026-02-17 11:00:00,4922980591,6438651958,65,up,131.279,171.697,13.128,6.5957,1
2026-02-17 11:05:00,11283513414,5761057299,10,up,300.894,153.628,30.089,1.0482,0
2026-02-17 11:10:00,9612394650,6233842747,35,up,256.331,166.236,25.633,3.5942,0
2026-02-17 11:15:00,9266197749,6345556613,48,up,247.099,169.215,24.71,4.8241,0
2026-02-17 11:20:00,8761966027,5274819608,66,up,233.652,140.662,23.365,6.6276,0
2026-02-17 11:25:00,9824028128,6121125989,5,up,261.974,163.23,26.197,0.5402,0
2026-02-17 11:30:00,9332660959,4443861201,55,up,248.871,118.503,24.887,5.5385,0
2026-02-17 11:35:00,10616214617,6347424271,9,up,283.099,169.265,28.31,0.9411,0
2026-02-17 11:40:00,9503506104,6475446999,17,up,253.427,172.679,25.343,1.7839,0
2026-02-17 11:45:00,9544089481,6538233210,74,up,254.509,174.353,25.451,7.4148,0
2026-02-17 11:50:00,8965936261,5715566266,19,up,239.092,152.415,23.909,1.9394,0
2026-02-17 11:55:00,9310936173,6222513721,7,up,248.292,165.934,24.829,0.7023,0
2026-02-17 12:00:00,6804893893,7025246768,74,up,181.464,187.34,18.146,7.4085,1
2026-02-17 12:05:00,7451060558,7017914146,20,up,198.695,187.144,19.869,2.0497,0
2026-02-17 12:10:00,5500803980,5978995656,60,up,146.688,159.44,14.669,6.0912,1
2026-02-17 12:15:00,10211172105,6100310134,188,up,272.298,162.675,27.23,18.8159,0
2026-02-17 12:20:00,9567223617,6799856024,49,up,255.126,181.329,25.513,4.9548,0
2026-02-17 12:25:00,9168018746,4919422549,67,up,244.48,131.185,24.448,6.7061,0
2026-02-17 12:30:00,9395738174,5767385465,44,up,250.553,153.797,25.055,4.4085,0
2026-02-17 12:35:00,9766029418,6961610727,72,up,260.427,185.643,26.043,7.2254,0
2026-02-17 12:40:00,8767770359,6702144390,2,up,233.807,178.724,23.381,0.254,0
2026-02-17 12:45:00,8499407183,6265869919,85,up,226.651,167.09,22.665,8.5065,0
2026-02-17 12:50:00,9595325911,4915800668,16,up,255.875,131.088,25.588,1.6155,0
2026-02-17 12:55:00,8274330625,5964064632,81,up,220.649,159.042,22.065,8.1476,0
2026-02-17 13:00:00,9834284350,5575260914,2,up,262.248,148.674,26.225,0.252,0
2026-02-17 13:05:00,7459593445,6238348010,40,up,198.922,166.356,19.892,4.0196,0
2026-02-17 13:10:00,10532800091,5417270386,42,up,280.875,144.461,28.087,4.258,0
2026-02-17 13:15:00,9906672167,5261479155,184,up,264.178,140.306,26.418,18.4956,0
2026-02-17 13:20:00,9663033451,4513297000,46,up,257.681,120.355,25.768,4.6871,0
2026-02-17 13:25:00,10480527356,6879699373,15,up,279.481,183.459,27.948,1.543,0
2026-02-17 13:30:00,11248658750,5712165231,26,up,299.964,152.324,29.996,2.6072,0
2026-02-17 13:35:00,10516166323,6113144964,14,up,280.431,163.017,28.043,1.461,0
2026-02-17 13:40:00,7304016489,5998388556,6,up,194.774,159.957,19.477,0.6982,0
2026-02-17 13:45:00,7935475912,5231447568,9,up,211.613,139.505,21.161,0.9142,0
2026-02-17 13:50:00,8672079100,5093473263,8,up,231.255,135.826,23.126,0.8033,0
2026-02-17 13:55:00,9404352431,5276173109,25,up,250.783,140.698,25.078,2.5468,0
2026-02-17 14:00:00,9957366398,5479318724,75,up,265.53,146.115,26.553,7.5717,0
2026-02-17 14:05:00,8558538210,6263956497,78,up,228.228,167.039,22.823,7.8039,0
2026-02-17 14:10:00,9585112610,5427083282,1,up,255.603,144.722,25.56,0.1802,0
2026-02-17 14:15:00,8525194201,7257473254,2,up,227.339,193.533,22.734,0.2665,0
2026-02-17 14:20:00,8687042471,6739548745,8,up,231.654,179.721,23.165,0.8998,0
2026-02-17 14:25:00,7792506266,6582018875,9,up,207.8,175.521,20.78,0.9422,0
2026-02-17 14:30:00,8336362598,5913845590,3,up,222.303,157.703,22.23,0.319,0
2026-02-17 14:35:00,7854354818,7090282129,15,up,209.449,189.074,20.945,1.5737,0
2026-02-17 14:40:00,8277142590,5843035945,28,up,220.724,155.814,22.072,2.8354,0
2026-02-17 14:45:00,10560347021,5977491781,27,up,281.609,159.4,28.161,2.762,0
2026-02-17 14:50:00,8306926250,6122381668,25,up,221.518,163.264,22.152,2.5088,0
2026-02-17 14:55:00,12336429822,6505312589,13,up,328.971,173.475,32.897,1.3232,0
2026-02-17 15:00:00,9929982638,6458573816,39,up,264.8,172.229,26.48,3.9223,0
2026-02-17 15:05:00,9582940639,5657909799,56,up,255.545,150.878,25.555,5.6048,0
2026-02-17 15:10:00,8409347497,5616244522,13,up,224.249,149.767,22.425,1.3602,0
2026-02-17 15:15:00,10162848614,6460730129,2,up,271.009,172.286,27.101,0.2861,0
2026-02-17 15:20:00,8727407445,6514970340,11,up,232.731,173.733,23.273,1.1246,0
2026-02-17 15:25:00,9512261041,5716787190,4,up,253.66,152.448,25.366,0.4729,0
2026-02-17 15:30:00,12255095105,4857224589,20,up,326.803,129.526,32.68,2.0157,0
2026-02-17 15:35:00,9266932612,5850732410,5,up,247.118,156.02,24.712,0.5425,0
2026-02-17 15:40:00,10667932492,6448938575,19,up,284.478,171.972,28.448,1.9887,0
2026-02-17 15:45:00,8583926521,7299900129,7,up,228.905,194.664,22.89,0.7992,0
2026-02-17 15:50:00,9335637948,5137470267,42,up,248.95,136.999,24.895,4.2951,0
2026-02-17 15:55:00,11367150715,5692868697,0,up,303.124,151.81,30.312,0.0895,0
2026-02-17 16:00:00,8669662059,5719629435,25,up,231.191,152.523,23.119,2.5892,0
2026-02-17 16:05:00,11414004627,6976179844,5,up,304.373,186.031,30.437,0.5943,0
2026-02-17 16:10:00,10171220927,5974842119,0,up,271.233,159.329,27.123,0.0032,0
2026-02-17 16:15:00,8742224877,5346724877,65,up,233.126,142.579,23.313,6.5091,0
2026-02-17 16:20:00,10086458706,6402260603,35,up,268.972,170.727,26.897,3.5626,0
2026-02-17 16:25:00,10469123755,5708660265,3,up,279.177,152.231,27.918,0.3334,0
2026-02-17 16:30:00,10074536207,5118441163,34,up,268.654,136.492,26.865,3.4908,0
2026-02-17 16:35:00,7608497190,5357203218,30,up,202.893,142.859,20.289,3.0267,0
2026-02-17 16:40:00,8556970677,7248510207,20,up,228.186,193.294,22.819,2.0519,0
2026-02-17 16:45:00,9096541535,6276630639,17,up,242.574,167.377,24.257,1.739,0
2026-02-17 16:50:00,9291262392,6077587239,69,up,247.767,162.069,24.777,6.9792,0
2026-02-17 16:55:00,10073256109,5820076510,8,up,268.62,155.202,26.862,0.8999,0
2026-02-17 17:00:00,9574913626,6210347166,16,up,255.331,165.609,25.533,1.6256,0
2026-02-17 17:05:00,7872737596,6201769881,12,up,209.94,165.381,20.994,1.2773,0
2026-02-17 17:10:00,9802722582,6210361556,47,up,261.406,165.61,26.141,4.7197,0
2026-02-17 17:15:00,10061908963,6082688464,79,up,268.318,162.205,26.832,7.944,0
2026-02-17 17:20:00,10004764253,6625534803,60,up,266.794,176.681,26.679,6.0661,0
2026-02-17 17:25:00,10590878316,6016635129,51,up,282.423,160.444,28.242,5.1137,0
2026-02-17 17:30:00,10313162423,5295884038,138,up,275.018,141.224,27.502,13.8457,0
2026-02-17 17:35:00,9891577589,5559055518,38,up,263.775,148.241,26.378,3.8224,0
2026-02-17 17:40:00,9296063574,4575106540,44,up,247.895,122.003,24.79,4.4497,0
2026-02-17 17:45:00,7506418949,7459308323,130,up,200.171,198.915,20.017,13.0016,0
2026-02-17 17:50:00,9858320496,6621183306,0,up,262.889,176.565,26.289,0.0224,0
2026-02-17 17:55:00,9608648648,5402349243,32,up,256.231,144.063,25.623,3.2168,0
2026-02-17 18:00:00,9680526191,5797071708,42,up,258.147,154.589,25.815,4.298,0
2026-02-17 18:05:00,7938657852,5541448938,79,up,211.698,147.772,21.17,7.9966,0
2026-02-17 18:10:00,5711167974,7110633992,52,up,152.298,189.617,15.23,5.2442,1
2026-02-17 18:15:00,10559796959,4977688441,59,up,281.595,132.738,28.159,5.9037,0
2026-02-17 18:20:00,9330500451,6082422762,93,up,248.813,162.198,24.881,9.3277,0
2026-02-17 18:25:00,10141688284,5921859953,24,up,270.445,157.916,27.045,2.4667,0
2026-02-17 18:30:00,9406858173,6595323814,0,up,250.85,175.875,25.085,0.0222,0
2026-02-17 18:35:00,9408475656,5925113356,0,up,250.893,158.003,25.089,0.0356,0
2026-02-17 18:40:00,10430569281,4734089608,25,up,278.149,126.242,27.815,2.5173,0
2026-02-17 18:45:00,8794449680,5819195159,18,up,234.519,155.179,23.452,1.8285,0
2026-02-17 18:50:00,9483135874,5300043203,19,up,252.884,141.334,25.288,1.9203,0
2026-02-17 18:55:00,8854940300,6057297273,16,up,236.132,161.528,23.613,1.6368,0
2026-02-17 19:00:00,8886191744,7032607466,79,up,236.965,187.536,23.697,7.9926,0
2026-02-17 19:05:00,9027181361,4747613824,14,up,240.725,126.603,24.072,1.424,0
2026-02-17 19:10:00,9624900493,5423839630,62,up,256.664,144.636,25.666,6.2065,0
2026-02-17 19:15:00,8836407800,5602061073,74,up,235.638,149.388,23.564,7.4613,0
2026-02-17 19:20:00,10787725641,5725225611,22,up,287.673,152.673,28.767,2.2149,0
2026-02-17 19:25:00,8368566785,6532890478,18,up,223.162,174.21,22.316,1.8953,0
2026-02-17 19:30:00,9164769400,5875048019,45,up,244.394,156.668,24.439,4.5804,0
2026-02-17 19:35:00,8880302559,6299377962,39,up,236.808,167.983,23.681,3.9389,0
2026-02-17 19:40:00,7701995083,5549443408,79,up,205.387,147.985,20.539,7.9897,1
2026-02-17 19:45:00,9596124123,6165545528,3,up,255.897,164.415,25.59,0.3462,0
2026-02-17 19:50:00,10535825106,6560014294,9,up,280.955,174.934,28.096,0.9846,0
2026-02-17 19:55:00,7703744580,5472744324,4,up,205.433,145.94,20.543,0.4494,0
2026-02-17 20:00:00,9675431549,6562577846,11,up,258.012,175.002,25.801,1.1174,0
2026-02-17 20:05:00,10375834645,6037708393,9,up,276.689,161.006,27.669,0.9714,0
2026-02-17 20:10:00,9467569487,6752731373,32,up,252.469,180.073,25.247,3.249,0
2026-02-17 20:15:00,10573665421,5854977671,98,up,281.964,156.133,28.196,9.8879,0
2026-02-17 20:20:00,8793050493,6274496151,37,up,234.481,167.32,23.448,3.7041,0
2026-02-17 20:25:00,7672361109,5970763513,74,up,204.596,159.22,20.46,7.4725,1
2026-02-17 20:30:00,11961260389,5930727171,49,up,318.967,158.153,31.897,4.9059,0
2026-02-17 20:35:00,8966806619,6186429908,41,up,239.115,164.971,23.911,4.1648,0
2026-02-17 20:40:00,8873809663,6386501377,17,up,236.635,170.307,23.663,1.7105,0
2026-02-17 20:45:00,11010057536,5100313263,12,up,293.602,136.008,29.36,1.2568,0
2026-02-17 20:50:00,11152018663,7032216198,59,up,297.387,187.526,29.739,5.9923,0
2026-02-17 20:55:00,8786782469,4661042610,75,up,234.314,124.294,23.431,7.5457,0
2026-02-17 21:00:00,8902289830,5506935280,19,up,237.394,146.852,23.739,1.924,0
2026-02-17 21:05:00,9057992315,5932126269,0,up,241.546,158.19,24.155,0.0291,0
2026-02-17 21:10:00,7862493175,6296896297,50,up,209.666,167.917,20.967,5.0329,0
2026-02-17 21:15:00,5839061592,7134844219,55,up,155.708,190.263,15.571,5.5324,1
2026-02-17 21:20:00,8245341637,4662030128,0,up,219.876,124.321,21.988,0.0318,0
2026-02-17 21:25:00,8511227739,5634460227,52,up,226.966,150.252,22.697,5.231,0
2026-02-17 21:30:00,9335979501,4468679888,23,up,248.959,119.165,24.896,2.3315,0
2026-02-17 21:35:00,9638491574,6022767821,36,up,257.026,160.607,25.703,3.6987,0
2026-02-17 21:40:00,11119313054,6195612180,78,up,296.515,165.216,29.652,7.8767,0
2026-02-17 21:45:00,8251851704,7145372934,24,up,220.049,190.543,22.005,2.4931,0
2026-02-17 21:50:00,10482362698,6086857027,22,up,279.53,162.316,27.953,2.2386,0
2026-02-17 21:55:00,9134262550,6751698093,10,up,243.58,180.045,24.358,1.099,0
2026-02-17 22:00:00,9319353326,6420362698,11,up,248.516,171.21,24.852,1.1652,0
2026-02-17 22:05:00,10134171928,5686621298,50,up,270.245,151.643,27.024,5.0953,0
2026-02-17 22:10:00,8111937725,4985548262,19,up,216.318,132.948,21.632,1.9074,0
2026-02-17 22:15:00,9805210964,6198001654,5,up,261.472,165.28,26.147,0.5714,0
2026-02-17 22:20:00,9562258734,4925686547,3,up,254.994,131.352,25.499,0.3178,0
2026-02-17 22:25:00,9929007672,6932549092,20,up,264.774,184.868,26.477,2.0493,0
2026-02-17 22:30:00,6790220307,5883315286,42,up,181.073,156.888,18.107,4.216,1
2026-02-17 22:35:00,12137212657,6860527736,33,up,323.659,182.947,32.366,3.3912,0
2026-02-17 22:40:00,8657542517,5654245607,20,up,230.868,150.78,23.087,2.0381,0
2026-02-17 22:45:00,8777628425,6193572566,4,up,234.07,165.162,23.407,0.4956,0
2026-02-17 22:50:00,8673966907,6150731177,22,up,231.306,164.019,23.131,2.2684,0
2026-02-17 22:55:00,8750088240,5967568235,75,up,233.336,159.135,23.334,7.5933,0
2026-02-17 23:00:00,8657939481,5688485150,5,up,230.878,151.693,23.088,0.5558,0
2026-02-17 23:05:00,10712643597,6282568333,37,up,285.67,167.535,28.567,3.7453,0
2026-02-17 23:10:00,10973067278,5333162450,28,up,292.615,142.218,29.262,2.8834,0
2026-02-17 23:15:00,8732910419,5129206563,44,up,232.878,136.779,23.288,4.4181,0
2026-02-17 23:20:00,5907019986,6894835363,41,up,157.521,183.862,15.752,4.1247,1
2026-02-17 23:25:00,9905342500,6523560952,90,up,264.142,173.962,26.414,9.0897,0
2026-02-17 23:30:00,8753749075,6047441958,31,up,233.433,161.265,23.343,3.1044,0
2026-02-17 23:35:00,10087048294,7198902515,60,up,268.988,191.971,26.899,6.0089,0
2026-02-17 23:40:00,9603288398,5807208826,9,up,256.088,154.859,25.609,0.9061,0
2026-02-17 23:45:00,7669787870,6952346318,43,up,204.528,185.396,20.453,4.3034,0
2026-02-17 23:50:00,11115943351,6126413341,48,up,296.425,163.371,29.643,4.8602,0
2026-02-17 23:55:00,7976753667,5262179459,77,up,212.713,140.325,21.271,7.7222,1
2026-02-18 00:00:00,8685612723,7330588938,15,up,231.616,195.482,23.162,1.5502,0
2026-02-18 00:05:00,8938835745,6713311809,34,up,238.369,179.022,23.837,3.4315,0
2026-02-18 00:10:00,9696598564,5912864857,3,up,258.576,157.676,25.858,0.3138,0
2026-02-18 00:15:00,9751263888,6523563306,42,up,260.034,173.962,26.003,4.2572,0
2026-02-18 00:20:00,10115862306,5709333527,1,up,269.756,152.249,26.976,0.1403,0
2026-02-18 00:25:00,11636480106,6596987305,6,up,310.306,175.92,31.031,0.6766,0
2026-02-18 00:30:00,9175934369,4278423432,34,up,244.692,114.091,24.469,3.4914,0
2026-02-18 00:35:00,8476915599,5265743039,3,up,226.051,140.42,22.605,0.3312,0
2026-02-18 00:40:00,7823265868,6705067015,114,up,208.62,178.802,20.862,11.4238,0
2026-02-18 00:45:00,8552703705,5820248012,64,up,228.072,155.207,22.807,6.4895,0
2026-02-18 00:50:00,9337732155,6149430452,31,up,249.006,163.985,24.901,3.1498,0
2026-02-18 00:55:00,7975714317,5030314323,53,up,212.686,134.142,21.269,5.3762,1
2026-02-18 01:00:00,8792687288,7330464236,69,up,234.472,195.479,23.447,6.9936,0
2026-02-18 01:05:00,9626761445,6857181343,9,up,256.714,182.858,25.671,0.9613,0
2026-02-18 01:10:00,9356524241,5855506642,60,up,249.507,156.147,24.951,6.0583,0
2026-02-18 01:15:00,10711942432,5708618983,6,up,285.652,152.23,28.565,0.6933,0
2026-02-18 01:20:00,12217798979,6741315140,17,up,325.808,179.768,32.581,1.7066,0
2026-02-18 01:25:00,8777772630,7427378724,26,up,234.074,198.063,23.407,2.6145,0
2026-02-18 01:30:00,8824380627,6686707384,40,up,235.317,178.312,23.532,4.0044,0
2026-02-18 01:35:00,10549680986,7563697920,0,up,281.325,201.699,28.132,0.0979,0
2026-02-18 01:40:00,10142127925,5335907043,10,up,270.457,142.291,27.046,1.0983,0
2026-02-18 01:45:00,11452545741,5410041482,30,up,305.401,144.268,30.54,3.001,0
2026-02-18 01:50:00,10031919208,5143962395,14,up,267.518,137.172,26.752,1.415,0
2026-02-18 01:55:00,8970796397,6318067667,47,up,239.221,168.482,23.922,4.7737,0
2026-02-18 02:00:00,10039486684,6126434555,33,up,267.72,163.372,26.772,3.3746,0
2026-02-18 02:05:00,10622291528,5890595191,8,up,283.261,157.083,28.326,0.8547,0
2026-02-18 02:10:00,7208629717,6582666212,44,up,192.23,175.538,19.223,4.4539,1
2026-02-18 02:15:00,9945683284,6887276595,31,up,265.218,183.661,26.522,3.1734,0
2026-02-18 02:20:00,10575009025,4901523065,19,up,282.0,130.707,28.2,1.9158,0
2026-02-18 02:25:00,10690457539,5570180139,5,up,285.079,148.538,28.508,0.5922,0
2026-02-18 02:30:00,10929928864,6590503387,12,up,291.465,175.747,29.146,1.2643,0
2026-02-18 02:35:00,10104798623,5663228147,11,up,269.461,151.019,26.946,1.1553,0
2026-02-18 02:40:00,6430894511,5425291625,75,up,171.491,144.674,17.149,7.5919,1
2026-02-18 02:45:00,9540052897,6733346947,25,up,254.401,179.556,25.44,2.5333,0
2026-02-18 02:50:00,10732322587,5071559949,46,up,286.195,135.242,28.62,4.6158,0
2026-02-18 02:55:00,8455947370,5782862538,27,up,225.492,154.21,22.549,2.7416,0
2026-02-18 03:00:00,9789757472,6236623698,56,up,261.06,166.31,26.106,5.6012,0
2026-02-18 03:05:00,8932493836,5586849661,4,up,238.2,148.983,23.82,0.4367,0
2026-02-18 03:10:00,9407337925,6563872072,18,up,250.862,175.037,25.086,1.8304,0
2026-02-18 03:15:00,10813258345,5590408577,30,up,288.354,149.078,28.835,3.0084,0
2026-02-18 03:20:00,9589986451,7014206035,36,up,255.733,187.045,25.573,3.6065,0
2026-02-18 03:25:00,9427241116,5909462665,38,up,251.393,157.586,25.139,3.8081,0
2026-02-18 03:30:00,7845161841,6483314498,41,up,209.204,172.888,20.92,4.1776,0
2026-02-18 03:35:00,10214535261,6537137246,33,up,272.388,174.324,27.239,3.3725,0
2026-02-18 03:40:00,10101169703,5548171198,3,up,269.365,147.951,26.936,0.3167,0
2026-02-18 03:45:00,11808661563,4521489684,38,up,314.898,120.573,31.49,3.803,0
2026-02-18 03:50:00,9028749485,6259744143,41,up,240.767,166.927,24.077,4.1286,0
2026-02-18 03:55:00,9621544118,6052047609,161,up,256.575,161.388,25.657,16.1052,0
2026-02-18 04:00:00,9655556644,6400194739,37,up,257.482,170.672,25.748,3.7827,0
2026-02-18 04:05:00,11149634939,5836900219,37,up,297.324,155.651,29.732,3.7152,0
2026-02-18 04:10:00,9267792526,5690092056,23,up,247.141,151.736,24.714,2.3143,0
2026-02-18 04:15:00,9688899216,7446100567,64,up,258.371,198.563,25.837,6.478,0
2026-02-18 04:20:00,10058883573,4939905075,184,up,268.237,131.731,26.824,18.4177,0
2026-02-18 04:25:00,9584935263,6528444344,48,up,255.598,174.092,25.56,4.8313,0
2026-02-18 04:30:00,8872762183,5586286662,30,up,236.607,148.968,23.661,3.0337,0
2026-02-18 04:35:00,9593351242,5758239395,2,up,255.823,153.553,25.582,0.2632,0
2026-02-18 04:40:00,10582835718,5771685960,41,up,282.209,153.912,28.221,4.1515,0
2026-02-18 04:45:00,8220170288,5421527322,39,up,219.205,144.574,21.92,3.9454,0
2026-02-18 04:50:00,9524590883,6411281431,47,up,253.989,170.968,25.399,4.7814,0
2026-02-18 04:55:00,8587364083,7001263389,4,up,228.996,186.7,22.9,0.4257,0
2026-02-18 05:00:00,10719427457,6338409836,33,up,285.851,169.024,28.585,3.3937,0
2026-02-18 05:05:00,7661414732,6074435037,11,up,204.304,161.985,20.43,1.1219,0
2026-02-18 05:10:00,8746212921,5289762840,45,up,233.232,141.06,23.323,4.5704,0
2026-02-18 05:15:00,9799363359,6372114191,8,up,261.316,169.923,26.132,0.8798,0
2026-02-18 05:20:00,11136214532,7552571734,36,up,296.966,201.402,29.697,3.6862,0
2026-02-18 05:25:00,9301030956,5725899870,11,up,248.027,152.691,24.803,1.1186,0
2026-02-18 05:30:00,8750400532,5729291822,0,up,233.344,152.781,23.334,0.0289,0
2026-02-18 05:35:00,11491301703,5596015825,32,up,306.435,149.227,30.643,3.2108,0
2026-02-18 05:40:00,7745984362,5647621751,3,up,206.56,150.603,20.656,0.3847,0
2026-02-18 05:45:00,6901343298,4023384321,34,up,184.036,107.29,18.404,3.4455,0
2026-02-18 05:50:00,9870016256,6291625477,83,up,263.2,167.777,26.32,8.315,0
2026-02-18 05:55:00,8810188997,5391202433,111,up,234.938,143.765,23.494,11.1415,0
2026-02-18 06:00:00,8226113080,4840610554,8,up,219.363,129.083,21.936,0.8611,0
2026-02-18 06:05:00,10171901003,6542296763,53,up,271.251,174.461,27.125,5.3018,0
2026-02-18 06:10:00,9649275802,5220947194,13,up,257.314,139.225,25.731,1.396,0
2026-02-18 06:15:00,8740411540,5756158281,73,up,233.078,153.498,23.308,7.3829,0
2026-02-18 06:20:00,7934657551,7055838521,49,up,211.591,188.156,21.159,4.956,0
2026-02-18 06:25:00,10356514494,4985364625,2,up,276.174,132.943,27.617,0.2457,0
2026-02-18 06:30:00,10106476325,4896529271,16,up,269.506,130.574,26.951,1.6729,0
2026-02-18 06:35:00,9263427153,6193900456,13,up,247.025,165.171,24.702,1.3167,0
2026-02-18 06:40:00,11452466620,6827630902,49,up,305.399,182.07,30.54,4.9215,0
2026-02-18 06:45:00,8171154637,4866473963,16,up,217.897,129.773,21.79,1.69,0
2026-02-18 06:50:00,7658784182,6293536610,36,up,204.234,167.828,20.423,3.6924,0
2026-02-18 06:55:00,8596603421,6418319668,29,up,229.243,171.155,22.924,2.9517,0
2026-02-18 07:00:00,9323715731,4517404451,118,up,248.632,120.464,24.863,11.8872,0
2026-02-18 07:05:00,9648756880,6574920963,88,up,257.3,175.331,25.73,8.8869,0
2026-02-18 07:10:00,9103609434,6631156233,17,up,242.763,176.831,24.276,1.7859,0
2026-02-18 07:15:00,9771062321,5775514387,41,up,260.562,154.014,26.056,4.1146,0
2026-02-18 07:20:00,7967018147,6901689380,56,up,212.454,184.045,21.245,5.6601,0
2026-02-18 07:25:00,10999235179,6818248013,73,up,293.313,181.82,29.331,7.3328,0
2026-02-18 07:30:00,9282579924,6074244906,2,up,247.535,161.98,24.754,0.2258,0
2026-02-18 07:35:00,10631957810,5674959318,11,up,283.519,151.332,28.352,1.1509,0
2026-02-18 07:40:00,6832396210,5299563917,39,up,182.197,141.322,18.22,3.9922,1
2026-02-18 07:45:00,6922193160,5972954273,38,up,184.592,159.279,18.459,3.8558,1
2026-02-18 07:50:00,10015988190,6410226422,5,up,267.093,170.939,26.709,0.5934,0
2026-02-18 07:55:00,9878672130,5766592660,21,up,263.431,153.776,26.343,2.1939,0
2026-02-18 08:00:00,10098063104,4417799276,34,up,269.282,117.808,26.928,3.4826,0
2026-02-18 08:05:00,10870296596,6913474004,22,up,289.875,184.359,28.987,2.2012,0
2026-02-18 08:10:00,9596086315,6136960719,35,up,255.896,163.652,25.59,3.5072,0
2026-02-18 08:15:00,10172629227,5726670362,2,up,271.27,152.711,27.127,0.22,0
2026-02-18 08:20:00,9274047343,6617154039,66,up,247.308,176.457,24.731,6.6796,0
2026-02-18 08:25:00,10995131867,7097739789,89,up,293.204,189.273,29.32,8.9537,0
2026-02-18 08:30:00,8614058660,3982623669,30,up,229.708,106.203,22.971,3.0787,0
2026-02-18 08:35:00,11401057987,6312669827,68,up,304.028,168.338,30.403,6.8222,0
2026-02-18 08:40:00,9329822305,4972812568,4,up,248.795,132.608,24.88,0.451,0
2026-02-18 08:45:00,5435764607,6359359564,53,up,144.954,169.583,14.495,5.3392,1
2026-02-18 08:50:00,9519117466,6092107585,4,up,253.843,162.456,25.384,0.406,0
2026-02-18 08:55:00,8608816885,6457723099,16,up,229.568,172.206,22.957,1.6777,0
2026-02-18 09:00:00,10320723992,5640541717,12,up,275.219,150.414,27.522,1.2521,0
2026-02-18 09:05:00,8640798023,4651267119,28,up,230.421,124.034,23.042,2.8189,0
2026-02-18 09:10:00,8873043637,5675734902,11,up,236.614,151.353,23.661,1.1483,0
2026-02-18 09:15:00,7249266677,6292930297,32,up,193.314,167.811,19.331,3.2455,0
2026-02-18 09:20:00,6206308773,6731082476,74,up,165.502,179.496,16.55,7.4239,1
2026-02-18 09:25:00,6648135757,5156281463,63,up,177.284,137.501,17.728,6.3097,0
2026-02-18 09:30:00,7593109323,6739483507,32,up,202.483,179.72,20.248,3.2154,0
2026-02-18 09:35:00,10230466488,5533531951,7,up,272.812,147.561,27.281,0.7758,0
2026-02-18 09:40:00,10259025178,6260963914,13,up,273.574,166.959,27.357,1.3109,0
2026-02-18 09:45:00,9853639757,5632876353,60,up,262.764,150.21,26.276,6.0162,0
2026-02-18 09:50:00,8287151838,6131162851,15,up,220.991,163.498,22.099,1.5633,0
2026-02-18 09:55:00,9321324724,6642151896,24,up,248.569,177.124,24.857,2.4558,0
2026-02-18 10:00:00,9370947143,5116549864,33,up,249.892,136.441,24.989,3.3498,0
2026-02-18 10:05:00,8071839724,5510467754,13,up,215.249,146.946,21.525,1.3677,0
2026-02-18 10:10:00,11066323089,6133173062,11,up,295.102,163.551,29.51,1.114,0
2026-02-18 10:15:00,10362032576,7729140235,20,up,276.321,206.11,27.632,2.0635,0
2026-02-18 10:20:00,9126415304,5378503407,7,up,243.371,143.427,24.337,0.7741,0
2026-02-18 10:25:00,9405246568,7468896397,10,up,250.807,199.171,25.081,1.07,0
2026-02-18 10:30:00,9609430658,7443184778,2,up,256.251,198.485,25.625,0.2051,0
2026-02-18 10:35:00,7078048273,5929935971,11,up,188.748,158.132,18.875,1.1596,0
2026-02-18 10:40:00,9096925444,5785330181,12,up,242.585,154.275,24.258,1.2374,0
2026-02-18 10:45:00,6025437404,5501713056,76,up,160.678,146.712,16.068,7.6522,1
2026-02-18 10:50:00,8248177488,5950894178,28,up,219.951,158.691,21.995,2.851,0
2026-02-18 10:55:00,9058762170,4987162008,49,up,241.567,132.991,24.157,4.9544,0
2026-02-18 11:00:00,11397397342,5945107907,1,up,303.931,158.536,30.393,0.1486,0
2026-02-18 11:05:00,7067163753,7077753797,75,up,188.458,188.74,18.846,7.5021,1
2026-02-18 11:10:00,8732423636,5560018755,53,up,232.865,148.267,23.286,5.3917,0
2026-02-18 11:15:00,10019155629,5826678501,31,up,267.177,155.378,26.718,3.1263,0
2026-02-18 11:20:00,10949274866,4775178858,6,up,291.981,127.338,29.198,0.6782,0
2026-02-18 11:25:00,10415212893,6269324703,16,up,277.739,167.182,27.774,1.6603,0
2026-02-18 11:30:00,6609458916,6190426813,43,up,176.252,165.078,17.625,4.3328,1
2026-02-18 11:35:00,6053037287,6045865699,47,up,161.414,161.223,16.141,4.7608,1
2026-02-18 11:40:00,10160501227,5843884523,1,up,270.947,155.837,27.095,0.1994,0
2026-02-18 11:45:00,9817671058,5789214298,29,up,261.805,154.379,26.18,2.906,0
2026-02-18 11:50:00,10382092372,6361368168,40,up,276.856,169.636,27.686,4.0398,0
2026-02-18 11:55:00,10089568276,5979252046,121,up,269.055,159.447,26.906,12.1978,0
2026-02-18 12:00:00,10555746804,6226779747,52,up,281.487,166.047,28.149,5.2669,0
2026-02-18 12:05:00,8772860386,6154787628,10,up,233.943,164.128,23.394,1.0345,0
2026-02-18 12:10:00,10857068323,6808867646,39,up,289.522,181.57,28.952,3.9566,0
2026-02-18 12:15:00,9597299555,6487435750,46,up,255.928,172.998,25.593,4.6108,0
2026-02-18 12:20:00,11709668481,6138860527,41,up,312.258,163.703,31.226,4.1867,0
2026-02-18 12:25:00,8599663704,7093263862,54,up,229.324,189.154,22.932,5.4899,0
2026-02-18 12:30:00,11327959278,6302593340,74,up,302.079,168.069,30.208,7.4899,0
2026-02-18 12:35:00,9597649631,6939573135,3,up,255.937,185.055,25.594,0.3316,0
2026-02-18 12:40:00,8642154745,6436998678,3,up,230.457,171.653,23.046,0.3541,0
2026-02-18 12:45:00,6181439905,4673818263,60,up,164.838,124.635,16.484,6.0029,1
2026-02-18 12:50:00,9014609278,6939481029,9,up,240.39,185.053,24.039,0.9307,0
2026-02-18 12:55:00,9852186689,6097326893,1,up,262.725,162.595,26.272,0.193,0
2026-02-18 13:00:00,9963189924,5962592564,16,up,265.685,159.002,26.569,1.6412,0
2026-02-18 13:05:00,8729587495,6202570810,54,up,232.789,165.402,23.279,5.4852,0
2026-02-18 13:10:00,9347601083,5751612123,4,up,249.269,153.376,24.927,0.433,0
2026-02-18 13:15:00,11785054153,6163460779,35,up,314.268,164.359,31.427,3.5656,0
2026-02-18 13:20:00,11318486066,5573849232,0,up,301.826,148.636,30.183,0.0116,0
2026-02-18 13:25:00,9865864128,6917476026,3,up,263.09,184.466,26.309,0.372,0
2026-02-18 13:30:00,9417753912,5918216558,13,up,251.14,157.819,25.114,1.3827,0
2026-02-18 13:35:00,9510035242,5724539633,2,up,253.601,152.654,25.36,0.2794,0
2026-02-18 13:40:00,10065207719,5334053412,59,up,268.406,142.241,26.841,5.9845,0
2026-02-18 13:45:00,8224358364,6193518568,63,up,219.316,165.16,21.932,6.386,0
2026-02-18 13:50:00,9085451395,6134717112,45,up,242.279,163.592,24.228,4.5083,0
2026-02-18 13:55:00,7497842916,6279665721,8,up,199.942,167.458,19.994,0.8887,0
2026-02-18 14:00:00,9824126012,5260378640,23,up,261.977,140.277,26.198,2.3704,0
2026-02-18 14:05:00,10103095432,4847149536,6,up,269.416,129.257,26.942,0.6514,0
2026-02-18 14:10:00,8831415229,6450425737,10,up,235.504,172.011,23.55,1.0569,0
2026-02-18 14:15:00,11145735108,7068942140,23,up,297.22,188.505,29.722,2.3222,0
2026-02-18 14:20:00,7996013629,5261025391,42,up,213.227,140.294,21.323,4.2498,0
2026-02-18 14:25:00,7727578259,7144397724,3,up,206.069,190.517,20.607,0.3182,0
2026-02-18 14:30:00,9627508295,6204415962,11,up,256.734,165.451,25.673,1.1263,0
2026-02-18 14:35:00,10552985590,5994914708,83,up,281.413,159.864,28.141,8.3588,0
2026-02-18 14:40:00,11269418652,5713764938,17,up,300.518,152.367,30.052,1.7939,0
2026-02-18 14:45:00,8858755204,5003147026,89,up,236.233,133.417,23.623,8.9432,0
2026-02-18 14:50:00,10588515937,6711164531,152,up,282.36,178.964,28.236,15.2194,0
2026-02-18 14:55:00,9331677971,5441563419,23,up,248.845,145.108,24.884,2.3934,0
2026-02-18 15:00:00,9180794287,5438539193,10,up,244.821,145.028,24.482,1.0872,0
2026-02-18 15:05:00,10369117429,6714186943,50,up,276.51,179.045,27.651,5.0059,0
2026-02-18 15:10:00,10108863238,4644251918,5,up,269.57,123.847,26.957,0.5553,0
2026-02-18 15:15:00,7601558823,4903009576,9,up,202.708,130.747,20.271,0.9293,0
2026-02-18 15:20:00,11036107893,5986943344,49,up,294.296,159.652,29.43,4.917,0
2026-02-18 15:25:00,10927602773,6211164788,18,up,291.403,165.631,29.14,1.8193,0
2026-02-18 15:30:00,8671241960,6349008946,7,up,231.233,169.307,23.123,0.7202,0
2026-02-18 15:35:00,9820278975,5782705084,33,up,261.874,154.205,26.187,3.3697,0
2026-02-18 15:40:00,9930783959,7821866161,42,up,264.821,208.583,26.482,4.2228,0
2026-02-18 15:45:00,9668257986,5835917357,4,up,257.82,155.624,25.782,0.4276,0
2026-02-18 15:50:00,8755906701,5833833970,10,up,233.491,155.569,23.349,1.0378,0
2026-02-18 15:55:00,6033596597,5426169598,44,up,160.896,144.698,16.09,4.4374,1
2026-02-18 16:00:00,9346251670,6089212907,15,up,249.233,162.379,24.923,1.529,0
2026-02-18 16:05:00,10694320146,6442772087,46,up,285.182,171.807,28.518,4.613,0
2026-02-18 16:10:00,9986550173,6866576199,40,up,266.308,183.109,26.631,4.0024,0
2026-02-18 16:15:00,6270641213,4927715329,79,up,167.217,131.406,16.722,7.9131,1
2026-02-18 16:20:00,10243161049,5822883356,0,up,273.151,155.277,27.315,0.0202,0
2026-02-18 16:25:00,6170389551,6321626599,4,up,164.544,168.577,16.454,0.4906,0
2026-02-18 16:30:00,10667361412,6422681424,8,up,284.463,171.272,28.446,0.8086,0
2026-02-18 16:35:00,7417821998,6004715033,10,up,197.809,160.126,19.781,1.0157,0
2026-02-18 16:40:00,8967253940,6390545258,5,up,239.127,170.415,23.913,0.5066,0
2026-02-18 16:45:00,8115371368,5417545997,16,up,216.41,144.468,21.641,1.6901,0
2026-02-18 16:50:00,7918483339,7121691911,2,up,211.16,189.912,21.116,0.2501,0
2026-02-18 16:55:00,10680930135,6714692234,44,up,284.825,179.058,28.482,4.4364,0
2026-02-18 17:00:00,8848836148,5031651993,49,up,235.969,134.177,23.597,4.9595,0
2026-02-18 17:05:00,9764816866,5225925805,27,up,260.395,139.358,26.04,2.7326,0
2026-02-18 17:10:00,9322214348,5246216339,3,up,248.592,139.899,24.859,0.3008,0
2026-02-18 17:15:00,9911670930,6488138379,70,up,264.311,173.017,26.431,7.0657,0
2026-02-18 17:20:00,6622997239,5074996008,40,up,176.613,135.333,17.661,4.0154,1
2026-02-18 17:25:00,5552143623,5761662479,78,up,148.057,153.644,14.806,7.8001,1
2026-02-18 17:30:00,10495800171,6327387165,39,up,279.888,168.73,27.989,3.9026,0
2026-02-18 17:35:00,8819523843,5952360527,59,up,235.187,158.73,23.519,5.9033,0
2026-02-18 17:40:00,7623845364,6186399011,24,up,203.303,164.971,20.33,2.4838,0
2026-02-18 17:45:00,8893370443,5232622047,12,up,237.157,139.537,23.716,1.2498,0
2026-02-18 17:50:00,11063354764,6428295148,20,up,295.023,171.421,29.502,2.0837,0
2026-02-18 17:55:00,10331499459,5558487437,22,up,275.507,148.226,27.551,2.2976,0
2026-02-18 18:00:00,8982766348,5766273834,16,up,239.54,153.767,23.954,1.638,0
2026-02-18 18:05:00,8982085082,6171166844,85,up,239.522,164.564,23.952,8.5024,0
2026-02-18 18:10:00,9013160567,6074216319,43,up,240.351,161.979,24.035,4.3588,0
2026-02-18 18:15:00,11711341481,6017265613,8,up,312.302,160.46,31.23,0.8837,0
2026-02-18 18:20:00,9804677383,5459548688,28,up,261.458,145.588,26.146,2.8186,0
2026-02-18 18:25:00,9858796853,5784324423,37,up,262.901,154.249,26.29,3.7343,0
2026-02-18 18:30:00,10534068885,6001572185,4,up,280.909,160.042,28.091,0.4832,0
2026-02-18 18:35:00,9643637803,5009938632,14,up,257.164,133.598,25.716,1.4203,0
2026-02-18 18:40:00,9083577585,5666976264,75,up,242.229,151.119,24.223,7.5509,0
2026-02-18 18:45:00,9154106419,6279129512,26,up,244.11,167.443,24.411,2.6797,0
2026-02-18 18:50:00,9294448583,5080245645,7,up,247.852,135.473,24.785,0.7828,0
2026-02-18 18:55:00,9333124983,6832738789,4,up,248.883,182.206,24.888,0.4192,0
2026-02-18 19:00:00,10193583236,6914121549,23,up,271.829,184.377,27.183,2.3369,0
2026-02-18 19:05:00,9433439121,5103491585,25,up,251.558,136.093,25.156,2.5388,0
2026-02-18 19:10:00,10199220086,6977486135,13,up,271.979,186.066,27.198,1.3027,0
2026-02-18 19:15:00,9284193847,5896621256,31,up,247.579,157.243,24.758,3.1852,0
2026-02-18 19:20:00,9463464589,6301330482,2,up,252.359,168.035,25.236,0.2277,0
2026-02-18 19:25:00,7127024229,5642411242,5,up,190.054,150.464,19.005,0.5018,0
2026-02-18 19:30:00,10405868634,6664592275,25,up,277.49,177.722,27.749,2.5288,0
2026-02-18 19:35:00,9764799535,6292387693,2,up,260.395,167.797,26.039,0.2042,0
2026-02-18 19:40:00,10497761373,5413809655,68,up,279.94,144.368,27.994,6.8092,0
2026-02-18 19:45:00,4281698889,5161054560,44,up,114.179,137.628,11.418,4.4172,1
2026-02-18 19:50:00,11724421542,4948582246,35,up,312.651,131.962,31.265,3.586,0
2026-02-18 19:55:00,9217961668,6135318079,15,up,245.812,163.608,24.581,1.5881,0
2026-02-18 20:00:00,10621705668,6412179416,16,up,283.245,170.991,28.325,1.6335,0
2026-02-18 20:05:00,8205105831,6468695288,46,up,218.803,172.499,21.88,4.6326,0
2026-02-18 20:10:00,10064370643,5915053611,22,up,268.383,157.735,26.838,2.2146,0
2026-02-18 20:15:00,8189907491,5166962551,41,up,218.398,137.786,21.84,4.1388,0
2026-02-18 20:20:00,8673259919,5508906145,22,up,231.287,146.904,23.129,2.2515,0
2026-02-18 20:25:00,11528285273,6829691020,28,up,307.421,182.125,30.742,2.8759,0
2026-02-18 20:30:00,6412337609,5651067433,77,up,170.996,150.695,17.1,7.7514,1
2026-02-18 20:35:00,9619611982,6103260694,29,up,256.523,162.754,25.652,2.9911,0
2026-02-18 20:40:00,10353826197,5225531651,30,up,276.102,139.348,27.61,3.0596,0
2026-02-18 20:45:00,9932642123,6242339792,49,up,264.87,166.462,26.487,4.9822,0
2026-02-18 20:50:00,9544221268,5670467115,95,up,254.513,151.212,25.451,9.5284,0
2026-02-18 20:55:00,9785581127,6753633153,15,up,260.949,180.097,26.095,1.5128,0
2026-02-18 21:00:00,12078842533,6556961548,27,up,322.102,174.852,32.21,2.7541,0
2026-02-18 21:05:00,9310178853,5643091718,2,up,248.271,150.482,24.827,0.2887,0
2026-02-18 21:10:00,6720865499,5908801900,50,up,179.223,157.568,17.922,5.0826,1
2026-02-18 21:15:00,10556986195,5603196307,16,up,281.52,149.419,28.152,1.6996,0
2026-02-18 21:20:00,10618716674,4978008098,57,up,283.166,132.747,28.317,5.7704,0
2026-02-18 21:25:00,10710409093,5382641450,23,up,285.611,143.537,28.561,2.305,0
2026-02-18 21:30:00,10093571499,6142716475,42,up,269.162,163.806,26.916,4.2025,0
2026-02-18 21:35:00,8089119473,6234186838,0,up,215.71,166.245,21.571,0.0614,0
2026-02-18 21:40:00,11212610473,6106954490,19,up,299.003,162.852,29.9,1.9985,0
2026-02-18 21:45:00,8085361432,5782752201,74,up,215.61,154.207,21.561,7.4107,0
2026-02-18 21:50:00,9715464898,6671807956,8,up,259.079,177.915,25.908,0.8128,0
2026-02-18 21:55:00,8526439668,6045750171,1,up,227.372,161.22,22.737,0.1025,0
2026-02-18 22:00:00,9302844360,6506342756,18,up,248.076,173.502,24.808,1.818,0
2026-02-18 22:05:00,9744857711,4722881904,39,up,259.863,125.944,25.986,3.9003,0
2026-02-18 22:10:00,9736526867,3175871818,19,up,259.641,84.69,25.964,1.9392,0
2026-02-18 22:15:00,9849660848,6204327380,19,up,262.658,165.449,26.266,1.9717,0
2026-02-18 22:20:00,11190425177,4974168729,35,up,298.411,132.644,29.841,3.5458,0
2026-02-18 22:25:00,9885226089,5847034774,9,up,263.606,155.921,26.361,0.9394,0
2026-02-18 22:30:00,9100323785,5782490130,44,up,242.675,154.2,24.268,4.4604,0
2026-02-18 22:35:00,10459598064,7142928433,5,up,278.923,190.478,27.892,0.5318,0
2026-02-18 22:40:00,10713154300,6287997518,16,up,285.684,167.68,28.568,1.6121,0
2026-02-18 22:45:00,7993941207,6119418499,34,up,213.172,163.184,21.317,3.4148,0
2026-02-18 22:50:00,10047075078,6602633631,56,up,267.922,176.07,26.792,5.6397,0
2026-02-18 22:55:00,10163819335,6265318262,50,up,271.035,167.075,27.104,5.0175,0
2026-02-18 23:00:00,9040241058,5670472565,40,up,241.073,151.213,24.107,4.0928,0
2026-02-18 23:05:00,10922670164,6771462669,14,up,291.271,180.572,29.127,1.4236,0
2026-02-18 23:10:00,9206187464,5200979907,4,up,245.498,138.693,24.55,0.4175,0
2026-02-18 23:15:00,9516273510,6232737975,7,up,253.767,166.206,25.377,0.7821,0
2026-02-18 23:20:00,9180294197,4885749748,64,up,244.808,130.287,24.481,6.404,0
2026-02-18 23:25:00,9392526428,6146839577,62,up,250.467,163.916,25.047,6.2311,0
2026-02-18 23:30:00,8141690527,6138952542,96,up,217.112,163.705,21.711,9.6878,0
2026-02-18 23:35:00,7754942757,7207047572,2,up,206.798,192.188,20.68,0.2529,0
2026-02-18 23:40:00,11168818196,4873218796,24,up,297.835,129.953,29.784,2.4628,0
2026-02-18 23:45:00,5895517938,5567361233,50,up,157.214,148.463,15.721,5.0471,1
2026-02-18 23:50:00,8259683606,6592331347,39,up,220.258,175.796,22.026,3.9685,0
2026-02-18 23:55:00,6952436122,6241428424,33,up,185.398,166.438,18.54,3.3038,0
2026-02-19 00:00:00,8656168033,6129819636,47,up,230.831,163.462,23.083,4.7031,0
2026-02-19 00:05:00,7886523982,5311582293,14,up,210.307,141.642,21.031,1.4255,0
2026-02-19 00:10:00,11222267055,5574610789,6,up,299.26,148.656,29.926,0.6328,0
2026-02-19 00:15:00,10511044225,6896429525,7,up,280.295,183.905,28.029,0.7324,0
2026-02-19 00:20:00,8600830861,5962913380,0,up,229.355,159.011,22.936,0.0386,0
2026-02-19 00:25:00,11908990281,6270258981,13,up,317.573,167.207,31.757,1.3801,0
2026-02-19 00:30:00,7335640321,5917064403,62,up,195.617,157.788,19.562,6.2859,1
2026-02-19 00:35:00,9009564693,5148178429,12,up,240.255,137.285,24.026,1.2411,0
2026-02-19 00:40:00,6563168570,6672343506,31,up,175.018,177.929,17.502,3.1662,0
2026-02-19 00:45:00,11952310394,6362327316,71,up,318.728,169.662,31.873,7.1963,0
2026-02-19 00:50:00,7811730974,7660058522,58,up,208.313,204.268,20.831,5.8564,0
2026-02-19 00:55:00,7523926409,5268781406,9,up,200.638,140.501,20.064,0.932,0
2026-02-19 01:00:00,7367774215,6592252503,49,up,196.474,175.793,19.647,4.9281,1
2026-02-19 01:05:00,12119721457,5055688344,6,up,323.193,134.818,32.319,0.6865,0
2026-02-19 01:10:00,10932306920,6113289528,113,up,291.528,163.021,29.153,11.328,0
2026-02-19 01:15:00,10009397760,6703084744,25,up,266.917,178.749,26.692,2.5515,0
2026-02-19 01:20:00,10044098634,4508062716,6,up,267.843,120.215,26.784,0.6448,0
2026-02-19 01:25:00,10335092503,5852448618,58,up,275.602,156.065,27.56,5.8792,0
2026-02-19 01:30:00,7160156264,5594488991,66,up,190.938,149.186,19.094,6.681,1
2026-02-19 01:35:00,9691340351,5494590745,73,up,258.436,146.522,25.844,7.3435,0
2026-02-19 01:40:00,9492226241,6277353109,9,up,253.126,167.396,25.313,0.9665,0
2026-02-19 01:45:00,9304582731,6806893708,15,up,248.122,181.517,24.812,1.5987,0
2026-02-19 01:50:00,8526789837,5904039325,22,up,227.381,157.441,22.738,2.2499,0
2026-02-19 01:55:00,9059240538,6147950227,71,up,241.58,163.945,24.158,7.1403,0
2026-02-19 02:00:00,7470423584,6082302302,64,up,199.211,162.195,19.921,6.4983,0
2026-02-19 02:05:00,9264367919,6001298524,27,up,247.05,160.035,24.705,2.7333,0
2026-02-19 02:10:00,5783984503,5215673300,59,up,154.24,139.085,15.424,5.9241,1
2026-02-19 02:15:00,8133462018,6798080113,16,up,216.892,181.282,21.689,1.6526,0
2026-02-19 02:20:00,9577380920,6212540665,118,up,255.397,165.668,25.54,11.8865,0
2026-02-19 02:25:00,10941002572,6284314672,29,up,291.76,167.582,29.176,2.9949,0
2026-02-19 02:30:00,10408106181,5419313067,48,up,277.549,144.515,27.755,4.8612,0
2026-02-19 02:35:00,7608186820,5669361313,19,up,202.885,151.183,20.288,1.9123,0
2026-02-19 02:40:00,8261668346,5873183377,24,up,220.311,156.618,22.031,2.4298,0
2026-02-19 02:45:00,10433367586,4895430220,17,up,278.223,130.545,27.822,1.7929,0
2026-02-19 02:50:00,8269701682,4784615285,38,up,220.525,127.59,22.053,3.884,0
2026-02-19 02:55:00,9122287706,5567461489,61,up,243.261,148.466,24.326,6.1023,0
2026-02-19 03:00:00,9993808611,6376214951,22,up,266.502,170.032,26.65,2.2655,0
2026-02-19 03:05:00,8285612488,5529741079,20,up,220.95,147.46,22.095,2.0979,0
2026-02-19 03:10:00,9493547444,5266460257,13,up,253.161,140.439,25.316,1.331,0
2026-02-19 03:15:00,7874221318,5413426329,6,up,209.979,144.358,20.998,0.6237,0
2026-02-19 03:20:00,8698461400,5672153455,89,up,231.959,151.257,23.196,8.963,0
2026-02-19 03:25:00,9734754675,5745221546,12,up,259.593,153.206,25.959,1.2157,0
2026-02-19 03:30:00,7582882049,7559175445,51,up,202.21,201.578,20.221,5.1613,0
2026-02-19 03:35:00,9870534080,6759326852,40,up,263.214,180.249,26.321,4.0208,0
2026-02-19 03:40:00,6547035233,6737837360,59,up,174.588,179.676,17.459,5.9605,1
2026-02-19 03:45:00,9996551198,6841377862,88,up,266.575,182.437,26.657,8.835,0
2026-02-19 03:50:00,9626903400,5280848974,31,up,256.717,140.823,25.672,3.1248,0
2026-02-19 03:55:00,7636760588,5119897477,65,up,203.647,136.531,20.365,6.5534,1
2026-02-19 04:00:00,9515877565,5203053390,5,up,253.757,138.748,25.376,0.5874,0
2026-02-19 04:05:00,8891918766,6960844416,31,up,237.118,185.623,23.712,3.1533,0
2026-02-19 04:10:00,9512584690,5606021912,47,up,253.669,149.494,25.367,4.7348,0
2026-02-19 04:15:00,9986210282,5099023548,10,up,266.299,135.974,26.63,1.0143,0
2026-02-19 04:20:00,9429967579,5689682735,43,up,251.466,151.725,25.147,4.3199,0
2026-02-19 04:25:00,9420665652,5828204017,48,up,251.218,155.419,25.122,4.8231,0
2026-02-19 04:30:00,8585259351,6193257557,56,up,228.94,165.154,22.894,5.6927,0
2026-02-19 04:35:00,8629236467,6180684734,12,up,230.113,164.818,23.011,1.2008,0
2026-02-19 04:40:00,7797069069,5403709994,36,up,207.922,144.099,20.792,3.6623,0
2026-02-19 04:45:00,11343273836,6493672602,11,up,302.487,173.165,30.249,1.1609,0
2026-02-19 04:50:00,7975653860,5539780655,42,up,212.684,147.727,21.268,4.2988,0
2026-02-19 04:55:00,8595481652,5887481037,19,up,229.213,156.999,22.921,1.9895,0
2026-02-19 05:00:00,8566791826,6494477330,29,up,228.448,173.186,22.845,2.9125,0
2026-02-19 05:05:00,10381789924,5537888589,17,up,276.848,147.677,27.685,1.7203,0
2026-02-19 05:10:00,9043181611,5590066975,5,up,241.152,149.068,24.115,0.5655,0
2026-02-19 05:15:00,10778709831,6426000995,6,up,287.432,171.36,28.743,0.6274,0
2026-02-19 05:20:00,8617323047,5382432112,2,up,229.795,143.532,22.98,0.2584,0
2026-02-19 05:25:00,9688868432,5722949743,30,up,258.37,152.612,25.837,3.0801,0
2026-02-19 05:30:00,8435234565,6400134368,60,up,224.94,170.67,22.494,6.0419,0
2026-02-19 05:35:00,11788292768,7478946557,0,up,314.354,199.439,31.435,0.0674,0
2026-02-19 05:40:00,8038951778,6435891243,2,up,214.372,171.624,21.437,0.2193,0
2026-02-19 05:45:00,9723548299,6340300629,19,up,259.295,169.075,25.929,1.9568,0
2026-02-19 05:50:00,10087998991,6382177140,42,up,269.013,170.191,26.901,4.2827,0
2026-02-19 05:55:00,9840523984,5227303002,5,up,262.414,139.395,26.241,0.5492,0
2026-02-19 06:00:00,9166551383,6083229651,10,up,244.441,162.219,24.444,1.0143,0
2026-02-19 06:05:00,9228951712,5978568128,8,up,246.105,159.428,24.611,0.8447,0
2026-02-19 06:10:00,9424287905,6231540869,16,up,251.314,166.174,25.131,1.6296,0
2026-02-19 06:15:00,9209622748,6083885797,8,up,245.59,162.237,24.559,0.8156,0
2026-02-19 06:20:00,10459364006,6273383767,13,up,278.916,167.29,27.892,1.3913,0
2026-02-19 06:25:00,11861838376,5775743619,41,up,316.316,154.02,31.632,4.1726,0
2026-02-19 06:30:00,8747821741,6042198420,30,up,233.275,161.125,23.328,3.0214,0
2026-02-19 06:35:00,7833971647,5115963432,2,up,208.906,136.426,20.891,0.2709,0
2026-02-19 06:40:00,9275682695,5769666759,32,up,247.352,153.858,24.735,3.2493,0
2026-02-19 06:45:00,12277173004,7001400154,20,up,327.391,186.704,32.739,2.0746,0
2026-02-19 06:50:00,8470866111,6229542004,87,up,225.89,166.121,22.589,8.7255,0
2026-02-19 06:55:00,11219006406,5984936853,10,up,299.174,159.598,29.917,1.0928,0
2026-02-19 07:00:00,11262413415,7365208758,41,up,300.331,196.406,30.033,4.1448,0
2026-02-19 07:05:00,8752213228,5020198815,42,up,233.392,133.872,23.339,4.2001,0
2026-02-19 07:10:00,10015105964,5201192000,8,up,267.069,138.698,26.707,0.8012,0
2026-02-19 07:15:00,11206946201,7233152216,74,up,298.852,192.884,29.885,7.4731,0
2026-02-19 07:20:00,8948481291,6033091873,21,up,238.626,160.882,23.863,2.1621,0
2026-02-19 07:25:00,9145972094,5825340213,36,up,243.893,155.342,24.389,3.635,0
2026-02-19 07:30:00,8720608971,5136572885,5,up,232.55,136.975,23.255,0.5045,0
2026-02-19 07:35:00,8233398677,6322341311,9,up,219.557,168.596,21.956,0.9541,0
2026-02-19 07:40:00,8644562761,6392011106,28,up,230.522,170.454,23.052,2.8229,0
2026-02-19 07:45:00,7998067199,5211964060,12,up,213.282,138.986,21.328,1.2295,0
2026-02-19 07:50:00,9413343901,5899001578,22,up,251.023,157.307,25.102,2.2161,0
2026-02-19 07:55:00,5956146080,5758428600,42,up,158.831,153.558,15.883,4.2576,1
2026-02-19 08:00:00,9638009150,6184303545,32,up,257.014,164.915,25.701,3.2742,0
2026-02-19 08:05:00,7624617398,5194139825,21,up,203.323,138.51,20.332,2.1368,0
2026-02-19 08:10:00,9747240261,6901402167,0,up,259.926,184.037,25.993,0.0148,0
2026-02-19 08:15:00,10312720081,6659393122,33,up,275.006,177.584,27.501,3.3565,0
2026-02-19 08:20:00,7132047402,5738513597,17,up,190.188,153.027,19.019,1.7549,0
2026-02-19 08:25:00,9795813641,5844178527,13,up,261.222,155.845,26.122,1.3379,0
2026-02-19 08:30:00,10756127616,5901776051,3,up,286.83,157.381,28.683,0.3164,0
2026-02-19 08:35:00,8014153853,5439617841,7,up,213.711,145.056,21.371,0.7966,0
2026-02-19 08:40:00,11256643935,5680730818,8,up,300.177,151.486,30.018,0.8106,0
2026-02-19 08:45:00,9846396385,5805405335,87,up,262.571,154.811,26.257,8.765,0
2026-02-19 08:50:00,8581861662,7161265226,18,up,228.85,190.967,22.885,1.8129,0
2026-02-19 08:55:00,9312259787,6681565181,1,up,248.327,178.175,24.833,0.1375,0
2026-02-19 09:00:00,10003117776,6672951389,4,up,266.75,177.945,26.675,0.4782,0
2026-02-19 09:05:00,9460506065,6266346441,2,up,252.28,167.103,25.228,0.2635,0
2026-02-19 09:10:00,9981100491,5195524553,28,up,266.163,138.547,26.616,2.8443,0
2026-02-19 09:15:00,8339242207,5970126404,6,up,222.38,159.203,22.238,0.661,0
2026-02-19 09:20:00,9565530927,6698751690,22,up,255.081,178.633,25.508,2.2089,0
2026-02-19 09:25:00,7784571190,5094049466,14,up,207.589,135.841,20.759,1.4788,0
2026-02-19 09:30:00,9249870680,6458318308,52,up,246.663,172.222,24.666,5.2128,0
2026-02-19 09:35:00,5850672732,7672278642,59,up,156.018,204.594,15.602,5.9739,1
2026-02-19 09:40:00,8547528814,6764507985,19,up,227.934,180.387,22.793,1.9615,0
2026-02-19 09:45:00,10765604822,7018100977,40,up,287.083,187.149,28.708,4.0882,0
2026-02-19 09:50:00,7421906719,6157203900,71,up,197.918,164.192,19.792,7.1062,1
2026-02-19 09:55:00,10060280386,6696911003,50,up,268.274,178.584,26.827,5.0435,0
2026-02-19 10:00:00,8146148139,5483145685,34,up,217.231,146.217,21.723,3.4681,0
2026-02-19 10:05:00,9019040494,6573021944,16,up,240.508,175.281,24.051,1.6913,0
2026-02-19 10:10:00,10739734912,6471159456,22,up,286.393,172.564,28.639,2.2437,0
2026-02-19 10:15:00,9534431527,6208736045,109,up,254.252,165.566,25.425,10.9358,0
2026-02-19 10:20:00,11984245732,6947525342,34,up,319.58,185.267,31.958,3.4674,0
2026-02-19 10:25:00,9817482569,5612074916,75,up,261.8,149.655,26.18,7.5323,0
2026-02-19 10:30:00,9591055256,5865318588,6,up,255.761,156.408,25.576,0.6302,0
2026-02-19 10:35:00,9027243977,6068732669,21,up,240.727,161.833,24.073,2.1125,0
2026-02-19 10:40:00,9525233517,5258680100,76,up,254.006,140.231,25.401,7.6582,0
2026-02-19 10:45:00,9203471434,6163390999,12,up,245.426,164.357,24.543,1.2464,0
2026-02-19 10:50:00,10171622261,4762370102,109,up,271.243,126.997,27.124,10.9811,0
2026-02-19 10:55:00,10451290106,6753807264,3,up,278.701,180.102,27.87,0.3268,0
2026-02-19 11:00:00,8490761856,6033578903,74,up,226.42,160.895,22.642,7.4549,0
2026-02-19 11:05:00,7877362927,5624957109,18,up,210.063,149.999,21.006,1.8853,0
2026-02-19 11:10:00,5116488268,5399250999,79,up,136.44,143.98,13.644,7.9043,1
2026-02-19 11:15:00,9946490242,5831103098,67,up,265.24,155.496,26.524,6.7721,0
2026-02-19 11:20:00,5693598797,6495546991,40,up,151.829,173.215,15.183,4.0988,1
2026-02-19 11:25:00,6952998082,6394372064,0,up,185.413,170.517,18.541,0.072,0
2026-02-19 11:30:00,9812150930,5492012677,4,up,261.657,146.454,26.166,0.4671,0
2026-02-19 11:35:00,12179624457,5390851435,34,up,324.79,143.756,32.479,3.4439,0
2026-02-19 11:40:00,9368170224,6472967068,121,up,249.818,172.612,24.982,12.1862,0
2026-02-19 11:45:00,10318302121,5479909868,3,up,275.155,146.131,27.515,0.3782,0
2026-02-19 11:50:00,9467058028,6043135037,19,up,252.455,161.15,25.245,1.9834,0
2026-02-19 11:55:00,9263749140,6089103342,6,up,247.033,162.376,24.703,0.6375,0
2026-02-19 12:00:00,10408961043,6224684734,43,up,277.572,165.992,27.757,4.3732,0
2026-02-19 12:05:00,9048441137,6617954709,4,up,241.292,176.479,24.129,0.402,0
2026-02-19 12:10:00,9675816353,5090666685,8,up,258.022,135.751,25.802,0.8775,0
2026-02-19 12:15:00,9736910031,4623965285,6,up,259.651,123.306,25.965,0.6997,0
2026-02-19 12:20:00,8623398239,5591437957,25,up,229.957,149.105,22.996,2.5732,0
2026-02-19 12:25:00,10491047643,7297100453,66,up,279.761,194.589,27.976,6.6081,0
2026-02-19 12:30:00,9178170273,7455965352,22,up,244.751,198.826,24.475,2.2898,0
2026-02-19 12:35:00,8524786695,7318447537,1,up,227.328,195.159,22.733,0.192,0
2026-02-19 12:40:00,9978573574,5861053415,26,up,266.095,156.295,26.61,2.6519,0
2026-02-19 12:45:00,8364223520,4716877140,51,up,223.046,125.783,22.305,5.1108,0
2026-02-19 12:50:00,9406703802,4313011846,4,up,250.845,115.014,25.085,0.4536,0
2026-02-19 12:55:00,9364741128,5557892523,2,up,249.726,148.21,24.973,0.2416,0
2026-02-19 13:00:00,10596632511,5857386986,6,up,282.577,156.197,28.258,0.6657,0
2026-02-19 13:05:00,9909035511,6936450288,43,up,264.241,184.972,26.424,4.3864,0
2026-02-19 13:10:00,9346844671,6624819930,28,up,249.249,176.662,24.925,2.8663,0
2026-02-19 13:15:00,10294987086,6163731656,24,up,274.533,164.366,27.453,2.489,0
2026-02-19 13:20:00,10938983492,5359311764,9,up,291.706,142.915,29.171,0.9184,0
2026-02-19 13:25:00,10002536594,5308238718,12,up,266.734,141.553,26.673,1.2922,0
2026-02-19 13:30:00,9386646697,6182971934,108,up,250.311,164.879,25.031,10.8097,0
2026-02-19 13:35:00,7899184238,6501876704,8,up,210.645,173.383,21.064,0.8808,0
2026-02-19 13:40:00,8176747129,6282154508,74,up,218.047,167.524,21.805,7.4214,0
2026-02-19 13:45:00,9031622207,5255089469,27,up,240.843,140.136,24.084,2.7801,0
2026-02-19 13:50:00,8689298772,6468480692,4,up,231.715,172.493,23.171,0.4211,0
2026-02-19 13:55:00,9164657284,6306655896,20,up,244.391,168.177,24.439,2.0154,0
2026-02-19 14:00:00,9438731165,5229120187,94,up,251.699,139.443,25.17,9.4948,0
2026-02-19 14:05:00,9970904348,5435288901,17,up,265.891,144.941,26.589,1.7352,0
2026-02-19 14:10:00,9295688874,6495717101,63,up,247.885,173.219,24.789,6.3699,0
2026-02-19 14:15:00,9922314349,5831154574,9,up,264.595,155.497,26.46,0.9481,0
2026-02-19 14:20:00,9447533716,7144186057,27,up,251.934,190.512,25.193,2.7076,0
2026-02-19 14:25:00,5006820078,6360813078,72,up,133.515,169.622,13.352,7.2825,1
2026-02-19 14:30:00,8318247681,5649625544,81,up,221.82,150.657,22.182,8.11,0
2026-02-19 14:35:00,9212901499,5992651967,21,up,245.677,159.804,24.568,2.1286,0
2026-02-19 14:40:00,8014093414,6045636042,32,up,213.709,161.217,21.371,3.2665,0
2026-02-19 14:45:00,10049919821,5475558974,0,up,267.998,146.015,26.8,0.0096,0
2026-02-19 14:50:00,11097094686,5342936497,9,up,295.923,142.478,29.592,0.9344,0
2026-02-19 14:55:00,10746107083,6505000723,10,up,286.563,173.467,28.656,1.0455,0
2026-02-19 15:00:00,9134876770,6608596773,3,up,243.597,176.229,24.36,0.3141,0
2026-02-19 15:05:00,11052066903,6434722658,10,up,294.722,171.593,29.472,1.0499,0
2026-02-19 15:10:00,9542250889,7091029027,12,up,254.46,189.094,25.446,1.2394,0
2026-02-19 15:15:00,8995778282,5609923270,110,up,239.887,149.598,23.989,11.092,0
2026-02-19 15:20:00,8684922003,7205474951,35,up,231.598,192.146,23.16,3.5342,0
2026-02-19 15:25:00,9034721602,5351336794,17,up,240.926,142.702,24.093,1.7764,0
2026-02-19 15:30:00,8938301079,5270866394,141,up,238.355,140.556,23.835,14.1677,0
2026-02-19 15:35:00,9566718250,4732829604,5,up,255.112,126.209,25.511,0.5323,0
2026-02-19 15:40:00,9555645728,5679027374,20,up,254.817,151.441,25.482,2.0684,0
2026-02-19 15:45:00,9378426772,5637319917,33,up,250.091,150.329,25.009,3.3327,0
2026-02-19 15:50:00,9866555440,6378674841,1,up,263.108,170.098,26.311,0.183,0
2026-02-19 15:55:00,10714477059,6175601477,40,up,285.719,164.683,28.572,4.0394,0
2026-02-19 16:00:00,10443248402,5141059172,3,up,278.487,137.095,27.849,0.3367,0
2026-02-19 16:05:00,7704489785,5717237108,4,up,205.453,152.46,20.545,0.4837,0
2026-02-19 16:10:00,6501838723,5732547344,5,up,173.382,152.868,17.338,0.5567,0
2026-02-19 16:15:00,10426109900,4721292782,84,up,278.03,125.901,27.803,8.4593,0
2026-02-19 16:20:00,7837261464,5293718356,36,up,208.994,141.166,20.899,3.6787,0
2026-02-19 16:25:00,9122138922,5445014185,34,up,243.257,145.2,24.326,3.4094,0
2026-02-19 16:30:00,8058622845,7032210014,25,up,214.897,187.526,21.49,2.5945,0
2026-02-19 16:35:00,7347772007,6137844515,11,up,195.941,163.676,19.594,1.1086,0
2026-02-19 16:40:00,9984145569,6476761502,31,up,266.244,172.714,26.624,3.1038,0
2026-02-19 16:45:00,10229049555,4920982442,16,up,272.775,131.226,27.277,1.6892,0
2026-02-19 16:50:00,8726425799,6859834427,5,up,232.705,182.929,23.27,0.5029,0
2026-02-19 16:55:00,6460077421,6936793485,37,up,172.269,184.981,17.227,3.7436,0
2026-02-19 17:00:00,8760474995,4561191623,4,up,233.613,121.632,23.361,0.4441,0
2026-02-19 17:05:00,9815779506,5492171958,6,up,261.754,146.458,26.175,0.6769,0
2026-02-19 17:10:00,7711224485,6356951212,54,up,205.633,169.519,20.563,5.4467,0
2026-02-19 17:15:00,9581279909,6463959686,34,up,255.501,172.372,25.55,3.4533,0
2026-02-19 17:20:00,9357776419,5511483794,31,up,249.541,146.973,24.954,3.1902,0
2026-02-19 17:25:00,10026702937,5780040386,17,up,267.379,154.134,26.738,1.7332,0
2026-02-19 17:30:00,6656669540,5569885636,72,up,177.511,148.53,17.751,7.2609,1
2026-02-19 17:35:00,5796208209,6079500993,56,up,154.566,162.12,15.457,5.658,1
2026-02-19 17:40:00,10721142939,6861968542,43,up,285.897,182.986,28.59,4.3107,0
2026-02-19 17:45:00,9196654230,5444849646,22,up,245.244,145.196,24.524,2.2841,0
2026-02-19 17:50:00,9344282393,6720590758,111,up,249.181,179.216,24.918,11.144,0
2026-02-19 17:55:00,8325073546,5437196107,99,up,222.002,144.992,22.2,9.9736,0
2026-02-19 18:00:00,8876307467,5389708407,17,up,236.702,143.726,23.67,1.7016,0
2026-02-19 18:05:00,8379596946,6589388125,54,up,223.456,175.717,22.346,5.4984,0
2026-02-19 18:10:00,9180435682,6663794192,25,up,244.812,177.701,24.481,2.5077,0
2026-02-19 18:15:00,11300672040,6613015154,22,up,301.351,176.347,30.135,2.2942,0
2026-02-19 18:20:00,7831611214,5052625866,1,up,208.843,134.737,20.884,0.1809,0
2026-02-19 18:25:00,7559743427,5664515295,27,up,201.593,151.054,20.159,2.7304,0
2026-02-19 18:30:00,11030066618,6592551786,73,up,294.135,175.801,29.414,7.3868,0
2026-02-19 18:35:00,9139510863,6029910125,48,up,243.72,160.798,24.372,4.8472,0
2026-02-19 18:40:00,8622293169,5226941150,49,up,229.928,139.385,22.993,4.9384,0
2026-02-19 18:45:00,10544892773,6329988916,5,up,281.197,168.8,28.12,0.5577,0
2026-02-19 18:50:00,6085577762,5485338773,58,up,162.282,146.276,16.228,5.8186,1
2026-02-19 18:55:00,11429260927,7292057890,8,up,304.78,194.455,30.478,0.8497,0
2026-02-19 19:00:00,10137666605,7112285852,12,up,270.338,189.661,27.034,1.215,0
2026-02-19 19:05:00,8826099665,6434950146,27,up,235.363,171.599,23.536,2.7725,0
2026-02-19 19:10:00,11801971739,6979924827,14,up,314.719,186.131,31.472,1.4521,0
2026-02-19 19:15:00,8693570711,6046649772,26,up,231.829,161.244,23.183,2.6322,0
2026-02-19 19:20:00,10209857293,6551114995,18,up,272.263,174.696,27.226,1.8469,0
2026-02-19 19:25:00,9711704152,7063958612,10,up,258.979,188.372,25.898,1.0808,0
2026-02-19 19:30:00,10839458950,6176759050,3,up,289.052,164.714,28.905,0.3209,0
2026-02-19 19:35:00,11131700096,5816265236,71,up,296.845,155.1,29.685,7.1172,0
2026-02-19 19:40:00,9411004667,4772672190,0,up,250.96,127.271,25.096,0.0366,0
2026-02-19 19:45:00,8527404895,5940143861,0,up,227.397,158.404,22.74,0.0053,0
2026-02-19 19:50:00,6924728062,6592864692,64,up,184.659,175.81,18.466,6.4833,1
2026-02-19 19:55:00,8612570209,6680856067,183,up,229.669,178.156,22.967,18.3937,0
2026-02-19 20:00:00,11640060653,6363142847,41,up,310.402,169.684,31.04,4.1557,0
2026-02-19 20:05:00,9528602247,5610264651,0,up,254.096,149.607,25.41,0.0493,0
2026-02-19 20:10:00,8964013254,4576688470,8,up,239.04,122.045,23.904,0.8226,0
2026-02-19 20:15:00,9582765344,5643445129,114,up,255.54,150.492,25.554,11.4216,0
2026-02-19 20:20:00,7859482924,5780871692,52,up,209.586,154.157,20.959,5.2909,0
2026-02-19 20:25:00,8281934206,5774691143,26,up,220.852,153.992,22.085,2.677,0
2026-02-19 20:30:00,10725465646,6445360577,8,up,286.012,171.876,28.601,0.865,0
2026-02-19 20:35:00,8635993936,7429687015,0,up,230.293,198.125,23.029,0.0463,0
2026-02-19 20:40:00,8197225144,6088941025,0,up,218.593,162.372,21.859,0.0675,0
2026-02-19 20:45:00,9978734346,5843953111,30,up,266.1,155.839,26.61,3.0294,0
2026-02-19 20:50:00,10708917173,5813360294,0,up,285.571,155.023,28.557,0.0706,0
2026-02-19 20:55:00,10183822474,6089557032,161,up,271.569,162.388,27.157,16.1798,0
2026-02-19 21:00:00,10495553646,5403628492,6,up,279.881,144.097,27.988,0.6483,0
2026-02-19 21:05:00,8523605525,6086542962,39,up,227.296,162.308,22.73,3.969,0
2026-02-19 21:10:00,7775462999,6324584882,5,up,207.346,168.656,20.735,0.5392,0
2026-02-19 21:15:00,11064000358,6150973965,24,up,295.04,164.026,29.504,2.4855,0
2026-02-19 21:20:00,9011985181,6329430192,2,up,240.32,168.785,24.032,0.2689,0
2026-02-19 21:25:00,9092812856,6312298278,46,up,242.475,168.328,24.248,4.6585,0
2026-02-19 21:30:00,10869218409,4724234388,28,up,289.846,125.98,28.985,2.8137,0
2026-02-19 21:35:00,10000758760,6458546514,2,up,266.687,172.228,26.669,0.2883,0
2026-02-19 21:40:00,9887873743,5516869311,60,up,263.677,147.117,26.368,6.0408,0
2026-02-19 21:45:00,11810627638,5210995802,25,up,314.95,138.96,31.495,2.5341,0
2026-02-19 21:50:00,8651041990,5204794683,81,up,230.694,138.795,23.069,8.1467,0
2026-02-19 21:55:00,10418820144,6312149959,79,up,277.835,168.324,27.784,7.95,0
2026-02-19 22:00:00,9439139765,5839746052,81,up,251.71,155.727,25.171,8.1027,0
2026-02-19 22:05:00,9677166313,4788982475,2,up,258.058,127.706,25.806,0.2591,0
2026-02-19 22:10:00,11094526979,6344187226,4,up,295.854,169.178,29.585,0.4126,0
2026-02-19 22:15:00,9946315225,4963482145,140,up,265.235,132.36,26.524,14.0756,0
2026-02-19 22:20:00,9980583088,6100671378,21,up,266.149,162.685,26.615,2.1397,0
2026-02-19 22:25:00,10581570754,6171719226,8,up,282.175,164.579,28.218,0.8707,0
2026-02-19 22:30:00,8964428179,6637615498,46,up,239.051,177.003,23.905,4.6983,0
2026-02-19 22:35:00,8430889124,7282813046,9,up,224.824,194.208,22.482,0.9821,0
2026-02-19 22:40:00,8199589656,5017433045,41,up,218.656,133.798,21.866,4.157,0
2026-02-19 22:45:00,7162848836,5962218823,58,up,191.009,158.993,19.101,5.8104,0
2026-02-19 22:50:00,11688233021,5801038587,49,up,311.686,154.694,31.169,4.9078,0
2026-02-19 22:55:00,8133890588,6312299773,10,up,216.904,168.328,21.69,1.0249,0
2026-02-19 23:00:00,9126089673,6155281515,16,up,243.362,164.141,24.336,1.6433,0
2026-02-19 23:05:00,9063585037,5746166705,17,up,241.696,153.231,24.17,1.7061,0
2026-02-19 23:10:00,9720832535,5682550424,21,up,259.222,151.535,25.922,2.1627,0
2026-02-19 23:15:00,10292704364,5196155384,5,up,274.472,138.564,27.447,0.5861,0
2026-02-19 23:20:00,10343032674,6711260339,19,up,275.814,178.967,27.581,1.9275,0
2026-02-19 23:25:00,8719037881,6330627010,22,up,232.508,168.817,23.251,2.2878,0
2026-02-19 23:30:00,9186988071,6660793102,24,up,244.986,177.621,24.499,2.4277,0
2026-02-19 23:35:00,9692902444,5776514781,54,up,258.477,154.04,25.848,5.4856,0
2026-02-19 23:40:00,9095222483,5527078462,23,up,242.539,147.389,24.254,2.331,0
2026-02-19 23:45:00,11183263773,5223613152,8,up,298.22,139.296,29.822,0.8396,0
2026-02-19 23:50:00,9927346820,6258420660,34,up,264.729,166.891,26.473,3.4818,0
2026-02-19 23:55:00,10201737509,5251348878,51,up,272.046,140.036,27.205,5.1075,0
2026-02-20 00:00:00,10120741427,7331037409,12,up,269.886,195.494,26.989,1.2312,0
2026-02-20 00:05:00,10695158089,5058497341,33,up,285.204,134.893,28.52,3.3168,0
2026-02-20 00:10:00,9578649253,6197035285,5,up,255.431,165.254,25.543,0.5086,0
2026-02-20 00:15:00,7916064058,7128135389,13,up,211.095,190.084,21.11,1.339,0
2026-02-20 00:20:00,9824648945,6431344626,76,up,261.991,171.503,26.199,7.678,0
2026-02-20 00:25:00,8642223494,6126485072,77,up,230.459,163.373,23.046,7.7523,0
2026-02-20 00:30:00,8780306233,5302691774,27,up,234.141,141.405,23.414,2.7406,0
2026-02-20 00:35:00,7024261664,5005126184,45,up,187.314,133.47,18.731,4.5537,1
2026-02-20 00:40:00,10768068455,6554436078,61,up,287.148,174.785,28.715,6.1576,0
2026-02-20 00:45:00,9398930523,7084426013,101,up,250.638,188.918,25.064,10.1867,0
2026-02-20 00:50:00,9722437139,5684028006,21,up,259.265,151.574,25.926,2.154,0
2026-02-20 00:55:00,11289991812,5179875714,26,up,301.066,138.13,30.107,2.6386,0
2026-02-20 01:00:00,9645847326,4230118010,17,up,257.223,112.803,25.722,1.7192,0
2026-02-20 01:05:00,12301893503,5293849312,2,up,328.05,141.169,32.805,0.2391,0
2026-02-20 01:10:00,10011198351,5918167073,17,up,266.965,157.818,26.697,1.7586,0
2026-02-20 01:15:00,7394141895,7151368733,50,up,197.177,190.703,19.718,5.0036,0
2026-02-20 01:20:00,10222509323,6484656258,52,up,272.6,172.924,27.26,5.2293,0
2026-02-20 01:25:00,9803803182,6219661491,71,up,261.435,165.858,26.143,7.1332,0
2026-02-20 01:30:00,10825971848,5711913843,1,up,288.693,152.318,28.869,0.1691,0
2026-02-20 01:35:00,10132329020,5580120683,23,up,270.195,148.803,27.02,2.3968,0
2026-02-20 01:40:00,9219237018,7012066270,3,up,245.846,186.988,24.585,0.3637,0
2026-02-20 01:45:00,7997664484,6144531749,7,up,213.271,163.854,21.327,0.717,0
2026-02-20 01:50:00,9139848835,4486127501,73,up,243.729,119.63,24.373,7.3752,0
2026-02-20 01:55:00,8418164489,5515051453,21,up,224.484,147.068,22.448,2.1976,0
2026-02-20 02:00:00,8721911118,5382084457,45,up,232.584,143.522,23.258,4.5474,0
2026-02-20 02:05:00,10037150704,5606689913,2,up,267.657,149.512,26.766,0.213,0
2026-02-20 02:10:00,11253642567,6405295675,17,up,300.097,170.808,30.01,1.7257,0
2026-02-20 02:15:00,9819005471,5922639685,35,up,261.84,157.937,26.184,3.5891,0
2026-02-20 02:20:00,8029631555,5944656906,4,up,214.124,158.524,21.412,0.4582,0
2026-02-20 02:25:00,9875178001,6945700676,12,up,263.338,185.219,26.334,1.2616,0
2026-02-20 02:30:00,10721210422,5498548015,2,up,285.899,146.628,28.59,0.2135,0
2026-02-20 02:35:00,8688994232,7342223658,33,up,231.707,195.793,23.171,3.3717,0
2026-02-20 02:40:00,9224230687,5516658534,113,up,245.979,147.111,24.598,11.3175,0
2026-02-20 02:45:00,6574066953,6064222701,35,up,175.308,161.713,17.531,3.5237,1
2026-02-20 02:50:00,8491989397,5797533411,117,up,226.453,154.601,22.645,11.7565,0
2026-02-20 02:55:00,10104315488,6088861776,59,up,269.448,162.37,26.945,5.9784,0
2026-02-20 03:00:00,6467253332,6320106236,39,up,172.46,168.536,17.246,3.9758,1
2026-02-20 03:05:00,9846973999,6312361372,27,up,262.586,168.33,26.259,2.7546,0
2026-02-20 03:10:00,8376571299,5457755521,23,up,223.375,145.54,22.338,2.3371,0
2026-02-20 03:15:00,8882859412,5191501432,16,up,236.876,138.44,23.688,1.6682,0
2026-02-20 03:20:00,10187679027,7802283689,54,up,271.671,208.061,27.167,5.4537,0
2026-02-20 03:25:00,8955562703,5651531275,6,up,238.815,150.708,23.882,0.6431,0
2026-02-20 03:30:00,11317834332,6503432955,1,up,301.809,173.425,30.181,0.1852,0
2026-02-20 03:35:00,8925409291,4842498256,94,up,238.011,129.133,23.801,9.4543,0
2026-02-20 03:40:00,9627770316,5798678841,0,up,256.741,154.631,25.674,0.0121,0
2026-02-20 03:45:00,7296915280,5908416443,64,up,194.584,157.558,19.458,6.4439,1
2026-02-20 03:50:00,7779338550,6340426850,41,up,207.449,169.078,20.745,4.1763,0
2026-02-20 03:55:00,7394090086,4039833018,12,up,197.176,107.729,19.718,1.2744,0
2026-02-20 04:00:00,7658636646,6119621241,38,up,204.23,163.19,20.423,3.8295,0
2026-02-20 04:05:00,10795407116,5172186152,54,up,287.878,137.925,28.788,5.4498,0
2026-02-20 04:10:00,8754159585,6233528912,9,up,233.444,166.227,23.344,0.9009,0
2026-02-20 04:15:00,12252974196,5253842978,47,up,326.746,140.102,32.675,4.7154,0
2026-02-20 04:20:00,8740221451,5384052458,52,up,233.073,143.575,23.307,5.2209,0
2026-02-20 04:25:00,9582620216,5802988120,9,up,255.537,154.746,25.554,0.9178,0
2026-02-20 04:30:00,11109873696,5242322781,1,up,296.263,139.795,29.626,0.1371,0
2026-02-20 04:35:00,11631854499,5657615198,7,up,310.183,150.87,31.018,0.7306,0
2026-02-20 04:40:00,11694191523,5140769446,7,up,311.845,137.087,31.185,0.7166,0
2026-02-20 04:45:00,10734412009,4680117274,2,up,286.251,124.803,28.625,0.2159,0
2026-02-20 04:50:00,10527070341,6732929077,41,up,280.722,179.545,28.072,4.1429,0
2026-02-20 04:55:00,10041592817,5066844941,15,up,267.776,135.116,26.778,1.5296,0
2026-02-20 05:00:00,10250656210,5871349760,69,up,273.351,156.569,27.335,6.904,0
2026-02-20 05:05:00,8754916069,6542081578,9,up,233.464,174.456,23.346,0.9299,0
2026-02-20 05:10:00,8454526256,5557240246,19,up,225.454,148.193,22.545,1.9319,0
2026-02-20 05:15:00,9371203735,5405880552,32,up,249.899,144.157,24.99,3.2606,0
2026-02-20 05:20:00,9183542299,6162891423,67,up,244.894,164.344,24.489,6.7179,0
2026-02-20 05:25:00,8865118444,6804912352,23,up,236.403,181.464,23.64,2.3797,0
2026-02-20 05:30:00,10158435878,5158093009,14,up,270.892,137.549,27.089,1.4965,0
2026-02-20 05:35:00,10449718359,5891893560,64,up,278.659,157.117,27.866,6.4561,0
2026-02-20 05:40:00,9474457747,4752603891,11,up,252.652,126.736,25.265,1.1885,0
2026-02-20 05:45:00,11037221341,5716895277,2,up,294.326,152.451,29.433,0.2648,0
2026-02-20 05:50:00,8090599746,6024627372,18,up,215.749,160.657,21.575,1.8844,0
2026-02-20 05:55:00,9157133108,5384670257,49,up,244.19,143.591,24.419,4.9202,0
2026-02-20 06:00:00,8568574889,5670965879,1,up,228.495,151.226,22.85,0.1,0
2026-02-20 06:05:00,7275146305,4986076726,28,up,194.004,132.962,19.4,2.8211,0
2026-02-20 06:10:00,6497388959,6055496600,60,up,173.264,161.48,17.326,6.0565,1
2026-02-20 06:15:00,9238034053,6760099859,84,up,246.348,180.269,24.635,8.4437,0
2026-02-20 06:20:00,11077630961,5210056413,10,up,295.403,138.935,29.54,1.0801,0
2026-02-20 06:25:00,10084663145,5551676328,10,up,268.924,148.045,26.892,1.046,0
2026-02-20 06:30:00,8222789822,6361833297,18,up,219.274,169.649,21.927,1.8582,0
2026-02-20 06:35:00,11460854137,6872705317,14,up,305.623,183.272,30.562,1.4127,0
2026-02-20 06:40:00,10748662907,4924903335,42,up,286.631,131.331,28.663,4.266,0
2026-02-20 06:45:00,10029859916,5878474989,32,up,267.463,156.759,26.746,3.2849,0
2026-02-20 06:50:00,9120205388,6203854192,45,up,243.205,165.436,24.321,4.5524,0
2026-02-20 06:55:00,8295630858,5926519398,54,up,221.217,158.041,22.122,5.4881,0
2026-02-20 07:00:00,8956267376,4216709711,82,up,238.834,112.446,23.883,8.2039,0
2026-02-20 07:05:00,10599842197,6360784806,18,up,282.662,169.621,28.266,1.804,0
2026-02-20 07:10:00,11495159594,7093922172,133,up,306.538,189.171,30.654,13.3751,0
2026-02-20 07:15:00,11111148969,6083996460,7,up,296.297,162.24,29.63,0.7773,0
2026-02-20 07:20:00,6177531080,5257603641,72,up,164.734,140.203,16.473,7.2464,1
2026-02-20 07:25:00,8115430387,5630548382,24,up,216.411,150.148,21.641,2.4435,0
2026-02-20 07:30:00,6673447919,7274337408,36,up,177.959,193.982,17.796,3.6495,1
2026-02-20 07:35:00,7385505713,6655173029,20,up,196.947,177.471,19.695,2.0728,0
2026-02-20 07:40:00,9738563678,6460819165,49,up,259.695,172.289,25.97,4.903,0
2026-02-20 07:45:00,9208947090,6256617060,85,up,245.572,166.843,24.557,8.5174,0
2026-02-20 07:50:00,8850708935,5523981279,42,up,236.019,147.306,23.602,4.2172,0
2026-02-20 07:55:00,7580959049,5855588749,47,up,202.159,156.149,20.216,4.7889,0
2026-02-20 08:00:00,9952800119,5943895630,2,up,265.408,158.504,26.541,0.2225,0
2026-02-20 08:05:00,8775711555,6395693507,7,up,234.019,170.552,23.402,0.734,0
2026-02-20 08:10:00,8058843559,7086421603,117,up,214.902,188.971,21.49,11.7165,0
2026-02-20 08:15:00,6143705010,6805203458,37,up,163.832,181.472,16.383,3.7809,0
2026-02-20 08:20:00,9344045731,4978043263,26,up,249.175,132.748,24.917,2.6377,0
2026-02-20 08:25:00,11368783046,6161276377,14,up,303.168,164.301,30.317,1.4632,0
2026-02-20 08:30:00,11243916616,6530469608,1,up,299.838,174.146,29.984,0.1453,0
2026-02-20 08:35:00,8860766711,6445579437,14,up,236.287,171.882,23.629,1.4741,0
2026-02-20 08:40:00,8697511432,5546951690,22,up,231.934,147.919,23.193,2.2111,0
2026-02-20 08:45:00,9902371038,8098158635,7,up,264.063,215.951,26.406,0.7602,0
2026-02-20 08:50:00,8251816380,5080499115,6,up,220.048,135.48,22.005,0.6084,0
2026-02-20 08:55:00,9714515887,5220104318,22,up,259.054,139.203,25.905,2.2724,0
2026-02-20 09:00:00,10236840313,6168188458,28,up,272.982,164.485,27.298,2.8213,0
2026-02-20 09:05:00,10755299876,7524098199,8,up,286.808,200.643,28.681,0.8779,0
2026-02-20 09:10:00,9262326663,5397939707,28,up,246.995,143.945,24.7,2.8328,0
2026-02-20 09:15:00,9145867031,5808603576,73,up,243.89,154.896,24.389,7.3792,0
2026-02-20 09:20:00,8387269589,6775651444,20,up,223.661,180.684,22.366,2.0508,0
2026-02-20 09:25:00,8444759601,5987139248,62,up,225.194,159.657,22.519,6.2325,0
2026-02-20 09:30:00,9120211246,5759085224,83,up,243.206,153.576,24.321,8.3873,0
2026-02-20 09:35:00,9788286195,6407255689,3,up,261.021,170.86,26.102,0.3102,0
2026-02-20 09:40:00,10402782704,6196212952,3,up,277.408,165.232,27.741,0.3223,0
2026-02-20 09:45:00,8471423680,6741915925,20,up,225.905,179.784,22.59,2.0683,0
2026-02-20 09:50:00,11054274640,6929857600,28,up,294.781,184.796,29.478,2.8383,0
2026-02-20 09:55:00,9069985948,6221042203,17,up,241.866,165.894,24.187,1.7758,0
2026-02-20 10:00:00,9350961793,6210047562,12,up,249.359,165.601,24.936,1.2646,0
2026-02-20 10:05:00,8534386860,6154159907,32,up,227.584,164.111,22.758,3.2781,0
2026-02-20 10:10:00,6647729707,6352174000,0,up,177.273,169.391,17.727,0.0067,0
2026-02-20 10:15:00,10369551070,6039722859,110,up,276.521,161.059,27.652,11.0218,0
2026-02-20 10:20:00,10203949384,5999561892,8,up,272.105,159.988,27.211,0.845,0
2026-02-20 10:25:00,9058506498,6861571526,79,up,241.56,182.975,24.156,7.9683,0
2026-02-20 10:30:00,9450364556,7091603649,3,up,252.01,189.109,25.201,0.3694,0
2026-02-20 10:35:00,9955431619,4914561879,8,up,265.478,131.055,26.548,0.8702,0
2026-02-20 10:40:00,7617135911,6007215229,8,up,203.124,160.192,20.312,0.8567,0
2026-02-20 10:45:00,8779815737,5504140007,177,up,234.128,146.777,23.413,17.7934,0
2026-02-20 10:50:00,10268547764,5776100544,0,up,273.828,154.029,27.383,0.0148,0
2026-02-20 10:55:00,7963924398,6289811671,32,up,212.371,167.728,21.237,3.2661,0
2026-02-20 11:00:00,9705252673,6481995627,65,up,258.807,172.853,25.881,6.521,0
2026-02-20 11:05:00,7848845469,5919268960,35,up,209.303,157.847,20.93,3.5698,0
2026-02-20 11:10:00,9899733730,4622394958,14,up,263.993,123.264,26.399,1.4418,0
2026-02-20 11:15:00,9334903332,5305167181,101,up,248.931,141.471,24.893,10.1679,0
2026-02-20 11:20:00,7557976707,6645479762,71,up,201.546,177.213,20.155,7.1674,0
2026-02-20 11:25:00,10685331773,4026892976,18,up,284.942,107.384,28.494,1.8211,0
2026-02-20 11:30:00,8548584476,6854947549,27,up,227.962,182.799,22.796,2.7256,0
2026-02-20 11:35:00,8463466008,6375285593,109,up,225.692,170.008,22.569,10.9667,0
2026-02-20 11:40:00,9600640346,6947646778,129,up,256.017,185.271,25.602,12.9568,0
2026-02-20 11:45:00,10667217018,5857030185,19,up,284.459,156.187,28.446,1.9121,0
2026-02-20 11:50:00,8232200453,4515788094,60,up,219.525,120.421,21.953,6.0147,0
2026-02-20 11:55:00,9444389831,6309861101,11,up,251.85,168.263,25.185,1.1504,0
2026-02-20 12:00:00,9857418562,6917750249,14,up,262.864,184.473,26.286,1.4877,0
2026-02-20 12:05:00,10154743808,6665799699,5,up,270.793,177.755,27.079,0.5764,0
2026-02-20 12:10:00,9573496749,5522862131,7,up,255.293,147.276,25.529,0.751,0
2026-02-20 12:15:00,6273465576,6062467974,70,up,167.292,161.666,16.729,7.0128,1
2026-02-20 12:20:00,8443961001,5616357886,22,up,225.172,149.77,22.517,2.2878,0
2026-02-20 12:25:00,9471911868,5410128145,8,up,252.584,144.27,25.258,0.8411,0
2026-02-20 12:30:00,8168843611,6687879771,16,up,217.836,178.343,21.784,1.6502,0
2026-02-20 12:35:00,6088480706,5137776735,14,up,162.359,137.007,16.236,1.4947,0
2026-02-20 12:40:00,6906290845,5356452169,65,up,184.168,142.839,18.417,6.553,1
2026-02-20 12:45:00,10391926696,5205101543,61,up,277.118,138.803,27.712,6.1478,0
2026-02-20 12:50:00,6716701010,4927021783,15,up,179.112,131.387,17.911,1.5711,0
2026-02-20 12:55:00,8239052957,6105418290,78,up,219.708,162.811,21.971,7.8478,0
2026-02-20 13:00:00,10071548543,6836282194,13,up,268.575,182.301,26.857,1.3425,0
2026-02-20 13:05:00,11689682403,5866888735,35,up,311.725,156.45,31.172,3.5274,0
2026-02-20 13:10:00,9398392921,4915861583,108,up,250.624,131.09,25.062,10.8822,0
2026-02-20 13:15:00,8555996691,6604760068,15,up,228.16,176.127,22.816,1.5832,0
2026-02-20 13:20:00,9169241503,7213705262,36,up,244.513,192.365,24.451,3.645,0
2026-02-20 13:25:00,10921735971,5534705526,11,up,291.246,147.592,29.125,1.1228,0
2026-02-20 13:30:00,8648290298,5655440927,9,up,230.621,150.812,23.062,0.9909,0
2026-02-20 13:35:00,8475908992,6371275653,27,up,226.024,169.901,22.602,2.7318,0
2026-02-20 13:40:00,8831913537,7167749098,124,up,235.518,191.14,23.552,12.4029,0
2026-02-20 13:45:00,8302505315,5625719415,19,up,221.4,150.019,22.14,1.9314,0
2026-02-20 13:50:00,9513004105,5040636157,88,up,253.68,134.417,25.368,8.8793,0
2026-02-20 13:55:00,11202763265,6454621396,78,up,298.74,172.123,29.874,7.8645,0
2026-02-20 14:00:00,9738464182,6575329012,9,up,259.692,175.342,25.969,0.9367,0
2026-02-20 14:05:00,9091102310,6004414644,16,up,242.429,160.118,24.243,1.6444,0
2026-02-20 14:10:00,9046712322,5598144053,32,up,241.246,149.284,24.125,3.2988,0
2026-02-20 14:15:00,7616410340,6715952686,23,up,203.104,179.092,20.31,2.3357,0
2026-02-20 14:20:00,10368498499,6380185923,3,up,276.493,170.138,27.649,0.3228,0
2026-02-20 14:25:00,9287433153,5446726427,162,up,247.665,145.246,24.766,16.2141,0
2026-02-20 14:30:00,9171960097,6035348206,44,up,244.586,160.943,24.459,4.4703,0
2026-02-20 14:35:00,12967246013,5026770576,18,up,345.793,134.047,34.579,1.8423,0
2026-02-20 14:40:00,9711097021,6493841128,30,up,258.963,173.169,25.896,3.0809,0
2026-02-20 14:45:00,8529235068,5811191830,2,up,227.446,154.965,22.745,0.2933,0
2026-02-20 14:50:00,8895347704,5686288200,21,up,237.209,151.634,23.721,2.1881,0
2026-02-20 14:55:00,10667001422,5976330370,85,up,284.453,159.369,28.445,8.5479,0
2026-02-20 15:00:00,9502429211,6029021543,72,up,253.398,160.774,25.34,7.2613,0
2026-02-20 15:05:00,7756937274,6644349644,13,up,206.852,177.183,20.685,1.317,0
2026-02-20 15:10:00,10409132551,6425585182,24,up,277.577,171.349,27.758,2.4254,0
2026-02-20 15:15:00,8623337903,5887385319,38,up,229.956,156.997,22.996,3.8249,0
2026-02-20 15:20:00,11482459998,6549841067,13,up,306.199,174.662,30.62,1.3297,0
2026-02-20 15:25:00,10590054073,6288530822,2,up,282.401,167.694,28.24,0.2147,0
2026-02-20 15:30:00,8871762867,5692848261,22,up,236.58,151.809,23.658,2.2531,0
2026-02-20 15:35:00,10816143406,5910202926,29,up,288.43,157.605,28.843,2.9452,0
2026-02-20 15:40:00,9451337449,5893279520,0,up,252.036,157.154,25.204,0.0187,0
2026-02-20 15:45:00,10334370384,6363788167,3,up,275.583,169.701,27.558,0.3215,0
2026-02-20 15:50:00,9920324419,5735743717,7,up,264.542,152.953,26.454,0.7434,0
2026-02-20 15:55:00,8422848763,5718905385,13,up,224.609,152.504,22.461,1.3689,0
2026-02-20 16:00:00,8651006438,7417505262,24,up,230.694,197.8,23.069,2.4922,0
2026-02-20 16:05:00,10533705919,6676609546,11,up,280.899,178.043,28.09,1.1133,0
2026-02-20 16:10:00,8998377751,5452367521,10,up,239.957,145.396,23.996,1.0343,0
2026-02-20 16:15:00,8920895478,6411077515,65,up,237.891,170.962,23.789,6.5127,0
2026-02-20 16:20:00,5810340968,6085212047,53,up,154.942,162.272,15.494,5.3251,1
2026-02-20 16:25:00,9851548948,6281916846,21,up,262.708,167.518,26.271,2.1891,0
2026-02-20 16:30:00,11695340534,6098885753,97,up,311.876,162.637,31.188,9.7724,0
2026-02-20 16:35:00,8174025471,6856542704,31,up,217.974,182.841,21.797,3.1388,0
2026-02-20 16:40:00,9402246888,6248846648,40,up,250.727,166.636,25.073,4.0417,0
2026-02-20 16:45:00,7674623687,5955296137,70,up,204.657,158.808,20.466,7.0994,1
2026-02-20 16:50:00,9285403434,6750377215,0,up,247.611,180.01,24.761,0.0644,0
2026-02-20 16:55:00,9883918270,6167965229,33,up,263.571,164.479,26.357,3.3242,0
2026-02-20 17:00:00,5725865096,6087464577,38,up,152.69,162.332,15.269,3.8526,1
2026-02-20 17:05:00,9856845484,6226096273,3,up,262.849,166.029,26.285,0.3744,0
2026-02-20 17:10:00,9164462701,5932601503,19,up,244.386,158.203,24.439,1.9846,0
2026-02-20 17:15:00,10483946245,6006643434,79,up,279.572,160.177,27.957,7.9007,0
2026-02-20 17:20:00,10710809308,5577579896,7,up,285.622,148.735,28.562,0.7345,0
2026-02-20 17:25:00,12288259097,5459159601,19,up,327.687,145.578,32.769,1.9783,0
2026-02-20 17:30:00,10027087319,5281029321,19,up,267.389,140.827,26.739,1.9783,0
2026-02-20 17:35:00,6819064599,4997772033,66,up,181.842,133.274,18.184,6.6864,1
2026-02-20 17:40:00,9593682339,5366603499,55,up,255.832,143.109,25.583,5.5698,0
2026-02-20 17:45:00,8977687920,5874527735,45,up,239.405,156.654,23.941,4.557,0
2026-02-20 17:50:00,9755794323,6074244659,14,up,260.155,161.98,26.015,1.4555,0
2026-02-20 17:55:00,9042673413,5804666474,2,up,241.138,154.791,24.114,0.2392,0
2026-02-20 18:00:00,9564518598,4303893487,13,up,255.054,114.77,25.505,1.376,0
2026-02-20 18:05:00,7600108059,7133702177,56,up,202.67,190.232,20.267,5.6933,1
2026-02-20 18:10:00,8242639614,6782265688,38,up,219.804,180.86,21.98,3.8821,0
2026-02-20 18:15:00,10657363381,6320947092,107,up,284.196,168.559,28.42,10.7277,0
2026-02-20 18:20:00,10856754450,7373393284,19,up,289.513,196.624,28.951,1.9343,0
2026-02-20 18:25:00,9242172907,5296297835,32,up,246.458,141.235,24.646,3.2027,0
2026-02-20 18:30:00,6987913238,7359090086,24,up,186.344,196.242,18.634,2.4793,0
2026-02-20 18:35:00,8691200264,5305045864,5,up,231.765,141.468,23.177,0.5224,0
2026-02-20 18:40:00,7583883205,6171891306,54,up,202.237,164.584,20.224,5.4394,1
2026-02-20 18:45:00,9349273429,5082837125,25,up,249.314,135.542,24.931,2.5187,0
2026-02-20 18:50:00,8250784988,6010579748,96,up,220.021,160.282,22.002,9.6347,0
2026-02-20 18:55:00,8807128213,6278039878,14,up,234.857,167.414,23.486,1.461,0
2026-02-20 19:00:00,10320697529,5888622961,125,up,275.219,157.03,27.522,12.5344,0
2026-02-20 19:05:00,9990075264,6513991759,25,up,266.402,173.706,26.64,2.5009,0
2026-02-20 19:10:00,9106201388,6071290403,8,up,242.832,161.901,24.283,0.8886,0
2026-02-20 19:15:00,8962322536,5623861395,6,up,238.995,149.97,23.9,0.6809,0
2026-02-20 19:20:00,8934272082,5591894411,4,up,238.247,149.117,23.825,0.4889,0
2026-02-20 19:25:00,8337288542,6583857916,19,up,222.328,175.57,22.233,1.9302,0
2026-02-20 19:30:00,11192297650,5529305738,0,up,298.461,147.448,29.846,0.0709,0
2026-02-20 19:35:00,9012389472,6659090138,18,up,240.33,177.576,24.033,1.8844,0
2026-02-20 19:40:00,10744303335,6880352490,142,up,286.515,183.476,28.651,14.2629,0
2026-02-20 19:45:00,11086480558,4798526019,35,up,295.639,127.961,29.564,3.5488,0
2026-02-20 19:50:00,10498099760,6815706998,45,up,279.949,181.752,27.995,4.5639,0
2026-02-20 19:55:00,6222599003,7483504342,48,up,165.936,199.56,16.594,4.8963,1
2026-02-20 20:00:00,9829196351,6181442708,20,up,262.112,164.838,26.211,2.0504,0
2026-02-20 20:05:00,9347779942,6431340613,10,up,249.274,171.502,24.927,1.079,0
2026-02-20 20:10:00,8358335406,6746643833,71,up,222.889,179.911,22.289,7.1848,0
2026-02-20 20:15:00,9739904191,5801652733,6,up,259.731,154.711,25.973,0.6401,0
2026-02-20 20:20:00,8048580234,6131241760,19,up,214.629,163.5,21.463,1.9643,0
2026-02-20 20:25:00,10711139312,5053776338,28,up,285.63,134.767,28.563,2.8379,0
2026-02-20 20:30:00,8852305540,6099817220,23,up,236.061,162.662,23.606,2.3092,0
2026-02-20 20:35:00,9601304612,6358640636,56,up,256.035,169.564,25.603,5.6748,0
2026-02-20 20:40:00,9693698855,6371637376,8,up,258.499,169.91,25.85,0.8424,0
2026-02-20 20:45:00,9083731904,6767105800,15,up,242.233,180.456,24.223,1.5163,0
2026-02-20 20:50:00,10035030526,5442142431,50,up,267.601,145.124,26.76,5.026,0
2026-02-20 20:55:00,8840733386,5616523135,24,up,235.753,149.774,23.575,2.403,0
2026-02-20 21:00:00,10355209459,7364765289,16,up,276.139,196.394,27.614,1.646,0
2026-02-20 21:05:00,7860772859,5891763570,0,up,209.621,157.114,20.962,0.0956,0
2026-02-20 21:10:00,9517177026,6144024326,44,up,253.791,163.841,25.379,4.4798,0
2026-02-20 21:15:00,11556295123,5951752769,114,up,308.168,158.713,30.817,11.4626,0
2026-02-20 21:20:00,8249627259,5408389805,30,up,219.99,144.224,21.999,3.0987,0
2026-02-20 21:25:00,8612536908,7168941031,62,up,229.668,191.172,22.967,6.2135,0
2026-02-20 21:30:00,9953146330,5620054983,23,up,265.417,149.868,26.542,2.3279,0
2026-02-20 21:35:00,9577029504,5188354422,8,up,255.387,138.356,25.539,0.8434,0
2026-02-20 21:40:00,9769458861,5675467000,0,up,260.519,151.346,26.052,0.0466,0
2026-02-20 21:45:00,6947734864,4558771678,78,up,185.273,121.567,18.527,7.8891,1
2026-02-20 21:50:00,10089061652,5531073025,21,up,269.042,147.495,26.904,2.1743,0
2026-02-20 21:55:00,10623412322,5302947409,48,up,283.291,141.412,28.329,4.8759,0
2026-02-20 22:00:00,9836045989,6444548614,37,up,262.295,171.855,26.229,3.7965,0
2026-02-20 22:05:00,9103585138,5515141747,141,up,242.762,147.07,24.276,14.1404,0
2026-02-20 22:10:00,10131645413,6639218833,22,up,270.177,177.046,27.018,2.2848,0
2026-02-20 22:15:00,11512367176,7006908475,17,up,306.996,186.851,30.7,1.783,0
2026-02-20 22:20:00,9225787035,6562446242,10,up,246.021,174.999,24.602,1.0813,0
2026-02-20 22:25:00,8278654532,5844920432,20,up,220.764,155.865,22.076,2.0733,0
2026-02-20 22:30:00,10620465752,6101602437,66,up,283.212,162.709,28.321,6.6002,0
2026-02-20 22:35:00,9239571190,4902010843,1,up,246.389,130.72,24.639,0.1388,0
2026-02-20 22:40:00,6930746760,5903678851,121,up,184.82,157.431,18.482,12.199,0
2026-02-20 22:45:00,10328349386,5380484302,160,up,275.423,143.48,27.542,16.0215,0
2026-02-20 22:50:00,8772755790,6499914994,29,up,233.94,173.331,23.394,2.9147,0
2026-02-20 22:55:00,9273150057,7852381720,12,up,247.284,209.397,24.728,1.2889,0
2026-02-20 23:00:00,9748477871,6359871577,8,up,259.959,169.597,25.996,0.8076,0
2026-02-20 23:05:00,9589312139,4566379092,10,up,255.715,121.77,25.571,1.0357,0
2026-02-20 23:10:00,10173133294,5739914261,1,up,271.284,153.064,27.128,0.1645,0
2026-02-20 23:15:00,8885077833,6088193466,20,up,236.935,162.352,23.694,2.0626,0
2026-02-20 23:20:00,9952244022,6062897346,1,up,265.393,161.677,26.539,0.1889,0
2026-02-20 23:25:00,9083009987,5473814549,40,up,242.214,145.968,24.221,4.0561,0
2026-02-20 23:30:00,10206161790,6176610054,14,up,272.164,164.71,27.216,1.4883,0
2026-02-20 23:35:00,10067288419,5105399397,7,up,268.461,136.144,26.846,0.7115,0
2026-02-20 23:40:00,8322631460,5319665719,25,up,221.937,141.858,22.194,2.5188,0
2026-02-20 23:45:00,10596729880,6464974301,116,up,282.579,172.399,28.258,11.6494,0
2026-02-20 23:50:00,6140428786,5268722473,46,up,163.745,140.499,16.374,4.6025,1
2026-02-20 23:55:00,10284065023,6387512355,21,up,274.242,170.334,27.424,2.1657,0
2026-02-21 00:00:00,9788198227,5013986082,48,up,261.019,133.706,26.102,4.8006,0
2026-02-21 00:05:00,11442956636,7270674636,42,up,305.146,193.885,30.515,4.2797,0
2026-02-21 00:10:00,9123600769,5442525655,71,up,243.296,145.134,24.33,7.1142,0
2026-02-21 00:15:00,8982018604,5838960068,7,up,239.52,155.706,23.952,0.7328,0
2026-02-21 00:20:00,9353152943,6238041547,62,up,249.417,166.348,24.942,6.266,0
2026-02-21 00:25:00,9033922744,5592948034,11,up,240.905,149.145,24.09,1.1461,0
2026-02-21 00:30:00,10274934639,6103252291,90,up,273.998,162.753,27.4,9.0566,0
2026-02-21 00:35:00,7556650565,6414256841,10,up,201.511,171.047,20.151,1.056,0
2026-02-21 00:40:00,8189607278,6691641527,83,up,218.39,178.444,21.839,8.3687,0
2026-02-21 00:45:00,8173721713,6569878153,106,up,217.966,175.197,21.797,10.619,0
2026-02-21 00:50:00,10444096040,5876296466,5,up,278.509,156.701,27.851,0.5031,0
2026-02-21 00:55:00,7909608030,5894425122,43,up,210.923,157.185,21.092,4.3821,1
2026-02-21 01:00:00,9257494629,7691358161,2,up,246.867,205.103,24.687,0.2868,0
2026-02-21 01:05:00,9185075561,6683920129,7,up,244.935,178.238,24.494,0.7892,0
2026-02-21 01:10:00,9453808683,5336286967,18,up,252.102,142.301,25.21,1.8793,0
2026-02-21 01:15:00,10682113090,6071991477,161,up,284.856,161.92,28.486,16.1633,0
2026-02-21 01:20:00,8331727724,5758696940,21,up,222.179,153.565,22.218,2.1457,0
2026-02-21 01:25:00,9643165105,5902559351,25,up,257.151,157.402,25.715,2.5581,0
2026-02-21 01:30:00,10472097333,5114763486,37,up,279.256,136.394,27.926,3.7938,0
2026-02-21 01:35:00,9938730941,5703415271,110,up,265.033,152.091,26.503,11.044,0
2026-02-21 01:40:00,9588279318,7304320156,48,up,255.687,194.782,25.569,4.8943,0
2026-02-21 01:45:00,10501176854,6416934936,8,up,280.031,171.118,28.003,0.8122,0
2026-02-21 01:50:00,6333863670,4206363786,11,up,168.903,112.17,16.89,1.1551,0
2026-02-21 01:55:00,10137609734,6876040914,3,up,270.336,183.361,27.034,0.3287,0
2026-02-21 02:00:00,8639164856,6784533256,33,up,230.378,180.921,23.038,3.3091,0
2026-02-21 02:05:00,7315537991,5741314580,6,up,195.081,153.102,19.508,0.6379,0
2026-02-21 02:10:00,9950102924,6516429751,9,up,265.336,173.771,26.534,0.9523,0
2026-02-21 02:15:00,10920365863,5381232568,70,up,291.21,143.5,29.121,7.0089,0
2026-02-21 02:20:00,9220370421,5661415884,12,up,245.877,150.971,24.588,1.2661,0
2026-02-21 02:25:00,10446983865,7078953379,26,up,278.586,188.772,27.859,2.6758,0
2026-02-21 02:30:00,7832169128,5804354371,75,up,208.858,154.783,20.886,7.5186,1
2026-02-21 02:35:00,10854278760,4653793203,2,up,289.447,124.101,28.945,0.2461,0
2026-02-21 02:40:00,7853972066,5954421679,51,up,209.439,158.785,20.944,5.1699,1
2026-02-21 02:45:00,10209893427,5943416357,16,up,272.264,158.491,27.226,1.678,0
2026-02-21 02:50:00,9459862843,6862825369,72,up,252.263,183.009,25.226,7.2336,0
2026-02-21 02:55:00,7572788461,6010322223,12,up,201.941,160.275,20.194,1.2551,0
2026-02-21 03:00:00,9098179700,5696460735,15,up,242.618,151.906,24.262,1.5258,0
2026-02-21 03:05:00,8426347580,6752440424,48,up,224.703,180.065,22.47,4.8876,0
2026-02-21 03:10:00,11817310557,6086968967,45,up,315.128,162.319,31.513,4.5529,0
2026-02-21 03:15:00,9177128461,5459983669,51,up,244.723,145.6,24.472,5.1229,0
2026-02-21 03:20:00,9513605407,6831598243,98,up,253.696,182.176,25.37,9.8373,0
2026-02-21 03:25:00,9995421048,6139436470,50,up,266.545,163.718,26.654,5.0799,0
2026-02-21 03:30:00,9424052752,6002106696,16,up,251.308,160.056,25.131,1.6755,0
2026-02-21 03:35:00,11281932420,6128094041,55,up,300.852,163.416,30.085,5.5143,0
2026-02-21 03:40:00,8674519468,5229118772,22,up,231.321,139.443,23.132,2.2741,0
2026-02-21 03:45:00,9593933387,5620089281,10,up,255.838,149.869,25.584,1.0411,0
2026-02-21 03:50:00,8539720591,6002579473,11,up,227.726,160.069,22.773,1.1547,0
2026-02-21 03:55:00,7889974674,5859842139,8,up,210.399,156.262,21.04,0.8109,0
2026-02-21 04:00:00,8686759772,6916148435,5,up,231.647,184.431,23.165,0.5013,0
2026-02-21 04:05:00,9333333603,6156532213,6,up,248.889,164.174,24.889,0.6526,0
2026-02-21 04:10:00,8892034997,6615530824,2,up,237.121,176.414,23.712,0.2088,0
2026-02-21 04:15:00,8596026397,6006764655,70,up,229.227,160.18,22.923,7.0185,0
2026-02-21 04:20:00,7792892853,6760527708,85,up,207.81,180.281,20.781,8.556,0
2026-02-21 04:25:00,9281506230,6286219984,28,up,247.507,167.633,24.751,2.828,0
2026-02-21 04:30:00,7682189579,6009662749,58,up,204.858,160.258,20.486,5.8741,0
2026-02-21 04:35:00,10230062959,5990436175,6,up,272.802,159.745,27.28,0.649,0
2026-02-21 04:40:00,9467744722,5312804189,74,up,252.473,141.675,25.247,7.4223,0
2026-02-21 04:45:00,7735254563,6364979318,22,up,206.273,169.733,20.627,2.259,0
2026-02-21 04:50:00,9027139788,5971052591,2,up,240.724,159.228,24.072,0.2225,0
2026-02-21 04:55:00,8528824043,5638565788,4,up,227.435,150.362,22.744,0.4875,0
2026-02-21 05:00:00,9734071324,6796652474,11,up,259.575,181.244,25.958,1.1827,0
2026-02-21 05:05:00,10883006751,5099844461,1,up,290.214,135.996,29.021,0.1425,0
2026-02-21 05:10:00,7265430971,5695802955,11,up,193.745,151.888,19.374,1.1841,0
2026-02-21 05:15:00,9504404339,6739957499,1,up,253.451,179.732,25.345,0.1978,0
2026-02-21 05:20:00,6436395423,6227176517,68,up,171.637,166.058,17.164,6.8281,1
2026-02-21 05:25:00,10130257586,5965541572,9,up,270.14,159.081,27.014,0.9881,0
2026-02-21 05:30:00,9614846206,6180722551,165,up,256.396,164.819,25.64,16.5743,0
2026-02-21 05:35:00,8529034501,6129178203,8,up,227.441,163.445,22.744,0.8595,0
2026-02-21 05:40:00,9016064322,4908002966,8,up,240.428,130.88,24.043,0.8748,0
2026-02-21 05:45:00,8479470911,5748531442,37,up,226.119,153.294,22.612,3.7148,0
2026-02-21 05:50:00,7409855621,7163895591,76,up,197.596,191.037,19.76,7.6891,1
2026-02-21 05:55:00,9398975604,5525286622,15,up,250.639,147.341,25.064,1.5663,0
2026-02-21 06:00:00,11513839521,5770823269,66,up,307.036,153.889,30.704,6.6701,0
2026-02-21 06:05:00,9306756584,5610033050,13,up,248.18,149.601,24.818,1.3303,0
2026-02-21 06:10:00,6004629671,5937349039,75,up,160.123,158.329,16.012,7.5919,1
2026-02-21 06:15:00,7672071308,5580151561,12,up,204.589,148.804,20.459,1.2798,0
2026-02-21 06:20:00,7346467864,6350453881,30,up,195.906,169.345,19.591,3.0079,0
2026-02-21 06:25:00,7592847064,6142065656,14,up,202.476,163.788,20.248,1.464,0
2026-02-21 06:30:00,6772862237,6556954282,62,up,180.61,174.852,18.061,6.2094,1
2026-02-21 06:35:00,9947315651,5243322360,8,up,265.262,139.822,26.526,0.8653,0
2026-02-21 06:40:00,7596160460,5754954852,38,up,202.564,153.465,20.256,3.8633,0
2026-02-21 06:45:00,10381918103,5837479705,13,up,276.851,155.666,27.685,1.3659,0
2026-02-21 06:50:00,8831556316,6328065775,19,up,235.508,168.748,23.551,1.9474,0
2026-02-21 06:55:00,9540142138,5428880738,26,up,254.404,144.77,25.44,2.6108,0
2026-02-21 07:00:00,11188748206,6659270739,37,up,298.367,177.581,29.837,3.7091,0
2026-02-21 07:05:00,10383944230,6854219225,8,up,276.905,182.779,27.691,0.8728,0
2026-02-21 07:10:00,9072903021,5288011909,57,up,241.944,141.014,24.194,5.7842,0
2026-02-21 07:15:00,8372408746,5646571515,40,up,223.264,150.575,22.326,4.0946,0
2026-02-21 07:20:00,6954207673,5617009314,8,up,185.446,149.787,18.545,0.8534,0
2026-02-21 07:25:00,5996166761,7895318067,61,up,159.898,210.542,15.99,6.1425,1
2026-02-21 07:30:00,9137478481,5690471924,34,up,243.666,151.746,24.367,3.4977,0
2026-02-21 07:35:00,8264423031,7207890318,19,up,220.385,192.21,22.038,1.9272,0
2026-02-21 07:40:00,9227335912,5088024963,5,up,246.062,135.681,24.606,0.5485,0
2026-02-21 07:45:00,9461458368,5287451304,24,up,252.306,140.999,25.231,2.4381,0
2026-02-21 07:50:00,9122037020,5505644737,5,up,243.254,146.817,24.325,0.5762,0
2026-02-21 07:55:00,8643747096,5391103695,17,up,230.5,143.763,23.05,1.7959,0
2026-02-21 08:00:00,9564736505,5807112911,16,up,255.06,154.856,25.506,1.6814,0
2026-02-21 08:05:00,9872183230,5489679694,40,up,263.258,146.391,26.326,4.0728,0
2026-02-21 08:10:00,8148301037,5410074053,6,up,217.288,144.269,21.729,0.6837,0
2026-02-21 08:15:00,10962298927,6834099837,55,up,292.328,182.243,29.233,5.5208,0
2026-02-21 08:20:00,9264088351,6881131408,12,up,247.042,183.497,24.704,1.2631,0
2026-02-21 08:25:00,9396205825,6683493478,18,up,250.565,178.226,25.057,1.8783,0
2026-02-21 08:30:00,10171741226,6377279248,47,up,271.246,170.061,27.125,4.7357,0
2026-02-21 08:35:00,9637368147,6066775007,31,up,256.996,161.781,25.7,3.142,0
2026-02-21 08:40:00,10447278713,5642137902,11,up,278.594,150.457,27.859,1.1783,0
2026-02-21 08:45:00,9698014685,5313726596,15,up,258.614,141.699,25.861,1.5619,0
2026-02-21 08:50:00,8686007953,6261356906,11,up,231.627,166.97,23.163,1.1679,0
2026-02-21 08:55:00,9781691465,5154986117,28,up,260.845,137.466,26.085,2.8906,0
2026-02-21 09:00:00,8088308016,5284376930,12,up,215.688,140.917,21.569,1.2941,0
2026-02-21 09:05:00,9497129668,6830097544,41,up,253.257,182.136,25.326,4.1393,0
2026-02-21 09:10:00,9337616260,7368467310,27,up,249.003,196.492,24.9,2.7744,0
2026-02-21 09:15:00,9140868535,6283172499,5,up,243.756,167.551,24.376,0.5039,0
2026-02-21 09:20:00,6461276709,6796649149,57,up,172.301,181.244,17.23,5.7994,1
2026-02-21 09:25:00,7257919823,5822989211,8,up,193.545,155.28,19.354,0.801,0
2026-02-21 09:30:00,8757684478,5036874586,15,up,233.538,134.317,23.354,1.5834,0
2026-02-21 09:35:00,9479450513,6440763565,23,up,252.785,171.754,25.279,2.322,0
2026-02-21 09:40:00,9554838440,6409888312,22,up,254.796,170.93,25.48,2.2616,0
2026-02-21 09:45:00,5753205826,6051601358,63,up,153.419,161.376,15.342,6.3667,1
2026-02-21 09:50:00,10798921320,5825489670,6,up,287.971,155.346,28.797,0.671,0
2026-02-21 09:55:00,8400553295,6692791616,93,up,224.015,178.474,22.401,9.3682,0
2026-02-21 10:00:00,10465639350,5290272215,13,up,279.084,141.074,27.908,1.3435,0
2026-02-21 10:05:00,9855593657,5442877983,11,up,262.816,145.143,26.282,1.1425,0
2026-02-21 10:10:00,8647994276,5274163315,36,up,230.613,140.644,23.061,3.6984,0
2026-02-21 10:15:00,11372224754,6061180533,52,up,303.259,161.631,30.326,5.2397,0
2026-02-21 10:20:00,8032158564,5216717031,15,up,214.191,139.112,21.419,1.5218,0
2026-02-21 10:25:00,10409048445,5507345630,43,up,277.575,146.863,27.757,4.396,0
2026-02-21 10:30:00,10500655107,5491855995,68,up,280.017,146.449,28.002,6.8861,0
2026-02-21 10:35:00,8620552264,5812362000,46,up,229.881,154.996,22.988,4.6588,0
2026-02-21 10:40:00,10941523462,4929090398,1,up,291.774,131.442,29.177,0.1113,0
2026-02-21 10:45:00,6365588369,6062787594,61,up,169.749,161.674,16.975,6.1482,1
2026-02-21 10:50:00,9699780332,6898058628,47,up,258.661,183.948,25.866,4.7659,0
2026-02-21 10:55:00,9667862068,6097553788,35,up,257.81,162.601,25.781,3.5408,0
2026-02-21 11:00:00,9223902665,7109751224,45,up,245.971,189.593,24.597,4.5671,0
2026-02-21 11:05:00,10287159307,6960478693,124,up,274.324,185.613,27.432,12.4278,0
2026-02-21 11:10:00,10267674810,6559969234,18,up,273.805,174.933,27.38,1.805,0
2026-02-21 11:15:00,7407901530,6053773806,2,up,197.544,161.434,19.754,0.2227,0
2026-02-21 11:20:00,10842382773,6016200279,19,up,289.13,160.432,28.913,1.9771,0
2026-02-21 11:25:00,7504696513,6549935836,1,up,200.125,174.665,20.013,0.1521,0
2026-02-21 11:30:00,10536614479,5717997161,11,up,280.976,152.48,28.098,1.1152,0
2026-02-21 11:35:00,10642543278,4644585058,28,up,283.801,123.856,28.38,2.8289,0
2026-02-21 11:40:00,8147662766,6354242918,11,up,217.271,169.446,21.727,1.1857,0
2026-02-21 11:45:00,8912833926,5185630586,37,up,237.676,138.283,23.768,3.7006,0
2026-02-21 11:50:00,8131082247,5307258315,55,up,216.829,141.527,21.683,5.5229,0
2026-02-21 11:55:00,9133213840,6000161242,17,up,243.552,160.004,24.355,1.7456,0
2026-02-21 12:00:00,9028461430,5931510088,73,up,240.759,158.174,24.076,7.3727,0
2026-02-21 12:05:00,10252118098,4983305563,2,up,273.39,132.888,27.339,0.2663,0
2026-02-21 12:10:00,10849097339,6119153926,58,up,289.309,163.177,28.931,5.8665,0
2026-02-21 12:15:00,10945144287,6695620555,56,up,291.871,178.55,29.187,5.6435,0
2026-02-21 12:20:00,8742560970,5187594069,12,up,233.135,138.336,23.313,1.2435,0
2026-02-21 12:25:00,9139625392,6916187998,11,up,243.723,184.432,24.372,1.1355,0
2026-02-21 12:30:00,7481132033,4876677005,11,up,199.497,130.045,19.95,1.1647,0
2026-02-21 12:35:00,8468396175,7524473383,53,up,225.824,200.653,22.582,5.3379,0
2026-02-21 12:40:00,10460458087,5703892490,57,up,278.946,152.104,27.895,5.7015,0
2026-02-21 12:45:00,11192530676,6104844237,12,up,298.467,162.796,29.847,1.2802,0
2026-02-21 12:50:00,7986357519,4637735827,28,up,212.97,123.673,21.297,2.8734,0
2026-02-21 12:55:00,8708477708,5955262032,4,up,232.226,158.807,23.223,0.4787,0
2026-02-21 13:00:00,9345293523,6164507167,20,up,249.208,164.387,24.921,2.0242,0
2026-02-21 13:05:00,9690181303,5937963285,215,up,258.405,158.346,25.84,21.5024,0
2026-02-21 13:10:00,8464196040,5594581624,5,up,225.712,149.189,22.571,0.5535,0
2026-02-21 13:15:00,9852068675,5318473546,94,up,262.722,141.826,26.272,9.434,0
2026-02-21 13:20:00,8841930734,6813979166,55,up,235.785,181.706,23.578,5.5639,0
2026-02-21 13:25:00,9358741195,6022181137,114,up,249.566,160.591,24.957,11.4664,0
2026-02-21 13:30:00,9989569779,7109341711,6,up,266.389,189.582,26.639,0.6334,0
2026-02-21 13:35:00,9382225053,5620932704,7,up,250.193,149.892,25.019,0.7686,0
2026-02-21 13:40:00,8884065873,5686947820,0,up,236.908,151.652,23.691,0.0544,0
2026-02-21 13:45:00,9251688970,6587227856,41,up,246.712,175.659,24.671,4.1277,0
2026-02-21 13:50:00,9275591670,4831458027,33,up,247.349,128.839,24.735,3.3059,0
2026-02-21 13:55:00,8958737591,5126306380,6,up,238.9,136.702,23.89,0.6275,0
2026-02-21 14:00:00,9083854429,6790189179,50,up,242.236,181.072,24.224,5.0116,0
2026-02-21 14:05:00,11173478066,5156207570,11,up,297.959,137.499,29.796,1.1377,0
2026-02-21 14:10:00,10006034378,4690283268,4,up,266.828,125.074,26.683,0.4641,0
2026-02-21 14:15:00,6329809249,7345339575,67,up,168.795,195.876,16.879,6.7984,1
2026-02-21 14:20:00,7111351593,4996451293,62,up,189.636,133.239,18.964,6.2033,1
2026-02-21 14:25:00,6299617151,6132565966,72,up,167.99,163.535,16.799,7.29,1
2026-02-21 14:30:00,10694765217,6049741338,14,up,285.194,161.326,28.519,1.4853,0
2026-02-21 14:35:00,6853593226,3976347612,65,up,182.762,106.036,18.276,6.5436,1
2026-02-21 14:40:00,9254285087,5807531743,50,up,246.781,154.868,24.678,5.0331,0
2026-02-21 14:45:00,9878681541,6322857539,18,up,263.432,168.61,26.343,1.8712,0
2026-02-21 14:50:00,7607764328,6255102754,41,up,202.874,166.803,20.287,4.1262,0
2026-02-21 14:55:00,8107386597,6650534892,26,up,216.197,177.348,21.62,2.6907,0
2026-02-21 15:00:00,8031834367,5721006253,13,up,214.182,152.56,21.418,1.3337,0
2026-02-21 15:05:00,9535810981,6513003198,41,up,254.288,173.68,25.429,4.1413,0
2026-02-21 15:10:00,11324079374,5503683070,36,up,301.975,146.765,30.198,3.6814,0
2026-02-21 15:15:00,11885212664,4984463460,30,up,316.939,132.919,31.694,3.0887,0
2026-02-21 15:20:00,10092807489,5065635569,30,up,269.142,135.084,26.914,3.0791,0
2026-02-21 15:25:00,9938450034,4947280472,36,up,265.025,131.927,26.503,3.6761,0
2026-02-21 15:30:00,7348810049,6726901896,15,up,195.968,179.384,19.597,1.5533,0
2026-02-21 15:35:00,8764491975,4909507073,65,up,233.72,130.92,23.372,6.506,0
2026-02-21 15:40:00,8488743279,6197307965,5,up,226.366,165.262,22.637,0.5667,0
2026-02-21 15:45:00,8676546451,5808534580,68,up,231.375,154.894,23.137,6.8902,0
2026-02-21 15:50:00,9185838204,5926093027,13,up,244.956,158.029,24.496,1.3407,0
2026-02-21 15:55:00,8843898100,6981797252,4,up,235.837,186.181,23.584,0.4274,0
2026-02-21 16:00:00,7148287713,5684332295,29,up,190.621,151.582,19.062,2.9323,0
2026-02-21 16:05:00,10216399038,6440353124,15,up,272.437,171.743,27.244,1.5091,0
2026-02-21 16:10:00,8168164096,6027045612,54,up,217.818,160.721,21.782,5.4083,0
2026-02-21 16:15:00,9644152722,5890546387,18,up,257.177,157.081,25.718,1.8032,0
2026-02-21 16:20:00,11708343003,7655977769,35,up,312.222,204.159,31.222,3.5338,0
2026-02-21 16:25:00,8340692334,4962233943,11,up,222.418,132.326,22.242,1.1793,0
2026-02-21 16:30:00,6528426536,6928174921,7,up,174.091,184.751,17.409,0.7521,0
2026-02-21 16:35:00,9053245250,6472612727,15,up,241.42,172.603,24.142,1.5715,0
2026-02-21 16:40:00,10613579589,5654742003,29,up,283.029,150.793,28.303,2.9871,0
2026-02-21 16:45:00,11578140885,7173109332,34,up,308.75,191.283,30.875,3.4236,0
2026-02-21 16:50:00,7991756706,4669360719,27,up,213.114,124.516,21.311,2.7624,0
2026-02-21 16:55:00,9933786626,5624328006,141,up,264.901,149.982,26.49,14.168,0
2026-02-21 17:00:00,8851525736,5129892812,37,up,236.041,136.797,23.604,3.7591,0
2026-02-21 17:05:00,9255808101,6296700094,85,up,246.822,167.912,24.682,8.5799,0
2026-02-21 17:10:00,12349886265,5198593847,4,up,329.33,138.629,32.933,0.4016,0
2026-02-21 17:15:00,7684158380,6311806041,2,up,204.911,168.315,20.491,0.2027,0
2026-02-21 17:20:00,9660457119,5865765780,11,up,257.612,156.42,25.761,1.192,0
2026-02-21 17:25:00,9901154818,5654865161,4,up,264.031,150.796,26.403,0.47,0
2026-02-21 17:30:00,10596509615,6279826017,23,up,282.574,167.462,28.257,2.3881,0
2026-02-21 17:35:00,9485231047,5806592430,23,up,252.939,154.842,25.294,2.3419,0
2026-02-21 17:40:00,9721556856,5216182912,27,up,259.242,139.098,25.924,2.7385,0
2026-02-21 17:45:00,8934395361,8016988552,43,up,238.251,213.786,23.825,4.3756,0
2026-02-21 17:50:00,9677767808,5649239628,113,up,258.074,150.646,25.807,11.3661,0
2026-02-21 17:55:00,8988908690,4403321462,67,up,239.704,117.422,23.97,6.7387,0
2026-02-21 18:00:00,10074268376,5393688943,4,up,268.647,143.832,26.865,0.4031,0
2026-02-21 18:05:00,8959188371,5087560784,13,up,238.912,135.668,23.891,1.3225,0
2026-02-21 18:10:00,9799237943,6594824843,9,up,261.313,175.862,26.131,0.9455,0
2026-02-21 18:15:00,9342079334,6231589914,6,up,249.122,166.176,24.912,0.6226,0
2026-02-21 18:20:00,10641806532,6287073217,25,up,283.782,167.655,28.378,2.5179,0
2026-02-21 18:25:00,9317182060,5733583824,25,up,248.458,152.896,24.846,2.5785,0
2026-02-21 18:30:00,7380338473,5798867822,8,up,196.809,154.636,19.681,0.8249,0
2026-02-21 18:35:00,7556263181,5732929605,71,up,201.5,152.878,20.15,7.1931,1
2026-02-21 18:40:00,8356051161,5941540907,42,up,222.828,158.441,22.283,4.2246,0
2026-02-21 18:45:00,8639512869,6601440073,0,up,230.387,176.038,23.039,0.0679,0
2026-02-21 18:50:00,8704881044,6241974297,16,up,232.13,166.453,23.213,1.6121,0
2026-02-21 18:55:00,10921242854,6360081237,70,up,291.233,169.602,29.123,7.0674,0
2026-02-21 19:00:00,6972366509,6359682413,23,up,185.93,169.592,18.593,2.3508,0
2026-02-21 19:05:00,12904967100,6636798554,13,up,344.132,176.981,34.413,1.3668,0
2026-02-21 19:10:00,10563063910,6207468029,9,up,281.682,165.532,28.168,0.9363,0
2026-02-21 19:15:00,9626143778,6258370612,8,up,256.697,166.89,25.67,0.8924,0
2026-02-21 19:20:00,9313244249,6855940493,3,up,248.353,182.825,24.835,0.3363,0
2026-02-21 19:25:00,9696248334,5521166939,54,up,258.567,147.231,25.857,5.4384,0
2026-02-21 19:30:00,9961262731,5383865342,2,up,265.634,143.57,26.563,0.2901,0
2026-02-21 19:35:00,10100867534,5146136448,11,up,269.356,137.23,26.936,1.1063,0
2026-02-21 19:40:00,10000055024,6131698485,1,up,266.668,163.512,26.667,0.1496,0
2026-02-21 19:45:00,9475778266,4665312786,48,up,252.687,124.408,25.269,4.8654,0
2026-02-21 19:50:00,9152994277,6332750949,1,up,244.08,168.873,24.408,0.1282,0
2026-02-21 19:55:00,9204817555,5921380971,11,up,245.462,157.903,24.546,1.1795,0
2026-02-21 20:00:00,9155728184,6816940583,27,up,244.153,181.785,24.415,2.7253,0
2026-02-21 20:05:00,10650491358,5516219536,16,up,284.013,147.099,28.401,1.686,0
2026-02-21 20:10:00,10042751312,5853610834,10,up,267.807,156.096,26.781,1.0613,0
2026-02-21 20:15:00,6067062786,6807986399,10,up,161.788,181.546,16.179,1.0299,0
2026-02-21 20:20:00,10112888373,6995857665,51,up,269.677,186.556,26.968,5.115,0
2026-02-21 20:25:00,9594078219,5510290296,116,up,255.842,146.941,25.584,11.6762,0
2026-02-21 20:30:00,9353952648,6130882487,13,up,249.439,163.49,24.944,1.3689,0
2026-02-21 20:35:00,8937916740,6211981663,1,up,238.344,165.653,23.834,0.1278,0
2026-02-21 20:40:00,10639626809,6269030452,1,up,283.723,167.174,28.372,0.1192,0
2026-02-21 20:45:00,10440967269,5810945525,45,up,278.426,154.959,27.843,4.5563,0
2026-02-21 20:50:00,8505512623,6922596046,25,up,226.814,184.603,22.681,2.5721,0
2026-02-21 20:55:00,9832933823,4639413491,48,up,262.212,123.718,26.221,4.8979,0
2026-02-21 21:00:00,8281886173,5696786230,38,up,220.85,151.914,22.085,3.8261,0
2026-02-21 21:05:00,7822929564,6322510127,76,up,208.611,168.6,20.861,7.618,0
2026-02-21 21:10:00,8669943122,6329201864,69,up,231.198,168.779,23.12,6.9441,0
2026-02-21 21:15:00,10345192656,6973986502,49,up,275.872,185.973,27.587,4.9687,0
2026-02-21 21:20:00,10447265676,6862722283,20,up,278.594,183.006,27.859,2.0631,0
2026-02-21 21:25:00,9952221097,5794410029,11,up,265.393,154.518,26.539,1.1787,0
2026-02-21 21:30:00,7133512932,6935907295,38,up,190.227,184.958,19.023,3.8472,1
2026-02-21 21:35:00,9955700573,5485889944,22,up,265.485,146.29,26.549,2.2314,0
2026-02-21 21:40:00,8653333205,6670238915,30,up,230.756,177.873,23.076,3.0154,0
2026-02-21 21:45:00,9860912862,7303576184,6,up,262.958,194.762,26.296,0.6589,0
2026-02-21 21:50:00,7192822501,6874759756,70,up,191.809,183.327,19.181,7.0948,1
2026-02-21 21:55:00,10223577746,6076154676,19,up,272.629,162.031,27.263,1.9517,0
2026-02-21 22:00:00,10712527542,5761119284,30,up,285.667,153.63,28.567,3.098,0
2026-02-21 22:05:00,10171841828,4899414266,8,up,271.249,130.651,27.125,0.8765,0
2026-02-21 22:10:00,9770379233,6223588539,18,up,260.543,165.962,26.054,1.8235,0
2026-02-21 22:15:00,10578919018,5197043595,7,up,282.105,138.588,28.21,0.7551,0
2026-02-21 22:20:00,6541614508,5428943042,52,up,174.443,144.772,17.444,5.2236,1
2026-02-21 22:25:00,8382891017,5142663023,21,up,223.544,137.138,22.354,2.1419,0
2026-02-21 22:30:00,9191549665,5668517520,8,up,245.108,151.16,24.511,0.8156,0
2026-02-21 22:35:00,8536984524,5979862021,1,up,227.653,159.463,22.765,0.1347,0
2026-02-21 22:40:00,8615424440,6197002498,36,up,229.745,165.253,22.974,3.6039,0
2026-02-21 22:45:00,9212416495,5567635222,7,up,245.664,148.47,24.566,0.7732,0
2026-02-21 22:50:00,8483527588,6769884268,146,up,226.227,180.53,22.623,14.6056,0
2026-02-21 22:55:00,9028543279,5850092214,24,up,240.761,156.002,24.076,2.4414,0
2026-02-21 23:00:00,7244683499,5432839848,10,up,193.192,144.876,19.319,1.0914,0
2026-02-21 23:05:00,9614955420,6162930432,34,up,256.399,164.345,25.64,3.4304,0
2026-02-21 23:10:00,9376356159,7413758040,10,up,250.036,197.7,25.004,1.03,0
2026-02-21 23:15:00,8455775290,6241315607,54,up,225.487,166.435,22.549,5.4922,0
2026-02-21 23:20:00,10116651376,5738743948,11,up,269.777,153.033,26.978,1.1792,0
2026-02-21 23:25:00,10429766404,4900227823,142,up,278.127,130.673,27.813,14.2199,0
2026-02-21 23:30:00,7566495152,5842023128,29,up,201.773,155.787,20.177,2.9736,0
2026-02-21 23:35:00,8516934624,6169148250,59,up,227.118,164.511,22.712,5.9537,0
2026-02-21 23:40:00,8509714856,5720941758,2,up,226.926,152.558,22.693,0.2419,0
2026-02-21 23:45:00,8317609011,4800923060,13,up,221.803,128.025,22.18,1.3701,0
2026-02-21 23:50:00,10308159197,5387592919,42,up,274.884,143.669,27.488,4.2799,0
2026-02-21 23:55:00,9156945593,7047267691,34,up,244.185,187.927,24.419,3.406,0
2026-02-22 00:00:00,9077420803,7032480722,6,up,242.065,187.533,24.206,0.6911,0
2026-02-22 00:05:00,7120654840,5361619798,14,up,189.884,142.977,18.988,1.4092,0
2026-02-22 00:10:00,10089845283,6484384886,9,up,269.063,172.917,26.906,0.9785,0
2026-02-22 00:15:00,7980834305,5151427594,30,up,212.822,137.371,21.282,3.0409,0
2026-02-22 00:20:00,9442424209,7011107723,13,up,251.798,186.963,25.18,1.3519,0
2026-02-22 00:25:00,9687049055,6176569810,11,up,258.321,164.709,25.832,1.183,0
2026-02-22 00:30:00,10905740920,6683741879,7,up,290.82,178.233,29.082,0.7437,0
2026-02-22 00:35:00,7902577050,4765132790,16,up,210.735,127.07,21.074,1.6832,0
2026-02-22 00:40:00,5978048824,6487898713,6,up,159.415,173.011,15.941,0.6961,0
2026-02-22 00:45:00,9581830737,5994474674,105,up,255.515,159.853,25.552,10.5129,0
2026-02-22 00:50:00,11400575079,6613388930,5,up,304.015,176.357,30.402,0.5371,0
2026-02-22 00:55:00,10768814647,6658704814,78,up,287.168,177.565,28.717,7.8251,0
2026-02-22 01:00:00,9610866842,6047364976,17,up,256.29,161.263,25.629,1.7902,0
2026-02-22 01:05:00,8821909291,5567402659,15,up,235.251,148.464,23.525,1.5187,0
2026-02-22 01:10:00,10283012921,6561381251,8,up,274.214,174.97,27.421,0.8419,0
2026-02-22 01:15:00,8279760525,5956688760,32,up,220.794,158.845,22.079,3.2318,0
2026-02-22 01:20:00,9910902490,5371594833,37,up,264.291,143.243,26.429,3.702,0
2026-02-22 01:25:00,9943653929,5337490393,20,up,265.164,142.333,26.516,2.017,0
2026-02-22 01:30:00,10567736145,4936441620,1,up,281.806,131.638,28.181,0.1834,0
2026-02-22 01:35:00,12479617543,5632590365,80,up,332.79,150.202,33.279,8.0233,0
2026-02-22 01:40:00,9816467963,6793938273,125,up,261.772,181.172,26.177,12.5716,0
2026-02-22 01:45:00,8802415921,6128037455,18,up,234.731,163.414,23.473,1.8046,0
2026-02-22 01:50:00,9346228898,5618567251,30,up,249.233,149.828,24.923,3.0433,0
2026-02-22 01:55:00,7384789606,6579496275,19,up,196.928,175.453,19.693,1.9148,0
2026-02-22 02:00:00,8593447727,5400616832,12,up,229.159,144.016,22.916,1.243,0
2026-02-22 02:05:00,8914557257,6068652197,2,up,237.722,161.831,23.772,0.2575,0
2026-02-22 02:10:00,8785400552,5870666131,19,up,234.277,156.551,23.428,1.9486,0
2026-02-22 02:15:00,9546399231,6560974050,54,up,254.571,174.959,25.457,5.4588,0
2026-02-22 02:20:00,8449777576,4864395572,0,up,225.327,129.717,22.533,0.055,0
2026-02-22 02:25:00,7445311650,5387857623,63,up,198.542,143.676,19.854,6.3947,1
2026-02-22 02:30:00,9375232948,4820463125,68,up,250.006,128.546,25.001,6.8055,0
2026-02-22 02:35:00,9364537138,5813090360,7,up,249.721,155.016,24.972,0.785,0
2026-02-22 02:40:00,9006118443,6872227802,6,up,240.163,183.259,24.016,0.6478,0
2026-02-22 02:45:00,9549589519,5636078009,47,up,254.656,150.295,25.466,4.7348,0
2026-02-22 02:50:00,10303235547,5632307564,9,up,274.753,150.195,27.475,0.9424,0
2026-02-22 02:55:00,8399478507,6627641585,6,up,223.986,176.737,22.399,0.6822,0
2026-02-22 03:00:00,8634618949,6769355682,15,up,230.257,180.516,23.026,1.5194,0
2026-02-22 03:05:00,9033308217,5936228831,15,up,240.888,158.299,24.089,1.5949,0
2026-02-22 03:10:00,7860895211,6492994694,66,up,209.624,173.147,20.962,6.6313,0
2026-02-22 03:15:00,8453334907,5224592730,30,up,225.422,139.322,22.542,3.0832,0
2026-02-22 03:20:00,8839251517,6992141520,16,up,235.713,186.457,23.571,1.6666,0
2026-02-22 03:25:00,10358687828,7547068531,24,up,276.232,201.255,27.623,2.4461,0
2026-02-22 03:30:00,9670381495,6375275369,98,up,257.877,170.007,25.788,9.8507,0
2026-02-22 03:35:00,9592788650,4499281232,3,up,255.808,119.981,25.581,0.3845,0
2026-02-22 03:40:00,10332260207,5598074211,7,up,275.527,149.282,27.553,0.7451,0
2026-02-22 03:45:00,9220456738,6441234231,105,up,245.879,171.766,24.588,10.5094,0
2026-02-22 03:50:00,9814272956,5696532242,100,up,261.714,151.908,26.171,10.0932,0
2026-02-22 03:55:00,6481212869,6915982959,37,up,172.832,184.426,17.283,3.7414,1
2026-02-22 04:00:00,9673532643,6423473230,5,up,257.961,171.293,25.796,0.5017,0
2026-02-22 04:05:00,6103577557,5491337639,39,up,162.762,146.436,16.276,3.9326,1
2026-02-22 04:10:00,6631330696,6023230663,1,up,176.835,160.619,17.684,0.1632,0
2026-02-22 04:15:00,9223935942,5356440081,34,up,245.972,142.838,24.597,3.4046,0
2026-02-22 04:20:00,10975591653,5868538887,2,up,292.682,156.494,29.268,0.2581,0
2026-02-22 04:25:00,10416992327,5600692866,1,up,277.786,149.352,27.779,0.1913,0
2026-02-22 04:30:00,10461072170,6845828496,21,up,278.962,182.555,27.896,2.1246,0
2026-02-22 04:35:00,10765647062,7523528680,101,up,287.084,200.627,28.708,10.1281,0
2026-02-22 04:40:00,6632317852,4969544400,38,up,176.862,132.521,17.686,3.8936,1
2026-02-22 04:45:00,9596980170,4615284273,14,up,255.919,123.074,25.592,1.4106,0
2026-02-22 04:50:00,8680141617,5823475856,198,up,231.47,155.293,23.147,19.8182,0
2026-02-22 04:55:00,9019418036,4906740696,24,up,240.518,130.846,24.052,2.4295,0
2026-02-22 05:00:00,10067742543,6033272354,15,up,268.473,160.887,26.847,1.5052,0
2026-02-22 05:05:00,10729369991,6539234001,15,up,286.117,174.38,28.612,1.5601,0
2026-02-22 05:10:00,9218122939,7075782166,6,up,245.817,188.688,24.582,0.694,0
2026-02-22 05:15:00,8868537077,6145004082,22,up,236.494,163.867,23.649,2.2973,0
2026-02-22 05:20:00,6562915767,5860928238,48,up,175.011,156.291,17.501,4.8492,1
2026-02-22 05:25:00,10051357592,4575562860,10,up,268.036,122.015,26.804,1.0106,0
2026-02-22 05:30:00,7750663331,6018853307,5,up,206.684,160.503,20.668,0.56,0
2026-02-22 05:35:00,6791796427,6051326827,11,up,181.115,161.369,18.111,1.1932,0
2026-02-22 05:40:00,8755646044,6460048906,22,up,233.484,172.268,23.348,2.2741,0
2026-02-22 05:45:00,8001698520,5489888566,1,up,213.379,146.397,21.338,0.1923,0
2026-02-22 05:50:00,8803342277,5686762127,5,up,234.756,151.647,23.476,0.5342,0
2026-02-22 05:55:00,9208747141,4935838376,94,up,245.567,131.622,24.557,9.4398,0
2026-02-22 06:00:00,8865095539,4350269179,25,up,236.403,116.007,23.64,2.5048,0
2026-02-22 06:05:00,11009025976,5201882094,2,up,293.574,138.717,29.357,0.2098,0
2026-02-22 06:10:00,9742587860,4869365413,37,up,259.802,129.85,25.98,3.7798,0
2026-02-22 06:15:00,9713033654,6242432852,2,up,259.014,166.465,25.901,0.2041,0
2026-02-22 06:20:00,10074983037,5626943479,42,up,268.666,150.052,26.867,4.2968,0
2026-02-22 06:25:00,8093812742,5612469266,44,up,215.835,149.666,21.584,4.4357,0
2026-02-22 06:30:00,10544000760,5291222606,33,up,281.173,141.099,28.117,3.3693,0
2026-02-22 06:35:00,9289765177,3672552888,42,up,247.727,97.935,24.773,4.2161,0
2026-02-22 06:40:00,10129290694,7085983739,2,up,270.114,188.96,27.011,0.2946,0
2026-02-22 06:45:00,8169160612,5279805223,41,up,217.844,140.795,21.784,4.1519,0
2026-02-22 06:50:00,7627021388,5703057549,4,up,203.387,152.082,20.339,0.4703,0
2026-02-22 06:55:00,10295125865,4952477640,13,up,274.537,132.066,27.454,1.3273,0
2026-02-22 07:00:00,9798460716,6699789847,91,up,261.292,178.661,26.129,9.1528,0
2026-02-22 07:05:00,5852134400,6103268834,37,up,156.057,162.754,15.606,3.7878,1
2026-02-22 07:10:00,5877640323,5405016994,42,up,156.737,144.134,15.674,4.2377,1
2026-02-22 07:15:00,10641114132,5717594679,2,up,283.763,152.469,28.376,0.298,0
2026-02-22 07:20:00,8036911620,7208289543,20,up,214.318,192.221,21.432,2.0776,0
2026-02-22 07:25:00,11223007072,5947462009,2,up,299.28,158.599,29.928,0.2062,0
2026-02-22 07:30:00,8361801673,5869151852,31,up,222.981,156.511,22.298,3.1834,0
2026-02-22 07:35:00,10093190916,5322205329,2,up,269.152,141.925,26.915,0.2623,0
2026-02-22 07:40:00,9005304214,4635901571,6,up,240.141,123.624,24.014,0.617,0
2026-02-22 07:45:00,10053585859,5884772155,9,up,268.096,156.927,26.81,0.9585,0
2026-02-22 07:50:00,8762871747,6234349280,44,up,233.677,166.249,23.368,4.4201,0
2026-02-22 07:55:00,9191857980,6791700814,5,up,245.116,181.112,24.512,0.5731,0
2026-02-22 08:00:00,9421034072,4381082495,59,up,251.228,116.829,25.123,5.9997,0
2026-02-22 08:05:00,8247539112,5189930644,4,up,219.934,138.398,21.993,0.4526,0
2026-02-22 08:10:00,10208427388,5581866414,1,up,272.225,148.85,27.222,0.1148,0
2026-02-22 08:15:00,8797634737,5997493789,16,up,234.604,159.933,23.46,1.6083,0
2026-02-22 08:20:00,9117825095,5895575742,124,up,243.142,157.215,24.314,12.4304,0
2026-02-22 08:25:00,8256356953,5912384146,3,up,220.17,157.664,22.017,0.3741,0
2026-02-22 08:30:00,4544662243,6293829162,65,up,121.191,167.835,12.119,6.5902,1
2026-02-22 08:35:00,9160093767,5349628960,44,up,244.269,142.657,24.427,4.4511,0
2026-02-22 08:40:00,12089192349,6672581838,11,up,322.378,177.936,32.238,1.1974,0
2026-02-22 08:45:00,10257679823,6312085758,40,up,273.538,168.322,27.354,4.0426,0
2026-02-22 08:50:00,9353332072,5769720769,7,up,249.422,153.859,24.942,0.7141,0
2026-02-22 08:55:00,9079247817,7152653754,19,up,242.113,190.737,24.211,1.9722,0
2026-02-22 09:00:00,9400274129,7120619545,9,up,250.674,189.883,25.067,0.9865,0
2026-02-22 09:05:00,9990509004,6671684655,19,up,266.414,177.912,26.641,1.922,0
2026-02-22 09:10:00,8046585582,3826639125,46,up,214.576,102.044,21.458,4.6904,0
2026-02-22 09:15:00,10628611906,7136840466,45,up,283.43,190.316,28.343,4.5937,0
2026-02-22 09:20:00,10179803979,6572226136,23,up,271.461,175.259,27.146,2.3206,0
2026-02-22 09:25:00,10182958941,7444614219,84,up,271.546,198.523,27.155,8.4361,0
2026-02-22 09:30:00,9868285206,6890974506,9,up,263.154,183.759,26.315,0.9799,0
2026-02-22 09:35:00,9397068739,7136406727,8,up,250.588,190.304,25.059,0.8795,0
2026-02-22 09:40:00,10131968890,6632631492,30,up,270.186,176.87,27.019,3.0445,0
2026-02-22 09:45:00,10040790900,6971059103,31,up,267.754,185.895,26.775,3.1072,0
2026-02-22 09:50:00,8976704200,7435769093,1,up,239.379,198.287,23.938,0.1525,0
2026-02-22 09:55:00,8729698005,6155919411,29,up,232.792,164.158,23.279,2.995,0
2026-02-22 10:00:00,9489588332,4867994008,15,up,253.056,129.813,25.306,1.5011,0
2026-02-22 10:05:00,11117647670,5778628151,44,up,296.471,154.097,29.647,4.4036,0
2026-02-22 10:10:00,7981004539,6280760831,52,up,212.827,167.487,21.283,5.2826,0
2026-02-22 10:15:00,7724034076,6053919060,25,up,205.974,161.438,20.597,2.5706,0
2026-02-22 10:20:00,9560355946,5102475384,0,up,254.943,136.066,25.494,0.0055,0
2026-02-22 10:25:00,9432248664,4825631309,32,up,251.527,128.684,25.153,3.2371,0
2026-02-22 10:30:00,9570009372,5466362878,44,up,255.2,145.77,25.52,4.4219,0
2026-02-22 10:35:00,9649447347,6581572480,9,up,257.319,175.509,25.732,0.9162,0
2026-02-22 10:40:00,6386728224,7137844634,55,up,170.313,190.343,17.031,5.5032,1
2026-02-22 10:45:00,11051096368,6659928681,107,up,294.696,177.598,29.47,10.7948,0
2026-02-22 10:50:00,7573983024,6761347646,11,up,201.973,180.303,20.197,1.1328,0
2026-02-22 10:55:00,8442940847,5941812787,8,up,225.145,158.448,22.515,0.808,0
2026-02-22 11:00:00,9258838394,4745700630,7,up,246.902,126.552,24.69,0.7578,0
2026-02-22 11:05:00,7526412587,5672241181,26,up,200.704,151.26,20.07,2.6184,0
2026-02-22 11:10:00,9177163795,5813689623,95,up,244.724,155.032,24.472,9.5727,0
2026-02-22 11:15:00,11244153936,5642122209,30,up,299.844,150.457,29.984,3.0024,0
2026-02-22 11:20:00,9398497299,6039380303,11,up,250.627,161.05,25.063,1.1566,0
2026-02-22 11:25:00,9634538518,6317822227,32,up,256.921,168.475,25.692,3.2566,0
2026-02-22 11:30:00,7957314639,6614170935,31,up,212.195,176.378,21.22,3.1373,0
2026-02-22 11:35:00,8681593415,5799753697,29,up,231.509,154.66,23.151,2.9076,0
2026-02-22 11:40:00,8952904072,4629293227,5,up,238.744,123.448,23.874,0.5557,0
2026-02-22 11:45:00,9017570516,5652328042,32,up,240.469,150.729,24.047,3.2213,0
2026-02-22 11:50:00,10816849269,6031471485,17,up,288.449,160.839,28.845,1.7997,0
2026-02-22 11:55:00,10002402443,6880421703,0,up,266.731,183.478,26.673,0.0601,0
2026-02-22 12:00:00,8124609798,5591178353,24,up,216.656,149.098,21.666,2.4833,0
2026-02-22 12:05:00,9652317875,6369031412,145,up,257.395,169.841,25.74,14.5101,0
2026-02-22 12:10:00,9935499467,6208863287,13,up,264.947,165.57,26.495,1.3772,0
2026-02-22 12:15:00,10657667668,6031608383,107,up,284.204,160.843,28.42,10.7792,0
2026-02-22 12:20:00,11153108272,6669983989,3,up,297.416,177.866,29.742,0.3237,0
2026-02-22 12:25:00,8233019034,5524194338,42,up,219.547,147.312,21.955,4.219,0
2026-02-22 12:30:00,8462785299,5585865756,3,up,225.674,148.956,22.567,0.3885,0
2026-02-22 12:35:00,7960224908,5991431407,10,up,212.273,159.772,21.227,1.0228,0
2026-02-22 12:40:00,9111727658,5539094516,27,up,242.979,147.709,24.298,2.707,0
2026-02-22 12:45:00,9899653171,6365768849,28,up,263.991,169.754,26.399,2.8749,0
2026-02-22 12:50:00,10485751331,5486501540,47,up,279.62,146.307,27.962,4.7763,0
2026-02-22 12:55:00,9289555098,6162939029,30,up,247.721,164.345,24.772,3.057,0
2026-02-22 13:00:00,9015171536,5927875606,28,up,240.405,158.077,24.04,2.8815,0
2026-02-22 13:05:00,9545727741,6154746694,77,up,254.553,164.127,25.455,7.7902,0
2026-02-22 13:10:00,8435464235,5668986195,19,up,224.946,151.173,22.495,1.9257,0
2026-02-22 13:15:00,11725731061,5755856427,8,up,312.686,153.49,31.269,0.8168,0
2026-02-22 13:20:00,7566381344,6069126672,5,up,201.77,161.843,20.177,0.5648,0
2026-02-22 13:25:00,9582833151,6145493644,16,up,255.542,163.88,25.554,1.6346,0
2026-02-22 13:30:00,11651556996,5996974620,39,up,310.708,159.919,31.071,3.9917,0
2026-02-22 13:35:00,9382649825,7227860896,1,up,250.204,192.743,25.02,0.1391,0
2026-02-22 13:40:00,9161206085,5286669418,4,up,244.299,140.978,24.43,0.4422,0
2026-02-22 13:45:00,8972873899,5953773267,3,up,239.277,158.767,23.928,0.359,0
2026-02-22 13:50:00,9172059358,4866987104,28,up,244.588,129.786,24.459,2.8163,0
2026-02-22 13:55:00,10919454534,6267898664,8,up,291.185,167.144,29.119,0.8903,0
2026-02-22 14:00:00,6886655349,5197022493,5,up,183.644,138.587,18.364,0.5819,0
2026-02-22 14:05:00,11100112913,5799616615,28,up,296.003,154.656,29.6,2.8748,0
2026-02-22 14:10:00,7773048203,5732113685,45,up,207.281,152.856,20.728,4.5843,0
2026-02-22 14:15:00,9075016129,6202241611,12,up,242.0,165.393,24.2,1.2918,0
2026-02-22 14:20:00,8892100027,5601990539,27,up,237.123,149.386,23.712,2.7624,0
2026-02-22 14:25:00,10037122428,5571379897,3,up,267.657,148.57,26.766,0.3305,0
2026-02-22 14:30:00,7577110104,7033816654,87,up,202.056,187.568,20.206,8.7562,0
2026-02-22 14:35:00,9894944249,6204888089,13,up,263.865,165.464,26.387,1.3146,0
2026-02-22 14:40:00,11652348326,5596043386,191,up,310.729,149.228,31.073,19.18,0
2026-02-22 14:45:00,7841429244,5819399756,123,up,209.105,155.184,20.91,12.3001,0
2026-02-22 14:50:00,9588419438,7184655565,48,up,255.691,191.591,25.569,4.8281,0
2026-02-22 14:55:00,8630270049,5830681287,0,up,230.141,155.485,23.014,0.0649,0
2026-02-22 15:00:00,9854123106,5503720831,25,up,262.777,146.766,26.278,2.5092,0
2026-02-22 15:05:00,9396541249,5506802771,2,up,250.574,146.848,25.057,0.2907,0
2026-02-22 15:10:00,8653327227,5604628933,72,up,230.755,149.457,23.076,7.2164,0
2026-02-22 15:15:00,9923856320,5571961639,49,up,264.636,148.586,26.464,4.9885,0
2026-02-22 15:20:00,11404891623,5078653549,114,up,304.13,135.431,30.413,11.4809,0
2026-02-22 15:25:00,9160233234,5190575930,29,up,244.273,138.415,24.427,2.9999,0
2026-02-22 15:30:00,10184727684,5402889330,23,up,271.593,144.077,27.159,2.3632,0
2026-02-22 15:35:00,7920067922,6425931133,23,up,211.202,171.358,21.12,2.3419,0
2026-02-22 15:40:00,8299009076,5725509153,15,up,221.307,152.68,22.131,1.5632,0
2026-02-22 15:45:00,9906457062,5850843583,20,up,264.172,156.022,26.417,2.0237,0
2026-02-22 15:50:00,11044630532,6914463378,32,up,294.523,184.386,29.452,3.2288,0
2026-02-22 15:55:00,9775065017,6932405147,86,up,260.668,184.864,26.067,8.6473,0
2026-02-22 16:00:00,6315966800,5796870040,77,up,168.426,154.583,16.843,7.7337,1
2026-02-22 16:05:00,9374202831,5545778272,62,up,249.979,147.887,24.998,6.2263,0
2026-02-22 16:10:00,7968291299,5377610174,63,up,212.488,143.403,21.249,6.3557,0
2026-02-22 16:15:00,10055079742,6498798554,23,up,268.135,173.301,26.814,2.3409,0
2026-02-22 16:20:00,10367624695,5852610791,13,up,276.47,156.07,27.647,1.3661,0
2026-02-22 16:25:00,8866398375,5721723678,32,up,236.437,152.579,23.644,3.2655,0
2026-02-22 16:30:00,8846202583,5414161505,18,up,235.899,144.378,23.59,1.8892,0
2026-02-22 16:35:00,9674113008,5445840185,2,up,257.976,145.222,25.798,0.2718,0
2026-02-22 16:40:00,8883690296,6230441897,15,up,236.898,166.145,23.69,1.5184,0
2026-02-22 16:45:00,9300600808,5052884448,164,up,248.016,134.744,24.802,16.4099,0
2026-02-22 16:50:00,11737187012,6716305459,1,up,312.992,179.101,31.299,0.1591,0
2026-02-22 16:55:00,9097096086,5615631856,38,up,242.589,149.75,24.259,3.8174,0
2026-02-22 17:00:00,8971867328,5892262120,58,up,239.25,157.127,23.925,5.8881,0
2026-02-22 17:05:00,8646515468,5037375870,33,up,230.574,134.33,23.057,3.3478,0
2026-02-22 17:10:00,10212215967,5991096524,26,up,272.326,159.763,27.233,2.6988,0
2026-02-22 17:15:00,9171122805,5763608921,39,up,244.563,153.696,24.456,3.9343,0
2026-02-22 17:20:00,8644455331,5963941968,17,up,230.519,159.038,23.052,1.7951,0
2026-02-22 17:25:00,10861467036,7059630406,3,up,289.639,188.257,28.964,0.3066,0
2026-02-22 17:30:00,10972053380,6127942592,104,up,292.588,163.412,29.259,10.496,0
2026-02-22 17:35:00,8699523488,5427845387,18,up,231.987,144.743,23.199,1.8117,0
2026-02-22 17:40:00,7275142554,5487849664,35,up,194.004,146.343,19.4,3.5033,0
2026-02-22 17:45:00,10508452901,6428494453,24,up,280.225,171.427,28.023,2.425,0
2026-02-22 17:50:00,8604791446,6935059169,1,up,229.461,184.935,22.946,0.1799,0
2026-02-22 17:55:00,10264453799,6202980974,97,up,273.719,165.413,27.372,9.7671,0
2026-02-22 18:00:00,7158633205,6495873176,50,up,190.897,173.223,19.09,5.033,0
2026-02-22 18:05:00,10379172005,6439011160,5,up,276.778,171.707,27.678,0.5167,0
2026-02-22 18:10:00,8012431579,7021726377,127,up,213.665,187.246,21.366,12.7938,0
2026-02-22 18:15:00,10197109633,4596295075,42,up,271.923,122.568,27.192,4.2727,0
2026-02-22 18:20:00,9391057201,6480397636,20,up,250.428,172.811,25.043,2.0457,0
2026-02-22 18:25:00,5811272707,6708289951,68,up,154.967,178.888,15.497,6.8391,1
2026-02-22 18:30:00,8917084147,5036118931,3,up,237.789,134.297,23.779,0.3612,0
2026-02-22 18:35:00,10147108264,5362318907,26,up,270.59,142.995,27.059,2.6301,0
2026-02-22 18:40:00,9494131259,5387436420,2,up,253.177,143.665,25.318,0.2448,0
2026-02-22 18:45:00,10032464603,5475271058,25,up,267.532,146.007,26.753,2.5188,0
2026-02-22 18:50:00,11598495657,5653163723,25,up,309.293,150.751,30.929,2.5745,0
2026-02-22 18:55:00,7615228186,6174674025,66,up,203.073,164.658,20.307,6.6399,0
2026-02-22 19:00:00,11194364146,6623285748,41,up,298.516,176.621,29.852,4.1318,0
2026-02-22 19:05:00,9492400429,6778548209,9,up,253.131,180.761,25.313,0.9187,0
2026-02-22 19:10:00,8363867945,5396767395,70,up,223.036,143.914,22.304,7.0178,0
2026-02-22 19:15:00,7878397171,5391813840,27,up,210.091,143.782,21.009,2.7249,0
2026-02-22 19:20:00,9162239560,6947391724,29,up,244.326,185.264,24.433,2.9836,0
2026-02-22 19:25:00,10411856375,6465655633,5,up,277.65,172.417,27.765,0.5923,0
2026-02-22 19:30:00,9231507239,6059662686,62,up,246.174,161.591,24.617,6.2411,0
2026-02-22 19:35:00,11075049296,6340802406,85,up,295.335,169.088,29.533,8.5541,0
2026-02-22 19:40:00,7742427348,5978541277,47,up,206.465,159.428,20.646,4.7732,0
2026-02-22 19:45:00,9361399933,6377700971,90,up,249.637,170.072,24.964,9.0433,0
2026-02-22 19:50:00,7966057375,5758031978,11,up,212.428,153.548,21.243,1.1519,0
2026-02-22 19:55:00,9784085867,6193539552,63,up,260.909,165.161,26.091,6.3172,0
2026-02-22 20:00:00,10372748313,4912406843,21,up,276.607,130.998,27.661,2.1478,0
2026-02-22 20:05:00,8901642982,5504795307,5,up,237.377,146.795,23.738,0.5729,0
2026-02-22 20:10:00,6445259411,5512551952,35,up,171.874,147.001,17.187,3.5361,0
2026-02-22 20:15:00,9598816665,5730439176,36,up,255.968,152.812,25.597,3.6877,0
2026-02-22 20:20:00,9866330870,5332910456,10,up,263.102,142.211,26.31,1.0821,0
2026-02-22 20:25:00,9829831599,5615848589,0,up,262.129,149.756,26.213,0.0892,0
2026-02-22 20:30:00,10765254965,4909621875,7,up,287.073,130.923,28.707,0.7134,0
2026-02-22 20:35:00,8170064610,6395064343,16,up,217.868,170.535,21.787,1.6335,0
2026-02-22 20:40:00,10140243118,5940590266,5,up,270.406,158.416,27.041,0.5869,0
2026-02-22 20:45:00,10716570951,4772250522,6,up,285.775,127.26,28.578,0.6903,0
2026-02-22 20:50:00,7374088967,5398922464,15,up,196.642,143.971,19.664,1.5891,0
2026-02-22 20:55:00,9734608304,6242353027,104,up,259.59,166.463,25.959,10.4466,0
2026-02-22 21:00:00,8807797690,5609024198,46,up,234.875,149.574,23.487,4.6239,0
2026-02-22 21:05:00,9283286992,5498202148,12,up,247.554,146.619,24.755,1.2329,0
2026-02-22 21:10:00,9766136043,5946293272,96,up,260.43,158.568,26.043,9.6907,0
2026-02-22 21:15:00,8826867865,6247390225,33,up,235.383,166.597,23.538,3.3199,0
2026-02-22 21:20:00,8614828410,4965826230,19,up,229.729,132.422,22.973,1.9449,0
2026-02-22 21:25:00,9413421469,6396092506,20,up,251.025,170.562,25.102,2.0214,0
2026-02-22 21:30:00,8151848318,5423788837,16,up,217.383,144.634,21.738,1.6925,0
2026-02-22 21:35:00,8153446730,5987091862,8,up,217.425,159.656,21.743,0.8488,0
2026-02-22 21:40:00,10139294943,5974497498,15,up,270.381,159.32,27.038,1.5641,0
2026-02-22 21:45:00,5657824697,5620512394,62,up,150.875,149.88,15.088,6.295,1
2026-02-22 21:50:00,10124601563,5262964982,24,up,269.989,140.346,26.999,2.4027,0
2026-02-22 21:55:00,9895415204,5794305685,45,up,263.878,154.515,26.388,4.59,0
2026-02-22 22:00:00,7433467430,7170237822,14,up,198.226,191.206,19.823,1.4221,0
2026-02-22 22:05:00,8612739766,5019593978,40,up,229.673,133.856,22.967,4.0371,0
2026-02-22 22:10:00,10718373078,7218465373,27,up,285.823,192.492,28.582,2.7615,0
2026-02-22 22:15:00,8271188777,5813000756,104,up,220.565,155.013,22.057,10.4515,0
2026-02-22 22:20:00,8852545204,6025467420,15,up,236.068,160.679,23.607,1.5571,0
2026-02-22 22:25:00,9894818504,5217568215,74,up,263.862,139.135,26.386,7.4074,0
2026-02-22 22:30:00,10256314322,5444686019,54,up,273.502,145.192,27.35,5.4988,0
2026-02-22 22:35:00,9092018753,5637905051,32,up,242.454,150.344,24.245,3.2486,0
2026-02-22 22:40:00,8702801030,5247099620,34,up,232.075,139.923,23.207,3.401,0
2026-02-22 22:45:00,10975166094,5849579070,2,up,292.671,155.989,29.267,0.283,0
2026-02-22 22:50:00,11331262121,5706948557,96,up,302.167,152.185,30.217,9.6008,0
2026-02-22 22:55:00,10476215307,7332562422,3,up,279.366,195.535,27.937,0.3619,0
2026-02-22 23:00:00,9470982910,5160498586,26,up,252.56,137.613,25.256,2.6507,0
2026-02-22 23:05:00,8465701063,6073937172,12,up,225.752,161.972,22.575,1.2819,0
2026-02-22 23:10:00,5908525029,6178449322,47,up,157.561,164.759,15.756,4.7357,1
2026-02-22 23:15:00,9962828368,5229369204,30,up,265.675,139.45,26.568,3.0146,0
2026-02-22 23:20:00,9845697998,6494515796,76,up,262.552,173.187,26.255,7.6648,0
2026-02-22 23:25:00,10951798417,5713204550,19,up,292.048,152.352,29.205,1.9574,0
2026-02-22 23:30:00,10106756354,4205479450,140,up,269.514,112.146,26.951,14.0818,0
2026-02-22 23:35:00,7684034660,6475091720,28,up,204.908,172.669,20.491,2.8751,0
2026-02-22 23:40:00,10558441069,5195802563,5,up,281.558,138.555,28.156,0.56,0
2026-02-22 23:45:00,8252181794,5245602038,6,up,220.058,139.883,22.006,0.6743,0
2026-02-22 23:50:00,8943032319,6495289499,40,up,238.481,173.208,23.848,4.0294,0
2026-02-22 23:55:00,9656475232,5750043732,1,up,257.506,153.334,25.751,0.1655,0
2026-02-23 00:00:00,11620125926,6660795948,20,up,309.87,177.621,30.987,2.0947,0
2026-02-23 00:05:00,12873658375,6871319588,5,up,343.298,183.235,34.33,0.5134,0
2026-02-23 00:10:00,10057563441,5535651508,18,up,268.202,147.617,26.82,1.8169,0
2026-02-23 00:15:00,9168903803,6571148997,44,up,244.504,175.231,24.45,4.4351,0
2026-02-23 00:20:00,9976318854,5456068222,19,up,266.035,145.495,26.604,1.9648,0
2026-02-23 00:25:00,10373612354,7607843460,5,up,276.63,202.876,27.663,0.5711,0
2026-02-23 00:30:00,9014248921,5501070956,9,up,240.38,146.695,24.038,0.9288,0
2026-02-23 00:35:00,11394612775,6738782957,14,up,303.856,179.701,30.386,1.466,0
2026-02-23 00:40:00,9633829604,6607528818,2,up,256.902,176.201,25.69,0.2307,0
2026-02-23 00:45:00,9934960975,6227583231,28,up,264.932,166.069,26.493,2.8092,0
2026-02-23 00:50:00,10124164783,5517208923,29,up,269.978,147.126,26.998,2.993,0
2026-02-23 00:55:00,9849284936,5890993805,2,up,262.648,157.093,26.265,0.2053,0
2026-02-23 01:00:00,10318808063,4449416558,16,up,275.168,118.651,27.517,1.647,0
2026-02-23 01:05:00,8680590165,6161582427,17,up,231.482,164.309,23.148,1.7102,0
2026-02-23 01:10:00,8746910526,6251723038,12,up,233.251,166.713,23.325,1.2998,0
2026-02-23 01:15:00,8137326487,6096119581,26,up,216.995,162.563,21.7,2.6107,0
2026-02-23 01:20:00,9869438884,3859219556,13,up,263.185,102.913,26.319,1.3587,0
2026-02-23 01:25:00,10251303566,5088741759,17,up,273.368,135.7,27.337,1.7234,0
2026-02-23 01:30:00,9889994474,5461374492,51,up,263.733,145.637,26.373,5.1108,0
2026-02-23 01:35:00,11258803987,6209994431,5,up,300.235,165.6,30.023,0.566,0
2026-02-23 01:40:00,9368704478,6208324012,30,up,249.832,165.555,24.983,3.0888,0
2026-02-23 01:45:00,10127334362,5877438869,22,up,270.062,156.732,27.006,2.2541,0
2026-02-23 01:50:00,8146836514,6457376786,11,up,217.249,172.197,21.725,1.1646,0
2026-02-23 01:55:00,8939512834,5261105489,41,up,238.387,140.296,23.839,4.1608,0
2026-02-23 02:00:00,10157479977,6439369204,25,up,270.866,171.717,27.087,2.5637,0
2026-02-23 02:05:00,10330239874,6341814315,20,up,275.473,169.115,27.547,2.0764,0
2026-02-23 02:10:00,9044287183,6271839407,35,up,241.181,167.249,24.118,3.5252,0
2026-02-23 02:15:00,9294450841,5868930889,51,up,247.852,156.505,24.785,5.1871,0
2026-02-23 02:20:00,7667392034,7318135553,115,up,204.464,195.15,20.446,11.5191,0
2026-02-23 02:25:00,8973342149,6355100895,31,up,239.289,169.469,23.929,3.176,0
2026-02-23 02:30:00,10376681058,5302798178,66,up,276.711,141.408,27.671,6.6399,0
2026-02-23 02:35:00,10022105643,6178779942,0,up,267.256,164.767,26.726,0.0035,0
2026-02-23 02:40:00,9938248936,6541788031,24,up,265.02,174.448,26.502,2.4177,0
2026-02-23 02:45:00,9430995398,5576561808,7,up,251.493,148.708,25.149,0.7732,0
2026-02-23 02:50:00,9382946053,6784276017,3,up,250.212,180.914,25.021,0.3166,0
2026-02-23 02:55:00,8632138718,6275064268,24,up,230.19,167.335,23.019,2.4295,0
2026-02-23 03:00:00,10161181972,4313415596,43,up,270.965,115.024,27.096,4.3958,0
2026-02-23 03:05:00,9848594562,6215763823,17,up,262.629,165.754,26.263,1.7008,0
2026-02-23 03:10:00,9928521203,5707659008,35,up,264.761,152.204,26.476,3.5488,0
2026-02-23 03:15:00,8783210801,6386769466,21,up,234.219,170.314,23.422,2.1529,0
2026-02-23 03:20:00,6952489215,6679834684,18,up,185.4,178.129,18.54,1.8388,0
2026-02-23 03:25:00,10609296800,6140516673,10,up,282.915,163.747,28.291,1.0971,0
2026-02-23 03:30:00,8836307861,7198981608,15,up,235.635,191.973,23.563,1.5431,0
2026-02-23 03:35:00,8404377265,5871331043,13,up,224.117,156.569,22.412,1.3775,0
2026-02-23 03:40:00,10155163775,6449868832,33,up,270.804,171.997,27.08,3.3248,0
2026-02-23 03:45:00,8933985780,6579558653,3,up,238.24,175.455,23.824,0.3946,0
2026-02-23 03:50:00,10567428432,5929910902,3,up,281.798,158.131,28.18,0.3111,0
2026-02-23 03:55:00,10069131693,6560717501,34,up,268.51,174.952,26.851,3.4523,0
2026-02-23 04:00:00,10144015488,5571835449,25,up,270.507,148.582,27.051,2.529,0
2026-02-23 04:05:00,7838299824,5695750738,17,up,209.021,151.887,20.902,1.7999,0
2026-02-23 04:10:00,7516905888,5055008142,74,up,200.451,134.8,20.045,7.4046,1
2026-02-23 04:15:00,9668906847,6173814563,16,up,257.838,164.635,25.784,1.694,0
2026-02-23 04:20:00,8959563218,6234181206,49,up,238.922,166.245,23.892,4.99,0
2026-02-23 04:25:00,6675418418,6849069474,50,up,178.011,182.642,17.801,5.0132,1
2026-02-23 04:30:00,7376735362,6569620803,38,up,196.713,175.19,19.671,3.8803,0
2026-02-23 04:35:00,9834734412,5794947199,1,up,262.26,154.532,26.226,0.1977,0
2026-02-23 04:40:00,8216957053,5151710625,35,up,219.119,137.379,21.912,3.5517,0
2026-02-23 04:45:00,7853245928,6311652289,8,up,209.42,168.311,20.942,0.8824,0
2026-02-23 04:50:00,7662345915,6799742284,12,up,204.329,181.326,20.433,1.2119,0
2026-02-23 04:55:00,10626774421,6543733181,6,up,283.381,174.5,28.338,0.6976,0
2026-02-23 05:00:00,8667078682,6780823817,47,up,231.122,180.822,23.112,4.7841,0
2026-02-23 05:05:00,11100443673,5847439537,33,up,296.012,155.932,29.601,3.3467,0
2026-02-23 05:10:00,8772223354,5664034342,30,up,233.926,151.041,23.393,3.0282,0
2026-02-23 05:15:00,7454222297,5469431026,35,up,198.779,145.851,19.878,3.5281,0
2026-02-23 05:20:00,8118910005,5959754544,8,up,216.504,158.927,21.65,0.8646,0
2026-02-23 05:25:00,10765288072,5943414626,18,up,287.074,158.491,28.707,1.8821,0
2026-02-23 05:30:00,9199614549,6148807892,32,up,245.323,163.968,24.532,3.2099,0
2026-02-23 05:35:00,8758176791,5906905830,32,up,233.551,157.517,23.355,3.2392,0
2026-02-23 05:40:00,9555020504,5903788034,50,up,254.801,157.434,25.48,5.0224,0
2026-02-23 05:45:00,9939505578,5440780281,10,up,265.053,145.087,26.505,1.0829,0
2026-02-23 05:50:00,10632073667,6677965689,47,up,283.522,178.079,28.352,4.7076,0
2026-02-23 05:55:00,11004561633,6055093004,18,up,293.455,161.469,29.345,1.8565,0
2026-02-23 06:00:00,8970260273,5874400367,35,up,239.207,156.651,23.921,3.5494,0
2026-02-23 06:05:00,7883196353,5461850937,19,up,210.219,145.649,21.022,1.9465,0
2026-02-23 06:10:00,8909851693,5041022560,94,up,237.596,134.427,23.76,9.4986,0
2026-02-23 06:15:00,9667815569,6941734218,6,up,257.808,185.113,25.781,0.6323,0
2026-02-23 06:20:00,8290771208,6399339869,35,up,221.087,170.649,22.109,3.5966,0
2026-02-23 06:25:00,8298205220,4830779153,27,up,221.285,128.821,22.129,2.7497,0
2026-02-23 06:30:00,6833232956,6549462456,64,up,182.22,174.652,18.222,6.465,1
2026-02-23 06:35:00,6524186273,6664186442,73,up,173.978,177.712,17.398,7.3369,1
2026-02-23 06:40:00,6588327633,6089550808,61,up,175.689,162.388,17.569,6.1763,1
2026-02-23 06:45:00,8521692748,7150639844,5,up,227.245,190.684,22.725,0.5482,0
2026-02-23 06:50:00,9115799196,6156038142,6,up,243.088,164.161,24.309,0.6605,0
2026-02-23 06:55:00,8335237712,4979887059,122,up,222.273,132.797,22.227,12.2773,0
2026-02-23 07:00:00,10376473212,6262921680,40,up,276.706,167.011,27.671,4.0423,0
2026-02-23 07:05:00,10539655501,6176326057,9,up,281.057,164.702,28.106,0.9227,0
2026-02-23 07:10:00,7298038654,5565626268,28,up,194.614,148.417,19.461,2.8605,0
2026-02-23 07:15:00,8329300282,6412962362,24,up,222.115,171.012,22.211,2.4442,0
2026-02-23 07:20:00,7691404588,4799281008,59,up,205.104,127.981,20.51,5.955,0
2026-02-23 07:25:00,8643723073,6713208115,41,up,230.499,179.019,23.05,4.1818,0
2026-02-23 07:30:00,9281132283,5367752373,57,up,247.497,143.14,24.75,5.7028,0
2026-02-23 07:35:00,7744149127,5290838789,7,up,206.511,141.089,20.651,0.7604,0
2026-02-23 07:40:00,5836535397,5918046163,54,up,155.641,157.815,15.564,5.4594,1
2026-02-23 07:45:00,8245547956,6311740508,1,up,219.881,168.313,21.988,0.1314,0
2026-02-23 07:50:00,9608175745,6118025325,2,up,256.218,163.147,25.622,0.2286,0
2026-02-23 07:55:00,9453012379,5465285400,40,up,252.08,145.741,25.208,4.0004,0
2026-02-23 08:00:00,8563045252,5635615710,0,up,228.348,150.283,22.835,0.0791,0
2026-02-23 08:05:00,9573923481,5184209509,27,up,255.305,138.246,25.53,2.7742,0
2026-02-23 08:10:00,8759984904,5838230470,58,up,233.6,155.686,23.36,5.8724,0
2026-02-23 08:15:00,9069388000,6774015274,15,up,241.85,180.64,24.185,1.5294,0
2026-02-23 08:20:00,11257633601,5996930684,1,up,300.204,159.918,30.02,0.1468,0
2026-02-23 08:25:00,7618113078,6618778263,57,up,203.15,176.501,20.315,5.7901,1
2026-02-23 08:30:00,7912971108,7047888963,84,up,211.013,187.944,21.101,8.4953,0
2026-02-23 08:35:00,10308448970,5576626666,40,up,274.892,148.71,27.489,4.0413,0
2026-02-23 08:40:00,10287821123,5865667257,27,up,274.342,156.418,27.434,2.7642,0
2026-02-23 08:45:00,5658242660,7563258859,75,up,150.886,201.687,15.089,7.504,1
2026-02-23 08:50:00,10296124849,7039927256,0,up,274.563,187.731,27.456,0.0496,0
2026-02-23 08:55:00,11105173408,4795868741,37,up,296.138,127.89,29.614,3.7964,0
2026-02-23 09:00:00,5678495965,6278746787,62,up,151.427,167.433,15.143,6.2221,1
2026-02-23 09:05:00,8342809326,6000403194,62,up,222.475,160.011,22.247,6.2498,0
2026-02-23 09:10:00,10519869150,6595046239,20,up,280.53,175.868,28.053,2.0097,0
2026-02-23 09:15:00,9680432224,5463615287,24,up,258.145,145.696,25.814,2.4204,0
2026-02-23 09:20:00,9995410809,5395481972,44,up,266.544,143.88,26.654,4.4869,0
2026-02-23 09:25:00,9758162868,5513229084,48,up,260.218,147.019,26.022,4.8369,0
2026-02-23 09:30:00,9814532911,5588211446,32,up,261.721,149.019,26.172,3.2929,0
2026-02-23 09:35:00,7882718855,6587033400,89,up,210.206,175.654,21.021,8.9204,0
2026-02-23 09:40:00,10553232419,5149535155,129,up,281.42,137.321,28.142,12.9091,0
2026-02-23 09:45:00,10690788741,5551717992,93,up,285.088,148.046,28.509,9.393,0
2026-02-23 09:50:00,9116935412,4711911078,55,up,243.118,125.651,24.312,5.5625,0
2026-02-23 09:55:00,9326088431,6725124832,39,up,248.696,179.337,24.87,3.9133,0
2026-02-23 10:00:00,7652504059,6915141671,34,up,204.067,184.404,20.407,3.4836,0
2026-02-23 10:05:00,9953536600,5764507129,3,up,265.428,153.72,26.543,0.3505,0
2026-02-23 10:10:00,10018564621,5785476457,10,up,267.162,154.279,26.716,1.0136,0
2026-02-23 10:15:00,9305035105,6326319769,0,up,248.134,168.702,24.813,0.0183,0
2026-02-23 10:20:00,10639897529,7061627045,4,up,283.731,188.31,28.373,0.473,0
2026-02-23 10:25:00,8999163115,6294199738,18,up,239.978,167.845,23.998,1.851,0
2026-02-23 10:30:00,10010181666,5497769801,5,up,266.938,146.607,26.694,0.507,0
2026-02-23 10:35:00,8227877618,4834447748,74,up,219.41,128.919,21.941,7.4219,0
2026-02-23 10:40:00,9348503830,5197109090,52,up,249.293,138.59,24.929,5.2427,0
2026-02-23 10:45:00,9178851459,6052718004,2,up,244.769,161.406,24.477,0.2378,0
2026-02-23 10:50:00,9628471412,5528164183,9,up,256.759,147.418,25.676,0.916,0
2026-02-23 10:55:00,8959282205,6140376748,54,up,238.914,163.743,23.891,5.4709,0
2026-02-23 11:00:00,9227093329,5601894708,51,up,246.056,149.384,24.606,5.1993,0
2026-02-23 11:05:00,7213012147,5238134569,63,up,192.347,139.684,19.235,6.3296,1
2026-02-23 11:10:00,8883640233,5152537225,192,up,236.897,137.401,23.69,19.2344,0
2026-02-23 11:15:00,7567600761,7124895246,119,up,201.803,189.997,20.18,11.9713,0
2026-02-23 11:20:00,11343281892,6640071179,16,up,302.488,177.069,30.249,1.6892,0
2026-02-23 11:25:00,10929135838,7245972925,9,up,291.444,193.226,29.144,0.922,0
2026-02-23 11:30:00,7921204468,6388764648,45,up,211.232,170.367,21.123,4.5456,0
2026-02-23 11:35:00,10150921280,5690406185,11,up,270.691,151.744,27.069,1.138,0
2026-02-23 11:40:00,8809153383,6952805464,52,up,234.911,185.408,23.491,5.2543,0
2026-02-23 11:45:00,9671423117,5976191039,24,up,257.905,159.365,25.79,2.4431,0
2026-02-23 11:50:00,9706002145,6159006074,50,up,258.827,164.24,25.883,5.0545,0
2026-02-23 11:55:00,9111291224,5969166447,10,up,242.968,159.178,24.297,1.033,0
2026-02-23 12:00:00,8493263626,3878228962,22,up,226.487,103.419,22.649,2.2699,0
2026-02-23 12:05:00,8598141316,7155409208,26,up,229.284,190.811,22.928,2.6565,0
2026-02-23 12:10:00,8344284095,6353522841,91,up,222.514,169.427,22.251,9.1731,0
2026-02-23 12:15:00,5907440011,6237472603,41,up,157.532,166.333,15.753,4.1624,1
2026-02-23 12:20:00,9299424423,5955521235,88,up,247.985,158.814,24.798,8.831,0
2026-02-23 12:25:00,8569770012,6117668030,52,up,228.527,163.138,22.853,5.2289,0
2026-02-23 12:30:00,7099616001,5569959166,36,up,189.323,148.532,18.932,3.6287,1
2026-02-23 12:35:00,11048151924,6443937133,49,up,294.617,171.838,29.462,4.9467,0
2026-02-23 12:40:00,8722440103,5058889192,29,up,232.598,134.904,23.26,2.9758,0
2026-02-23 12:45:00,9644330063,6133969271,8,up,257.182,163.573,25.718,0.8954,0
2026-02-23 12:50:00,9937145749,6404332898,6,up,264.991,170.782,26.499,0.6723,0
2026-02-23 12:55:00,9906002554,5856958223,64,up,264.16,156.186,26.416,6.4399,0
2026-02-23 13:00:00,9460449676,6267024810,41,up,252.279,167.121,25.228,4.1328,0
2026-02-23 13:05:00,10210517720,5286239237,7,up,272.28,140.966,27.228,0.7673,0
2026-02-23 13:10:00,9917530071,5304604724,30,up,264.467,141.456,26.447,3.0552,0
2026-02-23 13:15:00,7982629774,6170436327,18,up,212.87,164.545,21.287,1.8988,0
2026-02-23 13:20:00,10352800572,6488555751,5,up,276.075,173.028,27.607,0.5528,0
2026-02-23 13:25:00,10373202191,4650096728,24,up,276.619,124.003,27.662,2.4287,0
2026-02-23 13:30:00,5961412192,6375854857,75,up,158.971,170.023,15.897,7.5624,1
2026-02-23 13:35:00,9417680064,5608894919,3,up,251.138,149.571,25.114,0.3238,0
2026-02-23 13:40:00,10143745116,5861179617,20,up,270.5,156.298,27.05,2.0133,0
2026-02-23 13:45:00,9139521952,5035547095,28,up,243.721,134.281,24.372,2.854,0
2026-02-23 13:50:00,7407470212,5386835587,39,up,197.533,143.649,19.753,3.97,1
2026-02-23 13:55:00,12034356556,6695610234,16,up,320.916,178.55,32.092,1.6458,0
2026-02-23 14:00:00,5943535999,6023661629,50,up,158.494,160.631,15.849,5.0871,1
2026-02-23 14:05:00,7821324821,5724399550,0,up,208.569,152.651,20.857,0.0996,0
2026-02-23 14:10:00,9716795920,5916128386,4,up,259.115,157.763,25.911,0.4297,0
2026-02-23 14:15:00,10186757818,6352232513,4,up,271.647,169.393,27.165,0.479,0
2026-02-23 14:20:00,9115275329,6317156037,6,up,243.074,168.457,24.307,0.6463,0
2026-02-23 14:25:00,11009918246,5945980559,52,up,293.598,158.559,29.36,5.2047,0
2026-02-23 14:30:00,7869068475,6786930559,18,up,209.842,180.985,20.984,1.8525,0
2026-02-23 14:35:00,10154533450,6698733098,5,up,270.788,178.633,27.079,0.5091,0
2026-02-23 14:40:00,8693406576,6297627860,3,up,231.824,167.937,23.182,0.3382,0
2026-02-23 14:45:00,11309300144,6039320483,11,up,301.581,161.049,30.158,1.132,0
2026-02-23 14:50:00,11616579772,6473271188,51,up,309.775,172.621,30.978,5.1186,0
2026-02-23 14:55:00,8512511338,6226272543,14,up,227.0,166.034,22.7,1.4505,0
2026-02-23 15:00:00,8756748222,6763776051,5,up,233.513,180.367,23.351,0.5575,0
2026-02-23 15:05:00,10342036372,6647684191,16,up,275.788,177.272,27.579,1.6567,0
2026-02-23 15:10:00,8939478018,5266857190,25,up,238.386,140.45,23.839,2.5932,0
2026-02-23 15:15:00,6526738665,5218106517,46,up,174.046,139.15,17.405,4.6872,1
2026-02-23 15:20:00,9403561973,5495100328,31,up,250.762,146.536,25.076,3.1613,0
2026-02-23 15:25:00,7215367699,6702819856,16,up,192.41,178.742,19.241,1.6086,0
2026-02-23 15:30:00,9359432535,4865057522,0,up,249.585,129.735,24.958,0.0313,0
2026-02-23 15:35:00,8599056254,6284225320,35,up,229.308,167.579,22.931,3.5857,0
2026-02-23 15:40:00,8820236824,6261031025,39,up,235.206,166.961,23.521,3.9877,0
2026-02-23 15:45:00,10999086003,6837106602,31,up,293.309,182.323,29.331,3.1716,0
2026-02-23 15:50:00,7961429743,6129843857,13,up,212.305,163.463,21.23,1.339,0
2026-02-23 15:55:00,10289855835,5032889238,24,up,274.396,134.21,27.44,2.4134,0
2026-02-23 16:00:00,9061166703,5309264428,15,up,241.631,141.58,24.163,1.5669,0
2026-02-23 16:05:00,9060269810,5148963224,38,up,241.607,137.306,24.161,3.8594,0
2026-02-23 16:10:00,10264168383,5612680344,28,up,273.711,149.671,27.371,2.8034,0
2026-02-23 16:15:00,9757557706,5868310871,2,up,260.202,156.488,26.02,0.2731,0
2026-02-23 16:20:00,10016939621,5160882101,32,up,267.118,137.624,26.712,3.2969,0
2026-02-23 16:25:00,10464207743,7058876633,37,up,279.046,188.237,27.905,3.7194,0
2026-02-23 16:30:00,9002278068,5045797412,14,up,240.061,134.555,24.006,1.4821,0
2026-02-23 16:35:00,8686233673,6969194465,66,up,231.633,185.845,23.163,6.6744,0
2026-02-23 16:40:00,8154205657,6853317382,59,up,217.445,182.755,21.745,5.9251,0
2026-02-23 16:45:00,8446413153,6646777835,6,up,225.238,177.247,22.524,0.6162,0
2026-02-23 16:50:00,12692731228,5500488042,75,up,338.473,146.68,33.847,7.5078,0
2026-02-23 16:55:00,10775264528,6246564633,18,up,287.34,166.575,28.734,1.8604,0
2026-02-23 17:00:00,7855041338,5080292783,41,up,209.468,135.474,20.947,4.1166,0
2026-02-23 17:05:00,7887234798,6655853065,53,up,210.326,177.489,21.033,5.3841,0
2026-02-23 17:10:00,9917099319,5946730957,22,up,264.456,158.579,26.446,2.251,0
2026-02-23 17:15:00,9990672897,5705289445,16,up,266.418,152.141,26.642,1.6299,0
2026-02-23 17:20:00,9992494314,5118903710,79,up,266.467,136.504,26.647,7.9054,0
2026-02-23 17:25:00,9088174732,4216195594,8,up,242.351,112.432,24.235,0.8399,0
2026-02-23 17:30:00,9233863957,5252250582,9,up,246.236,140.06,24.624,0.9505,0
2026-02-23 17:35:00,9743864464,6801214700,14,up,259.836,181.366,25.984,1.4362,0
2026-02-23 17:40:00,9471629632,5709959931,62,up,252.577,152.266,25.258,6.2794,0
2026-02-23 17:45:00,6878287080,5878083222,89,up,183.421,156.749,18.342,8.9389,0
2026-02-23 17:50:00,9116475415,6471999137,7,up,243.106,172.587,24.311,0.7954,0
2026-02-23 17:55:00,8417167761,7300081592,63,up,224.458,194.669,22.446,6.3813,0
2026-02-23 18:00:00,9572112846,6954003351,9,up,255.256,185.44,25.526,0.9558,0
2026-02-23 18:05:00,12733416377,5299918797,112,up,339.558,141.331,33.956,11.2901,0
2026-02-23 18:10:00,6851891811,4601349188,45,up,182.717,122.703,18.272,4.5105,1
2026-02-23 18:15:00,9022279103,7698922266,0,up,240.594,205.305,24.059,0.0228,0
2026-02-23 18:20:00,10412026689,7633673960,1,up,277.654,203.565,27.765,0.1111,0
2026-02-23 18:25:00,9918023873,6135686589,5,up,264.481,163.618,26.448,0.5106,0
2026-02-23 18:30:00,9847606301,5085248463,6,up,262.603,135.607,26.26,0.6647,0
2026-02-23 18:35:00,10057706917,6693523104,46,up,268.206,178.494,26.821,4.67,0
2026-02-23 18:40:00,8182028057,5922251746,65,up,218.187,157.927,21.819,6.5975,1
2026-02-23 18:45:00,8102750510,5918653591,111,up,216.073,157.831,21.607,11.1307,0
2026-02-23 18:50:00,6935485260,6644010367,78,up,184.946,177.174,18.495,7.8664,1
2026-02-23 18:55:00,8332821228,6240749817,37,up,222.209,166.42,22.221,3.7739,0
2026-02-23 19:00:00,9999951727,5146213264,7,up,266.665,137.232,26.667,0.7861,0
2026-02-23 19:05:00,8341477674,5766185806,71,up,222.439,153.765,22.244,7.143,0
2026-02-23 19:10:00,8905462334,6476030108,35,up,237.479,172.694,23.748,3.5266,0
2026-02-23 19:15:00,9043023846,6367381600,63,up,241.147,169.797,24.115,6.3939,0
2026-02-23 19:20:00,10472793809,6188651933,100,up,279.275,165.031,27.927,10.0306,0
2026-02-23 19:25:00,10408261249,6672064527,4,up,277.554,177.922,27.755,0.4296,0
2026-02-23 19:30:00,7973567951,5739563768,3,up,212.628,153.055,21.263,0.325,0
2026-02-23 19:35:00,9436800874,6128642238,52,up,251.648,163.43,25.165,5.2052,0
2026-02-23 19:40:00,8576722663,3569583047,64,up,228.713,95.189,22.871,6.4347,0
2026-02-23 19:45:00,7959181975,5676251860,28,up,212.245,151.367,21.224,2.8048,0
2026-02-23 19:50:00,9130855818,6550010094,14,up,243.489,174.667,24.349,1.4583,0
2026-02-23 19:55:00,9027956862,5718915983,33,up,240.746,152.504,24.075,3.3836,0
2026-02-23 20:00:00,12105056047,5664316277,11,up,322.801,151.048,32.28,1.1674,0
2026-02-23 20:05:00,9862079803,5250153874,8,up,262.989,140.004,26.299,0.8714,0
2026-02-23 20:10:00,7825180311,6722423442,21,up,208.671,179.265,20.867,2.1431,0
2026-02-23 20:15:00,8739629245,6394893556,7,up,233.057,170.53,23.306,0.7793,0
2026-02-23 20:20:00,10524056207,6594298510,21,up,280.641,175.848,28.064,2.1154,0
2026-02-23 20:25:00,11724498119,4757125947,100,up,312.653,126.857,31.265,10.0398,0
2026-02-23 20:30:00,7590768773,5884475968,58,up,202.421,156.919,20.242,5.8599,0
2026-02-23 20:35:00,7260085066,5798320074,90,up,193.602,154.622,19.36,9.0911,0
2026-02-23 20:40:00,11479835822,5797988371,52,up,306.129,154.613,30.613,5.2531,0
2026-02-23 20:45:00,6869321164,5556460168,55,up,183.182,148.172,18.318,5.5587,1
2026-02-23 20:50:00,8398170676,5750804924,53,up,223.951,153.355,22.395,5.349,0
2026-02-23 20:55:00,9976457721,6611744243,82,up,266.039,176.313,26.604,8.2011,0
2026-02-23 21:00:00,6409783793,4622747025,94,up,170.928,123.273,17.093,9.402,0
2026-02-23 21:05:00,9378797444,7279652232,36,up,250.101,194.124,25.01,3.6783,0
2026-02-23 21:10:00,9743798819,6348365610,7,up,259.835,169.29,25.983,0.7599,0
2026-02-23 21:15:00,10414803906,5969521035,1,up,277.728,159.187,27.773,0.1297,0
2026-02-23 21:20:00,8234367053,6652920585,5,up,219.583,177.411,21.958,0.5095,0
2026-02-23 21:25:00,9471398056,4954678983,107,up,252.571,132.125,25.257,10.7781,0
2026-02-23 21:30:00,8333897295,5521415348,19,up,222.237,147.238,22.224,1.9842,0
2026-02-23 21:35:00,9662306725,5912825688,61,up,257.662,157.675,25.766,6.179,0
2026-02-23 21:40:00,8367735387,6983203466,20,up,223.14,186.219,22.314,2.0018,0
2026-02-23 21:45:00,8915886555,5966522461,34,up,237.757,159.107,23.776,3.4599,0
2026-02-23 21:50:00,8254707680,6324039363,0,up,220.126,168.641,22.013,0.0782,0
2026-02-23 21:55:00,10107528272,5575503122,9,up,269.534,148.68,26.953,0.92,0
2026-02-23 22:00:00,10340757506,6350526289,18,up,275.754,169.347,27.575,1.8342,0
2026-02-23 22:05:00,9111051858,7207612506,31,up,242.961,192.203,24.296,3.1871,0
2026-02-23 22:10:00,9418017744,6716779218,6,up,251.147,179.114,25.115,0.6021,0
2026-02-23 22:15:00,7745334658,5941351688,46,up,206.542,158.436,20.654,4.628,0
2026-02-23 22:20:00,9037863770,6486353410,14,up,241.01,172.969,24.101,1.4502,0
2026-02-23 22:25:00,9318519805,6415812207,54,up,248.494,171.088,24.849,5.4421,0
2026-02-23 22:30:00,8626374559,6364743123,60,up,230.037,169.726,23.004,6.0084,1
2026-02-23 22:35:00,8124037096,6800606419,36,up,216.641,181.35,21.664,3.6438,0
2026-02-23 22:40:00,11022199393,6795223946,11,up,293.925,181.206,29.393,1.111,0
2026-02-23 22:45:00,10496466120,5908445810,50,up,279.906,157.559,27.991,5.0772,0
2026-02-23 22:50:00,9690715955,6462152924,16,up,258.419,172.324,25.842,1.6462,0
2026-02-23 22:55:00,11353448044,5724171656,35,up,302.759,152.645,30.276,3.5029,0
2026-02-23 23:00:00,9793618656,5335387874,87,up,261.163,142.277,26.116,8.7128,0
2026-02-23 23:05:00,9812804095,5805964495,0,up,261.675,154.826,26.167,0.0667,0
2026-02-23 23:10:00,9315239265,5945079730,0,up,248.406,158.535,24.841,0.0358,0
2026-02-23 23:15:00,10751514992,4803661687,47,up,286.707,128.098,28.671,4.7069,0
2026-02-23 23:20:00,7425969521,6619439442,53,up,198.026,176.518,19.803,5.3261,1
2026-02-23 23:25:00,8671113051,4007525695,11,up,231.23,106.867,23.123,1.1094,0
2026-02-23 23:30:00,7890846906,7954668196,21,up,210.423,212.124,21.042,2.1824,0
2026-02-23 23:35:00,9146646782,7081352976,1,up,243.911,188.836,24.391,0.1371,0
2026-02-23 23:40:00,8474956615,5812073718,6,up,225.999,154.989,22.6,0.684,0
2026-02-23 23:45:00,9303534853,6006786979,17,up,248.094,160.181,24.809,1.768,0
2026-02-23 23:50:00,10767117901,6218139748,57,up,287.123,165.817,28.712,5.7473,0
2026-02-23 23:55:00,8860535638,5575804520,20,up,236.281,148.688,23.628,2.0905,0
2026-02-24 00:00:00,6528776587,6138685786,57,up,174.101,163.698,17.41,5.7409,1
2026-02-24 00:05:00,6608192903,5896320016,66,up,176.218,157.235,17.622,6.6279,1
2026-02-24 00:10:00,10329484742,5932123643,11,up,275.453,158.19,27.545,1.1819,0
2026-02-24 00:15:00,6847249499,6130651965,38,up,182.593,163.484,18.259,3.8602,0
2026-02-24 00:20:00,8692462168,5054259985,63,up,231.799,134.78,23.18,6.3299,0
2026-02-24 00:25:00,9612694153,6028490201,7,up,256.339,160.76,25.634,0.7245,0
2026-02-24 00:30:00,10725088825,6117682377,14,up,286.002,163.138,28.6,1.4106,0
2026-02-24 00:35:00,8821609746,6092771727,124,up,235.243,162.474,23.524,12.4882,0
2026-02-24 00:40:00,7263878205,5844601856,130,up,193.703,155.856,19.37,13.0799,0
2026-02-24 00:45:00,10072175376,6819257598,8,up,268.591,181.847,26.859,0.8084,0
2026-02-24 00:50:00,8660217312,5745370160,2,up,230.939,153.21,23.094,0.22,0
2026-02-24 00:55:00,8036625008,6163674652,10,up,214.31,164.365,21.431,1.0111,0
2026-02-24 01:00:00,8672611436,6934054224,16,up,231.27,184.908,23.127,1.6226,0
2026-02-24 01:05:00,9167408972,5942849179,18,up,244.464,158.476,24.446,1.8612,0
2026-02-24 01:10:00,8694662252,6154413552,30,up,231.858,164.118,23.186,3.0862,0
2026-02-24 01:15:00,6893738185,5930603061,73,up,183.833,158.149,18.383,7.3524,0
2026-02-24 01:20:00,10384199471,6890906251,12,up,276.912,183.758,27.691,1.2832,0
2026-02-24 01:25:00,10809234421,5814438315,60,up,288.246,155.052,28.825,6.0705,0
2026-02-24 01:30:00,10107962240,6924015295,3,up,269.546,184.64,26.955,0.3141,0
2026-02-24 01:35:00,8095103620,5925416715,1,up,215.869,158.011,21.587,0.1369,0
2026-02-24 01:40:00,9148322024,5381188999,22,up,243.955,143.498,24.396,2.2441,0
2026-02-24 01:45:00,9367663520,6489148682,1,up,249.804,173.044,24.98,0.1969,0
2026-02-24 01:50:00,10048643688,5780639159,15,up,267.964,154.15,26.796,1.5948,0
2026-02-24 01:55:00,10126883049,6446760647,72,up,270.05,171.914,27.005,7.2668,0
2026-02-24 02:00:00,8549054476,4034828842,8,up,227.975,107.595,22.797,0.8844,0
2026-02-24 02:05:00,9467245000,6003747788,39,up,252.46,160.1,25.246,3.9171,0
2026-02-24 02:10:00,9889440455,5669084184,11,up,263.718,151.176,26.372,1.1522,0
2026-02-24 02:15:00,11012800112,5234453745,1,up,293.675,139.585,29.367,0.1471,0
2026-02-24 02:20:00,10167569857,5601666478,26,up,271.135,149.378,27.114,2.6032,0
2026-02-24 02:25:00,10262688773,5586933736,57,up,273.672,148.985,27.367,5.763,0
2026-02-24 02:30:00,9469304956,5965450227,16,up,252.515,159.079,25.251,1.6855,0
2026-02-24 02:35:00,10961766538,5015524947,30,up,292.314,133.747,29.231,3.0736,0
2026-02-24 02:40:00,9835983145,6227717121,73,up,262.293,166.072,26.229,7.369,0
2026-02-24 02:45:00,8406276101,6983674645,49,up,224.167,186.231,22.417,4.9894,0
2026-02-24 02:50:00,10953791216,6202268517,6,up,292.101,165.394,29.21,0.6897,0
2026-02-24 02:55:00,10160141181,6582471798,42,up,270.937,175.533,27.094,4.2302,0
2026-02-24 03:00:00,8876575476,6788084967,22,up,236.709,181.016,23.671,2.2302,0
2026-02-24 03:05:00,8835570411,6890272448,43,up,235.615,183.741,23.562,4.3849,0
2026-02-24 03:10:00,9708647488,7346499858,21,up,258.897,195.907,25.89,2.1832,0
2026-02-24 03:15:00,9896082894,5640574561,4,up,263.896,150.415,26.39,0.4381,0
2026-02-24 03:20:00,9596953798,5482691530,27,up,255.919,146.205,25.592,2.7,0
2026-02-24 03:25:00,9725222257,6564095266,21,up,259.339,175.043,25.934,2.1681,0
2026-02-24 03:30:00,11287452046,6509951678,23,up,300.999,173.599,30.1,2.3349,0
2026-02-24 03:35:00,10580486046,6558486215,67,up,282.146,174.893,28.215,6.7557,0
2026-02-24 03:40:00,9589465040,7360283367,72,up,255.719,196.274,25.572,7.2072,0
2026-02-24 03:45:00,10433974403,6008186334,19,up,278.239,160.218,27.824,1.9337,0
2026-02-24 03:50:00,8213410608,6306832722,19,up,219.024,168.182,21.902,1.9466,0
2026-02-24 03:55:00,9822667931,5294120458,23,up,261.938,141.177,26.194,2.3168,0
2026-02-24 04:00:00,11410469643,7537431209,23,up,304.279,200.998,30.428,2.346,0
2026-02-24 04:05:00,9129698367,5757687656,96,up,243.459,153.538,24.346,9.6112,0
2026-02-24 04:10:00,8421411830,5778084531,33,up,224.571,154.082,22.457,3.354,0
2026-02-24 04:15:00,8641400000,5750340078,10,up,230.437,153.342,23.044,1.0399,0
2026-02-24 04:20:00,8149162832,5535674981,24,up,217.311,147.618,21.731,2.4266,0
2026-02-24 04:25:00,8492142853,5474805324,31,up,226.457,145.995,22.646,3.1577,0
2026-02-24 04:30:00,8958178389,5622932916,32,up,238.885,149.945,23.888,3.2673,0
2026-02-24 04:35:00,7793737103,5016626931,28,up,207.833,133.777,20.783,2.8163,0
2026-02-24 04:40:00,9392570625,5434571097,6,up,250.469,144.922,25.047,0.6262,0
2026-02-24 04:45:00,10390061820,7403253440,1,up,277.068,197.42,27.707,0.1093,0
2026-02-24 04:50:00,8353774297,6529671703,13,up,222.767,174.125,22.277,1.3192,0
2026-02-24 04:55:00,11084194414,6666651007,17,up,295.579,177.777,29.558,1.7849,0
2026-02-24 05:00:00,9949641099,6847590326,2,up,265.324,182.602,26.532,0.2041,0
2026-02-24 05:05:00,10534403158,7320576886,53,up,280.917,195.215,28.092,5.3991,0
2026-02-24 05:10:00,8634936126,4724575762,13,up,230.265,125.989,23.026,1.3495,0
2026-02-24 05:15:00,10336340880,5114484156,78,up,275.636,136.386,27.564,7.8373,0
2026-02-24 05:20:00,8146574362,5421318964,5,up,217.242,144.569,21.724,0.5367,0
2026-02-24 05:25:00,10376528438,5661794546,1,up,276.707,150.981,27.671,0.1876,0
2026-02-24 05:30:00,9568319257,5783590038,21,up,255.155,154.229,25.516,2.1068,0
2026-02-24 05:35:00,9997407622,5678176161,6,up,266.598,151.418,26.66,0.6709,0
2026-02-24 05:40:00,8052456068,6157902417,88,up,214.732,164.211,21.473,8.8671,0
2026-02-24 05:45:00,8368046427,6025412681,0,up,223.148,160.678,22.315,0.0331,0
2026-02-24 05:50:00,10046881745,5479558947,17,up,267.917,146.122,26.792,1.7027,0
2026-02-24 05:55:00,8308108495,4433604880,83,up,221.55,118.229,22.155,8.3643,0
2026-02-24 06:00:00,9896107078,5285134532,15,up,263.896,140.937,26.39,1.5526,0
2026-02-24 06:05:00,7836969967,5604548169,3,up,208.986,149.455,20.899,0.3127,0
2026-02-24 06:10:00,10329195989,5822102805,11,up,275.445,155.256,27.545,1.1546,0
2026-02-24 06:15:00,7988411270,5186639429,22,up,213.024,138.31,21.302,2.2054,0
2026-02-24 06:20:00,9996337429,5646619344,6,up,266.569,150.577,26.657,0.6552,0
2026-02-24 06:25:00,10078834800,5185689080,20,up,268.769,138.285,26.877,2.0109,0
2026-02-24 06:30:00,8591131704,5909410066,57,up,229.097,157.584,22.91,5.7919,0
2026-02-24 06:35:00,7020845921,5227374243,41,up,187.223,139.397,18.722,4.1841,1
2026-02-24 06:40:00,9667997546,5388788647,1,up,257.813,143.701,25.781,0.1616,0
2026-02-24 06:45:00,8768802911,5057747425,5,up,233.835,134.873,23.383,0.5614,0
2026-02-24 06:50:00,8240375980,5889479499,10,up,219.743,157.053,21.974,1.0303,0
2026-02-24 06:55:00,7167046096,5376157605,28,up,191.121,143.364,19.112,2.8913,0
2026-02-24 07:00:00,9768356303,6652884672,14,up,260.49,177.41,26.049,1.4331,0
2026-02-24 07:05:00,7614596882,6292212192,59,up,203.056,167.792,20.306,5.9461,0
2026-02-24 07:10:00,9482262224,5949706654,40,up,252.86,158.659,25.286,4.0357,0
2026-02-24 07:15:00,6355034529,5425810441,47,up,169.468,144.688,16.947,4.7376,1
2026-02-24 07:20:00,10139035622,6273974619,31,up,270.374,167.306,27.037,3.1349,0
2026-02-24 07:25:00,9035198813,6497304640,3,up,240.939,173.261,24.094,0.3838,0
2026-02-24 07:30:00,9004371240,6102735656,9,up,240.117,162.74,24.012,0.9421,0
2026-02-24 07:35:00,10198354542,7154665335,6,up,271.956,190.791,27.196,0.6267,0
2026-02-24 07:40:00,9751940282,6330938869,6,up,260.052,168.825,26.005,0.6081,0
2026-02-24 07:45:00,9730675451,6657797196,30,up,259.485,177.541,25.948,3.0661,0
2026-02-24 07:50:00,9902926038,6096167099,26,up,264.078,162.564,26.408,2.6535,0
2026-02-24 07:55:00,7647481361,6486478406,6,up,203.933,172.973,20.393,0.6196,0
2026-02-24 08:00:00,10226387264,5426317512,147,up,272.704,144.702,27.27,14.7923,0
2026-02-24 08:05:00,10064027393,5669953178,17,up,268.374,151.199,26.837,1.7533,0
2026-02-24 08:10:00,5761862036,6251541758,52,up,153.65,166.708,15.365,5.2298,1
2026-02-24 08:15:00,9100409467,6246311626,4,up,242.678,166.568,24.268,0.4111,0
2026-02-24 08:20:00,9330779301,6365480512,28,up,248.821,169.746,24.882,2.8058,0
2026-02-24 08:25:00,9223691117,6792282882,123,up,245.965,181.128,24.597,12.3729,0
2026-02-24 08:30:00,9750592462,4974020756,27,up,260.016,132.641,26.002,2.7153,0
2026-02-24 08:35:00,10985287629,5298394165,95,up,292.941,141.291,29.294,9.5256,0
2026-02-24 08:40:00,10591987568,6165292301,18,up,282.453,164.408,28.245,1.8791,0
2026-02-24 08:45:00,7898753407,5478458185,18,up,210.633,146.092,21.063,1.8317,0
2026-02-24 08:50:00,10074828739,8431993133,22,up,268.662,224.853,26.866,2.2181,0
2026-02-24 08:55:00,10870049984,6371318125,38,up,289.868,169.902,28.987,3.8254,0
2026-02-24 09:00:00,9810159585,5943601788,14,up,261.604,158.496,26.16,1.4664,0
2026-02-24 09:05:00,10602352978,5628862123,63,up,282.729,150.103,28.273,6.3816,0
2026-02-24 09:10:00,8147162975,5654283156,71,up,217.258,150.781,21.726,7.1174,1
2026-02-24 09:15:00,10526673239,6021701276,18,up,280.711,160.579,28.071,1.8541,0
2026-02-24 09:20:00,9655472170,6080626991,22,up,257.479,162.15,25.748,2.2892,0
2026-02-24 09:25:00,10550724533,5671176615,29,up,281.353,151.231,28.135,2.9889,0
2026-02-24 09:30:00,9537998812,5803330382,10,up,254.347,154.755,25.435,1.0338,0
2026-02-24 09:35:00,9401890923,6967884894,17,up,250.717,185.81,25.072,1.7847,0
2026-02-24 09:40:00,8979658984,6996843573,21,up,239.458,186.582,23.946,2.1206,0
2026-02-24 09:45:00,11133840028,6181464465,37,up,296.902,164.839,29.69,3.716,0
2026-02-24 09:50:00,5917987425,5034292996,70,up,157.813,134.248,15.781,7.0659,1
2026-02-24 09:55:00,11098913690,6387722272,42,up,295.971,170.339,29.597,4.284,0
2026-02-24 10:00:00,9937347139,7119083357,13,up,264.996,189.842,26.5,1.3373,0
2026-02-24 10:05:00,5460546387,6986242393,76,up,145.615,186.3,14.561,7.6417,1
2026-02-24 10:10:00,9788605454,6528786614,60,up,261.029,174.101,26.103,6.0424,0
2026-02-24 10:15:00,7012470178,7024144527,9,up,186.999,187.311,18.7,0.9636,0
2026-02-24 10:20:00,10078696518,6038436676,6,up,268.765,161.025,26.877,0.6945,0
2026-02-24 10:25:00,10370885418,6452234138,12,up,276.557,172.06,27.656,1.2061,0
2026-02-24 10:30:00,8708599549,5509841592,19,up,232.229,146.929,23.223,1.9268,0
2026-02-24 10:35:00,9513991157,6210431128,60,up,253.706,165.611,25.371,6.0879,0
2026-02-24 10:40:00,11573427112,6957264655,48,up,308.625,185.527,30.862,4.8215,0
2026-02-24 10:45:00,8806034957,5575615143,60,up,234.828,148.683,23.483,6.0975,0
2026-02-24 10:50:00,8183728964,5379760730,10,up,218.233,143.46,21.823,1.0157,0
2026-02-24 10:55:00,11041871327,6070192036,28,up,294.45,161.872,29.445,2.8802,0
2026-02-24 11:00:00,11582910589,5836803213,10,up,308.878,155.648,30.888,1.0657,0
2026-02-24 11:05:00,9379157630,6467386359,3,up,250.111,172.464,25.011,0.3694,0
2026-02-24 11:10:00,10512895914,5673653141,36,up,280.344,151.297,28.034,3.6884,0
2026-02-24 11:15:00,10884160404,7237276523,4,up,290.244,192.994,29.024,0.4938,0
2026-02-24 11:20:00,8539705238,5071433209,35,up,227.725,135.238,22.773,3.5255,0
2026-02-24 11:25:00,6180321654,6902689046,36,up,164.809,184.072,16.481,3.6873,1
2026-02-24 11:30:00,10759733827,5449308555,53,up,286.926,145.315,28.693,5.3185,0
2026-02-24 11:35:00,11270641063,4706892431,4,up,300.55,125.517,30.055,0.481,0
2026-02-24 11:40:00,10008240967,6171270112,48,up,266.886,164.567,26.689,4.8962,0
2026-02-24 11:45:00,8385208852,5816682250,231,up,223.606,155.112,22.361,23.1406,0
2026-02-24 11:50:00,11610443750,5201081255,60,up,309.612,138.696,30.961,6.0931,0
2026-02-24 11:55:00,8777657739,4789408637,44,up,234.071,127.718,23.407,4.4594,0
2026-02-24 12:00:00,8997969996,5993980233,34,up,239.946,159.839,23.995,3.4726,0
2026-02-24 12:05:00,9760130063,6702602561,17,up,260.27,178.736,26.027,1.753,0
2026-02-24 12:10:00,11123430473,6421166515,41,up,296.625,171.231,29.662,4.1958,0
2026-02-24 12:15:00,10335722973,6040828787,41,up,275.619,161.089,27.562,4.1216,0
2026-02-24 12:20:00,9841723687,6344770252,31,up,262.446,169.194,26.245,3.1946,0
2026-02-24 12:25:00,9896199596,5980405824,50,up,263.899,159.477,26.39,5.0912,0
2026-02-24 12:30:00,9423954002,4970598545,19,up,251.305,132.549,25.131,1.9059,0
2026-02-24 12:35:00,10002906953,4976956330,4,up,266.744,132.719,26.674,0.4136,0
2026-02-24 12:40:00,6529244912,5853718659,26,up,174.113,156.099,17.411,2.6204,0
2026-02-24 12:45:00,9041316608,5884329633,9,up,241.102,156.915,24.11,0.9854,0
2026-02-24 12:50:00,9646487176,6612707528,15,up,257.24,176.339,25.724,1.5527,0
2026-02-24 12:55:00,8080109155,6545259041,0,up,215.47,174.54,21.547,0.0562,0
2026-02-24 13:00:00,9809613732,6435695771,15,up,261.59,171.619,26.159,1.5442,0
2026-02-24 13:05:00,9144969876,5798196446,52,up,243.866,154.619,24.387,5.2942,0
2026-02-24 13:10:00,11349910160,5005930437,25,up,302.664,133.491,30.266,2.5039,0
2026-02-24 13:15:00,11144647190,6296691218,0,up,297.191,167.912,29.719,0.0315,0
2026-02-24 13:20:00,8850968734,6378121905,20,up,236.026,170.083,23.603,2.0307,0
2026-02-24 13:25:00,9205307574,4280257347,11,up,245.475,114.14,24.547,1.1025,0
2026-02-24 13:30:00,9291808988,5399276505,20,up,247.782,143.981,24.778,2.0775,0
2026-02-24 13:35:00,8866883089,5502440848,16,up,236.45,146.732,23.645,1.6598,0
2026-02-24 13:40:00,9594403107,6085212144,86,up,255.851,162.272,25.585,8.6014,0
2026-02-24 13:45:00,8521932672,5421580488,1,up,227.252,144.575,22.725,0.1346,0
2026-02-24 13:50:00,8103057748,5972543110,36,up,216.082,159.268,21.608,3.6823,0
2026-02-24 13:55:00,10075550126,5848414842,60,up,268.681,155.958,26.868,6.0928,0
2026-02-24 14:00:00,10083220782,5885412380,102,up,268.886,156.944,26.889,10.2401,0
2026-02-24 14:05:00,8470144770,5484196108,6,up,225.871,146.245,22.587,0.6258,0
2026-02-24 14:10:00,10382274859,5539930761,24,up,276.861,147.731,27.686,2.425,0
2026-02-24 14:15:00,8664475054,5222207716,1,up,231.053,139.259,23.105,0.1426,0
2026-02-24 14:20:00,9659810892,6273648557,22,up,257.595,167.297,25.759,2.2128,0
2026-02-24 14:25:00,10297887014,6411193892,4,up,274.61,170.965,27.461,0.429,0
2026-02-24 14:30:00,6536030105,5445155075,55,up,174.294,145.204,17.429,5.5848,1
2026-02-24 14:35:00,9886583526,7094860869,3,up,263.642,189.196,26.364,0.3869,0
2026-02-24 14:40:00,8794016650,5773486957,23,up,234.507,153.96,23.451,2.3043,0
2026-02-24 14:45:00,9153975093,7101733649,23,up,244.106,189.38,24.411,2.356,0
2026-02-24 14:50:00,9143408140,5537668434,114,up,243.824,147.671,24.382,11.4021,0
2026-02-24 14:55:00,8535099360,4540864000,34,up,227.603,121.09,22.76,3.4053,0
2026-02-24 15:00:00,9176129066,6289582433,10,up,244.697,167.722,24.47,1.0862,0
2026-02-24 15:05:00,7632804413,6178952475,8,up,203.541,164.772,20.354,0.8816,0
2026-02-24 15:10:00,8822452034,6024763532,4,up,235.265,160.66,23.527,0.4392,0
2026-02-24 15:15:00,9054515069,5537592615,45,up,241.454,147.669,24.145,4.5206,0
2026-02-24 15:20:00,9086797778,5975107997,37,up,242.315,159.336,24.231,3.7556,0
2026-02-24 15:25:00,9103315373,5631893190,30,up,242.755,150.184,24.276,3.0121,0
2026-02-24 15:30:00,9305515275,5782308312,1,up,248.147,154.195,24.815,0.1334,0
2026-02-24 15:35:00,9914371707,6605975224,46,up,264.383,176.159,26.438,4.6047,0
2026-02-24 15:40:00,10358831708,6132636405,32,up,276.236,163.537,27.624,3.2861,0
2026-02-24 15:45:00,8644014119,6439164998,106,up,230.507,171.711,23.051,10.6277,0
2026-02-24 15:50:00,8021399037,5833054675,28,up,213.904,155.548,21.39,2.8314,0
2026-02-24 15:55:00,8202700036,5753747511,11,up,218.739,153.433,21.874,1.1595,0
2026-02-24 16:00:00,8826896713,5169492577,15,up,235.384,137.853,23.538,1.5376,0
2026-02-24 16:05:00,6285361962,5733573638,38,up,167.61,152.895,16.761,3.8859,1
2026-02-24 16:10:00,8508754425,3608797519,41,up,226.9,96.235,22.69,4.107,0
2026-02-24 16:15:00,7916868752,5575040184,39,up,211.117,148.668,21.112,3.9362,0
2026-02-24 16:20:00,8861864069,5941050592,7,up,236.316,158.428,23.632,0.7167,0
2026-02-24 16:25:00,9579104947,6405845031,5,up,255.443,170.823,25.544,0.5522,0
2026-02-24 16:30:00,10044408149,5806551928,2,up,267.851,154.841,26.785,0.2564,0
2026-02-24 16:35:00,8747899065,6250324950,77,up,233.277,166.675,23.328,7.7765,0
2026-02-24 16:40:00,8910377450,4430552163,8,up,237.61,118.148,23.761,0.8492,0
2026-02-24 16:45:00,8332464402,5959077466,13,up,222.199,158.909,22.22,1.3499,0
2026-02-24 16:50:00,9339630933,4790757989,10,up,249.057,127.754,24.906,1.0535,0
2026-02-24 16:55:00,8420517786,5130021468,17,up,224.547,136.801,22.455,1.7081,0
2026-02-24 17:00:00,10019768789,5865240805,40,up,267.194,156.406,26.719,4.0062,0
2026-02-24 17:05:00,7365900196,6918910071,65,up,196.424,184.504,19.642,6.5434,0
2026-02-24 17:10:00,8970416618,6267268869,6,up,239.211,167.127,23.921,0.6452,0
2026-02-24 17:15:00,9713745756,6013126317,37,up,259.033,160.35,25.903,3.711,0
2026-02-24 17:20:00,9581813830,5985938119,13,up,255.515,159.625,25.552,1.3911,0
2026-02-24 17:25:00,12404662871,5486187196,126,up,330.791,146.298,33.079,12.604,0
2026-02-24 17:30:00,9768525027,5608331942,11,up,260.494,149.556,26.049,1.1364,0
2026-02-24 17:35:00,8245438578,6307710752,0,up,219.878,168.206,21.988,0.0231,0
2026-02-24 17:40:00,9267602722,5002540426,23,up,247.136,133.401,24.714,2.3198,0
2026-02-24 17:45:00,7376722874,6426998916,5,up,196.713,171.387,19.671,0.5228,0
2026-02-24 17:50:00,9284325282,5720274911,1,up,247.582,152.541,24.758,0.1456,0
2026-02-24 17:55:00,8437811935,6594401093,38,up,225.008,175.851,22.501,3.8343,0
2026-02-24 18:00:00,10404814060,6691987289,42,up,277.462,178.453,27.746,4.2168,0
2026-02-24 18:05:00,8756767191,4795379510,19,up,233.514,127.877,23.351,1.9759,0
2026-02-24 18:10:00,9243638344,5581261850,36,up,246.497,148.834,24.65,3.6152,0
2026-02-24 18:15:00,6061998199,5384020064,62,up,161.653,143.574,16.165,6.2781,1
2026-02-24 18:20:00,11331207770,4694835865,31,up,302.166,125.196,30.217,3.1799,0
2026-02-24 18:25:00,9013601888,5256576041,29,up,240.363,140.175,24.036,2.9059,0
2026-02-24 18:30:00,8005638671,7757704208,52,up,213.484,206.872,21.348,5.2621,1
2026-02-24 18:35:00,10290920732,6438847125,7,up,274.425,171.703,27.442,0.7126,0
2026-02-24 18:40:00,9917325068,7380447337,10,up,264.462,196.812,26.446,1.0014,0
2026-02-24 18:45:00,9789824790,6596950876,18,up,261.062,175.919,26.106,1.8552,0
2026-02-24 18:50:00,9818021960,5465872924,18,up,261.814,145.757,26.181,1.8906,0
2026-02-24 18:55:00,7206368348,5725124738,47,up,192.17,152.67,19.217,4.7649,0
2026-02-24 19:00:00,9061256181,6423674049,14,up,241.633,171.298,24.163,1.4653,0
2026-02-24 19:05:00,10325802717,6315004466,5,up,275.355,168.4,27.535,0.5675,0
2026-02-24 19:10:00,9319990668,5584313748,9,up,248.533,148.915,24.853,0.9268,0
2026-02-24 19:15:00,7794161422,4912804917,7,up,207.844,131.008,20.784,0.7735,0
2026-02-24 19:20:00,9316044993,8367188054,42,up,248.428,223.125,24.843,4.2096,0
2026-02-24 19:25:00,11292118705,5898372235,20,up,301.123,157.29,30.112,2.0337,0
2026-02-24 19:30:00,10777753179,5765467996,39,up,287.407,153.746,28.741,3.9461,0
2026-02-24 19:35:00,9305245489,6081600814,17,up,248.14,162.176,24.814,1.7223,0
2026-02-24 19:40:00,10445380436,5825235415,70,up,278.543,155.34,27.854,7.0556,0
2026-02-24 19:45:00,8962679602,6088364813,131,up,239.005,162.356,23.9,13.138,0
2026-02-24 19:50:00,7458144464,6926602046,35,up,198.884,184.709,19.888,3.5462,0
2026-02-24 19:55:00,8334975763,5910325094,63,up,222.266,157.609,22.227,6.3799,0
2026-02-24 20:00:00,11133249864,5162848483,22,up,296.887,137.676,29.689,2.2693,0
2026-02-24 20:05:00,9066757782,5883616467,87,up,241.78,156.896,24.178,8.7282,0
2026-02-24 20:10:00,9101193023,5665630717,57,up,242.698,151.083,24.27,5.7003,0
2026-02-24 20:15:00,9037682029,7025207234,153,up,241.005,187.339,24.1,15.3632,0
2026-02-24 20:20:00,11517153663,6843205726,31,up,307.124,182.485,30.712,3.1224,0
2026-02-24 20:25:00,11204203779,6077418000,48,up,298.779,162.064,29.878,4.8337,0
2026-02-24 20:30:00,11871127762,5079310184,25,up,316.563,135.448,31.656,2.5049,0
2026-02-24 20:35:00,9196074138,5117357570,9,up,245.229,136.463,24.523,0.9597,0
2026-02-24 20:40:00,9707577549,6010888748,14,up,258.869,160.29,25.887,1.402,0
2026-02-24 20:45:00,7668777131,6242152537,71,up,204.501,166.457,20.45,7.182,0
2026-02-24 20:50:00,11036551229,5730271570,1,up,294.308,152.807,29.431,0.1842,0
2026-02-24 20:55:00,8061248004,5654277899,28,up,214.967,150.781,21.497,2.8647,0
2026-02-24 21:00:00,9618872509,5573184552,14,up,256.503,148.618,25.65,1.4912,0
2026-02-24 21:05:00,8140534656,5983156348,15,up,217.081,159.551,21.708,1.5644,0
2026-02-24 21:10:00,8712524819,4284411106,69,up,232.334,114.251,23.233,6.9091,0
2026-02-24 21:15:00,8433079765,5207044827,61,up,224.882,138.855,22.488,6.1534,0
2026-02-24 21:20:00,8691140331,5548523391,29,up,231.764,147.961,23.176,2.9229,0
2026-02-24 21:25:00,8768486958,6869402300,10,up,233.826,183.184,23.383,1.0199,0
2026-02-24 21:30:00,8758197605,5414054177,20,up,233.552,144.375,23.355,2.0647,0
2026-02-24 21:35:00,10312500650,6129937062,16,up,275.0,163.465,27.5,1.6792,0
2026-02-24 21:40:00,8132029357,6163110780,13,up,216.854,164.35,21.685,1.3964,0
2026-02-24 21:45:00,9623109105,6934499884,3,up,256.616,184.92,25.662,0.3471,0
2026-02-24 21:50:00,10745204046,6909055733,25,up,286.539,184.241,28.654,2.5066,0
2026-02-24 21:55:00,8797654089,5958597862,11,up,234.604,158.896,23.46,1.1497,0
2026-02-24 22:00:00,8567341247,5657650986,34,up,228.462,150.871,22.846,3.4598,0
2026-02-24 22:05:00,9115659796,5522040165,12,up,243.084,147.254,24.308,1.2304,0
2026-02-24 22:10:00,10702190859,5826434479,18,up,285.392,155.372,28.539,1.8053,0
2026-02-24 22:15:00,9593371084,5687495984,1,up,255.823,151.667,25.582,0.1721,0
2026-02-24 22:20:00,8777383918,6398611734,156,up,234.064,170.63,23.406,15.6734,0
2026-02-24 22:25:00,9919361232,6302623068,22,up,264.516,168.07,26.452,2.2672,0
2026-02-24 22:30:00,8134921331,6426096857,0,up,216.931,171.363,21.693,0.0785,0
2026-02-24 22:35:00,7099070614,6906684272,46,up,189.309,184.178,18.931,4.6101,1
2026-02-24 22:40:00,9834683221,7341265767,65,up,262.258,195.767,26.226,6.5374,0
2026-02-24 22:45:00,9028715469,6089757643,47,up,240.766,162.394,24.077,4.7387,0
2026-02-24 22:50:00,8431590976,6791613915,38,up,224.842,181.11,22.484,3.8624,0
2026-02-24 22:55:00,8377483962,5746804667,4,up,223.4,153.248,22.34,0.4806,0
2026-02-24 23:00:00,9976669503,6853205028,34,up,266.045,182.752,26.604,3.431,0
2026-02-24 23:05:00,10757603065,6764286593,46,up,286.869,180.381,28.687,4.6519,0
2026-02-24 23:10:00,8658028784,6726059498,27,up,230.881,179.362,23.088,2.7188,0
2026-02-24 23:15:00,9890685041,6067730285,71,up,263.752,161.806,26.375,7.1443,0
2026-02-24 23:20:00,4918966222,5518782121,61,up,131.172,147.168,13.117,6.1537,1
2026-02-24 23:25:00,8717305053,4995939524,8,up,232.461,133.225,23.246,0.8872,0
2026-02-24 23:30:00,9340058700,5971173210,65,up,249.068,159.231,24.907,6.5181,0
2026-02-24 23:35:00,8351606155,7103769030,31,up,222.709,189.434,22.271,3.1421,0
2026-02-24 23:40:00,8321430328,5776911671,0,up,221.905,154.051,22.19,0.0046,0
2026-02-24 23:45:00,8623747998,6565291141,13,up,229.967,175.074,22.997,1.394,0
2026-02-24 23:50:00,9703716819,6607645008,62,up,258.766,176.204,25.877,6.2429,0
2026-02-24 23:55:00,9164254854,5795745920,0,up,244.38,154.553,24.438,0.0886,0
2026-02-25 00:00:00,6856989862,6947768283,0,up,182.853,185.274,18.285,0.0104,0
2026-02-25 00:05:00,6989212328,3905764263,10,up,186.379,104.154,18.638,1.0568,0
2026-02-25 00:10:00,8692276674,5119619799,78,up,231.794,136.523,23.179,7.8509,0
2026-02-25 00:15:00,9889897409,5340744746,74,up,263.731,142.42,26.373,7.4159,0
2026-02-25 00:20:00,6284057051,5409805183,23,up,167.575,144.261,16.757,2.3405,0
2026-02-25 00:25:00,8812803551,6242109324,25,up,235.008,166.456,23.501,2.5783,0
2026-02-25 00:30:00,8782971161,6208827218,12,up,234.213,165.569,23.421,1.2911,0
2026-02-25 00:35:00,10936880000,6283673211,8,up,291.65,167.565,29.165,0.894,0
2026-02-25 00:40:00,8941850461,6429178675,54,up,238.449,171.445,23.845,5.4035,0
2026-02-25 00:45:00,9805862607,5315924710,3,up,261.49,141.758,26.149,0.3596,0
2026-02-25 00:50:00,9533914282,5122913231,21,up,254.238,136.611,25.424,2.1381,0
2026-02-25 00:55:00,6978112710,6285350171,32,up,186.083,167.609,18.608,3.2199,0
2026-02-25 01:00:00,10239233118,5546232906,3,up,273.046,147.9,27.305,0.3503,0
2026-02-25 01:05:00,9617321068,4869257967,23,up,256.462,129.847,25.646,2.3461,0
2026-02-25 01:10:00,9946802219,6699367884,27,up,265.248,178.65,26.525,2.7572,0
2026-02-25 01:15:00,13792017419,7004473372,43,up,367.787,186.786,36.779,4.3415,0
2026-02-25 01:20:00,7030372943,7121155840,8,up,187.477,189.897,18.748,0.8565,0
2026-02-25 01:25:00,11315283730,6134645559,11,up,301.741,163.591,30.174,1.111,0
2026-02-25 01:30:00,9051621540,6450671109,26,up,241.377,172.018,24.138,2.6971,0
2026-02-25 01:35:00,9698245017,6986305120,130,up,258.62,186.301,25.862,13.0624,0
2026-02-25 01:40:00,9323798724,5538180631,7,up,248.635,147.685,24.863,0.7848,0
2026-02-25 01:45:00,8897734124,6799687932,136,up,237.273,181.325,23.727,13.6379,0
2026-02-25 01:50:00,8733937955,6198285288,40,up,232.905,165.288,23.291,4.0095,0
2026-02-25 01:55:00,9745697327,6657872389,55,up,259.885,177.543,25.989,5.5973,0
2026-02-25 02:00:00,7668179591,6133986975,3,up,204.485,163.573,20.448,0.3005,0
2026-02-25 02:05:00,10219401563,6933304831,11,up,272.517,184.888,27.252,1.1433,0
2026-02-25 02:10:00,8906781294,6160937109,1,up,237.514,164.292,23.751,0.1903,0
2026-02-25 02:15:00,8103671993,4931535077,14,up,216.098,131.508,21.61,1.4864,0
2026-02-25 02:20:00,8868735534,7045387175,127,up,236.5,187.877,23.65,12.7318,0
2026-02-25 02:25:00,10789292868,5317777866,3,up,287.714,141.807,28.771,0.356,0
2026-02-25 02:30:00,8772748027,6902201911,26,up,233.94,184.059,23.394,2.6444,0
2026-02-25 02:35:00,9778260320,5935025125,0,up,260.754,158.267,26.075,0.0195,0
2026-02-25 02:40:00,8552674189,6846727909,39,up,228.071,182.579,22.807,3.9909,0
2026-02-25 02:45:00,10227662081,6817033402,7,up,272.738,181.788,27.274,0.7028,0
2026-02-25 02:50:00,10146196206,6309702941,4,up,270.565,168.259,27.057,0.4441,0
2026-02-25 02:55:00,11454684937,6366145428,13,up,305.458,169.764,30.546,1.3152,0
2026-02-25 03:00:00,9177490561,6304292604,47,up,244.733,168.114,24.473,4.7175,0
2026-02-25 03:05:00,10127236655,4550046175,3,up,270.06,121.335,27.006,0.3608,0
2026-02-25 03:10:00,9485325981,6085197757,8,up,252.942,162.272,25.294,0.8357,0
2026-02-25 03:15:00,10832855754,5196433793,0,up,288.876,138.572,28.888,0.0272,0
2026-02-25 03:20:00,8566313563,6123254743,110,up,228.435,163.287,22.844,11.0562,0
2026-02-25 03:25:00,10213130976,5177081366,28,up,272.35,138.056,27.235,2.8699,0
2026-02-25 03:30:00,9155965541,5146834602,40,up,244.159,137.249,24.416,4.0723,0
2026-02-25 03:35:00,9302788300,7155552841,33,up,248.074,190.815,24.807,3.3721,0
2026-02-25 03:40:00,9478221545,6770002119,4,up,252.753,180.533,25.275,0.4989,0
2026-02-25 03:45:00,9658770445,5997017338,28,up,257.567,159.92,25.757,2.8919,0
2026-02-25 03:50:00,9244242326,6133033428,4,up,246.513,163.548,24.651,0.4508,0
2026-02-25 03:55:00,9616552331,5821500461,16,up,256.441,155.24,25.644,1.6412,0
2026-02-25 04:00:00,11150382814,6410310990,26,up,297.344,170.942,29.734,2.693,0
2026-02-25 04:05:00,10483630896,5513240856,26,up,279.563,147.02,27.956,2.619,0
2026-02-25 04:10:00,10352798916,6715492989,4,up,276.075,179.08,27.607,0.4057,0
2026-02-25 04:15:00,8862518033,5817777474,1,up,236.334,155.141,23.633,0.1121,0
2026-02-25 04:20:00,8374604068,5697710163,51,up,223.323,151.939,22.332,5.1221,0
2026-02-25 04:25:00,10449713128,6015633373,41,up,278.659,160.417,27.866,4.1419,0
2026-02-25 04:30:00,10360552641,5574374282,2,up,276.281,148.65,27.628,0.2732,0
2026-02-25 04:35:00,11031754510,6236651291,4,up,294.18,166.311,29.418,0.4361,0
2026-02-25 04:40:00,8695521795,5613098935,71,up,231.881,149.683,23.188,7.1393,0
2026-02-25 04:45:00,9116757762,6337336994,46,up,243.114,168.996,24.311,4.6909,0
2026-02-25 04:50:00,7530580317,6875524708,177,up,200.815,183.347,20.082,17.7996,0
2026-02-25 04:55:00,8933470005,5482088385,9,up,238.226,146.189,23.823,0.9376,0
2026-02-25 05:00:00,10496141824,5905985670,21,up,279.897,157.493,27.99,2.1409,0
2026-02-25 05:05:00,8850192698,6332158113,8,up,236.005,168.858,23.601,0.8633,0
2026-02-25 05:10:00,10095539769,5686182704,31,up,269.214,151.632,26.921,3.1199,0
2026-02-25 05:15:00,9160684005,6334310803,3,up,244.285,168.915,24.428,0.3924,0
2026-02-25 05:20:00,9739564156,6399887179,4,up,259.722,170.664,25.972,0.4355,0
2026-02-25 05:25:00,8083847186,6779948478,2,up,215.569,180.799,21.557,0.2387,0
2026-02-25 05:30:00,9470860630,5563687166,37,up,252.556,148.365,25.256,3.785,0
2026-02-25 05:35:00,6009972032,5321201827,21,up,160.266,141.899,16.027,2.1804,0
2026-02-25 05:40:00,9164741822,5778544279,30,up,244.393,154.095,24.439,3.0772,0
2026-02-25 05:45:00,5278502320,5303218315,53,up,140.76,141.419,14.076,5.3079,1
2026-02-25 05:50:00,10731743831,6406438706,43,up,286.18,170.838,28.618,4.3147,0
2026-02-25 05:55:00,10249583271,5163539063,19,up,273.322,137.694,27.332,1.982,0
2026-02-25 06:00:00,9900004854,7679771821,133,up,264.0,204.794,26.4,13.3045,0
2026-02-25 06:05:00,11086132005,6933068060,19,up,295.63,184.882,29.563,1.9497,0
2026-02-25 06:10:00,8307468914,6009054554,3,up,221.533,160.241,22.153,0.3817,0
2026-02-25 06:15:00,11340783597,6624524034,157,up,302.421,176.654,30.242,15.7238,0
2026-02-25 06:20:00,10423715509,4821502657,0,up,277.966,128.573,27.797,0.0739,0
2026-02-25 06:25:00,9108875301,7816828798,25,up,242.903,208.449,24.29,2.5544,0
2026-02-25 06:30:00,10652572665,5575045479,11,up,284.069,148.668,28.407,1.1832,0
2026-02-25 06:35:00,8130419798,5913241861,22,up,216.811,157.686,21.681,2.2409,0
2026-02-25 06:40:00,8447421568,4663728033,26,up,225.265,124.366,22.526,2.6178,0
2026-02-25 06:45:00,8690336561,6350126859,8,up,231.742,169.337,23.174,0.8786,0
2026-02-25 06:50:00,8779900078,5203432206,26,up,234.131,138.758,23.413,2.6044,0
2026-02-25 06:55:00,8186372651,6073192148,45,up,218.303,161.952,21.83,4.5147,0
2026-02-25 07:00:00,10750968450,5608122408,9,up,286.692,149.55,28.669,0.9918,0
2026-02-25 07:05:00,9083788799,5224024366,15,up,242.234,139.307,24.223,1.5474,0
2026-02-25 07:10:00,9771568089,5420859718,9,up,260.575,144.556,26.058,0.9994,0
2026-02-25 07:15:00,8733354712,6162567384,54,up,232.889,164.335,23.289,5.4973,0
2026-02-25 07:20:00,7326821286,5077326499,41,up,195.382,135.395,19.538,4.1309,0
2026-02-25 07:25:00,9678814528,5460855596,65,up,258.102,145.623,25.81,6.5583,0
2026-02-25 07:30:00,7223713152,6477556834,5,up,192.632,172.735,19.263,0.5964,0
2026-02-25 07:35:00,9297786698,7873785509,2,up,247.941,209.968,24.794,0.2446,0
2026-02-25 07:40:00,7835645581,6343863950,4,up,208.951,169.17,20.895,0.4068,0
2026-02-25 07:45:00,11610685499,5339571617,5,up,309.618,142.389,30.962,0.5618,0
2026-02-25 07:50:00,10400283062,5735677797,24,up,277.341,152.951,27.734,2.4371,0
2026-02-25 07:55:00,9493973015,6022744084,113,up,253.173,160.607,25.317,11.3198,0
2026-02-25 08:00:00,10796670012,5748414035,14,up,287.911,153.291,28.791,1.4143,0
2026-02-25 08:05:00,8422894525,6650201880,101,up,224.611,177.339,22.461,10.1832,0
2026-02-25 08:10:00,9986414301,6156580907,1,up,266.304,164.175,26.63,0.1246,0
2026-02-25 08:15:00,9599786737,6653653717,83,up,255.994,177.431,25.599,8.3697,0
2026-02-25 08:20:00,9672022591,5773600470,6,up,257.921,153.963,25.792,0.6395,0
2026-02-25 08:25:00,10806397687,6954360158,77,up,288.171,185.45,28.817,7.7947,0
2026-02-25 08:30:00,10199053615,5880130379,1,up,271.975,156.803,27.197,0.1852,0
2026-02-25 08:35:00,9699814120,5300743294,94,up,258.662,141.353,25.866,9.4744,0
2026-02-25 08:40:00,5259276143,7567670674,52,up,140.247,201.805,14.025,5.2586,1
2026-02-25 08:45:00,8294947917,4686016022,11,up,221.199,124.96,22.12,1.1538,0
2026-02-25 08:50:00,9236952449,5468108117,21,up,246.319,145.816,24.632,2.1606,0
2026-02-25 08:55:00,9480043921,5548539946,15,up,252.801,147.961,25.28,1.5334,0
2026-02-25 09:00:00,8103520809,7805980516,35,up,216.094,208.159,21.609,3.5238,0
2026-02-25 09:05:00,12088136260,7300938396,117,up,322.35,194.692,32.235,11.7799,0
2026-02-25 09:10:00,11080943312,7075628263,29,up,295.492,188.683,29.549,2.984,0
2026-02-25 09:15:00,10052383110,5761925763,40,up,268.064,153.651,26.806,4.0905,0
2026-02-25 09:20:00,9456041468,7746848162,2,up,252.161,206.583,25.216,0.2948,0
2026-02-25 09:25:00,9136264908,6265213442,31,up,243.634,167.072,24.363,3.1627,0
2026-02-25 09:30:00,8304091732,6703629626,19,up,221.442,178.763,22.144,1.9356,0
2026-02-25 09:35:00,9462165583,6129380674,69,up,252.324,163.45,25.232,6.9429,0
2026-02-25 09:40:00,9664971607,5964384068,15,up,257.733,159.05,25.773,1.5724,0
2026-02-25 09:45:00,7978019352,5818719354,36,up,212.747,155.166,21.275,3.6407,0
2026-02-25 09:50:00,6825663928,5849059204,47,up,182.018,155.975,18.202,4.7513,1
2026-02-25 09:55:00,9200333570,6438113987,9,up,245.342,171.683,24.534,0.9608,0
2026-02-25 10:00:00,7228716497,6264383855,15,up,192.766,167.05,19.277,1.5098,0
2026-02-25 10:05:00,8407066862,5977340613,11,up,224.188,159.396,22.419,1.16,0
2026-02-25 10:10:00,8909693774,7086857274,9,up,237.592,188.983,23.759,0.9372,0
2026-02-25 10:15:00,11498648614,3863937790,1,up,306.631,103.038,30.663,0.163,0
2026-02-25 10:20:00,10001122265,6367118818,57,up,266.697,169.79,26.67,5.7998,0
2026-02-25 10:25:00,7872583234,6516771868,2,up,209.936,173.781,20.994,0.2127,0
2026-02-25 10:30:00,9921790825,6825813265,69,up,264.581,182.022,26.458,6.9875,0
2026-02-25 10:35:00,7634283012,5953292562,4,up,203.581,158.754,20.358,0.429,0
2026-02-25 10:40:00,10593027435,6149702448,2,up,282.481,163.992,28.248,0.216,0
2026-02-25 10:45:00,8844984766,6709882835,26,up,235.866,178.93,23.587,2.6491,0
2026-02-25 10:50:00,9269659287,7073639811,22,up,247.191,188.63,24.719,2.2337,0
2026-02-25 10:55:00,10866521228,5783614090,21,up,289.774,154.23,28.977,2.1625,0
2026-02-25 11:00:00,7926940985,6192222563,27,up,211.385,165.126,21.139,2.7344,0
2026-02-25 11:05:00,7803242041,7208573254,10,up,208.086,192.229,20.809,1.0827,0
2026-02-25 11:10:00,8718450757,4470700505,34,up,232.492,119.219,23.249,3.4801,0
2026-02-25 11:15:00,10543176207,5503190928,22,up,281.151,146.752,28.115,2.2335,0
2026-02-25 11:20:00,7665735665,7055401904,13,up,204.42,188.144,20.442,1.3043,0
2026-02-25 11:25:00,4332177466,6786627240,52,up,115.525,180.977,11.552,5.2965,1
2026-02-25 11:30:00,8867446284,6376160551,41,up,236.465,170.031,23.647,4.163,0
2026-02-25 11:35:00,9995708399,5677010251,16,up,266.552,151.387,26.655,1.6007,0
2026-02-25 11:40:00,10725294468,5365090680,60,up,286.008,143.069,28.601,6.0204,0
2026-02-25 11:45:00,8853943467,5574324754,80,up,236.105,148.649,23.611,8.0927,0
2026-02-25 11:50:00,8912145066,7114565918,24,up,237.657,189.722,23.766,2.4632,0
2026-02-25 11:55:00,10673138326,5547521263,7,up,284.617,147.934,28.462,0.7744,0
2026-02-25 12:00:00,7271540587,6073024534,79,up,193.908,161.947,19.391,7.9183,0
2026-02-25 12:05:00,8937914127,5457330495,6,up,238.344,145.529,23.834,0.6723,0
2026-02-25 12:10:00,9589226876,6606797301,1,up,255.713,176.181,25.571,0.1588,0
2026-02-25 12:15:00,9880371061,5612117078,12,up,263.477,149.656,26.348,1.2695,0
2026-02-25 12:20:00,8801467470,5929732399,41,up,234.706,158.126,23.471,4.1541,0
2026-02-25 12:25:00,9413746138,4787964864,82,up,251.033,127.679,25.103,8.2161,0
2026-02-25 12:30:00,6575631727,4838374869,32,up,175.35,129.023,17.535,3.2452,0
2026-02-25 12:35:00,8634470536,6005524699,97,up,230.253,160.147,23.025,9.7062,0
2026-02-25 12:40:00,9885197301,5045886848,3,up,263.605,134.557,26.361,0.3101,0
2026-02-25 12:45:00,8269919211,7515662380,2,up,220.531,200.418,22.053,0.2006,0
2026-02-25 12:50:00,9441357249,4515703359,29,up,251.77,120.419,25.177,2.9658,0
2026-02-25 12:55:00,9877731563,5423873784,108,up,263.406,144.637,26.341,10.8314,0
2026-02-25 13:00:00,8989632149,6012024624,22,up,239.724,160.321,23.972,2.2355,0
2026-02-25 13:05:00,9566771742,5737104284,1,up,255.114,152.989,25.511,0.1692,0
2026-02-25 13:10:00,8291925864,5205015271,8,up,221.118,138.8,22.112,0.8001,0
2026-02-25 13:15:00,9142562310,5310291955,8,up,243.802,141.608,24.38,0.8984,0
2026-02-25 13:20:00,10061493190,5286729064,13,up,268.306,140.979,26.831,1.3193,0
2026-02-25 13:25:00,9551594581,5793560379,1,up,254.709,154.495,25.471,0.1427,0
2026-02-25 13:30:00,8715152321,7405388944,75,up,232.404,197.477,23.24,7.5288,0
2026-02-25 13:35:00,9627243454,6056114853,23,up,256.726,161.496,25.673,2.3193,0
2026-02-25 13:40:00,10178936014,6851688352,35,up,271.438,182.712,27.144,3.5568,0
2026-02-25 13:45:00,7068816061,6365022968,2,up,188.502,169.734,18.85,0.2225,0
2026-02-25 13:50:00,10678958323,6801980926,1,up,284.772,181.386,28.477,0.178,0
2026-02-25 13:55:00,8996713418,3984025702,28,up,239.912,106.241,23.991,2.8257,0
2026-02-25 14:00:00,9853676174,5780790224,69,up,262.765,154.154,26.276,6.9856,0
2026-02-25 14:05:00,10721902789,6941137504,24,up,285.917,185.097,28.592,2.4058,0
2026-02-25 14:10:00,5482306963,5588350207,40,up,146.195,149.023,14.619,4.0211,1
2026-02-25 14:15:00,8576878872,7268980678,53,up,228.717,193.839,22.872,5.3311,0
2026-02-25 14:20:00,9050382717,7068400910,2,up,241.344,188.491,24.134,0.2524,0
2026-02-25 14:25:00,5945294102,5662225884,68,up,158.541,150.993,15.854,6.8198,1
2026-02-25 14:30:00,11326803647,5637722266,34,up,302.048,150.339,30.205,3.4307,0
2026-02-25 14:35:00,8411131394,5270203793,18,up,224.297,140.539,22.43,1.8755,0
2026-02-25 14:40:00,8750009873,5546692153,10,up,233.334,147.912,23.333,1.0991,0
2026-02-25 14:45:00,9604937660,5112535873,17,up,256.132,136.334,25.613,1.7356,0
2026-02-25 14:50:00,8022581783,6308744049,18,up,213.936,168.233,21.394,1.8853,0
2026-02-25 14:55:00,8929859199,4951646524,77,up,238.13,132.044,23.813,7.7251,0
2026-02-25 15:00:00,9732134918,6434687771,3,up,259.524,171.592,25.952,0.3495,0
2026-02-25 15:05:00,9000532045,6452216661,10,up,240.014,172.059,24.001,1.05,0
2026-02-25 15:10:00,9269939783,4803932828,24,up,247.198,128.105,24.72,2.468,0
2026-02-25 15:15:00,8779501373,7115869396,38,up,234.12,189.757,23.412,3.8345,0
2026-02-25 15:20:00,7671220902,6369798691,31,up,204.566,169.861,20.457,3.1871,0
2026-02-25 15:25:00,9736792362,6539782575,90,up,259.648,174.394,25.965,9.0917,0
2026-02-25 15:30:00,11349299705,5453761054,50,up,302.648,145.434,30.265,5.0807,0
2026-02-25 15:35:00,9395701834,6448112965,26,up,250.552,171.95,25.055,2.6059,0
2026-02-25 15:40:00,9628422131,6811003283,7,up,256.758,181.627,25.676,0.7733,0
2026-02-25 15:45:00,10154313099,5929001952,19,up,270.782,158.107,27.078,1.9182,0
2026-02-25 15:50:00,5562902233,7441384170,58,up,148.344,198.437,14.834,5.8004,1
2026-02-25 15:55:00,11290328990,6031726537,58,up,301.075,160.846,30.108,5.8238,0
2026-02-25 16:00:00,9602619895,6821365776,102,up,256.07,181.903,25.607,10.2794,0
2026-02-25 16:05:00,11210839011,6210966341,29,up,298.956,165.626,29.896,2.9761,0
2026-02-25 16:10:00,8550337880,6421575503,23,up,228.009,171.242,22.801,2.3952,0
2026-02-25 16:15:00,11420319662,4796640767,0,up,304.542,127.91,30.454,0.0571,0
2026-02-25 16:20:00,10247049930,6267158691,2,up,273.255,167.124,27.325,0.2395,0
2026-02-25 16:25:00,9997170096,5470817927,5,up,266.591,145.888,26.659,0.5431,0
2026-02-25 16:30:00,6746794257,5390593219,52,up,179.915,143.749,17.991,5.2731,1
2026-02-25 16:35:00,9095405304,7255754292,16,up,242.544,193.487,24.254,1.6392,0
2026-02-25 16:40:00,10725598115,5846085421,13,up,286.016,155.896,28.602,1.3146,0
2026-02-25 16:45:00,9532904853,5277622681,32,up,254.211,140.737,25.421,3.2459,0
2026-02-25 16:50:00,7162046583,5741425227,24,up,190.988,153.105,19.099,2.4549,0
2026-02-25 16:55:00,8118165230,5063675835,29,up,216.484,135.031,21.648,2.9001,0
2026-02-25 17:00:00,9165923528,7032396817,20,up,244.425,187.531,24.442,2.0436,0
2026-02-25 17:05:00,9723748856,5499109864,10,up,259.3,146.643,25.93,1.0412,0
2026-02-25 17:10:00,9311337949,6381095952,97,up,248.302,170.163,24.83,9.7725,0
2026-02-25 17:15:00,10746342138,6976396834,2,up,286.569,186.037,28.657,0.2892,0
2026-02-25 17:20:00,7180010402,5639890069,89,up,191.467,150.397,19.147,8.9443,0
2026-02-25 17:25:00,9536536428,6383056151,11,up,254.308,170.215,25.431,1.1932,0
2026-02-25 17:30:00,7329773371,5258338040,23,up,195.461,140.222,19.546,2.3001,0
2026-02-25 17:35:00,10229676332,7760954089,3,up,272.791,206.959,27.279,0.3687,0
2026-02-25 17:40:00,9268733946,6674193696,2,up,247.166,177.978,24.717,0.2354,0
2026-02-25 17:45:00,9847061218,5861323364,17,up,262.588,156.302,26.259,1.7962,0
2026-02-25 17:50:00,8403131669,5443559713,43,up,224.084,145.162,22.408,4.3316,0
2026-02-25 17:55:00,10814398048,5917922481,10,up,288.384,157.811,28.838,1.0043,0
2026-02-25 18:00:00,10546940247,5755211719,26,up,281.252,153.472,28.125,2.6443,0
2026-02-25 18:05:00,10031487340,7406120078,10,up,267.506,197.497,26.751,1.0452,0
2026-02-25 18:10:00,9229293097,5117615000,15,up,246.114,136.47,24.611,1.5745,0
2026-02-25 18:15:00,10027339445,6097057024,75,up,267.396,162.588,26.74,7.5815,0
2026-02-25 18:20:00,8579745861,5986796592,61,up,228.793,159.648,22.879,6.1979,0
2026-02-25 18:25:00,10337500116,5915464583,23,up,275.667,157.746,27.567,2.3223,0
2026-02-25 18:30:00,11230666006,5921796008,8,up,299.484,157.915,29.948,0.8702,0
2026-02-25 18:35:00,10579436879,5916429016,6,up,282.118,157.771,28.212,0.6869,0
2026-02-25 18:40:00,8554197221,6628607567,98,up,228.112,176.763,22.811,9.8592,0
2026-02-25 18:45:00,9781594481,6438468801,7,up,260.843,171.693,26.084,0.7249,0
2026-02-25 18:50:00,7920215763,6301616360,52,up,211.206,168.043,21.121,5.2836,0
2026-02-25 18:55:00,10018939100,3815527659,14,up,267.172,101.747,26.717,1.4733,0
2026-02-25 19:00:00,9881928839,6215852309,135,up,263.518,165.756,26.352,13.583,0
2026-02-25 19:05:00,7271456618,4807939660,14,up,193.906,128.212,19.391,1.4692,0
2026-02-25 19:10:00,8067993175,6465350517,13,up,215.146,172.409,21.515,1.386,0
2026-02-25 19:15:00,9056468741,7061638104,32,up,241.506,188.31,24.151,3.2468,0
2026-02-25 19:20:00,9036532784,5333107838,104,up,240.974,142.216,24.097,10.4241,0
2026-02-25 19:25:00,8014338447,5811517879,119,up,213.716,154.974,21.372,11.9631,0
2026-02-25 19:30:00,9812601070,5568463892,39,up,261.669,148.492,26.167,3.9305,0
2026-02-25 19:35:00,9657907810,6889510878,44,up,257.544,183.72,25.754,4.4957,0
2026-02-25 19:40:00,9156447226,6068420077,26,up,244.172,161.825,24.417,2.652,0
2026-02-25 19:45:00,8524734562,7244397154,45,up,227.326,193.184,22.733,4.5109,0
2026-02-25 19:50:00,10554795517,6297903026,62,up,281.461,167.944,28.146,6.2865,0
2026-02-25 19:55:00,11237333002,6174564130,21,up,299.662,164.655,29.966,2.1303,0
2026-02-25 20:00:00,8830993330,6049108883,30,up,235.493,161.31,23.549,3.0951,0
2026-02-25 20:05:00,8686312218,6588954311,24,up,231.635,175.705,23.163,2.4663,0
2026-02-25 20:10:00,9927608623,4748865937,26,up,264.736,126.636,26.474,2.6452,0
2026-02-25 20:15:00,8972216947,6061447647,70,up,239.259,161.639,23.926,7.0647,0
2026-02-25 20:20:00,9218178149,5949566560,14,up,245.818,158.655,24.582,1.4063,0
2026-02-25 20:25:00,10207109795,6522301555,7,up,272.19,173.928,27.219,0.747,0
2026-02-25 20:30:00,7226974401,5864854843,19,up,192.719,156.396,19.272,1.9498,0
2026-02-25 20:35:00,10858090115,5252111207,7,up,289.549,140.056,28.955,0.7466,0
2026-02-25 20:40:00,9456765589,6005292485,22,up,252.18,160.141,25.218,2.2079,0
2026-02-25 20:45:00,8912070212,5220354819,74,up,237.655,139.209,23.766,7.4825,0
2026-02-25 20:50:00,9274611576,4613811206,30,up,247.323,123.035,24.732,3.0747,0
2026-02-25 20:55:00,9332733024,6523528186,61,up,248.873,173.961,24.887,6.1888,0
2026-02-25 21:00:00,7427398533,6416924332,5,up,198.064,171.118,19.806,0.5816,0
2026-02-25 21:05:00,11056805505,6336305479,73,up,294.848,168.968,29.485,7.3964,0
2026-02-25 21:10:00,9421491336,6938108463,29,up,251.24,185.016,25.124,2.9465,0
2026-02-25 21:15:00,9873377396,5521177038,1,up,263.29,147.231,26.329,0.1033,0
2026-02-25 21:20:00,10445493491,4969597817,32,up,278.546,132.523,27.855,3.2087,0
2026-02-25 21:25:00,8226192235,5949578560,96,up,219.365,158.655,21.937,9.677,0
2026-02-25 21:30:00,9907655886,5749799784,2,up,264.204,153.328,26.42,0.2639,0
2026-02-25 21:35:00,9073903772,5393547083,27,up,241.971,143.828,24.197,2.7948,0
2026-02-25 21:40:00,10327617122,5942508609,79,up,275.403,158.467,27.54,7.9064,0
2026-02-25 21:45:00,6981869152,5559644294,0,up,186.183,148.257,18.618,0.0312,0
2026-02-25 21:50:00,9263518912,4678076195,31,up,247.027,124.749,24.703,3.1895,0
2026-02-25 21:55:00,8696826762,5682352782,20,up,231.915,151.529,23.192,2.0613,0
2026-02-25 22:00:00,9861295819,5181809879,13,up,262.968,138.182,26.297,1.3637,0
2026-02-25 22:05:00,9903799710,6166786611,31,up,264.101,164.448,26.41,3.1604,0
2026-02-25 22:10:00,6005244607,5527654974,54,up,160.14,147.404,16.014,5.4281,1
2026-02-25 22:15:00,8573804402,6800374661,44,up,228.635,181.343,22.863,4.4756,0
2026-02-25 22:20:00,9250501460,7154783568,0,up,246.68,190.794,24.668,0.0144,0
2026-02-25 22:25:00,8366277494,6489154588,11,up,223.101,173.044,22.31,1.1732,0
2026-02-25 22:30:00,10322231657,4883261148,22,up,275.26,130.22,27.526,2.2435,0
2026-02-25 22:35:00,8959641899,7083741119,15,up,238.924,188.9,23.892,1.5144,0
2026-02-25 22:40:00,4273246777,7134518724,52,up,113.953,190.254,11.395,5.2392,1
2026-02-25 22:45:00,6267327630,6013529168,38,up,167.129,160.361,16.713,3.8698,1
2026-02-25 22:50:00,8206638201,6952506835,87,up,218.844,185.4,21.884,8.7385,0
2026-02-25 22:55:00,7539814707,5602793900,66,up,201.062,149.408,20.106,6.6214,0
2026-02-25 23:00:00,7982895031,4656302926,23,up,212.877,124.168,21.288,2.365,0
2026-02-25 23:05:00,9498084530,5452595204,68,up,253.282,145.403,25.328,6.8979,0
2026-02-25 23:10:00,10869720931,7245096623,81,up,289.859,193.203,28.986,8.117,0
2026-02-25 23:15:00,9727332533,4926422454,16,up,259.396,131.371,25.94,1.6843,0
2026-02-25 23:20:00,8692683688,5999655322,10,up,231.805,159.991,23.18,1.0666,0
2026-02-25 23:25:00,9887892219,6024583603,3,up,263.677,160.656,26.368,0.331,0
2026-02-25 23:30:00,8858523401,5630658544,20,up,236.227,150.151,23.623,2.087,0
2026-02-25 23:35:00,8593574584,5680664448,93,up,229.162,151.484,22.916,9.3577,0
2026-02-25 23:40:00,8076341998,6052019376,26,up,215.369,161.387,21.537,2.6337,0
2026-02-25 23:45:00,7404192592,5595243113,35,up,197.445,149.206,19.745,3.5242,0
2026-02-25 23:50:00,8936335830,4976117882,3,up,238.302,132.696,23.83,0.3833,0
2026-02-25 23:55:00,9552810176,6154822998,4,up,254.742,164.129,25.474,0.4958,0
2026-02-26 00:00:00,9266298371,6772823939,19,up,247.101,180.609,24.71,1.9984,0
2026-02-26 00:05:00,8907037206,6626092213,96,up,237.521,176.696,23.752,9.6683,0
2026-02-26 00:10:00,8311035681,5416990463,14,up,221.628,144.453,22.163,1.432,0
2026-02-26 00:15:00,10059276965,5099115900,67,up,268.247,135.976,26.825,6.7184,0
2026-02-26 00:20:00,7893226590,5795384724,4,up,210.486,154.544,21.049,0.4101,0
2026-02-26 00:25:00,10248031403,7128809887,30,up,273.281,190.102,27.328,3.0712,0
2026-02-26 00:30:00,8247505853,6464830616,29,up,219.933,172.395,21.993,2.937,0
2026-02-26 00:35:00,8528510357,6506854567,62,up,227.427,173.516,22.743,6.2887,0
2026-02-26 00:40:00,7724866660,6640697005,0,up,205.996,177.085,20.6,0.0106,0
2026-02-26 00:45:00,8810922584,6302951925,6,up,234.958,168.079,23.496,0.674,0
2026-02-26 00:50:00,10472226515,6086838154,7,up,279.259,162.316,27.926,0.7938,0
2026-02-26 00:55:00,9955081599,6476860965,95,up,265.469,172.716,26.547,9.5842,0
2026-02-26 01:00:00,10475724876,5606760404,5,up,279.353,149.514,27.935,0.534,0
2026-02-26 01:05:00,9962410364,4981586631,1,up,265.664,132.842,26.566,0.1205,0
2026-02-26 01:10:00,8133371442,6520557792,24,up,216.89,173.882,21.689,2.4466,0
2026-02-26 01:15:00,9002862122,6891171436,24,up,240.076,183.765,24.008,2.4063,0
2026-02-26 01:20:00,8497275979,5194873003,59,up,226.594,138.53,22.659,5.9462,0
2026-02-26 01:25:00,10871896767,6591783467,95,up,289.917,175.781,28.992,9.5142,0
2026-02-26 01:30:00,8028612772,7210151313,24,up,214.096,192.271,21.41,2.4748,0
2026-02-26 01:35:00,10380409900,5998382734,85,up,276.811,159.957,27.681,8.5094,0
2026-02-26 01:40:00,10379573103,5411038426,41,up,276.789,144.294,27.679,4.133,0
2026-02-26 01:45:00,11433322726,6088573444,9,up,304.889,162.362,30.489,0.9833,0
2026-02-26 01:50:00,8914102583,5603615542,84,up,237.709,149.43,23.771,8.4382,0
2026-02-26 01:55:00,10176362429,5555954320,35,up,271.37,148.159,27.137,3.523,0
2026-02-26 02:00:00,8359300821,6311892528,77,up,222.915,168.317,22.291,7.8,1
2026-02-26 02:05:00,8680153113,4845314777,36,up,231.471,129.208,23.147,3.6486,0
2026-02-26 02:10:00,7648079721,4960371175,16,up,203.949,132.277,20.395,1.6417,0
2026-02-26 02:15:00,7259988711,6013889433,3,up,193.6,160.37,19.36,0.388,0
2026-02-26 02:20:00,10176801032,5983937851,40,up,271.381,159.572,27.138,4.0618,0
2026-02-26 02:25:00,7256456015,6247359295,55,up,193.505,166.596,19.351,5.5609,0
2026-02-26 02:30:00,8956141065,7350162279,41,up,238.83,196.004,23.883,4.1757,0
2026-02-26 02:35:00,9866977335,6075250105,8,up,263.119,162.007,26.312,0.8327,0
2026-02-26 02:40:00,9583322478,6430683948,100,up,255.555,171.485,25.556,10.0419,0
2026-02-26 02:45:00,9853625472,5297616286,0,up,262.763,141.27,26.276,0.0819,0
2026-02-26 02:50:00,9625076087,6552915117,12,up,256.669,174.744,25.667,1.2944,0
2026-02-26 02:55:00,10813724039,5620998577,9,up,288.366,149.893,28.837,0.9639,0
2026-02-26 03:00:00,8303644071,6051422999,1,up,221.431,161.371,22.143,0.1578,0
2026-02-26 03:05:00,8613380469,5921628989,16,up,229.69,157.91,22.969,1.6653,0
2026-02-26 03:10:00,8505758124,6743741449,31,up,226.82,179.833,22.682,3.1226,0
2026-02-26 03:15:00,10308965788,5056816880,68,up,274.906,134.848,27.491,6.8537,0
2026-02-26 03:20:00,10387948411,4356068183,146,up,277.012,116.162,27.701,14.6388,0
2026-02-26 03:25:00,9882628484,5846328458,52,up,263.537,155.902,26.354,5.2823,0
2026-02-26 03:30:00,10706430375,6337342504,20,up,285.505,168.996,28.55,2.0237,0
2026-02-26 03:35:00,8049704024,6109633950,41,up,214.659,162.924,21.466,4.1161,0
2026-02-26 03:40:00,11250627125,6887187050,59,up,300.017,183.658,30.002,5.9376,0
2026-02-26 03:45:00,11088643449,6314908325,20,up,295.697,168.398,29.57,2.0034,0
2026-02-26 03:50:00,10202574746,5594029201,49,up,272.069,149.174,27.207,4.9196,0
2026-02-26 03:55:00,11379523772,4325697489,21,up,303.454,115.352,30.345,2.1089,0
2026-02-26 04:00:00,7511298891,5829135191,15,up,200.301,155.444,20.03,1.5634,0
2026-02-26 04:05:00,8784995846,6740130481,23,up,234.267,179.737,23.427,2.3896,0
2026-02-26 04:10:00,8547783606,5717725596,36,up,227.941,152.473,22.794,3.605,0
2026-02-26 04:15:00,10186664239,6020390589,41,up,271.644,160.544,27.164,4.1531,0
2026-02-26 04:20:00,8193591667,6303379383,14,up,218.496,168.09,21.85,1.4118,0
2026-02-26 04:25:00,10227182043,5268989490,27,up,272.725,140.506,27.272,2.7105,0
2026-02-26 04:30:00,10916853161,6448729845,77,up,291.116,171.966,29.112,7.7008,0
2026-02-26 04:35:00,10157103262,7178727688,119,up,270.856,191.433,27.086,11.977,0
2026-02-26 04:40:00,6785953931,5875574386,65,up,180.959,156.682,18.096,6.5404,1
2026-02-26 04:45:00,8263642491,5187073616,6,up,220.364,138.322,22.036,0.6855,0
2026-02-26 04:50:00,5895604864,5952047260,74,up,157.216,158.721,15.722,7.4479,1
2026-02-26 04:55:00,10780821268,4398443441,17,up,287.489,117.292,28.749,1.7139,0
2026-02-26 05:00:00,10251767629,6242570350,0,up,273.38,166.469,27.338,0.0785,0
2026-02-26 05:05:00,9331103040,6325637551,13,up,248.829,168.684,24.883,1.3631,0
2026-02-26 05:10:00,8904851761,7206458131,52,up,237.463,192.172,23.746,5.26,0
2026-02-26 05:15:00,7095966142,5860323749,51,up,189.226,156.275,18.923,5.1093,0
2026-02-26 05:20:00,8170291028,6294109443,21,up,217.874,167.843,21.787,2.1842,0
2026-02-26 05:25:00,11525346473,5379872566,20,up,307.343,143.463,30.734,2.0472,0
2026-02-26 05:30:00,7934487482,5743372473,27,up,211.586,153.157,21.159,2.7723,0
2026-02-26 05:35:00,9588164798,4901866485,7,up,255.684,130.716,25.568,0.7926,0
2026-02-26 05:40:00,10508374469,5859751472,23,up,280.223,156.26,28.022,2.3892,0
2026-02-26 05:45:00,7963211998,5780177409,0,up,212.352,154.138,21.235,0.0355,0
2026-02-26 05:50:00,9582799284,6215423831,20,up,255.541,165.745,25.554,2.0654,0
2026-02-26 05:55:00,10430154979,5551010246,13,up,278.137,148.027,27.814,1.3106,0
2026-02-26 06:00:00,9389061737,6060008652,35,up,250.375,161.6,25.037,3.5953,0
2026-02-26 06:05:00,12601953437,5759966359,32,up,336.052,153.599,33.605,3.2547,0
2026-02-26 06:10:00,7497825833,5761320440,15,up,199.942,153.635,19.994,1.534,0
2026-02-26 06:15:00,10566069596,6057860874,0,up,281.762,161.543,28.176,0.0234,0
2026-02-26 06:20:00,9180598045,6029176518,9,up,244.816,160.778,24.482,0.9303,0
2026-02-26 06:25:00,10243410174,6548045308,32,up,273.158,174.615,27.316,3.2107,0
2026-02-26 06:30:00,9871470545,5913137015,2,up,263.239,157.684,26.324,0.2404,0
2026-02-26 06:35:00,8550199278,5748082548,3,up,228.005,153.282,22.801,0.3644,0
2026-02-26 06:40:00,9632620941,5869818639,33,up,256.87,156.528,25.687,3.3324,0
2026-02-26 06:45:00,7284860867,5485441835,45,up,194.263,146.278,19.426,4.5108,0
2026-02-26 06:50:00,10053653438,5740864012,12,up,268.097,153.09,26.81,1.2414,0
2026-02-26 06:55:00,9710428274,7462434273,21,up,258.945,198.998,25.894,2.1527,0
2026-02-26 07:00:00,10093492689,5342871292,93,up,269.16,142.477,26.916,9.323,0
2026-02-26 07:05:00,10565383115,5799367439,93,up,281.744,154.65,28.174,9.3131,0
2026-02-26 07:10:00,9788572320,5721008162,11,up,261.029,152.56,26.103,1.1758,0
2026-02-26 07:15:00,9541600597,5822036439,53,up,254.443,155.254,25.444,5.3141,0
2026-02-26 07:20:00,8383798121,5761507697,28,up,223.568,153.64,22.357,2.884,0
2026-02-26 07:25:00,8573751640,6201052872,118,up,228.633,165.361,22.863,11.867,0
2026-02-26 07:30:00,7497053513,4768673926,63,up,199.921,127.165,19.992,6.3387,1
2026-02-26 07:35:00,10990877331,6746763460,47,up,293.09,179.914,29.309,4.7691,0
2026-02-26 07:40:00,9107125759,6455459615,46,up,242.857,172.146,24.286,4.6771,0
2026-02-26 07:45:00,9426753090,5105132458,22,up,251.38,136.137,25.138,2.2017,0
2026-02-26 07:50:00,5850116179,4366264363,43,up,156.003,116.434,15.6,4.3978,1
2026-02-26 07:55:00,7486046015,5296508054,40,up,199.628,141.24,19.963,4.066,1
2026-02-26 08:00:00,10123593926,5825280147,4,up,269.963,155.341,26.996,0.4173,0
2026-02-26 08:05:00,11558869616,7857810167,17,up,308.237,209.542,30.824,1.7717,0
2026-02-26 08:10:00,8386886538,6391145014,92,up,223.65,170.431,22.365,9.2027,0
2026-02-26 08:15:00,8949741113,4698535452,22,up,238.66,125.294,23.866,2.2228,0
2026-02-26 08:20:00,9635376662,5503448036,32,up,256.943,146.759,25.694,3.2274,0
2026-02-26 08:25:00,10102300729,5961687045,31,up,269.395,158.978,26.939,3.1315,0
2026-02-26 08:30:00,9132373907,6182652159,4,up,243.53,164.871,24.353,0.4551,0
2026-02-26 08:35:00,5875043141,5053380820,69,up,156.668,134.757,15.667,6.9453,1
2026-02-26 08:40:00,10366583470,5902807035,39,up,276.442,157.408,27.644,3.9276,0
2026-02-26 08:45:00,10186277282,5483299820,114,up,271.634,146.221,27.163,11.4406,0
2026-02-26 08:50:00,8344191636,5205293834,5,up,222.512,138.808,22.251,0.5886,0
2026-02-26 08:55:00,10899873151,6186908865,16,up,290.663,164.984,29.066,1.6908,0
2026-02-26 09:00:00,10691473547,6557191564,3,up,285.106,174.858,28.511,0.3198,0
2026-02-26 09:05:00,6668258491,6605549719,64,up,177.82,176.148,17.782,6.4433,1
2026-02-26 09:10:00,9464547595,6413558172,15,up,252.388,171.028,25.239,1.513,0
2026-02-26 09:15:00,9998314992,5641893936,24,up,266.622,150.451,26.662,2.4894,0
2026-02-26 09:20:00,8405584045,6514475828,8,up,224.149,173.719,22.415,0.8387,0
2026-02-26 09:25:00,9408785414,6222519195,8,up,250.901,165.934,25.09,0.8263,0
2026-02-26 09:30:00,6953568512,6096438155,48,up,185.428,162.572,18.543,4.8138,0
2026-02-26 09:35:00,10361012601,5559580952,105,up,276.294,148.255,27.629,10.519,0
2026-02-26 09:40:00,7618320124,5642249188,12,up,203.155,150.46,20.316,1.2512,0
2026-02-26 09:45:00,11066347306,6053198594,37,up,295.103,161.419,29.51,3.7271,0
2026-02-26 09:50:00,9003614894,7756709616,9,up,240.096,206.846,24.01,0.9552,0
2026-02-26 09:55:00,9136874645,6216894585,84,up,243.65,165.784,24.365,8.4174,0
2026-02-26 10:00:00,8668799355,5559944278,35,up,231.168,148.265,23.117,3.576,0
2026-02-26 10:05:00,9050956266,5400679599,51,up,241.359,144.018,24.136,5.1933,0
2026-02-26 10:10:00,10970847763,5645928038,1,up,292.556,150.558,29.256,0.162,0
2026-02-26 10:15:00,4603350682,7567651282,76,up,122.756,201.804,12.276,7.6353,1
2026-02-26 10:20:00,10811586059,5712535214,23,up,288.309,152.334,28.831,2.3999,0
2026-02-26 10:25:00,9755276416,6652946784,11,up,260.141,177.412,26.014,1.1095,0
2026-02-26 10:30:00,8017100646,5729331663,9,up,213.789,152.782,21.379,0.9741,0
2026-02-26 10:35:00,8165273557,6188052869,27,up,217.741,165.015,21.774,2.7762,0
2026-02-26 10:40:00,11260942155,6570056597,39,up,300.292,175.202,30.029,3.9227,0
2026-02-26 10:45:00,8311304760,5588229948,1,up,221.635,149.019,22.163,0.108,0
2026-02-26 10:50:00,8077480675,5538399609,26,up,215.399,147.691,21.54,2.6814,0
2026-02-26 10:55:00,10654478860,7194386180,5,up,284.119,191.85,28.412,0.598,0
2026-02-26 11:00:00,9755871985,6708906884,4,up,260.157,178.904,26.016,0.484,0
2026-02-26 11:05:00,8319833726,6569284069,31,up,221.862,175.181,22.186,3.1226,0
2026-02-26 11:10:00,9618703097,6566838931,11,up,256.499,175.116,25.65,1.1914,0
2026-02-26 11:15:00,8221028230,6330894351,18,up,219.227,168.824,21.923,1.8605,0
2026-02-26 11:20:00,10613424073,7452798585,14,up,283.025,198.741,28.302,1.4281,0
2026-02-26 11:25:00,10569042335,6031613977,33,up,281.841,160.843,28.184,3.3443,0
2026-02-26 11:30:00,9973506973,6415628904,20,up,265.96,171.083,26.596,2.0323,0
2026-02-26 11:35:00,9781868693,4955342691,105,up,260.85,132.142,26.085,10.5898,0
2026-02-26 11:40:00,11356336640,5406028305,13,up,302.836,144.161,30.284,1.3903,0
2026-02-26 11:45:00,9374647118,5135410320,43,up,249.991,136.944,24.999,4.3141,0
2026-02-26 11:50:00,5631774126,6917325780,71,up,150.181,184.462,15.018,7.1126,1
2026-02-26 11:55:00,9880658151,4162171090,22,up,263.484,110.991,26.348,2.2746,0
2026-02-26 12:00:00,11721802930,5710336783,25,up,312.581,152.276,31.258,2.5736,0
2026-02-26 12:05:00,8233395570,3844531246,12,up,219.557,102.521,21.956,1.2773,0
2026-02-26 12:10:00,8968354387,5401472715,20,up,239.156,144.039,23.916,2.0424,0
2026-02-26 12:15:00,9843501792,5646516756,10,up,262.493,150.574,26.249,1.048,0
2026-02-26 12:20:00,9314357044,6997107187,0,up,248.383,186.59,24.838,0.0193,0
2026-02-26 12:25:00,8269908472,6285572116,7,up,220.531,167.615,22.053,0.7773,0
2026-02-26 12:30:00,10637090088,5400138103,38,up,283.656,144.004,28.366,3.8534,0
2026-02-26 12:35:00,11985045812,6767493878,47,up,319.601,180.467,31.96,4.7164,0
2026-02-26 12:40:00,9595647891,6012839223,10,up,255.884,160.342,25.588,1.0521,0
2026-02-26 12:45:00,8357923174,6027048138,16,up,222.878,160.721,22.288,1.6778,0
2026-02-26 12:50:00,7632419409,5134076514,1,up,203.531,136.909,20.353,0.1219,0
2026-02-26 12:55:00,9665222978,5287190125,8,up,257.739,140.992,25.774,0.8659,0
2026-02-26 13:00:00,10616862011,5405929944,48,up,283.116,144.158,28.312,4.8339,0
2026-02-26 13:05:00,9909563714,6033452116,29,up,264.255,160.892,26.426,2.9804,0
2026-02-26 13:10:00,6560606975,6056077723,74,up,174.95,161.495,17.495,7.4837,1
2026-02-26 13:15:00,8712069391,7111746717,9,up,232.322,189.647,23.232,0.9525,0
2026-02-26 13:20:00,8146315913,6277239720,54,up,217.235,167.393,21.724,5.431,0
2026-02-26 13:25:00,10314095242,4050552700,7,up,275.043,108.015,27.504,0.7506,0
2026-02-26 13:30:00,10402993074,6189102231,13,up,277.413,165.043,27.741,1.3014,0
2026-02-26 13:35:00,7636053989,4955988223,34,up,203.628,132.16,20.363,3.4935,0
2026-02-26 13:40:00,11163568850,5304500934,26,up,297.695,141.453,29.77,2.6352,0
2026-02-26 13:45:00,10020830123,5415237980,19,up,267.222,144.406,26.722,1.977,0
2026-02-26 13:50:00,10949543975,5522396407,73,up,291.988,147.264,29.199,7.36,0
2026-02-26 13:55:00,7865106282,5009892437,7,up,209.736,133.597,20.974,0.7939,0
2026-02-26 14:00:00,7838447825,6146507042,43,up,209.025,163.907,20.903,4.3282,0
2026-02-26 14:05:00,9207409526,4984222354,5,up,245.531,132.913,24.553,0.5544,0
2026-02-26 14:10:00,9940632480,6256800677,30,up,265.084,166.848,26.508,3.0605,0
2026-02-26 14:15:00,11395905925,7610619175,65,up,303.891,202.95,30.389,6.5441,0
2026-02-26 14:20:00,10169338778,5042861477,19,up,271.182,134.476,27.118,1.9594,0
2026-02-26 14:25:00,9101983563,5795152580,41,up,242.72,154.537,24.272,4.123,0
2026-02-26 14:30:00,8220334641,4183110698,54,up,219.209,111.55,21.921,5.4944,0
2026-02-26 14:35:00,10758750644,5783326589,4,up,286.9,154.222,28.69,0.4679,0
2026-02-26 14:40:00,8289706396,6462756349,39,up,221.059,172.34,22.106,3.9155,0
2026-02-26 14:45:00,11207027124,6518860246,80,up,298.854,173.836,29.885,8.076,0
2026-02-26 14:50:00,9055067269,6055701885,27,up,241.468,161.485,24.147,2.7485,0
2026-02-26 14:55:00,11164404831,6640269665,6,up,297.717,177.074,29.772,0.659,0
2026-02-26 15:00:00,10138797701,7833159265,4,up,270.368,208.884,27.037,0.4344,0
2026-02-26 15:05:00,9220880074,7232859374,9,up,245.89,192.876,24.589,0.9624,0
2026-02-26 15:10:00,8790679081,5623784930,3,up,234.418,149.968,23.442,0.3497,0
2026-02-26 15:15:00,8991478637,4955205129,23,up,239.773,132.139,23.977,2.305,0
2026-02-26 15:20:00,9856856278,5707570980,2,up,262.85,152.202,26.285,0.2312,0
2026-02-26 15:25:00,9461801058,5318172408,8,up,252.315,141.818,25.231,0.8091,0
2026-02-26 15:30:00,8706962165,6324970234,18,up,232.186,168.666,23.219,1.8549,0
2026-02-26 15:35:00,9188664663,5149540651,20,up,245.031,137.321,24.503,2.0553,0
2026-02-26 15:40:00,9463399158,5947567848,26,up,252.357,158.602,25.236,2.6666,0
2026-02-26 15:45:00,6980174143,6603370119,39,up,186.138,176.09,18.614,3.9132,0
2026-02-26 15:50:00,9890439129,5927498971,1,up,263.745,158.067,26.375,0.1548,0
2026-02-26 15:55:00,8272813622,5318654047,2,up,220.608,141.831,22.061,0.269,0
2026-02-26 16:00:00,8077501046,6845866121,2,up,215.4,182.556,21.54,0.2009,0
2026-02-26 16:05:00,5233716326,4647133719,47,up,139.566,123.924,13.957,4.7103,1
2026-02-26 16:10:00,7356870939,5763987559,1,up,196.183,153.706,19.618,0.1368,0
2026-02-26 16:15:00,5495085091,5970004783,43,up,146.536,159.2,14.654,4.3363,1
2026-02-26 16:20:00,6004145995,6011454234,50,up,160.111,160.305,16.011,5.057,1
2026-02-26 16:25:00,11572416529,6129957160,89,up,308.598,163.466,30.86,8.9612,0
2026-02-26 16:30:00,6148369755,6439516670,66,up,163.957,171.72,16.396,6.6647,1
2026-02-26 16:35:00,6702478208,5974506643,74,up,178.733,159.32,17.873,7.4168,1
2026-02-26 16:40:00,9825541559,5734998036,48,up,262.014,152.933,26.201,4.8531,0
2026-02-26 16:45:00,9522448334,5706535671,39,up,253.932,152.174,25.393,3.9962,0
2026-02-26 16:50:00,9287876106,5559708622,29,up,247.677,148.259,24.768,2.9911,0
2026-02-26 16:55:00,5621206161,6567031193,76,up,149.899,175.121,14.99,7.6753,1
2026-02-26 17:00:00,11007293491,5534499494,17,up,293.528,147.587,29.353,1.7556,0
2026-02-26 17:05:00,11408096224,6609675198,52,up,304.216,176.258,30.422,5.2897,0
2026-02-26 17:10:00,7482008969,6013679339,15,up,199.52,160.365,19.952,1.5302,0
2026-02-26 17:15:00,8222967835,5624696539,58,up,219.279,149.992,21.928,5.8313,0
2026-02-26 17:20:00,9060213364,6445253195,9,up,241.606,171.873,24.161,0.9613,0
2026-02-26 17:25:00,8289894980,5476233174,10,up,221.064,146.033,22.106,1.0927,0
2026-02-26 17:30:00,9944211247,6459492509,36,up,265.179,172.253,26.518,3.625,0
2026-02-26 17:35:00,5988985640,6153162807,56,up,159.706,164.084,15.971,5.6297,1
2026-02-26 17:40:00,8267481653,5570646223,37,up,220.466,148.551,22.047,3.7396,1
2026-02-26 17:45:00,10714367168,6380617067,11,up,285.716,170.15,28.572,1.1655,0
2026-02-26 17:50:00,9614145784,6393544602,36,up,256.377,170.495,25.638,3.6355,0
2026-02-26 17:55:00,10530359546,6833414116,70,up,280.81,182.224,28.081,7.0455,0
2026-02-26 18:00:00,10619137977,6695625848,35,up,283.177,178.55,28.318,3.5923,0
2026-02-26 18:05:00,8740559075,6353717294,56,up,233.082,169.432,23.308,5.6294,0
2026-02-26 18:10:00,8456755599,5188134515,25,up,225.513,138.35,22.551,2.5098,0
2026-02-26 18:15:00,9462910945,7762982631,2,up,252.344,207.013,25.234,0.2285,0
2026-02-26 18:20:00,10344340640,4989396328,3,up,275.849,133.051,27.585,0.3388,0
2026-02-26 18:25:00,9531442948,6683469485,25,up,254.172,178.226,25.417,2.5866,0
2026-02-26 18:30:00,7600878957,6310524348,12,up,202.69,168.281,20.269,1.271,0
2026-02-26 18:35:00,8471822500,5154617491,7,up,225.915,137.456,22.592,0.7974,0
2026-02-26 18:40:00,9291780528,5910503324,20,up,247.781,157.613,24.778,2.0091,0
2026-02-26 18:45:00,9289876195,5943297921,35,up,247.73,158.488,24.773,3.5139,0
2026-02-26 18:50:00,11594109948,6940019555,15,up,309.176,185.067,30.918,1.5556,0
2026-02-26 18:55:00,7815763564,5486416151,51,up,208.42,146.304,20.842,5.1911,0
2026-02-26 19:00:00,9943787897,5811399595,42,up,265.168,154.971,26.517,4.2925,0
2026-02-26 19:05:00,11050252246,4318029884,42,up,294.673,115.147,29.467,4.2487,0
2026-02-26 19:10:00,11930380963,7249029211,134,up,318.143,193.307,31.814,13.4798,0
2026-02-26 19:15:00,8920052898,5229262865,11,up,237.868,139.447,23.787,1.1196,0
2026-02-26 19:20:00,9927858134,6235375822,33,up,264.743,166.277,26.474,3.3116,0
2026-02-26 19:25:00,10015980401,5926986362,61,up,267.093,158.053,26.709,6.1898,0
2026-02-26 19:30:00,9594916947,5929439303,27,up,255.864,158.118,25.586,2.7724,0
2026-02-26 19:35:00,9263799148,6583100629,49,up,247.035,175.549,24.703,4.9865,0
2026-02-26 19:40:00,9865472313,7203308971,17,up,263.079,192.088,26.308,1.7127,0
2026-02-26 19:45:00,6526223154,6181075442,28,up,174.033,164.829,17.403,2.857,0
2026-02-26 19:50:00,7099629723,6471656172,49,up,189.323,172.577,18.932,4.9259,1
2026-02-26 19:55:00,9516950141,6236801906,136,up,253.785,166.315,25.379,13.6072,0
2026-02-26 20:00:00,9124715741,6732622625,51,up,243.326,179.537,24.333,5.1505,0
2026-02-26 20:05:00,11677719970,5666700206,64,up,311.406,151.112,31.141,6.4995,0
2026-02-26 20:10:00,8615699228,6774281199,37,up,229.752,180.647,22.975,3.7924,0
2026-02-26 20:15:00,8921539512,6799559903,6,up,237.908,181.322,23.791,0.6587,0
2026-02-26 20:20:00,11615497464,6779426646,1,up,309.747,180.785,30.975,0.1009,0
2026-02-26 20:25:00,8438931032,5524693535,63,up,225.038,147.325,22.504,6.3998,0
2026-02-26 20:30:00,8756120306,5878796903,16,up,233.497,156.768,23.35,1.6151,0
2026-02-26 20:35:00,9209596398,6172416231,9,up,245.589,164.598,24.559,0.9803,0
2026-02-26 20:40:00,10320826292,5012993727,26,up,275.222,133.68,27.522,2.6393,0
2026-02-26 20:45:00,9608777820,7148342549,17,up,256.234,190.622,25.623,1.7481,0
2026-02-26 20:50:00,7920796484,5991160895,33,up,211.221,159.764,21.122,3.3747,0
2026-02-26 20:55:00,8776310366,6204428079,21,up,234.035,165.451,23.403,2.116,0
2026-02-26 21:00:00,8691726262,5584556803,38,up,231.779,148.922,23.178,3.8233,0
2026-02-26 21:05:00,9288126324,5044648157,61,up,247.683,134.524,24.768,6.1447,0
2026-02-26 21:10:00,6897851881,5565098482,44,up,183.943,148.403,18.394,4.4969,1
2026-02-26 21:15:00,9845481475,6157827015,12,up,262.546,164.209,26.255,1.2788,0
2026-02-26 21:20:00,7376986776,6484868745,18,up,196.72,172.93,19.672,1.8373,0
2026-02-26 21:25:00,10571933611,6116489909,104,up,281.918,163.106,28.192,10.4695,0
2026-02-26 21:30:00,9659139951,6249641291,14,up,257.577,166.657,25.758,1.4549,0
2026-02-26 21:35:00,7652818987,5757341010,48,up,204.075,153.529,20.408,4.8594,1
2026-02-26 21:40:00,9874723118,6357298967,33,up,263.326,169.528,26.333,3.3913,0
2026-02-26 21:45:00,10613988327,7067639663,17,up,283.04,188.47,28.304,1.7387,0
2026-02-26 21:50:00,9899863475,6507448398,96,up,263.996,173.532,26.4,9.6656,0
2026-02-26 21:55:00,10889503975,6582870159,71,up,290.387,175.543,29.039,7.196,0
2026-02-26 22:00:00,9962531965,6211691807,23,up,265.668,165.645,26.567,2.3051,0
2026-02-26 22:05:00,9264845347,4917728349,33,up,247.063,131.139,24.706,3.312,0
2026-02-26 22:10:00,11931489060,5247840097,1,up,318.173,139.942,31.817,0.1913,0
2026-02-26 22:15:00,10375166762,6327510576,38,up,276.671,168.734,27.667,3.8075,0
2026-02-26 22:20:00,10020462473,5992123882,39,up,267.212,159.79,26.721,3.9305,0
2026-02-26 22:25:00,7939157531,6316686878,14,up,211.711,168.445,21.171,1.4241,0
2026-02-26 22:30:00,7925653930,7207024860,7,up,211.351,192.187,21.135,0.7938,0
2026-02-26 22:35:00,9704304917,6522745919,78,up,258.781,173.94,25.878,7.8913,0
2026-02-26 22:40:00,6677097943,6906398068,43,up,178.056,184.171,17.806,4.3082,1
2026-02-26 22:45:00,8684112114,6068170600,33,up,231.576,161.818,23.158,3.3935,0
2026-02-26 22:50:00,9533605537,5418804712,1,up,254.229,144.501,25.423,0.1085,0
2026-02-26 22:55:00,11162205294,5958336365,17,up,297.659,158.889,29.766,1.7106,0
2026-02-26 23:00:00,10157327783,5420578694,54,up,270.862,144.549,27.086,5.439,0
2026-02-26 23:05:00,8091365426,7121972368,15,up,215.77,189.919,21.577,1.5691,0
2026-02-26 23:10:00,9249552569,6569081575,29,up,246.655,175.176,24.665,2.9575,0
2026-02-26 23:15:00,8469412709,6374768997,7,up,225.851,169.994,22.585,0.7537,0
2026-02-26 23:20:00,8938837594,6889879105,17,up,238.369,183.73,23.837,1.724,0
2026-02-26 23:25:00,8909682376,4545559381,84,up,237.592,121.215,23.759,8.4034,0
2026-02-26 23:30:00,8837648719,6423459324,26,up,235.671,171.292,23.567,2.6744,0
2026-02-26 23:35:00,7962972706,5056335035,74,up,212.346,134.836,21.235,7.4307,0
2026-02-26 23:40:00,9231388483,5994775897,74,up,246.17,159.861,24.617,7.4336,0
2026-02-26 23:45:00,8744316408,5775570533,92,up,233.182,154.015,23.318,9.2321,0
2026-02-26 23:50:00,4255559156,6476450360,69,up,113.482,172.705,11.348,6.977,1
2026-02-26 23:55:00,11684593527,6164294848,0,up,311.589,164.381,31.159,0.0105,0
2026-02-27 00:00:00,10599865860,6968484365,86,up,282.663,185.826,28.266,8.6986,0
2026-02-27 00:05:00,8951661684,5566634044,4,up,238.711,148.444,23.871,0.4732,0
2026-02-27 00:10:00,9396171430,6510562360,1,up,250.565,173.615,25.056,0.1304,0
2026-02-27 00:15:00,8056888859,6116800716,1,up,214.85,163.115,21.485,0.1823,0
2026-02-27 00:20:00,11282688237,4822591005,13,up,300.872,128.602,30.087,1.3732,0
2026-02-27 00:25:00,11509449781,5338596149,31,up,306.919,142.363,30.692,3.103,0
2026-02-27 00:30:00,9551280444,5892087815,16,up,254.701,157.122,25.47,1.647,0
2026-02-27 00:35:00,10526471974,6800850563,0,up,280.706,181.356,28.071,0.0828,0
2026-02-27 00:40:00,9572197626,6333880601,20,up,255.259,168.903,25.526,2.071,0
2026-02-27 00:45:00,7871183881,5159399406,18,up,209.898,137.584,20.99,1.8676,0
2026-02-27 00:50:00,8911698709,5898972315,45,up,237.645,157.306,23.765,4.525,0
2026-02-27 00:55:00,9523418962,7452820643,10,up,253.958,198.742,25.396,1.0495,0
2026-02-27 01:00:00,8863633816,6080080801,7,up,236.364,162.135,23.636,0.785,0
2026-02-27 01:05:00,9129015062,5764325585,9,up,243.44,153.715,24.344,0.946,0
2026-02-27 01:10:00,9272175497,6354052541,11,up,247.258,169.441,24.726,1.1585,0
2026-02-27 01:15:00,9284011689,6549643017,29,up,247.574,174.657,24.757,2.9255,0
2026-02-27 01:20:00,9433790801,5671558789,20,up,251.568,151.242,25.157,2.0408,0
2026-02-27 01:25:00,8181819300,6361853837,13,up,218.182,169.649,21.818,1.3146,0
2026-02-27 01:30:00,8568356832,5763199562,15,up,228.49,153.685,22.849,1.5005,0
2026-02-27 01:35:00,7929842701,6517915873,14,up,211.462,173.811,21.146,1.4832,0
2026-02-27 01:40:00,10475042493,6122179073,114,up,279.334,163.258,27.933,11.4886,0
2026-02-27 01:45:00,7006147190,6347016835,8,up,186.831,169.254,18.683,0.8488,0
2026-02-27 01:50:00,10672789136,5453387846,54,up,284.608,145.424,28.461,5.4531,0
2026-02-27 01:55:00,10934643071,5408673803,39,up,291.59,144.231,29.159,3.9415,0
2026-02-27 02:00:00,9035046839,6680758059,0,up,240.935,178.154,24.093,0.0179,0
2026-02-27 02:05:00,6446470776,5942834605,159,up,171.906,158.476,17.191,15.9595,0
2026-02-27 02:10:00,8968525617,6205225014,45,up,239.161,165.473,23.916,4.5196,0
2026-02-27 02:15:00,6511954972,5779395292,57,up,173.652,154.117,17.365,5.7354,1
2026-02-27 02:20:00,8238077002,6647083277,16,up,219.682,177.256,21.968,1.6632,0
2026-02-27 02:25:00,8795379306,5562376814,25,up,234.543,148.33,23.454,2.5924,0
2026-02-27 02:30:00,11096469598,5902367107,9,up,295.906,157.396,29.591,0.9346,0
2026-02-27 02:35:00,10123043057,6565914825,1,up,269.948,175.091,26.995,0.1156,0
2026-02-27 02:40:00,8334865371,6844536743,57,up,222.263,182.521,22.226,5.7857,0
2026-02-27 02:45:00,7577700934,5622893310,72,up,202.072,149.944,20.207,7.2577,0
2026-02-27 02:50:00,9007105517,7410972467,5,up,240.189,197.626,24.019,0.5674,0
2026-02-27 02:55:00,9134861123,6225534019,49,up,243.596,166.014,24.36,4.9495,0
2026-02-27 03:00:00,9933224085,5249091651,43,up,264.886,139.976,26.489,4.3249,0
2026-02-27 03:05:00,6140938088,6265717474,58,up,163.758,167.086,16.376,5.8314,1
2026-02-27 03:10:00,6965305915,5724240565,45,up,185.741,152.646,18.574,4.5365,1
2026-02-27 03:15:00,11552048295,6312529310,17,up,308.055,168.334,30.805,1.7584,0
2026-02-27 03:20:00,10292438650,5969143501,45,up,274.465,159.177,27.447,4.5663,0
2026-02-27 03:25:00,9320900429,6053477056,58,up,248.557,161.426,24.856,5.8178,0
2026-02-27 03:30:00,9168955720,5343652768,3,up,244.505,142.497,24.451,0.3186,0
2026-02-27 03:35:00,8973742724,6712844086,26,up,239.3,179.009,23.93,2.6488,0
2026-02-27 03:40:00,10703221026,5167588295,45,up,285.419,137.802,28.542,4.5902,0
2026-02-27 03:45:00,8669272373,5201689275,49,up,231.181,138.712,23.118,4.9365,0
2026-02-27 03:50:00,9425875547,6264499451,5,up,251.357,167.053,25.136,0.5125,0
2026-02-27 03:55:00,9432597639,7154047857,23,up,251.536,190.775,25.154,2.3856,0
2026-02-27 04:00:00,8810492783,5746132970,62,up,234.946,153.23,23.495,6.2362,0
2026-02-27 04:05:00,7830976258,6504700072,12,up,208.826,173.459,20.883,1.2272,0
2026-02-27 04:10:00,9738346316,6772804927,17,up,259.689,180.608,25.969,1.7715,0
2026-02-27 04:15:00,9306370531,6586572794,52,up,248.17,175.642,24.817,5.2207,0
2026-02-27 04:20:00,9937770528,5775930031,2,up,265.007,154.025,26.501,0.2994,0
2026-02-27 04:25:00,8774699655,5214446363,62,up,233.992,139.052,23.399,6.28,0
2026-02-27 04:30:00,10748423961,4410565752,11,up,286.625,117.615,28.662,1.1928,0
2026-02-27 04:35:00,5872040647,5810754840,40,up,156.588,154.953,15.659,4.0804,1
2026-02-27 04:40:00,11301045319,6848222905,8,up,301.361,182.619,30.136,0.8537,0
2026-02-27 04:45:00,7408908926,5190600490,3,up,197.571,138.416,19.757,0.3,0
2026-02-27 04:50:00,9864116322,6504151090,3,up,263.043,173.444,26.304,0.3102,0
2026-02-27 04:55:00,9909859517,5315890178,37,up,264.263,141.757,26.426,3.7772,0
2026-02-27 05:00:00,5935998808,6076372254,36,up,158.293,162.037,15.829,3.681,1
2026-02-27 05:05:00,9852443180,6509609962,87,up,262.732,173.59,26.273,8.7341,0
2026-02-27 05:10:00,10814458503,5525163285,23,up,288.386,147.338,28.839,2.3251,0
2026-02-27 05:15:00,6881078805,6122748970,19,up,183.495,163.273,18.35,1.9724,0
2026-02-27 05:20:00,9940587908,5701134237,18,up,265.082,152.03,26.508,1.8229,0
2026-02-27 05:25:00,6570070327,6507707034,37,up,175.202,173.539,17.52,3.7746,0
2026-02-27 05:30:00,8288627096,6169428361,19,up,221.03,164.518,22.103,1.9263,0
2026-02-27 05:35:00,11207812160,6040685525,4,up,298.875,161.085,29.887,0.4405,0
2026-02-27 05:40:00,8720495212,7122011971,67,up,232.547,189.92,23.255,6.7894,0
2026-02-27 05:45:00,8054385040,6476860422,17,up,214.784,172.716,21.478,1.7898,0
2026-02-27 05:50:00,9152320054,5502946656,2,up,244.062,146.745,24.406,0.246,0
2026-02-27 05:55:00,11701394630,5938177991,24,up,312.037,158.351,31.204,2.4118,0
2026-02-27 06:00:00,7314357471,5945352874,33,up,195.05,158.543,19.505,3.3353,0
2026-02-27 06:05:00,8192276349,6057830092,10,up,218.461,161.542,21.846,1.0316,0
2026-02-27 06:10:00,11059610643,7817646679,51,up,294.923,208.471,29.492,5.1557,0
2026-02-27 06:15:00,11464915136,6267013362,35,up,305.731,167.12,30.573,3.5455,0
2026-02-27 06:20:00,9258639872,4534150149,33,up,246.897,120.911,24.69,3.3626,0
2026-02-27 06:25:00,5586745996,5609184740,71,up,148.98,149.578,14.898,7.1547,1
2026-02-27 06:30:00,11732823939,4608692097,104,up,312.875,122.898,31.288,10.4574,0
2026-02-27 06:35:00,7818123383,5762545254,57,up,208.483,153.668,20.848,5.7223,1
2026-02-27 06:40:00,10138815361,4569136634,27,up,270.368,121.844,27.037,2.7586,0
2026-02-27 06:45:00,8461047357,5372454860,11,up,225.628,143.265,22.563,1.183,0
2026-02-27 06:50:00,9319841991,4905080498,43,up,248.529,130.802,24.853,4.3703,0
2026-02-27 06:55:00,9194594908,6276595328,1,up,245.189,167.376,24.519,0.1567,0
2026-02-27 07:00:00,9747207717,6000388341,1,up,259.926,160.01,25.993,0.1503,0
2026-02-27 07:05:00,11007376617,6218132861,53,up,293.53,165.817,29.353,5.3289,0
2026-02-27 07:10:00,10364344171,5924723000,18,up,276.383,157.993,27.638,1.8228,0
2026-02-27 07:15:00,8162951913,4996105619,13,up,217.679,133.229,21.768,1.3354,0
2026-02-27 07:20:00,10923558506,6369735385,29,up,291.295,169.86,29.129,2.9929,0
2026-02-27 07:25:00,9727273657,7384001683,38,up,259.394,196.907,25.939,3.873,0
2026-02-27 07:30:00,10147949020,6294633056,7,up,270.612,167.857,27.061,0.7189,0
2026-02-27 07:35:00,11024858466,5693334288,6,up,293.996,151.822,29.4,0.6563,0
2026-02-27 07:40:00,5687130553,4971791633,64,up,151.657,132.581,15.166,6.4218,1
2026-02-27 07:45:00,9334696223,5346191781,28,up,248.925,142.565,24.893,2.8505,0
2026-02-27 07:50:00,8777113629,6326188552,15,up,234.056,168.698,23.406,1.5824,0
2026-02-27 07:55:00,7611158146,6772644979,51,up,202.964,180.604,20.296,5.1734,0
2026-02-27 08:00:00,9765048724,6187823645,23,up,260.401,165.009,26.04,2.3833,0
2026-02-27 08:05:00,12200501120,6575918848,8,up,325.347,175.358,32.535,0.8852,0
2026-02-27 08:10:00,7304912537,6509528335,7,up,194.798,173.587,19.48,0.7411,0
2026-02-27 08:15:00,9338684312,6364704761,16,up,249.032,169.725,24.903,1.6179,0
2026-02-27 08:20:00,10095610801,5525899011,62,up,269.216,147.357,26.922,6.2892,0
2026-02-27 08:25:00,9513462976,6125224928,2,up,253.692,163.339,25.369,0.2029,0
2026-02-27 08:30:00,9247730940,5389167981,7,up,246.606,143.711,24.661,0.789,0
2026-02-27 08:35:00,7913381591,6012548846,71,up,211.024,160.335,21.102,7.1563,0
2026-02-27 08:40:00,9636885085,6238221742,4,up,256.984,166.353,25.698,0.4154,0
2026-02-27 08:45:00,8523640525,7208724341,31,up,227.297,192.233,22.73,3.1784,0
2026-02-27 08:50:00,6911338081,5056992978,7,up,184.302,134.853,18.43,0.7686,0
2026-02-27 08:55:00,10718916248,6346685494,29,up,285.838,169.245,28.584,2.9794,0
2026-02-27 09:00:00,10453184047,7066490345,15,up,278.752,188.44,27.875,1.5458,0
2026-02-27 09:05:00,9433118598,6546370391,3,up,251.55,174.57,25.155,0.3431,0
2026-02-27 09:10:00,9632709024,6599720718,27,up,256.872,175.993,25.687,2.7949,0
2026-02-27 09:15:00,10583607764,6423140329,36,up,282.23,171.284,28.223,3.6768,0
2026-02-27 09:20:00,9627382113,6934800832,36,up,256.73,184.928,25.673,3.6489,0
2026-02-27 09:25:00,10392019749,5217015718,32,up,277.121,139.12,27.712,3.243,0
2026-02-27 09:30:00,9040332524,5002132800,22,up,241.076,133.39,24.108,2.2195,0
2026-02-27 09:35:00,10850981705,5995439418,23,up,289.36,159.878,28.936,2.3452,0
2026-02-27 09:40:00,9735883941,4443963285,32,up,259.624,118.506,25.962,3.2308,0
2026-02-27 09:45:00,9593308436,6886064979,37,up,255.822,183.628,25.582,3.7505,0
2026-02-27 09:50:00,7946181275,6878914940,34,up,211.898,183.438,21.19,3.4043,0
2026-02-27 09:55:00,9697825336,5687987600,28,up,258.609,151.68,25.861,2.8294,0
2026-02-27 10:00:00,8439050717,5733045170,5,up,225.041,152.881,22.504,0.5421,0
2026-02-27 10:05:00,8656931932,5947909817,7,up,230.852,158.611,23.085,0.7568,0
2026-02-27 10:10:00,8457702418,6037454868,9,up,225.539,160.999,22.554,0.9645,0
2026-02-27 10:15:00,8175485701,6091565221,80,up,218.013,162.442,21.801,8.0688,0
2026-02-27 10:20:00,11765367828,6401927116,45,up,313.743,170.718,31.374,4.5587,0
2026-02-27 10:25:00,10872756444,5875709025,25,up,289.94,156.686,28.994,2.5757,0
2026-02-27 10:30:00,11535413439,6679099178,9,up,307.611,178.109,30.761,0.9294,0
2026-02-27 10:35:00,7999243102,6321082399,3,up,213.313,168.562,21.331,0.3761,0
2026-02-27 10:40:00,9455160468,5562986318,73,up,252.138,148.346,25.214,7.3288,0
2026-02-27 10:45:00,7919803921,6961281120,71,up,211.195,185.634,21.119,7.1418,0
2026-02-27 10:50:00,8592343263,5022054969,3,up,229.129,133.921,22.913,0.3754,0
2026-02-27 10:55:00,8342107143,5933640616,51,up,222.456,158.23,22.246,5.106,0
2026-02-27 11:00:00,10769532007,6696180528,18,up,287.188,178.565,28.719,1.8936,0
2026-02-27 11:05:00,8929241612,5479387364,12,up,238.113,146.117,23.811,1.2528,0
2026-02-27 11:10:00,10576926750,6222880065,42,up,282.051,165.943,28.205,4.2996,0
2026-02-27 11:15:00,10054636000,6391204509,30,up,268.124,170.432,26.812,3.0489,0
2026-02-27 11:20:00,11966593596,5380422815,48,up,319.109,143.478,31.911,4.8456,0
2026-02-27 11:25:00,7710625248,5947816041,2,up,205.617,158.608,20.562,0.2472,0
2026-02-27 11:30:00,10791637394,5887317242,12,up,287.777,156.995,28.778,1.2275,0
2026-02-27 11:35:00,10664745979,5602748746,12,up,284.393,149.407,28.439,1.2309,0
2026-02-27 11:40:00,8279948807,7657205893,12,up,220.799,204.192,22.08,1.2803,0
2026-02-27 11:45:00,10508025003,5450563425,22,up,280.214,145.348,28.021,2.234,0
2026-02-27 11:50:00,9753163083,6723549811,10,up,260.084,179.295,26.008,1.0646,0
2026-02-27 11:55:00,9119089207,5717183267,18,up,243.176,152.458,24.318,1.8806,0
2026-02-27 12:00:00,8448072577,5217621944,14,up,225.282,139.137,22.528,1.4672,0
2026-02-27 12:05:00,8566001867,6074026255,42,up,228.427,161.974,22.843,4.2533,0
2026-02-27 12:10:00,11681038607,6467347236,29,up,311.494,172.463,31.149,2.9603,0
2026-02-27 12:15:00,9375768171,6662766894,33,up,250.02,177.674,25.002,3.3928,0
2026-02-27 12:20:00,10254896251,7124830879,7,up,273.464,189.995,27.346,0.7567,0
2026-02-27 12:25:00,8485238195,8120577328,12,up,226.273,216.549,22.627,1.2601,0
2026-02-27 12:30:00,8497665435,6180370226,0,up,226.604,164.81,22.66,0.0685,0
2026-02-27 12:35:00,10592232910,5522573634,3,up,282.46,147.269,28.246,0.3671,0
2026-02-27 12:40:00,7856726762,6326069515,9,up,209.513,168.695,20.951,0.9855,0
2026-02-27 12:45:00,8907884511,5808326675,2,up,237.544,154.889,23.754,0.2167,0
2026-02-27 12:50:00,9413280837,6666695613,29,up,251.021,177.779,25.102,2.9533,0
2026-02-27 12:55:00,9500294177,5066041706,201,up,253.341,135.094,25.334,20.102,0
2026-02-27 13:00:00,9173520054,7705200870,3,up,244.627,205.472,24.463,0.3401,0
2026-02-27 13:05:00,9820297253,6616354628,55,up,261.875,176.436,26.187,5.5093,0
2026-02-27 13:10:00,10154462725,4787517107,4,up,270.786,127.667,27.079,0.4048,0
2026-02-27 13:15:00,10201467238,5489499190,35,up,272.039,146.387,27.204,3.5469,0
2026-02-27 13:20:00,8265970715,6587578351,32,up,220.426,175.669,22.043,3.2975,0
2026-02-27 13:25:00,9055325514,6846967720,74,up,241.475,182.586,24.148,7.4564,0
2026-02-27 13:30:00,10719108219,5083988908,3,up,285.843,135.573,28.584,0.3871,0
2026-02-27 13:35:00,10381478086,6513378612,12,up,276.839,173.69,27.684,1.2128,0
2026-02-27 13:40:00,7830533117,4597915291,3,up,208.814,122.611,20.881,0.3045,0
2026-02-27 13:45:00,9770414887,5935678176,16,up,260.544,158.285,26.054,1.6743,0
2026-02-27 13:50:00,7149496594,6800673726,77,up,190.653,181.351,19.065,7.7626,0
2026-02-27 13:55:00,9427801764,5602908674,48,up,251.408,149.411,25.141,4.8674,0
2026-02-27 14:00:00,11509987893,4915015944,41,up,306.933,131.067,30.693,4.1068,0
2026-02-27 14:05:00,8308620693,6105274653,24,up,221.563,162.807,22.156,2.4368,0
2026-02-27 14:10:00,8436386573,5564602416,68,up,224.97,148.389,22.497,6.8792,0
2026-02-27 14:15:00,10234533504,6453282023,19,up,272.921,172.088,27.292,1.9098,0
2026-02-27 14:20:00,7639348295,5362564968,5,up,203.716,143.002,20.372,0.5189,0
2026-02-27 14:25:00,6064205413,5443701439,65,up,161.712,145.165,16.171,6.5803,1
2026-02-27 14:30:00,10045996279,4544878328,10,up,267.893,121.197,26.789,1.0496,0
2026-02-27 14:35:00,8661428421,6122360191,1,up,230.971,163.263,23.097,0.1764,0
2026-02-27 14:40:00,9109533764,5884148444,4,up,242.921,156.911,24.292,0.4311,0
2026-02-27 14:45:00,10212208924,5144363037,30,up,272.326,137.183,27.233,3.0054,0
2026-02-27 14:50:00,9849239343,6139535073,29,up,262.646,163.721,26.265,2.9893,0
2026-02-27 14:55:00,6772619487,6739490616,48,up,180.603,179.72,18.06,4.8994,1
2026-02-27 15:00:00,8993487435,5844791080,41,up,239.826,155.861,23.983,4.1566,0
2026-02-27 15:05:00,9791318754,6193080203,47,up,261.102,165.149,26.11,4.754,0
2026-02-27 15:10:00,9235800734,6196784099,81,up,246.288,165.248,24.629,8.1025,0
2026-02-27 15:15:00,9890031311,5132882524,28,up,263.734,136.877,26.373,2.8138,0
2026-02-27 15:20:00,8815951471,7480741790,48,up,235.092,199.486,23.509,4.8368,0
2026-02-27 15:25:00,9169609903,5660988122,44,up,244.523,150.96,24.452,4.4761,0
2026-02-27 15:30:00,8261297483,6472403665,9,up,220.301,172.597,22.03,0.9541,0
2026-02-27 15:35:00,9335616438,6553834999,11,up,248.95,174.769,24.895,1.1885,0
2026-02-27 15:40:00,8462624028,5899491508,20,up,225.67,157.32,22.567,2.0832,0
2026-02-27 15:45:00,8121697743,6436892418,0,up,216.579,171.65,21.658,0.0615,0
2026-02-27 15:50:00,9665993791,6176989839,11,up,257.76,164.72,25.776,1.1295,0
2026-02-27 15:55:00,9614332247,4979299374,20,up,256.382,132.781,25.638,2.0551,0
2026-02-27 16:00:00,10255732951,5760763655,3,up,273.486,153.62,27.349,0.366,0
2026-02-27 16:05:00,8889983734,5558963350,4,up,237.066,148.239,23.707,0.432,0
2026-02-27 16:10:00,9834059452,5667543570,19,up,262.242,151.134,26.224,1.991,0
2026-02-27 16:15:00,9994647268,5061117711,42,up,266.524,134.963,26.652,4.2013,0
2026-02-27 16:20:00,9875370533,6811032276,57,up,263.343,181.628,26.334,5.7416,0
2026-02-27 16:25:00,8446139606,7153434711,25,up,225.23,190.758,22.523,2.5291,0
2026-02-27 16:30:00,9543033917,6704162142,20,up,254.481,178.778,25.448,2.0604,0
2026-02-27 16:35:00,6849260483,6914781041,38,up,182.647,184.394,18.265,3.8533,1
2026-02-27 16:40:00,9383075775,5751862917,6,up,250.215,153.383,25.022,0.686,0
2026-02-27 16:45:00,7027712634,5541895078,5,up,187.406,147.784,18.741,0.5071,0
2026-02-27 16:50:00,9555550826,5439417326,50,up,254.815,145.051,25.481,5.0231,0
2026-02-27 16:55:00,11864097419,6463726744,20,up,316.376,172.366,31.638,2.0016,0
2026-02-27 17:00:00,8969955822,6163485398,49,up,239.199,164.36,23.92,4.999,0
2026-02-27 17:05:00,8555913264,5944400367,38,up,228.158,158.517,22.816,3.8966,0
2026-02-27 17:10:00,9795017129,6932506951,6,up,261.2,184.867,26.12,0.6897,0
2026-02-27 17:15:00,9726425486,6291557774,22,up,259.371,167.775,25.937,2.2847,0
2026-02-27 17:20:00,10716827061,5396166500,18,up,285.782,143.898,28.578,1.8785,0
2026-02-27 17:25:00,5571928827,5509745643,59,up,148.585,146.927,14.858,5.9265,1
2026-02-27 17:30:00,10197802784,6491035175,25,up,271.941,173.094,27.194,2.5028,0
2026-02-27 17:35:00,10039224818,6750047653,128,up,267.713,180.001,26.771,12.8702,0
2026-02-27 17:40:00,9215085145,6397209767,53,up,245.736,170.592,24.574,5.3636,0
2026-02-27 17:45:00,9756023232,7365759898,74,up,260.161,196.42,26.016,7.4893,0
2026-02-27 17:50:00,10533139666,7177205159,0,up,280.884,191.392,28.088,0.0963,0
2026-02-27 17:55:00,10356354802,6317545801,4,up,276.169,168.468,27.617,0.4839,0
2026-02-27 18:00:00,8089103273,5396221925,2,up,215.709,143.899,21.571,0.2834,0
2026-02-27 18:05:00,10297677960,5056808991,9,up,274.605,134.848,27.46,0.9775,0
2026-02-27 18:10:00,9302225319,5721085143,18,up,248.059,152.562,24.806,1.8663,0
2026-02-27 18:15:00,9456983360,6542313681,32,up,252.186,174.462,25.219,3.2876,0
2026-02-27 18:20:00,9457346614,7315185897,22,up,252.196,195.072,25.22,2.2234,0
2026-02-27 18:25:00,9205976637,6300561864,74,up,245.493,168.015,24.549,7.4718,0
2026-02-27 18:30:00,10715670934,6841480411,89,up,285.751,182.439,28.575,8.9952,0
2026-02-27 18:35:00,9280817295,5823378609,5,up,247.488,155.29,24.749,0.5714,0
2026-02-27 18:40:00,8115510605,6448393770,61,up,216.414,171.957,21.641,6.1335,0
2026-02-27 18:45:00,8932278912,6592816917,21,up,238.194,175.808,23.819,2.1032,0
2026-02-27 18:50:00,9576031556,4574692121,19,up,255.361,121.992,25.536,1.9325,0
2026-02-27 18:55:00,10757866632,5702324062,49,up,286.876,152.062,28.688,4.9179,0
2026-02-27 19:00:00,10053481520,6683784276,3,up,268.093,178.234,26.809,0.3129,0
2026-02-27 19:05:00,8418147811,6197617201,68,up,224.484,165.27,22.448,6.852,0
2026-02-27 19:10:00,12170838656,5138509165,35,up,324.556,137.027,32.456,3.5561,0
2026-02-27 19:15:00,9672872224,4250311889,66,up,257.943,113.342,25.794,6.6609,0
2026-02-27 19:20:00,10809814580,5736637863,166,up,288.262,152.977,28.826,16.6366,0
2026-02-27 19:25:00,9204321262,5948458301,23,up,245.449,158.626,24.545,2.3354,0
2026-02-27 19:30:00,9975029150,5363575476,3,up,266.001,143.029,26.6,0.3133,0
2026-02-27 19:35:00,10319402067,6103021154,5,up,275.184,162.747,27.518,0.5829,0
2026-02-27 19:40:00,10745469050,6364598458,12,up,286.546,169.723,28.655,1.2512,0
2026-02-27 19:45:00,10564539343,6482894762,3,up,281.721,172.877,28.172,0.3498,0
2026-02-27 19:50:00,10356221625,4303738374,54,up,276.166,114.766,27.617,5.4056,0
2026-02-27 19:55:00,9020527427,5053714729,11,up,240.547,134.766,24.055,1.1271,0
2026-02-27 20:00:00,8731785702,5780671693,119,up,232.848,154.151,23.285,11.9199,0
2026-02-27 20:05:00,9749183449,6411964654,38,up,259.978,170.986,25.998,3.8805,0
2026-02-27 20:10:00,10424769081,6352248489,6,up,277.994,169.393,27.799,0.6095,0
2026-02-27 20:15:00,9124439211,6339746362,20,up,243.318,169.06,24.332,2.0683,0
2026-02-27 20:20:00,10573318461,5723939081,20,up,281.955,152.638,28.196,2.0129,0
2026-02-27 20:25:00,11009193838,5764103925,21,up,293.579,153.709,29.358,2.1705,0
2026-02-27 20:30:00,8344138966,5475602926,24,up,222.51,146.016,22.251,2.4551,0
2026-02-27 20:35:00,8433464208,6553099772,1,up,224.892,174.749,22.489,0.1013,0
2026-02-27 20:40:00,9217078058,5337248072,37,up,245.789,142.327,24.579,3.7098,0
2026-02-27 20:45:00,9721064251,6612026204,21,up,259.228,176.321,25.923,2.1371,0
2026-02-27 20:50:00,8784862109,6149654331,50,up,234.263,163.991,23.426,5.0088,0
2026-02-27 20:55:00,10896228013,5967567975,54,up,290.566,159.135,29.057,5.4057,0
2026-02-27 21:00:00,9852075219,5527168512,8,up,262.722,147.391,26.272,0.8386,0
2026-02-27 21:05:00,9419377929,5024009859,1,up,251.183,133.974,25.118,0.1588,0
2026-02-27 21:10:00,7759601785,5533690015,38,up,206.923,147.565,20.692,3.8874,0
2026-02-27 21:15:00,7894707206,5762395054,121,up,210.526,153.664,21.053,12.1792,0
2026-02-27 21:20:00,9691135406,4294302495,18,up,258.43,114.515,25.843,1.8937,0
2026-02-27 21:25:00,6975829920,5857904288,9,up,186.022,156.211,18.602,0.9619,0
2026-02-27 21:30:00,10514217085,6665537304,5,up,280.379,177.748,28.038,0.5453,0
2026-02-27 21:35:00,9197076925,6408396891,10,up,245.255,170.891,24.526,1.0845,0
2026-02-27 21:40:00,13023479590,5642731769,12,up,347.293,150.473,34.729,1.2716,0
2026-02-27 21:45:00,11971405781,6033794134,17,up,319.237,160.901,31.924,1.7646,0
2026-02-27 21:50:00,9170869797,5599561510,34,up,244.557,149.322,24.456,3.4093,0
2026-02-27 21:55:00,9255370872,6107107728,10,up,246.81,162.856,24.681,1.021,0
2026-02-27 22:00:00,10495029203,7108877633,1,up,279.867,189.57,27.987,0.1674,0
2026-02-27 22:05:00,11291069186,6697319137,14,up,301.095,178.595,30.11,1.4952,0
2026-02-27 22:10:00,7532217310,6374971900,61,up,200.859,169.999,20.086,6.1932,0
2026-02-27 22:15:00,7365327601,5645122863,22,up,196.409,150.537,19.641,2.2075,0
2026-02-27 22:20:00,8675210843,6539955642,107,up,231.339,174.399,23.134,10.708,0
2026-02-27 22:25:00,10030579781,4785448595,22,up,267.482,127.612,26.748,2.2413,0
2026-02-27 22:30:00,9933982789,5818305492,10,up,264.906,155.155,26.491,1.033,0
2026-02-27 22:35:00,10578492886,6420272222,6,up,282.093,171.207,28.209,0.6874,0
2026-02-27 22:40:00,8025340280,6533103274,37,up,214.009,174.216,21.401,3.7948,0
2026-02-27 22:45:00,6769338154,6482316832,24,up,180.516,172.862,18.052,2.4598,0
2026-02-27 22:50:00,10340265969,6212278096,29,up,275.74,165.661,27.574,2.9643,0
2026-02-27 22:55:00,8443279192,5859078015,45,up,225.154,156.242,22.515,4.5024,0
2026-02-27 23:00:00,7104201152,6387342698,41,up,189.445,170.329,18.945,4.1417,0
2026-02-27 23:05:00,9538196714,5313940050,1,up,254.352,141.705,25.435,0.1419,0
2026-02-27 23:10:00,10267322649,5391832370,51,up,273.795,143.782,27.38,5.1916,0
2026-02-27 23:15:00,9237685726,6044448967,24,up,246.338,161.185,24.634,2.4345,0
2026-02-27 23:20:00,8859920565,6124702302,15,up,236.265,163.325,23.626,1.5907,0
2026-02-27 23:25:00,9195717488,4685557071,24,up,245.219,124.948,24.522,2.4677,0
2026-02-27 23:30:00,8958094392,6327705394,30,up,238.883,168.739,23.888,3.0333,0
2026-02-27 23:35:00,7858446999,6556364432,5,up,209.559,174.836,20.956,0.5182,0
2026-02-27 23:40:00,8570984238,5944354629,17,up,228.56,158.516,22.856,1.7289,0
2026-02-27 23:45:00,9961439893,7709615723,13,up,265.638,205.59,26.564,1.3083,0
2026-02-27 23:50:00,9736888359,5508286723,13,up,259.65,146.888,25.965,1.3805,0
2026-02-27 23:55:00,9564067281,5740017242,3,up,255.042,153.067,25.504,0.3065,0
2026-02-28 00:00:00,8255457957,5715551827,5,up,220.146,152.415,22.015,0.5573,0
2026-02-28 00:05:00,9170808942,5945144919,5,up,244.555,158.537,24.455,0.5649,0
2026-02-28 00:10:00,6925801822,5763318134,14,up,184.688,153.688,18.469,1.4949,0
2026-02-28 00:15:00,9575786246,4987096407,71,up,255.354,132.989,25.535,7.1967,0
2026-02-28 00:20:00,10982464921,5606485226,7,up,292.866,149.506,29.287,0.7383,0
2026-02-28 00:25:00,7716601351,5929713099,17,up,205.776,158.126,20.578,1.7222,0
2026-02-28 00:30:00,8715831367,6884571899,11,up,232.422,183.589,23.242,1.1949,0
2026-02-28 00:35:00,9745245126,7585615156,49,up,259.873,202.283,25.987,4.9544,0
2026-02-28 00:40:00,10784447963,6961541206,1,up,287.585,185.641,28.759,0.1646,0
2026-02-28 00:45:00,8870747306,5441727098,7,up,236.553,145.113,23.655,0.7003,0
2026-02-28 00:50:00,8596218379,5499017080,7,up,229.232,146.64,22.923,0.7569,0
2026-02-28 00:55:00,7159961464,5885283424,158,up,190.932,156.941,19.093,15.8609,0
2026-02-28 01:00:00,9491367895,7284882399,27,up,253.103,194.264,25.31,2.7065,0
2026-02-28 01:05:00,8170634881,5880894682,72,up,217.884,156.824,21.788,7.2162,1
2026-02-28 01:10:00,9687028269,5044194606,10,up,258.321,134.512,25.832,1.0167,0
2026-02-28 01:15:00,9349936148,5639152461,5,up,249.332,150.377,24.933,0.5879,0
2026-02-28 01:20:00,9737342599,6545080321,4,up,259.662,174.535,25.966,0.4259,0
2026-02-28 01:25:00,9362521495,6496756999,51,up,249.667,173.247,24.967,5.1054,0
2026-02-28 01:30:00,8460358831,5855844000,21,up,225.61,156.156,22.561,2.191,0
2026-02-28 01:35:00,10301189905,6492058564,31,up,274.698,173.122,27.47,3.1921,0
2026-02-28 01:40:00,9628981713,4363316014,12,up,256.773,116.355,25.677,1.2875,0
2026-02-28 01:45:00,9394814908,6074757049,25,up,250.528,161.994,25.053,2.5816,0
2026-02-28 01:50:00,8277713219,6619693503,9,up,220.739,176.525,22.074,0.953,0
2026-02-28 01:55:00,10841446423,5400338441,11,up,289.105,144.009,28.911,1.1783,0
2026-02-28 02:00:00,10122790588,5397836253,33,up,269.941,143.942,26.994,3.38,0
2026-02-28 02:05:00,8752964057,4656157330,5,up,233.412,124.164,23.341,0.5214,0
2026-02-28 02:10:00,10502052960,7144724828,30,up,280.055,190.526,28.005,3.073,0
2026-02-28 02:15:00,8815232806,5481489136,61,up,235.073,146.173,23.507,6.1188,0
2026-02-28 02:20:00,8495246070,6173551160,4,up,226.54,164.628,22.654,0.4106,0
2026-02-28 02:25:00,8520333992,6434820269,72,up,227.209,171.595,22.721,7.288,0
2026-02-28 02:30:00,7382547877,7088688923,2,up,196.868,189.032,19.687,0.2649,0
2026-02-28 02:35:00,9905485177,5889193602,13,up,264.146,157.045,26.415,1.3731,0
2026-02-28 02:40:00,7314962011,5611610548,30,up,195.066,149.643,19.507,3.0173,0
2026-02-28 02:45:00,7993000689,6124608706,26,up,213.147,163.323,21.315,2.6229,0
2026-02-28 02:50:00,4927974442,6924537799,52,up,131.413,184.654,13.141,5.2024,1
2026-02-28 02:55:00,9278171595,5877475777,51,up,247.418,156.733,24.742,5.1329,0
2026-02-28 03:00:00,9205889482,5312494261,115,up,245.49,141.667,24.549,11.5764,0
2026-02-28 03:05:00,9007466760,4890654378,6,up,240.199,130.417,24.02,0.6398,0
2026-02-28 03:10:00,8202100093,5120665883,72,up,218.723,136.551,21.872,7.2161,0
2026-02-28 03:15:00,8056237027,6622361878,26,up,214.833,176.596,21.483,2.604,0
2026-02-28 03:20:00,9897416096,5769150377,87,up,263.931,153.844,26.393,8.7931,0
2026-02-28 03:25:00,8755629076,5562584944,6,up,233.483,148.336,23.348,0.6198,0
2026-02-28 03:30:00,9730903111,5484503599,50,up,259.491,146.253,25.949,5.025,0
2026-02-28 03:35:00,5865366659,6061233019,38,up,156.41,161.633,15.641,3.8984,1
2026-02-28 03:40:00,9578695585,5827592332,68,up,255.432,155.402,25.543,6.8712,0
2026-02-28 03:45:00,10841187791,5803344856,35,up,289.098,154.756,28.91,3.5883,0
2026-02-28 03:50:00,10034436525,6971513228,14,up,267.585,185.907,26.758,1.4798,0
2026-02-28 03:55:00,8911034454,7107371722,6,up,237.628,189.53,23.763,0.6762,0
2026-02-28 04:00:00,6765044189,4840784395,78,up,180.401,129.088,18.04,7.8461,1
2026-02-28 04:05:00,9104251678,6235866766,29,up,242.78,166.29,24.278,2.9582,0
2026-02-28 04:10:00,9383865207,5440659288,14,up,250.236,145.084,25.024,1.4302,0
2026-02-28 04:15:00,9008687566,5821259198,18,up,240.232,155.234,24.023,1.8774,0
2026-02-28 04:20:00,9190122893,6222680437,56,up,245.07,165.938,24.507,5.6058,0
2026-02-28 04:25:00,6729523515,5846841659,56,up,179.454,155.916,17.945,5.6786,1
2026-02-28 04:30:00,8257471462,6165931114,3,up,220.199,164.425,22.02,0.3005,0
2026-02-28 04:35:00,8232136319,6484538548,77,up,219.524,172.921,21.952,7.7513,0
2026-02-28 04:40:00,7812889626,6212095296,15,up,208.344,165.656,20.834,1.5678,0
2026-02-28 04:45:00,7574695007,5534277860,13,up,201.992,147.581,20.199,1.3706,0
2026-02-28 04:50:00,8005556971,5546976282,7,up,213.482,147.919,21.348,0.7317,0
2026-02-28 04:55:00,9554395320,4963412186,72,up,254.784,132.358,25.478,7.2868,0
2026-02-28 05:00:00,8370614045,5385177385,7,up,223.216,143.605,22.322,0.7849,0
2026-02-28 05:05:00,9952816272,7412689220,32,up,265.408,197.672,26.541,3.2398,0
2026-02-28 05:10:00,9414052967,5429757426,68,up,251.041,144.794,25.104,6.8053,0
2026-02-28 05:15:00,7160432759,5140767255,1,up,190.945,137.087,19.094,0.1137,0
2026-02-28 05:20:00,10111847532,6230348060,56,up,269.649,166.143,26.965,5.6476,0
2026-02-28 05:25:00,10287148476,5920537373,16,up,274.324,157.881,27.432,1.6917,0
2026-02-28 05:30:00,8256904490,5859172869,34,up,220.184,156.245,22.018,3.4332,0
2026-02-28 05:35:00,9847715485,7014513095,14,up,262.606,187.054,26.261,1.4908,0
2026-02-28 05:40:00,8411439482,6395371206,38,up,224.305,170.543,22.431,3.8052,0
2026-02-28 05:45:00,9484879173,5618405089,9,up,252.93,149.824,25.293,0.939,0
2026-02-28 05:50:00,7952439292,5694377339,0,up,212.065,151.85,21.207,0.071,0
2026-02-28 05:55:00,7357755240,5638137709,94,up,196.207,150.35,19.621,9.4478,0
2026-02-28 06:00:00,8944330661,6629812527,0,up,238.515,176.795,23.852,0.0528,0
2026-02-28 06:05:00,9235804935,5778133706,55,up,246.288,154.084,24.629,5.5611,0
2026-02-28 06:10:00,8927610344,4708929478,5,up,238.07,125.571,23.807,0.5929,0
2026-02-28 06:15:00,8042965621,5965209831,15,up,214.479,159.072,21.448,1.5934,0
2026-02-28 06:20:00,8925113555,4893341279,55,up,238.003,130.489,23.8,5.532,0
2026-02-28 06:25:00,9677956596,7572646033,7,up,258.079,201.937,25.808,0.7379,0
2026-02-28 06:30:00,9324495341,5304719102,64,up,248.653,141.459,24.865,6.4248,0
2026-02-28 06:35:00,9580313659,5883457368,22,up,255.475,156.892,25.548,2.2038,0
2026-02-28 06:40:00,8621120399,6185905968,14,up,229.897,164.957,22.99,1.459,0
2026-02-28 06:45:00,10693182654,5792166124,34,up,285.152,154.458,28.515,3.4752,0
2026-02-28 06:50:00,8051804996,5791178110,13,up,214.715,154.431,21.471,1.3364,0
2026-02-28 06:55:00,9923505334,6303715646,13,up,264.627,168.099,26.463,1.3652,0
2026-02-28 07:00:00,10704627479,7098875490,42,up,285.457,189.303,28.546,4.2319,0
2026-02-28 07:05:00,9916021604,6552606538,11,up,264.427,174.736,26.443,1.1866,0
2026-02-28 07:10:00,9147160244,7064529992,7,up,243.924,188.387,24.392,0.7172,0
2026-02-28 07:15:00,8780665822,5246434242,52,up,234.151,139.905,23.415,5.2749,0
2026-02-28 07:20:00,10540598607,6228501095,52,up,281.083,166.093,28.108,5.2373,0
2026-02-28 07:25:00,7774153209,6111777157,22,up,207.311,162.981,20.731,2.2027,0
2026-02-28 07:30:00,8283610207,6252785730,23,up,220.896,166.741,22.09,2.3934,0
2026-02-28 07:35:00,8927747513,6990887018,38,up,238.073,186.424,23.807,3.8111,0
2026-02-28 07:40:00,10767360477,5841031812,22,up,287.13,155.761,28.713,2.278,0
2026-02-28 07:45:00,9802238590,5708037576,17,up,261.393,152.214,26.139,1.7268,0
2026-02-28 07:50:00,8285948521,6384466174,168,up,220.959,170.252,22.096,16.8876,0
2026-02-28 07:55:00,9025903831,4719694036,5,up,240.691,125.859,24.069,0.5112,0
2026-02-28 08:00:00,8683886462,5829466524,28,up,231.57,155.452,23.157,2.8745,0
2026-02-28 08:05:00,8576487383,5903377663,69,up,228.706,157.423,22.871,6.9451,0
2026-02-28 08:10:00,10476250753,5337341796,37,up,279.367,142.329,27.937,3.7192,0
2026-02-28 08:15:00,7831788979,6761082488,68,up,208.848,180.296,20.885,6.8096,0
2026-02-28 08:20:00,11184878462,5235186971,13,up,298.263,139.605,29.826,1.3119,0
2026-02-28 08:25:00,10306758401,5902171405,10,up,274.847,157.391,27.485,1.0158,0
2026-02-28 08:30:00,10602219379,6211073202,60,up,282.726,165.629,28.273,6.098,0
2026-02-28 08:35:00,8854193048,6974485124,16,up,236.112,185.986,23.611,1.6034,0
2026-02-28 08:40:00,9206316691,5992399366,39,up,245.502,159.797,24.55,3.9577,0
2026-02-28 08:45:00,7762704208,6674030587,5,up,207.005,177.974,20.701,0.5116,0
2026-02-28 08:50:00,8784754792,6504428686,45,up,234.26,173.451,23.426,4.5118,0
2026-02-28 08:55:00,9930361703,6088889440,25,up,264.81,162.37,26.481,2.548,0
2026-02-28 09:00:00,10833070944,5215550346,10,up,288.882,139.081,28.888,1.001,0
2026-02-28 09:05:00,8129448581,4967101780,21,up,216.785,132.456,21.679,2.1831,0
2026-02-28 09:10:00,8963805820,6076683889,38,up,239.035,162.045,23.903,3.8203,0
2026-02-28 09:15:00,9204788377,5609258250,0,up,245.461,149.58,24.546,0.0383,0
2026-02-28 09:20:00,7804737147,6661867986,32,up,208.126,177.65,20.813,3.2468,0
2026-02-28 09:25:00,10040267896,6537016693,24,up,267.74,174.32,26.774,2.496,0
2026-02-28 09:30:00,8560510876,5867080084,7,up,228.28,156.455,22.828,0.7963,0
2026-02-28 09:35:00,9155185854,5166446694,44,up,244.138,137.772,24.414,4.4745,0
2026-02-28 09:40:00,8866556956,6367729595,11,up,236.442,169.806,23.644,1.1572,0
2026-02-28 09:45:00,8486994181,5267076398,10,up,226.32,140.455,22.632,1.0373,0
2026-02-28 09:50:00,9367074391,5453905975,20,up,249.789,145.437,24.979,2.039,0
2026-02-28 09:55:00,9132439224,5294820668,36,up,243.532,141.195,24.353,3.6079,0
2026-02-28 10:00:00,8956659882,5900279264,84,up,238.844,157.341,23.884,8.4573,0
2026-02-28 10:05:00,8555480675,6842538480,4,up,228.146,182.468,22.815,0.4877,0
2026-02-28 10:10:00,9734465254,5996370573,16,up,259.586,159.903,25.959,1.6159,0
2026-02-28 10:15:00,7864723598,5680882541,58,up,209.726,151.49,20.973,5.8937,1
2026-02-28 10:20:00,9532373136,4901557250,45,up,254.197,130.708,25.42,4.5475,0
2026-02-28 10:25:00,10495632991,6397529701,18,up,279.884,170.601,27.988,1.8999,0
2026-02-28 10:30:00,7811000334,5438108683,39,up,208.293,145.016,20.829,3.9275,0
2026-02-28 10:35:00,9552481619,6084612685,12,up,254.733,162.256,25.473,1.2445,0
2026-02-28 10:40:00,8140460641,5744962596,59,up,217.079,153.199,21.708,5.9518,0
2026-02-28 10:45:00,7713459456,6603487598,24,up,205.692,176.093,20.569,2.4491,0
2026-02-28 10:50:00,8543207166,5886789797,92,up,227.819,156.981,22.782,9.2014,0
2026-02-28 10:55:00,10715886751,5957573024,2,up,285.757,158.869,28.576,0.2627,0
2026-02-28 11:00:00,10443767807,6349737946,23,up,278.5,169.326,27.85,2.3108,0
2026-02-28 11:05:00,9648380312,7516996931,46,up,257.29,200.453,25.729,4.654,0
2026-02-28 11:10:00,7650711870,6639681789,29,up,204.019,177.058,20.402,2.9334,0
2026-02-28 11:15:00,9154184267,5936203603,0,up,244.112,158.299,24.411,0.0751,0
2026-02-28 11:20:00,9714412510,6002302553,114,up,259.051,160.061,25.905,11.4807,0
2026-02-28 11:25:00,9572478258,5622101188,11,up,255.266,149.923,25.527,1.1334,0
2026-02-28 11:30:00,7300732218,5316003093,9,up,194.686,141.76,19.469,0.9175,0
2026-02-28 11:35:00,5861374694,5602019433,75,up,156.303,149.387,15.63,7.5488,1
2026-02-28 11:40:00,9302912515,5444052746,24,up,248.078,145.175,24.808,2.4999,0
2026-02-28 11:45:00,9978327273,6470425236,46,up,266.089,172.545,26.609,4.6517,0
2026-02-28 11:50:00,6904356201,5228739702,15,up,184.116,139.433,18.412,1.599,0
2026-02-28 11:55:00,9192610527,6959911604,18,up,245.136,185.598,24.514,1.8552,0
2026-02-28 12:00:00,6675150906,6541473396,49,up,178.004,174.439,17.8,4.9714,1
2026-02-28 12:05:00,10330813487,6014761245,16,up,275.488,160.394,27.549,1.6048,0
2026-02-28 12:10:00,10154464782,6000229400,78,up,270.786,160.006,27.079,7.8714,0
2026-02-28 12:15:00,10030392733,5598757457,60,up,267.477,149.3,26.748,6.0976,0
2026-02-28 12:20:00,8475066929,6194460776,19,up,226.002,165.186,22.6,1.9421,0
2026-02-28 12:25:00,5059948317,6783426573,55,up,134.932,180.891,13.493,5.5761,1
2026-02-28 12:30:00,8932815648,5493727347,73,up,238.208,146.499,23.821,7.3983,0
2026-02-28 12:35:00,10501835803,4895957695,4,up,280.049,130.559,28.005,0.4249,0
2026-02-28 12:40:00,10942636343,6506317143,8,up,291.804,173.502,29.18,0.8973,0
2026-02-28 12:45:00,10174367740,6233543501,5,up,271.316,166.228,27.132,0.529,0
2026-02-28 12:50:00,9858008425,5193456862,6,up,262.88,138.492,26.288,0.6343,0
2026-02-28 12:55:00,9802094604,5471958212,51,up,261.389,145.919,26.139,5.1966,0
2026-02-28 13:00:00,8749366409,5381444922,27,up,233.316,143.505,23.332,2.7722,0
2026-02-28 13:05:00,9228682169,5478336766,100,up,246.098,146.089,24.61,10.0023,0
2026-02-28 13:10:00,11252703216,5766948417,8,up,300.072,153.785,30.007,0.8424,0
2026-02-28 13:15:00,8314622243,5808085940,21,up,221.723,154.882,22.172,2.1274,0
2026-02-28 13:20:00,11191626139,5531428568,121,up,298.443,147.505,29.844,12.1314,0
2026-02-28 13:25:00,9012718326,5454122049,56,up,240.339,145.443,24.034,5.604,0
2026-02-28 13:30:00,10866111122,5835275272,41,up,289.763,155.607,28.976,4.1735,0
2026-02-28 13:35:00,7792333114,6120737905,6,up,207.796,163.22,20.78,0.6703,0
2026-02-28 13:40:00,7023899558,5772266493,50,up,187.304,153.927,18.73,5.0144,1
2026-02-28 13:45:00,8546133597,6834240256,13,up,227.897,182.246,22.79,1.3665,0
2026-02-28 13:50:00,7782824409,6365823154,24,up,207.542,169.755,20.754,2.4197,0
2026-02-28 13:55:00,9620850797,4854590983,30,up,256.556,129.456,25.656,3.0063,0
2026-02-28 14:00:00,10510655762,6377083991,30,up,280.284,170.056,28.028,3.0079,0
2026-02-28 14:05:00,8424440881,6435991667,41,up,224.652,171.626,22.465,4.1489,0
2026-02-28 14:10:00,7688607044,5686990822,34,up,205.03,151.653,20.503,3.4683,0
2026-02-28 14:15:00,9271674640,4923457737,2,up,247.245,131.292,24.724,0.2266,0
2026-02-28 14:20:00,9276635255,6005808066,19,up,247.377,160.155,24.738,1.9561,0
2026-02-28 14:25:00,9991859580,5994449770,34,up,266.45,159.852,26.645,3.4903,0
2026-02-28 14:30:00,10443293892,5192414709,11,up,278.488,138.464,27.849,1.1231,0
2026-02-28 14:35:00,6515710544,4955122164,69,up,173.752,132.137,17.375,6.9493,1
2026-02-28 14:40:00,11462441229,5936961446,4,up,305.665,158.319,30.567,0.4257,0
2026-02-28 14:45:00,9627264087,5832184421,17,up,256.727,155.525,25.673,1.7355,0
2026-02-28 14:50:00,8985270180,5699568936,138,up,239.607,151.989,23.961,13.8555,0
2026-02-28 14:55:00,7561986721,5939944270,10,up,201.653,158.399,20.165,1.0749,0
2026-02-28 15:00:00,9079508039,5206001010,24,up,242.12,138.827,24.212,2.4259,0
2026-02-28 15:05:00,8996564686,5686929158,43,up,239.908,151.651,23.991,4.3507,0
2026-02-28 15:10:00,10455342895,6383994022,0,up,278.809,170.24,27.881,0.0435,0
2026-02-28 15:15:00,9895294077,5748021542,73,up,263.875,153.281,26.387,7.3824,0
2026-02-28 15:20:00,8048209738,4796179820,15,up,214.619,127.898,21.462,1.5637,0
2026-02-28 15:25:00,9568786184,5659661560,65,up,255.168,150.924,25.517,6.507,0
2026-02-28 15:30:00,10130472568,5229485906,1,up,270.146,139.453,27.015,0.1271,0
2026-02-28 15:35:00,11094035279,6192338133,5,up,295.841,165.129,29.584,0.5038,0
2026-02-28 15:40:00,10373441963,6229562930,12,up,276.625,166.122,27.663,1.246,0
2026-02-28 15:45:00,10230952486,4805682269,13,up,272.825,128.152,27.283,1.3562,0
2026-02-28 15:50:00,9442596743,6546489338,60,up,251.803,174.573,25.18,6.0241,0
2026-02-28 15:55:00,9811851006,5199225863,0,up,261.649,138.646,26.165,0.036,0
2026-02-28 16:00:00,10780693013,7122611249,32,up,287.485,189.936,28.749,3.2792,0
2026-02-28 16:05:00,7875625427,5964881089,4,up,210.017,159.063,21.002,0.4505,0
2026-02-28 16:10:00,8981880756,5102596681,55,up,239.517,136.069,23.952,5.545,0
2026-02-28 16:15:00,8505860157,5177770029,48,up,226.823,138.074,22.682,4.8245,0
2026-02-28 16:20:00,9801547258,6250628610,22,up,261.375,166.683,26.137,2.2176,0
2026-02-28 16:25:00,10758999947,5718264079,7,up,286.907,152.487,28.691,0.7652,0
2026-02-28 16:30:00,8703403927,5930409185,32,up,232.091,158.144,23.209,3.2207,0
2026-02-28 16:35:00,6685907586,7161201767,5,up,178.291,190.965,17.829,0.5437,0
2026-02-28 16:40:00,8911251661,5496544273,6,up,237.633,146.575,23.763,0.6744,0
2026-02-28 16:45:00,10402657948,6043173257,31,up,277.404,161.151,27.74,3.1531,0
2026-02-28 16:50:00,9979833640,7022288030,151,up,266.129,187.261,26.613,15.156,0
2026-02-28 16:55:00,9856709528,6194769702,70,up,262.846,165.194,26.285,7.0943,0
2026-02-28 17:00:00,9060007535,4843246030,28,up,241.6,129.153,24.16,2.8775,0
2026-02-28 17:05:00,5555263295,6363880088,53,up,148.14,169.703,14.814,5.3503,1
2026-02-28 17:10:00,9954706111,5162637942,205,up,265.459,137.67,26.546,20.5707,0
2026-02-28 17:15:00,8436432963,7012901420,25,up,224.972,187.011,22.497,2.5368,0
2026-02-28 17:20:00,11832108825,5407535324,17,up,315.523,144.201,31.552,1.7438,0
2026-02-28 17:25:00,10016820609,8138046845,76,up,267.115,217.015,26.712,7.6897,0
2026-02-28 17:30:00,8721770659,7056510711,8,up,232.581,188.174,23.258,0.8538,0
2026-02-28 17:35:00,8687191596,5426438949,3,up,231.658,144.705,23.166,0.3284,0
2026-02-28 17:40:00,9270437767,6014409939,32,up,247.212,160.384,24.721,3.2172,0
2026-02-28 17:45:00,9105560337,6542623882,3,up,242.815,174.47,24.281,0.3224,0
2026-02-28 17:50:00,10631437997,6564235541,14,up,283.505,175.046,28.351,1.4945,0
2026-02-28 17:55:00,9584718190,6318482107,17,up,255.592,168.493,25.559,1.7629,0
2026-02-28 18:00:00,8551914293,6901554506,25,up,228.051,184.041,22.805,2.5378,0
2026-02-28 18:05:00,11501745770,5911462358,153,up,306.713,157.639,30.671,15.3172,0
2026-02-28 18:10:00,9430471872,5735963278,7,up,251.479,152.959,25.148,0.7991,0
2026-02-28 18:15:00,10239944635,5750257928,15,up,273.065,153.34,27.307,1.5079,0
2026-02-28 18:20:00,8690745179,6618028727,4,up,231.753,176.481,23.175,0.4539,0
2026-02-28 18:25:00,9783505081,6262930349,29,up,260.893,167.011,26.089,2.9936,0
2026-02-28 18:30:00,9724998740,6209724239,41,up,259.333,165.593,25.933,4.1624,0
2026-02-28 18:35:00,7249144546,6572568659,21,up,193.311,175.268,19.331,2.1054,0
2026-02-28 18:40:00,11642184499,4523242266,9,up,310.458,120.62,31.046,0.9028,0
2026-02-28 18:45:00,10826975018,6223249553,31,up,288.719,165.953,28.872,3.1038,0
2026-02-28 18:50:00,8928155269,6157369599,24,up,238.084,164.197,23.808,2.479,0
2026-02-28 18:55:00,8134946541,7201541818,6,up,216.932,192.041,21.693,0.6008,0
2026-02-28 19:00:00,9766006815,4899416652,16,up,260.427,130.651,26.043,1.6651,0
2026-02-28 19:05:00,9472534911,7121174375,18,up,252.601,189.898,25.26,1.8281,0
2026-02-28 19:10:00,9775127567,6054294572,129,up,260.67,161.448,26.067,12.9674,0
2026-02-28 19:15:00,9590524570,6352072462,60,up,255.747,169.389,25.575,6.0556,0
2026-02-28 19:20:00,9944521112,7206661527,42,up,265.187,192.178,26.519,4.2421,0
2026-02-28 19:25:00,11003218911,6403748112,70,up,293.419,170.767,29.342,7.0279,0
2026-02-28 19:30:00,10014116105,6288265168,42,up,267.043,167.687,26.704,4.2555,0
2026-02-28 19:35:00,8194137563,6174449653,74,up,218.51,164.652,21.851,7.479,0
2026-02-28 19:40:00,10907883209,5651895742,1,up,290.877,150.717,29.088,0.1795,0
2026-02-28 19:45:00,11220691383,5979487830,19,up,299.218,159.453,29.922,1.9486,0
2026-02-28 19:50:00,12921063826,5484830808,43,up,344.562,146.262,34.456,4.3967,0
2026-02-28 19:55:00,8111069212,5967911832,28,up,216.295,159.144,21.63,2.8012,0
2026-02-28 20:00:00,9648242264,4318129898,6,up,257.286,115.15,25.729,0.6162,0
2026-02-28 20:05:00,7032638958,6308908488,13,up,187.537,168.238,18.754,1.332,0
2026-02-28 20:10:00,9997292800,5912349177,12,up,266.594,157.663,26.659,1.2237,0
2026-02-28 20:15:00,8758274664,5757933309,9,up,233.554,153.545,23.355,0.9694,0
2026-02-28 20:20:00,11538876519,6158225820,13,up,307.703,164.219,30.77,1.3449,0
2026-02-28 20:25:00,8503558158,4967833975,23,up,226.762,132.476,22.676,2.3146,0
2026-02-28 20:30:00,7474669082,7389074397,61,up,199.325,197.042,19.932,6.1764,0
2026-02-28 20:35:00,8844828291,5926007427,43,up,235.862,158.027,23.586,4.3358,0
2026-02-28 20:40:00,7152576257,5894992008,57,up,190.735,157.2,19.074,5.7706,0
2026-02-28 20:45:00,10219986886,5304914728,68,up,272.533,141.464,27.253,6.8824,0
2026-02-28 20:50:00,7051781572,6017241395,17,up,188.048,160.46,18.805,1.722,0
2026-02-28 20:55:00,9407014778,6998611120,13,up,250.854,186.63,25.085,1.359,0
2026-02-28 21:00:00,7037461702,6745859670,1,up,187.666,179.89,18.767,0.1899,0
2026-02-28 21:05:00,6310265478,6615195180,44,up,168.274,176.405,16.827,4.4727,1
2026-02-28 21:10:00,11223800425,6393407245,2,up,299.301,170.491,29.93,0.2179,0
2026-02-28 21:15:00,9780728877,5741849380,43,up,260.819,153.116,26.082,4.3246,0
2026-02-28 21:20:00,8403569694,4955882519,15,up,224.095,132.157,22.41,1.52,0
2026-02-28 21:25:00,9339896074,5855252084,95,up,249.064,156.14,24.906,9.5092,0
2026-02-28 21:30:00,9395268981,5830172545,17,up,250.541,155.471,25.054,1.7409,0
2026-02-28 21:35:00,9906709139,6755131996,54,up,264.179,180.137,26.418,5.4276,0
2026-02-28 21:40:00,7837284341,6222761118,10,up,208.994,165.94,20.899,1.063,0
2026-02-28 21:45:00,7029146728,7160864300,66,up,187.444,190.956,18.744,6.6755,1
2026-02-28 21:50:00,6332559414,6862191748,28,up,168.868,182.992,16.887,2.8965,0
2026-02-28 21:55:00,8666379878,5671323161,198,up,231.103,151.235,23.11,19.8591,0
2026-02-28 22:00:00,8825691927,4707506978,23,up,235.352,125.534,23.535,2.3326,0
2026-02-28 22:05:00,10087492679,6997614168,88,up,269.0,186.603,26.9,8.8119,0
2026-02-28 22:10:00,6580321796,6978757360,56,up,175.475,186.1,17.548,5.6094,1
2026-02-28 22:15:00,7793741564,5016327654,50,up,207.833,133.769,20.783,5.0847,0
2026-02-28 22:20:00,8266882733,7086652814,18,up,220.45,188.977,22.045,1.8324,0
2026-02-28 22:25:00,9598515010,6275124362,15,up,255.96,167.337,25.596,1.5637,0
2026-02-28 22:30:00,9286049240,6115693558,6,up,247.628,163.085,24.763,0.6819,0
2026-02-28 22:35:00,8723485376,7162643943,106,up,232.626,191.004,23.263,10.6323,0
2026-02-28 22:40:00,8834061986,6968173324,102,up,235.575,185.818,23.557,10.2523,0
2026-02-28 22:45:00,10158188996,6468958285,43,up,270.885,172.506,27.089,4.3988,0
2026-02-28 22:50:00,8792595855,6340716287,11,up,234.469,169.086,23.447,1.1243,0
2026-02-28 22:55:00,9275897350,6443803889,9,up,247.357,171.835,24.736,0.9001,0
2026-02-28 23:00:00,11816178661,5711958647,143,up,315.098,152.319,31.51,14.3201,0
2026-02-28 23:05:00,7773357033,5960326956,2,up,207.29,158.942,20.729,0.2204,0
2026-02-28 23:10:00,7291676926,5350331648,59,up,194.445,142.676,19.444,5.9364,0
2026-02-28 23:15:00,10256538372,5760211361,14,up,273.508,153.606,27.351,1.4055,0
2026-02-28 23:20:00,8611526556,5736023607,17,up,229.641,152.961,22.964,1.7369,0
2026-02-28 23:25:00,9016982781,5542580133,57,up,240.453,147.802,24.045,5.7077,0
2026-02-28 23:30:00,8496199074,6098457481,3,up,226.565,162.626,22.657,0.3039,0
2026-02-28 23:35:00,9082724841,5766733787,13,up,242.206,153.78,24.221,1.3991,0
2026-02-28 23:40:00,11173355376,6361608998,97,up,297.956,169.643,29.796,9.7186,0
2026-02-28 23:45:00,10277394515,4831929158,38,up,274.064,128.851,27.406,3.8428,0
2026-02-28 23:50:00,10345001450,5918384548,44,up,275.867,157.824,27.587,4.5,0
2026-02-28 23:55:00,5447221193,6094717180,68,up,145.259,162.526,14.526,6.8764,1
2026-03-01 00:00:00,8079952046,5776346947,1,up,215.465,154.036,21.547,0.1999,0
2026-03-01 00:05:00,6181036508,5875877256,7,up,164.828,156.69,16.483,0.7269,0
2026-03-01 00:10:00,8464446576,4858622872,21,up,225.719,129.563,22.572,2.1626,0
2026-03-01 00:15:00,10451291084,6256663515,14,up,278.701,166.844,27.87,1.4691,0
2026-03-01 00:20:00,9956564830,6466276307,16,up,265.508,172.434,26.551,1.6934,0
2026-03-01 00:25:00,9125797579,6355346851,48,up,243.355,169.476,24.335,4.8663,0
2026-03-01 00:30:00,9349912180,6747883482,0,up,249.331,179.944,24.933,0.0473,0
2026-03-01 00:35:00,8600003764,6145101316,34,up,229.333,163.869,22.933,3.4568,0
2026-03-01 00:40:00,6723747619,6344650450,54,up,179.3,169.191,17.93,5.4798,1
2026-03-01 00:45:00,10236613064,6112385331,2,up,272.976,162.997,27.298,0.2084,0
2026-03-01 00:50:00,7557127364,6495036518,16,up,201.523,173.201,20.152,1.6791,0
2026-03-01 00:55:00,9712103648,4864394661,58,up,258.989,129.717,25.899,5.8833,0
2026-03-01 01:00:00,10423989229,5356621703,5,up,277.973,142.843,27.797,0.5013,0
2026-03-01 01:05:00,8908012174,7142567753,25,up,237.547,190.468,23.755,2.5883,0
2026-03-01 01:10:00,10163288188,4228486208,36,up,271.021,112.76,27.102,3.6313,0
2026-03-01 01:15:00,12541486250,5899071890,8,up,334.44,157.309,33.444,0.8344,0
2026-03-01 01:20:00,9257614357,6844037970,22,up,246.87,182.508,24.687,2.298,0
2026-03-01 01:25:00,9817470431,5932852320,77,up,261.799,158.209,26.18,7.7559,0
2026-03-01 01:30:00,8544685780,5708392028,22,up,227.858,152.224,22.786,2.2973,0
2026-03-01 01:35:00,9578907557,6093183607,5,up,255.438,162.485,25.544,0.5477,0
2026-03-01 01:40:00,9892805578,5745753470,31,up,263.808,153.22,26.381,3.1628,0
2026-03-01 01:45:00,9594197632,6022211634,28,up,255.845,160.592,25.585,2.8703,0
2026-03-01 01:50:00,8227842765,5507965653,0,up,219.409,146.879,21.941,0.0874,0
2026-03-01 01:55:00,9607156992,6798245582,3,up,256.191,181.287,25.619,0.3039,0
2026-03-01 02:00:00,11019970431,7024750743,5,up,293.866,187.327,29.387,0.5457,0
2026-03-01 02:05:00,9879715235,5903958968,4,up,263.459,157.439,26.346,0.4689,0
2026-03-01 02:10:00,10457235587,5001727617,9,up,278.86,133.379,27.886,0.9612,0
2026-03-01 02:15:00,9108361533,5622832917,19,up,242.89,149.942,24.289,1.9371,0
2026-03-01 02:20:00,10218637769,5867528164,14,up,272.497,156.467,27.25,1.4872,0
2026-03-01 02:25:00,9689176317,6363987991,70,up,258.378,169.706,25.838,7.0822,0
2026-03-01 02:30:00,8305225429,5274230479,30,up,221.473,140.646,22.147,3.0305,0
2026-03-01 02:35:00,9733336130,5446203130,66,up,259.556,145.232,25.956,6.6836,0
2026-03-01 02:40:00,5781538877,6367686819,70,up,154.174,169.805,15.417,7.0667,1
2026-03-01 02:45:00,8663009690,6676014359,3,up,231.014,178.027,23.101,0.3013,0
2026-03-01 02:50:00,9587994345,5552452287,19,up,255.68,148.065,25.568,1.9913,0
2026-03-01 02:55:00,9709399807,5040083721,55,up,258.917,134.402,25.892,5.5237,0
2026-03-01 03:00:00,8037113476,8364565104,6,up,214.323,223.055,21.432,0.6906,0
2026-03-01 03:05:00,10560733992,6563979050,3,up,281.62,175.039,28.162,0.3061,0
2026-03-01 03:10:00,10018507063,5807757291,12,up,267.16,154.874,26.716,1.2788,0
2026-03-01 03:15:00,8582180509,6625702518,15,up,228.858,176.685,22.886,1.576,0
2026-03-01 03:20:00,5351651972,5910391226,51,up,142.711,157.61,14.271,5.1216,1
2026-03-01 03:25:00,9211982348,6624352960,4,up,245.653,176.649,24.565,0.465,0
2026-03-01 03:30:00,8873313321,6114763102,9,up,236.622,163.06,23.662,0.9242,0
2026-03-01 03:35:00,9502283014,6065715766,36,up,253.394,161.752,25.339,3.6691,0
2026-03-01 03:40:00,8966493756,5918221054,15,up,239.107,157.819,23.911,1.5605,0
2026-03-01 03:45:00,7116611031,4957885439,32,up,189.776,132.21,18.978,3.2037,0
2026-03-01 03:50:00,8938109694,7395428327,24,up,238.35,197.211,23.835,2.4593,0
2026-03-01 03:55:00,9031178500,5322095577,25,up,240.831,141.923,24.083,2.5485,0
2026-03-01 04:00:00,10087868652,5020783025,9,up,269.01,133.888,26.901,0.9144,0
2026-03-01 04:05:00,6012667756,5846740884,58,up,160.338,155.913,16.034,5.892,1
2026-03-01 04:10:00,11263509007,5307740294,0,up,300.36,141.54,30.036,0.0764,0
2026-03-01 04:15:00,7224404380,5962766790,18,up,192.651,159.007,19.265,1.8086,0
2026-03-01 04:20:00,10850063435,6495189970,27,up,289.335,173.205,28.934,2.7203,0
2026-03-01 04:25:00,6385848810,6716618088,69,up,170.289,179.11,17.029,6.9199,1
2026-03-01 04:30:00,10342032981,6586606119,9,up,275.788,175.643,27.579,0.9487,0
2026-03-01 04:35:00,9464776669,5779944920,7,up,252.394,154.132,25.239,0.7932,0
2026-03-01 04:40:00,7459899984,6035706115,60,up,198.931,160.952,19.893,6.0029,1
2026-03-01 04:45:00,8939217789,6293672916,13,up,238.379,167.831,23.838,1.368,0
2026-03-01 04:50:00,8139052021,4734393054,123,up,217.041,126.25,21.704,12.3571,0
2026-03-01 04:55:00,10973067323,6410820984,13,up,292.615,170.955,29.262,1.3977,0
2026-03-01 05:00:00,6473133991,4950744512,37,up,172.617,132.02,17.262,3.7198,1
2026-03-01 05:05:00,9624253282,7469049551,33,up,256.647,199.175,25.665,3.3878,0
2026-03-01 05:10:00,10764095903,5708749139,33,up,287.043,152.233,28.704,3.3457,0
2026-03-01 05:15:00,8214050352,5866889872,95,up,219.041,156.45,21.904,9.5796,0
2026-03-01 05:20:00,10044927259,5445810888,62,up,267.865,145.222,26.786,6.2364,0
2026-03-01 05:25:00,8711368398,5546421577,50,up,232.303,147.905,23.23,5.0548,0
2026-03-01 05:30:00,9226309474,7637347369,96,up,246.035,203.663,24.603,9.6922,0
2026-03-01 05:35:00,9456313836,6677066175,8,up,252.168,178.055,25.217,0.8395,0
2026-03-01 05:40:00,7687250405,4884574239,30,up,204.993,130.255,20.499,3.0716,0
2026-03-01 05:45:00,8498808326,7083033288,69,up,226.635,188.881,22.663,6.9828,0
2026-03-01 05:50:00,10894957003,6859134438,31,up,290.532,182.91,29.053,3.1313,0
2026-03-01 05:55:00,10371965087,5797527027,121,up,276.586,154.601,27.659,12.1303,0
2026-03-01 06:00:00,9304530475,6220821798,3,up,248.121,165.889,24.812,0.3384,0
2026-03-01 06:05:00,9648513890,5989240262,18,up,257.294,159.713,25.729,1.8516,0
2026-03-01 06:10:00,9043977181,7420257531,121,up,241.173,197.874,24.117,12.1221,0
2026-03-01 06:15:00,10901156309,5426671063,15,up,290.698,144.711,29.07,1.5275,0
2026-03-01 06:20:00,9149603349,6105127639,43,up,243.989,162.803,24.399,4.3052,0
2026-03-01 06:25:00,9635822353,5691735361,0,up,256.955,151.78,25.696,0.0988,0
2026-03-01 06:30:00,10664283912,4968210908,37,up,284.381,132.486,28.438,3.7981,0
2026-03-01 06:35:00,8500457079,7577979543,87,up,226.679,202.079,22.668,8.7285,0
2026-03-01 06:40:00,11128637832,5149272063,15,up,296.764,137.314,29.676,1.5437,0
2026-03-01 06:45:00,7653230914,6158493014,0,up,204.086,164.226,20.409,0.0689,0
2026-03-01 06:50:00,11208347397,4746695563,0,up,298.889,126.579,29.889,0.0906,0
2026-03-01 06:55:00,8955739968,5712669211,71,up,238.82,152.338,23.882,7.1227,0
2026-03-01 07:00:00,9101963908,6303817551,41,up,242.719,168.102,24.272,4.1024,0
2026-03-01 07:05:00,5074116990,5406191534,43,up,135.31,144.165,13.531,4.3058,1
2026-03-01 07:10:00,8863355942,6422497332,1,up,236.356,171.267,23.636,0.1796,0
2026-03-01 07:15:00,8205217652,5806290413,52,up,218.806,154.834,21.881,5.2284,0
2026-03-01 07:20:00,8691397861,6835259408,53,up,231.771,182.274,23.177,5.312,0
2026-03-01 07:25:00,9220525163,6980467857,4,up,245.881,186.146,24.588,0.411,0
2026-03-01 07:30:00,10452515566,5577543772,11,up,278.734,148.735,27.873,1.1483,0
2026-03-01 07:35:00,9608553770,6055247658,48,up,256.228,161.473,25.623,4.8456,0
2026-03-01 07:40:00,9721136235,6132087043,23,up,259.23,163.522,25.923,2.385,0
2026-03-01 07:45:00,8142540687,6445931492,100,up,217.134,171.892,21.713,10.0382,0
2026-03-01 07:50:00,5868906154,6010355037,44,up,156.504,160.276,15.65,4.4274,1
2026-03-01 07:55:00,11398565645,6136951890,36,up,303.962,163.652,30.396,3.6159,0
2026-03-01 08:00:00,8547898835,5824747338,22,up,227.944,155.327,22.794,2.2813,0
2026-03-01 08:05:00,11238234283,6082972704,91,up,299.686,162.213,29.969,9.1651,0
2026-03-01 08:10:00,6371089305,6934516939,61,up,169.896,184.92,16.99,6.1487,1
2026-03-01 08:15:00,9377573928,6465179933,8,up,250.069,172.405,25.007,0.8355,0
2026-03-01 08:20:00,10579160805,6504904060,12,up,282.111,173.464,28.211,1.2655,0
2026-03-01 08:25:00,10805878974,6520610633,61,up,288.157,173.883,28.816,6.1305,0
2026-03-01 08:30:00,9250335869,5889257679,22,up,246.676,157.047,24.668,2.2049,0
2026-03-01 08:35:00,8938226564,6229555471,13,up,238.353,166.121,23.835,1.3995,0
2026-03-01 08:40:00,9312089495,5218674951,25,up,248.322,139.165,24.832,2.5147,0
2026-03-01 08:45:00,9755202219,6913541512,4,up,260.139,184.361,26.014,0.4575,0
2026-03-01 08:50:00,10377716647,3996268488,0,up,276.739,106.567,27.674,0.0172,0
2026-03-01 08:55:00,9379758591,5937253157,10,up,250.127,158.327,25.013,1.0538,0
2026-03-01 09:00:00,7049872959,6821445103,64,up,187.997,181.905,18.8,6.4026,1
2026-03-01 09:05:00,11218154698,5018015087,39,up,299.151,133.814,29.915,3.9798,0
2026-03-01 09:10:00,9803973313,6287841540,56,up,261.439,167.676,26.144,5.6071,0
2026-03-01 09:15:00,6807926624,5509848158,36,up,181.545,146.929,18.154,3.6729,1
2026-03-01 09:20:00,7666225321,5734461649,16,up,204.433,152.919,20.443,1.6999,0
2026-03-01 09:25:00,6415428596,6681077491,43,up,171.078,178.162,17.108,4.317,0
2026-03-01 09:30:00,9811922695,6142600986,2,up,261.651,163.803,26.165,0.2483,0
2026-03-01 09:35:00,9268322739,4535263775,1,up,247.155,120.94,24.716,0.1896,0
2026-03-01 09:40:00,8795869490,5296973611,4,up,234.557,141.253,23.456,0.4266,0
2026-03-01 09:45:00,9648971479,6702241729,19,up,257.306,178.726,25.731,1.9048,0
2026-03-01 09:50:00,9307045804,6323238757,7,up,248.188,168.62,24.819,0.7595,0
2026-03-01 09:55:00,10643752781,7258657612,10,up,283.833,193.564,28.383,1.0821,0
2026-03-01 10:00:00,9471874726,7211506267,33,up,252.583,192.307,25.258,3.3401,0
2026-03-01 10:05:00,8534711304,5753583506,14,up,227.592,153.429,22.759,1.4207,0
2026-03-01 10:10:00,10488937018,7802331219,26,up,279.705,208.062,27.97,2.6081,0
2026-03-01 10:15:00,9130727540,6017625362,17,up,243.486,160.47,24.349,1.7015,0
2026-03-01 10:20:00,9967353769,5306878655,5,up,265.796,141.517,26.58,0.5923,0
2026-03-01 10:25:00,8837912955,5543779296,2,up,235.678,147.834,23.568,0.2461,0
2026-03-01 10:30:00,6050761327,4375157924,48,up,161.354,116.671,16.135,4.8184,1
2026-03-01 10:35:00,9469689258,7157053685,1,up,252.525,190.855,25.253,0.1902,0
2026-03-01 10:40:00,9389432223,7148228632,30,up,250.385,190.619,25.038,3.0846,0
2026-03-01 10:45:00,9914805414,5268834644,50,up,264.395,140.502,26.439,5.0824,0
2026-03-01 10:50:00,9072773527,5835923312,13,up,241.941,155.625,24.194,1.3284,0
2026-03-01 10:55:00,7309095243,6068837431,15,up,194.909,161.836,19.491,1.5666,0
2026-03-01 11:00:00,8888129380,5308545802,54,up,237.017,141.561,23.702,5.4203,0
2026-03-01 11:05:00,10268045775,4736326537,8,up,273.815,126.302,27.381,0.8058,0
2026-03-01 11:10:00,6328316337,5848542525,61,up,168.755,155.961,16.876,6.1954,1
2026-03-01 11:15:00,9097818672,5768822810,22,up,242.608,153.835,24.261,2.2252,0
2026-03-01 11:20:00,10484673569,5720343906,33,up,279.591,152.543,27.959,3.3248,0
2026-03-01 11:25:00,8574030119,6160355565,29,up,228.641,164.276,22.864,2.9294,0
2026-03-01 11:30:00,7639346379,7029254154,40,up,203.716,187.447,20.372,4.0042,0
2026-03-01 11:35:00,9194289990,5781773241,1,up,245.181,154.181,24.518,0.187,0
2026-03-01 11:40:00,8830304304,6122718959,17,up,235.475,163.273,23.547,1.7887,0
2026-03-01 11:45:00,8287972890,6523346777,8,up,221.013,173.956,22.101,0.8722,0
2026-03-01 11:50:00,9177699237,6398982907,45,up,244.739,170.64,24.474,4.5551,0
2026-03-01 11:55:00,9927943853,5557615062,65,up,264.745,148.203,26.475,6.5966,0
2026-03-01 12:00:00,9364550368,6069391528,10,up,249.721,161.85,24.972,1.0572,0
2026-03-01 12:05:00,9720353706,6394228670,3,up,259.209,170.513,25.921,0.3202,0
2026-03-01 12:10:00,11415083660,5187587036,9,up,304.402,138.336,30.44,0.9352,0
2026-03-01 12:15:00,8989261280,6909748087,3,up,239.714,184.26,23.971,0.3514,0
2026-03-01 12:20:00,9688142213,7030744011,12,up,258.35,187.487,25.835,1.2455,0
2026-03-01 12:25:00,8802134967,5479598216,24,up,234.724,146.123,23.472,2.4724,0
2026-03-01 12:30:00,8422845315,6139442413,116,up,224.609,163.718,22.461,11.6399,0
2026-03-01 12:35:00,8716978889,6462440344,16,up,232.453,172.332,23.245,1.6313,0
2026-03-01 12:40:00,8836396607,5607157807,7,up,235.637,149.524,23.564,0.7952,0
2026-03-01 12:45:00,9779410272,6346761968,5,up,260.784,169.247,26.078,0.5839,0
2026-03-01 12:50:00,12017710260,6117544050,6,up,320.472,163.135,32.047,0.608,0
2026-03-01 12:55:00,8569451134,4943098912,6,up,228.519,131.816,22.852,0.6846,0
2026-03-01 13:00:00,8906296531,6330596147,45,up,237.501,168.816,23.75,4.5971,0
2026-03-01 13:05:00,9303986610,5207897460,2,up,248.106,138.877,24.811,0.2015,0
2026-03-01 13:10:00,9820273704,6676226053,190,up,261.874,178.033,26.187,19.0505,0
2026-03-01 13:15:00,9671494663,5516728025,23,up,257.907,147.113,25.791,2.3667,0
2026-03-01 13:20:00,10819607768,5883874487,25,up,288.523,156.903,28.852,2.5147,0
2026-03-01 13:25:00,6645308920,6988040817,14,up,177.208,186.348,17.721,1.416,0
2026-03-01 13:30:00,6689703896,6357394785,37,up,178.392,169.531,17.839,3.7504,0
2026-03-01 13:35:00,8817137056,5222778777,20,up,235.124,139.274,23.512,2.0404,0
2026-03-01 13:40:00,10609462710,5269260069,12,up,282.919,140.514,28.292,1.277,0
2026-03-01 13:45:00,7613645964,5568501992,9,up,203.031,148.493,20.303,0.9858,0
2026-03-01 13:50:00,5991413617,6284143740,83,up,159.771,167.577,15.977,8.3168,0
2026-03-01 13:55:00,10017576831,6257975866,11,up,267.135,166.879,26.714,1.1004,0
2026-03-01 14:00:00,6754380063,5392966340,41,up,180.117,143.812,18.012,4.1337,1
2026-03-01 14:05:00,8148515542,5159609170,13,up,217.294,137.59,21.729,1.3802,0
2026-03-01 14:10:00,5786387564,6202740051,66,up,154.304,165.406,15.43,6.6727,1
2026-03-01 14:15:00,5798826820,5869060752,68,up,154.635,156.508,15.464,6.8117,1
2026-03-01 14:20:00,9499352232,7553195438,6,up,253.316,201.419,25.332,0.6723,0
2026-03-01 14:25:00,8670395314,6026354632,37,up,231.211,160.703,23.121,3.7857,0
2026-03-01 14:30:00,9930821908,7306262035,16,up,264.822,194.834,26.482,1.67,0
2026-03-01 14:35:00,6163545004,5157323809,48,up,164.361,137.529,16.436,4.874,0
2026-03-01 14:40:00,8411041651,4867286683,39,up,224.294,129.794,22.429,3.9496,0
2026-03-01 14:45:00,8108189293,5193538704,6,up,216.218,138.494,21.622,0.6824,0
2026-03-01 14:50:00,9086616736,6856173442,26,up,242.31,182.831,24.231,2.6484,0
2026-03-01 14:55:00,8769696271,7264393144,43,up,233.859,193.717,23.386,4.3466,0
2026-03-01 15:00:00,10272574252,5436830793,32,up,273.935,144.982,27.394,3.208,0
2026-03-01 15:05:00,7283246131,5668392458,29,up,194.22,151.157,19.422,2.9323,0
2026-03-01 15:10:00,9426177910,5158333744,43,up,251.365,137.556,25.136,4.3059,0
2026-03-01 15:15:00,10003128476,4695619310,1,up,266.75,125.217,26.675,0.1871,0
2026-03-01 15:20:00,11463728366,6517256422,42,up,305.699,173.794,30.57,4.2068,0
2026-03-01 15:25:00,8833013282,6160574618,10,up,235.547,164.282,23.555,1.0187,0
2026-03-01 15:30:00,9740015929,6007551347,27,up,259.734,160.201,25.973,2.7147,0
2026-03-01 15:35:00,7345654358,4991959293,8,up,195.884,133.119,19.588,0.8879,0
2026-03-01 15:40:00,6684049270,7180768810,58,up,178.241,191.487,17.824,5.8407,0
2026-03-01 15:45:00,10325371172,5637583148,20,up,275.343,150.336,27.534,2.096,0
2026-03-01 15:50:00,9368744669,6384211025,32,up,249.833,170.246,24.983,3.2955,0
2026-03-01 15:55:00,10700826776,4952715788,50,up,285.355,132.072,28.536,5.0569,0
2026-03-01 16:00:00,7829921749,5862821863,72,up,208.798,156.342,20.88,7.2218,0
2026-03-01 16:05:00,9959889906,6209789608,42,up,265.597,165.594,26.56,4.2144,0
2026-03-01 16:10:00,11477420070,6235494156,5,up,306.065,166.28,30.606,0.5154,0
2026-03-01 16:15:00,9847168809,6111346951,61,up,262.591,162.969,26.259,6.169,0
2026-03-01 16:20:00,9686154193,6356056194,30,up,258.297,169.495,25.83,3.0843,0
2026-03-01 16:25:00,9384625590,5186025271,30,up,250.257,138.294,25.026,3.0086,0
2026-03-01 16:30:00,7607758360,6142108275,81,up,202.874,163.79,20.287,8.1364,0
2026-03-01 16:35:00,10900019552,6081905532,9,up,290.667,162.184,29.067,0.9156,0
2026-03-01 16:40:00,8687785155,6166804332,8,up,231.674,164.448,23.167,0.8765,0
2026-03-01 16:45:00,9942543663,6052088556,23,up,265.134,161.389,26.513,2.3036,0
2026-03-01 16:50:00,7616586405,5083286802,44,up,203.109,135.554,20.311,4.4472,0
2026-03-01 16:55:00,8048107877,5051184178,18,up,214.616,134.698,21.462,1.8971,0
2026-03-01 17:00:00,10989473324,4405726906,32,up,293.053,117.486,29.305,3.2154,0
2026-03-01 17:05:00,8984284924,6588624847,19,up,239.581,175.697,23.958,1.9278,0
2026-03-01 17:10:00,11009934910,6595913407,30,up,293.598,175.891,29.36,3.0163,0
2026-03-01 17:15:00,9286990508,6607356209,55,up,247.653,176.196,24.765,5.5278,0
2026-03-01 17:20:00,7302865005,6220888772,6,up,194.743,165.89,19.474,0.6369,0
2026-03-01 17:25:00,10378576049,4464154163,38,up,276.762,119.044,27.676,3.8038,0
2026-03-01 17:30:00,8711371142,5260768445,49,up,232.303,140.287,23.23,4.9551,0
2026-03-01 17:35:00,10161024915,6122699100,18,up,270.961,163.272,27.096,1.8963,0
2026-03-01 17:40:00,9403362225,6097572962,12,up,250.756,162.602,25.076,1.2494,0
2026-03-01 17:45:00,7638991993,5839621286,0,up,203.706,155.723,20.371,0.0436,0
2026-03-01 17:50:00,9559831611,6265620386,51,up,254.929,167.083,25.493,5.1042,0
2026-03-01 17:55:00,11845751034,6008389229,12,up,315.887,160.224,31.589,1.2717,0
2026-03-01 18:00:00,6950726836,6086954735,38,up,185.353,162.319,18.535,3.8521,1
2026-03-01 18:05:00,9310292527,5539872960,13,up,248.274,147.73,24.827,1.3103,0
2026-03-01 18:10:00,10584761327,6707047910,22,up,282.26,178.855,28.226,2.21,0
2026-03-01 18:15:00,9612002023,5689844441,38,up,256.32,151.729,25.632,3.8795,0
2026-03-01 18:20:00,9610726009,5041932660,47,up,256.286,134.452,25.629,4.729,0
2026-03-01 18:25:00,8146921681,5444880710,15,up,217.251,145.197,21.725,1.5953,0
2026-03-01 18:30:00,9638079029,5749104342,34,up,257.015,153.309,25.702,3.4815,0
2026-03-01 18:35:00,10539873843,6715682007,40,up,281.063,179.085,28.106,4.0813,0
2026-03-01 18:40:00,8434430078,5969567041,11,up,224.918,159.188,22.492,1.1273,0
2026-03-01 18:45:00,7684290459,5865973282,76,up,204.914,156.426,20.491,7.6385,1
2026-03-01 18:50:00,9271830722,5100962334,72,up,247.249,136.026,24.725,7.202,0
2026-03-01 18:55:00,8376259299,6565547464,36,up,223.367,175.081,22.337,3.6175,0
2026-03-01 19:00:00,10497336086,5530594449,33,up,279.929,147.483,27.993,3.3422,0
2026-03-01 19:05:00,9052356484,5927979941,1,up,241.396,158.079,24.14,0.1943,0
2026-03-01 19:10:00,10229454248,7065731815,54,up,272.785,188.42,27.279,5.4498,0
2026-03-01 19:15:00,6332740077,6366309598,60,up,168.873,169.768,16.887,6.0763,1
2026-03-01 19:20:00,9307695588,4827657085,60,up,248.205,128.738,24.821,6.026,0
2026-03-01 19:25:00,9930255229,4725952629,117,up,264.807,126.025,26.481,11.7487,0
2026-03-01 19:30:00,9702259189,5953696475,100,up,258.727,158.765,25.873,10.0765,0
2026-03-01 19:35:00,7130026746,5126826757,62,up,190.134,136.715,19.013,6.2034,0
2026-03-01 19:40:00,8113600792,6466953658,0,up,216.363,172.452,21.636,0.0352,0
2026-03-01 19:45:00,10420586232,6030429406,69,up,277.882,160.811,27.788,6.9413,0
2026-03-01 19:50:00,6458442436,6119077033,42,up,172.225,163.175,17.223,4.2775,1
2026-03-01 19:55:00,8785802284,5491144909,60,up,234.288,146.431,23.429,6.0964,0
2026-03-01 20:00:00,7846604232,7253796231,10,up,209.243,193.435,20.924,1.052,0
2026-03-01 20:05:00,8160296638,8046667484,30,up,217.608,214.578,21.761,3.0137,0
2026-03-01 20:10:00,7100476530,5799418998,1,up,189.346,154.651,18.935,0.1242,0
2026-03-01 20:15:00,9261059191,6254188258,47,up,246.962,166.778,24.696,4.7194,0
2026-03-01 20:20:00,8701757721,6070140487,3,up,232.047,161.87,23.205,0.379,0
2026-03-01 20:25:00,8287588622,5813025458,16,up,221.002,155.014,22.1,1.6922,0
2026-03-01 20:30:00,9298361146,5400909263,54,up,247.956,144.024,24.796,5.4423,0
2026-03-01 20:35:00,9784466959,5218823049,38,up,260.919,139.169,26.092,3.8035,0
2026-03-01 20:40:00,11729847673,5182369968,0,up,312.796,138.197,31.28,0.0194,0
2026-03-01 20:45:00,5371891807,6291772818,79,up,143.25,167.781,14.325,7.9683,1
2026-03-01 20:50:00,10679303673,5625834375,1,up,284.781,150.022,28.478,0.1371,0
2026-03-01 20:55:00,10469739256,4143629147,35,up,279.193,110.497,27.919,3.5818,0
2026-03-01 21:00:00,8498520668,6320297918,111,up,226.627,168.541,22.663,11.1107,0
2026-03-01 21:05:00,6722548314,5972451876,66,up,179.268,159.265,17.927,6.6079,1
2026-03-01 21:10:00,8860162594,6969604561,8,up,236.271,185.856,23.627,0.8131,0
2026-03-01 21:15:00,9583899652,6268648125,14,up,255.571,167.164,25.557,1.4044,0
2026-03-01 21:20:00,11072772390,4935355010,120,up,295.274,131.609,29.527,12.023,0
2026-03-01 21:25:00,10056307011,4394632818,8,up,268.168,117.19,26.817,0.8117,0
2026-03-01 21:30:00,6963029093,5481979883,57,up,185.681,146.186,18.568,5.7052,1
2026-03-01 21:35:00,8890902015,5549922657,16,up,237.091,147.998,23.709,1.6371,0
2026-03-01 21:40:00,7705436251,6679074624,46,up,205.478,178.109,20.548,4.6796,0
2026-03-01 21:45:00,9140473263,5993612928,64,up,243.746,159.83,24.375,6.4651,0
2026-03-01 21:50:00,10732434174,6816255718,13,up,286.198,181.767,28.62,1.3337,0
2026-03-01 21:55:00,7656936161,5046120199,34,up,204.185,134.563,20.418,3.4559,0
2026-03-01 22:00:00,8188024460,6694990356,25,up,218.347,178.533,21.835,2.5485,0
2026-03-01 22:05:00,9517051203,6519112190,10,up,253.788,173.843,25.379,1.0443,0
2026-03-01 22:10:00,8267263367,4546871439,10,up,220.46,121.25,22.046,1.0156,0
2026-03-01 22:15:00,8483411121,6952284845,24,up,226.224,185.394,22.622,2.4754,0
2026-03-01 22:20:00,8898451595,6067290114,5,up,237.292,161.794,23.729,0.5352,0
2026-03-01 22:25:00,7838680420,6282272042,53,up,209.031,167.527,20.903,5.328,0
2026-03-01 22:30:00,8279112923,5377274799,2,up,220.776,143.394,22.078,0.2288,0
2026-03-01 22:35:00,10166356406,6918177849,3,up,271.103,184.485,27.11,0.3179,0
2026-03-01 22:40:00,7904208994,5146186322,13,up,210.779,137.232,21.078,1.3405,0
2026-03-01 22:45:00,7577393848,6599106253,4,up,202.064,175.976,20.206,0.4021,0
2026-03-01 22:50:00,8666221898,6590837382,20,up,231.099,175.756,23.11,2.0662,0
2026-03-01 22:55:00,10198449940,5298599451,16,up,271.959,141.296,27.196,1.6329,0
2026-03-01 23:00:00,9153462966,7428028991,40,up,244.092,198.081,24.409,4.0942,0
2026-03-01 23:05:00,8852346287,6166700505,97,up,236.063,164.445,23.606,9.7846,0
2026-03-01 23:10:00,9424903647,6470802679,44,up,251.331,172.555,25.133,4.482,0
2026-03-01 23:15:00,7411079138,4900473027,6,up,197.629,130.679,19.763,0.6329,0
2026-03-01 23:20:00,9931543860,7524765602,87,up,264.841,200.66,26.484,8.7725,0
2026-03-01 23:25:00,9806364410,5118319003,15,up,261.503,136.489,26.15,1.593,0
2026-03-01 23:30:00,8914527966,6737918231,20,up,237.721,179.678,23.772,2.057,0
2026-03-01 23:35:00,10506665075,5283764363,17,up,280.178,140.9,28.018,1.7518,0
2026-03-01 23:40:00,8106566888,5554328061,10,up,216.175,148.115,21.618,1.0536,0
2026-03-01 23:45:00,10643897617,6567902911,72,up,283.837,175.144,28.384,7.2135,0
2026-03-01 23:50:00,9548805373,6739837953,12,up,254.635,179.729,25.463,1.2922,0
2026-03-01 23:55:00,8996378336,5084675340,27,up,239.903,135.591,23.99,2.7653,0
2026-03-02 00:00:00,9352642160,6785139961,8,up,249.404,180.937,24.94,0.8783,0
2026-03-02 00:05:00,9254327138,6752385956,51,up,246.782,180.064,24.678,5.1085,0
2026-03-02 00:10:00,10747818258,5324673545,47,up,286.608,141.991,28.661,4.7619,0
2026-03-02 00:15:00,8163735981,7151026267,11,up,217.7,190.694,21.77,1.1245,0
2026-03-02 00:20:00,8517165855,4951062507,36,up,227.124,132.028,22.712,3.6618,0
2026-03-02 00:25:00,10540840753,5550163740,38,up,281.089,148.004,28.109,3.8943,0
2026-03-02 00:30:00,8705023197,6344881889,26,up,232.134,169.197,23.213,2.6455,0
2026-03-02 00:35:00,10388099711,5385432275,29,up,277.016,143.612,27.702,2.9369,0
2026-03-02 00:40:00,11286865480,6189949741,27,up,300.983,165.065,30.098,2.734,0
2026-03-02 00:45:00,8922980594,6173574776,2,up,237.946,164.629,23.795,0.2733,0
2026-03-02 00:50:00,10141532617,5865306525,35,up,270.441,156.408,27.044,3.5503,0
2026-03-02 00:55:00,8077096183,6599328387,20,up,215.389,175.982,21.539,2.0303,0
2026-03-02 01:00:00,10224074960,5835580229,18,up,272.642,155.615,27.264,1.8466,0
2026-03-02 01:05:00,9599351984,6166709569,62,up,255.983,164.446,25.598,6.2915,0
2026-03-02 01:10:00,9907168067,6825459751,0,up,264.191,182.012,26.419,0.0752,0
2026-03-02 01:15:00,8648731418,6569294071,9,up,230.633,175.181,23.063,0.9262,0
2026-03-02 01:20:00,7506281157,6565932449,4,up,200.167,175.092,20.017,0.4142,0
2026-03-02 01:25:00,9941158572,5172590686,1,up,265.098,137.936,26.51,0.1151,0
2026-03-02 01:30:00,7053671453,6377850654,10,up,188.098,170.076,18.81,1.0321,0
2026-03-02 01:35:00,9017980696,5367480870,142,up,240.479,143.133,24.048,14.2827,0
2026-03-02 01:40:00,10433829599,5077381214,10,up,278.235,135.397,27.824,1.0081,0
2026-03-02 01:45:00,9590884952,5948371430,34,up,255.757,158.623,25.576,3.4873,0
2026-03-02 01:50:00,11566885475,5348907465,4,up,308.45,142.638,30.845,0.4029,0
2026-03-02 01:55:00,10528247796,6569244757,29,up,280.753,175.18,28.075,2.9469,0
2026-03-02 02:00:00,8639364313,6586465530,133,up,230.383,175.639,23.038,13.3303,0
2026-03-02 02:05:00,9405727552,4630109109,11,up,250.819,123.47,25.082,1.1043,0
2026-03-02 02:10:00,9321707959,5403622171,60,up,248.579,144.097,24.858,6.03,0
2026-03-02 02:15:00,7595051141,4948953596,192,up,202.535,131.972,20.253,19.2654,0
2026-03-02 02:20:00,8317051218,5666906920,28,up,221.788,151.118,22.179,2.8418,0
2026-03-02 02:25:00,8744143979,6327726482,11,up,233.177,168.739,23.318,1.1846,0
2026-03-02 02:30:00,7084251934,5825552569,35,up,188.913,155.348,18.891,3.5821,0
2026-03-02 02:35:00,9428430151,5575373346,59,up,251.425,148.677,25.142,5.9627,0
2026-03-02 02:40:00,9094794174,6936127099,6,up,242.528,184.963,24.253,0.6015,0
2026-03-02 02:45:00,7492994361,4340502835,19,up,199.813,115.747,19.981,1.9277,0
2026-03-02 02:50:00,9829739473,6890547763,12,up,262.126,183.748,26.213,1.2303,0
2026-03-02 02:55:00,10180356837,5608112428,10,up,271.476,149.55,27.148,1.0662,0
2026-03-02 03:00:00,9630413788,5943761512,63,up,256.811,158.5,25.681,6.3104,0
2026-03-02 03:05:00,9010423302,5620298396,17,up,240.278,149.875,24.028,1.7523,0
2026-03-02 03:10:00,10040372420,7110879435,13,up,267.743,189.623,26.774,1.3252,0
2026-03-02 03:15:00,10140247905,5113695482,29,up,270.407,136.365,27.041,2.9603,0
2026-03-02 03:20:00,9720829015,6008450186,7,up,259.222,160.225,25.922,0.7926,0
2026-03-02 03:25:00,8447311218,6379755829,8,up,225.262,170.127,22.526,0.8359,0
2026-03-02 03:30:00,9686175861,4840078007,23,up,258.298,129.069,25.83,2.3506,0
2026-03-02 03:35:00,10719915732,5337673317,16,up,285.864,142.338,28.586,1.6845,0
2026-03-02 03:40:00,8703792309,5893311455,11,up,232.101,157.155,23.21,1.1185,0
2026-03-02 03:45:00,11735181756,5361601175,1,up,312.938,142.976,31.294,0.1775,0
2026-03-02 03:50:00,8783665199,5412773924,23,up,234.231,144.341,23.423,2.3539,0
2026-03-02 03:55:00,9411457890,5748098882,54,up,250.972,153.283,25.097,5.4276,0
2026-03-02 04:00:00,8618453704,6467698558,61,up,229.825,172.472,22.983,6.1003,0
2026-03-02 04:05:00,9626179690,5753243200,8,up,256.698,153.42,25.67,0.8591,0
2026-03-02 04:10:00,7415000595,6776466860,29,up,197.733,180.706,19.773,2.9293,0
2026-03-02 04:15:00,8760702976,5281614396,61,up,233.619,140.843,23.362,6.1988,0
2026-03-02 04:20:00,8146363649,5098615972,16,up,217.236,135.963,21.724,1.6815,0
2026-03-02 04:25:00,9527255641,7386968692,86,up,254.06,196.986,25.406,8.6088,0
2026-03-02 04:30:00,10493753297,5526270148,74,up,279.833,147.367,27.983,7.465,0
2026-03-02 04:35:00,7071229872,5056143354,54,up,188.566,134.83,18.857,5.4293,1
2026-03-02 04:40:00,4694818253,4745721161,47,up,125.195,126.553,12.52,4.7418,1
2026-03-02 04:45:00,11672328359,6774074486,6,up,311.262,180.642,31.126,0.6368,0
2026-03-02 04:50:00,9707189933,5754260749,6,up,258.858,153.447,25.886,0.6983,0
2026-03-02 04:55:00,8501438466,5817328990,76,up,226.705,155.129,22.671,7.6303,0
2026-03-02 05:00:00,9551768908,5885374767,85,up,254.714,156.943,25.471,8.5621,0
2026-03-02 05:05:00,9573213550,6729318876,1,up,255.286,179.449,25.529,0.1705,0
2026-03-02 05:10:00,8624795193,5870738519,28,up,229.995,156.553,22.999,2.8814,0
2026-03-02 05:15:00,9597656250,7687718720,26,up,255.938,205.006,25.594,2.6581,0
2026-03-02 05:20:00,8691593676,6096307613,15,up,231.776,162.568,23.178,1.5846,0
2026-03-02 05:25:00,8920092758,6764485032,31,up,237.869,180.386,23.787,3.1963,0
2026-03-02 05:30:00,8602935972,6579772697,94,up,229.412,175.461,22.941,9.4222,0
2026-03-02 05:35:00,7763244799,5973757929,5,up,207.02,159.3,20.702,0.5972,0
2026-03-02 05:40:00,9539066028,5577380890,4,up,254.375,148.73,25.438,0.4106,0
2026-03-02 05:45:00,10033461866,6239014028,1,up,267.559,166.374,26.756,0.1087,0
2026-03-02 05:50:00,9954244045,6367271086,14,up,265.447,169.794,26.545,1.4473,0
2026-03-02 05:55:00,10297415909,5587738045,13,up,274.598,149.006,27.46,1.3182,0
2026-03-02 06:00:00,9739882736,6119763983,18,up,259.73,163.194,25.973,1.8034,0
2026-03-02 06:05:00,8775683814,6890067584,22,up,234.018,183.735,23.402,2.2393,0
2026-03-02 06:10:00,10319621847,7490362372,45,up,275.19,199.743,27.519,4.5379,0
2026-03-02 06:15:00,7847792767,6615145910,15,up,209.274,176.404,20.927,1.5929,0
2026-03-02 06:20:00,8361744694,7341186974,12,up,222.98,195.765,22.298,1.2845,0
2026-03-02 06:25:00,8290274919,5546850567,56,up,221.074,147.916,22.107,5.612,0
2026-03-02 06:30:00,10590063066,6505355221,60,up,282.402,173.476,28.24,6.0664,0
2026-03-02 06:35:00,10435637078,6963734046,8,up,278.284,185.7,27.828,0.8479,0
2026-03-02 06:40:00,9923218391,5354640000,12,up,264.619,142.79,26.462,1.2091,0
2026-03-02 06:45:00,10580921098,5650375119,55,up,282.158,150.677,28.216,5.5796,0
2026-03-02 06:50:00,8385806869,7251291428,2,up,223.622,193.368,22.362,0.2648,0
2026-03-02 06:55:00,9767169509,5297928823,12,up,260.458,141.278,26.046,1.2618,0
2026-03-02 07:00:00,6463925137,5034386376,55,up,172.371,134.25,17.237,5.553,1
2026-03-02 07:05:00,10327742366,7100146733,6,up,275.406,189.337,27.541,0.6628,0
2026-03-02 07:10:00,9245372738,6861669521,6,up,246.543,182.978,24.654,0.6347,0
2026-03-02 07:15:00,8941939250,6311126575,17,up,238.452,168.297,23.845,1.7701,0
2026-03-02 07:20:00,9983522083,5967088256,44,up,266.227,159.122,26.623,4.4945,0
2026-03-02 07:25:00,10360690313,5684262355,58,up,276.285,151.58,27.629,5.8689,0
2026-03-02 07:30:00,8623111655,6203003189,123,up,229.95,165.413,22.995,12.3984,0
2026-03-02 07:35:00,9306289869,7137461009,2,up,248.168,190.332,24.817,0.246,0
2026-03-02 07:40:00,5728978001,6171767610,60,up,152.773,164.58,15.277,6.0999,1
2026-03-02 07:45:00,6564681355,7560210672,45,up,175.058,201.606,17.506,4.5221,0
2026-03-02 07:50:00,9600517085,5353481770,24,up,256.014,142.76,25.601,2.4891,0
2026-03-02 07:55:00,10060018525,5985829856,12,up,268.267,159.622,26.827,1.2705,0
2026-03-02 08:00:00,9669825160,5731397759,7,up,257.862,152.837,25.786,0.7365,0
2026-03-02 08:05:00,7181743067,5218698088,10,up,191.513,139.165,19.151,1.0533,0
2026-03-02 08:10:00,8980294391,5889779712,17,up,239.475,157.061,23.947,1.7948,0
2026-03-02 08:15:00,6879358769,6300477097,6,up,183.45,168.013,18.345,0.6239,0
2026-03-02 08:20:00,10915913746,6377445729,106,up,291.091,170.065,29.109,10.6577,0
2026-03-02 08:25:00,8153188595,7562725568,3,up,217.418,201.673,21.742,0.3642,0
2026-03-02 08:30:00,10787329060,6334416578,135,up,287.662,168.918,28.766,13.5647,0
2026-03-02 08:35:00,10439103349,6828098498,59,up,278.376,182.083,27.838,5.9024,0
2026-03-02 08:40:00,8361835853,6047587857,17,up,222.982,161.269,22.298,1.7606,0
2026-03-02 08:45:00,8100616929,7208200032,43,up,216.016,192.219,21.602,4.3084,0
2026-03-02 08:50:00,9769166493,7726883485,35,up,260.511,206.05,26.051,3.5624,0
2026-03-02 08:55:00,8425135458,6382381294,7,up,224.67,170.197,22.467,0.7677,0
2026-03-02 09:00:00,6643206655,5285285508,49,up,177.152,140.941,17.715,4.9867,1
2026-03-02 09:05:00,8831818960,5604860383,23,up,235.515,149.463,23.552,2.3032,0
2026-03-02 09:10:00,7371196783,6202992698,32,up,196.565,165.413,19.657,3.2502,0
2026-03-02 09:15:00,4806006434,6328678585,40,up,128.16,168.765,12.816,4.019,1
2026-03-02 09:20:00,9630019779,6502866096,20,up,256.801,173.41,25.68,2.0497,0
2026-03-02 09:25:00,8743247535,6331342330,18,up,233.153,168.836,23.315,1.8735,0
2026-03-02 09:30:00,8752773955,6005029139,22,up,233.407,160.134,23.341,2.207,0
2026-03-02 09:35:00,10157846818,5541937122,18,up,270.876,147.785,27.088,1.8233,0
2026-03-02 09:40:00,10695122561,6288819548,24,up,285.203,167.702,28.52,2.4942,0
2026-03-02 09:45:00,9068387188,7335590897,70,up,241.824,195.616,24.182,7.0052,0
2026-03-02 09:50:00,8991826454,6734348595,32,up,239.782,179.583,23.978,3.2062,0
2026-03-02 09:55:00,9937660912,6384986843,41,up,265.004,170.266,26.5,4.1036,0
2026-03-02 10:00:00,7848447484,6741288185,29,up,209.292,179.768,20.929,2.9121,0
2026-03-02 10:05:00,9626047186,5732833899,32,up,256.695,152.876,25.669,3.2962,0
2026-03-02 10:10:00,9995871718,5634049094,27,up,266.557,150.241,26.656,2.7635,0
2026-03-02 10:15:00,10140258984,5461594724,0,up,270.407,145.643,27.041,0.0871,0
2026-03-02 10:20:00,7196153209,5909793631,250,up,191.897,157.594,19.19,25.024,0
2026-03-02 10:25:00,8518475321,5696155754,1,up,227.159,151.897,22.716,0.1094,0
2026-03-02 10:30:00,8386953840,6869957813,16,up,223.652,183.199,22.365,1.6089,0
2026-03-02 10:35:00,9487372823,5657767139,3,up,252.997,150.874,25.3,0.3554,0
2026-03-02 10:40:00,9915837652,5422040364,3,up,264.422,144.588,26.442,0.3263,0
2026-03-02 10:45:00,11058799208,7398655568,50,up,294.901,197.297,29.49,5.0483,0
2026-03-02 10:50:00,8818163834,5675009833,17,up,235.151,151.334,23.515,1.776,0
2026-03-02 10:55:00,8815230939,6110540489,51,up,235.073,162.948,23.507,5.1685,0
2026-03-02 11:00:00,10668381021,6324952433,10,up,284.49,168.665,28.449,1.0193,0
2026-03-02 11:05:00,9708649055,5181580954,9,up,258.897,138.175,25.89,0.9483,0
2026-03-02 11:10:00,10801107950,6889548314,9,up,288.03,183.721,28.803,0.9258,0
2026-03-02 11:15:00,9699819003,6458725709,30,up,258.662,172.233,25.866,3.064,0
2026-03-02 11:20:00,8073243803,7122036488,53,up,215.287,189.921,21.529,5.3997,0
2026-03-02 11:25:00,7875230600,5510960205,19,up,210.006,146.959,21.001,1.9263,0
2026-03-02 11:30:00,5340684103,6071370570,66,up,142.418,161.903,14.242,6.6003,1
2026-03-02 11:35:00,10119808314,6028336143,116,up,269.862,160.756,26.986,11.6276,0
2026-03-02 11:40:00,10712171425,6189999715,3,up,285.658,165.067,28.566,0.3973,0
2026-03-02 11:45:00,11455532409,4952677381,21,up,305.481,132.071,30.548,2.1336,0
2026-03-02 11:50:00,10323493498,6079802192,16,up,275.293,162.128,27.529,1.6802,0
2026-03-02 11:55:00,10683193399,4972945983,3,up,284.885,132.612,28.489,0.3305,0
2026-03-02 12:00:00,8722481625,6258000531,9,up,232.6,166.88,23.26,0.9992,0
2026-03-02 12:05:00,8074032206,4467372630,0,up,215.308,119.13,21.531,0.0923,0
2026-03-02 12:10:00,10331339248,4666857479,67,up,275.502,124.45,27.55,6.7046,0
2026-03-02 12:15:00,9844890846,6589355075,29,up,262.53,175.716,26.253,2.9956,0
2026-03-02 12:20:00,9495874921,5606276312,53,up,253.223,149.501,25.322,5.4,0
2026-03-02 12:25:00,9810792915,5288742186,23,up,261.621,141.033,26.162,2.3591,0
2026-03-02 12:30:00,9738583667,6915008847,29,up,259.696,184.4,25.97,2.9282,0
2026-03-02 12:35:00,10819293967,6235890876,38,up,288.515,166.29,28.851,3.8618,0
2026-03-02 12:40:00,7582301148,6627904940,74,up,202.195,176.744,20.219,7.491,1
2026-03-02 12:45:00,9987247896,5880305707,3,up,266.327,156.808,26.633,0.308,0
2026-03-02 12:50:00,10326528231,7929332659,12,up,275.374,211.449,27.537,1.2861,0
2026-03-02 12:55:00,9953320371,5564750020,39,up,265.422,148.393,26.542,3.9505,0
2026-03-02 13:00:00,8856184051,7256036795,101,up,236.165,193.494,23.616,10.1711,0
2026-03-02 13:05:00,10226135259,5955816451,126,up,272.697,158.822,27.27,12.6503,0
2026-03-02 13:10:00,7806193047,4808752515,32,up,208.165,128.233,20.817,3.2525,0
2026-03-02 13:15:00,10560627996,6347651096,6,up,281.617,169.271,28.162,0.6886,0
2026-03-02 13:20:00,8031161692,6226629044,4,up,214.164,166.043,21.416,0.4062,0
2026-03-02 13:25:00,9696528697,5243048293,93,up,258.574,139.815,25.857,9.3427,0
2026-03-02 13:30:00,8424201796,5336002120,18,up,224.645,142.293,22.465,1.8209,0
2026-03-02 13:35:00,9997562605,5982217696,6,up,266.602,159.526,26.66,0.6934,0
2026-03-02 13:40:00,6535783884,6251818426,36,up,174.288,166.715,17.429,3.6778,1
2026-03-02 13:45:00,7580899547,4221122436,3,up,202.157,112.563,20.216,0.3533,0
2026-03-02 13:50:00,9848287084,6758247445,41,up,262.621,180.22,26.262,4.1848,0
2026-03-02 13:55:00,8724839126,5643961458,31,up,232.662,150.506,23.266,3.1409,0
2026-03-02 14:00:00,10366290060,5041141811,2,up,276.434,134.43,27.643,0.2938,0
2026-03-02 14:05:00,9376491399,6677567917,13,up,250.04,178.068,25.004,1.3236,0
2026-03-02 14:10:00,9819848608,5982995054,5,up,261.863,159.547,26.186,0.5198,0
2026-03-02 14:15:00,8297734925,6875639359,29,up,221.273,183.35,22.127,2.9683,0
2026-03-02 14:20:00,8712001239,6315325629,20,up,232.32,168.409,23.232,2.0748,0
2026-03-02 14:25:00,8859031534,5998909557,0,up,236.241,159.971,23.624,0.0137,0
2026-03-02 14:30:00,10338790290,5890034439,118,up,275.701,157.068,27.57,11.8967,0
2026-03-02 14:35:00,11262049223,6347553187,13,up,300.321,169.268,30.032,1.3765,0
2026-03-02 14:40:00,8469181779,5702257493,9,up,225.845,152.06,22.584,0.9558,0
2026-03-02 14:45:00,10586454162,5386147736,8,up,282.305,143.631,28.231,0.8051,0
2026-03-02 14:50:00,4853879033,6439134568,47,up,129.437,171.71,12.944,4.7137,1
2026-03-02 14:55:00,8031536923,5895968754,225,up,214.174,157.226,21.417,22.5766,0
2026-03-02 15:00:00,8296374236,6024168706,11,up,221.237,160.644,22.124,1.1191,0
2026-03-02 15:05:00,7853427724,6784353482,16,up,209.425,180.916,20.942,1.6642,0
2026-03-02 15:10:00,7593463061,5918008842,65,up,202.492,157.814,20.249,6.5623,0
2026-03-02 15:15:00,9839623776,6010824426,32,up,262.39,160.289,26.239,3.2861,0
2026-03-02 15:20:00,9134173840,5568252351,14,up,243.578,148.487,24.358,1.4719,0
2026-03-02 15:25:00,9801831072,6310132752,73,up,261.382,168.27,26.138,7.3152,0
2026-03-02 15:30:00,10151781771,6251876097,44,up,270.714,166.717,27.071,4.4326,0
2026-03-02 15:35:00,9673819117,6648558094,8,up,257.969,177.295,25.797,0.8277,0
2026-03-02 15:40:00,10114983573,5583027237,33,up,269.733,148.881,26.973,3.3027,0
2026-03-02 15:45:00,9296776177,5670371781,81,up,247.914,151.21,24.791,8.1797,0
2026-03-02 15:50:00,8039632438,6570338927,21,up,214.39,175.209,21.439,2.1955,0
2026-03-02 15:55:00,10565040953,6181593362,42,up,281.734,164.842,28.173,4.233,0
2026-03-02 16:00:00,6098574195,5347522949,45,up,162.629,142.601,16.263,4.562,1
2026-03-02 16:05:00,8322454163,6940718928,37,up,221.932,185.086,22.193,3.7521,0
2026-03-02 16:10:00,9174842389,4777115590,3,up,244.662,127.39,24.466,0.3458,0
2026-03-02 16:15:00,8348087715,6564685022,8,up,222.616,175.058,22.262,0.8975,0
2026-03-02 16:20:00,8905390820,5089047334,28,up,237.477,135.708,23.748,2.8931,0
2026-03-02 16:25:00,9762060661,7357767731,10,up,260.322,196.207,26.032,1.0315,0
2026-03-02 16:30:00,9766884456,4887888196,101,up,260.45,130.344,26.045,10.1095,0
2026-03-02 16:35:00,8364941175,6829620469,16,up,223.065,182.123,22.307,1.6633,0
2026-03-02 16:40:00,8826331455,5941223260,19,up,235.369,158.433,23.537,1.9554,0
2026-03-02 16:45:00,10583624630,5736046149,38,up,282.23,152.961,28.223,3.8698,0
2026-03-02 16:50:00,9933450132,6133485592,23,up,264.892,163.56,26.489,2.3772,0
2026-03-02 16:55:00,11709448169,6454968244,15,up,312.252,172.132,31.225,1.5408,0
2026-03-02 17:00:00,10702644195,5348831638,2,up,285.404,142.636,28.54,0.2551,0
2026-03-02 17:05:00,10662329702,5412632837,29,up,284.329,144.337,28.433,2.9038,0
2026-03-02 17:10:00,7813647880,6467715502,64,up,208.364,172.472,20.836,6.4697,0
2026-03-02 17:15:00,10234342895,4770713073,37,up,272.916,127.219,27.292,3.7043,0
2026-03-02 17:20:00,9315254848,5579355052,15,up,248.407,148.783,24.841,1.5374,0
2026-03-02 17:25:00,8755145471,8189294606,4,up,233.471,218.381,23.347,0.4373,0
2026-03-02 17:30:00,9564017258,5303030665,54,up,255.04,141.414,25.504,5.4229,0
2026-03-02 17:35:00,10438362976,6826418010,90,up,278.356,182.038,27.836,9.0975,0
2026-03-02 17:40:00,9938435539,5578115446,15,up,265.025,148.75,26.502,1.5727,0
2026-03-02 17:45:00,8386716973,6366512504,41,up,223.646,169.774,22.365,4.1738,0
2026-03-02 17:50:00,10210266277,6471136097,16,up,272.274,172.564,27.227,1.6926,0
2026-03-02 17:55:00,8657714015,6812848849,22,up,230.872,181.676,23.087,2.2326,0
2026-03-02 18:00:00,9618768508,5855817244,57,up,256.5,156.155,25.65,5.7946,0
2026-03-02 18:05:00,9033731174,7431996939,2,up,240.899,198.187,24.09,0.2788,0
2026-03-02 18:10:00,9128775466,5575677673,24,up,243.434,148.685,24.343,2.4184,0
2026-03-02 18:15:00,7165916342,6168638697,64,up,191.091,164.497,19.109,6.4719,1
2026-03-02 18:20:00,8204782065,6176599391,13,up,218.794,164.709,21.879,1.3287,0
2026-03-02 18:25:00,11563344458,5192182953,33,up,308.356,138.458,30.836,3.3089,0
2026-03-02 18:30:00,7326278172,5794171976,0,up,195.367,154.511,19.537,0.0883,0
2026-03-02 18:35:00,8702623856,6116289719,28,up,232.07,163.101,23.207,2.8831,0
2026-03-02 18:40:00,9791488376,5688872848,10,up,261.106,151.703,26.111,1.0665,0
2026-03-02 18:45:00,10032353437,7757465255,35,up,267.529,206.866,26.753,3.5427,0
2026-03-02 18:50:00,9261964814,5396190955,4,up,246.986,143.898,24.699,0.4885,0
2026-03-02 18:55:00,9310435459,6849185617,42,up,248.278,182.645,24.828,4.2595,0
2026-03-02 19:00:00,6885808192,6616651065,70,up,183.622,176.444,18.362,7.032,1
2026-03-02 19:05:00,9115046837,5990019263,113,up,243.068,159.734,24.307,11.3563,0
2026-03-02 19:10:00,10942328915,5377049481,77,up,291.795,143.388,29.18,7.7497,0
2026-03-02 19:15:00,10319267753,5446856169,10,up,275.18,145.249,27.518,1.0659,0
2026-03-02 19:20:00,10356927394,5627063544,0,up,276.185,150.055,27.618,0.0886,0
2026-03-02 19:25:00,5801651580,4714266276,55,up,154.711,125.714,15.471,5.5486,1
2026-03-02 19:30:00,9285688022,5277504893,29,up,247.618,140.733,24.762,2.9553,0
2026-03-02 19:35:00,6325883065,4932616908,35,up,168.69,131.536,16.869,3.5826,1
2026-03-02 19:40:00,8243698452,6969030002,4,up,219.832,185.841,21.983,0.4188,0
2026-03-02 19:45:00,9780184706,6445292922,28,up,260.805,171.874,26.08,2.812,0
2026-03-02 19:50:00,8770148522,6565901351,77,up,233.871,175.091,23.387,7.7711,0
2026-03-02 19:55:00,10112329308,6423959005,75,up,269.662,171.306,26.966,7.5833,0
2026-03-02 20:00:00,5719724144,6120216688,38,up,152.526,163.206,15.253,3.8051,1
2026-03-02 20:05:00,11308920689,7051689839,15,up,301.571,188.045,30.157,1.5534,0
2026-03-02 20:10:00,8366625759,5560250887,1,up,223.11,148.273,22.311,0.1413,0
2026-03-02 20:15:00,9621715129,6076802151,20,up,256.579,162.048,25.658,2.0272,0
2026-03-02 20:20:00,10265841724,6537882356,44,up,273.756,174.344,27.376,4.4759,0
2026-03-02 20:25:00,8733029516,5048729353,49,up,232.881,134.633,23.288,4.9937,0
2026-03-02 20:30:00,10334027223,8229544005,22,up,275.574,219.455,27.557,2.2116,0
2026-03-02 20:35:00,7992168452,6020567349,3,up,213.124,160.548,21.312,0.3225,0
2026-03-02 20:40:00,11008632411,6102232404,15,up,293.564,162.726,29.356,1.5368,0
2026-03-02 20:45:00,9390917923,6904952182,86,up,250.424,184.132,25.042,8.6072,0
2026-03-02 20:50:00,8704037166,6658767839,8,up,232.108,177.567,23.211,0.8348,0
2026-03-02 20:55:00,9038420506,6027416173,12,up,241.025,160.731,24.102,1.233,0
2026-03-02 21:00:00,10285034178,6093693195,43,up,274.268,162.498,27.427,4.3958,0
2026-03-02 21:05:00,8717487796,4917013057,42,up,232.466,131.12,23.247,4.2326,0
2026-03-02 21:10:00,5972380819,5599344639,56,up,159.263,149.316,15.926,5.6687,1
2026-03-02 21:15:00,9125771327,6372391355,15,up,243.354,169.93,24.335,1.5719,0
2026-03-02 21:20:00,8050917623,6319602844,23,up,214.691,168.523,21.469,2.3129,0
2026-03-02 21:25:00,11423111896,6879239340,20,up,304.616,183.446,30.462,2.0159,0
2026-03-02 21:30:00,8737806084,5913239238,84,up,233.008,157.686,23.301,8.4085,0
2026-03-02 21:35:00,10310568884,5001153710,46,up,274.949,133.364,27.495,4.6937,0
2026-03-02 21:40:00,9610653844,6760845910,56,up,256.284,180.289,25.628,5.6975,0
2026-03-02 21:45:00,8267399193,7033984329,4,up,220.464,187.573,22.046,0.4571,0
2026-03-02 21:50:00,9368300952,6646736092,50,up,249.821,177.246,24.982,5.0223,0
2026-03-02 21:55:00,10257003126,5882183756,18,up,273.52,156.858,27.352,1.8155,0
2026-03-02 22:00:00,9163205998,6751957957,0,up,244.352,180.052,24.435,0.0756,0
2026-03-02 22:05:00,10717252064,8468815544,1,up,285.793,225.835,28.579,0.1983,0
2026-03-02 22:10:00,10524204816,6082909666,36,up,280.645,162.211,28.065,3.6253,0
2026-03-02 22:15:00,10408779211,5055549581,14,up,277.567,134.815,27.757,1.4888,0
2026-03-02 22:20:00,8857886131,5577874764,64,up,236.21,148.743,23.621,6.4827,0
2026-03-02 22:25:00,8160177246,6450342720,42,up,217.605,172.009,21.76,4.2409,0
2026-03-02 22:30:00,8684713943,4844540896,0,up,231.592,129.188,23.159,0.0701,0
2026-03-02 22:35:00,9595771058,6121970213,37,up,255.887,163.253,25.589,3.7158,0
2026-03-02 22:40:00,9989010052,6273842388,6,up,266.374,167.302,26.637,0.6836,0
2026-03-02 22:45:00,6931982169,7105287652,17,up,184.853,189.474,18.485,1.7574,0
2026-03-02 22:50:00,9365872648,6943340296,31,up,249.757,185.156,24.976,3.1364,0
2026-03-02 22:55:00,9552850378,6622501050,65,up,254.743,176.6,25.474,6.5963,0
2026-03-02 23:00:00,9062762711,4442871112,19,up,241.674,118.477,24.167,1.9488,0
2026-03-02 23:05:00,10827683068,6663158252,52,up,288.738,177.684,28.874,5.289,0
2026-03-02 23:10:00,9849502583,6507969637,48,up,262.653,173.546,26.265,4.8886,0
2026-03-02 23:15:00,10848965896,6184279951,17,up,289.306,164.914,28.931,1.7131,0
2026-03-02 23:20:00,9132044414,4754240069,22,up,243.521,126.78,24.352,2.2244,0
2026-03-02 23:25:00,10429662179,5440722785,38,up,278.124,145.086,27.812,3.8579,0
2026-03-02 23:30:00,11214449693,5159887605,1,up,299.052,137.597,29.905,0.1013,0
2026-03-02 23:35:00,10850655130,4549193923,70,up,289.351,121.312,28.935,7.087,0
2026-03-02 23:40:00,8146340707,5997901090,47,up,217.236,159.944,21.724,4.7004,0
2026-03-02 23:45:00,9089614412,5425568072,9,up,242.39,144.682,24.239,0.9181,0
2026-03-02 23:50:00,8986689706,7890220017,127,up,239.645,210.406,23.965,12.7131,0
2026-03-02 23:55:00,9925411351,5878484203,6,up,264.678,156.76,26.468,0.6327,0
2026-03-03 00:00:00,10147147749,6931502272,78,up,270.591,184.84,27.059,7.8541,0
2026-03-03 00:05:00,8431245741,4870248702,12,up,224.833,129.873,22.483,1.2552,0
2026-03-03 00:10:00,9451318328,5618335498,46,up,252.035,149.822,25.204,4.609,0
2026-03-03 00:15:00,7102581751,6069766470,19,up,189.402,161.86,18.94,1.9504,0
2026-03-03 00:20:00,10997188131,5346129157,42,up,293.258,142.563,29.326,4.2675,0
2026-03-03 00:25:00,8798578979,5696015506,5,up,234.629,151.894,23.463,0.5419,0
2026-03-03 00:30:00,9437846932,5843075347,10,up,251.676,155.815,25.168,1.0049,0
2026-03-03 00:35:00,9026644071,5831586250,3,up,240.711,155.509,24.071,0.3366,0
2026-03-03 00:40:00,10664281021,7335685372,64,up,284.381,195.618,28.438,6.4114,0
2026-03-03 00:45:00,6182805253,6272322925,11,up,164.875,167.262,16.487,1.1245,0
2026-03-03 00:50:00,9356313364,6345247605,37,up,249.502,169.207,24.95,3.7943,0
2026-03-03 00:55:00,9255953897,6388551437,54,up,246.825,170.361,24.683,5.4913,0
2026-03-03 01:00:00,8864659063,6441090991,74,up,236.391,171.762,23.639,7.414,0
2026-03-03 01:05:00,11317004863,5940321371,3,up,301.787,158.409,30.179,0.3596,0
2026-03-03 01:10:00,8376754358,5769062612,71,up,223.38,153.842,22.338,7.1522,0
2026-03-03 01:15:00,10243270699,6120107562,7,up,273.154,163.203,27.315,0.7031,0
2026-03-03 01:20:00,6843049071,6832898843,37,up,182.481,182.211,18.248,3.7838,1
2026-03-03 01:25:00,10794209159,6810891495,41,up,287.846,181.624,28.785,4.1763,0
2026-03-03 01:30:00,8624412279,5826913097,0,up,229.984,155.384,22.998,0.0273,0
2026-03-03 01:35:00,8550409988,6552847460,7,up,228.011,174.743,22.801,0.7976,0
2026-03-03 01:40:00,10608078645,5859899042,21,up,282.882,156.264,28.288,2.1667,0
2026-03-03 01:45:00,9853486471,6024386795,17,up,262.76,160.65,26.276,1.7433,0
2026-03-03 01:50:00,7636945484,5659063165,80,up,203.652,150.908,20.365,8.0258,0
2026-03-03 01:55:00,8768281858,5869215499,14,up,233.821,156.512,23.382,1.4268,0
2026-03-03 02:00:00,9809680485,6965757650,88,up,261.591,185.754,26.159,8.846,0
2026-03-03 02:05:00,10317484749,6066543226,19,up,275.133,161.774,27.513,1.9684,0
2026-03-03 02:10:00,8610865515,6097403406,106,up,229.623,162.597,22.962,10.6691,0
2026-03-03 02:15:00,6096462011,4958003198,42,up,162.572,132.213,16.257,4.2782,0
2026-03-03 02:20:00,9963626083,5777344386,56,up,265.697,154.063,26.57,5.6578,0
2026-03-03 02:25:00,8002139223,5826253269,3,up,213.39,155.367,21.339,0.3545,0
2026-03-03 02:30:00,7105493852,5403016690,28,up,189.48,144.08,18.948,2.8231,0
2026-03-03 02:35:00,6188633334,6015599096,4,up,165.03,160.416,16.503,0.4927,0
2026-03-03 02:40:00,10290728467,5690988751,11,up,274.419,151.76,27.442,1.1305,0
2026-03-03 02:45:00,9519694631,6057597015,31,up,253.859,161.536,25.386,3.1264,0
2026-03-03 02:50:00,9121136571,6087482167,41,up,243.23,162.333,24.323,4.1454,0
2026-03-03 02:55:00,10937652408,5311856862,1,up,291.671,141.65,29.167,0.1279,0
2026-03-03 03:00:00,10091990268,5712934716,24,up,269.12,152.345,26.912,2.4225,0
2026-03-03 03:05:00,11193337548,6055709483,26,up,298.489,161.486,29.849,2.666,0
2026-03-03 03:10:00,7808172593,6852695590,2,up,208.218,182.739,20.822,0.2627,0
2026-03-03 03:15:00,9336130548,6184837804,22,up,248.963,164.929,24.896,2.2225,0
2026-03-03 03:20:00,7556197453,5523406670,40,up,201.499,147.291,20.15,4.0039,0
2026-03-03 03:25:00,9116944876,6287283426,1,up,243.119,167.661,24.312,0.175,0
2026-03-03 03:30:00,9095307164,7229435200,45,up,242.542,192.785,24.254,4.5703,0
2026-03-03 03:35:00,10079940341,6660028660,27,up,268.798,177.601,26.88,2.7489,0
2026-03-03 03:40:00,6598381556,6394219101,59,up,175.957,170.513,17.596,5.9817,1
2026-03-03 03:45:00,7053433121,6522424926,58,up,188.092,173.931,18.809,5.8367,1
2026-03-03 03:50:00,10166370149,7036766909,57,up,271.103,187.647,27.11,5.7325,0
2026-03-03 03:55:00,8259506333,6774451291,79,up,220.254,180.652,22.025,7.9722,1
2026-03-03 04:00:00,9020291262,6408067474,16,up,240.541,170.882,24.054,1.6551,0
2026-03-03 04:05:00,8316349461,6769422398,7,up,221.769,180.518,22.177,0.712,0
2026-03-03 04:10:00,9651844067,5221211210,66,up,257.383,139.232,25.738,6.6805,0
2026-03-03 04:15:00,8472434969,4918369018,39,up,225.932,131.157,22.593,3.9056,0
2026-03-03 04:20:00,11042205864,6113111028,0,up,294.459,163.016,29.446,0.0822,0
2026-03-03 04:25:00,9056379706,6049450110,0,up,241.503,161.319,24.15,0.0306,0
2026-03-03 04:30:00,6117108610,5608384761,71,up,163.123,149.557,16.312,7.1346,1
2026-03-03 04:35:00,8844769813,6594613922,4,up,235.861,175.856,23.586,0.4949,0
2026-03-03 04:40:00,10183219601,4658738217,31,up,271.553,124.233,27.155,3.1842,0
2026-03-03 04:45:00,9197534643,5614963975,34,up,245.268,149.732,24.527,3.4881,0
2026-03-03 04:50:00,8653124827,5650832007,91,up,230.75,150.689,23.075,9.1087,0
2026-03-03 04:55:00,11248520907,4821862714,97,up,299.961,128.583,29.996,9.7196,0
2026-03-03 05:00:00,8411808929,7076206325,34,up,224.315,188.699,22.431,3.4418,0
2026-03-03 05:05:00,9415011833,5021375086,0,up,251.067,133.903,25.107,0.0182,0
2026-03-03 05:10:00,10108844420,5576395158,14,up,269.569,148.704,26.957,1.4231,0
2026-03-03 05:15:00,7539748000,6653745425,23,up,201.06,177.433,20.106,2.3033,0
2026-03-03 05:20:00,9915293064,6465152647,22,up,264.408,172.404,26.441,2.2128,0
2026-03-03 05:25:00,8188003865,5202114218,29,up,218.347,138.723,21.835,2.959,0
2026-03-03 05:30:00,10300630628,6491392230,103,up,274.683,173.104,27.468,10.3448,0
2026-03-03 05:35:00,5804412328,6208644824,50,up,154.784,165.564,15.478,5.0401,1
2026-03-03 05:40:00,10154365160,7679785604,3,up,270.783,204.794,27.078,0.369,0
2026-03-03 05:45:00,10619062199,6290837099,9,up,283.175,167.756,28.317,0.9895,0
2026-03-03 05:50:00,10344116091,5898305888,57,up,275.843,157.288,27.584,5.7293,0
2026-03-03 05:55:00,6760411860,5383318590,39,up,180.278,143.555,18.028,3.9619,1
2026-03-03 06:00:00,9114786439,5464144775,10,up,243.061,145.711,24.306,1.0307,0
2026-03-03 06:05:00,8726527976,5405446251,41,up,232.707,144.145,23.271,4.1968,0
2026-03-03 06:10:00,11029914027,6987191146,35,up,294.131,186.325,29.413,3.5675,0
2026-03-03 06:15:00,8588067877,6012938338,20,up,229.015,160.345,22.902,2.053,0
2026-03-03 06:20:00,8208300667,6406977929,7,up,218.888,170.853,21.889,0.7199,0
2026-03-03 06:25:00,10123540051,7090258271,70,up,269.961,189.074,26.996,7.0241,0
2026-03-03 06:30:00,8479346096,4301905817,36,up,226.116,114.717,22.612,3.6248,0
2026-03-03 06:35:00,8306178565,6920789110,5,up,221.498,184.554,22.15,0.5924,0
2026-03-03 06:40:00,7750945205,6039885776,39,up,206.692,161.064,20.669,3.9044,0
2026-03-03 06:45:00,8831726430,6313234827,43,up,235.513,168.353,23.551,4.3283,0
2026-03-03 06:50:00,9281945598,5403549680,69,up,247.519,144.095,24.752,6.9738,0
2026-03-03 06:55:00,6753934735,5456310433,46,up,180.105,145.502,18.01,4.6065,1
2026-03-03 07:00:00,10445219524,6351969040,143,up,278.539,169.386,27.854,14.3608,0
2026-03-03 07:05:00,6977432114,7716910416,42,up,186.065,205.784,18.606,4.2947,1
2026-03-03 07:10:00,9160268753,6722385585,29,up,244.274,179.264,24.427,2.9376,0
2026-03-03 07:15:00,6406420904,6911176503,79,up,170.838,184.298,17.084,7.9083,1
2026-03-03 07:20:00,9948927152,5861759085,17,up,265.305,156.314,26.53,1.7374,0
2026-03-03 07:25:00,10806641433,5567852958,20,up,288.177,148.476,28.818,2.0622,0
2026-03-03 07:30:00,9517103474,5437820434,70,up,253.789,145.009,25.379,7.0899,0
2026-03-03 07:35:00,8847227789,5648442918,33,up,235.926,150.625,23.593,3.3165,0
2026-03-03 07:40:00,8258025748,4521996648,21,up,220.214,120.587,22.021,2.1989,0
2026-03-03 07:45:00,7749144077,5478058073,4,up,206.644,146.082,20.664,0.4396,0
2026-03-03 07:50:00,10124553381,5596545727,0,up,269.988,149.241,26.999,0.0236,0
2026-03-03 07:55:00,7017658087,5873742114,51,up,187.138,156.633,18.714,5.1719,1
2026-03-03 08:00:00,10024533965,6094860079,100,up,267.321,162.53,26.732,10.0089,0
2026-03-03 08:05:00,9230258122,6260964625,46,up,246.14,166.959,24.614,4.6217,0
2026-03-03 08:10:00,10957801589,5989253731,109,up,292.208,159.713,29.221,10.9273,0
2026-03-03 08:15:00,8830366693,5581360977,1,up,235.476,148.836,23.548,0.1164,0
2026-03-03 08:20:00,10449677891,4586381776,36,up,278.658,122.304,27.866,3.6484,0
2026-03-03 08:25:00,9331414243,5585777801,1,up,248.838,148.954,24.884,0.145,0
2026-03-03 08:30:00,8690605389,5299835540,48,up,231.749,141.329,23.175,4.8753,0
2026-03-03 08:35:00,10041596595,6335568058,15,up,267.776,168.948,26.778,1.5346,0
2026-03-03 08:40:00,9835840633,6654686925,3,up,262.289,177.458,26.229,0.3221,0
2026-03-03 08:45:00,9776594354,6675771168,26,up,260.709,178.021,26.071,2.6862,0
2026-03-03 08:50:00,9466438224,6545005970,10,up,252.438,174.533,25.244,1.0517,0
2026-03-03 08:55:00,9332370283,5903861470,34,up,248.863,157.436,24.886,3.4482,0
2026-03-03 09:00:00,12061918491,5624191992,34,up,321.651,149.978,32.165,3.4351,0
2026-03-03 09:05:00,10707288725,5462086017,39,up,285.528,145.656,28.553,3.9066,0
2026-03-03 09:10:00,10188180256,4914600780,156,up,271.685,131.056,27.168,15.6423,0
2026-03-03 09:15:00,9500774052,6714134664,15,up,253.354,179.044,25.335,1.5645,0
2026-03-03 09:20:00,10508051850,5874208052,20,up,280.215,156.646,28.021,2.0035,0
2026-03-03 09:25:00,9957744123,5102634988,52,up,265.54,136.07,26.554,5.2249,0
2026-03-03 09:30:00,9404480346,5404926209,27,up,250.786,144.131,25.079,2.7636,0
2026-03-03 09:35:00,9033490134,5375779111,1,up,240.893,143.354,24.089,0.1215,0
2026-03-03 09:40:00,9283967995,6030977629,59,up,247.572,160.826,24.757,5.9264,0
2026-03-03 09:45:00,5808271047,6768576852,1,up,154.887,180.495,15.489,0.1692,0
2026-03-03 09:50:00,9611925944,5749447524,5,up,256.318,153.319,25.632,0.5994,0
2026-03-03 09:55:00,8825464409,4378175869,3,up,235.346,116.751,23.535,0.3446,0
2026-03-03 10:00:00,11166753748,5863790158,2,up,297.78,156.368,29.778,0.2596,0
2026-03-03 10:05:00,9396762079,5887540391,0,up,250.58,157.001,25.058,0.0833,0
2026-03-03 10:10:00,8037416153,5838057433,1,up,214.331,155.682,21.433,0.1811,0
2026-03-03 10:15:00,9318884826,5548227960,18,up,248.504,147.953,24.85,1.8694,0
2026-03-03 10:20:00,8198113779,6156556138,9,up,218.616,164.175,21.862,0.9328,0
2026-03-03 10:25:00,9907583342,6047621602,4,up,264.202,161.27,26.42,0.4329,0
2026-03-03 10:30:00,9702315784,5982122173,34,up,258.728,159.523,25.873,3.44,0
2026-03-03 10:35:00,10452569584,6297101780,8,up,278.735,167.923,27.874,0.8202,0
2026-03-03 10:40:00,8485257984,5690520367,0,up,226.274,151.747,22.627,0.0612,0
2026-03-03 10:45:00,9413259108,5649658317,17,up,251.02,150.658,25.102,1.7344,0
2026-03-03 10:50:00,7839350480,6993688768,11,up,209.049,186.498,20.905,1.1894,0
2026-03-03 10:55:00,10164181629,6402735894,12,up,271.045,170.74,27.104,1.2276,0
2026-03-03 11:00:00,9958730077,6595401163,18,up,265.566,175.877,26.557,1.8857,0
2026-03-03 11:05:00,9932780648,6882795301,35,up,264.874,183.541,26.487,3.5372,0
2026-03-03 11:10:00,9376821410,6378679810,30,up,250.049,170.098,25.005,3.0668,0
2026-03-03 11:15:00,9841619502,6668439848,88,up,262.443,177.825,26.244,8.8601,0
2026-03-03 11:20:00,11179881496,4862871483,23,up,298.13,129.677,29.813,2.3335,0
2026-03-03 11:25:00,9054268960,6146990787,20,up,241.447,163.92,24.145,2.0472,0
2026-03-03 11:30:00,9530975831,5868442707,7,up,254.159,156.492,25.416,0.7682,0
2026-03-03 11:35:00,8153107913,7207932545,45,up,217.416,192.212,21.742,4.5058,0
2026-03-03 11:40:00,8398206418,6667904782,4,up,223.952,177.811,22.395,0.4855,0
2026-03-03 11:45:00,9485039954,5546079462,21,up,252.934,147.895,25.293,2.1618,0
2026-03-03 11:50:00,10616925240,6268411794,17,up,283.118,167.158,28.312,1.7504,0
2026-03-03 11:55:00,9086684072,6120730560,34,up,242.312,163.219,24.231,3.4362,0
2026-03-03 12:00:00,9109593904,6327118631,79,up,242.923,168.723,24.292,7.9886,0
2026-03-03 12:05:00,8917254099,5266433422,93,up,237.793,140.438,23.779,9.3756,0
2026-03-03 12:10:00,8773398745,6259211854,5,up,233.957,166.912,23.396,0.5878,0
2026-03-03 12:15:00,9706842887,5835731028,9,up,258.849,155.619,25.885,0.9714,0
2026-03-03 12:20:00,7690585149,6203363830,53,up,205.082,165.423,20.508,5.342,0
2026-03-03 12:25:00,10816057023,5478442681,23,up,288.428,146.092,28.843,2.3373,0
2026-03-03 12:30:00,8626399914,5578754516,19,up,230.037,148.767,23.004,1.9308,0
2026-03-03 12:35:00,10187141421,6845166254,39,up,271.657,182.538,27.166,3.9681,0
2026-03-03 12:40:00,7946251577,5242885757,29,up,211.9,139.81,21.19,2.9476,0
2026-03-03 12:45:00,10127445146,5296016831,112,up,270.065,141.227,27.007,11.2981,0
2026-03-03 12:50:00,10130937683,5962861494,28,up,270.158,159.01,27.016,2.8064,0
2026-03-03 12:55:00,9807227331,5444238929,20,up,261.526,145.18,26.153,2.0074,0
2026-03-03 13:00:00,8256267912,5362779384,25,up,220.167,143.007,22.017,2.5046,0
2026-03-03 13:05:00,6759019199,6075654699,49,up,180.241,162.017,18.024,4.9018,1
2026-03-03 13:10:00,8044061792,4916352583,30,up,214.508,131.103,21.451,3.0352,0
2026-03-03 13:15:00,9090641338,5274267190,33,up,242.417,140.647,24.242,3.3326,0
2026-03-03 13:20:00,10533089738,7478948819,113,up,280.882,199.439,28.088,11.3783,0
2026-03-03 13:25:00,10271289667,6330822042,30,up,273.901,168.822,27.39,3.0828,0
2026-03-03 13:30:00,9392080810,5462474386,15,up,250.455,145.666,25.046,1.5312,0
2026-03-03 13:35:00,8278342602,6301114856,37,up,220.756,168.03,22.076,3.7615,0
2026-03-03 13:40:00,10101286176,6408477943,34,up,269.368,170.893,26.937,3.4471,0
2026-03-03 13:45:00,9396803892,6715978382,0,up,250.581,179.093,25.058,0.0446,0
2026-03-03 13:50:00,6764644951,5908447658,20,up,180.391,157.559,18.039,2.0155,0
2026-03-03 13:55:00,10255458554,6703078345,43,up,273.479,178.749,27.348,4.3466,0
2026-03-03 14:00:00,9347738061,4532318502,22,up,249.273,120.862,24.927,2.2119,0
2026-03-03 14:05:00,10727757653,5239458146,48,up,286.074,139.719,28.607,4.8397,0
2026-03-03 14:10:00,8142820666,6117987409,19,up,217.142,163.146,21.714,1.9182,0
2026-03-03 14:15:00,5801208210,6237336143,130,up,154.699,166.329,15.47,13.0997,0
2026-03-03 14:20:00,9688969340,5343516752,11,up,258.373,142.494,25.837,1.109,0
2026-03-03 14:25:00,9703009136,6186782393,3,up,258.747,164.981,25.875,0.3093,0
2026-03-03 14:30:00,7472994418,5550835020,17,up,199.28,148.022,19.928,1.7988,0
2026-03-03 14:35:00,8274188010,5800589452,24,up,220.645,154.682,22.065,2.4968,0
2026-03-03 14:40:00,12474619961,6737837136,13,up,332.657,179.676,33.266,1.374,0
2026-03-03 14:45:00,9031188059,6654434997,8,up,240.832,177.452,24.083,0.8878,0
2026-03-03 14:50:00,10197328848,5282116564,35,up,271.929,140.856,27.193,3.5677,0
2026-03-03 14:55:00,8643007694,5238778947,15,up,230.48,139.701,23.048,1.5149,0
2026-03-03 15:00:00,7023409238,5703955155,31,up,187.291,152.105,18.729,3.1935,0
2026-03-03 15:05:00,9183459472,5980742663,48,up,244.892,159.486,24.489,4.8317,0
2026-03-03 15:10:00,9076194869,5526313088,45,up,242.032,147.368,24.203,4.5802,0
2026-03-03 15:15:00,8925136981,6749262558,15,up,238.004,179.98,23.8,1.5056,0
2026-03-03 15:20:00,9246029060,6250120686,26,up,246.561,166.67,24.656,2.6851,0
2026-03-03 15:25:00,9672301805,6292381279,19,up,257.928,167.797,25.793,1.9111,0
2026-03-03 15:30:00,9206118429,5088092043,65,up,245.496,135.682,24.55,6.5486,0
2026-03-03 15:35:00,7952993061,6840449316,67,up,212.08,182.412,21.208,6.7519,0
2026-03-03 15:40:00,9921957890,3969478447,13,up,264.586,105.853,26.459,1.3478,0
2026-03-03 15:45:00,5027369742,6600519925,41,up,134.063,176.014,13.406,4.1239,1
2026-03-03 15:50:00,7068347860,6672704451,5,up,188.489,177.939,18.849,0.5869,0
2026-03-03 15:55:00,7144604639,5688671145,55,up,190.523,151.698,19.052,5.5371,1
2026-03-03 16:00:00,9945397806,6916495356,26,up,265.211,184.44,26.521,2.6582,0
2026-03-03 16:05:00,9310430214,5954569761,34,up,248.278,158.789,24.828,3.4221,0
2026-03-03 16:10:00,7805120432,6044950826,12,up,208.137,161.199,20.814,1.2881,0
2026-03-03 16:15:00,8578600191,6244460726,35,up,228.763,166.519,22.876,3.5236,0
2026-03-03 16:20:00,9079409908,8294333936,88,up,242.118,221.182,24.212,8.8846,0
2026-03-03 16:25:00,7579619285,6967992413,33,up,202.123,185.813,20.212,3.3779,0
2026-03-03 16:30:00,8543592759,6504814464,5,up,227.829,173.462,22.783,0.5525,0
2026-03-03 16:35:00,10108871630,5342780769,27,up,269.57,142.474,26.957,2.7735,0
2026-03-03 16:40:00,10980718534,6103384674,24,up,292.819,162.757,29.282,2.4981,0
2026-03-03 16:45:00,8903135903,5414550652,65,up,237.417,144.388,23.742,6.546,0
2026-03-03 16:50:00,10226049398,6591919810,13,up,272.695,175.785,27.269,1.38,0
2026-03-03 16:55:00,5055177694,6101136222,50,up,134.805,162.697,13.48,5.0942,1
2026-03-03 17:00:00,7081817852,5190344390,48,up,188.848,138.409,18.885,4.8866,1
2026-03-03 17:05:00,8470558033,6058409700,23,up,225.882,161.558,22.588,2.3783,0
2026-03-03 17:10:00,9720763818,5388419421,40,up,259.22,143.691,25.922,4.0623,0
2026-03-03 17:15:00,9096278529,6108875679,1,up,242.567,162.903,24.257,0.1319,0
2026-03-03 17:20:00,7602326032,5381464332,75,up,202.729,143.506,20.273,7.5608,1
2026-03-03 17:25:00,8391259895,6019791096,4,up,223.767,160.528,22.377,0.4152,0
2026-03-03 17:30:00,10081057084,6540338300,12,up,268.828,174.409,26.883,1.2117,0
2026-03-03 17:35:00,9060554103,5961802565,34,up,241.615,158.981,24.161,3.4675,0
2026-03-03 17:40:00,9196906337,5718560447,5,up,245.251,152.495,24.525,0.5481,0
2026-03-03 17:45:00,9168164370,6146358879,11,up,244.484,163.903,24.448,1.182,0
2026-03-03 17:50:00,8423617757,6501971486,38,up,224.63,173.386,22.463,3.8849,0
2026-03-03 17:55:00,9359138663,5202828045,33,up,249.577,138.742,24.958,3.3668,0
2026-03-03 18:00:00,9304520750,6187672431,3,up,248.121,165.005,24.812,0.3055,0
2026-03-03 18:05:00,9646395279,6948629389,27,up,257.237,185.297,25.724,2.7553,0
2026-03-03 18:10:00,9470068288,6413033013,5,up,252.535,171.014,25.254,0.5097,0
2026-03-03 18:15:00,10272743868,6041582985,9,up,273.94,161.109,27.394,0.9303,0
2026-03-03 18:20:00,7289763035,6460611004,53,up,194.394,172.283,19.439,5.3894,1
2026-03-03 18:25:00,8193048762,6325797448,3,up,218.481,168.688,21.848,0.3706,0
2026-03-03 18:30:00,10352369063,6542592798,161,up,276.063,174.469,27.606,16.1882,0
2026-03-03 18:35:00,8040371519,4542769240,5,up,214.41,121.141,21.441,0.5785,0
2026-03-03 18:40:00,10036337874,4881511583,48,up,267.636,130.174,26.764,4.8644,0
2026-03-03 18:45:00,10072206132,6723476987,56,up,268.592,179.293,26.859,5.6672,0
2026-03-03 18:50:00,7224768496,4916198993,166,up,192.66,131.099,19.266,16.6287,0
2026-03-03 18:55:00,9479601652,6289107817,17,up,252.789,167.71,25.279,1.7912,0
2026-03-03 19:00:00,8847941872,5746524247,66,up,235.945,153.241,23.595,6.6311,0
2026-03-03 19:05:00,8521389084,5282743743,101,up,227.237,140.873,22.724,10.1094,0
2026-03-03 19:10:00,10894708872,6251747825,6,up,290.526,166.713,29.053,0.6074,0
2026-03-03 19:15:00,8639610966,6144744122,20,up,230.39,163.86,23.039,2.0891,0
2026-03-03 19:20:00,8467825954,7519446709,1,up,225.809,200.519,22.581,0.198,0
2026-03-03 19:25:00,9460156807,5550135932,31,up,252.271,148.004,25.227,3.1024,0
2026-03-03 19:30:00,10146288464,7036879286,27,up,270.568,187.65,27.057,2.7867,0
2026-03-03 19:35:00,9215645340,6253744498,7,up,245.751,166.767,24.575,0.7306,0
2026-03-03 19:40:00,7481016804,5524064245,68,up,199.494,147.308,19.949,6.8363,1
2026-03-03 19:45:00,9972347619,6575457449,1,up,265.929,175.346,26.593,0.1215,0
2026-03-03 19:50:00,6924512265,6407331723,52,up,184.654,170.862,18.465,5.2514,0
2026-03-03 19:55:00,8779349666,6025807172,0,up,234.116,160.688,23.412,0.0864,0
2026-03-03 20:00:00,8742927638,6191732656,34,up,233.145,165.113,23.314,3.4225,0
2026-03-03 20:05:00,6939996750,5570169337,67,up,185.067,148.538,18.507,6.7761,1
2026-03-03 20:10:00,6422080811,5405433269,9,up,171.255,144.145,17.126,0.9258,0
2026-03-03 20:15:00,12242635922,6546798365,40,up,326.47,174.581,32.647,4.0954,0
2026-03-03 20:20:00,9972404356,5838763614,10,up,265.931,155.7,26.593,1.053,0
2026-03-03 20:25:00,9542486404,5942340241,22,up,254.466,158.462,25.447,2.2904,0
2026-03-03 20:30:00,10704263680,6201471549,78,up,285.447,165.373,28.545,7.8977,0
2026-03-03 20:35:00,12011610809,6191007608,1,up,320.31,165.094,32.031,0.1629,0
2026-03-03 20:40:00,10354589975,4970884940,53,up,276.122,132.557,27.612,5.3326,0
2026-03-03 20:45:00,10442414733,6926101502,2,up,278.464,184.696,27.846,0.216,0
2026-03-03 20:50:00,9522026277,6087251149,4,up,253.921,162.327,25.392,0.4339,0
2026-03-03 20:55:00,9215783527,5854089650,4,up,245.754,156.109,24.575,0.4066,0
2026-03-03 21:00:00,8839730125,6310209123,164,up,235.726,168.272,23.573,16.4262,0
2026-03-03 21:05:00,8445624009,6170310379,6,up,225.217,164.542,22.522,0.6358,0
2026-03-03 21:10:00,8602109137,6552285136,72,up,229.39,174.728,22.939,7.2663,0
2026-03-03 21:15:00,7855624540,6387348243,150,up,209.483,170.329,20.948,15.0497,0
2026-03-03 21:20:00,9289644617,6516849284,15,up,247.724,173.783,24.772,1.5493,0
2026-03-03 21:25:00,7479748975,6972715612,31,up,199.46,185.939,19.946,3.1907,0
2026-03-03 21:30:00,9589781089,6636209675,48,up,255.727,176.966,25.573,4.832,0
2026-03-03 21:35:00,9334128065,5884449921,15,up,248.91,156.919,24.891,1.5957,0
2026-03-03 21:40:00,9540302210,5191511167,5,up,254.408,138.44,25.441,0.5648,0
2026-03-03 21:45:00,8787601983,7200814511,18,up,234.336,192.022,23.434,1.82,0
2026-03-03 21:50:00,12836467916,5828839171,47,up,342.306,155.436,34.231,4.7293,0
2026-03-03 21:55:00,10905130387,5659362662,48,up,290.803,150.916,29.08,4.8563,0
2026-03-03 22:00:00,7974889687,4749556691,8,up,212.664,126.655,21.266,0.8386,0
2026-03-03 22:05:00,9636976598,6243700635,6,up,256.986,166.499,25.699,0.6155,0
2026-03-03 22:10:00,8690993089,6107198354,81,up,231.76,162.859,23.176,8.1048,0
2026-03-03 22:15:00,8233710307,4909117245,1,up,219.566,130.91,21.957,0.144,0
2026-03-03 22:20:00,7867418919,6326357310,42,up,209.798,168.703,20.98,4.2465,0
2026-03-03 22:25:00,9861243777,5641301817,1,up,262.967,150.435,26.297,0.1521,0
2026-03-03 22:30:00,8608447235,7937026805,58,up,229.559,211.654,22.956,5.8225,0
2026-03-03 22:35:00,10463804277,5590059941,75,up,279.035,149.068,27.903,7.5464,0
2026-03-03 22:40:00,10493004991,5686660800,11,up,279.813,151.644,27.981,1.1296,0
2026-03-03 22:45:00,10920653683,5370161118,2,up,291.217,143.204,29.122,0.2458,0
2026-03-03 22:50:00,8416064888,6920071095,20,up,224.428,184.535,22.443,2.0968,0
2026-03-03 22:55:00,9909786312,5731601427,11,up,264.261,152.843,26.426,1.1343,0
2026-03-03 23:00:00,10086510993,5478061809,17,up,268.974,146.082,26.897,1.7274,0
2026-03-03 23:05:00,8841549553,6509007607,34,up,235.775,173.574,23.577,3.4995,0
2026-03-03 23:10:00,8506756547,5006145886,7,up,226.847,133.497,22.685,0.7536,0
2026-03-03 23:15:00,11185710748,6450079593,14,up,298.286,172.002,29.829,1.4129,0
2026-03-03 23:20:00,9630932860,7282607795,48,up,256.825,194.203,25.682,4.8827,0
2026-03-03 23:25:00,10090463719,6407957639,33,up,269.079,170.879,26.908,3.3029,0
2026-03-03 23:30:00,8450164486,6459286787,12,up,225.338,172.248,22.534,1.2638,0
2026-03-03 23:35:00,8003304975,6626443356,34,up,213.421,176.705,21.342,3.4929,0
2026-03-03 23:40:00,8734369003,7230989780,46,up,232.917,192.826,23.292,4.6384,0
2026-03-03 23:45:00,9235475939,6871123651,28,up,246.279,183.23,24.628,2.8726,0
2026-03-03 23:50:00,8177752492,6316562200,8,up,218.073,168.442,21.807,0.8761,0
2026-03-03 23:55:00,9363924590,6650801808,0,up,249.705,177.355,24.97,0.0008,0
2026-03-04 00:00:00,7475431663,5362126853,51,up,199.345,142.99,19.934,5.1961,0
2026-03-04 00:05:00,8114946649,6558931385,55,up,216.399,174.905,21.64,5.5345,0
2026-03-04 00:10:00,10129775154,5275999700,38,up,270.127,140.693,27.013,3.8273,0
2026-03-04 00:15:00,10054264335,5735743858,2,up,268.114,152.953,26.811,0.255,0
2026-03-04 00:20:00,8934138638,3780555233,28,up,238.244,100.815,23.824,2.816,0
2026-03-04 00:25:00,8230015152,6289029354,55,up,219.467,167.707,21.947,5.5056,0
2026-03-04 00:30:00,8219171004,5536412152,15,up,219.178,147.638,21.918,1.58,0
2026-03-04 00:35:00,8955073223,6800024554,7,up,238.802,181.334,23.88,0.7061,0
2026-03-04 00:40:00,10100083303,6280938679,28,up,269.336,167.492,26.934,2.8346,0
2026-03-04 00:45:00,10419276402,6809349044,56,up,277.847,181.583,27.785,5.6015,0
2026-03-04 00:50:00,8816401797,5219810487,1,up,235.104,139.195,23.51,0.1603,0
2026-03-04 00:55:00,8077321020,6747637946,29,up,215.395,179.937,21.54,2.9078,0
2026-03-04 01:00:00,9676324092,7516216567,32,up,258.035,200.432,25.804,3.2976,0
2026-03-04 01:05:00,8448523158,6550193975,29,up,225.294,174.672,22.529,2.9511,0
2026-03-04 01:10:00,8791965781,6569051286,33,up,234.452,175.175,23.445,3.3597,0
2026-03-04 01:15:00,10865935601,6122110327,31,up,289.758,163.256,28.976,3.1935,0
2026-03-04 01:20:00,10305504857,5622238477,4,up,274.813,149.926,27.481,0.4471,0
2026-03-04 01:25:00,6686904770,6548058508,76,up,178.317,174.615,17.832,7.6151,1
2026-03-04 01:30:00,7944091123,4915620304,30,up,211.842,131.083,21.184,3.0878,0
2026-03-04 01:35:00,9612821138,5699216310,0,up,256.342,151.979,25.634,0.0571,0
2026-03-04 01:40:00,10570489452,4724839102,32,up,281.88,125.996,28.188,3.2229,0
2026-03-04 01:45:00,8952412126,5493367408,35,up,238.731,146.49,23.873,3.5033,0
2026-03-04 01:50:00,10895003351,6462272466,8,up,290.533,172.327,29.053,0.8747,0
2026-03-04 01:55:00,10829338450,6363883230,29,up,288.782,169.704,28.878,2.9172,0
2026-03-04 02:00:00,11246699436,6036657860,24,up,299.912,160.978,29.991,2.444,0
2026-03-04 02:05:00,9718398517,6122688715,9,up,259.157,163.272,25.916,0.9665,0
2026-03-04 02:10:00,10035815662,4642177475,19,up,267.622,123.791,26.762,1.9895,0
2026-03-04 02:15:00,10965960699,5731755157,76,up,292.426,152.847,29.243,7.6921,0
2026-03-04 02:20:00,9878318179,5509426843,17,up,263.422,146.918,26.342,1.7798,0
2026-03-04 02:25:00,8811111628,5525477022,31,up,234.963,147.346,23.496,3.1803,0
2026-03-04 02:30:00,8870389308,6431696612,1,up,236.544,171.512,23.654,0.1152,0
2026-03-04 02:35:00,9643374322,5380434724,2,up,257.157,143.478,25.716,0.2592,0
2026-03-04 02:40:00,7923118400,5564629787,2,up,211.283,148.39,21.128,0.2714,0
2026-03-04 02:45:00,9213833720,4497310143,48,up,245.702,119.928,24.57,4.8197,0
2026-03-04 02:50:00,10608615508,5788231310,13,up,282.896,154.353,28.29,1.3798,0
2026-03-04 02:55:00,4836887592,5216756965,58,up,128.984,139.114,12.898,5.8129,1
2026-03-04 03:00:00,7770904655,6057026108,70,up,207.224,161.521,20.722,7.0109,1
2026-03-04 03:05:00,10637670996,5315202206,5,up,283.671,141.739,28.367,0.5961,0
2026-03-04 03:10:00,8857764807,6075270416,9,up,236.207,162.007,23.621,0.9057,0
2026-03-04 03:15:00,9986314681,5895826252,18,up,266.302,157.222,26.63,1.804,0
2026-03-04 03:20:00,9378541192,7203870076,12,up,250.094,192.103,25.009,1.2884,0
2026-03-04 03:25:00,10758739164,6357996945,28,up,286.9,169.547,28.69,2.8174,0
2026-03-04 03:30:00,10480518535,4675460731,13,up,279.48,124.679,27.948,1.3192,0
2026-03-04 03:35:00,7799920436,5089280032,15,up,207.998,135.714,20.8,1.5973,0
2026-03-04 03:40:00,10035670215,6039749766,63,up,267.618,161.06,26.762,6.3582,0
2026-03-04 03:45:00,9143668664,5330509477,69,up,243.831,142.147,24.383,6.908,0
2026-03-04 03:50:00,9468186641,3862774730,56,up,252.485,103.007,25.248,5.6275,0
2026-03-04 03:55:00,8555806611,6971673345,64,up,228.155,185.911,22.815,6.4039,0
2026-03-04 04:00:00,11341654202,6518561292,26,up,302.444,173.828,30.244,2.6987,0
2026-03-04 04:05:00,10545069547,6375103348,33,up,281.202,170.003,28.12,3.3252,0
2026-03-04 04:10:00,8542757440,5562727407,26,up,227.807,148.339,22.781,2.6066,0
2026-03-04 04:15:00,7873563067,6307927275,49,up,209.962,168.211,20.996,4.9275,0
2026-03-04 04:20:00,8941118290,5492860566,25,up,238.43,146.476,23.843,2.5623,0
2026-03-04 04:25:00,9863815476,6147497256,3,up,263.035,163.933,26.304,0.3768,0
2026-03-04 04:30:00,9645231574,5337180077,53,up,257.206,142.325,25.721,5.3073,0
2026-03-04 04:35:00,10784774427,7091727684,45,up,287.594,189.113,28.759,4.5746,0
2026-03-04 04:40:00,10263659687,4869429609,54,up,273.698,129.851,27.37,5.4927,0
2026-03-04 04:45:00,10465765153,6887244357,6,up,279.087,183.66,27.909,0.676,0
2026-03-04 04:50:00,9742712325,6028019396,10,up,259.806,160.747,25.981,1.0142,0
2026-03-04 04:55:00,7812038928,5647583763,11,up,208.321,150.602,20.832,1.122,0
2026-03-04 05:00:00,9154839152,6120242103,22,up,244.129,163.206,24.413,2.2702,0
2026-03-04 05:05:00,10567600957,6528010565,4,up,281.803,174.08,28.18,0.4599,0
2026-03-04 05:10:00,9317036705,6984057650,15,up,248.454,186.242,24.845,1.5576,0
2026-03-04 05:15:00,9940976664,6225462976,6,up,265.093,166.012,26.509,0.6435,0
2026-03-04 05:20:00,9016408145,5358698818,9,up,240.438,142.899,24.044,0.9842,0
2026-03-04 05:25:00,8216461670,6040053689,39,up,219.106,161.068,21.911,3.9216,0
2026-03-04 05:30:00,9236237927,7308091130,61,up,246.3,194.882,24.63,6.1751,0
2026-03-04 05:35:00,9722678373,6970328221,0,up,259.271,185.875,25.927,0.0742,0
2026-03-04 05:40:00,8637351315,6654309704,26,up,230.329,177.448,23.033,2.6703,0
2026-03-04 05:45:00,6376877394,6572894654,59,up,170.05,175.277,17.005,5.9162,1
2026-03-04 05:50:00,8318103852,6503604065,2,up,221.816,173.429,22.182,0.2851,0
2026-03-04 05:55:00,10634150532,6834303480,39,up,283.577,182.248,28.358,3.9074,0
2026-03-04 06:00:00,9043737272,5671227274,42,up,241.166,151.233,24.117,4.257,0
2026-03-04 06:05:00,11009349988,5024338032,53,up,293.583,133.982,29.358,5.3821,0
2026-03-04 06:10:00,11094841331,6049682520,20,up,295.862,161.325,29.586,2.0573,0
2026-03-04 06:15:00,9283823289,5411341257,62,up,247.569,144.302,24.757,6.2872,0
2026-03-04 06:20:00,8240495175,5240385056,5,up,219.747,139.744,21.975,0.5841,0
2026-03-04 06:25:00,7028364887,5481399424,9,up,187.423,146.171,18.742,0.9194,0
2026-03-04 06:30:00,7718958292,7789426025,4,up,205.839,207.718,20.584,0.4622,0
2026-03-04 06:35:00,7829435821,6098009736,51,up,208.785,162.614,20.878,5.111,0
2026-03-04 06:40:00,10925778330,6260573642,8,up,291.354,166.949,29.135,0.8309,0
2026-03-04 06:45:00,9505302660,5119898778,5,up,253.475,136.531,25.347,0.5409,0
2026-03-04 06:50:00,9813305089,4672497869,31,up,261.688,124.6,26.169,3.1226,0
2026-03-04 06:55:00,6877026364,5410282096,2,up,183.387,144.274,18.339,0.2567,0
2026-03-04 07:00:00,5619101436,7035500821,60,up,149.843,187.613,14.984,6.0173,1
2026-03-04 07:05:00,10372964748,6240678335,3,up,276.612,166.418,27.661,0.3611,0
2026-03-04 07:10:00,9697620876,6430988465,0,up,258.603,171.493,25.86,0.0008,0
2026-03-04 07:15:00,9209394061,6531767548,38,up,245.584,174.18,24.558,3.8208,0
2026-03-04 07:20:00,10010447653,5574228446,26,up,266.945,148.646,26.695,2.6434,0
2026-03-04 07:25:00,7850690772,6999335220,38,up,209.352,186.649,20.935,3.8619,1
2026-03-04 07:30:00,9126327228,5544378528,8,up,243.369,147.85,24.337,0.8489,0
2026-03-04 07:35:00,9453041027,7012487298,53,up,252.081,187.0,25.208,5.3307,0
2026-03-04 07:40:00,9591671533,6318457552,22,up,255.778,168.492,25.578,2.2297,0
2026-03-04 07:45:00,12066123339,4711887488,38,up,321.763,125.65,32.176,3.8371,0
2026-03-04 07:50:00,7013224202,5461433169,19,up,187.019,145.638,18.702,1.9292,0
2026-03-04 07:55:00,10143625891,4714844256,8,up,270.497,125.729,27.05,0.8686,0
2026-03-04 08:00:00,9245847470,6837563135,112,up,246.556,182.335,24.656,11.2642,0
2026-03-04 08:05:00,10012618191,5982190497,26,up,267.003,159.525,26.7,2.6685,0
2026-03-04 08:10:00,8635455876,4395593443,4,up,230.279,117.216,23.028,0.4493,0
2026-03-04 08:15:00,9319914340,6270537754,16,up,248.531,167.214,24.853,1.6673,0
2026-03-04 08:20:00,10175336901,5613241731,12,up,271.342,149.686,27.134,1.2784,0
2026-03-04 08:25:00,12877023976,4931659784,7,up,343.387,131.511,34.339,0.7709,0
2026-03-04 08:30:00,10284040713,7208135402,86,up,274.241,192.217,27.424,8.6709,0
2026-03-04 08:35:00,8420926202,6077245823,68,up,224.558,162.06,22.456,6.8095,0
2026-03-04 08:40:00,8898270357,5788729390,7,up,237.287,154.366,23.729,0.7106,0
2026-03-04 08:45:00,8864909128,5712414157,13,up,236.398,152.331,23.64,1.3891,0
2026-03-04 08:50:00,7354901430,4910438782,45,up,196.131,130.945,19.613,4.5978,0
2026-03-04 08:55:00,9003648534,5060724792,7,up,240.097,134.953,24.01,0.7483,0
2026-03-04 09:00:00,10199432717,6925140085,28,up,271.985,184.67,27.198,2.8654,0
2026-03-04 09:05:00,7941488866,5658804333,38,up,211.773,150.901,21.177,3.8505,0
2026-03-04 09:10:00,10554542982,6015888744,33,up,281.454,160.424,28.145,3.396,0
2026-03-04 09:15:00,9923746673,4528082057,39,up,264.633,120.749,26.463,3.9218,0
2026-03-04 09:20:00,8548987512,5050973734,39,up,227.973,134.693,22.797,3.925,0
2026-03-04 09:25:00,9215779157,6439065014,107,up,245.754,171.708,24.575,10.71,0
2026-03-04 09:30:00,11173112033,6271952467,13,up,297.95,167.252,29.795,1.3613,0
2026-03-04 09:35:00,10200241290,7262430143,67,up,272.006,193.665,27.201,6.7475,0
2026-03-04 09:40:00,6569417128,6966928558,69,up,175.184,185.785,17.518,6.9194,1
2026-03-04 09:45:00,9107606268,5833888099,10,up,242.87,155.57,24.287,1.0879,0
2026-03-04 09:50:00,9461185204,6340526566,1,up,252.298,169.081,25.23,0.1596,0
2026-03-04 09:55:00,8799265997,5772045521,33,up,234.647,153.921,23.465,3.3705,0
2026-03-04 10:00:00,7007156806,7479463069,3,up,186.858,199.452,18.686,0.34,0
2026-03-04 10:05:00,11672450149,6827290581,59,up,311.265,182.061,31.127,5.9805,0
2026-03-04 10:10:00,9549740624,6122173265,33,up,254.66,163.258,25.466,3.3284,0
2026-03-04 10:15:00,9822915673,6144284245,0,up,261.944,163.848,26.194,0.0936,0
2026-03-04 10:20:00,9309853781,7040292206,40,up,248.263,187.741,24.826,4.0144,0
2026-03-04 10:25:00,5983595519,6417296049,74,up,159.563,171.128,15.956,7.4079,1
2026-03-04 10:30:00,9165834958,7122212172,34,up,244.422,189.926,24.442,3.4628,0
2026-03-04 10:35:00,7575680892,4420573493,0,up,202.018,117.882,20.202,0.0992,0
2026-03-04 10:40:00,11936722310,6332084348,62,up,318.313,168.856,31.831,6.2444,0
2026-03-04 10:45:00,7986174001,5628886897,42,up,212.965,150.104,21.296,4.2192,0
2026-03-04 10:50:00,8214037930,7264592151,15,up,219.041,193.722,21.904,1.5217,0
2026-03-04 10:55:00,8879708395,7113407054,12,up,236.792,189.691,23.679,1.275,0
2026-03-04 11:00:00,10824085190,6023641782,20,up,288.642,160.63,28.864,2.0915,0
2026-03-04 11:05:00,9391322624,7105654304,64,up,250.435,189.484,25.044,6.4581,0
2026-03-04 11:10:00,7984347229,7283842454,9,up,212.916,194.236,21.292,0.9294,0
2026-03-04 11:15:00,10786130655,6053572803,3,up,287.63,161.429,28.763,0.3406,0
2026-03-04 11:20:00,10197375705,7779792316,63,up,271.93,207.461,27.193,6.3993,0
2026-03-04 11:25:00,9980739326,5977434370,0,up,266.153,159.398,26.615,0.0853,0
2026-03-04 11:30:00,10180201021,5845544915,77,up,271.472,155.881,27.147,7.7411,0
2026-03-04 11:35:00,12068657138,6623428263,11,up,321.831,176.625,32.183,1.1677,0
2026-03-04 11:40:00,11833231756,5745270673,22,up,315.553,153.207,31.555,2.2711,0
2026-03-04 11:45:00,8602445239,6061444638,4,up,229.399,161.639,22.94,0.4541,0
2026-03-04 11:50:00,11201870616,7014792785,74,up,298.717,187.061,29.872,7.4413,0
2026-03-04 11:55:00,9806064213,6013837573,44,up,261.495,160.369,26.15,4.434,0
2026-03-04 12:00:00,9936482793,4779587189,82,up,264.973,127.456,26.497,8.253,0
2026-03-04 12:05:00,7471195314,6264469959,36,up,199.232,167.053,19.923,3.6786,0
2026-03-04 12:10:00,9183316013,5498668623,6,up,244.888,146.631,24.489,0.6534,0
2026-03-04 12:15:00,8460573460,6622995233,11,up,225.615,176.613,22.562,1.1794,0
2026-03-04 12:20:00,10306566166,6501256595,21,up,274.842,173.367,27.484,2.135,0
2026-03-04 12:25:00,10579965562,7059408250,29,up,282.132,188.251,28.213,2.9907,0
2026-03-04 12:30:00,7041202855,6653423256,83,up,187.765,177.425,18.777,8.3517,0
2026-03-04 12:35:00,9350210777,6784975884,15,up,249.339,180.933,24.934,1.5502,0
2026-03-04 12:40:00,10637094192,5518250332,38,up,283.656,147.153,28.366,3.8857,0
2026-03-04 12:45:00,9164986167,6578870277,103,up,244.4,175.437,24.44,10.3821,0
2026-03-04 12:50:00,10195196600,7417284928,5,up,271.872,197.794,27.187,0.529,0
2026-03-04 12:55:00,9770061151,5504172065,63,up,260.535,146.778,26.053,6.3541,0
2026-03-04 13:00:00,9759367760,7295811570,17,up,260.25,194.555,26.025,1.747,0
2026-03-04 13:05:00,6348839454,5604467934,79,up,169.302,149.452,16.93,7.9909,1
2026-03-04 13:10:00,8006346595,5386580703,11,up,213.503,143.642,21.35,1.112,0
2026-03-04 13:15:00,8113278584,6213264319,13,up,216.354,165.687,21.635,1.3006,0
2026-03-04 13:20:00,10173021578,6515455499,0,up,271.281,173.745,27.128,0.088,0
2026-03-04 13:25:00,9396890537,6656460089,113,up,250.584,177.506,25.058,11.3744,0
2026-03-04 13:30:00,9219173724,5307531057,53,up,245.845,141.534,24.584,5.373,0
2026-03-04 13:35:00,8898123702,6312868870,3,up,237.283,168.343,23.728,0.3156,0
2026-03-04 13:40:00,9031662548,5506400708,243,up,240.844,146.837,24.084,24.3797,0
2026-03-04 13:45:00,10552775768,4927975975,29,up,281.407,131.413,28.141,2.9726,0
2026-03-04 13:50:00,8997850407,5331309852,61,up,239.943,142.168,23.994,6.1513,0
2026-03-04 13:55:00,7866302197,5459351736,2,up,209.768,145.583,20.977,0.2208,0
2026-03-04 14:00:00,10211608247,6375548515,15,up,272.31,170.015,27.231,1.5789,0
2026-03-04 14:05:00,9144513753,6829593837,35,up,243.854,182.123,24.385,3.5443,0
2026-03-04 14:10:00,9410320348,4939291226,3,up,250.942,131.714,25.094,0.3601,0
2026-03-04 14:15:00,11183525594,6253411973,21,up,298.227,166.758,29.823,2.1478,0
2026-03-04 14:20:00,9351869372,5152777306,18,up,249.383,137.407,24.938,1.8708,0
2026-03-04 14:25:00,9700331632,6452941494,7,up,258.676,172.078,25.868,0.7789,0
2026-03-04 14:30:00,8048711072,5551633981,11,up,214.632,148.044,21.463,1.1426,0
2026-03-04 14:35:00,9127871866,5243043107,109,up,243.41,139.814,24.341,10.9275,0
2026-03-04 14:40:00,10060716800,6575758451,10,up,268.286,175.354,26.829,1.0899,0
2026-03-04 14:45:00,7625204549,5577415724,7,up,203.339,148.731,20.334,0.7682,0
2026-03-04 14:50:00,9600950729,5772505955,24,up,256.025,153.933,25.603,2.4586,0
2026-03-04 14:55:00,9488389956,4401607856,35,up,253.024,117.376,25.302,3.557,0
2026-03-04 15:00:00,9421448387,6681516980,41,up,251.239,178.174,25.124,4.1322,0
2026-03-04 15:05:00,10541803760,6591054135,44,up,281.115,175.761,28.111,4.491,0
2026-03-04 15:10:00,9751243329,6003929647,1,up,260.033,160.105,26.003,0.1201,0
2026-03-04 15:15:00,11037830885,4900141722,16,up,294.342,130.67,29.434,1.6015,0
2026-03-04 15:20:00,8257211794,6870745808,47,up,220.192,183.22,22.019,4.7585,0
2026-03-04 15:25:00,9527915138,5520290361,75,up,254.078,147.208,25.408,7.5274,0
2026-03-04 15:30:00,9470025134,5673585515,29,up,252.534,151.296,25.253,2.9498,0
2026-03-04 15:35:00,8172088694,7664671720,1,up,217.922,204.391,21.792,0.1719,0
2026-03-04 15:40:00,10450831877,5493381760,16,up,278.689,146.49,27.869,1.6168,0
2026-03-04 15:45:00,11990257469,6534391172,2,up,319.74,174.25,31.974,0.2468,0
2026-03-04 15:50:00,6549107716,6404706428,37,up,174.643,170.792,17.464,3.7233,1
2026-03-04 15:55:00,9943148724,6280923978,2,up,265.151,167.491,26.515,0.21,0
2026-03-04 16:00:00,9470083285,6203040390,6,up,252.536,165.414,25.254,0.6575,0
2026-03-04 16:05:00,8572217246,6270999764,17,up,228.592,167.227,22.859,1.7264,0
2026-03-04 16:10:00,7326644687,6195797225,19,up,195.377,165.221,19.538,1.9875,0
2026-03-04 16:15:00,8581004831,5962618781,16,up,228.827,159.003,22.883,1.6694,0
2026-03-04 16:20:00,7809046821,7088123849,19,up,208.241,189.017,20.824,1.992,0
2026-03-04 16:25:00,7904480386,5054884396,58,up,210.786,134.797,21.079,5.8437,1
2026-03-04 16:30:00,9245501594,6735449834,14,up,246.547,179.612,24.655,1.4748,0
2026-03-04 16:35:00,8985840754,6592086455,25,up,239.622,175.789,23.962,2.5393,0
2026-03-04 16:40:00,10375298052,6502847367,11,up,276.675,173.409,27.667,1.1568,0
2026-03-04 16:45:00,8113030009,6804225187,13,up,216.347,181.446,21.635,1.3964,0
2026-03-04 16:50:00,8512277957,5933328435,30,up,226.994,158.222,22.699,3.0445,0
2026-03-04 16:55:00,9451581302,4654338665,21,up,252.042,124.116,25.204,2.1578,0
2026-03-04 17:00:00,10532365115,5947949285,41,up,280.863,158.612,28.086,4.1084,0
2026-03-04 17:05:00,9939395675,5286340163,26,up,265.051,140.969,26.505,2.6311,0
2026-03-04 17:10:00,9654365785,5473061368,52,up,257.45,145.948,25.745,5.2079,0
2026-03-04 17:15:00,9462882452,5105457834,18,up,252.344,136.146,25.234,1.875,0
2026-03-04 17:20:00,9825265337,5656311701,21,up,262.007,150.835,26.201,2.1612,0
2026-03-04 17:25:00,9601859518,5570430940,35,up,256.05,148.545,25.605,3.5474,0
2026-03-04 17:30:00,8216281190,4288149722,8,up,219.101,114.351,21.91,0.8002,0
2026-03-04 17:35:00,6598787387,6504159776,50,up,175.968,173.444,17.597,5.071,1
2026-03-04 17:40:00,8167100258,7598631737,31,up,217.789,202.63,21.779,3.1373,0
2026-03-04 17:45:00,9466217860,6436490779,0,up,252.432,171.64,25.243,0.0938,0
2026-03-04 17:50:00,8834271065,5853894751,18,up,235.581,156.104,23.558,1.8382,0
2026-03-04 17:55:00,12231804325,5960582595,29,up,326.181,158.949,32.618,2.9229,0
2026-03-04 18:00:00,9330118818,5696890175,109,up,248.803,151.917,24.88,10.9526,0
2026-03-04 18:05:00,7795230487,6064829940,67,up,207.873,161.729,20.787,6.7063,0
2026-03-04 18:10:00,9224047262,5973354172,10,up,245.975,159.289,24.597,1.0545,0
2026-03-04 18:15:00,9959278588,5394445130,22,up,265.581,143.852,26.558,2.2646,0
2026-03-04 18:20:00,11257534439,7211679640,1,up,300.201,192.311,30.02,0.1858,0
2026-03-04 18:25:00,8711866050,4929248950,8,up,232.316,131.447,23.232,0.8814,0
2026-03-04 18:30:00,7594768529,6517198711,47,up,202.527,173.792,20.253,4.7712,0
2026-03-04 18:35:00,10293941637,5927137708,4,up,274.505,158.057,27.451,0.4211,0
2026-03-04 18:40:00,7821826455,7368598906,9,up,208.582,196.496,20.858,0.9536,0
2026-03-04 18:45:00,8884325128,6245422511,92,up,236.915,166.545,23.692,9.2261,0
2026-03-04 18:50:00,9085176953,5740868013,55,up,242.271,153.09,24.227,5.5566,0
2026-03-04 18:55:00,9296662365,5821650817,48,up,247.911,155.244,24.791,4.8719,0
2026-03-04 19:00:00,10150310014,6028732820,63,up,270.675,160.766,27.067,6.3975,0
2026-03-04 19:05:00,8605911432,5177190699,44,up,229.491,138.058,22.949,4.4311,0
2026-03-04 19:10:00,9067054591,5447853941,4,up,241.788,145.276,24.179,0.4112,0
2026-03-04 19:15:00,9358945852,4714840342,23,up,249.572,125.729,24.957,2.3259,0
2026-03-04 19:20:00,9543297702,5335456633,18,up,254.488,142.279,25.449,1.8798,0
2026-03-04 19:25:00,9485055571,6067612666,11,up,252.935,161.803,25.293,1.1927,0
2026-03-04 19:30:00,9865506497,6216126035,57,up,263.08,165.763,26.308,5.7472,0
2026-03-04 19:35:00,10324319448,4574882619,19,up,275.315,121.997,27.532,1.9964,0
2026-03-04 19:40:00,9816713380,5901207573,1,up,261.779,157.366,26.178,0.199,0
2026-03-04 19:45:00,9885283713,6405655164,10,up,263.608,170.817,26.361,1.0289,0
2026-03-04 19:50:00,7594998937,5882703220,8,up,202.533,156.872,20.253,0.8306,0
2026-03-04 19:55:00,9431506161,5543672175,69,up,251.507,147.831,25.151,6.9908,0
2026-03-04 20:00:00,9914445991,5703243975,33,up,264.385,152.087,26.439,3.3361,0
2026-03-04 20:05:00,10195058843,5610650384,26,up,271.868,149.617,27.187,2.6299,0
2026-03-04 20:10:00,8596105378,5541553997,22,up,229.229,147.775,22.923,2.2609,0
2026-03-04 20:15:00,8633580815,6125152938,33,up,230.229,163.337,23.023,3.3605,0
2026-03-04 20:20:00,8729136740,7661535523,44,up,232.777,204.308,23.278,4.4992,0
2026-03-04 20:25:00,9978465637,5464536059,25,up,266.092,145.721,26.609,2.5866,0
2026-03-04 20:30:00,10538116186,5770937304,89,up,281.016,153.892,28.102,8.9128,0
2026-03-04 20:35:00,8916607379,5962777483,120,up,237.776,159.007,23.778,12.0482,0
2026-03-04 20:40:00,10396457602,5505104807,171,up,277.239,146.803,27.724,17.1816,0
2026-03-04 20:45:00,9513914785,6790729778,35,up,253.704,181.086,25.37,3.5418,0
2026-03-04 20:50:00,9235178500,4292962531,86,up,246.271,114.479,24.627,8.6317,0
2026-03-04 20:55:00,9137192741,5617637397,16,up,243.658,149.804,24.366,1.6586,0
2026-03-04 21:00:00,10214937785,6589185890,62,up,272.398,175.712,27.24,6.2823,0
2026-03-04 21:05:00,6818892530,5788252097,72,up,181.837,154.353,18.184,7.226,1
2026-03-04 21:10:00,11935303606,5408995949,75,up,318.275,144.24,31.827,7.5036,0
2026-03-04 21:15:00,8416247276,6317344863,56,up,224.433,168.463,22.443,5.6862,0
2026-03-04 21:20:00,9957864414,6652567129,16,up,265.543,177.402,26.554,1.67,0
2026-03-04 21:25:00,6145754204,6151657520,63,up,163.887,164.044,16.389,6.3207,1
2026-03-04 21:30:00,8397052139,5423121340,13,up,223.921,144.617,22.392,1.3005,0
2026-03-04 21:35:00,9362774470,6328466389,46,up,249.674,168.759,24.967,4.6655,0
2026-03-04 21:40:00,9529521539,5710524503,8,up,254.121,152.281,25.412,0.8484,0
2026-03-04 21:45:00,12657945249,6536534554,20,up,337.545,174.308,33.755,2.0819,0
2026-03-04 21:50:00,9167835957,7067946397,26,up,244.476,188.479,24.448,2.6666,0
2026-03-04 21:55:00,8103548929,4123984735,29,up,216.095,109.973,21.609,2.9631,0
2026-03-04 22:00:00,9682137057,6079968580,87,up,258.19,162.132,25.819,8.7827,0
2026-03-04 22:05:00,7041029957,4750271565,34,up,187.761,126.674,18.776,3.4663,0
2026-03-04 22:10:00,9271548619,7758087781,49,up,247.241,206.882,24.724,4.9382,0
2026-03-04 22:15:00,9393028442,5662950335,27,up,250.481,151.012,25.048,2.7903,0
2026-03-04 22:20:00,10268925430,6537388734,57,up,273.838,174.33,27.384,5.7384,0
2026-03-04 22:25:00,10470325030,5974571861,9,up,279.209,159.322,27.921,0.9794,0
2026-03-04 22:30:00,8808484178,5421779101,7,up,234.893,144.581,23.489,0.7538,0
2026-03-04 22:35:00,9205559233,5336121806,83,up,245.482,142.297,24.548,8.3457,0
2026-03-04 22:40:00,8513114065,7141689004,37,up,227.016,190.445,22.702,3.7839,0
2026-03-04 22:45:00,8105929625,6688275403,35,up,216.158,178.354,21.616,3.5625,0
2026-03-04 22:50:00,9723631626,7399380542,20,up,259.297,197.317,25.93,2.0153,0
2026-03-04 22:55:00,7942216257,6039926401,15,up,211.792,161.065,21.179,1.5127,0
2026-03-04 23:00:00,8908544736,6207302127,25,up,237.561,165.528,23.756,2.596,0
2026-03-04 23:05:00,8255429295,5807622072,4,up,220.145,154.87,22.014,0.4111,0
2026-03-04 23:10:00,9993393584,5793300813,19,up,266.49,154.488,26.649,1.9406,0
2026-03-04 23:15:00,11401608861,5249841408,19,up,304.043,139.996,30.404,1.9445,0
2026-03-04 23:20:00,7910713519,6060487337,24,up,210.952,161.613,21.095,2.4733,0
2026-03-04 23:25:00,7290354206,5431742451,32,up,194.409,144.846,19.441,3.2224,0
2026-03-04 23:30:00,9234502253,6318174423,100,up,246.253,168.485,24.625,10.0928,0
2026-03-04 23:35:00,9392660020,6122407357,33,up,250.471,163.264,25.047,3.3793,0
2026-03-04 23:40:00,9620991720,6207131071,68,up,256.56,165.523,25.656,6.8858,0
2026-03-04 23:45:00,8872889420,7206093556,26,up,236.61,192.162,23.661,2.6004,0
2026-03-04 23:50:00,9149280788,5972843076,31,up,243.981,159.276,24.398,3.1551,0
2026-03-04 23:55:00,9788449211,6544843442,2,up,261.025,174.529,26.103,0.2317,0
2026-03-05 00:00:00,10545484754,7477086814,4,up,281.213,199.389,28.121,0.4577,0
2026-03-05 00:05:00,7175570133,6940764289,27,up,191.349,185.087,19.135,2.7735,0
2026-03-05 00:10:00,8959943131,6830282182,16,up,238.932,182.141,23.893,1.6119,0
2026-03-05 00:15:00,9615534893,5779184484,51,up,256.414,154.112,25.641,5.1312,0
2026-03-05 00:20:00,8342276882,6165343000,25,up,222.461,164.409,22.246,2.5071,0
2026-03-05 00:25:00,11322565835,5050841069,68,up,301.935,134.689,30.194,6.8465,0
2026-03-05 00:30:00,8660163884,6359218368,114,up,230.938,169.579,23.094,11.4799,0
2026-03-05 00:35:00,6529982008,6197611327,52,up,174.133,165.27,17.413,5.2431,1
2026-03-05 00:40:00,10000524858,6016837290,16,up,266.681,160.449,26.668,1.6072,0
2026-03-05 00:45:00,6096863228,6739580247,75,up,162.583,179.722,16.258,7.5129,1
2026-03-05 00:50:00,7297605321,5130402127,11,up,194.603,136.811,19.46,1.1666,0
2026-03-05 00:55:00,8892763657,7177101252,9,up,237.14,191.389,23.714,0.9941,0
2026-03-05 01:00:00,10533120625,6649270575,53,up,280.883,177.314,28.088,5.3779,0
2026-03-05 01:05:00,8995992982,5949143534,125,up,239.893,158.644,23.989,12.5796,0
2026-03-05 01:10:00,8422761410,5892914696,47,up,224.607,157.144,22.461,4.7563,0
2026-03-05 01:15:00,10416381235,6346040074,23,up,277.77,169.228,27.777,2.3733,0
2026-03-05 01:20:00,9002878241,7095012887,18,up,240.077,189.2,24.008,1.8698,0
2026-03-05 01:25:00,8801069084,6073157557,24,up,234.695,161.951,23.47,2.4824,0
2026-03-05 01:30:00,9543138100,6103702249,19,up,254.484,162.765,25.448,1.9887,0
2026-03-05 01:35:00,10242093985,6013045303,22,up,273.123,160.348,27.312,2.2366,0
2026-03-05 01:40:00,8438099406,7283057361,78,up,225.016,194.215,22.502,7.859,1
2026-03-05 01:45:00,10305640621,5734404165,74,up,274.817,152.917,27.482,7.4903,0
2026-03-05 01:50:00,10679819962,5978754528,44,up,284.795,159.433,28.48,4.4947,0
2026-03-05 01:55:00,8805788026,7053673671,36,up,234.821,188.098,23.482,3.656,0
2026-03-05 02:00:00,8220898380,6105847800,95,up,219.224,162.823,21.922,9.5815,0
2026-03-05 02:05:00,9445122768,6818682379,10,up,251.87,181.832,25.187,1.0708,0
2026-03-05 02:10:00,9495566154,5343878359,2,up,253.215,142.503,25.322,0.2709,0
2026-03-05 02:15:00,8161673165,5852189384,55,up,217.645,156.058,21.764,5.5984,0
2026-03-05 02:20:00,9177793653,7068792507,206,up,244.741,188.501,24.474,20.6349,0
2026-03-05 02:25:00,6876962611,5513035404,38,up,183.386,147.014,18.339,3.8293,1
2026-03-05 02:30:00,9780442569,5891064691,1,up,260.812,157.095,26.081,0.194,0
2026-03-05 02:35:00,9942323835,6184813366,48,up,265.129,164.928,26.513,4.852,0
2026-03-05 02:40:00,9702335321,5287808747,2,up,258.729,141.008,25.873,0.2452,0
2026-03-05 02:45:00,8804615258,5702056714,24,up,234.79,152.055,23.479,2.485,0
2026-03-05 02:50:00,8796861795,6081098410,10,up,234.583,162.163,23.458,1.0403,0
2026-03-05 02:55:00,8026179677,6033610848,78,up,214.031,160.896,21.403,7.8893,0
2026-03-05 03:00:00,11382871919,6921853455,19,up,303.543,184.583,30.354,1.9208,0
2026-03-05 03:05:00,9390131660,7109849180,73,up,250.404,189.596,25.04,7.3195,0
2026-03-05 03:10:00,9122040312,5383618892,11,up,243.254,143.563,24.325,1.1372,0
2026-03-05 03:15:00,8330108908,6080113333,15,up,222.136,162.136,22.214,1.5679,0
2026-03-05 03:20:00,12677615140,6485458782,94,up,338.07,172.946,33.807,9.4071,0
2026-03-05 03:25:00,8167505963,7091770175,7,up,217.8,189.114,21.78,0.7193,0
2026-03-05 03:30:00,8892546083,6517313014,27,up,237.135,173.795,23.713,2.7646,0
2026-03-05 03:35:00,9842816440,6209457649,15,up,262.475,165.586,26.248,1.5739,0
2026-03-05 03:40:00,10050239586,6479910623,47,up,268.006,172.798,26.801,4.7615,0
2026-03-05 03:45:00,10452673562,6485113560,4,up,278.738,172.936,27.874,0.4431,0
2026-03-05 03:50:00,11408559571,5332045709,18,up,304.228,142.188,30.423,1.8395,0
2026-03-05 03:55:00,9944427362,6138815130,38,up,265.185,163.702,26.518,3.8413,0
2026-03-05 04:00:00,8186965350,7050595915,16,up,218.319,188.016,21.832,1.6723,0
2026-03-05 04:05:00,9085936734,5850703126,1,up,242.292,156.019,24.229,0.193,0
2026-03-05 04:10:00,9721311419,6093201582,39,up,259.235,162.485,25.923,3.9077,0
2026-03-05 04:15:00,11701754296,5825388156,22,up,312.047,155.344,31.205,2.2386,0
2026-03-05 04:20:00,7802468836,4334021163,0,up,208.066,115.574,20.807,0.0364,0
2026-03-05 04:25:00,10727898568,6014824927,30,up,286.077,160.395,28.608,3.035,0
2026-03-05 04:30:00,9577403665,6217290190,80,up,255.397,165.794,25.54,8.0776,0
2026-03-05 04:35:00,10317559352,5631004758,3,up,275.135,150.16,27.513,0.3766,0
2026-03-05 04:40:00,9260255943,5168661396,28,up,246.94,137.831,24.694,2.8584,0
2026-03-05 04:45:00,8427263291,5365963348,41,up,224.727,143.092,22.473,4.1741,0
2026-03-05 04:50:00,10219731876,6550215083,2,up,272.526,174.672,27.253,0.2349,0
2026-03-05 04:55:00,10111234905,7420217836,0,up,269.633,197.872,26.963,0.0732,0
2026-03-05 05:00:00,10468564086,6995352005,19,up,279.162,186.543,27.916,1.9968,0
2026-03-05 05:05:00,9360032285,5032070876,50,up,249.601,134.189,24.96,5.0122,0
2026-03-05 05:10:00,8700200223,6615331663,5,up,232.005,176.409,23.201,0.5607,0
2026-03-05 05:15:00,7621364630,5522523089,57,up,203.236,147.267,20.324,5.7977,0
2026-03-05 05:20:00,10296794926,5580767714,34,up,274.581,148.82,27.458,3.4201,0
2026-03-05 05:25:00,9851875667,5667377569,12,up,262.717,151.13,26.272,1.2919,0
2026-03-05 05:30:00,8288494538,6508368203,23,up,221.027,173.556,22.103,2.321,0
2026-03-05 05:35:00,6138373232,6690662431,53,up,163.69,178.418,16.369,5.3924,1
2026-03-05 05:40:00,8849896336,5929417628,7,up,235.997,158.118,23.6,0.7805,0
2026-03-05 05:45:00,5394649759,5941629066,64,up,143.857,158.443,14.386,6.466,1
2026-03-05 05:50:00,8455107303,6334269895,31,up,225.47,168.914,22.547,3.1343,0
2026-03-05 05:55:00,8099440848,6408956068,4,up,215.985,170.905,21.599,0.4753,0
2026-03-05 06:00:00,8910961111,6846882508,1,up,237.626,182.584,23.763,0.1424,0
2026-03-05 06:05:00,8543965314,5075252177,0,up,227.839,135.34,22.784,0.0434,0
2026-03-05 06:10:00,7544619464,6014419684,12,up,201.19,160.385,20.119,1.2563,0
2026-03-05 06:15:00,11650414009,5231022449,2,up,310.678,139.494,31.068,0.2458,0
2026-03-05 06:20:00,10784108322,5963321559,52,up,287.576,159.022,28.758,5.2111,0
2026-03-05 06:25:00,8498603150,5837153792,189,up,226.629,155.657,22.663,18.9496,0
2026-03-05 06:30:00,9681474071,5966340393,2,up,258.173,159.102,25.817,0.2024,0
2026-03-05 06:35:00,9844648226,5424185120,18,up,262.524,144.645,26.252,1.8141,0
2026-03-05 06:40:00,10714971586,4929151348,0,up,285.733,131.444,28.573,0.0834,0
2026-03-05 06:45:00,8454069345,4492004980,4,up,225.442,119.787,22.544,0.4604,0
2026-03-05 06:50:00,10603620131,5905550288,12,up,282.763,157.481,28.276,1.2479,0
2026-03-05 06:55:00,8758606532,5689679203,16,up,233.563,151.725,23.356,1.6012,0
2026-03-05 07:00:00,7872154795,5513324881,89,up,209.924,147.022,20.992,8.9914,0
2026-03-05 07:05:00,10189653629,6952234893,16,up,271.724,185.393,27.172,1.6125,0
2026-03-05 07:10:00,10827103227,5381204505,21,up,288.723,143.499,28.872,2.1943,0
2026-03-05 07:15:00,12286397595,7020120539,9,up,327.637,187.203,32.764,0.9018,0
2026-03-05 07:20:00,8025309076,7169167495,0,up,214.008,191.178,21.401,0.0004,0
2026-03-05 07:25:00,10161284645,4595351663,73,up,270.968,122.543,27.097,7.347,0
2026-03-05 07:30:00,8913973600,6066514650,2,up,237.706,161.774,23.771,0.2728,0
2026-03-05 07:35:00,10256278549,5712218526,106,up,273.501,152.326,27.35,10.6598,0
2026-03-05 07:40:00,7720699254,3903501159,4,up,205.885,104.093,20.589,0.4487,0
2026-03-05 07:45:00,5568068801,4959858297,53,up,148.482,132.263,14.848,5.3831,1
2026-03-05 07:50:00,8502140823,6557953997,237,up,226.724,174.879,22.672,23.7964,0
2026-03-05 07:55:00,9463834551,7453823461,4,up,252.369,198.769,25.237,0.4769,0
2026-03-05 08:00:00,8653783575,6649928262,17,up,230.768,177.331,23.077,1.765,0
2026-03-05 08:05:00,10116436136,6233015380,48,up,269.772,166.214,26.977,4.8514,0
2026-03-05 08:10:00,10530256445,5984640685,1,up,280.807,159.59,28.081,0.1047,0
2026-03-05 08:15:00,10049524733,7211517298,37,up,267.987,192.307,26.799,3.7455,0
2026-03-05 08:20:00,11196136094,7546732225,2,up,298.564,201.246,29.856,0.2681,0
2026-03-05 08:25:00,9842804958,5577473270,8,up,262.475,148.733,26.247,0.8636,0
2026-03-05 08:30:00,8005991200,4560009676,5,up,213.493,121.6,21.349,0.5582,0
2026-03-05 08:35:00,10908798577,4489305026,76,up,290.901,119.715,29.09,7.6121,0
2026-03-05 08:40:00,8694199234,6951754314,6,up,231.845,185.38,23.185,0.6368,0
2026-03-05 08:45:00,10399220812,5966117850,1,up,277.313,159.096,27.731,0.1321,0
2026-03-05 08:50:00,7801815695,6131934175,36,up,208.048,163.518,20.805,3.6979,1
2026-03-05 08:55:00,9888774012,4710731285,13,up,263.701,125.62,26.37,1.3598,0
2026-03-05 09:00:00,7691821335,5457703982,16,up,205.115,145.539,20.512,1.6652,0
2026-03-05 09:05:00,8342011312,5787253813,4,up,222.454,154.327,22.245,0.4057,0
2026-03-05 09:10:00,10863087525,6149643636,44,up,289.682,163.99,28.968,4.4136,0
2026-03-05 09:15:00,9184736978,5713013731,29,up,244.926,152.347,24.493,2.9446,0
2026-03-05 09:20:00,9464520226,5253125137,14,up,252.387,140.083,25.239,1.4493,0
2026-03-05 09:25:00,10228677468,5435111765,6,up,272.765,144.936,27.276,0.6023,0
2026-03-05 09:30:00,10158363219,6869992765,28,up,270.89,183.2,27.089,2.8802,0
2026-03-05 09:35:00,9688649788,6176244926,48,up,258.364,164.7,25.836,4.8249,0
2026-03-05 09:40:00,9140248082,6440752901,11,up,243.74,171.753,24.374,1.1985,0
2026-03-05 09:45:00,9023247998,5352810856,0,up,240.62,142.742,24.062,0.0838,0
2026-03-05 09:50:00,10340136178,3873247090,7,up,275.737,103.287,27.574,0.772,0
2026-03-05 09:55:00,9997765722,5623364899,36,up,266.607,149.956,26.661,3.6703,0
2026-03-05 10:00:00,9085537499,5376069200,144,up,242.281,143.362,24.228,14.4597,0
2026-03-05 10:05:00,10592376352,6251288833,0,up,282.463,166.701,28.246,0.0431,0
2026-03-05 10:10:00,9229836620,8365721073,11,up,246.129,223.086,24.613,1.1696,0
2026-03-05 10:15:00,8416880053,6500519532,2,up,224.45,173.347,22.445,0.2049,0
2026-03-05 10:20:00,8521157963,7969891314,12,up,227.231,212.53,22.723,1.217,0
2026-03-05 10:25:00,8273916559,6409514180,16,up,220.638,170.92,22.064,1.6663,0
2026-03-05 10:30:00,9068538731,5546481908,81,up,241.828,147.906,24.183,8.117,0
2026-03-05 10:35:00,10762939813,6250499576,2,up,287.012,166.68,28.701,0.2688,0
2026-03-05 10:40:00,8469267921,7282059791,48,up,225.847,194.188,22.585,4.8038,0
2026-03-05 10:45:00,9587035231,7317285069,16,up,255.654,195.128,25.565,1.6109,0
2026-03-05 10:50:00,8636224486,5585757095,53,up,230.299,148.954,23.03,5.3357,0
2026-03-05 10:55:00,9082152328,6182292260,23,up,242.191,164.861,24.219,2.305,0
2026-03-05 11:00:00,7676203636,4970927846,1,up,204.699,132.558,20.47,0.1282,0
2026-03-05 11:05:00,9126894492,6593761409,93,up,243.384,175.834,24.338,9.3523,0
2026-03-05 11:10:00,9157081447,7118415383,2,up,244.189,189.824,24.419,0.2763,0
2026-03-05 11:15:00,6987976755,6028655606,71,up,186.346,160.764,18.635,7.1422,1
2026-03-05 11:20:00,9626191027,5519483480,67,up,256.698,147.186,25.67,6.7232,0
2026-03-05 11:25:00,8026808859,6259294284,2,up,214.048,166.915,21.405,0.266,0
2026-03-05 11:30:00,10594723024,6300570502,25,up,282.526,168.015,28.253,2.583,0
2026-03-05 11:35:00,9611590920,6058423558,55,up,256.309,161.558,25.631,5.5645,0
2026-03-05 11:40:00,9598192706,6128674889,137,up,255.952,163.431,25.595,13.7349,0
2026-03-05 11:45:00,9364669852,5874853307,41,up,249.725,156.663,24.972,4.1233,0
2026-03-05 11:50:00,8792522871,6717087548,10,up,234.467,179.122,23.447,1.0438,0
2026-03-05 11:55:00,6734019342,6530083760,67,up,179.574,174.136,17.957,6.7277,1
2026-03-05 12:00:00,9910036990,5292165734,39,up,264.268,141.124,26.427,3.9148,0
2026-03-05 12:05:00,7409742347,5272374765,38,up,197.593,140.597,19.759,3.8524,0
2026-03-05 12:10:00,8768894057,5816850419,61,up,233.837,155.116,23.384,6.163,0
2026-03-05 12:15:00,9088184658,6530522729,2,up,242.352,174.147,24.235,0.2926,0
2026-03-05 12:20:00,9663191931,6106601338,3,up,257.685,162.843,25.769,0.3672,0
2026-03-05 12:25:00,10717474881,5536931704,32,up,285.799,147.652,28.58,3.2748,0
2026-03-05 12:30:00,8506791583,6188293389,98,up,226.848,165.021,22.685,9.8449,0
2026-03-05 12:35:00,6170355045,5761816425,58,up,164.543,153.648,16.454,5.8005,1
2026-03-05 12:40:00,8798399125,6633950251,103,up,234.624,176.905,23.462,10.3457,0
2026-03-05 12:45:00,8473281461,6239802073,89,up,225.954,166.395,22.595,8.9024,0
2026-03-05 12:50:00,8984415192,5772999705,74,up,239.584,153.947,23.958,7.4628,0
2026-03-05 12:55:00,10242152497,6166693515,77,up,273.124,164.445,27.312,7.7001,0
2026-03-05 13:00:00,5732604547,6946834602,43,up,152.869,185.249,15.287,4.3386,1
2026-03-05 13:05:00,9856291194,5589866344,54,up,262.834,149.063,26.283,5.4854,0
2026-03-05 13:10:00,7460359991,6289913026,37,up,198.943,167.731,19.894,3.7996,0
2026-03-05 13:15:00,8743494754,5949268554,0,up,233.16,158.647,23.316,0.0791,0
2026-03-05 13:20:00,9004324537,6307428252,4,up,240.115,168.198,24.012,0.4539,0
2026-03-05 13:25:00,11259217132,5528713242,4,up,300.246,147.432,30.025,0.4612,0
2026-03-05 13:30:00,9065847407,6079441511,0,up,241.756,162.118,24.176,0.0762,0
2026-03-05 13:35:00,6898601092,6797632763,3,up,183.963,181.27,18.396,0.3971,0
2026-03-05 13:40:00,7126249979,5325354973,80,up,190.033,142.009,19.003,8.0722,0
2026-03-05 13:45:00,9413283284,5042828325,34,up,251.021,134.475,25.102,3.4882,0
2026-03-05 13:50:00,10065492212,5070151993,11,up,268.413,135.204,26.841,1.197,0
2026-03-05 13:55:00,9797387839,5157122978,50,up,261.264,137.523,26.126,5.0457,0
2026-03-05 14:00:00,9563516369,6428632767,21,up,255.027,171.43,25.503,2.1445,0
2026-03-05 14:05:00,10682542047,4987781026,4,up,284.868,133.007,28.487,0.4906,0
2026-03-05 14:10:00,6137571913,5785515351,41,up,163.669,154.28,16.367,4.1783,1
2026-03-05 14:15:00,10381774375,6445168298,13,up,276.847,171.871,27.685,1.3232,0
2026-03-05 14:20:00,7538983254,6299994523,38,up,201.04,168.0,20.104,3.8406,0
2026-03-05 14:25:00,8356933687,5722397534,10,up,222.852,152.597,22.285,1.0986,0
2026-03-05 14:30:00,7342078430,6137465086,22,up,195.789,163.666,19.579,2.2185,0
2026-03-05 14:35:00,9065799036,6077144637,54,up,241.755,162.057,24.175,5.4214,0
2026-03-05 14:40:00,9322956130,5838546512,5,up,248.612,155.695,24.861,0.5457,0
2026-03-05 14:45:00,9503364178,5848199002,121,up,253.423,155.952,25.342,12.1064,0
2026-03-05 14:50:00,9444618771,7609507753,2,up,251.857,202.92,25.186,0.233,0
2026-03-05 14:55:00,8331502502,6582703850,24,up,222.173,175.539,22.217,2.4435,0
2026-03-05 15:00:00,9160979050,7786068660,79,up,244.293,207.628,24.429,7.9272,0
2026-03-05 15:05:00,7690372497,5642186544,93,up,205.077,150.458,20.508,9.322,0
2026-03-05 15:10:00,10908632597,5938824050,8,up,290.897,158.369,29.09,0.8451,0
2026-03-05 15:15:00,9033420667,5040869449,4,up,240.891,134.423,24.089,0.4975,0
2026-03-05 15:20:00,8825003116,5417111902,41,up,235.333,144.456,23.533,4.1242,0
2026-03-05 15:25:00,11162557869,7369377467,1,up,297.668,196.517,29.767,0.1372,0
2026-03-05 15:30:00,7977472649,5624135311,21,up,212.733,149.977,21.273,2.125,0
2026-03-05 15:35:00,8108714496,7381882536,50,up,216.232,196.85,21.623,5.0924,0
2026-03-05 15:40:00,8141752134,5104779172,26,up,217.113,136.127,21.711,2.629,0
2026-03-05 15:45:00,9298644695,5241502295,6,up,247.964,139.773,24.796,0.6665,0
2026-03-05 15:50:00,9860585583,5754313520,21,up,262.949,153.448,26.295,2.1362,0
2026-03-05 15:55:00,10207134901,5954100056,81,up,272.19,158.776,27.219,8.1337,0
2026-03-05 16:00:00,12268494732,6664622850,30,up,327.16,177.723,32.716,3.0729,0
2026-03-05 16:05:00,6844388489,6324554700,40,up,182.517,168.655,18.252,4.0906,0
2026-03-05 16:10:00,10059827537,5700253014,13,up,268.262,152.007,26.826,1.3116,0
2026-03-05 16:15:00,6123759674,5904012619,44,up,163.3,157.44,16.33,4.4198,1
2026-03-05 16:20:00,8715282957,5770274697,9,up,232.408,153.874,23.241,0.9447,0
2026-03-05 16:25:00,8677756355,5341449310,24,up,231.407,142.439,23.141,2.4378,0
2026-03-05 16:30:00,8352634120,5360666685,10,up,222.737,142.951,22.274,1.0522,0
2026-03-05 16:35:00,11270090438,6740076401,24,up,300.536,179.735,30.054,2.4986,0
2026-03-05 16:40:00,10322584492,4683721251,39,up,275.269,124.899,27.527,3.9369,0
2026-03-05 16:45:00,9401095475,7164498262,42,up,250.696,191.053,25.07,4.2424,0
2026-03-05 16:50:00,10894892721,5753044157,5,up,290.53,153.415,29.053,0.5758,0
2026-03-05 16:55:00,7673404914,5443793803,44,up,204.624,145.168,20.462,4.4417,0
2026-03-05 17:00:00,7877956727,6532626689,35,up,210.079,174.203,21.008,3.5739,0
2026-03-05 17:05:00,6924786301,7069355940,0,up,184.661,188.516,18.466,0.0386,0
2026-03-05 17:10:00,8588158642,6804695357,1,up,229.018,181.459,22.902,0.1942,0
2026-03-05 17:15:00,9556910842,6361333475,33,up,254.851,169.636,25.485,3.3253,0
2026-03-05 17:20:00,9490715900,6782541712,15,up,253.086,180.868,25.309,1.5489,0
2026-03-05 17:25:00,9543009649,4764121744,5,up,254.48,127.043,25.448,0.5054,0
2026-03-05 17:30:00,7787561065,5624282010,1,up,207.668,149.981,20.767,0.1453,0
2026-03-05 17:35:00,10278549085,5343957556,5,up,274.095,142.506,27.409,0.5556,0
2026-03-05 17:40:00,9644580958,6881739886,101,up,257.189,183.513,25.719,10.1075,0
2026-03-05 17:45:00,10199686066,5723895826,41,up,271.992,152.637,27.199,4.1611,0
2026-03-05 17:50:00,7245642550,6608692720,24,up,193.217,176.232,19.322,2.4005,0
2026-03-05 17:55:00,9725427216,6385816998,90,up,259.345,170.288,25.934,9.0861,0
2026-03-05 18:00:00,8038764105,5379139005,30,up,214.367,143.444,21.437,3.0888,0
2026-03-05 18:05:00,8928011340,5577390088,41,up,238.08,148.73,23.808,4.1387,0
2026-03-05 18:10:00,9976160510,6931548737,10,up,266.031,184.841,26.603,1.063,0
2026-03-05 18:15:00,9477480307,5441652492,28,up,252.733,145.111,25.273,2.8452,0
2026-03-05 18:20:00,8417017522,6089904679,4,up,224.454,162.397,22.445,0.4956,0
2026-03-05 18:25:00,9382057300,5436570273,16,up,250.188,144.975,25.019,1.6586,0
2026-03-05 18:30:00,7652022770,5773954425,1,up,204.054,153.972,20.405,0.1082,0
2026-03-05 18:35:00,10669050820,5966763400,7,up,284.508,159.114,28.451,0.7813,0
2026-03-05 18:40:00,9144055478,5436336112,2,up,243.841,144.969,24.384,0.249,0
2026-03-05 18:45:00,10633368687,5308478193,15,up,283.556,141.559,28.356,1.5701,0
2026-03-05 18:50:00,8782651852,6206116802,59,up,234.204,165.496,23.42,5.9255,0
2026-03-05 18:55:00,8785977013,5391789065,15,up,234.293,143.781,23.429,1.5191,0
2026-03-05 19:00:00,8515289865,5416326559,57,up,227.074,144.435,22.707,5.7013,0
2026-03-05 19:05:00,10360695673,5323881736,34,up,276.285,141.97,27.629,3.4194,0
2026-03-05 19:10:00,8576889948,5943906206,22,up,228.717,158.504,22.872,2.2796,0
2026-03-05 19:15:00,10100169861,6679465176,8,up,269.338,178.119,26.934,0.8651,0
2026-03-05 19:20:00,8944741052,7084700618,81,up,238.526,188.925,23.853,8.1698,0
2026-03-05 19:25:00,7152041287,5477338978,1,up,190.721,146.062,19.072,0.1783,0
2026-03-05 19:30:00,8733396673,7548223771,37,up,232.891,201.286,23.289,3.7366,0
2026-03-05 19:35:00,8048503258,5276612500,31,up,214.627,140.71,21.463,3.1067,0
2026-03-05 19:40:00,9413140564,6780154936,18,up,251.017,180.804,25.102,1.8614,0
2026-03-05 19:45:00,8035791297,5480378553,8,up,214.288,146.143,21.429,0.8795,0
2026-03-05 19:50:00,10416721988,5372935245,18,up,277.779,143.278,27.778,1.8027,0
2026-03-05 19:55:00,9272539657,5463775567,65,up,247.268,145.701,24.727,6.5977,0
2026-03-05 20:00:00,9175204505,5962237656,58,up,244.672,158.993,24.467,5.8002,0
2026-03-05 20:05:00,10112878655,6417579963,90,up,269.677,171.135,26.968,9.0774,0
2026-03-05 20:10:00,10459395300,6482304987,11,up,278.917,172.861,27.892,1.1772,0
2026-03-05 20:15:00,9352388904,5320330788,15,up,249.397,141.875,24.94,1.5666,0
2026-03-05 20:20:00,5955179764,5287445312,54,up,158.805,140.999,15.88,5.4056,1
2026-03-05 20:25:00,7379284181,5340020140,91,up,196.781,142.401,19.678,9.1642,0
2026-03-05 20:30:00,8603194023,5919824830,12,up,229.419,157.862,22.942,1.2786,0
2026-03-05 20:35:00,8680636222,5848687964,16,up,231.484,155.965,23.148,1.6569,0
2026-03-05 20:40:00,9495439634,5315873667,76,up,253.212,141.757,25.321,7.6283,0
2026-03-05 20:45:00,8986709758,6194114659,23,up,239.646,165.176,23.965,2.393,0
2026-03-05 20:50:00,10148924593,7629049542,26,up,270.638,203.441,27.064,2.6724,0
2026-03-05 20:55:00,8685393819,5636604867,6,up,231.611,150.309,23.161,0.6204,0
2026-03-05 21:00:00,9310828687,5687871488,22,up,248.289,151.677,24.829,2.2095,0
2026-03-05 21:05:00,10706985873,6402956330,80,up,285.52,170.746,28.552,8.0115,0
2026-03-05 21:10:00,9759553365,5597652269,26,up,260.255,149.271,26.025,2.6178,0
2026-03-05 21:15:00,6515220435,6481654426,58,up,173.739,172.844,17.374,5.8029,1
2026-03-05 21:20:00,8697812502,5482649251,1,up,231.942,146.204,23.194,0.1014,0
2026-03-05 21:25:00,8662614678,7319126117,13,up,231.003,195.177,23.1,1.3118,0
2026-03-05 21:30:00,8418060090,6248237980,27,up,224.482,166.62,22.448,2.72,0
2026-03-05 21:35:00,8766367275,5553583476,1,up,233.77,148.096,23.377,0.1394,0
2026-03-05 21:40:00,10225124068,5576141976,30,up,272.67,148.697,27.267,3.0114,0
2026-03-05 21:45:00,9125375694,5630064178,23,up,243.343,150.135,24.334,2.3715,0
2026-03-05 21:50:00,7856505296,6988379759,48,up,209.507,186.357,20.951,4.8956,0
2026-03-05 21:55:00,11364190454,5086499274,0,up,303.045,135.64,30.305,0.0938,0
2026-03-05 22:00:00,9734960840,5519081997,48,up,259.599,147.176,25.96,4.8576,0
2026-03-05 22:05:00,7792188674,5595604399,23,up,207.792,149.216,20.779,2.3546,0
2026-03-05 22:10:00,8877919956,5988704663,14,up,236.745,159.699,23.674,1.4812,0
2026-03-05 22:15:00,9499747180,5804801021,107,up,253.327,154.795,25.333,10.7629,0
2026-03-05 22:20:00,11292666104,4926315961,5,up,301.138,131.368,30.114,0.5584,0
2026-03-05 22:25:00,5689861439,5712127667,74,up,151.73,152.323,15.173,7.4751,1
2026-03-05 22:30:00,10473045809,5928323508,12,up,279.281,158.089,27.928,1.2387,0
2026-03-05 22:35:00,10949422230,5547769558,23,up,291.985,147.941,29.198,2.399,0
2026-03-05 22:40:00,8667763906,6494478352,25,up,231.14,173.186,23.114,2.5714,0
2026-03-05 22:45:00,9062797178,6661974068,2,up,241.675,177.653,24.167,0.2999,0
2026-03-05 22:50:00,8209152096,5943561576,34,up,218.911,158.495,21.891,3.4629,0
2026-03-05 22:55:00,9146106216,6165989942,32,up,243.896,164.426,24.39,3.2206,0
2026-03-05 23:00:00,9333836278,4444039681,46,up,248.902,118.508,24.89,4.6956,0
2026-03-05 23:05:00,7081974373,5696806004,63,up,188.853,151.915,18.885,6.3827,1
2026-03-05 23:10:00,10601456404,6723471618,11,up,282.706,179.293,28.271,1.1289,0
2026-03-05 23:15:00,8533391927,5695125660,33,up,227.557,151.87,22.756,3.3604,0
2026-03-05 23:20:00,7161759302,5469171592,4,up,190.98,145.845,19.098,0.4705,0
2026-03-05 23:25:00,9351099623,7639936026,36,up,249.363,203.732,24.936,3.6223,0
2026-03-05 23:30:00,9705229721,7309735576,1,up,258.806,194.926,25.881,0.1947,0
2026-03-05 23:35:00,9655594898,6336653936,13,up,257.483,168.977,25.748,1.3052,0
2026-03-05 23:40:00,9007492596,6820015640,60,up,240.2,181.867,24.02,6.0014,0
2026-03-05 23:45:00,6660742278,4397326499,37,up,177.62,117.262,17.762,3.7588,1
2026-03-05 23:50:00,11079875409,5432962962,33,up,295.463,144.879,29.546,3.3119,0
2026-03-05 23:55:00,9804450940,5661630331,65,up,261.452,150.977,26.145,6.54,0
2026-03-06 00:00:00,8954960521,5830094328,39,up,238.799,155.469,23.88,3.9531,0
2026-03-06 00:05:00,8812277455,5647240304,23,up,234.994,150.593,23.499,2.3445,0
2026-03-06 00:10:00,9183916097,4163981070,124,up,244.904,111.039,24.49,12.4736,0
2026-03-06 00:15:00,11216332457,6277937725,37,up,299.102,167.412,29.91,3.7983,0
2026-03-06 00:20:00,9168786701,6391430972,29,up,244.501,170.438,24.45,2.9431,0
2026-03-06 00:25:00,9352731362,7153367129,16,up,249.406,190.756,24.941,1.6823,0
2026-03-06 00:30:00,8832397232,5432417329,74,up,235.531,144.864,23.553,7.4464,0
2026-03-06 00:35:00,10611356277,5373482526,11,up,282.97,143.293,28.297,1.1218,0
2026-03-06 00:40:00,11579816911,4070411170,0,up,308.795,108.544,30.88,0.0296,0
2026-03-06 00:45:00,9881939680,5788631877,7,up,263.518,154.364,26.352,0.701,0
2026-03-06 00:50:00,9468119516,6648800482,3,up,252.483,177.301,25.248,0.3712,0
2026-03-06 00:55:00,9416380687,5559527139,12,up,251.103,148.254,25.11,1.2294,0
2026-03-06 01:00:00,6692654862,7543280269,55,up,178.471,201.154,17.847,5.5936,0
2026-03-06 01:05:00,10213294722,5815251718,33,up,272.355,155.073,27.235,3.3734,0
2026-03-06 01:10:00,9525937217,6105834444,5,up,254.025,162.822,25.402,0.5923,0
2026-03-06 01:15:00,9856884806,5018565781,49,up,262.85,133.828,26.285,4.9762,0
2026-03-06 01:20:00,8574605031,6206798648,22,up,228.656,165.515,22.866,2.2452,0
2026-03-06 01:25:00,8942486011,4574889747,23,up,238.466,121.997,23.847,2.3005,0
2026-03-06 01:30:00,8912596946,6499462527,14,up,237.669,173.319,23.767,1.4387,0
2026-03-06 01:35:00,7367028099,6521588286,73,up,196.454,173.909,19.645,7.3969,1
2026-03-06 01:40:00,8948895183,6978689825,12,up,238.637,186.098,23.864,1.2263,0
2026-03-06 01:45:00,11717992862,5265622522,3,up,312.48,140.417,31.248,0.3164,0
2026-03-06 01:50:00,9859720221,6115604725,11,up,262.926,163.083,26.293,1.1539,0
2026-03-06 01:55:00,7939857007,6405947922,40,up,211.73,170.825,21.173,4.0208,0
2026-03-06 02:00:00,9230385420,6318442779,34,up,246.144,168.492,24.614,3.4295,0
2026-03-06 02:05:00,8641865487,5376984521,6,up,230.45,143.386,23.045,0.6665,0
2026-03-06 02:10:00,6906319721,4277773039,3,up,184.169,114.074,18.417,0.3793,0
2026-03-06 02:15:00,11174404807,6249811413,34,up,297.984,166.662,29.798,3.4603,0
2026-03-06 02:20:00,10166035359,5890200231,36,up,271.094,157.072,27.109,3.6102,0
2026-03-06 02:25:00,9974858232,5591997173,14,up,265.996,149.12,26.6,1.459,0
2026-03-06 02:30:00,9561079117,6550040661,59,up,254.962,174.668,25.496,5.9208,0
2026-03-06 02:35:00,7820230235,5967657932,122,up,208.539,159.138,20.854,12.2435,0
2026-03-06 02:40:00,8830930718,5050179562,7,up,235.491,134.671,23.549,0.7367,0
2026-03-06 02:45:00,10322003371,4609354351,27,up,275.253,122.916,27.525,2.7537,0
2026-03-06 02:50:00,8192377466,5187146449,0,up,218.463,138.324,21.846,0.0172,0
2026-03-06 02:55:00,6526759519,7722968852,39,up,174.047,205.946,17.405,3.9951,0
2026-03-06 03:00:00,9119505741,6520399277,17,up,243.187,173.877,24.319,1.7117,0
2026-03-06 03:05:00,9215522751,6135800886,6,up,245.747,163.621,24.575,0.6872,0
2026-03-06 03:10:00,9527508843,5869204132,44,up,254.067,156.512,25.407,4.4647,0
2026-03-06 03:15:00,10194583473,5821877083,53,up,271.856,155.25,27.186,5.3253,0
2026-03-06 03:20:00,10092306538,6840381108,3,up,269.128,182.41,26.913,0.3771,0
2026-03-06 03:25:00,9666116030,5646771065,1,up,257.763,150.581,25.776,0.134,0
2026-03-06 03:30:00,10719972811,6415382695,13,up,285.866,171.077,28.587,1.3011,0
2026-03-06 03:35:00,7666158996,5749131875,31,up,204.431,153.31,20.443,3.1471,0
2026-03-06 03:40:00,9942654541,7396912774,50,up,265.137,197.251,26.514,5.0466,0
2026-03-06 03:45:00,10079855658,6534447725,25,up,268.796,174.252,26.88,2.5273,0
2026-03-06 03:50:00,7980492428,6896800906,27,up,212.813,183.915,21.281,2.7817,0
2026-03-06 03:55:00,7684270565,5579224962,51,up,204.914,148.779,20.491,5.1479,0
2026-03-06 04:00:00,8535815107,6761858001,24,up,227.622,180.316,22.762,2.4082,0
2026-03-06 04:05:00,8630765877,5774944253,30,up,230.154,153.999,23.015,3.0226,0
2026-03-06 04:10:00,10222596896,6079225073,23,up,272.603,162.113,27.26,2.3236,0
2026-03-06 04:15:00,8683643868,7177234322,67,up,231.564,191.393,23.156,6.7971,0
2026-03-06 04:20:00,8411607916,5249201959,8,up,224.31,139.979,22.431,0.8594,0
2026-03-06 04:25:00,8686912046,6146338366,9,up,231.651,163.902,23.165,0.9809,0
2026-03-06 04:30:00,10633461375,6315363786,4,up,283.559,168.41,28.356,0.4381,0
2026-03-06 04:35:00,9389673796,6374403154,54,up,250.391,169.984,25.039,5.4779,0
2026-03-06 04:40:00,9173342596,5675435164,16,up,244.622,151.345,24.462,1.6981,0
2026-03-06 04:45:00,6475870669,7502110152,74,up,172.69,200.056,17.269,7.4439,1
2026-03-06 04:50:00,10828567876,5067649042,127,up,288.762,135.137,28.876,12.7419,0
2026-03-06 04:55:00,8532181807,7050397479,83,up,227.525,188.011,22.752,8.3667,0
2026-03-06 05:00:00,10854946827,6874847236,114,up,289.465,183.329,28.947,11.4404,0
2026-03-06 05:05:00,9611808336,7368639928,4,up,256.315,196.497,25.631,0.4912,0
2026-03-06 05:10:00,9194528195,4856476488,70,up,245.187,129.506,24.519,7.0999,0
2026-03-06 05:15:00,12188513060,5374441328,12,up,325.027,143.318,32.503,1.2754,0
2026-03-06 05:20:00,8187405573,7074199002,0,up,218.331,188.645,21.833,0.0408,0
2026-03-06 05:25:00,8977103520,4648531808,15,up,239.389,123.961,23.939,1.5886,0
2026-03-06 05:30:00,7988514855,4843349591,22,up,213.027,129.156,21.303,2.2775,0
2026-03-06 05:35:00,10446519716,5648418393,3,up,278.574,150.624,27.857,0.3665,0
2026-03-06 05:40:00,11275337550,6138235527,24,up,300.676,163.686,30.068,2.4688,0
2026-03-06 05:45:00,11253663129,7146402053,54,up,300.098,190.571,30.01,5.4778,0
2026-03-06 05:50:00,10751942347,5866608541,15,up,286.718,156.443,28.672,1.5176,0
2026-03-06 05:55:00,9152676973,5562067813,13,up,244.071,148.322,24.407,1.3916,0
2026-03-06 06:00:00,8964103900,6224200755,13,up,239.043,165.979,23.904,1.3239,0
2026-03-06 06:05:00,7494934005,6338109467,82,up,199.865,169.016,19.986,8.2086,0
2026-03-06 06:10:00,11665357727,6317692671,1,up,311.076,168.472,31.108,0.16,0
2026-03-06 06:15:00,9902600337,5871849930,18,up,264.069,156.583,26.407,1.8846,0
2026-03-06 06:20:00,8821548482,4592337997,9,up,235.241,122.462,23.524,0.9835,0
2026-03-06 06:25:00,10869064000,5339316487,71,up,289.842,142.382,28.984,7.176,0
2026-03-06 06:30:00,8280639918,7022595181,3,up,220.817,187.269,22.082,0.3231,0
2026-03-06 06:35:00,6882714851,6134689635,43,up,183.539,163.592,18.354,4.3113,1
2026-03-06 06:40:00,9180792223,5767784074,16,up,244.821,153.808,24.482,1.6712,0
2026-03-06 06:45:00,10093511782,6805081354,70,up,269.16,181.469,26.916,7.0169,0
2026-03-06 06:50:00,9303479768,5186316024,7,up,248.093,138.302,24.809,0.7766,0
2026-03-06 06:55:00,7742706122,5837749343,33,up,206.472,155.673,20.647,3.3131,0
2026-03-06 07:00:00,9460023419,6099186051,4,up,252.267,162.645,25.227,0.4619,0
2026-03-06 07:05:00,10554972159,5682208197,98,up,281.466,151.526,28.147,9.8515,0
2026-03-06 07:10:00,9342131543,6072549232,28,up,249.124,161.935,24.912,2.8767,0
2026-03-06 07:15:00,10247004511,5864860369,31,up,273.253,156.396,27.325,3.1494,0
2026-03-06 07:20:00,8198779328,4992473005,18,up,218.634,133.133,21.863,1.82,0
2026-03-06 07:25:00,9345456607,6130664074,13,up,249.212,163.484,24.921,1.3407,0
2026-03-06 07:30:00,8672425738,5043586710,7,up,231.265,134.496,23.126,0.7652,0
2026-03-06 07:35:00,10215353445,6119242890,29,up,272.409,163.18,27.241,2.9642,0
2026-03-06 07:40:00,9410428007,6989377793,98,up,250.945,186.383,25.094,9.8925,0
2026-03-06 07:45:00,10151332885,5797663297,14,up,270.702,154.604,27.07,1.4271,0
2026-03-06 07:50:00,10598674229,5156532146,68,up,282.631,137.508,28.263,6.8702,0
2026-03-06 07:55:00,10153070897,5908568774,5,up,270.749,157.562,27.075,0.5155,0
2026-03-06 08:00:00,9682258238,5400980802,88,up,258.194,144.026,25.819,8.8027,0
2026-03-06 08:05:00,8252011209,6428046481,13,up,220.054,171.415,22.005,1.3809,0
2026-03-06 08:10:00,9371865625,5893448101,15,up,249.916,157.159,24.992,1.5283,0
2026-03-06 08:15:00,8775273297,7231029541,19,up,234.007,192.827,23.401,1.9887,0
2026-03-06 08:20:00,8987928048,6837352508,40,up,239.678,182.329,23.968,4.0535,0
2026-03-06 08:25:00,8953649080,5889782036,40,up,238.764,157.061,23.876,4.0695,0
2026-03-06 08:30:00,8272583728,6515238528,20,up,220.602,173.74,22.06,2.09,0
2026-03-06 08:35:00,7172994087,5716869785,23,up,191.28,152.45,19.128,2.3698,0
2026-03-06 08:40:00,8623339070,6024448957,0,up,229.956,160.652,22.996,0.0975,0
2026-03-06 08:45:00,9592551883,5739767378,11,up,255.801,153.06,25.58,1.1611,0
2026-03-06 08:50:00,7858300823,6551848291,13,up,209.555,174.716,20.955,1.359,0
2026-03-06 08:55:00,9392642516,7031751559,26,up,250.47,187.513,25.047,2.6179,0
2026-03-06 09:00:00,11512801977,6575026709,26,up,307.008,175.334,30.701,2.6148,0
2026-03-06 09:05:00,10525938624,6663794352,39,up,280.692,177.701,28.069,3.9601,0
2026-03-06 09:10:00,11223984197,6664584074,40,up,299.306,177.722,29.931,4.0397,0
2026-03-06 09:15:00,9815018861,6396904264,8,up,261.734,170.584,26.173,0.8581,0
2026-03-06 09:20:00,10688448550,5179713965,47,up,285.025,138.126,28.503,4.7056,0
2026-03-06 09:25:00,8560539678,7224699493,0,up,228.281,192.659,22.828,0.0634,0
2026-03-06 09:30:00,8650117199,7299175795,40,up,230.67,194.645,23.067,4.0299,0
2026-03-06 09:35:00,6293467268,5831606685,3,up,167.826,155.51,16.783,0.3445,0
2026-03-06 09:40:00,10709413658,5733097501,41,up,285.584,152.883,28.558,4.1857,0
2026-03-06 09:45:00,11107864477,6440936390,23,up,296.21,171.758,29.621,2.3965,0
2026-03-06 09:50:00,8752675598,6396585241,18,up,233.405,170.576,23.34,1.8398,0
2026-03-06 09:55:00,9089304330,5854598830,37,up,242.381,156.123,24.238,3.7547,0
2026-03-06 10:00:00,8526905122,5099981527,1,up,227.384,136.0,22.738,0.1186,0
2026-03-06 10:05:00,9805485245,6220104857,8,up,261.48,165.869,26.148,0.8093,0
2026-03-06 10:10:00,10640549113,6397034307,30,up,283.748,170.588,28.375,3.0664,0
2026-03-06 10:15:00,7414381529,6522591226,60,up,197.717,173.936,19.772,6.0119,0
2026-03-06 10:20:00,9835618346,6251490796,15,up,262.283,166.706,26.228,1.5354,0
2026-03-06 10:25:00,9063744256,5804797093,9,up,241.7,154.795,24.17,0.9582,0
2026-03-06 10:30:00,9502568690,6715681468,23,up,253.402,179.085,25.34,2.3403,0
2026-03-06 10:35:00,9891368251,6047410918,31,up,263.77,161.264,26.377,3.1158,0
2026-03-06 10:40:00,9163272256,5665255429,17,up,244.354,151.073,24.435,1.7437,0
2026-03-06 10:45:00,6480925352,5869929564,45,up,172.825,156.531,17.282,4.5204,1
2026-03-06 10:50:00,9134390436,4742902296,23,up,243.584,126.477,24.358,2.3717,0
2026-03-06 10:55:00,10466605727,5868785886,1,up,279.109,156.501,27.911,0.1167,0
2026-03-06 11:00:00,9846104955,6495674294,8,up,262.563,173.218,26.256,0.8076,0
2026-03-06 11:05:00,9623156479,6244643775,19,up,256.618,166.524,25.662,1.9168,0
2026-03-06 11:10:00,7945179313,7094878204,38,up,211.871,189.197,21.187,3.8285,0
2026-03-06 11:15:00,8949097788,5810658061,7,up,238.643,154.951,23.864,0.7941,0
2026-03-06 11:20:00,10386002805,6350865477,119,up,276.96,169.356,27.696,11.9696,0
2026-03-06 11:25:00,9417408644,6570772926,12,up,251.131,175.221,25.113,1.2273,0
2026-03-06 11:30:00,10116972903,7686857045,24,up,269.786,204.983,26.979,2.433,0
2026-03-06 11:35:00,11362325775,6104231153,0,up,302.995,162.779,30.3,0.0613,0
2026-03-06 11:40:00,10543431827,5248185231,69,up,281.158,139.952,28.116,6.918,0
2026-03-06 11:45:00,9479803129,6610508702,49,up,252.795,176.28,25.279,4.9764,0
2026-03-06 11:50:00,8800137183,7343323696,6,up,234.67,195.822,23.467,0.6959,0
2026-03-06 11:55:00,6502256704,5767764928,86,up,173.394,153.807,17.339,8.6611,0
2026-03-06 12:00:00,9185566962,6605578707,12,up,244.948,176.149,24.495,1.2146,0
2026-03-06 12:05:00,9008235942,6884684199,37,up,240.22,183.592,24.022,3.7704,0
2026-03-06 12:10:00,9814161968,6732287191,54,up,261.711,179.528,26.171,5.4692,0
2026-03-06 12:15:00,9201856619,6090402136,43,up,245.383,162.411,24.538,4.3219,0
2026-03-06 12:20:00,9014566808,5497098894,79,up,240.388,146.589,24.039,7.9871,0
2026-03-06 12:25:00,7373176203,5941478725,63,up,196.618,158.439,19.662,6.3908,0
2026-03-06 12:30:00,8317536192,6330192326,167,up,221.801,168.805,22.18,16.7152,0
2026-03-06 12:35:00,9911232420,6653920217,6,up,264.3,177.438,26.43,0.6453,0
2026-03-06 12:40:00,11305396085,6240440434,11,up,301.477,166.412,30.148,1.1632,0
2026-03-06 12:45:00,6485698760,5726466264,63,up,172.952,152.706,17.295,6.3543,1
2026-03-06 12:50:00,9743787457,6399873352,42,up,259.834,170.663,25.983,4.2262,0
2026-03-06 12:55:00,10446537926,6619261248,24,up,278.574,176.514,27.857,2.4476,0
2026-03-06 13:00:00,8462744321,6273319240,2,up,225.673,167.289,22.567,0.2458,0
2026-03-06 13:05:00,9787665798,5397945277,58,up,261.004,143.945,26.1,5.8963,0
2026-03-06 13:10:00,8541948630,5869387655,103,up,227.785,156.517,22.779,10.3711,0
2026-03-06 13:15:00,10347927493,6682430959,16,up,275.945,178.198,27.594,1.6642,0
2026-03-06 13:20:00,9545328428,5004227177,8,up,254.542,133.446,25.454,0.8149,0
2026-03-06 13:25:00,9710758290,4492911823,0,up,258.954,119.811,25.895,0.0624,0
2026-03-06 13:30:00,8494576577,7085819652,8,up,226.522,188.955,22.652,0.8668,0
2026-03-06 13:35:00,10170411404,6368218983,38,up,271.211,169.819,27.121,3.8518,0
2026-03-06 13:40:00,11720302036,6436845601,77,up,312.541,171.649,31.254,7.7624,0
2026-03-06 13:45:00,8241099342,5224691778,3,up,219.763,139.325,21.976,0.3142,0
2026-03-06 13:50:00,8992771116,6531020205,25,up,239.807,174.161,23.981,2.5785,0
2026-03-06 13:55:00,9635558408,6198179055,38,up,256.948,165.285,25.695,3.8054,0
2026-03-06 14:00:00,10259706988,4859284143,10,up,273.592,129.581,27.359,1.0352,0
2026-03-06 14:05:00,8745510429,7025484058,26,up,233.214,187.346,23.321,2.6999,0
2026-03-06 14:10:00,6187840923,6114251993,40,up,165.009,163.047,16.501,4.0196,0
2026-03-06 14:15:00,10904088180,5714819544,58,up,290.776,152.395,29.078,5.819,0
2026-03-06 14:20:00,10230569384,5727847382,19,up,272.815,152.743,27.282,1.9277,0
2026-03-06 14:25:00,7414184028,4549040228,44,up,197.712,121.308,19.771,4.4088,0
2026-03-06 14:30:00,8691485109,6427202351,11,up,231.773,171.392,23.177,1.1495,0
2026-03-06 14:35:00,7797443663,6188537189,56,up,207.932,165.028,20.793,5.6417,1
2026-03-06 14:40:00,11003770970,5860262304,6,up,293.434,156.274,29.343,0.6637,0
2026-03-06 14:45:00,10430970025,6920509349,14,up,278.159,184.547,27.816,1.4225,0
2026-03-06 14:50:00,9176873511,5003621506,1,up,244.717,133.43,24.472,0.1169,0
2026-03-06 14:55:00,9468360846,5570323817,10,up,252.49,148.542,25.249,1.0645,0
2026-03-06 15:00:00,9227708469,5387994056,33,up,246.072,143.68,24.607,3.3798,0
2026-03-06 15:05:00,10644269756,5799267614,33,up,283.847,154.647,28.385,3.3405,0
2026-03-06 15:10:00,8389677292,6048578418,2,up,223.725,161.295,22.372,0.2445,0
2026-03-06 15:15:00,8468475388,6309609737,10,up,225.826,168.256,22.583,1.0843,0
2026-03-06 15:20:00,10511558910,5750179113,26,up,280.308,153.338,28.031,2.6974,0
2026-03-06 15:25:00,9325093362,5368303870,12,up,248.669,143.155,24.867,1.2273,0
2026-03-06 15:30:00,10925775774,7213925003,17,up,291.354,192.371,29.135,1.732,0
2026-03-06 15:35:00,8619548767,7736380938,39,up,229.855,206.303,22.985,3.9924,0
2026-03-06 15:40:00,9313374344,6103166403,0,up,248.357,162.751,24.836,0.0298,0
2026-03-06 15:45:00,8337285392,5455118135,10,up,222.328,145.47,22.233,1.0352,0
2026-03-06 15:50:00,9383283016,7062326974,4,up,250.221,188.329,25.022,0.4915,0
2026-03-06 15:55:00,7711634695,4958334883,4,up,205.644,132.222,20.564,0.4369,0
2026-03-06 16:00:00,8826412401,5758963206,102,up,235.371,153.572,23.537,10.2245,0
2026-03-06 16:05:00,7759214401,5498795723,15,up,206.912,146.635,20.691,1.512,0
2026-03-06 16:10:00,10155663637,5165134403,23,up,270.818,137.737,27.082,2.3963,0
2026-03-06 16:15:00,10181163007,5798382552,42,up,271.498,154.624,27.15,4.2355,0
2026-03-06 16:20:00,7428454428,5377796102,1,up,198.092,143.408,19.809,0.1556,0
2026-03-06 16:25:00,10875621463,6009111214,8,up,290.017,160.243,29.002,0.8825,0
2026-03-06 16:30:00,12184592017,6019567560,57,up,324.922,160.522,32.492,5.7109,0
2026-03-06 16:35:00,9426757185,5552641159,63,up,251.38,148.07,25.138,6.3374,0
2026-03-06 16:40:00,8653746457,5733230383,14,up,230.767,152.886,23.077,1.4935,0
2026-03-06 16:45:00,12552371914,5833788743,15,up,334.73,155.568,33.473,1.5033,0
2026-03-06 16:50:00,7891160439,6583089164,45,up,210.431,175.549,21.043,4.5257,0
2026-03-06 16:55:00,9397619775,5893130831,11,up,250.603,157.15,25.06,1.1189,0
2026-03-06 17:00:00,9577075056,6593785253,3,up,255.389,175.834,25.539,0.3985,0
2026-03-06 17:05:00,10888291073,6421785348,9,up,290.354,171.248,29.035,0.9529,0
2026-03-06 17:10:00,9779706347,6411502101,15,up,260.792,170.973,26.079,1.5678,0
2026-03-06 17:15:00,8814036867,6999249098,1,up,235.041,186.647,23.504,0.1716,0
2026-03-06 17:20:00,8304917583,5194038566,20,up,221.464,138.508,22.146,2.0845,0
2026-03-06 17:25:00,8990450452,5659308163,43,up,239.745,150.915,23.975,4.3107,0
2026-03-06 17:30:00,8242206718,7269575136,23,up,219.792,193.855,21.979,2.3073,0
2026-03-06 17:35:00,9428803484,5814732119,2,up,251.435,155.06,25.143,0.2388,0
2026-03-06 17:40:00,8740279297,3973110943,18,up,233.074,105.95,23.307,1.8563,0
2026-03-06 17:45:00,7694207482,5853862792,39,up,205.179,156.103,20.518,3.9491,0
2026-03-06 17:50:00,10787039011,6097156461,1,up,287.654,162.591,28.765,0.1915,0
2026-03-06 17:55:00,8815118411,4115678555,1,up,235.07,109.751,23.507,0.1975,0
2026-03-06 18:00:00,7948346094,6960433660,14,up,211.956,185.612,21.196,1.4816,0
2026-03-06 18:05:00,9185708473,5486127026,6,up,244.952,146.297,24.495,0.694,0
2026-03-06 18:10:00,9451918011,6236565442,87,up,252.051,166.308,25.205,8.736,0
2026-03-06 18:15:00,7410224933,5837293287,27,up,197.606,155.661,19.761,2.7863,0
2026-03-06 18:20:00,9748103625,5072386978,10,up,259.949,135.264,25.995,1.0839,0
2026-03-06 18:25:00,8196947735,5229234143,39,up,218.585,139.446,21.859,3.9041,0
2026-03-06 18:30:00,11299907410,5326740357,15,up,301.331,142.046,30.133,1.5036,0
2026-03-06 18:35:00,9964455576,6781683774,4,up,265.719,180.845,26.572,0.4534,0
2026-03-06 18:40:00,8925112511,5893772504,8,up,238.003,157.167,23.8,0.8666,0
2026-03-06 18:45:00,8536686258,5624256828,32,up,227.645,149.98,22.764,3.2938,0
2026-03-06 18:50:00,6479837930,5327081582,59,up,172.796,142.056,17.28,5.98,1
2026-03-06 18:55:00,10064389584,6861228159,10,up,268.384,182.966,26.838,1.0189,0
2026-03-06 19:00:00,9346319105,7054224916,7,up,249.235,188.113,24.924,0.7475,0
2026-03-06 19:05:00,9130696341,6853015607,7,up,243.485,182.747,24.349,0.7186,0
2026-03-06 19:10:00,9440666577,6354554884,36,up,251.751,169.455,25.175,3.6739,0
2026-03-06 19:15:00,8695658702,6208677630,55,up,231.884,165.565,23.188,5.5925,0
2026-03-06 19:20:00,8988893332,5124524771,40,up,239.704,136.654,23.97,4.0266,0
2026-03-06 19:25:00,7028483506,5823010228,33,up,187.426,155.28,18.743,3.3206,0
2026-03-06 19:30:00,10470442009,5507620653,79,up,279.212,146.87,27.921,7.9435,0
2026-03-06 19:35:00,9711147502,4685631281,1,up,258.964,124.95,25.896,0.1925,0
2026-03-06 19:40:00,8504862175,6761071261,5,up,226.796,180.295,22.68,0.5866,0
2026-03-06 19:45:00,11511076854,5499002438,17,up,306.962,146.64,30.696,1.7124,0
2026-03-06 19:50:00,9472893540,6861078173,14,up,252.61,182.962,25.261,1.491,0
2026-03-06 19:55:00,8209338481,6634857408,17,up,218.916,176.93,21.892,1.7324,0
2026-03-06 20:00:00,10338829599,6400836943,7,up,275.702,170.689,27.57,0.74,0
2026-03-06 20:05:00,9822804243,6441276531,5,up,261.941,171.767,26.194,0.5182,0
2026-03-06 20:10:00,9818902483,5556974004,22,up,261.837,148.186,26.184,2.2775,0
2026-03-06 20:15:00,8896024944,7337652108,84,up,237.227,195.671,23.723,8.4218,0
2026-03-06 20:20:00,9881807689,6031050310,15,up,263.515,160.828,26.351,1.5921,0
2026-03-06 20:25:00,9080521923,6217390813,1,up,242.147,165.797,24.215,0.1418,0
2026-03-06 20:30:00,10000434133,5532665039,39,up,266.678,147.538,26.668,3.9192,0
2026-03-06 20:35:00,7231937489,5329561012,11,up,192.852,142.122,19.285,1.101,0
2026-03-06 20:40:00,8886892354,6343653126,8,up,236.984,169.164,23.698,0.8997,0
2026-03-06 20:45:00,11312424485,6156609717,12,up,301.665,164.176,30.166,1.2542,0
2026-03-06 20:50:00,8512049112,5431666296,41,up,226.988,144.844,22.699,4.1174,0
2026-03-06 20:55:00,8695681915,4964332762,54,up,231.885,132.382,23.188,5.4664,0
2026-03-06 21:00:00,8871043494,5085655377,28,up,236.561,135.617,23.656,2.838,0
2026-03-06 21:05:00,8008343097,6861216276,12,up,213.556,182.966,21.356,1.2458,0
2026-03-06 21:10:00,6890684126,5558457253,11,up,183.752,148.226,18.375,1.1896,0
2026-03-06 21:15:00,9115590301,5755985847,4,up,243.082,153.493,24.308,0.4248,0
2026-03-06 21:20:00,9527841852,7044244986,86,up,254.076,187.847,25.408,8.6642,0
2026-03-06 21:25:00,9315931797,5192051595,32,up,248.425,138.455,24.842,3.2528,0
2026-03-06 21:30:00,9212011617,5476563725,0,up,245.654,146.042,24.565,0.0875,0
2026-03-06 21:35:00,9423420979,5446487883,34,up,251.291,145.24,25.129,3.4745,0
2026-03-06 21:40:00,10525696655,7165009306,18,up,280.685,191.067,28.069,1.8966,0
2026-03-06 21:45:00,9160748040,7435236120,115,up,244.287,198.273,24.429,11.5062,0
2026-03-06 21:50:00,8729157100,6541125522,54,up,232.778,174.43,23.278,5.4708,0
2026-03-06 21:55:00,9058733829,6564037001,6,up,241.566,175.041,24.157,0.6013,0
2026-03-06 22:00:00,10026765104,5582144397,40,up,267.38,148.857,26.738,4.0748,0
2026-03-06 22:05:00,7674471166,7402076510,43,up,204.653,197.389,20.465,4.3085,1
2026-03-06 22:10:00,8668338293,6192741303,6,up,231.156,165.14,23.116,0.6627,0
2026-03-06 22:15:00,9486300510,6614239390,38,up,252.968,176.38,25.297,3.8393,0
2026-03-06 22:20:00,9755652122,5924022044,25,up,260.151,157.974,26.015,2.5367,0
2026-03-06 22:25:00,8258349742,5807016537,0,up,220.223,154.854,22.022,0.0987,0
2026-03-06 22:30:00,9397969313,7197390426,33,up,250.613,191.93,25.061,3.3284,0
2026-03-06 22:35:00,7726116910,6388601049,32,up,206.03,170.363,20.603,3.225,0
2026-03-06 22:40:00,7384818408,7044990331,4,up,196.928,187.866,19.693,0.4979,0
2026-03-06 22:45:00,9787589708,6183836283,13,up,261.002,164.902,26.1,1.3735,0
2026-03-06 22:50:00,8943140916,5389176093,28,up,238.484,143.711,23.848,2.8213,0
2026-03-06 22:55:00,9602565458,5579993088,4,up,256.068,148.8,25.607,0.4781,0
2026-03-06 23:00:00,9354868150,6074134974,61,up,249.463,161.977,24.946,6.1294,0
2026-03-06 23:05:00,8276549945,5548919844,0,up,220.708,147.971,22.071,0.0892,0
2026-03-06 23:10:00,9324088910,5202627785,3,up,248.642,138.737,24.864,0.3473,0
2026-03-06 23:15:00,7987761031,6865020262,3,up,213.007,183.067,21.301,0.3949,0
2026-03-06 23:20:00,10939843902,5607693549,24,up,291.729,149.538,29.173,2.4032,0
2026-03-06 23:25:00,7849533362,6099498778,30,up,209.321,162.653,20.932,3.0972,0
2026-03-06 23:30:00,9154741570,6213216184,16,up,244.126,165.686,24.413,1.6547,0
2026-03-06 23:35:00,8202444463,5576529749,10,up,218.732,148.707,21.873,1.09,0
2026-03-06 23:40:00,10016723820,7044575615,53,up,267.113,187.855,26.711,5.3029,0
2026-03-06 23:45:00,9002139707,5195657931,2,up,240.057,138.551,24.006,0.2263,0
2026-03-06 23:50:00,8791499940,6188370189,10,up,234.44,165.023,23.444,1.0525,0
2026-03-06 23:55:00,10334851738,6177204748,1,up,275.596,164.725,27.56,0.1277,0
2026-03-07 00:00:00,9408109415,5960936685,0,up,250.883,158.958,25.088,0.0448,0
2026-03-07 00:05:00,6969357501,5066222918,36,up,185.85,135.099,18.585,3.6928,1
2026-03-07 00:10:00,8271008321,6626988637,6,up,220.56,176.72,22.056,0.6934,0
2026-03-07 00:15:00,5456206656,6535327682,50,up,145.499,174.275,14.55,5.0883,1
2026-03-07 00:20:00,9495608957,5513590659,55,up,253.216,147.029,25.322,5.5042,0
2026-03-07 00:25:00,9016297850,6509390789,5,up,240.435,173.584,24.043,0.5693,0
2026-03-07 00:30:00,10079739006,6269933534,48,up,268.793,167.198,26.879,4.8486,0
2026-03-07 00:35:00,9285102990,5077959255,35,up,247.603,135.412,24.76,3.5971,0
2026-03-07 00:40:00,6723996829,5385171181,67,up,179.307,143.605,17.931,6.7425,1
2026-03-07 00:45:00,7548694653,6819562640,25,up,201.299,181.855,20.13,2.5308,0
2026-03-07 00:50:00,11499491557,6222779653,18,up,306.653,165.941,30.665,1.8809,0
2026-03-07 00:55:00,9190227766,5593701879,4,up,245.073,149.165,24.507,0.4397,0
2026-03-07 01:00:00,10159785341,5381897358,76,up,270.928,143.517,27.093,7.6069,0
2026-03-07 01:05:00,8434396871,5628916465,26,up,224.917,150.104,22.492,2.6979,0
2026-03-07 01:10:00,9721511139,5679974738,67,up,259.24,151.466,25.924,6.7913,0
2026-03-07 01:15:00,7909299641,5390906616,55,up,210.915,143.758,21.091,5.5561,0
2026-03-07 01:20:00,9883576318,4745929839,2,up,263.562,126.558,26.356,0.266,0
2026-03-07 01:25:00,8974529155,6820809566,7,up,239.321,181.888,23.932,0.7433,0
2026-03-07 01:30:00,9407839316,6698856244,5,up,250.876,178.636,25.088,0.5023,0
2026-03-07 01:35:00,10160220783,5083256074,56,up,270.939,135.553,27.094,5.685,0
2026-03-07 01:40:00,7988392149,6098144132,63,up,213.024,162.617,21.302,6.348,0
2026-03-07 01:45:00,8604946803,5350388494,24,up,229.465,142.677,22.947,2.4023,0
2026-03-07 01:50:00,9889489816,5811671599,3,up,263.72,154.978,26.372,0.352,0
2026-03-07 01:55:00,11735499158,5751768062,4,up,312.947,153.38,31.295,0.4664,0
2026-03-07 02:00:00,9219657373,5691959364,53,up,245.858,151.786,24.586,5.3747,0
2026-03-07 02:05:00,10040028132,7442121900,84,up,267.734,198.457,26.773,8.4728,0
2026-03-07 02:10:00,9254657096,5682965507,7,up,246.791,151.546,24.679,0.712,0
2026-03-07 02:15:00,11560026294,5418050045,0,up,308.267,144.481,30.827,0.0358,0
2026-03-07 02:20:00,7409375624,5450941370,12,up,197.583,145.358,19.758,1.2861,0
2026-03-07 02:25:00,9481448675,6751519408,0,up,252.839,180.041,25.284,0.0991,0
2026-03-07 02:30:00,7546262962,4810486321,56,up,201.234,128.28,20.123,5.6324,0
2026-03-07 02:35:00,6555106983,5450911500,21,up,174.803,145.358,17.48,2.1642,0
2026-03-07 02:40:00,9709644809,7041712444,32,up,258.924,187.779,25.892,3.2859,0
2026-03-07 02:45:00,9531935020,6175670055,16,up,254.185,164.685,25.418,1.6965,0
2026-03-07 02:50:00,9054558445,6138183843,13,up,241.455,163.685,24.145,1.3565,0
2026-03-07 02:55:00,9255531648,7535145451,8,up,246.814,200.937,24.681,0.8041,0
2026-03-07 03:00:00,12860586863,6177370526,47,up,342.949,164.73,34.295,4.7104,0
2026-03-07 03:05:00,9084552969,5490105963,38,up,242.255,146.403,24.225,3.8056,0
2026-03-07 03:10:00,9948889906,5796904519,14,up,265.304,154.584,26.53,1.4318,0
2026-03-07 03:15:00,8644464577,5182488737,12,up,230.519,138.2,23.052,1.2394,0
2026-03-07 03:20:00,6794995652,6904274668,45,up,181.2,184.114,18.12,4.5631,1
2026-03-07 03:25:00,6374890980,6413684436,57,up,169.997,171.032,17.0,5.7913,1
2026-03-07 03:30:00,8913166706,6809578187,31,up,237.684,181.589,23.768,3.1238,0
2026-03-07 03:35:00,11421260848,6873348428,23,up,304.567,183.289,30.457,2.313,0
2026-03-07 03:40:00,10699333083,5701768237,18,up,285.316,152.047,28.532,1.8259,0
2026-03-07 03:45:00,9528839978,5319777946,56,up,254.102,141.861,25.41,5.6236,0
2026-03-07 03:50:00,6782761572,5962766559,22,up,180.874,159.007,18.087,2.2431,0
2026-03-07 03:55:00,8968864623,5371612029,15,up,239.17,143.243,23.917,1.553,0
2026-03-07 04:00:00,12415906009,6118768950,5,up,331.091,163.167,33.109,0.5627,0
2026-03-07 04:05:00,9115505625,6815109754,54,up,243.08,181.736,24.308,5.4996,0
2026-03-07 04:10:00,10616119768,5878939454,27,up,283.097,156.772,28.31,2.7475,0
2026-03-07 04:15:00,10997185202,6107996464,3,up,293.258,162.88,29.326,0.3105,0
2026-03-07 04:20:00,9621334405,5932431156,33,up,256.569,158.198,25.657,3.3494,0
2026-03-07 04:25:00,8427950664,6577963852,17,up,224.745,175.412,22.475,1.7712,0
2026-03-07 04:30:00,6635273626,5519196676,53,up,176.941,147.179,17.694,5.3378,0
2026-03-07 04:35:00,10144683609,4418558691,80,up,270.525,117.828,27.052,8.0392,0
2026-03-07 04:40:00,8458399496,6339025578,29,up,225.557,169.041,22.556,2.9359,0
2026-03-07 04:45:00,6701218480,6711240783,41,up,178.699,178.966,17.87,4.1489,1
2026-03-07 04:50:00,7968952117,6321389456,1,up,212.505,168.57,21.251,0.1864,0
2026-03-07 04:55:00,9076607766,5539034043,26,up,242.043,147.708,24.204,2.629,0
2026-03-07 05:00:00,9412933936,5182791289,45,up,251.012,138.208,25.101,4.5052,0
2026-03-07 05:05:00,9677167778,6356038222,21,up,258.058,169.494,25.806,2.1974,0
2026-03-07 05:10:00,8120825039,6101864846,28,up,216.555,162.716,21.656,2.8809,0
2026-03-07 05:15:00,10721524817,5909429308,73,up,285.907,157.585,28.591,7.3348,0
2026-03-07 05:20:00,8703493367,7312173606,7,up,232.093,194.991,23.209,0.7065,0
2026-03-07 05:25:00,7491221856,5318303932,3,up,199.766,141.821,19.977,0.3309,0
2026-03-07 05:30:00,9252348652,7278026655,37,up,246.729,194.081,24.673,3.7544,0
2026-03-07 05:35:00,6589570555,6022884411,66,up,175.722,160.61,17.572,6.6999,1
2026-03-07 05:40:00,9555663112,4678389256,60,up,254.818,124.757,25.482,6.0813,0
2026-03-07 05:45:00,10907398954,5870974088,32,up,290.864,156.559,29.086,3.2839,0
2026-03-07 05:50:00,9108995058,6690837175,57,up,242.907,178.422,24.291,5.7313,0
2026-03-07 05:55:00,9240427922,5737160376,38,up,246.411,152.991,24.641,3.8598,0
2026-03-07 06:00:00,8133917571,4938159450,2,up,216.904,131.684,21.69,0.2926,0
2026-03-07 06:05:00,10298122690,5881549537,45,up,274.617,156.841,27.462,4.5941,0
2026-03-07 06:10:00,9582347697,5382835890,6,up,255.529,143.542,25.553,0.6325,0
2026-03-07 06:15:00,8902468806,6354106368,8,up,237.399,169.443,23.74,0.864,0
2026-03-07 06:20:00,5062568678,6556847867,78,up,135.002,174.849,13.5,7.8328,1
2026-03-07 06:25:00,10999963719,5239485306,12,up,293.332,139.72,29.333,1.2087,0
2026-03-07 06:30:00,5595702027,5491821080,37,up,149.219,146.449,14.922,3.7306,1
2026-03-07 06:35:00,8709812239,6544782574,5,up,232.262,174.528,23.226,0.5934,0
2026-03-07 06:40:00,9778137574,5381632119,11,up,260.75,143.51,26.075,1.1135,0
2026-03-07 06:45:00,8028872330,5220846142,0,up,214.103,139.223,21.41,0.0635,0
2026-03-07 06:50:00,7694801499,5151342385,20,up,205.195,137.369,20.519,2.0492,0
2026-03-07 06:55:00,6985558969,6253467801,46,up,186.282,166.759,18.628,4.6834,0
2026-03-07 07:00:00,10186121572,6222593558,63,up,271.63,165.936,27.163,6.3433,0
2026-03-07 07:05:00,8761665474,5507486858,54,up,233.644,146.866,23.364,5.495,0
2026-03-07 07:10:00,12668178854,6003661485,17,up,337.818,160.098,33.782,1.7236,0
2026-03-07 07:15:00,8256350551,7099535316,41,up,220.169,189.321,22.017,4.1949,0
2026-03-07 07:20:00,8338367598,5298676687,10,up,222.356,141.298,22.236,1.0865,0
2026-03-07 07:25:00,8738932908,4594745321,1,up,233.038,122.527,23.304,0.1829,0
2026-03-07 07:30:00,9648526487,6327654414,36,up,257.294,168.737,25.729,3.6062,0
2026-03-07 07:35:00,8846021243,5920511161,33,up,235.894,157.88,23.589,3.3484,0
2026-03-07 07:40:00,7044711618,5488781937,66,up,187.859,146.368,18.786,6.6008,1
2026-03-07 07:45:00,8274088061,6469497770,30,up,220.642,172.52,22.064,3.0636,0
2026-03-07 07:50:00,7820709316,6604242104,5,up,208.552,176.113,20.855,0.5461,0
2026-03-07 07:55:00,7352008418,4410039825,61,up,196.054,117.601,19.605,6.139,0
2026-03-07 08:00:00,6873479061,5530129505,31,up,183.293,147.47,18.329,3.1579,0
2026-03-07 08:05:00,6154520647,7668611686,78,up,164.121,204.496,16.412,7.8989,1
2026-03-07 08:10:00,9036397148,6420051539,47,up,240.971,171.201,24.097,4.7606,0
2026-03-07 08:15:00,8664633344,6486794619,11,up,231.057,172.981,23.106,1.1316,0
2026-03-07 08:20:00,10773831521,6844483880,2,up,287.302,182.52,28.73,0.2479,0
2026-03-07 08:25:00,10756533985,6012289554,6,up,286.841,160.328,28.684,0.6214,0
2026-03-07 08:30:00,8998346639,6573612595,3,up,239.956,175.296,23.996,0.3119,0
2026-03-07 08:35:00,7356838747,6517004671,8,up,196.182,173.787,19.618,0.8926,0
2026-03-07 08:40:00,8737456753,6388109877,19,up,232.999,170.35,23.3,1.969,0
2026-03-07 08:45:00,8700200931,5768151381,75,up,232.005,153.817,23.201,7.594,0
2026-03-07 08:50:00,6045006217,6123882424,43,up,161.2,163.304,16.12,4.3956,1
2026-03-07 08:55:00,8590066233,5576379673,40,up,229.068,148.703,22.907,4.0575,0
2026-03-07 09:00:00,8639854242,6009226299,0,up,230.396,160.246,23.04,0.0781,0
2026-03-07 09:05:00,8940140682,5158686557,13,up,238.404,137.565,23.84,1.3364,0
2026-03-07 09:10:00,8660016263,5430750726,36,up,230.934,144.82,23.093,3.6698,0
2026-03-07 09:15:00,9609362822,5796735329,4,up,256.25,154.58,25.625,0.4421,0
2026-03-07 09:20:00,9780414805,5320532089,51,up,260.811,141.881,26.081,5.1677,0
2026-03-07 09:25:00,8350524276,5636387565,78,up,222.681,150.304,22.268,7.8723,0
2026-03-07 09:30:00,10804948491,5881973296,13,up,288.132,156.853,28.813,1.3988,0
2026-03-07 09:35:00,8272429910,6289628888,39,up,220.598,167.723,22.06,3.9157,0
2026-03-07 09:40:00,7554974309,6683465257,5,up,201.466,178.226,20.147,0.5133,0
2026-03-07 09:45:00,6862362731,5666075252,66,up,182.996,151.095,18.3,6.6006,1
2026-03-07 09:50:00,8455415848,6961275324,0,up,225.478,185.634,22.548,0.0694,0
2026-03-07 09:55:00,9736452904,6675799976,5,up,259.639,178.021,25.964,0.523,0
2026-03-07 10:00:00,6670872823,6362947558,39,up,177.89,169.679,17.789,3.9599,0
2026-03-07 10:05:00,10941512934,6110627373,39,up,291.774,162.95,29.177,3.9817,0
2026-03-07 10:10:00,10131330084,6229767006,32,up,270.169,166.127,27.017,3.2796,0
2026-03-07 10:15:00,7686963882,6854676828,20,up,204.986,182.791,20.499,2.0764,0
2026-03-07 10:20:00,7711375735,6880977355,35,up,205.637,183.493,20.564,3.5957,0
2026-03-07 10:25:00,11256299142,6961161644,47,up,300.168,185.631,30.017,4.7563,0
2026-03-07 10:30:00,8545447608,6029755318,108,up,227.879,160.793,22.788,10.8661,0
2026-03-07 10:35:00,8436542045,6399576358,70,up,224.974,170.655,22.497,7.024,0
2026-03-07 10:40:00,6825691394,6967353484,50,up,182.018,185.796,18.202,5.0639,0
2026-03-07 10:45:00,8980374518,5550924454,37,up,239.477,148.025,23.948,3.7973,0
2026-03-07 10:50:00,9118815433,5770739865,27,up,243.168,153.886,24.317,2.7318,0
2026-03-07 10:55:00,10179929733,6011546397,4,up,271.465,160.308,27.146,0.4113,0
2026-03-07 11:00:00,7801036768,6647711091,5,up,208.028,177.272,20.803,0.5792,0
2026-03-07 11:05:00,7664677358,6658923948,54,up,204.391,177.571,20.439,5.4923,0
2026-03-07 11:10:00,9882332964,5833777839,52,up,263.529,155.567,26.353,5.2037,0
2026-03-07 11:15:00,10507571330,4913801192,30,up,280.202,131.035,28.02,3.0499,0
2026-03-07 11:20:00,7607453604,6177252439,18,up,202.865,164.727,20.287,1.8488,0
2026-03-07 11:25:00,10591703347,5338812381,0,up,282.445,142.368,28.245,0.0844,0
2026-03-07 11:30:00,9417234571,4927245932,12,up,251.126,131.393,25.113,1.2681,0
2026-03-07 11:35:00,10603281006,5090012476,17,up,282.754,135.734,28.275,1.7467,0
2026-03-07 11:40:00,9296002093,6234994325,21,up,247.893,166.267,24.789,2.1286,0
2026-03-07 11:45:00,6537437342,6979946899,84,up,174.332,186.132,17.433,8.4789,0
2026-03-07 11:50:00,6442825686,6028004051,43,up,171.809,160.747,17.181,4.3106,1
2026-03-07 11:55:00,10567661796,6152194071,23,up,281.804,164.059,28.18,2.3412,0
2026-03-07 12:00:00,8369535728,6851684355,14,up,223.188,182.712,22.319,1.468,0
2026-03-07 12:05:00,8938539409,4887992465,147,up,238.361,130.346,23.836,14.7681,0
2026-03-07 12:10:00,9176849808,6374527023,63,up,244.716,169.987,24.472,6.3345,0
2026-03-07 12:15:00,6113046885,5991655355,18,up,163.015,159.777,16.301,1.8485,0
2026-03-07 12:20:00,11255266022,6407561370,259,up,300.14,170.868,30.014,25.911,0
2026-03-07 12:25:00,5852666652,5651891585,58,up,156.071,150.717,15.607,5.8267,1
2026-03-07 12:30:00,9943952361,5411085150,5,up,265.172,144.296,26.517,0.5852,0
2026-03-07 12:35:00,6494222855,6101166411,40,up,173.179,162.698,17.318,4.0638,1
2026-03-07 12:40:00,10789821438,7187417752,8,up,287.729,191.664,28.773,0.8206,0
2026-03-07 12:45:00,9831813137,6619855275,32,up,262.182,176.529,26.218,3.2367,0
2026-03-07 12:50:00,9110710194,5634461205,88,up,242.952,150.252,24.295,8.8692,0
2026-03-07 12:55:00,8369795520,5034500134,49,up,223.195,134.253,22.319,4.9367,0
2026-03-07 13:00:00,10272582039,4788911555,10,up,273.936,127.704,27.394,1.021,0
2026-03-07 13:05:00,7267378533,6947591605,11,up,193.797,185.269,19.38,1.127,0
2026-03-07 13:10:00,7071138705,5312340752,37,up,188.564,141.662,18.856,3.7111,1
2026-03-07 13:15:00,8138574654,5765630342,10,up,217.029,153.75,21.703,1.0774,0
2026-03-07 13:20:00,10783819119,6951272010,3,up,287.569,185.367,28.757,0.311,0
2026-03-07 13:25:00,9556461985,4837990952,22,up,254.839,129.013,25.484,2.2145,0
2026-03-07 13:30:00,10099639238,7074430446,39,up,269.324,188.651,26.932,3.943,0
2026-03-07 13:35:00,9467237415,5817378873,44,up,252.46,155.13,25.246,4.4513,0
2026-03-07 13:40:00,7403575767,5173020013,1,up,197.429,137.947,19.743,0.1964,0
2026-03-07 13:45:00,8406679691,5821907332,13,up,224.178,155.251,22.418,1.3294,0
2026-03-07 13:50:00,10131438004,5479730317,10,up,270.172,146.126,27.017,1.0877,0
2026-03-07 13:55:00,6693741456,6317390255,47,up,178.5,168.464,17.85,4.7878,1
2026-03-07 14:00:00,10703613643,5533344647,14,up,285.43,147.556,28.543,1.4405,0
2026-03-07 14:05:00,9828683883,4623617608,11,up,262.098,123.296,26.21,1.1383,0
2026-03-07 14:10:00,8287460372,5841194975,32,up,220.999,155.765,22.1,3.2208,0
2026-03-07 14:15:00,5935599491,5023287562,70,up,158.283,133.954,15.828,7.0171,1
2026-03-07 14:20:00,9490782064,6147110316,19,up,253.088,163.923,25.309,1.9414,0
2026-03-07 14:25:00,4740190298,5145266160,38,up,126.405,137.207,12.641,3.8284,1
2026-03-07 14:30:00,11257622121,5648630781,5,up,300.203,150.63,30.02,0.5051,0
2026-03-07 14:35:00,9871965078,6131463219,72,up,263.252,163.506,26.325,7.2111,0
2026-03-07 14:40:00,7528789745,5847029717,35,up,200.768,155.921,20.077,3.533,1
2026-03-07 14:45:00,7596820566,6180309803,6,up,202.582,164.808,20.258,0.6826,0
2026-03-07 14:50:00,10775135805,6489806759,3,up,287.337,173.062,28.734,0.3602,0
2026-03-07 14:55:00,11885436274,5166287736,11,up,316.945,137.768,31.694,1.1859,0
2026-03-07 15:00:00,7889011850,5953633770,25,up,210.374,158.764,21.037,2.5724,0
2026-03-07 15:05:00,7169978913,3602757265,73,up,191.199,96.074,19.12,7.3709,1
2026-03-07 15:10:00,9376248687,6178079977,50,up,250.033,164.749,25.003,5.0458,0
2026-03-07 15:15:00,5346258344,5783413826,61,up,142.567,154.224,14.257,6.182,1
2026-03-07 15:20:00,6950646127,5291916170,37,up,185.351,141.118,18.535,3.7495,1
2026-03-07 15:25:00,10312803605,6227317984,31,up,275.008,166.062,27.501,3.1242,0
2026-03-07 15:30:00,8698732628,6844342255,55,up,231.966,182.516,23.197,5.5362,0
2026-03-07 15:35:00,10686656085,5657267221,42,up,284.977,150.86,28.498,4.2673,0
2026-03-07 15:40:00,5249923817,5319733567,53,up,139.998,141.86,14.0,5.3049,1
2026-03-07 15:45:00,7693399335,6118818188,35,up,205.157,163.168,20.516,3.5398,0
2026-03-07 15:50:00,9528672070,5038363200,43,up,254.098,134.356,25.41,4.3843,0
2026-03-07 15:55:00,9403558437,5524525413,4,up,250.762,147.321,25.076,0.4572,0
2026-03-07 16:00:00,8568854825,6880129556,7,up,228.503,183.47,22.85,0.7159,0
2026-03-07 16:05:00,10285793740,6044769045,37,up,274.288,161.194,27.429,3.7332,0
2026-03-07 16:10:00,9972256103,4646783785,60,up,265.927,123.914,26.593,6.0799,0
2026-03-07 16:15:00,7238284518,4706166013,78,up,193.021,125.498,19.302,7.8798,1
2026-03-07 16:20:00,9236471510,6116701698,125,up,246.306,163.112,24.631,12.501,0
2026-03-07 16:25:00,10052902801,6620921214,7,up,268.077,176.558,26.808,0.779,0
2026-03-07 16:30:00,8873643409,4835312549,17,up,236.63,128.942,23.663,1.725,0
2026-03-07 16:35:00,11685546026,6323793077,15,up,311.615,168.634,31.161,1.5221,0
2026-03-07 16:40:00,8460886008,6957847325,85,up,225.624,185.543,22.562,8.5232,0
2026-03-07 16:45:00,11743459608,7359258471,10,up,313.159,196.247,31.316,1.0752,0
2026-03-07 16:50:00,9414248940,6238480387,20,up,251.047,166.359,25.105,2.0364,0
2026-03-07 16:55:00,7827550249,6364897868,6,up,208.735,169.731,20.873,0.6634,0
2026-03-07 17:00:00,10914089269,4464107212,23,up,291.042,119.043,29.104,2.3572,0
2026-03-07 17:05:00,9516639061,7511821834,62,up,253.777,200.315,25.378,6.2328,0
2026-03-07 17:10:00,10332514610,5585647046,11,up,275.534,148.951,27.553,1.1599,0
2026-03-07 17:15:00,10751837908,5327900765,53,up,286.716,142.077,28.672,5.3277,0
2026-03-07 17:20:00,9755199998,5816251583,77,up,260.139,155.1,26.014,7.7524,0
2026-03-07 17:25:00,8708729049,7088404858,2,up,232.233,189.024,23.223,0.2424,0
2026-03-07 17:30:00,10472677549,7589793154,45,up,279.271,202.394,27.927,4.5195,0
2026-03-07 17:35:00,9375849945,6090294249,9,up,250.023,162.408,25.002,0.9435,0
2026-03-07 17:40:00,10146590045,6718620604,6,up,270.576,179.163,27.058,0.6169,0
2026-03-07 17:45:00,6952053104,6031106915,29,up,185.388,160.83,18.539,2.9411,0
2026-03-07 17:50:00,9877854431,5252787259,39,up,263.409,140.074,26.341,3.913,0
2026-03-07 17:55:00,8656590946,7063255442,16,up,230.842,188.353,23.084,1.6068,0
2026-03-07 18:00:00,11234973341,5552068214,1,up,299.599,148.055,29.96,0.1279,0
2026-03-07 18:05:00,10075973266,7105582156,76,up,268.693,189.482,26.869,7.6597,0
2026-03-07 18:10:00,9644839964,6934949757,41,up,257.196,184.932,25.72,4.1987,0
2026-03-07 18:15:00,9922098742,6442106110,10,up,264.589,171.789,26.459,1.0144,0
2026-03-07 18:20:00,8251754040,7316861824,21,up,220.047,195.116,22.005,2.1981,0
2026-03-07 18:25:00,11201163776,7607289143,0,up,298.698,202.861,29.87,0.0902,0
2026-03-07 18:30:00,11615291720,5873824778,13,up,309.741,156.635,30.974,1.3262,0
2026-03-07 18:35:00,9817027699,5417668234,23,up,261.787,144.471,26.179,2.3656,0
2026-03-07 18:40:00,11164204014,4657725717,23,up,297.712,124.206,29.771,2.3302,0
2026-03-07 18:45:00,8734708276,7616171223,7,up,232.926,203.098,23.293,0.747,0
2026-03-07 18:50:00,8478247237,5683428953,47,up,226.087,151.558,22.609,4.7982,0
2026-03-07 18:55:00,9421040342,6817226537,11,up,251.228,181.793,25.123,1.1362,0
2026-03-07 19:00:00,9864308668,5466296135,27,up,263.048,145.768,26.305,2.7791,0
2026-03-07 19:05:00,8931764983,7107551261,10,up,238.18,189.535,23.818,1.0138,0
2026-03-07 19:10:00,9979989214,5495915333,17,up,266.133,146.558,26.613,1.7718,0
2026-03-07 19:15:00,9719688167,5141962223,7,up,259.192,137.119,25.919,0.7443,0
2026-03-07 19:20:00,8251904877,5849875369,32,up,220.051,155.997,22.005,3.2077,0
2026-03-07 19:25:00,9958642144,5617121495,17,up,265.564,149.79,26.556,1.7741,0
2026-03-07 19:30:00,10346469272,6429335845,0,up,275.906,171.449,27.591,0.052,0
2026-03-07 19:35:00,9567902982,5962995652,0,up,255.144,159.013,25.514,0.0914,0
2026-03-07 19:40:00,10671729116,6451945724,20,up,284.579,172.052,28.458,2.0385,0
2026-03-07 19:45:00,8005420732,5790464539,6,up,213.478,154.412,21.348,0.6477,0
2026-03-07 19:50:00,9901444224,5521122692,28,up,264.039,147.23,26.404,2.8146,0
2026-03-07 19:55:00,8058434205,5579836405,16,up,214.892,148.796,21.489,1.6786,0
2026-03-07 20:00:00,8121658471,7472355934,34,up,216.578,199.263,21.658,3.4001,0
2026-03-07 20:05:00,8665202812,6162123071,97,up,231.072,164.323,23.107,9.7434,0
2026-03-07 20:10:00,8315182293,4571691209,24,up,221.738,121.912,22.174,2.4075,0
2026-03-07 20:15:00,8758504703,5625449510,49,up,233.56,150.012,23.356,4.9544,0
2026-03-07 20:20:00,9134080900,6069743543,44,up,243.575,161.86,24.358,4.4753,0
2026-03-07 20:25:00,10316798797,7328687770,81,up,275.115,195.432,27.511,8.1548,0
2026-03-07 20:30:00,9013696081,6740663075,7,up,240.365,179.751,24.037,0.7706,0
2026-03-07 20:35:00,7591171079,5336363157,56,up,202.431,142.303,20.243,5.6203,0
2026-03-07 20:40:00,10657576327,7741216142,75,up,284.202,206.432,28.42,7.55,0
2026-03-07 20:45:00,8433273599,5977564537,15,up,224.887,159.402,22.489,1.5963,0
2026-03-07 20:50:00,9308939519,6897357463,12,up,248.238,183.93,24.824,1.2052,0
2026-03-07 20:55:00,9877353570,5168393881,97,up,263.396,137.824,26.34,9.7194,0
2026-03-07 21:00:00,9599561720,4273322571,31,up,255.988,113.955,25.599,3.1612,0
2026-03-07 21:05:00,10605951990,4985929326,15,up,282.825,132.958,28.283,1.5332,0
2026-03-07 21:10:00,9913878536,3659759897,50,up,264.37,97.594,26.437,5.022,0
2026-03-07 21:15:00,8406026722,7520704315,11,up,224.161,200.552,22.416,1.1619,0
2026-03-07 21:20:00,11825882445,6154463701,6,up,315.357,164.119,31.536,0.6211,0
2026-03-07 21:25:00,9593625146,5334256306,25,up,255.83,142.247,25.583,2.5126,0
2026-03-07 21:30:00,9209242245,6325889301,26,up,245.58,168.69,24.558,2.6726,0
2026-03-07 21:35:00,10459416100,6136320506,55,up,278.918,163.635,27.892,5.5912,0
2026-03-07 21:40:00,9655632314,6447072044,19,up,257.484,171.922,25.748,1.9542,0
2026-03-07 21:45:00,9824131717,6870862608,53,up,261.977,183.223,26.198,5.3925,0
2026-03-07 21:50:00,12178706998,5791256769,11,up,324.766,154.434,32.477,1.1935,0
2026-03-07 21:55:00,9065488393,5366515699,27,up,241.746,143.107,24.175,2.7409,0
2026-03-07 22:00:00,9017518994,6595998154,7,up,240.467,175.893,24.047,0.7481,0
2026-03-07 22:05:00,9506150826,6577679600,15,up,253.497,175.405,25.35,1.5579,0
2026-03-07 22:10:00,10580455427,6072529781,62,up,282.145,161.934,28.215,6.2358,0
2026-03-07 22:15:00,7680149216,7567839015,7,up,204.804,201.809,20.48,0.7787,0
2026-03-07 22:20:00,7163749622,5684768071,53,up,191.033,151.594,19.103,5.3184,0
2026-03-07 22:25:00,8714495320,5352102260,10,up,232.387,142.723,23.239,1.064,0
2026-03-07 22:30:00,7536836671,6301025827,1,up,200.982,168.027,20.098,0.1123,0
2026-03-07 22:35:00,8897064734,5514044743,3,up,237.255,147.041,23.726,0.3727,0
2026-03-07 22:40:00,9940312158,6356771897,43,up,265.075,169.514,26.507,4.3838,0
2026-03-07 22:45:00,8372907528,5400234055,9,up,223.278,144.006,22.328,0.9725,0
2026-03-07 22:50:00,5438874070,5711825556,52,up,145.037,152.315,14.504,5.2832,1
2026-03-07 22:55:00,9453004306,7361405102,38,up,252.08,196.304,25.208,3.8442,0
2026-03-07 23:00:00,10345361420,5707977103,13,up,275.876,152.213,27.588,1.3546,0
2026-03-07 23:05:00,7468154881,5424826888,20,up,199.151,144.662,19.915,2.0614,0
2026-03-07 23:10:00,10297761448,6842888727,16,up,274.607,182.477,27.461,1.6548,0
2026-03-07 23:15:00,10294469479,5243249795,94,up,274.519,139.82,27.452,9.421,0
2026-03-07 23:20:00,10448345739,5501080874,12,up,278.623,146.695,27.862,1.2339,0
2026-03-07 23:25:00,10745790241,6415124006,6,up,286.554,171.07,28.655,0.648,0
2026-03-07 23:30:00,11852265665,6675656225,14,up,316.06,178.017,31.606,1.4562,0
2026-03-07 23:35:00,8974396445,6878743001,35,up,239.317,183.433,23.932,3.543,0
2026-03-07 23:40:00,9498268027,5462000280,38,up,253.287,145.653,25.329,3.8247,0
2026-03-07 23:45:00,8906506762,6429126244,82,up,237.507,171.443,23.751,8.2489,0
2026-03-07 23:50:00,9377223950,5664402096,68,up,250.059,151.051,25.006,6.832,0
2026-03-07 23:55:00,11099482525,5563927943,10,up,295.986,148.371,29.599,1.0884,0
2026-03-08 00:00:00,7861858705,6866313203,19,up,209.65,183.102,20.965,1.9433,0
2026-03-08 00:05:00,8406319118,5604320834,44,up,224.169,149.449,22.417,4.4014,0
2026-03-08 00:10:00,10924328553,6200307309,79,up,291.315,165.342,29.132,7.9467,0
2026-03-08 00:15:00,10522541070,6112017217,13,up,280.601,162.987,28.06,1.3159,0
2026-03-08 00:20:00,8966476897,5229056849,18,up,239.106,139.442,23.911,1.8809,0
2026-03-08 00:25:00,10336202251,6695586855,73,up,275.632,178.549,27.563,7.3516,0
2026-03-08 00:30:00,9758867822,6403402243,14,up,260.236,170.757,26.024,1.4205,0
2026-03-08 00:35:00,11062808935,4569870759,20,up,295.008,121.863,29.501,2.0957,0
2026-03-08 00:40:00,9458823293,6199743200,75,up,252.235,165.326,25.224,7.5158,0
2026-03-08 00:45:00,10528836128,5443459127,51,up,280.769,145.159,28.077,5.1863,0
2026-03-08 00:50:00,12347263399,6789894220,8,up,329.26,181.064,32.926,0.8927,0
2026-03-08 00:55:00,10047861549,4959312117,12,up,267.943,132.248,26.794,1.2568,0
2026-03-08 01:00:00,9430494186,5743336582,13,up,251.48,153.156,25.148,1.3931,0
2026-03-08 01:05:00,10187752858,6260657676,78,up,271.673,166.951,27.167,7.8043,0
2026-03-08 01:10:00,8964059034,6039125011,218,up,239.042,161.043,23.904,21.8995,0
2026-03-08 01:15:00,12061463668,6549329944,47,up,321.639,174.649,32.164,4.7592,0
2026-03-08 01:20:00,6704305942,4906736170,39,up,178.781,130.846,17.878,3.9372,1
2026-03-08 01:25:00,9067950014,7189378322,0,up,241.812,191.717,24.181,0.0327,0
2026-03-08 01:30:00,8434849869,6378104154,38,up,224.929,170.083,22.493,3.826,0
2026-03-08 01:35:00,10609372715,6978997113,15,up,282.917,186.107,28.292,1.5784,0
2026-03-08 01:40:00,10350585839,6629452921,32,up,276.016,176.785,27.602,3.2075,0
2026-03-08 01:45:00,8815476332,5991640717,29,up,235.079,159.777,23.508,2.9861,0
2026-03-08 01:50:00,10023507763,5075377288,20,up,267.294,135.343,26.729,2.0977,0
2026-03-08 01:55:00,7677874535,5594241709,92,up,204.743,149.18,20.474,9.2459,0
2026-03-08 02:00:00,9583091896,7144485599,0,up,255.549,190.52,25.555,0.0749,0
2026-03-08 02:05:00,9884350896,6997515202,39,up,263.583,186.6,26.358,3.9848,0
2026-03-08 02:10:00,11295746035,5553888014,16,up,301.22,148.104,30.122,1.6876,0
2026-03-08 02:15:00,8507828846,3970820913,40,up,226.875,105.889,22.688,4.0033,0
2026-03-08 02:20:00,7936853292,5846863391,35,up,211.649,155.916,21.165,3.5987,0
2026-03-08 02:25:00,8367643543,5792853920,0,up,223.137,154.476,22.314,0.0329,0
2026-03-08 02:30:00,7871360437,5820163719,10,up,209.903,155.204,20.99,1.075,0
2026-03-08 02:35:00,7615117669,6380548225,59,up,203.07,170.148,20.307,5.9162,1
2026-03-08 02:40:00,11117219206,6630873057,5,up,296.459,176.823,29.646,0.5847,0
2026-03-08 02:45:00,9735243650,6713015673,41,up,259.606,179.014,25.961,4.1719,0
2026-03-08 02:50:00,10748956813,6320910580,8,up,286.639,168.558,28.664,0.8763,0
2026-03-08 02:55:00,9525703178,4703445094,20,up,254.019,125.425,25.402,2.0603,0
2026-03-08 03:00:00,9267999396,5754336192,9,up,247.147,153.449,24.715,0.9078,0
2026-03-08 03:05:00,9000332678,7658944644,27,up,240.009,204.239,24.001,2.7778,0
2026-03-08 03:10:00,9025810134,6269436049,40,up,240.688,167.185,24.069,4.0801,0
2026-03-08 03:15:00,7633723249,6264830089,12,up,203.566,167.062,20.357,1.2867,0
2026-03-08 03:20:00,9672286609,6258829876,29,up,257.928,166.902,25.793,2.9564,0
2026-03-08 03:25:00,9329624351,6299073328,55,up,248.79,167.975,24.879,5.5748,0
2026-03-08 03:30:00,7149471570,4284159229,78,up,190.653,114.244,19.065,7.8728,1
2026-03-08 03:35:00,9480213933,5827542491,39,up,252.806,155.401,25.281,3.9686,0
2026-03-08 03:40:00,9191958335,5972717161,12,up,245.119,159.272,24.512,1.249,0
2026-03-08 03:45:00,8394907841,6922676687,4,up,223.864,184.605,22.386,0.4187,0
2026-03-08 03:50:00,9456172391,6034324484,25,up,252.165,160.915,25.216,2.5245,0
2026-03-08 03:55:00,10205516884,4814511801,8,up,272.147,128.387,27.215,0.8209,0
2026-03-08 04:00:00,5662120544,6309664192,36,up,150.99,168.258,15.099,3.7,1
2026-03-08 04:05:00,9473407972,5421246253,1,up,252.624,144.567,25.262,0.1403,0
2026-03-08 04:10:00,9637173320,5123914338,3,up,256.991,136.638,25.699,0.3324,0
2026-03-08 04:15:00,8567177118,5399405486,23,up,228.458,143.984,22.846,2.3553,0
2026-03-08 04:20:00,8713661656,6390603045,28,up,232.364,170.416,23.236,2.8449,0
2026-03-08 04:25:00,9634437204,6906308092,41,up,256.918,184.168,25.692,4.1885,0
2026-03-08 04:30:00,8099901354,6347709560,9,up,215.997,169.272,21.6,0.9603,0
2026-03-08 04:35:00,9768664179,6455056721,58,up,260.498,172.135,26.05,5.8997,0
2026-03-08 04:40:00,8367726329,6340592596,97,up,223.139,169.082,22.314,9.7941,0
2026-03-08 04:45:00,10570710404,6072955567,22,up,281.886,161.945,28.189,2.2119,0
2026-03-08 04:50:00,12005056213,6501790057,45,up,320.135,173.381,32.013,4.5739,0
2026-03-08 04:55:00,8406648598,4258481663,23,up,224.177,113.56,22.418,2.3812,0
2026-03-08 05:00:00,9975983845,6079983612,2,up,266.026,162.133,26.603,0.2304,0
2026-03-08 05:05:00,8557415357,5247653975,12,up,228.198,139.937,22.82,1.263,0
2026-03-08 05:10:00,10546073445,6837289852,2,up,281.229,182.328,28.123,0.293,0
2026-03-08 05:15:00,7951584289,5894048180,143,up,212.042,157.175,21.204,14.3966,0
2026-03-08 05:20:00,9915660103,6022282623,8,up,264.418,160.594,26.442,0.8323,0
2026-03-08 05:25:00,8392887412,4916348250,32,up,223.81,131.103,22.381,3.233,0
2026-03-08 05:30:00,9142142337,6732118240,10,up,243.79,179.523,24.379,1.0706,0
2026-03-08 05:35:00,8215096565,6451676246,33,up,219.069,172.045,21.907,3.3892,0
2026-03-08 05:40:00,10300144279,6401002475,7,up,274.671,170.693,27.467,0.7559,0
2026-03-08 05:45:00,8433397101,5414623546,49,up,224.891,144.39,22.489,4.9228,0
2026-03-08 05:50:00,9995959791,5442979311,3,up,266.559,145.146,26.656,0.3758,0
2026-03-08 05:55:00,8987889718,6160991607,72,up,239.677,164.293,23.968,7.2167,0
2026-03-08 06:00:00,9246218581,5499961144,58,up,246.566,146.666,24.657,5.8727,0
2026-03-08 06:05:00,9541225395,6313122933,36,up,254.433,168.35,25.443,3.6343,0
2026-03-08 06:10:00,8517947244,4444142926,2,up,227.145,118.51,22.715,0.2233,0
2026-03-08 06:15:00,9611663002,5648967919,7,up,256.311,150.639,25.631,0.7485,0
2026-03-08 06:20:00,11096626384,7293662495,62,up,295.91,194.498,29.591,6.277,0
2026-03-08 06:25:00,8499643365,6316429796,4,up,226.657,168.438,22.666,0.4163,0
2026-03-08 06:30:00,10693286411,6120091438,5,up,285.154,163.202,28.515,0.5425,0
2026-03-08 06:35:00,11060359837,7429363105,25,up,294.943,198.116,29.494,2.5129,0
2026-03-08 06:40:00,8456825637,4318113394,10,up,225.515,115.15,22.552,1.0254,0
2026-03-08 06:45:00,7738063569,5412975997,8,up,206.348,144.346,20.635,0.8036,0
2026-03-08 06:50:00,9714706012,5711155316,27,up,259.059,152.297,25.906,2.7443,0
2026-03-08 06:55:00,8759166536,6618012887,14,up,233.578,176.48,23.358,1.4916,0
2026-03-08 07:00:00,11477178621,6630472581,4,up,306.058,176.813,30.606,0.4847,0
2026-03-08 07:05:00,9414158483,5376475169,24,up,251.044,143.373,25.104,2.4493,0
2026-03-08 07:10:00,8472525665,6718527111,15,up,225.934,179.161,22.593,1.5661,0
2026-03-08 07:15:00,8084445550,5709613367,42,up,215.585,152.256,21.559,4.2439,0
2026-03-08 07:20:00,10601143078,6872380530,3,up,282.697,183.263,28.27,0.347,0
2026-03-08 07:25:00,8732418029,5256497257,31,up,232.864,140.173,23.286,3.1014,0
2026-03-08 07:30:00,9424307399,5911215648,18,up,251.315,157.632,25.131,1.8354,0
2026-03-08 07:35:00,10450278088,5647079532,16,up,278.674,150.589,27.867,1.6671,0
2026-03-08 07:40:00,8830209354,6760341867,8,up,235.472,180.276,23.547,0.8459,0
2026-03-08 07:45:00,9323330067,5623597524,0,up,248.622,149.963,24.862,0.0989,0
2026-03-08 07:50:00,9356360538,5969437059,60,up,249.503,159.185,24.95,6.0219,0
2026-03-08 07:55:00,10143740075,6364904206,12,up,270.5,169.731,27.05,1.2644,0
2026-03-08 08:00:00,10039587377,6392586107,36,up,267.722,170.469,26.772,3.6571,0
2026-03-08 08:05:00,9127372052,6638605877,94,up,243.397,177.029,24.34,9.4355,0
2026-03-08 08:10:00,9446605194,6152009839,26,up,251.909,164.054,25.191,2.6636,0
2026-03-08 08:15:00,8956748612,5698860780,16,up,238.847,151.97,23.885,1.6195,0
2026-03-08 08:20:00,7712686042,5748216903,9,up,205.672,153.286,20.567,0.9995,0
2026-03-08 08:25:00,9664800964,6018484066,87,up,257.728,160.493,25.773,8.7,0
2026-03-08 08:30:00,11503715730,6179706582,36,up,306.766,164.792,30.677,3.667,0
2026-03-08 08:35:00,8380815966,5894036413,35,up,223.488,157.174,22.349,3.5023,0
2026-03-08 08:40:00,8505341576,6013826463,17,up,226.809,160.369,22.681,1.7773,0
2026-03-08 08:45:00,8395431256,4907577220,59,up,223.878,130.869,22.388,5.9669,0
2026-03-08 08:50:00,7133116025,6480495804,55,up,190.216,172.813,19.022,5.5915,1
2026-03-08 08:55:00,6915682295,6130400848,71,up,184.418,163.477,18.442,7.1073,1
2026-03-08 09:00:00,9196645096,6721346697,29,up,245.244,179.236,24.524,2.9288,0
2026-03-08 09:05:00,8342228555,6000115565,17,up,222.459,160.003,22.246,1.7999,0
2026-03-08 09:10:00,9478923890,4748353743,0,up,252.771,126.623,25.277,0.0212,0
2026-03-08 09:15:00,7614800106,5741918743,52,up,203.061,153.118,20.306,5.2746,0
2026-03-08 09:20:00,9536354887,5856050455,4,up,254.303,156.161,25.43,0.4194,0
2026-03-08 09:25:00,10355464934,6534890379,22,up,276.146,174.264,27.615,2.2824,0
2026-03-08 09:30:00,7967400971,4509403047,13,up,212.464,120.251,21.246,1.3114,0
2026-03-08 09:35:00,7650916938,6029649252,13,up,204.024,160.791,20.402,1.3398,0
2026-03-08 09:40:00,11151867628,6369846155,20,up,297.383,169.863,29.738,2.0764,0
2026-03-08 09:45:00,8686770405,5523728722,186,up,231.647,147.299,23.165,18.614,0
2026-03-08 09:50:00,10652941326,6053732167,16,up,284.078,161.433,28.408,1.6796,0
2026-03-08 09:55:00,9201752626,5548533713,6,up,245.38,147.961,24.538,0.6441,0
2026-03-08 10:00:00,9192800830,5474707488,30,up,245.141,145.992,24.514,3.0429,0
2026-03-08 10:05:00,9868214286,5705937707,8,up,263.152,152.158,26.315,0.8626,0
2026-03-08 10:10:00,8380501286,5488301765,3,up,223.48,146.355,22.348,0.3569,0
2026-03-08 10:15:00,9524059286,6492205184,1,up,253.975,173.125,25.397,0.1647,0
2026-03-08 10:20:00,8945824408,5470834648,0,up,238.555,145.889,23.856,0.0741,0
2026-03-08 10:25:00,7889444876,5349904794,18,up,210.385,142.664,21.039,1.8053,0
2026-03-08 10:30:00,9754667334,7272908640,17,up,260.124,193.944,26.012,1.7805,0
2026-03-08 10:35:00,9078778717,6691732808,6,up,242.101,178.446,24.21,0.6568,0
2026-03-08 10:40:00,9198347067,4659710380,49,up,245.289,124.259,24.529,4.9042,0
2026-03-08 10:45:00,8013568938,5449366831,4,up,213.695,145.316,21.37,0.443,0
2026-03-08 10:50:00,11165325413,6174573339,79,up,297.742,164.655,29.774,7.9003,0
2026-03-08 10:55:00,10361303459,6233103648,28,up,276.301,166.216,27.63,2.8343,0
2026-03-08 11:00:00,10459675369,4926845136,0,up,278.925,131.383,27.892,0.0896,0
2026-03-08 11:05:00,6321962296,6834167154,64,up,168.586,182.244,16.859,6.4625,1
2026-03-08 11:10:00,7429669249,6594161581,11,up,198.125,175.844,19.812,1.1779,0
2026-03-08 11:15:00,11572032055,6346969175,19,up,308.588,169.253,30.859,1.9129,0
2026-03-08 11:20:00,9306265303,6976844513,10,up,248.167,186.049,24.817,1.0702,0
2026-03-08 11:25:00,8532600229,6325648794,41,up,227.536,168.684,22.754,4.1712,0
2026-03-08 11:30:00,9843901771,6322978233,21,up,262.504,168.613,26.25,2.1277,0
2026-03-08 11:35:00,10688010886,7121529075,4,up,285.014,189.907,28.501,0.4544,0
2026-03-08 11:40:00,9349068124,6792878098,3,up,249.308,181.143,24.931,0.3521,0
2026-03-08 11:45:00,10813397063,5394114629,41,up,288.357,143.843,28.836,4.1355,0
2026-03-08 11:50:00,10593374930,6455900528,8,up,282.49,172.157,28.249,0.8659,0
2026-03-08 11:55:00,8164071164,5521727137,4,up,217.709,147.246,21.771,0.4744,0
2026-03-08 12:00:00,8616986131,6362991276,22,up,229.786,169.68,22.979,2.2144,0
2026-03-08 12:05:00,10452229308,6343161725,51,up,278.726,169.151,27.873,5.1948,0
2026-03-08 12:10:00,6323310865,5003903535,10,up,168.622,133.437,16.862,1.0458,0
2026-03-08 12:15:00,9206862345,5912271159,10,up,245.516,157.661,24.552,1.0354,0
2026-03-08 12:20:00,7765314898,6190985056,57,up,207.075,165.093,20.708,5.7442,0
2026-03-08 12:25:00,8838876973,5685871062,5,up,235.703,151.623,23.57,0.5119,0
2026-03-08 12:30:00,9038827399,6226591158,30,up,241.035,166.042,24.104,3.0688,0
2026-03-08 12:35:00,8971975074,6580246399,99,up,239.253,175.473,23.925,9.9245,0
2026-03-08 12:40:00,8753706091,5977972993,58,up,233.432,159.413,23.343,5.8904,0
2026-03-08 12:45:00,5698499375,6161711623,52,up,151.96,164.312,15.196,5.2498,1
2026-03-08 12:50:00,11953400175,6996065336,12,up,318.757,186.562,31.876,1.2337,0
2026-03-08 12:55:00,11475894754,6340701539,4,up,306.024,169.085,30.602,0.4915,0
2026-03-08 13:00:00,8067675952,6144593488,95,up,215.138,163.856,21.514,9.5381,0
2026-03-08 13:05:00,11154881345,5310182846,136,up,297.464,141.605,29.746,13.6465,0
2026-03-08 13:10:00,8925601323,6483138728,8,up,238.016,172.884,23.802,0.8572,0
2026-03-08 13:15:00,9520335907,6237707963,35,up,253.876,166.339,25.388,3.5448,0
2026-03-08 13:20:00,9303816795,6924292392,58,up,248.102,184.648,24.81,5.8971,0
2026-03-08 13:25:00,8632782778,6033752551,8,up,230.208,160.9,23.021,0.8517,0
2026-03-08 13:30:00,10481833886,4692288119,6,up,279.516,125.128,27.952,0.6652,0
2026-03-08 13:35:00,9516622346,4775912974,0,up,253.777,127.358,25.378,0.0361,0
2026-03-08 13:40:00,8838879648,6529690149,16,up,235.703,174.125,23.57,1.6991,0
2026-03-08 13:45:00,7907336875,5589460609,73,up,210.862,149.052,21.086,7.3503,0
2026-03-08 13:50:00,8369705609,6314472780,74,up,223.192,168.386,22.319,7.4651,0
2026-03-08 13:55:00,7528447369,6082247504,4,up,200.759,162.193,20.076,0.4373,0
2026-03-08 14:00:00,9388751491,5879875439,7,up,250.367,156.797,25.037,0.7315,0
2026-03-08 14:05:00,8028751208,5930619874,16,up,214.1,158.15,21.41,1.6779,0
2026-03-08 14:10:00,9076244423,5376919556,48,up,242.033,143.385,24.203,4.8543,0
2026-03-08 14:15:00,10916364585,5988640063,30,up,291.103,159.697,29.11,3.0284,0
2026-03-08 14:20:00,7506948413,5579164728,71,up,200.185,148.778,20.019,7.1458,1
2026-03-08 14:25:00,9338688494,5731975305,28,up,249.032,152.853,24.903,2.8682,0
2026-03-08 14:30:00,9277029683,5766972687,3,up,247.387,153.786,24.739,0.3237,0
2026-03-08 14:35:00,11489858868,5836780845,20,up,306.396,155.647,30.64,2.0782,0
2026-03-08 14:40:00,9960850635,6663964888,154,up,265.623,177.706,26.562,15.476,0
2026-03-08 14:45:00,9006217732,5906550602,2,up,240.166,157.508,24.017,0.2963,0
2026-03-08 14:50:00,7770729618,6737065682,23,up,207.219,179.655,20.722,2.3437,0
2026-03-08 14:55:00,9818107370,7107255564,11,up,261.816,189.527,26.182,1.1215,0
2026-03-08 15:00:00,10307989244,6615560148,24,up,274.88,176.415,27.488,2.4843,0
2026-03-08 15:05:00,8664392034,6384817345,27,up,231.05,170.262,23.105,2.7292,0
2026-03-08 15:10:00,9702603099,6235319190,27,up,258.736,166.275,25.874,2.7568,0
2026-03-08 15:15:00,8965980043,6623058270,61,up,239.093,176.615,23.909,6.1183,0
2026-03-08 15:20:00,9167963550,6064339731,15,up,244.479,161.716,24.448,1.5804,0
2026-03-08 15:25:00,6576200185,6708890289,23,up,175.365,178.904,17.537,2.3245,0
2026-03-08 15:30:00,9125495920,6442156179,0,up,243.347,171.791,24.335,0.0352,0
2026-03-08 15:35:00,10465540465,5740914868,49,up,279.081,153.091,27.908,4.9872,0
2026-03-08 15:40:00,8664672124,6645012633,9,up,231.058,177.2,23.106,0.9613,0
2026-03-08 15:45:00,9434092164,6065865604,54,up,251.576,161.756,25.158,5.4267,0
2026-03-08 15:50:00,8524555454,5923584954,9,up,227.321,157.962,22.732,0.988,0
2026-03-08 15:55:00,9780496885,5657136604,0,up,260.813,150.857,26.081,0.0347,0
2026-03-08 16:00:00,9131411402,6119533570,5,up,243.504,163.188,24.35,0.5383,0
2026-03-08 16:05:00,8318353266,6717453083,135,up,221.823,179.132,22.182,13.5882,0
2026-03-08 16:10:00,10874120401,6640036804,12,up,289.977,177.068,28.998,1.2332,0
2026-03-08 16:15:00,10420048515,6254443534,3,up,277.868,166.785,27.787,0.3687,0
2026-03-08 16:20:00,8694479890,6431743421,4,up,231.853,171.513,23.185,0.4046,0
2026-03-08 16:25:00,9935011848,6915621689,11,up,264.934,184.417,26.493,1.189,0
2026-03-08 16:30:00,9979588503,5892024270,1,up,266.122,157.121,26.612,0.1228,0
2026-03-08 16:35:00,10097588889,5196897597,22,up,269.269,138.584,26.927,2.2925,0
2026-03-08 16:40:00,7468962117,6936813493,7,up,199.172,184.982,19.917,0.7695,0
2026-03-08 16:45:00,7355202651,5618559658,56,up,196.139,149.828,19.614,5.6277,1
2026-03-08 16:50:00,8734088666,5502956551,4,up,232.909,146.746,23.291,0.4855,0
2026-03-08 16:55:00,8972443574,4706737616,17,up,239.265,125.513,23.927,1.798,0
2026-03-08 17:00:00,8639831879,6411323798,60,up,230.396,170.969,23.04,6.093,1
2026-03-08 17:05:00,9714607553,4832554110,2,up,259.056,128.868,25.906,0.2048,0
2026-03-08 17:10:00,8940387215,5459813658,16,up,238.41,145.595,23.841,1.628,0
2026-03-08 17:15:00,6894043830,6423530492,11,up,183.841,171.294,18.384,1.1529,0
2026-03-08 17:20:00,10938484650,6519783301,8,up,291.693,173.861,29.169,0.8797,0
2026-03-08 17:25:00,7861639120,5530773013,29,up,209.644,147.487,20.964,2.9686,0
2026-03-08 17:30:00,8246131233,5903409604,28,up,219.897,157.424,21.99,2.8418,0
2026-03-08 17:35:00,9002228663,5371731940,31,up,240.059,143.246,24.006,3.1877,0
2026-03-08 17:40:00,10968463265,5605154312,5,up,292.492,149.471,29.249,0.5537,0
2026-03-08 17:45:00,10244894984,6191674987,10,up,273.197,165.111,27.32,1.0767,0
2026-03-08 17:50:00,6438202961,5638814391,46,up,171.685,150.368,17.169,4.613,1
2026-03-08 17:55:00,9721828571,5824165171,24,up,259.249,155.311,25.925,2.4884,0
2026-03-08 18:00:00,8699566095,4945411189,19,up,231.988,131.878,23.199,1.9781,0
2026-03-08 18:05:00,9532110400,6815728438,12,up,254.19,181.753,25.419,1.2829,0
2026-03-08 18:10:00,9457503837,6367247947,49,up,252.2,169.793,25.22,4.9339,0
2026-03-08 18:15:00,10464866132,6570891867,3,up,279.063,175.224,27.906,0.3158,0
2026-03-08 18:20:00,10463075387,6929106233,117,up,279.015,184.776,27.902,11.7912,0
2026-03-08 18:25:00,9930724554,5405846729,3,up,264.819,144.156,26.482,0.3965,0
2026-03-08 18:30:00,8967358997,5741955972,47,up,239.13,153.119,23.913,4.746,0
2026-03-08 18:35:00,10209550081,4635719255,14,up,272.255,123.619,27.225,1.4695,0
2026-03-08 18:40:00,9271535475,8261104495,64,up,247.241,220.296,24.724,6.4142,0
2026-03-08 18:45:00,8157846335,5892298572,2,up,217.543,157.128,21.754,0.2466,0
2026-03-08 18:50:00,8921301234,6747884087,15,up,237.901,179.944,23.79,1.5026,0
2026-03-08 18:55:00,9470092856,5108523976,13,up,252.536,136.227,25.254,1.3076,0
2026-03-08 19:00:00,10398992756,6717399666,159,up,277.306,179.131,27.731,15.9505,0
2026-03-08 19:05:00,9168530806,7337465431,135,up,244.494,195.666,24.449,13.5584,0
2026-03-08 19:10:00,8014651449,5956597860,6,up,213.724,158.843,21.372,0.6735,0
2026-03-08 19:15:00,9438834393,5272165322,31,up,251.702,140.591,25.17,3.1811,0
2026-03-08 19:20:00,9502638045,5900066591,24,up,253.404,157.335,25.34,2.4539,0
2026-03-08 19:25:00,9584067332,4396731702,5,up,255.575,117.246,25.558,0.5366,0
2026-03-08 19:30:00,10409855455,5972721575,5,up,277.596,159.273,27.76,0.5877,0
2026-03-08 19:35:00,10521288645,6591096340,145,up,280.568,175.763,28.057,14.5056,0
2026-03-08 19:40:00,8706512768,5974254496,19,up,232.174,159.313,23.217,1.929,0
2026-03-08 19:45:00,8681838609,5795419520,4,up,231.516,154.545,23.152,0.4302,0
2026-03-08 19:50:00,8204776450,6379849043,7,up,218.794,170.129,21.879,0.7738,0
2026-03-08 19:55:00,10161167629,6434897889,9,up,270.964,171.597,27.096,0.9998,0
2026-03-08 20:00:00,11004922621,4804867994,22,up,293.465,128.13,29.346,2.2887,0
2026-03-08 20:05:00,9020532831,6063952532,13,up,240.548,161.705,24.055,1.3081,0
2026-03-08 20:10:00,9103390614,7753909289,19,up,242.757,206.771,24.276,1.9424,0
2026-03-08 20:15:00,11025130376,5038788303,5,up,294.003,134.368,29.4,0.5828,0
2026-03-08 20:20:00,9943752584,5938498440,12,up,265.167,158.36,26.517,1.2659,0
2026-03-08 20:25:00,9865765167,7398057207,2,up,263.087,197.282,26.309,0.2333,0
2026-03-08 20:30:00,8035218930,6795006112,70,up,214.273,181.2,21.427,7.0549,0
2026-03-08 20:35:00,10138569077,5630354389,7,up,270.362,150.143,27.036,0.7091,0
2026-03-08 20:40:00,8329721616,6148417473,45,up,222.126,163.958,22.213,4.5257,0
2026-03-08 20:45:00,8099227290,5998479590,13,up,215.979,159.959,21.598,1.3763,0
2026-03-08 20:50:00,8984881976,5461388300,20,up,239.597,145.637,23.96,2.0583,0
2026-03-08 20:55:00,8715983186,5946538482,11,up,232.426,158.574,23.243,1.1017,0
2026-03-08 21:00:00,9125700343,5798424384,38,up,243.352,154.625,24.335,3.815,0
2026-03-08 21:05:00,7753895661,6081179235,59,up,206.771,162.165,20.677,5.9565,0
2026-03-08 21:10:00,10453668344,5461164109,10,up,278.764,145.631,27.876,1.0792,0
2026-03-08 21:15:00,10643647081,5080834895,8,up,283.831,135.489,28.383,0.8875,0
2026-03-08 21:20:00,7184239716,5970277843,36,up,191.58,159.207,19.158,3.6606,0
2026-03-08 21:25:00,10475765031,7234885117,6,up,279.354,192.93,27.935,0.6947,0
2026-03-08 21:30:00,8463155291,6059186106,32,up,225.684,161.578,22.568,3.2679,0
2026-03-08 21:35:00,10339097479,5761252479,3,up,275.709,153.633,27.571,0.3174,0
2026-03-08 21:40:00,9297997695,6542941779,30,up,247.947,174.478,24.795,3.0974,0
2026-03-08 21:45:00,9407372509,5886009878,23,up,250.863,156.96,25.086,2.305,0
2026-03-08 21:50:00,9166765144,7344983705,3,up,244.447,195.866,24.445,0.387,0
2026-03-08 21:55:00,10738645354,5997182993,33,up,286.364,159.925,28.636,3.3512,0
2026-03-08 22:00:00,7980463485,6504357885,18,up,212.812,173.45,21.281,1.8931,0
2026-03-08 22:05:00,10058820381,5456684844,7,up,268.235,145.512,26.824,0.7833,0
2026-03-08 22:10:00,10613996435,6362224262,13,up,283.04,169.659,28.304,1.3952,0
2026-03-08 22:15:00,10180882590,6198067303,21,up,271.49,165.282,27.149,2.1679,0
2026-03-08 22:20:00,11990286278,5959315590,3,up,319.741,158.915,31.974,0.3073,0
2026-03-08 22:25:00,8779934891,5638734411,101,up,234.132,150.366,23.413,10.1147,0
2026-03-08 22:30:00,10451967925,5540618280,35,up,278.719,147.75,27.872,3.505,0
2026-03-08 22:35:00,9255648035,6203293918,3,up,246.817,165.421,24.682,0.3462,0
2026-03-08 22:40:00,10762581835,6452836158,55,up,287.002,172.076,28.7,5.5386,0
2026-03-08 22:45:00,9366349879,5908442786,12,up,249.769,157.558,24.977,1.2462,0
2026-03-08 22:50:00,8938639745,6206832908,29,up,238.364,165.516,23.836,2.9066,0
2026-03-08 22:55:00,10844331229,5972701431,10,up,289.182,159.272,28.918,1.0385,0
2026-03-08 23:00:00,8821992818,6070938737,42,up,235.253,161.892,23.525,4.2305,0
2026-03-08 23:05:00,7785683521,5855679612,41,up,207.618,156.151,20.762,4.1081,0
2026-03-08 23:10:00,6155483079,6012940257,77,up,164.146,160.345,16.415,7.7274,1
2026-03-08 23:15:00,10071412064,7942589128,8,up,268.571,211.802,26.857,0.8821,0
2026-03-08 23:20:00,10941043595,6224376695,9,up,291.761,165.983,29.176,0.9364,0
2026-03-08 23:25:00,9500020547,6464613810,15,up,253.334,172.39,25.333,1.5445,0
2026-03-08 23:30:00,10857971700,6315376995,5,up,289.546,168.41,28.955,0.5013,0
2026-03-08 23:35:00,7847053213,5810771887,13,up,209.255,154.954,20.925,1.3183,0
2026-03-08 23:40:00,8876328602,6931672233,36,up,236.702,184.845,23.67,3.69,0
2026-03-08 23:45:00,6335247095,5790362085,64,up,168.94,154.41,16.894,6.4724,1
2026-03-08 23:50:00,9246120644,6759639275,12,up,246.563,180.257,24.656,1.2939,0
2026-03-08 23:55:00,9469606186,5759370961,8,up,252.523,153.583,25.252,0.8513,0
2026-03-09 00:00:00,10152274827,5308819786,57,up,270.727,141.569,27.073,5.7204,0
2026-03-09 00:05:00,8874592307,6263085269,70,up,236.656,167.016,23.666,7.0838,0
2026-03-09 00:10:00,9531407272,5204638783,16,up,254.171,138.79,25.417,1.6885,0
2026-03-09 00:15:00,9324236748,6385660962,0,up,248.646,170.284,24.865,0.0873,0
2026-03-09 00:20:00,8333373858,5140205767,37,up,222.223,137.072,22.222,3.7994,0
2026-03-09 00:25:00,9247124974,5770314218,49,up,246.59,153.875,24.659,4.9044,0
2026-03-09 00:30:00,9213383028,4969154618,0,up,245.69,132.511,24.569,0.0582,0
2026-03-09 00:35:00,9189284364,8033400246,28,up,245.048,214.224,24.505,2.8926,0
2026-03-09 00:40:00,9410729388,4809149117,28,up,250.953,128.244,25.095,2.8404,0
2026-03-09 00:45:00,9460132733,6007065893,15,up,252.27,160.188,25.227,1.5231,0
2026-03-09 00:50:00,8888667923,6823179077,44,up,237.031,181.951,23.703,4.4332,0
2026-03-09 00:55:00,10806804075,6746197854,17,up,288.181,179.899,28.818,1.7886,0
2026-03-09 01:00:00,8059334292,6612966327,36,up,214.916,176.346,21.492,3.6141,0
2026-03-09 01:05:00,8563908627,5771595560,23,up,228.371,153.909,22.837,2.3295,0
2026-03-09 01:10:00,12502459077,6972784041,9,up,333.399,185.941,33.34,0.914,0
2026-03-09 01:15:00,8207259725,6657641585,29,up,218.86,177.537,21.886,2.9846,0
2026-03-09 01:20:00,7852025990,6152855724,42,up,209.387,164.076,20.939,4.2728,0
2026-03-09 01:25:00,10201286338,6173218145,116,up,272.034,164.619,27.203,11.6673,0
2026-03-09 01:30:00,7038240164,5781175693,15,up,187.686,154.165,18.769,1.5303,0
2026-03-09 01:35:00,9110316851,5345050541,2,up,242.942,142.535,24.294,0.2133,0
2026-03-09 01:40:00,11789053040,6890748702,141,up,314.375,183.753,31.437,14.1455,0
2026-03-09 01:45:00,7636947087,6944789755,31,up,203.652,185.194,20.365,3.1285,0
2026-03-09 01:50:00,7145289953,5363441418,93,up,190.541,143.025,19.054,9.3669,0
2026-03-09 01:55:00,7688421147,5889274681,3,up,205.025,157.047,20.502,0.3508,0
2026-03-09 02:00:00,10385654514,5896735284,13,up,276.951,157.246,27.695,1.3395,0
2026-03-09 02:05:00,10640373809,5976487749,4,up,283.743,159.373,28.374,0.4602,0
2026-03-09 02:10:00,8798337603,6046292312,57,up,234.622,161.234,23.462,5.7757,0
2026-03-09 02:15:00,10143613954,6681740252,67,up,270.496,178.18,27.05,6.794,0
2026-03-09 02:20:00,10939037243,5462003537,22,up,291.708,145.653,29.171,2.2265,0
2026-03-09 02:25:00,11385764716,5390630166,6,up,303.62,143.75,30.362,0.6609,0
2026-03-09 02:30:00,9097872808,6890366214,4,up,242.61,183.743,24.261,0.4351,0
2026-03-09 02:35:00,4750091022,5666895785,60,up,126.669,151.117,12.667,6.0025,1
2026-03-09 02:40:00,8451511212,5090614545,22,up,225.374,135.75,22.537,2.2591,0
2026-03-09 02:45:00,8894845280,5650706441,37,up,237.196,150.686,23.72,3.7976,0
2026-03-09 02:50:00,6358585697,5762362030,50,up,169.562,153.663,16.956,5.0296,1
2026-03-09 02:55:00,9163658173,7119573163,16,up,244.364,189.855,24.436,1.6473,0
2026-03-09 03:00:00,10633756422,6665874872,0,up,283.567,177.757,28.357,0.0691,0
2026-03-09 03:05:00,10808731980,6826214843,30,up,288.233,182.032,28.823,3.0143,0
2026-03-09 03:10:00,9181867139,6590381022,17,up,244.85,175.743,24.485,1.7605,0
2026-03-09 03:15:00,10610795485,6681295443,80,up,282.955,178.168,28.295,8.0729,0
2026-03-09 03:20:00,9777369037,5504580868,32,up,260.73,146.789,26.073,3.2852,0
2026-03-09 03:25:00,9447569219,5857006448,16,up,251.935,156.187,25.194,1.6277,0
2026-03-09 03:30:00,10394862176,5287260974,9,up,277.196,140.994,27.72,0.9791,0
2026-03-09 03:35:00,9456283554,5848448618,75,up,252.168,155.959,25.217,7.542,0
2026-03-09 03:40:00,11690037574,6492555593,0,up,311.734,173.135,31.173,0.0525,0
2026-03-09 03:45:00,7756787437,6096899965,12,up,206.848,162.584,20.685,1.2668,0
2026-03-09 03:50:00,6156802916,6944266189,46,up,164.181,185.18,16.418,4.6336,1
2026-03-09 03:55:00,6462866368,5178180629,60,up,172.343,138.085,17.234,6.0808,1
2026-03-09 04:00:00,9869384276,6360171612,24,up,263.184,169.605,26.318,2.4346,0
2026-03-09 04:05:00,10801455547,5101221982,7,up,288.039,136.033,28.804,0.7282,0
2026-03-09 04:10:00,9347551611,6067807057,57,up,249.268,161.808,24.927,5.7344,0
2026-03-09 04:15:00,7774991644,6533040064,7,up,207.333,174.214,20.733,0.7309,0
2026-03-09 04:20:00,10322828133,5845558151,9,up,275.275,155.882,27.528,0.9131,0
2026-03-09 04:25:00,10224328611,6396811154,6,up,272.649,170.582,27.265,0.6816,0
2026-03-09 04:30:00,7190409008,5308992718,5,up,191.744,141.573,19.174,0.5509,0
2026-03-09 04:35:00,9370720349,4802143215,98,up,249.886,128.057,24.989,9.8057,0
2026-03-09 04:40:00,7586090440,6401061328,29,up,202.296,170.695,20.23,2.9484,0
2026-03-09 04:45:00,8627267515,7255687368,32,up,230.06,193.485,23.006,3.2501,0
2026-03-09 04:50:00,8359339957,5282847643,98,up,222.916,140.876,22.292,9.8759,0
2026-03-09 04:55:00,10285422785,6879979809,8,up,274.278,183.466,27.428,0.8388,0
2026-03-09 05:00:00,9506433945,6031264854,0,up,253.505,160.834,25.35,0.019,0
2026-03-09 05:05:00,7928710124,5038302104,29,up,211.432,134.355,21.143,2.9232,0
2026-03-09 05:10:00,7255551945,5185316183,44,up,193.481,138.275,19.348,4.4104,1
2026-03-09 05:15:00,7761968448,6011365036,20,up,206.986,160.303,20.699,2.0781,0
2026-03-09 05:20:00,9746378014,5708787152,2,up,259.903,152.234,25.99,0.2044,0
2026-03-09 05:25:00,8459237997,5054702656,19,up,225.58,134.792,22.558,1.939,0
2026-03-09 05:30:00,8963613282,4780291717,10,up,239.03,127.474,23.903,1.085,0
2026-03-09 05:35:00,9942304591,5390362083,10,up,265.128,143.743,26.513,1.0271,0
2026-03-09 05:40:00,9961630573,6139542485,8,up,265.643,163.721,26.564,0.8049,0
2026-03-09 05:45:00,10879090207,5995391458,12,up,290.109,159.877,29.011,1.2936,0
2026-03-09 05:50:00,9282464587,5639108670,13,up,247.532,150.376,24.753,1.394,0
2026-03-09 05:55:00,9719757220,6145358779,11,up,259.194,163.876,25.919,1.1817,0
2026-03-09 06:00:00,8882545512,6748819238,123,up,236.868,179.969,23.687,12.3249,0
2026-03-09 06:05:00,9579738617,6283771087,86,up,255.46,167.567,25.546,8.637,0
2026-03-09 06:10:00,9869421804,5912657756,27,up,263.185,157.671,26.318,2.7344,0
2026-03-09 06:15:00,9264401421,6668211844,126,up,247.051,177.819,24.705,12.6919,0
2026-03-09 06:20:00,7345780705,5308907782,151,up,195.887,141.571,19.589,15.1449,0
2026-03-09 06:25:00,6823533330,5838057931,61,up,181.961,155.682,18.196,6.1571,1
2026-03-09 06:30:00,9785131662,5855216686,18,up,260.937,156.139,26.094,1.8852,0
2026-03-09 06:35:00,8609804839,5109393653,102,up,229.595,136.25,22.959,10.2262,0
2026-03-09 06:40:00,7930064584,5697690603,30,up,211.468,151.938,21.147,3.0019,0
2026-03-09 06:45:00,11035364044,4506029029,7,up,294.276,120.161,29.428,0.7662,0
2026-03-09 06:50:00,9927876199,7376768194,37,up,264.743,196.714,26.474,3.7414,0
2026-03-09 06:55:00,9117283840,5325062072,7,up,243.128,142.002,24.313,0.7371,0
2026-03-09 07:00:00,8095838006,7142002174,13,up,215.889,190.453,21.589,1.3265,0
2026-03-09 07:05:00,8450458318,6027420844,8,up,225.346,160.731,22.535,0.8262,0
2026-03-09 07:10:00,10840414196,6406702175,8,up,289.078,170.845,28.908,0.8992,0
2026-03-09 07:15:00,6670908778,5648064145,35,up,177.891,150.615,17.789,3.5336,1
2026-03-09 07:20:00,8755589549,6149709378,68,up,233.482,163.992,23.348,6.8038,0
2026-03-09 07:25:00,9948400385,6468352540,11,up,265.291,172.489,26.529,1.1231,0
2026-03-09 07:30:00,8458802039,6478477738,2,up,225.568,172.759,22.557,0.2891,0
2026-03-09 07:35:00,11063448409,6557836840,2,up,295.025,174.876,29.503,0.2912,0
2026-03-09 07:40:00,10896900601,5734800448,25,up,290.584,152.928,29.058,2.5983,0
2026-03-09 07:45:00,8850104169,5654141035,158,up,236.003,150.777,23.6,15.8418,0
2026-03-09 07:50:00,8667745972,4852193045,5,up,231.14,129.392,23.114,0.5014,0
2026-03-09 07:55:00,6429600151,6376717688,3,up,171.456,170.046,17.146,0.3358,0
2026-03-09 08:00:00,7708221632,6779312672,18,up,205.553,180.782,20.555,1.8457,0
2026-03-09 08:05:00,7868096503,7163506809,26,up,209.816,191.027,20.982,2.6515,0
2026-03-09 08:10:00,9527089133,6219724296,11,up,254.056,165.859,25.406,1.1158,0
2026-03-09 08:15:00,9007987082,5448134563,11,up,240.213,145.284,24.021,1.1529,0
2026-03-09 08:20:00,7861497576,4778090776,17,up,209.64,127.416,20.964,1.7679,0
2026-03-09 08:25:00,9058690452,6750000047,12,up,241.565,180.0,24.157,1.2067,0
2026-03-09 08:30:00,9943504291,4706680871,79,up,265.16,125.511,26.516,7.9008,0
2026-03-09 08:35:00,9968819268,5754765064,1,up,265.835,153.46,26.584,0.1372,0
2026-03-09 08:40:00,7237870934,5838499083,8,up,193.01,155.693,19.301,0.8554,0
2026-03-09 08:45:00,9230703584,5949992300,52,up,246.152,158.666,24.615,5.2901,0
2026-03-09 08:50:00,7818741625,6025777872,57,up,208.5,160.687,20.85,5.7456,0
2026-03-09 08:55:00,10389444784,6099466240,3,up,277.052,162.652,27.705,0.3785,0
2026-03-09 09:00:00,10257164718,4260938451,116,up,273.524,113.625,27.352,11.6499,0
2026-03-09 09:05:00,8364719370,6010552255,37,up,223.059,160.281,22.306,3.7826,0
2026-03-09 09:10:00,8513199147,4394705586,10,up,227.019,117.192,22.702,1.0185,0
2026-03-09 09:15:00,8856074568,6527197012,19,up,236.162,174.059,23.616,1.9484,0
2026-03-09 09:20:00,6840607430,5600309887,11,up,182.416,149.342,18.242,1.1283,0
2026-03-09 09:25:00,9752964195,4446933557,5,up,260.079,118.585,26.008,0.5201,0
2026-03-09 09:30:00,9068049885,5413772632,11,up,241.815,144.367,24.181,1.1013,0
2026-03-09 09:35:00,10466446967,5589545755,27,up,279.105,149.055,27.911,2.7767,0
2026-03-09 09:40:00,8139289629,6857303724,55,up,217.048,182.861,21.705,5.5953,0
2026-03-09 09:45:00,8678486683,6141579174,14,up,231.426,163.775,23.143,1.4458,0
2026-03-09 09:50:00,7680159084,6248000359,13,up,204.804,166.613,20.48,1.3682,0
2026-03-09 09:55:00,8245173116,6850479576,20,up,219.871,182.679,21.987,2.0196,0
2026-03-09 10:00:00,8045270254,5930776112,33,up,214.541,158.154,21.454,3.31,0
2026-03-09 10:05:00,7346829272,6543015331,54,up,195.915,174.48,19.592,5.4555,1
2026-03-09 10:10:00,8589455420,6492380002,12,up,229.052,173.13,22.905,1.2663,0
2026-03-09 10:15:00,9514697645,5073741964,28,up,253.725,135.3,25.373,2.8248,0
2026-03-09 10:20:00,8946641170,7060548175,15,up,238.577,188.281,23.858,1.5784,0
2026-03-09 10:25:00,7946851575,4977382718,40,up,211.916,132.73,21.192,4.0326,0
2026-03-09 10:30:00,9185662023,6660503987,5,up,244.951,177.613,24.495,0.5758,0
2026-03-09 10:35:00,10048991248,4907707413,9,up,267.973,130.872,26.797,0.9503,0
2026-03-09 10:40:00,8016270683,6432890487,17,up,213.767,171.544,21.377,1.7767,0
2026-03-09 10:45:00,10285251889,7340578712,70,up,274.273,195.749,27.427,7.0463,0
2026-03-09 10:50:00,8419063963,5846655367,27,up,224.508,155.911,22.451,2.7256,0
2026-03-09 10:55:00,8831643083,5815423937,107,up,235.51,155.078,23.551,10.7641,0
2026-03-09 11:00:00,9972018513,6439516799,3,up,265.92,171.72,26.592,0.3488,0
2026-03-09 11:05:00,8628634323,5762834551,19,up,230.097,153.676,23.01,1.9728,0
2026-03-09 11:10:00,9417271716,7309160666,17,up,251.127,194.911,25.113,1.738,0
2026-03-09 11:15:00,9020972817,6138378419,29,up,240.559,163.69,24.056,2.9338,0
2026-03-09 11:20:00,9520539007,5769477954,53,up,253.881,153.853,25.388,5.3476,0
2026-03-09 11:25:00,6696668506,5610994419,58,up,178.578,149.627,17.858,5.8934,0
2026-03-09 11:30:00,7316607957,5328277101,35,up,195.11,142.087,19.511,3.5496,0
2026-03-09 11:35:00,10067962881,5548016409,32,up,268.479,147.947,26.848,3.283,0
2026-03-09 11:40:00,10541829081,5747515156,95,up,281.115,153.267,28.112,9.5248,0
2026-03-09 11:45:00,8350702458,5648899867,15,up,222.685,150.637,22.269,1.5488,0
2026-03-09 11:50:00,9100468103,5526113802,57,up,242.679,147.363,24.268,5.7231,0
2026-03-09 11:55:00,9706559159,7511165685,81,up,258.842,200.298,25.884,8.1431,0
2026-03-09 12:00:00,10154869801,5258331544,21,up,270.797,140.222,27.08,2.1644,0
2026-03-09 12:05:00,7093863069,6105575463,41,up,189.17,162.815,18.917,4.1792,0
2026-03-09 12:10:00,8378204722,6426615127,15,up,223.419,171.376,22.342,1.5144,0
2026-03-09 12:15:00,9000848197,6453677756,5,up,240.023,172.098,24.002,0.5537,0
2026-03-09 12:20:00,10166032721,5957802905,28,up,271.094,158.875,27.109,2.8259,0
2026-03-09 12:25:00,12185734294,5826694148,6,up,324.953,155.379,32.495,0.7,0
2026-03-09 12:30:00,9118493557,6325114193,19,up,243.16,168.67,24.316,1.9576,0
2026-03-09 12:35:00,7792150355,6191895587,66,up,207.791,165.117,20.779,6.6004,0
2026-03-09 12:40:00,9827551586,5813549638,2,up,262.068,155.028,26.207,0.2878,0
2026-03-09 12:45:00,10861120263,4875447428,0,up,289.63,130.012,28.963,0.0989,0
2026-03-09 12:50:00,9496515886,5663094919,29,up,253.24,151.016,25.324,2.9844,0
2026-03-09 12:55:00,8355020386,5174483882,12,up,222.801,137.986,22.28,1.2866,0
2026-03-09 13:00:00,10452743184,5519645123,17,up,278.74,147.191,27.874,1.7318,0
2026-03-09 13:05:00,10121488820,6023920731,16,up,269.906,160.638,26.991,1.6652,0
2026-03-09 13:10:00,8220659050,6258290023,2,up,219.218,166.888,21.922,0.2899,0
2026-03-09 13:15:00,9804103819,7281925980,0,up,261.443,194.185,26.144,0.0114,0
2026-03-09 13:20:00,10496923763,5613067407,73,up,279.918,149.682,27.992,7.3182,0
2026-03-09 13:25:00,10704626297,6557730457,7,up,285.457,174.873,28.546,0.7861,0
2026-03-09 13:30:00,9300244902,6220291217,17,up,248.007,165.874,24.801,1.7768,0
2026-03-09 13:35:00,8972160623,6933118322,114,up,239.258,184.883,23.926,11.4333,0
2026-03-09 13:40:00,10755683049,6414884678,56,up,286.818,171.064,28.682,5.6099,0
2026-03-09 13:45:00,5609498603,5273893372,68,up,149.587,140.637,14.959,6.8195,1
2026-03-09 13:50:00,6907881191,4759406858,45,up,184.21,126.918,18.421,4.594,1
2026-03-09 13:55:00,7833720044,6224108423,41,up,208.899,165.976,20.89,4.1908,0
2026-03-09 14:00:00,10573548306,5619515281,38,up,281.961,149.854,28.196,3.8356,0
2026-03-09 14:05:00,9084698794,5294174102,45,up,242.259,141.178,24.226,4.578,0
2026-03-09 14:10:00,10802156140,5087344052,19,up,288.057,135.663,28.806,1.9567,0
2026-03-09 14:15:00,9927839350,6115902358,6,up,264.742,163.091,26.474,0.6192,0
2026-03-09 14:20:00,7998877241,7085549543,20,up,213.303,188.948,21.33,2.0008,0
2026-03-09 14:25:00,10977706198,5705755911,33,up,292.739,152.153,29.274,3.3402,0
2026-03-09 14:30:00,11120150924,6424994623,30,up,296.537,171.333,29.654,3.0016,0
2026-03-09 14:35:00,10367572304,5926368227,2,up,276.469,158.036,27.647,0.234,0
2026-03-09 14:40:00,8518213651,5071644895,2,up,227.152,135.244,22.715,0.2149,0
2026-03-09 14:45:00,9030734301,6529064167,107,up,240.82,174.108,24.082,10.7514,0
2026-03-09 14:50:00,9538605619,5211821728,5,up,254.363,138.982,25.436,0.5269,0
2026-03-09 14:55:00,8583325800,6015571174,11,up,228.889,160.415,22.889,1.1161,0
2026-03-09 15:00:00,11278889894,5754105301,46,up,300.77,153.443,30.077,4.6702,0
2026-03-09 15:05:00,9537367280,6643015752,16,up,254.33,177.147,25.433,1.6867,0
2026-03-09 15:10:00,6333733447,5238131285,6,up,168.9,139.684,16.89,0.6408,0
2026-03-09 15:15:00,9756775289,6281426333,20,up,260.181,167.505,26.018,2.0149,0
2026-03-09 15:20:00,8983322928,5395345866,26,up,239.555,143.876,23.956,2.6929,0
2026-03-09 15:25:00,9290707624,5632004247,19,up,247.752,150.187,24.775,1.9292,0
2026-03-09 15:30:00,6272212249,3382655836,54,up,167.259,90.204,16.726,5.4566,1
2026-03-09 15:35:00,7198049053,7506310971,59,up,191.948,200.168,19.195,5.9948,1
2026-03-09 15:40:00,10634648750,6396400991,34,up,283.591,170.571,28.359,3.4648,0
2026-03-09 15:45:00,9693434807,5447509810,3,up,258.492,145.267,25.849,0.3812,0
2026-03-09 15:50:00,8993274914,5190247904,15,up,239.821,138.407,23.982,1.5938,0
2026-03-09 15:55:00,9328495644,5643132897,43,up,248.76,150.484,24.876,4.3229,0
2026-03-09 16:00:00,9397049568,6516153265,8,up,250.588,173.764,25.059,0.8149,0
2026-03-09 16:05:00,8472266205,4637698853,28,up,225.927,123.672,22.593,2.8513,0
2026-03-09 16:10:00,7018406310,5898059218,37,up,187.158,157.282,18.716,3.7965,1
2026-03-09 16:15:00,9892547614,7274862148,3,up,263.801,193.996,26.38,0.3468,0
2026-03-09 16:20:00,11107996394,5183558638,23,up,296.213,138.228,29.621,2.3703,0
2026-03-09 16:25:00,10787268502,6057877227,35,up,287.66,161.543,28.766,3.5967,0
2026-03-09 16:30:00,8603615717,7586383066,3,up,229.43,202.304,22.943,0.385,0
2026-03-09 16:35:00,10297835671,6455149173,79,up,274.609,172.137,27.461,7.9946,0
2026-03-09 16:40:00,8305177444,6090665150,8,up,221.471,162.418,22.147,0.8188,0
2026-03-09 16:45:00,10157923613,6364778247,4,up,270.878,169.727,27.088,0.409,0
2026-03-09 16:50:00,8793809026,5711376958,7,up,234.502,152.303,23.45,0.7249,0
2026-03-09 16:55:00,8223840123,6935734525,5,up,219.302,184.953,21.93,0.5946,0
2026-03-09 17:00:00,9690051010,5712482383,3,up,258.401,152.333,25.84,0.3042,0
2026-03-09 17:05:00,6366111980,4589389241,51,up,169.763,122.384,16.976,5.1158,0
2026-03-09 17:10:00,7405152478,5718261765,21,up,197.471,152.487,19.747,2.1896,0
2026-03-09 17:15:00,9175321630,5303951138,15,up,244.675,141.439,24.468,1.574,0
2026-03-09 17:20:00,9467746987,5797540311,96,up,252.473,154.601,25.247,9.6268,0
2026-03-09 17:25:00,8959516383,5813459477,14,up,238.92,155.026,23.892,1.4836,0
2026-03-09 17:30:00,7598134163,6862144703,5,up,202.617,182.991,20.262,0.5846,0
2026-03-09 17:35:00,5918410174,6500610763,37,up,157.824,173.35,15.782,3.7461,1
2026-03-09 17:40:00,9815110493,6189551151,8,up,261.736,165.055,26.174,0.8738,0
2026-03-09 17:45:00,10029504491,5997879303,22,up,267.453,159.943,26.745,2.21,0
2026-03-09 17:50:00,9356748992,5237622233,11,up,249.513,139.67,24.951,1.1028,0
2026-03-09 17:55:00,10676438003,4429553828,23,up,284.705,118.121,28.471,2.3225,0
2026-03-09 18:00:00,9822071651,6081475208,35,up,261.922,162.173,26.192,3.5409,0
2026-03-09 18:05:00,8534112389,6572141666,48,up,227.576,175.257,22.758,4.8062,0
2026-03-09 18:10:00,9059435189,5921999604,39,up,241.585,157.92,24.158,3.9629,0
2026-03-09 18:15:00,7796775573,5614904887,7,up,207.914,149.731,20.791,0.7365,0
2026-03-09 18:20:00,9253343635,6334441558,3,up,246.756,168.918,24.676,0.3942,0
2026-03-09 18:25:00,7438279237,5940000815,47,up,198.354,158.4,19.835,4.7044,1
2026-03-09 18:30:00,10145951345,7213735818,7,up,270.559,192.366,27.056,0.7097,0
2026-03-09 18:35:00,10952260491,6887564406,2,up,292.06,183.668,29.206,0.284,0
2026-03-09 18:40:00,9034254100,6690845801,23,up,240.913,178.423,24.091,2.3963,0
2026-03-09 18:45:00,10889362268,6545568562,12,up,290.383,174.548,29.038,1.2663,0
2026-03-09 18:50:00,9157532745,5071079461,45,up,244.201,135.229,24.42,4.5158,0
2026-03-09 18:55:00,11030533217,6477355465,12,up,294.148,172.729,29.415,1.2069,0
2026-03-09 19:00:00,9350411159,6270954689,123,up,249.344,167.225,24.934,12.3195,0
2026-03-09 19:05:00,10170635295,6436625804,45,up,271.217,171.643,27.122,4.5471,0
2026-03-09 19:10:00,11034501409,6354678830,1,up,294.253,169.458,29.425,0.1902,0
2026-03-09 19:15:00,9157393917,6325989063,22,up,244.197,168.693,24.42,2.2754,0
2026-03-09 19:20:00,9620687610,7944623858,26,up,256.552,211.857,25.655,2.6463,0
2026-03-09 19:25:00,10824971353,5945146317,38,up,288.666,158.537,28.867,3.803,0
2026-03-09 19:30:00,9225371440,6674162914,22,up,246.01,177.978,24.601,2.204,0
2026-03-09 19:35:00,7888996182,5660887336,21,up,210.373,150.957,21.037,2.1138,0
2026-03-09 19:40:00,11785882936,6569261940,14,up,314.29,175.18,31.429,1.4681,0
2026-03-09 19:45:00,8846514977,6676310320,10,up,235.907,178.035,23.591,1.0135,0
2026-03-09 19:50:00,9553600557,6262386775,93,up,254.763,166.997,25.476,9.352,0
2026-03-09 19:55:00,10675507503,7201857798,12,up,284.68,192.05,28.468,1.2228,0
2026-03-09 20:00:00,8690444358,5363321253,2,up,231.745,143.022,23.175,0.2097,0
2026-03-09 20:05:00,8241148597,5649200921,5,up,219.764,150.645,21.976,0.5858,0
2026-03-09 20:10:00,9660454458,6152913661,62,up,257.612,164.078,25.761,6.2299,0
2026-03-09 20:15:00,7357789052,6634180934,28,up,196.208,176.911,19.621,2.8269,0
2026-03-09 20:20:00,9051105663,6129189255,48,up,241.363,163.445,24.136,4.8275,0
2026-03-09 20:25:00,9650668497,6925746506,52,up,257.351,184.687,25.735,5.2939,0
2026-03-09 20:30:00,9071304116,5523583292,55,up,241.901,147.296,24.19,5.5454,0
2026-03-09 20:35:00,7638617688,5178783487,25,up,203.696,138.101,20.37,2.5596,0
2026-03-09 20:40:00,11168450200,6221852402,6,up,297.825,165.916,29.783,0.6238,0
2026-03-09 20:45:00,9491480423,5944430201,5,up,253.106,158.518,25.311,0.5134,0
2026-03-09 20:50:00,10985046132,6390861878,27,up,292.935,170.423,29.293,2.7305,0
2026-03-09 20:55:00,9082459218,5980270350,14,up,242.199,159.474,24.22,1.4609,0
2026-03-09 21:00:00,8384986520,5755185750,26,up,223.6,153.472,22.36,2.613,0
2026-03-09 21:05:00,9677828535,5946044948,22,up,258.075,158.561,25.808,2.2083,0
2026-03-09 21:10:00,9132239482,6020771204,29,up,243.526,160.554,24.353,2.9498,0
2026-03-09 21:15:00,8050018359,5780413464,1,up,214.667,154.144,21.467,0.1044,0
2026-03-09 21:20:00,11028507291,5853744926,1,up,294.094,156.1,29.409,0.1068,0
2026-03-09 21:25:00,8674945999,5709412797,40,up,231.332,152.251,23.133,4.0918,0
2026-03-09 21:30:00,7304700317,6616798886,6,up,194.792,176.448,19.479,0.6867,0
2026-03-09 21:35:00,10869186810,6139695123,33,up,289.845,163.725,28.984,3.3796,0
2026-03-09 21:40:00,8807664732,7624861779,25,up,234.871,203.33,23.487,2.531,0
2026-03-09 21:45:00,6083838684,6115707276,36,up,162.236,163.086,16.224,3.6723,1
2026-03-09 21:50:00,7388938964,5603382621,57,up,197.038,149.424,19.704,5.7737,0
2026-03-09 21:55:00,11333559172,7922886269,17,up,302.228,211.277,30.223,1.7055,0
2026-03-09 22:00:00,7924334339,6297810991,30,up,211.316,167.942,21.132,3.0662,0
2026-03-09 22:05:00,9440755665,6712889846,3,up,251.753,179.01,25.175,0.3992,0
2026-03-09 22:10:00,10401697862,6426314147,15,up,277.379,171.368,27.738,1.5628,0
2026-03-09 22:15:00,9849431549,6448567941,42,up,262.652,171.962,26.265,4.2363,0
2026-03-09 22:20:00,9307888899,6385670916,31,up,248.21,170.285,24.821,3.1188,0
2026-03-09 22:25:00,7460625909,5206499113,21,up,198.95,138.84,19.895,2.1202,0
2026-03-09 22:30:00,8464059559,6264620914,6,up,225.708,167.057,22.571,0.6215,0
2026-03-09 22:35:00,9586275380,5046099861,52,up,255.634,134.563,25.563,5.2009,0
2026-03-09 22:40:00,8489429171,5874458757,10,up,226.385,156.652,22.638,1.021,0
2026-03-09 22:45:00,9603779392,5477555431,54,up,256.101,146.068,25.61,5.4959,0
2026-03-09 22:50:00,10141961334,6257378533,30,up,270.452,166.863,27.045,3.0264,0
2026-03-09 22:55:00,10457815746,6240570898,14,up,278.875,166.415,27.888,1.4924,0
2026-03-09 23:00:00,7995548222,6346425041,1,up,213.215,169.238,21.321,0.1326,0
2026-03-09 23:05:00,11846226811,6206853532,8,up,315.899,165.516,31.59,0.8464,0
2026-03-09 23:10:00,10238414262,5563085753,70,up,273.024,148.349,27.302,7.0364,0
2026-03-09 23:15:00,9373071577,5812077487,54,up,249.949,154.989,24.995,5.4515,0
2026-03-09 23:20:00,10600728655,6662685236,27,up,282.686,177.672,28.269,2.737,0
2026-03-09 23:25:00,12036083743,6768856807,20,up,320.962,180.503,32.096,2.0095,0
2026-03-09 23:30:00,7756439886,5174316168,33,up,206.838,137.982,20.684,3.3334,0
2026-03-09 23:35:00,9121579527,4897732104,20,up,243.242,130.606,24.324,2.009,0
2026-03-09 23:40:00,6699264382,5476639644,33,up,178.647,146.044,17.865,3.3078,0
2026-03-09 23:45:00,9591732974,6752549459,11,up,255.78,180.068,25.578,1.1754,0
2026-03-09 23:50:00,9786068522,6874716501,58,up,260.962,183.326,26.096,5.8343,0
2026-03-09 23:55:00,6531659834,5334207446,74,up,174.178,142.246,17.418,7.437,1
2026-03-10 00:00:00,8638649732,6221262734,12,up,230.364,165.9,23.036,1.2814,0
2026-03-10 00:05:00,7069296169,7320790559,56,up,188.515,195.221,18.851,5.6828,0
2026-03-10 00:10:00,9795225393,6299024263,21,up,261.206,167.974,26.121,2.1381,0
2026-03-10 00:15:00,11012363794,7023482365,6,up,293.663,187.293,29.366,0.6142,0
2026-03-10 00:20:00,8710104237,6719083130,2,up,232.269,179.176,23.227,0.2589,0
2026-03-10 00:25:00,9870067420,5344656931,38,up,263.202,142.524,26.32,3.8485,0
2026-03-10 00:30:00,7610837647,5863213375,64,up,202.956,156.352,20.296,6.4108,0
2026-03-10 00:35:00,9889364696,6025023224,52,up,263.716,160.667,26.372,5.2715,0
2026-03-10 00:40:00,8932444915,6074976039,34,up,238.199,161.999,23.82,3.4115,0
2026-03-10 00:45:00,8517279805,6659756846,4,up,227.127,177.594,22.713,0.4878,0
2026-03-10 00:50:00,8519590903,6294253028,3,up,227.189,167.847,22.719,0.316,0
2026-03-10 00:55:00,8932186970,3885935320,13,up,238.192,103.625,23.819,1.3541,0
2026-03-10 01:00:00,9805237480,5054755003,61,up,261.473,134.793,26.147,6.1773,0
2026-03-10 01:05:00,7898816398,4425085741,104,up,210.635,118.002,21.064,10.4424,0
2026-03-10 01:10:00,8928245251,6126262973,8,up,238.087,163.367,23.809,0.8839,0
2026-03-10 01:15:00,9328344249,6173151107,45,up,248.756,164.617,24.876,4.5948,0
2026-03-10 01:20:00,8138580872,6203921970,27,up,217.029,165.438,21.703,2.7296,0
2026-03-10 01:25:00,11396248351,5309571647,1,up,303.9,141.589,30.39,0.1034,0
2026-03-10 01:30:00,8414817584,6485383683,25,up,224.395,172.944,22.44,2.5052,0
2026-03-10 01:35:00,8621883472,6515708997,52,up,229.917,173.752,22.992,5.2467,0
2026-03-10 01:40:00,8274403556,5096292671,10,up,220.651,135.901,22.065,1.034,0
2026-03-10 01:45:00,11398290098,4944452494,72,up,303.954,131.852,30.395,7.2849,0
2026-03-10 01:50:00,9997018382,5999905185,8,up,266.587,159.997,26.659,0.8625,0
2026-03-10 01:55:00,8321333992,7290083237,2,up,221.902,194.402,22.19,0.2546,0
2026-03-10 02:00:00,10619510503,7223814774,5,up,283.187,192.635,28.319,0.5577,0
2026-03-10 02:05:00,9600786031,6405651139,58,up,256.021,170.817,25.602,5.8049,0
2026-03-10 02:10:00,9664410098,5474402396,17,up,257.718,145.984,25.772,1.7283,0
2026-03-10 02:15:00,6291224198,6638526714,72,up,167.766,177.027,16.777,7.279,1
2026-03-10 02:20:00,8531907014,5674254529,24,up,227.518,151.313,22.752,2.4245,0
2026-03-10 02:25:00,9754986861,5447394933,20,up,260.133,145.264,26.013,2.096,0
2026-03-10 02:30:00,8761776866,4456343881,52,up,233.647,118.836,23.365,5.2628,0
2026-03-10 02:35:00,11418850083,6073715182,17,up,304.503,161.966,30.45,1.7624,0
2026-03-10 02:40:00,7947047506,5546495508,51,up,211.921,147.907,21.192,5.1829,0
2026-03-10 02:45:00,11103176369,6069429873,3,up,296.085,161.851,29.608,0.3395,0
2026-03-10 02:50:00,9249766295,4344462458,32,up,246.66,115.852,24.666,3.2367,0
2026-03-10 02:55:00,9711471450,6122275204,38,up,258.973,163.261,25.897,3.8804,0
2026-03-10 03:00:00,10312302487,4249592761,73,up,274.995,113.322,27.499,7.3395,0
2026-03-10 03:05:00,8665969543,6783316982,8,up,231.093,180.888,23.109,0.8129,0
2026-03-10 03:10:00,10347279432,6375761688,29,up,275.927,170.02,27.593,2.9661,0
2026-03-10 03:15:00,6329013162,5799361364,18,up,168.774,154.65,16.877,1.8171,0
2026-03-10 03:20:00,8565011775,6405158299,15,up,228.4,170.804,22.84,1.5441,0
2026-03-10 03:25:00,8335429341,5295786530,3,up,222.278,141.221,22.228,0.3611,0
2026-03-10 03:30:00,7964805736,6052110371,4,up,212.395,161.39,21.239,0.4612,0
2026-03-10 03:35:00,9133175807,6572237307,58,up,243.551,175.26,24.355,5.8046,0
2026-03-10 03:40:00,9808968714,3772111740,44,up,261.572,100.59,26.157,4.433,0
2026-03-10 03:45:00,10165492498,5677998461,15,up,271.08,151.413,27.108,1.5418,0
2026-03-10 03:50:00,9645986351,5983696226,56,up,257.226,159.565,25.723,5.6419,0
2026-03-10 03:55:00,8626094851,5858668595,2,up,230.029,156.231,23.003,0.2695,0
2026-03-10 04:00:00,9790143492,7049113314,31,up,261.07,187.976,26.107,3.1367,0
2026-03-10 04:05:00,9514821406,5190791190,64,up,253.729,138.421,25.373,6.4841,0
2026-03-10 04:10:00,10428063188,5552765344,58,up,278.082,148.074,27.808,5.8416,0
2026-03-10 04:15:00,10249053790,4620574301,14,up,273.308,123.215,27.331,1.4927,0
2026-03-10 04:20:00,9409285965,7087406388,43,up,250.914,188.998,25.091,4.3757,0
2026-03-10 04:25:00,8365590368,5822671097,17,up,223.082,155.271,22.308,1.7846,0
2026-03-10 04:30:00,8640431074,5684345600,58,up,230.411,151.583,23.041,5.867,0
2026-03-10 04:35:00,8756486970,5962212468,24,up,233.506,158.992,23.351,2.4213,0
2026-03-10 04:40:00,9020325374,6458089796,46,up,240.542,172.216,24.054,4.6322,0
2026-03-10 04:45:00,9676556731,6250101650,2,up,258.042,166.669,25.804,0.2619,0
2026-03-10 04:50:00,10179571188,7906476633,28,up,271.455,210.839,27.146,2.8533,0
2026-03-10 04:55:00,9317491470,6326833839,25,up,248.466,168.716,24.847,2.5572,0
2026-03-10 05:00:00,9393140386,5665023290,30,up,250.484,151.067,25.048,3.013,0
2026-03-10 05:05:00,9536219593,5595823148,38,up,254.299,149.222,25.43,3.8066,0
2026-03-10 05:10:00,8794606522,5717213554,80,up,234.523,152.459,23.452,8.0076,0
2026-03-10 05:15:00,8333933710,4918677414,49,up,222.238,131.165,22.224,4.9289,0
2026-03-10 05:20:00,7400132365,6028702229,7,up,197.337,160.765,19.734,0.7936,0
2026-03-10 05:25:00,8592956972,6564097036,55,up,229.146,175.043,22.915,5.5939,0
2026-03-10 05:30:00,9907288634,5558378207,4,up,264.194,148.223,26.419,0.4166,0
2026-03-10 05:35:00,6008957242,5418686359,47,up,160.239,144.498,16.024,4.7322,1
2026-03-10 05:40:00,9107467082,7091480505,68,up,242.866,189.106,24.287,6.8591,0
2026-03-10 05:45:00,9899735198,4972932127,3,up,263.993,132.612,26.399,0.3411,0
2026-03-10 05:50:00,9960775683,4511170768,60,up,265.621,120.298,26.562,6.0642,0
2026-03-10 05:55:00,8160525541,5169910600,51,up,217.614,137.864,21.761,5.1282,0
2026-03-10 06:00:00,10496691776,4890888443,22,up,279.912,130.424,27.991,2.2423,0
2026-03-10 06:05:00,10643268850,6278082766,11,up,283.821,167.416,28.382,1.1823,0
2026-03-10 06:10:00,8103918910,5740292759,16,up,216.105,153.074,21.61,1.6638,0
2026-03-10 06:15:00,8448183521,5841825327,110,up,225.285,155.782,22.528,11.081,0
2026-03-10 06:20:00,10714977018,6830112607,7,up,285.733,182.136,28.573,0.7209,0
2026-03-10 06:25:00,9209789788,5502238899,27,up,245.594,146.726,24.559,2.773,0
2026-03-10 06:30:00,6877749809,6558064376,2,up,183.407,174.882,18.341,0.2781,0
2026-03-10 06:35:00,7800358307,7088152415,7,up,208.01,189.017,20.801,0.7864,0
2026-03-10 06:40:00,9094459171,5671923001,46,up,242.519,151.251,24.252,4.6113,0
2026-03-10 06:45:00,8066577018,6530656456,11,up,215.109,174.151,21.511,1.1533,0
2026-03-10 06:50:00,8909898258,5825891102,136,up,237.597,155.357,23.76,13.6068,0
2026-03-10 06:55:00,9411445740,6665350652,22,up,250.972,177.743,25.097,2.2233,0
2026-03-10 07:00:00,11020036429,4868527784,23,up,293.868,129.827,29.387,2.3257,0
2026-03-10 07:05:00,9048239344,4815231183,1,up,241.286,128.406,24.129,0.1184,0
2026-03-10 07:10:00,10581609524,5718287245,100,up,282.176,152.488,28.218,10.034,0
2026-03-10 07:15:00,10982355182,5359974137,6,up,292.863,142.933,29.286,0.6126,0
2026-03-10 07:20:00,10988598378,5627969441,24,up,293.029,150.079,29.303,2.4734,0
2026-03-10 07:25:00,9695348917,5841940860,16,up,258.543,155.785,25.854,1.6117,0
2026-03-10 07:30:00,7166299708,6518409742,17,up,191.101,173.824,19.11,1.7189,0
2026-03-10 07:35:00,9893427973,5706484383,32,up,263.825,152.173,26.382,3.2988,0
2026-03-10 07:40:00,10554449873,5406819856,34,up,281.452,144.182,28.145,3.4719,0
2026-03-10 07:45:00,9283799506,5746910368,5,up,247.568,153.251,24.757,0.5362,0
2026-03-10 07:50:00,11337656853,5446215398,22,up,302.338,145.232,30.234,2.2154,0
2026-03-10 07:55:00,10342312756,5327516038,50,up,275.795,142.067,27.58,5.0014,0
2026-03-10 08:00:00,10014307549,4838627894,18,up,267.048,129.03,26.705,1.8743,0
2026-03-10 08:05:00,10597178300,6050024243,5,up,282.591,161.334,28.259,0.5801,0
2026-03-10 08:10:00,9750041082,5590531891,12,up,260.001,149.081,26.0,1.2024,0
2026-03-10 08:15:00,6570588188,6695720692,7,up,175.216,178.553,17.522,0.764,0
2026-03-10 08:20:00,8813468679,4957874813,4,up,235.026,132.21,23.503,0.4303,0
2026-03-10 08:25:00,10721814030,5609699840,15,up,285.915,149.592,28.592,1.5173,0
2026-03-10 08:30:00,8466459742,7305293198,24,up,225.772,194.808,22.577,2.4914,0
2026-03-10 08:35:00,9123593431,5323481147,2,up,243.296,141.959,24.33,0.2417,0
2026-03-10 08:40:00,8199559146,5829696058,29,up,218.655,155.459,21.865,2.9629,0
2026-03-10 08:45:00,11381912919,5124592332,158,up,303.518,136.656,30.352,15.8891,0
2026-03-10 08:50:00,7886675310,5029132190,56,up,210.311,134.11,21.031,5.638,1
2026-03-10 08:55:00,8380647492,7114063907,56,up,223.484,189.708,22.348,5.6547,0
2026-03-10 09:00:00,9540710250,6123148434,9,up,254.419,163.284,25.442,0.9911,0
2026-03-10 09:05:00,8609444196,6096248763,0,up,229.585,162.567,22.959,0.0725,0
2026-03-10 09:10:00,10066812718,4778652310,57,up,268.448,127.431,26.845,5.7376,0
2026-03-10 09:15:00,9948393461,6258293799,1,up,265.29,166.888,26.529,0.1835,0
2026-03-10 09:20:00,10288168768,6833343801,7,up,274.351,182.223,27.435,0.7367,0
2026-03-10 09:25:00,9748408253,6827623483,25,up,259.958,182.07,25.996,2.516,0
2026-03-10 09:30:00,12677331982,6481199925,6,up,338.062,172.832,33.806,0.6287,0
2026-03-10 09:35:00,8218585764,5186770384,57,up,219.162,138.314,21.916,5.7424,0
2026-03-10 09:40:00,7450571226,6225448860,48,up,198.682,166.012,19.868,4.8042,0
2026-03-10 09:45:00,8932773524,6480661171,45,up,238.207,172.818,23.821,4.5109,0
2026-03-10 09:50:00,7611013201,4708000618,54,up,202.96,125.547,20.296,5.4192,0
2026-03-10 09:55:00,7695979946,5192678694,7,up,205.226,138.471,20.523,0.7939,0
2026-03-10 10:00:00,8248521014,6639473271,41,up,219.961,177.053,21.996,4.1768,0
2026-03-10 10:05:00,8337537481,6630752959,14,up,222.334,176.82,22.233,1.4046,0
2026-03-10 10:10:00,8301054635,4885020215,35,up,221.361,130.267,22.136,3.5173,0
2026-03-10 10:15:00,9957996319,6572415450,4,up,265.547,175.264,26.555,0.4164,0
2026-03-10 10:20:00,8805537306,6068618447,39,up,234.814,161.83,23.481,3.9129,0
2026-03-10 10:25:00,9173046103,6562326447,114,up,244.615,174.995,24.461,11.4541,0
2026-03-10 10:30:00,10381011871,5543144647,1,up,276.827,147.817,27.683,0.1427,0
2026-03-10 10:35:00,5959021011,6464532117,61,up,158.907,172.388,15.891,6.1191,1
2026-03-10 10:40:00,9077385863,6607556717,4,up,242.064,176.202,24.206,0.4223,0
2026-03-10 10:45:00,9786479984,5747038846,18,up,260.973,153.254,26.097,1.8019,0
2026-03-10 10:50:00,7190736224,6012781833,10,up,191.753,160.341,19.175,1.0995,0
2026-03-10 10:55:00,6691981302,5533064426,52,up,178.453,147.548,17.845,5.2629,0
2026-03-10 11:00:00,9764381994,7189180043,20,up,260.384,191.711,26.038,2.0546,0
2026-03-10 11:05:00,9928516065,5913404203,21,up,264.76,157.691,26.476,2.1206,0
2026-03-10 11:10:00,11697247651,5336142485,40,up,311.927,142.297,31.193,4.0398,0
2026-03-10 11:15:00,9552856735,5484605342,14,up,254.743,146.256,25.474,1.438,0
2026-03-10 11:20:00,10297207181,6091274832,13,up,274.592,162.434,27.459,1.3943,0
2026-03-10 11:25:00,9155093275,6542398443,45,up,244.136,174.464,24.414,4.5261,0
2026-03-10 11:30:00,9709380624,5038204671,48,up,258.917,134.352,25.892,4.8458,0
2026-03-10 11:35:00,11250663946,7330315202,0,up,300.018,195.475,30.002,0.0464,0
2026-03-10 11:40:00,6985508079,6222246211,4,up,186.28,165.927,18.628,0.4968,0
2026-03-10 11:45:00,9840318289,6335848300,7,up,262.408,168.956,26.241,0.7669,0
2026-03-10 11:50:00,11777535071,5930023528,13,up,314.068,158.134,31.407,1.3864,0
2026-03-10 11:55:00,9692288496,6013866456,11,up,258.461,160.37,25.846,1.1025,0
2026-03-10 12:00:00,11231894583,5893236140,35,up,299.517,157.153,29.952,3.5334,0
2026-03-10 12:05:00,8667136331,6732813097,56,up,231.124,179.542,23.112,5.6354,0
2026-03-10 12:10:00,9338946569,5994291417,6,up,249.039,159.848,24.904,0.6826,0
2026-03-10 12:15:00,9412715290,6552276157,26,up,251.006,174.727,25.101,2.6489,0
2026-03-10 12:20:00,6880210035,5687629783,14,up,183.472,151.67,18.347,1.4674,0
2026-03-10 12:25:00,8060799943,6140861180,22,up,214.955,163.756,21.495,2.2553,0
2026-03-10 12:30:00,8141015535,5421177352,31,up,217.094,144.565,21.709,3.1027,0
2026-03-10 12:35:00,10299824337,6875900327,71,up,274.662,183.357,27.466,7.1698,0
2026-03-10 12:40:00,10356172243,5399701986,6,up,276.165,143.992,27.616,0.6834,0
2026-03-10 12:45:00,9739540998,5766014800,2,up,259.721,153.76,25.972,0.2913,0
2026-03-10 12:50:00,10302115758,5773228503,31,up,274.723,153.953,27.472,3.1576,0
2026-03-10 12:55:00,9190331910,5745155000,16,up,245.076,153.204,24.508,1.6035,0
2026-03-10 13:00:00,10727173128,6520196953,5,up,286.058,173.872,28.606,0.569,0
2026-03-10 13:05:00,9384886997,5772006409,3,up,250.264,153.92,25.026,0.3985,0
2026-03-10 13:10:00,9440097053,7003625661,26,up,251.736,186.763,25.174,2.6192,0
2026-03-10 13:15:00,9076208287,5410697937,11,up,242.032,144.285,24.203,1.1435,0
2026-03-10 13:20:00,10145006787,6121951778,190,up,270.534,163.252,27.053,19.0798,0
2026-03-10 13:25:00,8901151331,5441434087,16,up,237.364,145.105,23.736,1.6663,0
2026-03-10 13:30:00,10473485299,6303100403,7,up,279.293,168.083,27.929,0.7636,0
2026-03-10 13:35:00,8101332216,5988516196,31,up,216.036,159.694,21.604,3.1717,0
2026-03-10 13:40:00,8138719213,5888355327,8,up,217.033,157.023,21.703,0.8962,0
2026-03-10 13:45:00,10148355099,6855701975,21,up,270.623,182.819,27.062,2.1804,0
2026-03-10 13:50:00,9275387758,5528873852,21,up,247.344,147.437,24.734,2.1085,0
2026-03-10 13:55:00,8864372156,6422290913,19,up,236.383,171.261,23.638,1.9338,0
2026-03-10 14:00:00,10376314949,5446348862,50,up,276.702,145.236,27.67,5.0882,0
2026-03-10 14:05:00,8691830909,6081133344,7,up,231.782,162.164,23.178,0.7812,0
2026-03-10 14:10:00,9149773588,5139185763,75,up,243.994,137.045,24.399,7.5092,0
2026-03-10 14:15:00,10949131443,5522987654,50,up,291.977,147.28,29.198,5.0146,0
2026-03-10 14:20:00,11106535139,5940857007,12,up,296.174,158.423,29.617,1.2965,0
2026-03-10 14:25:00,11143947986,7306547400,6,up,297.172,194.841,29.717,0.6374,0
2026-03-10 14:30:00,9057608500,6072578786,10,up,241.536,161.935,24.154,1.0491,0
2026-03-10 14:35:00,10759540768,7191361187,12,up,286.921,191.77,28.692,1.2941,0
2026-03-10 14:40:00,8307428068,6158632770,26,up,221.531,164.23,22.153,2.6049,0
2026-03-10 14:45:00,8354734265,5721299343,1,up,222.793,152.568,22.279,0.1519,0
2026-03-10 14:50:00,6730737165,7108336696,78,up,179.486,189.556,17.949,7.8643,0
2026-03-10 14:55:00,11256976727,6314652687,3,up,300.186,168.391,30.019,0.3324,0
2026-03-10 15:00:00,8403022669,5537240452,10,up,224.081,147.66,22.408,1.048,0
2026-03-10 15:05:00,9232650847,6338811450,3,up,246.204,169.035,24.62,0.3703,0
2026-03-10 15:10:00,8350885115,5789331780,9,up,222.69,154.382,22.269,0.9492,0
2026-03-10 15:15:00,10157060904,4567895378,58,up,270.855,121.811,27.085,5.8181,0
2026-03-10 15:20:00,8952412131,6673900674,30,up,238.731,177.971,23.873,3.0559,0
2026-03-10 15:25:00,7907080998,6788352520,8,up,210.855,181.023,21.086,0.8253,0
2026-03-10 15:30:00,9871870384,7323318261,65,up,263.25,195.288,26.325,6.5723,0
2026-03-10 15:35:00,7762053722,6303943458,51,up,206.988,168.105,20.699,5.1616,0
2026-03-10 15:40:00,8432918559,5820919134,44,up,224.878,155.225,22.488,4.4832,0
2026-03-10 15:45:00,7004749746,6601192387,60,up,186.793,176.032,18.679,6.0207,0
2026-03-10 15:50:00,7773047123,6611870663,30,up,207.281,176.317,20.728,3.0933,0
2026-03-10 15:55:00,9575845315,7179562451,22,up,255.356,191.455,25.536,2.2273,0
2026-03-10 16:00:00,7164896957,5967868111,14,up,191.064,159.143,19.106,1.4986,0
2026-03-10 16:05:00,5396097741,5880783139,69,up,143.896,156.821,14.39,6.9194,1
2026-03-10 16:10:00,9372334969,5484808017,26,up,249.929,146.262,24.993,2.6084,0
2026-03-10 16:15:00,8763442241,6386972702,70,up,233.692,170.319,23.369,7.0485,0
2026-03-10 16:20:00,11616041215,4885251598,28,up,309.761,130.273,30.976,2.8843,0
2026-03-10 16:25:00,11438133614,6558782908,80,up,305.017,174.901,30.502,8.0666,0
2026-03-10 16:30:00,8398587229,6423241287,14,up,223.962,171.286,22.396,1.4127,0
2026-03-10 16:35:00,10001779820,6421250545,38,up,266.714,171.233,26.671,3.8013,0
2026-03-10 16:40:00,10217942876,6099522170,33,up,272.478,162.654,27.248,3.3473,0
2026-03-10 16:45:00,8702836284,7103744338,35,up,232.076,189.433,23.208,3.5519,0
2026-03-10 16:50:00,7692515771,6627835295,33,up,205.134,176.742,20.513,3.3144,0
2026-03-10 16:55:00,9361164244,5562904422,8,up,249.631,148.344,24.963,0.8019,0
2026-03-10 17:00:00,9180548615,5575791084,4,up,244.815,148.688,24.481,0.496,0
2026-03-10 17:05:00,8884764940,5366634854,123,up,236.927,143.11,23.693,12.3062,0
2026-03-10 17:10:00,9872606476,6396923999,1,up,263.27,170.585,26.327,0.1483,0
2026-03-10 17:15:00,8530429192,5279899976,20,up,227.478,140.797,22.748,2.018,0
2026-03-10 17:20:00,8079002758,6780042343,17,up,215.44,180.801,21.544,1.7713,0
2026-03-10 17:25:00,9497718341,6952540782,14,up,253.272,185.401,25.327,1.4282,0
2026-03-10 17:30:00,9809216354,5367108286,48,up,261.579,143.123,26.158,4.8742,0
2026-03-10 17:35:00,8051274438,5866405055,43,up,214.701,156.437,21.47,4.3772,0
2026-03-10 17:40:00,10419101937,6011967106,75,up,277.843,160.319,27.784,7.54,0
2026-03-10 17:45:00,7383208720,6636467875,16,up,196.886,176.972,19.689,1.6107,0
2026-03-10 17:50:00,8724622358,7158727230,26,up,232.657,190.899,23.266,2.6577,0
2026-03-10 17:55:00,9084740396,4786445477,71,up,242.26,127.639,24.226,7.1311,0
2026-03-10 18:00:00,8659248323,5770909883,162,up,230.913,153.891,23.091,16.2912,0
2026-03-10 18:05:00,8739306967,5808467979,111,up,233.048,154.892,23.305,11.1466,0
2026-03-10 18:10:00,11479958792,4991517704,40,up,306.132,133.107,30.613,4.0489,0
2026-03-10 18:15:00,8417755399,5650720786,4,up,224.473,150.686,22.447,0.4947,0
2026-03-10 18:20:00,12121374437,6307993639,0,up,323.237,168.213,32.324,0.0751,0
2026-03-10 18:25:00,9866767627,5799351189,55,up,263.114,154.649,26.311,5.5815,0
2026-03-10 18:30:00,9478562029,4887872758,58,up,252.762,130.343,25.276,5.8832,0
2026-03-10 18:35:00,9910770397,8069339542,43,up,264.287,215.182,26.429,4.3899,0
2026-03-10 18:40:00,12221168717,6191648062,10,up,325.898,165.111,32.59,1.0509,0
2026-03-10 18:45:00,8257207870,6080419773,32,up,220.192,162.145,22.019,3.2677,0
2026-03-10 18:50:00,8114529841,5209493018,12,up,216.387,138.92,21.639,1.2165,0
2026-03-10 18:55:00,8525775528,6187708436,19,up,227.354,165.006,22.735,1.9169,0
2026-03-10 19:00:00,9411161040,5881766075,15,up,250.964,156.847,25.096,1.5423,0
2026-03-10 19:05:00,7433507484,4640263142,78,up,198.227,123.74,19.823,7.8375,0
2026-03-10 19:10:00,9400131644,5229416083,8,up,250.67,139.451,25.067,0.8537,0
2026-03-10 19:15:00,11280240525,6572346732,27,up,300.806,175.263,30.081,2.7579,0
2026-03-10 19:20:00,9545333314,7399692708,14,up,254.542,197.325,25.454,1.433,0
2026-03-10 19:25:00,9045728858,6264359091,34,up,241.219,167.05,24.122,3.4812,0
2026-03-10 19:30:00,8679569495,6794219960,26,up,231.455,181.179,23.146,2.6605,0
2026-03-10 19:35:00,10385825667,5887856177,82,up,276.955,157.009,27.696,8.2455,0
2026-03-10 19:40:00,8445938130,5937686764,3,up,225.225,158.338,22.523,0.3429,0
2026-03-10 19:45:00,11452195410,6785504899,7,up,305.392,180.947,30.539,0.7977,0
2026-03-10 19:50:00,11550029716,7197199648,46,up,308.001,191.925,30.8,4.6526,0
2026-03-10 19:55:00,9663844648,6936789619,14,up,257.703,184.981,25.77,1.4724,0
2026-03-10 20:00:00,9362045525,5232218585,5,up,249.655,139.526,24.965,0.58,0
2026-03-10 20:05:00,10534492284,5951789598,22,up,280.92,158.714,28.092,2.2394,0
2026-03-10 20:10:00,10606648315,6199817772,33,up,282.844,165.328,28.284,3.3791,0
2026-03-10 20:15:00,8468259302,5813031866,1,up,225.82,155.014,22.582,0.1468,0
2026-03-10 20:20:00,8782625475,6279257431,11,up,234.203,167.447,23.42,1.1033,0
2026-03-10 20:25:00,7887359135,6590815304,53,up,210.33,175.755,21.033,5.3046,0
2026-03-10 20:30:00,9835198055,6722023021,23,up,262.272,179.254,26.227,2.3503,0
2026-03-10 20:35:00,10124956368,7213826509,1,up,269.999,192.369,27.0,0.1153,0
2026-03-10 20:40:00,7856333657,5762802404,10,up,209.502,153.675,20.95,1.0599,0
2026-03-10 20:45:00,8862901232,5017896121,32,up,236.344,133.811,23.634,3.2617,0
2026-03-10 20:50:00,7859339342,6257928907,7,up,209.582,166.878,20.958,0.7115,0
2026-03-10 20:55:00,8363850213,7356343942,56,up,223.036,196.169,22.304,5.6215,0
2026-03-10 21:00:00,9994894192,5656577380,36,up,266.531,150.842,26.653,3.6121,0
2026-03-10 21:05:00,8549832674,6494529823,20,up,227.996,173.187,22.8,2.0399,0
2026-03-10 21:10:00,9036570799,6500936970,79,up,240.975,173.358,24.098,7.9119,0
2026-03-10 21:15:00,7544274306,6137838274,15,up,201.181,163.676,20.118,1.5912,0
2026-03-10 21:20:00,9585363985,6004985799,8,up,255.61,160.133,25.561,0.8575,0
2026-03-10 21:25:00,9325192515,5335130971,34,up,248.672,142.27,24.867,3.4654,0
2026-03-10 21:30:00,8554920843,4357203307,27,up,228.131,116.192,22.813,2.7253,0
2026-03-10 21:35:00,9162358915,5199467491,13,up,244.33,138.652,24.433,1.3067,0
2026-03-10 21:40:00,9577831740,5718981012,13,up,255.409,152.506,25.541,1.3475,0
2026-03-10 21:45:00,8458273332,6790144334,16,up,225.554,181.071,22.555,1.6251,0
2026-03-10 21:50:00,7714204637,5925747795,11,up,205.712,158.02,20.571,1.1011,0
2026-03-10 21:55:00,11406271236,5626301482,39,up,304.167,150.035,30.417,3.9639,0
2026-03-10 22:00:00,8662568207,5358490481,33,up,231.002,142.893,23.1,3.3719,0
2026-03-10 22:05:00,9266144883,6472900196,18,up,247.097,172.611,24.71,1.8599,0
2026-03-10 22:10:00,10512194701,6978017159,16,up,280.325,186.08,28.033,1.6232,0
2026-03-10 22:15:00,13345187086,6765673719,14,up,355.872,180.418,35.587,1.4535,0
2026-03-10 22:20:00,7974952743,6436427783,10,up,212.665,171.638,21.267,1.0667,0
2026-03-10 22:25:00,9881055615,4937558822,2,up,263.495,131.668,26.349,0.2867,0
2026-03-10 22:30:00,8579003679,5746794545,9,up,228.773,153.248,22.877,0.9992,0
2026-03-10 22:35:00,8768860907,7402059044,12,up,233.836,197.388,23.384,1.2398,0
2026-03-10 22:40:00,5995333033,6807804354,69,up,159.876,181.541,15.988,6.9397,1
2026-03-10 22:45:00,8108638161,4892997682,47,up,216.23,130.48,21.623,4.7561,0
2026-03-10 22:50:00,9328547217,5959974823,16,up,248.761,158.933,24.876,1.6118,0
2026-03-10 22:55:00,7716184477,6261430871,92,up,205.765,166.971,20.576,9.2672,0
2026-03-10 23:00:00,10440158512,5451245906,56,up,278.404,145.367,27.84,5.6208,0
2026-03-10 23:05:00,9436878303,4337373104,133,up,251.65,115.663,25.165,13.3971,0
2026-03-10 23:10:00,9850239344,6071153312,66,up,262.673,161.897,26.267,6.6852,0
2026-03-10 23:15:00,8850537811,5432814054,30,up,236.014,144.875,23.601,3.0688,0
2026-03-10 23:20:00,8961895574,5435633947,29,up,238.984,144.95,23.898,2.92,0
2026-03-10 23:25:00,9698509393,5744630140,4,up,258.627,153.19,25.863,0.4439,0
2026-03-10 23:30:00,8065443038,5903753341,41,up,215.078,157.433,21.508,4.101,0
2026-03-10 23:35:00,8972260761,5993460388,29,up,239.26,159.826,23.926,2.9338,0
2026-03-10 23:40:00,8407934796,5363527272,22,up,224.212,143.027,22.421,2.2627,0
2026-03-10 23:45:00,8373110088,5841449138,37,up,223.283,155.772,22.328,3.7819,0
2026-03-10 23:50:00,7001431979,4734655173,18,up,186.705,126.257,18.67,1.8786,0
2026-03-10 23:55:00,10881742413,6223948127,23,up,290.18,165.972,29.018,2.3745,0
2026-03-11 00:00:00,8602643902,3943481702,16,up,229.404,105.16,22.94,1.6259,0
2026-03-11 00:05:00,10683798062,5791567142,40,up,284.901,154.442,28.49,4.0436,0
2026-03-11 00:10:00,10577391361,6661814030,66,up,282.064,177.648,28.206,6.6957,0
2026-03-11 00:15:00,7928250330,5237274705,58,up,211.42,139.661,21.142,5.8812,0
2026-03-11 00:20:00,8150537359,6515829746,49,up,217.348,173.755,21.735,4.9341,0
2026-03-11 00:25:00,12255565829,6832127552,0,up,326.815,182.19,32.682,0.0444,0
2026-03-11 00:30:00,11344791684,3618312034,77,up,302.528,96.488,30.253,7.773,0
2026-03-11 00:35:00,9339541672,5891018709,10,up,249.054,157.094,24.905,1.0285,0
2026-03-11 00:40:00,9664544744,3929443132,70,up,257.721,104.785,25.772,7.0049,0
2026-03-11 00:45:00,6065708457,5914889919,55,up,161.752,157.73,16.175,5.5579,1
2026-03-11 00:50:00,9861396803,5994836728,18,up,262.971,159.862,26.297,1.8534,0
2026-03-11 00:55:00,8568170361,4212568330,44,up,228.485,112.335,22.848,4.4285,0
2026-03-11 01:00:00,7088602015,7385883620,32,up,189.029,196.957,18.903,3.2718,0
2026-03-11 01:05:00,7888249740,6205931381,17,up,210.353,165.492,21.035,1.7207,0
2026-03-11 01:10:00,9398729341,5388703128,36,up,250.633,143.699,25.063,3.6325,0
2026-03-11 01:15:00,8102549360,7055073187,25,up,216.068,188.135,21.607,2.5478,0
2026-03-11 01:20:00,9299312851,4707158481,10,up,247.982,125.524,24.798,1.0323,0
2026-03-11 01:25:00,8166006330,5114996855,33,up,217.76,136.4,21.776,3.326,0
2026-03-11 01:30:00,8494851837,4344392022,7,up,226.529,115.85,22.653,0.7311,0
2026-03-11 01:35:00,10334810969,7296752541,37,up,275.595,194.58,27.559,3.7892,0
2026-03-11 01:40:00,6757390931,6239289387,71,up,180.197,166.381,18.02,7.177,1
2026-03-11 01:45:00,9364127526,6474769288,25,up,249.71,172.661,24.971,2.5465,0
2026-03-11 01:50:00,10363834469,6216720888,16,up,276.369,165.779,27.637,1.6403,0
2026-03-11 01:55:00,9915684667,6413112788,11,up,264.418,171.016,26.442,1.1556,0
2026-03-11 02:00:00,11002383702,6056215954,23,up,293.397,161.499,29.34,2.3202,0
2026-03-11 02:05:00,8857658329,6195063366,33,up,236.204,165.202,23.62,3.3169,0
2026-03-11 02:10:00,8891660649,6077474474,107,up,237.111,162.066,23.711,10.7564,0
2026-03-11 02:15:00,7911252075,5561813899,57,up,210.967,148.315,21.097,5.7285,0
2026-03-11 02:20:00,8892396692,5966430169,40,up,237.131,159.105,23.713,4.0411,0
2026-03-11 02:25:00,10460366131,6196988092,20,up,278.943,165.253,27.894,2.0862,0
2026-03-11 02:30:00,7586240055,6079595366,44,up,202.3,162.123,20.23,4.4333,1
2026-03-11 02:35:00,10455343314,4936004082,1,up,278.809,131.627,27.881,0.1058,0
2026-03-11 02:40:00,7356534150,5031609598,14,up,196.174,134.176,19.617,1.4236,0
2026-03-11 02:45:00,10593538364,6779645832,60,up,282.494,180.791,28.249,6.0363,0
2026-03-11 02:50:00,7306666548,5778964286,15,up,194.844,154.106,19.484,1.5506,0
2026-03-11 02:55:00,10385381989,6421002249,19,up,276.944,171.227,27.694,1.9812,0
2026-03-11 03:00:00,8961242407,5213673664,10,up,238.966,139.031,23.897,1.0151,0
2026-03-11 03:05:00,10165349978,4939334968,10,up,271.076,131.716,27.108,1.0252,0
2026-03-11 03:10:00,7875995608,5392610438,2,up,210.027,143.803,21.003,0.2044,0
2026-03-11 03:15:00,10692563586,5839753149,30,up,285.135,155.727,28.514,3.0445,0
2026-03-11 03:20:00,7726903410,5521098984,19,up,206.051,147.229,20.605,1.9019,0
2026-03-11 03:25:00,8622988225,6931632136,29,up,229.946,184.844,22.995,2.9802,0
2026-03-11 03:30:00,8252143543,6129256777,25,up,220.057,163.447,22.006,2.5332,0
2026-03-11 03:35:00,7401429540,7331235805,51,up,197.371,195.5,19.737,5.1318,0
2026-03-11 03:40:00,9481343513,6291173870,44,up,252.836,167.765,25.284,4.4491,0
2026-03-11 03:45:00,11406850257,4262963411,47,up,304.183,113.679,30.418,4.7233,0
2026-03-11 03:50:00,12375268375,6760349956,22,up,330.007,180.276,33.001,2.2132,0
2026-03-11 03:55:00,9484300260,4913122831,13,up,252.915,131.017,25.291,1.3977,0
2026-03-11 04:00:00,10631266434,6165984240,86,up,283.5,164.426,28.35,8.6707,0
2026-03-11 04:05:00,9636106467,5442227478,1,up,256.963,145.126,25.696,0.1786,0
2026-03-11 04:10:00,9936243594,7542751944,5,up,264.966,201.14,26.497,0.5299,0
2026-03-11 04:15:00,8990082767,7036510507,17,up,239.736,187.64,23.974,1.7409,0
2026-03-11 04:20:00,6716123078,5465889137,67,up,179.097,145.757,17.91,6.7191,1
2026-03-11 04:25:00,9979663542,5908302478,0,up,266.124,157.555,26.612,0.0263,0
2026-03-11 04:30:00,8724232805,6176110610,40,up,232.646,164.696,23.265,4.0658,0
2026-03-11 04:35:00,9287818912,6621658131,26,up,247.675,176.578,24.768,2.6179,0
2026-03-11 04:40:00,6516486281,6020989376,60,up,173.773,160.56,17.377,6.0842,1
2026-03-11 04:45:00,10304703731,5262075672,17,up,274.792,140.322,27.479,1.7625,0
2026-03-11 04:50:00,8175713806,5483357779,23,up,218.019,146.223,21.802,2.3453,0
2026-03-11 04:55:00,9317015015,5996773106,5,up,248.454,159.914,24.845,0.5647,0
2026-03-11 05:00:00,11526006152,6888809024,3,up,307.36,183.702,30.736,0.3683,0
2026-03-11 05:05:00,10684567671,6308043259,10,up,284.922,168.214,28.492,1.0943,0
2026-03-11 05:10:00,10892826429,5443141252,39,up,290.475,145.15,29.048,3.9557,0
2026-03-11 05:15:00,9402485820,6466828399,28,up,250.733,172.449,25.073,2.8398,0
2026-03-11 05:20:00,9736122259,5721370916,20,up,259.63,152.57,25.963,2.0933,0
2026-03-11 05:25:00,10502515687,6641093763,27,up,280.067,177.096,28.007,2.712,0
2026-03-11 05:30:00,11130287470,7819447501,26,up,296.808,208.519,29.681,2.6217,0
2026-03-11 05:35:00,7179446723,5741645012,11,up,191.452,153.111,19.145,1.1737,0
2026-03-11 05:40:00,7895128529,6577155715,3,up,210.537,175.391,21.054,0.3281,0
2026-03-11 05:45:00,10848124614,5463316800,72,up,289.283,145.688,28.928,7.2669,0
2026-03-11 05:50:00,9063499474,5919170087,29,up,241.693,157.845,24.169,2.9314,0
2026-03-11 05:55:00,6033519878,6021284846,57,up,160.894,160.568,16.089,5.7665,1
2026-03-11 06:00:00,7964068889,5860547764,19,up,212.375,156.281,21.238,1.9956,0
2026-03-11 06:05:00,8750606210,7773369855,45,up,233.349,207.29,23.335,4.5202,0
2026-03-11 06:10:00,7797334556,5779252986,28,up,207.929,154.113,20.793,2.8105,0
2026-03-11 06:15:00,11727481056,6422533107,1,up,312.733,171.268,31.273,0.177,0
2026-03-11 06:20:00,9349759441,4610337454,70,up,249.327,122.942,24.933,7.0661,0
2026-03-11 06:25:00,9309805640,6311037525,11,up,248.261,168.294,24.826,1.1668,0
2026-03-11 06:30:00,10036586259,6822279306,4,up,267.642,181.927,26.764,0.4748,0
2026-03-11 06:35:00,10457638315,5620129913,2,up,278.87,149.87,27.887,0.2949,0
2026-03-11 06:40:00,10439124176,4192640058,40,up,278.377,111.804,27.838,4.0785,0
2026-03-11 06:45:00,10582824686,5972170726,38,up,282.209,159.258,28.221,3.8953,0
2026-03-11 06:50:00,8665298755,6012372372,38,up,231.075,160.33,23.107,3.8544,0
2026-03-11 06:55:00,9039899844,6521334036,79,up,241.064,173.902,24.106,7.9168,0
2026-03-11 07:00:00,10240160612,7447850185,13,up,273.071,198.609,27.307,1.3733,0
2026-03-11 07:05:00,8781687305,5726361371,26,up,234.178,152.703,23.418,2.6354,0
2026-03-11 07:10:00,9369255038,5383472550,30,up,249.847,143.559,24.985,3.092,0
2026-03-11 07:15:00,9823609234,5159819183,124,up,261.963,137.595,26.196,12.4366,0
2026-03-11 07:20:00,10258333217,6142616604,11,up,273.556,163.803,27.356,1.1983,0
2026-03-11 07:25:00,7375108917,6345135066,100,up,196.67,169.204,19.667,10.0196,0
2026-03-11 07:30:00,10179088856,5607128116,5,up,271.442,149.523,27.144,0.5153,0
2026-03-11 07:35:00,9112060434,6560651576,46,up,242.988,174.951,24.299,4.6206,0
2026-03-11 07:40:00,10170889924,6335076535,32,up,271.224,168.935,27.122,3.2067,0
2026-03-11 07:45:00,10249048153,6031126816,54,up,273.308,160.83,27.331,5.4326,0
2026-03-11 07:50:00,11183904443,5350261401,0,up,298.237,142.674,29.824,0.0931,0
2026-03-11 07:55:00,10897635353,5653057692,2,up,290.604,150.748,29.06,0.2603,0
2026-03-11 08:00:00,10889893120,4250576185,2,up,290.397,113.349,29.04,0.2312,0
2026-03-11 08:05:00,10999129109,6169766686,28,up,293.31,164.527,29.331,2.8763,0
2026-03-11 08:10:00,9702801357,6018965727,29,up,258.741,160.506,25.874,2.9557,0
2026-03-11 08:15:00,9411208222,6135704873,75,up,250.966,163.619,25.097,7.5698,0
2026-03-11 08:20:00,10356919218,6363109691,20,up,276.185,169.683,27.618,2.0172,0
2026-03-11 08:25:00,10198591070,6277791470,2,up,271.962,167.408,27.196,0.2255,0
2026-03-11 08:30:00,9027300483,5920524109,7,up,240.728,157.881,24.073,0.7524,0
2026-03-11 08:35:00,9830426334,6035040991,0,up,262.145,160.934,26.214,0.0259,0
2026-03-11 08:40:00,9335516474,4988892179,47,up,248.947,133.037,24.895,4.7978,0
2026-03-11 08:45:00,5890027834,5579721135,67,up,157.067,148.793,15.707,6.7904,1
2026-03-11 08:50:00,10826768334,6036339158,197,up,288.714,160.969,28.871,19.7928,0
2026-03-11 08:55:00,9437099147,5470185425,17,up,251.656,145.872,25.166,1.7003,0
2026-03-11 09:00:00,11679796789,6619308573,0,up,311.461,176.515,31.146,0.0624,0
2026-03-11 09:05:00,7546321196,5525784901,8,up,201.235,147.354,20.124,0.8561,0
2026-03-11 09:10:00,8748623880,6155739896,28,up,233.297,164.153,23.33,2.8357,0
2026-03-11 09:15:00,6588203083,6083927272,73,up,175.685,162.238,17.569,7.3141,1
2026-03-11 09:20:00,10654553734,6537319867,3,up,284.121,174.329,28.412,0.3499,0
2026-03-11 09:25:00,9824403044,6648569645,4,up,261.984,177.295,26.198,0.4148,0
2026-03-11 09:30:00,9724281848,6499703479,38,up,259.314,173.325,25.931,3.8715,0
2026-03-11 09:35:00,5674779763,4483675535,44,up,151.327,119.565,15.133,4.4568,1
2026-03-11 09:40:00,8073440928,6859786666,9,up,215.292,182.928,21.529,0.9227,0
2026-03-11 09:45:00,9737817742,7099661921,53,up,259.675,189.324,25.968,5.3677,0
2026-03-11 09:50:00,7840380756,5652870515,4,up,209.077,150.743,20.908,0.4411,0
2026-03-11 09:55:00,8776637530,6170385777,83,up,234.044,164.544,23.404,8.3207,0
2026-03-11 10:00:00,9938531995,5358601190,7,up,265.028,142.896,26.503,0.7182,0
2026-03-11 10:05:00,8269885193,4597167475,2,up,220.53,122.591,22.053,0.2715,0
2026-03-11 10:10:00,11181025457,5468125008,13,up,298.161,145.817,29.816,1.3273,0
2026-03-11 10:15:00,10751928387,5611099891,6,up,286.718,149.629,28.672,0.6658,0
2026-03-11 10:20:00,7607152501,5744507473,23,up,202.857,153.187,20.286,2.3953,0
2026-03-11 10:25:00,8326082351,5309581855,37,up,222.029,141.589,22.203,3.7154,0
2026-03-11 10:30:00,6803500599,5471933879,21,up,181.427,145.918,18.143,2.1605,0
2026-03-11 10:35:00,8494584717,5992075448,34,up,226.522,159.789,22.652,3.4579,0
2026-03-11 10:40:00,10237187036,5445436572,14,up,272.992,145.212,27.299,1.4528,0
2026-03-11 10:45:00,8909368189,6391337519,0,up,237.583,170.436,23.758,0.0906,0
2026-03-11 10:50:00,9893396899,6490795669,116,up,263.824,173.088,26.382,11.6868,0
2026-03-11 10:55:00,7662373891,7713879177,54,up,204.33,205.703,20.433,5.4769,0
2026-03-11 11:00:00,10272722161,6810489551,2,up,273.939,181.613,27.394,0.244,0
2026-03-11 11:05:00,6125351483,6175034201,45,up,163.343,164.668,16.334,4.5249,1
2026-03-11 11:10:00,9388690892,5553409706,32,up,250.365,148.091,25.037,3.2253,0
2026-03-11 11:15:00,9270516185,6211498093,6,up,247.214,165.64,24.721,0.6767,0
2026-03-11 11:20:00,7944507913,6235149091,27,up,211.854,166.271,21.185,2.7607,0
2026-03-11 11:25:00,8077780126,5630414575,24,up,215.407,150.144,21.541,2.441,0
2026-03-11 11:30:00,10463768777,6564286605,7,up,279.034,175.048,27.903,0.7473,0
2026-03-11 11:35:00,9823866177,4993369429,4,up,261.97,133.157,26.197,0.4871,0
2026-03-11 11:40:00,10556305171,5824032118,45,up,281.501,155.308,28.15,4.553,0
2026-03-11 11:45:00,9740240514,6400218090,12,up,259.74,170.672,25.974,1.2463,0
2026-03-11 11:50:00,9535864464,5792939413,8,up,254.29,154.478,25.429,0.8953,0
2026-03-11 11:55:00,7433238053,5851136829,42,up,198.22,156.03,19.822,4.2846,0
2026-03-11 12:00:00,9070837466,5900794179,42,up,241.889,157.355,24.189,4.2626,0
2026-03-11 12:05:00,9344192639,5398367106,10,up,249.178,143.956,24.918,1.0353,0
2026-03-11 12:10:00,11572245598,6845208670,65,up,308.593,182.539,30.859,6.5926,0
2026-03-11 12:15:00,10147826211,5267012876,37,up,270.609,140.454,27.061,3.7298,0
2026-03-11 12:20:00,11103068829,6229074715,13,up,296.082,166.109,29.608,1.3577,0
2026-03-11 12:25:00,10047229919,6297826486,17,up,267.926,167.942,26.793,1.7847,0
2026-03-11 12:30:00,8574783869,5316992231,41,up,228.661,141.786,22.866,4.1511,0
2026-03-11 12:35:00,9506764743,6052635063,7,up,253.514,161.404,25.351,0.7607,0
2026-03-11 12:40:00,9640751602,5345064835,20,up,257.087,142.535,25.709,2.0241,0
2026-03-11 12:45:00,8318449984,7001550582,33,up,221.825,186.708,22.183,3.3921,0
2026-03-11 12:50:00,8942564201,5180076285,24,up,238.468,138.135,23.847,2.4814,0
2026-03-11 12:55:00,9143512132,5529194092,29,up,243.827,147.445,24.383,2.9995,0
2026-03-11 13:00:00,11181322311,5118557993,25,up,298.169,136.495,29.817,2.5284,0
2026-03-11 13:05:00,7034166908,5022456916,7,up,187.578,133.932,18.758,0.711,0
2026-03-11 13:10:00,10731545723,7145675009,16,up,286.175,190.551,28.617,1.6895,0
2026-03-11 13:15:00,8321105360,6390797765,24,up,221.896,170.421,22.19,2.4296,0
2026-03-11 13:20:00,7831410914,6101011266,48,up,208.838,162.694,20.884,4.8461,0
2026-03-11 13:25:00,7491704427,5527264586,40,up,199.779,147.394,19.978,4.049,1
2026-03-11 13:30:00,10198385327,6653480503,17,up,271.957,177.426,27.196,1.7797,0
2026-03-11 13:35:00,10786333540,5406559843,117,up,287.636,144.175,28.764,11.7285,0
2026-03-11 13:40:00,10275789690,6571420291,3,up,274.021,175.238,27.402,0.365,0
2026-03-11 13:45:00,11692325626,5371791880,7,up,311.795,143.248,31.18,0.7414,0
2026-03-11 13:50:00,10003564316,5535954454,13,up,266.762,147.625,26.676,1.336,0
2026-03-11 13:55:00,9198962951,6545963318,8,up,245.306,174.559,24.531,0.8304,0
2026-03-11 14:00:00,9760792174,6621955687,31,up,260.288,176.585,26.029,3.1424,0
2026-03-11 14:05:00,10773902769,6430180512,1,up,287.304,171.471,28.73,0.1291,0
2026-03-11 14:10:00,8498202759,5244234636,6,up,226.619,139.846,22.662,0.6251,0
2026-03-11 14:15:00,8641625344,5678356656,11,up,230.443,151.423,23.044,1.1111,0
2026-03-11 14:20:00,9027419983,6112967093,36,up,240.731,163.012,24.073,3.6798,0
2026-03-11 14:25:00,7007344351,5388517707,66,up,186.863,143.694,18.686,6.6764,0
2026-03-11 14:30:00,9530338209,6987093187,51,up,254.142,186.322,25.414,5.1262,0
2026-03-11 14:35:00,7253105208,4270598200,6,up,193.416,113.883,19.342,0.6432,0
2026-03-11 14:40:00,9434691727,5439307548,26,up,251.592,145.048,25.159,2.6667,0
2026-03-11 14:45:00,10348450975,5633112117,0,up,275.959,150.216,27.596,0.0975,0
2026-03-11 14:50:00,8838513981,3952360561,11,up,235.694,105.396,23.569,1.1899,0
2026-03-11 14:55:00,11261755353,4994715026,52,up,300.313,133.192,30.031,5.2474,0
2026-03-11 15:00:00,7731936488,6450208449,19,up,206.185,172.006,20.618,1.9521,0
2026-03-11 15:05:00,10715168266,6021804218,5,up,285.738,160.581,28.574,0.5198,0
2026-03-11 15:10:00,7094170431,7132657935,38,up,189.178,190.204,18.918,3.8669,1
2026-03-11 15:15:00,7444462595,7112563041,7,up,198.519,189.668,19.852,0.7062,0
2026-03-11 15:20:00,12424643586,6311793392,15,up,331.324,168.314,33.132,1.5985,0
2026-03-11 15:25:00,9303286553,6225531539,21,up,248.088,166.014,24.809,2.1411,0
2026-03-11 15:30:00,8387830475,6047470398,13,up,223.675,161.266,22.368,1.3763,0
2026-03-11 15:35:00,7792026905,4088340947,88,up,207.787,109.022,20.779,8.8452,0
2026-03-11 15:40:00,9127479718,4995917150,26,up,243.399,133.224,24.34,2.6456,0
2026-03-11 15:45:00,6462167087,6072486362,77,up,172.324,161.933,17.232,7.7636,1
2026-03-11 15:50:00,9490476219,6443538510,45,up,253.079,171.828,25.308,4.5765,0
2026-03-11 15:55:00,9039979324,6208562264,34,up,241.066,165.562,24.107,3.4632,0
2026-03-11 16:00:00,10087378473,5357425223,21,up,268.997,142.865,26.9,2.1982,0
2026-03-11 16:05:00,8938916438,6674932523,0,up,238.371,177.998,23.837,0.007,0
2026-03-11 16:10:00,7198165368,7067359700,30,up,191.951,188.463,19.195,3.0417,0
2026-03-11 16:15:00,9206968317,6675352512,14,up,245.519,178.009,24.552,1.408,0
2026-03-11 16:20:00,6711587639,6712511517,4,up,178.976,179.0,17.898,0.4009,0
2026-03-11 16:25:00,9772991959,5597357425,18,up,260.613,149.263,26.061,1.882,0
2026-03-11 16:30:00,8273287240,6774672568,42,up,220.621,180.658,22.062,4.2564,0
2026-03-11 16:35:00,9558780399,6104946220,104,up,254.901,162.799,25.49,10.4375,0
2026-03-11 16:40:00,10853334354,6368319980,14,up,289.422,169.822,28.942,1.4994,0
2026-03-11 16:45:00,8307657717,6263110926,25,up,221.538,167.016,22.154,2.5039,0
2026-03-11 16:50:00,7398239303,5912529284,59,up,197.286,157.667,19.729,5.9105,1
2026-03-11 16:55:00,8887436737,5380798217,13,up,236.998,143.488,23.7,1.3007,0
2026-03-11 17:00:00,11347344152,5940861602,4,up,302.596,158.423,30.26,0.491,0
2026-03-11 17:05:00,8964203310,6710468364,10,up,239.045,178.946,23.905,1.0596,0
2026-03-11 17:10:00,5900611773,5682137420,72,up,157.35,151.524,15.735,7.2629,1
2026-03-11 17:15:00,10148143256,6643210029,5,up,270.617,177.152,27.062,0.5556,0
2026-03-11 17:20:00,8884736554,6530690882,12,up,236.926,174.152,23.693,1.2778,0
2026-03-11 17:25:00,8428369296,5784765074,19,up,224.757,154.26,22.476,1.9994,0
2026-03-11 17:30:00,8837430167,6999936074,60,up,235.665,186.665,23.566,6.0098,0
2026-03-11 17:35:00,9324817651,5744006396,88,up,248.662,153.174,24.866,8.8832,0
2026-03-11 17:40:00,10884952647,7086873741,17,up,290.265,188.983,29.027,1.7753,0
2026-03-11 17:45:00,7199151286,6312571426,86,up,191.977,168.335,19.198,8.6002,0
2026-03-11 17:50:00,9400965741,5988576538,5,up,250.692,159.695,25.069,0.5635,0
2026-03-11 17:55:00,10078016543,5360783006,5,up,268.747,142.954,26.875,0.546,0
2026-03-11 18:00:00,9592629646,5936452634,95,up,255.803,158.305,25.58,9.5388,0
2026-03-11 18:05:00,10848598315,5853293150,22,up,289.296,156.088,28.93,2.2806,0
2026-03-11 18:10:00,9291361504,5094026602,6,up,247.77,135.841,24.777,0.6582,0
2026-03-11 18:15:00,9167379627,5843316895,21,up,244.463,155.822,24.446,2.1421,0
2026-03-11 18:20:00,10041370740,5421261710,48,up,267.77,144.567,26.777,4.8923,0
2026-03-11 18:25:00,6640709629,6421914073,78,up,177.086,171.251,17.709,7.872,1
2026-03-11 18:30:00,8935790169,6940521942,63,up,238.288,185.081,23.829,6.3836,0
2026-03-11 18:35:00,9955662044,5116620713,26,up,265.484,136.443,26.548,2.6975,0
2026-03-11 18:40:00,6048633969,7232861564,51,up,161.297,192.876,16.13,5.1731,1
2026-03-11 18:45:00,8687425703,5907443255,22,up,231.665,157.532,23.166,2.2829,0
2026-03-11 18:50:00,8781006725,5297984602,29,up,234.16,141.28,23.416,2.9891,0
2026-03-11 18:55:00,10897202805,6545583441,45,up,290.592,174.549,29.059,4.5497,0
2026-03-11 19:00:00,5751356599,5678552775,17,up,153.37,151.428,15.337,1.7733,0
2026-03-11 19:05:00,9820048689,5941149593,2,up,261.868,158.431,26.187,0.2446,0
2026-03-11 19:10:00,9413555790,5708919664,13,up,251.028,152.238,25.103,1.3793,0
2026-03-11 19:15:00,7484020733,5411948689,31,up,199.574,144.319,19.957,3.1297,0
2026-03-11 19:20:00,9723442626,6521277863,6,up,259.292,173.901,25.929,0.6835,0
2026-03-11 19:25:00,9910220990,5793862989,5,up,264.273,154.503,26.427,0.514,0
2026-03-11 19:30:00,10038344135,4965610709,11,up,267.689,132.416,26.769,1.1099,0
2026-03-11 19:35:00,6391693429,6396763289,1,up,170.445,170.58,17.045,0.1044,0
2026-03-11 19:40:00,10912188088,5131980707,43,up,290.992,136.853,29.099,4.353,0
2026-03-11 19:45:00,8545046207,5169652675,9,up,227.868,137.857,22.787,0.958,0
2026-03-11 19:50:00,7103172100,6858676467,46,up,189.418,182.898,18.942,4.6864,1
2026-03-11 19:55:00,10208708003,5138635272,38,up,272.232,137.03,27.223,3.8434,0
2026-03-11 20:00:00,8388715778,4332159703,59,up,223.699,115.524,22.37,5.9234,0
2026-03-11 20:05:00,10118017446,6448460269,0,up,269.814,171.959,26.981,0.0642,0
2026-03-11 20:10:00,8941320103,5781218330,8,up,238.435,154.166,23.844,0.8514,0
2026-03-11 20:15:00,7044700673,5843288312,92,up,187.859,155.821,18.786,9.2949,0
2026-03-11 20:20:00,10688709666,5773559716,15,up,285.032,153.962,28.503,1.5569,0
2026-03-11 20:25:00,8503074416,6166802356,89,up,226.749,164.448,22.675,8.9287,0
2026-03-11 20:30:00,8413694854,5458042145,10,up,224.365,145.548,22.437,1.0256,0
2026-03-11 20:35:00,8921550898,7062802709,7,up,237.908,188.341,23.791,0.7872,0
2026-03-11 20:40:00,9681266315,4937114054,7,up,258.167,131.656,25.817,0.771,0
2026-03-11 20:45:00,9310570787,6320309940,2,up,248.282,168.542,24.828,0.2851,0
2026-03-11 20:50:00,9991575290,6462327122,72,up,266.442,172.329,26.644,7.2561,0
2026-03-11 20:55:00,7868074462,5453050732,124,up,209.815,145.415,20.982,12.4922,0
2026-03-11 21:00:00,8539815333,5262911199,98,up,227.728,140.344,22.773,9.8888,0
2026-03-11 21:05:00,9244503293,6732365434,61,up,246.52,179.53,24.652,6.1143,0
2026-03-11 21:10:00,11510123204,5286580257,60,up,306.937,140.975,30.694,6.0051,0
2026-03-11 21:15:00,9246960894,5563201962,34,up,246.586,148.352,24.659,3.4624,0
2026-03-11 21:20:00,10595875046,6638862452,55,up,282.557,177.036,28.256,5.5998,0
2026-03-11 21:25:00,9418374564,6025013688,7,up,251.157,160.667,25.116,0.7476,0
2026-03-11 21:30:00,8830884032,4706056559,15,up,235.49,125.495,23.549,1.5708,0
2026-03-11 21:35:00,9097435022,7257882584,32,up,242.598,193.544,24.26,3.2767,0
2026-03-11 21:40:00,9185527823,5618392253,66,up,244.947,149.824,24.495,6.6484,0
2026-03-11 21:45:00,10054101456,5710014751,34,up,268.109,152.267,26.811,3.4566,0
2026-03-11 21:50:00,10921437676,6184164661,58,up,291.238,164.911,29.124,5.8448,0
2026-03-11 21:55:00,9779640953,6450055293,20,up,260.79,172.001,26.079,2.0555,0
2026-03-11 22:00:00,10710462388,7411995089,40,up,285.612,197.653,28.561,4.0428,0
2026-03-11 22:05:00,8289611545,4804750932,125,up,221.056,128.127,22.106,12.5154,0
2026-03-11 22:10:00,8908540677,6594685590,5,up,237.561,175.858,23.756,0.5332,0
2026-03-11 22:15:00,8560159649,6534966979,83,up,228.271,174.266,22.827,8.3719,0
2026-03-11 22:20:00,9728750164,5901241264,23,up,259.433,157.366,25.943,2.3645,0
2026-03-11 22:25:00,8971171816,6566837060,32,up,239.231,175.116,23.923,3.298,0
2026-03-11 22:30:00,10195994554,6672677292,67,up,271.893,177.938,27.189,6.7285,0
2026-03-11 22:35:00,8327623074,5004986794,16,up,222.07,133.466,22.207,1.6865,0
2026-03-11 22:40:00,9423409844,7259831884,17,up,251.291,193.596,25.129,1.7359,0
2026-03-11 22:45:00,10147715149,4877691177,23,up,270.606,130.072,27.061,2.3969,0
2026-03-11 22:50:00,7051534378,5182572277,0,up,188.041,138.202,18.804,0.0617,0
2026-03-11 22:55:00,11761835220,5811512874,21,up,313.649,154.974,31.365,2.1968,0
2026-03-11 23:00:00,9056454129,7385957169,11,up,241.505,196.959,24.151,1.1009,0
2026-03-11 23:05:00,7096830097,5778055226,84,up,189.249,154.081,18.925,8.4174,0
2026-03-11 23:10:00,9552855635,5977007599,2,up,254.743,159.387,25.474,0.2938,0
2026-03-11 23:15:00,9412623901,7031096594,19,up,251.003,187.496,25.1,1.9678,0
2026-03-11 23:20:00,9282868822,5783770937,94,up,247.543,154.234,24.754,9.4283,0
2026-03-11 23:25:00,10490090002,5151525566,74,up,279.736,137.374,27.974,7.4016,0
2026-03-11 23:30:00,10215875592,5699590918,38,up,272.423,151.989,27.242,3.8671,0
2026-03-11 23:35:00,9710110714,6986970120,28,up,258.936,186.319,25.894,2.8481,0
2026-03-11 23:40:00,9881425088,6051022797,10,up,263.505,161.361,26.35,1.0545,0
2026-03-11 23:45:00,9257596744,7390073946,14,up,246.869,197.069,24.687,1.4631,0
2026-03-11 23:50:00,11372427205,6531313146,3,up,303.265,174.168,30.326,0.3023,0
2026-03-11 23:55:00,7710904479,5535737565,49,up,205.624,147.62,20.562,4.9353,0
2026-03-12 00:00:00,9532108133,6036774939,12,up,254.19,160.981,25.419,1.2524,0
2026-03-12 00:05:00,9448152710,5385682954,35,up,251.951,143.618,25.195,3.5263,0
2026-03-12 00:10:00,10289940456,5518728217,14,up,274.398,147.166,27.44,1.4161,0
2026-03-12 00:15:00,8425664387,9224940660,19,up,224.684,245.998,22.468,1.9976,0
2026-03-12 00:20:00,7413368322,6733409647,25,up,197.69,179.558,19.769,2.591,0
2026-03-12 00:25:00,9551425893,6619990552,51,up,254.705,176.533,25.47,5.18,0
2026-03-12 00:30:00,9691384303,5551310172,7,up,258.437,148.035,25.844,0.759,0
2026-03-12 00:35:00,7735559534,7130100527,79,up,206.282,190.136,20.628,7.9638,1
2026-03-12 00:40:00,7945842697,6791579233,4,up,211.889,181.109,21.189,0.4459,0
2026-03-12 00:45:00,7471821341,7354767328,41,up,199.249,196.127,19.925,4.185,1
2026-03-12 00:50:00,12038341159,7319842186,29,up,321.022,195.196,32.102,2.9697,0
2026-03-12 00:55:00,8950014501,4935055712,6,up,238.667,131.601,23.867,0.6707,0
2026-03-12 01:00:00,7922690003,5200915567,1,up,211.272,138.691,21.127,0.1973,0
2026-03-12 01:05:00,8917153837,5277272772,72,up,237.791,140.727,23.779,7.2767,0
2026-03-12 01:10:00,9390755588,5320362736,24,up,250.42,141.876,25.042,2.4456,0
2026-03-12 01:15:00,10009261359,6232885702,4,up,266.914,166.21,26.691,0.4627,0
2026-03-12 01:20:00,8709680928,5591901514,1,up,232.258,149.117,23.226,0.1757,0
2026-03-12 01:25:00,11124598350,7492270949,4,up,296.656,199.794,29.666,0.4086,0
2026-03-12 01:30:00,8121151145,7371369515,20,up,216.564,196.57,21.656,2.0397,0
2026-03-12 01:35:00,7418394203,5995347652,35,up,197.824,159.876,19.782,3.5329,0
2026-03-12 01:40:00,10620049227,7407834875,32,up,283.201,197.542,28.32,3.2807,0
2026-03-12 01:45:00,4771235937,7071456931,53,up,127.233,188.572,12.723,5.3572,1
2026-03-12 01:50:00,9145354010,5675491277,32,up,243.876,151.346,24.388,3.2119,0
2026-03-12 01:55:00,12882391270,4553364952,16,up,343.53,121.423,34.353,1.6607,0
2026-03-12 02:00:00,9361451002,5843062762,20,up,249.639,155.815,24.964,2.0,0
2026-03-12 02:05:00,8114136392,5535872065,51,up,216.377,147.623,21.638,5.1732,0
2026-03-12 02:10:00,9310427853,6148684050,12,up,248.278,163.965,24.828,1.2935,0
2026-03-12 02:15:00,6522494378,6064244366,48,up,173.933,161.713,17.393,4.8975,1
2026-03-12 02:20:00,9555731182,6045372714,66,up,254.819,161.21,25.482,6.6149,0
2026-03-12 02:25:00,10120045854,6377053013,7,up,269.868,170.055,26.987,0.763,0
2026-03-12 02:30:00,8205999935,5126984198,11,up,218.827,136.72,21.883,1.1142,0
2026-03-12 02:35:00,11273491562,6296179399,39,up,300.626,167.898,30.063,3.9238,0
2026-03-12 02:40:00,9650753569,5683476369,36,up,257.353,151.559,25.735,3.6819,0
2026-03-12 02:45:00,7134850311,6143987183,68,up,190.263,163.84,19.026,6.8492,1
2026-03-12 02:50:00,8668331925,6689335088,6,up,231.156,178.382,23.116,0.6502,0
2026-03-12 02:55:00,10822179904,5118432163,13,up,288.591,136.492,28.859,1.3897,0
2026-03-12 03:00:00,9085816040,5797468570,4,up,242.288,154.599,24.229,0.4305,0
2026-03-12 03:05:00,9687246577,5914655351,24,up,258.327,157.724,25.833,2.4921,0
2026-03-12 03:10:00,8325255663,5629726340,11,up,222.007,150.126,22.201,1.1076,0
2026-03-12 03:15:00,8253451920,6647877237,37,up,220.092,177.277,22.009,3.7368,0
2026-03-12 03:20:00,10149230969,5481320381,0,up,270.646,146.169,27.065,0.0011,0
2026-03-12 03:25:00,8875942316,5600111712,1,up,236.692,149.336,23.669,0.1969,0
2026-03-12 03:30:00,8414449026,5488858224,18,up,224.385,146.37,22.439,1.8132,0
2026-03-12 03:35:00,8651418740,6786279896,101,up,230.704,180.967,23.07,10.1583,0
2026-03-12 03:40:00,10161322205,5645440239,70,up,270.969,150.545,27.097,7.0881,0
2026-03-12 03:45:00,8667332406,6331232681,163,up,231.129,168.833,23.113,16.376,0
2026-03-12 03:50:00,9242638201,7422507672,17,up,246.47,197.934,24.647,1.7257,0
2026-03-12 03:55:00,9391906219,5946130737,1,up,250.451,158.563,25.045,0.1526,0
2026-03-12 04:00:00,7217982503,6800683689,11,up,192.48,181.352,19.248,1.1687,0
2026-03-12 04:05:00,7719982793,7203374940,36,up,205.866,192.09,20.587,3.6042,0
2026-03-12 04:10:00,9753312625,6739577923,4,up,260.088,179.722,26.009,0.4647,0
2026-03-12 04:15:00,8545841968,5987903052,11,up,227.889,159.677,22.789,1.1412,0
2026-03-12 04:20:00,10563815525,6462317586,1,up,281.702,172.328,28.17,0.185,0
2026-03-12 04:25:00,10462657992,5073087412,20,up,279.004,135.282,27.9,2.0617,0
2026-03-12 04:30:00,10184064749,5438368926,7,up,271.575,145.023,27.158,0.7499,0
2026-03-12 04:35:00,11422243260,5564633869,3,up,304.593,148.39,30.459,0.3062,0
2026-03-12 04:40:00,9281524506,7613240726,16,up,247.507,203.02,24.751,1.695,0
2026-03-12 04:45:00,10104992166,5414939149,13,up,269.466,144.398,26.947,1.3845,0
2026-03-12 04:50:00,8717548901,5404216739,24,up,232.468,144.112,23.247,2.4677,0
2026-03-12 04:55:00,12133916151,5248376894,44,up,323.571,139.957,32.357,4.4239,0
2026-03-12 05:00:00,11606587858,6403064468,3,up,309.509,170.748,30.951,0.3822,0
2026-03-12 05:05:00,9388365488,6102687402,50,up,250.356,162.738,25.036,5.0113,0
2026-03-12 05:10:00,9809909508,6782466463,0,up,261.598,180.866,26.16,0.0853,0
2026-03-12 05:15:00,10904209799,6483306959,18,up,290.779,172.888,29.078,1.8732,0
2026-03-12 05:20:00,9209468057,5006119310,28,up,245.586,133.497,24.559,2.8331,0
2026-03-12 05:25:00,8636297920,5418760005,100,up,230.301,144.5,23.03,10.0689,0
2026-03-12 05:30:00,10358238469,6983036698,27,up,276.22,186.214,27.622,2.73,0
2026-03-12 05:35:00,9463244151,5853625263,5,up,252.353,156.097,25.235,0.5532,0
2026-03-12 05:40:00,9580868755,6855066108,23,up,255.49,182.802,25.549,2.3324,0
2026-03-12 05:45:00,8436444739,5892229717,16,up,224.972,157.126,22.497,1.6122,0
2026-03-12 05:50:00,7442618833,5303287371,20,up,198.47,141.421,19.847,2.0886,0
2026-03-12 05:55:00,9640660211,5781652240,7,up,257.084,154.177,25.708,0.7025,0
2026-03-12 06:00:00,7275157607,5303004147,79,up,194.004,141.413,19.4,7.977,1
2026-03-12 06:05:00,6384677185,5592802011,55,up,170.258,149.141,17.026,5.5129,1
2026-03-12 06:10:00,10990983209,6144666508,43,up,293.093,163.858,29.309,4.3608,0
2026-03-12 06:15:00,8583094133,6368355665,28,up,228.883,169.823,22.888,2.8837,0
2026-03-12 06:20:00,8188457488,4855062247,2,up,218.359,129.468,21.836,0.2617,0
2026-03-12 06:25:00,9299365904,5987495034,70,up,247.983,159.667,24.798,7.0521,0
2026-03-12 06:30:00,9282083352,5577636670,30,up,247.522,148.737,24.752,3.0659,0
2026-03-12 06:35:00,10241214822,5533141337,12,up,273.099,147.55,27.31,1.2159,0
2026-03-12 06:40:00,8503166822,6095532925,1,up,226.751,162.548,22.675,0.1495,0
2026-03-12 06:45:00,10914106016,5603674651,32,up,291.043,149.431,29.104,3.2009,0
2026-03-12 06:50:00,11587781582,6995139356,14,up,309.008,186.537,30.901,1.496,0
2026-03-12 06:55:00,9330962969,6855404550,76,up,248.826,182.811,24.883,7.6218,0
2026-03-12 07:00:00,10780924222,6850916371,1,up,287.491,182.691,28.749,0.1136,0
2026-03-12 07:05:00,8186440795,5643664659,1,up,218.305,150.498,21.831,0.1276,0
2026-03-12 07:10:00,10584624233,5307000838,95,up,282.257,141.52,28.226,9.5418,0
2026-03-12 07:15:00,10553185959,6059061549,107,up,281.418,161.575,28.142,10.7162,0
2026-03-12 07:20:00,10346366940,5891749176,0,up,275.903,157.113,27.59,0.09,0
2026-03-12 07:25:00,9357491525,5561647323,40,up,249.533,148.311,24.953,4.0285,0
2026-03-12 07:30:00,6051469941,5153471198,8,up,161.373,137.426,16.137,0.8012,0
2026-03-12 07:35:00,8653056963,5970107062,38,up,230.748,159.203,23.075,3.8676,0
2026-03-12 07:40:00,8670844480,5709069995,64,up,231.223,152.242,23.122,6.4977,0
2026-03-12 07:45:00,8274463194,6495609866,3,up,220.652,173.216,22.065,0.3401,0
2026-03-12 07:50:00,9512523380,6478876357,8,up,253.667,172.77,25.367,0.873,0
2026-03-12 07:55:00,8903666123,6792575859,0,up,237.431,181.135,23.743,0.078,0
2026-03-12 08:00:00,8447311489,5093307202,1,up,225.262,135.822,22.526,0.1434,0
2026-03-12 08:05:00,8183849833,6288761981,0,up,218.236,167.7,21.824,0.0962,0
2026-03-12 08:10:00,5999033523,5476224691,58,up,159.974,146.033,15.997,5.8189,1
2026-03-12 08:15:00,10636686613,5121301768,11,up,283.645,136.568,28.364,1.1336,0
2026-03-12 08:20:00,8631346813,5691406389,21,up,230.169,151.771,23.017,2.1749,0
2026-03-12 08:25:00,8795693955,6769467585,49,up,234.552,180.519,23.455,4.9614,0
2026-03-12 08:30:00,8861215183,5731930785,21,up,236.299,152.851,23.63,2.1859,0
2026-03-12 08:35:00,9756367703,7127127355,17,up,260.17,190.057,26.017,1.7943,0
2026-03-12 08:40:00,9888280674,6395192531,0,up,263.687,170.538,26.369,0.0373,0
2026-03-12 08:45:00,5949761393,5716254855,26,up,158.66,152.433,15.866,2.6861,0
2026-03-12 08:50:00,10524339615,6835234868,4,up,280.649,182.273,28.065,0.4264,0
2026-03-12 08:55:00,10990914038,6320685675,46,up,293.091,168.552,29.309,4.6294,0
2026-03-12 09:00:00,8193540145,5328557240,9,up,218.494,142.095,21.849,0.9538,0
2026-03-12 09:05:00,8281164474,7338337897,35,up,220.831,195.689,22.083,3.5886,0
2026-03-12 09:10:00,8868464938,6186824752,33,up,236.492,164.982,23.649,3.3251,0
2026-03-12 09:15:00,8524495478,6013533258,30,up,227.32,160.361,22.732,3.0684,0
2026-03-12 09:20:00,9626917733,5384016477,9,up,256.718,143.574,25.672,0.9937,0
2026-03-12 09:25:00,7185159052,6849267552,9,up,191.604,182.647,19.16,0.9943,0
2026-03-12 09:30:00,8117331440,6372438307,63,up,216.462,169.932,21.646,6.362,0
2026-03-12 09:35:00,11106596850,6453051489,0,up,296.176,172.081,29.618,0.0412,0
2026-03-12 09:40:00,8330752536,5634577432,6,up,222.153,150.255,22.215,0.641,0
2026-03-12 09:45:00,7541699769,6600552411,37,up,201.112,176.015,20.111,3.7262,1
2026-03-12 09:50:00,9774755470,6656505787,54,up,260.66,177.507,26.066,5.4353,0
2026-03-12 09:55:00,7339573821,5518479668,14,up,195.722,147.159,19.572,1.4199,0
2026-03-12 10:00:00,10089745344,4979767099,33,up,269.06,132.794,26.906,3.3911,0
2026-03-12 10:05:00,6469836999,6418588602,49,up,172.529,171.162,17.253,4.9884,1
2026-03-12 10:10:00,8862599561,4867190196,2,up,236.336,129.792,23.634,0.2135,0
2026-03-12 10:15:00,9650576729,6109451360,31,up,257.349,162.919,25.735,3.111,0
2026-03-12 10:20:00,9908962671,5677983524,53,up,264.239,151.413,26.424,5.3808,0
2026-03-12 10:25:00,10171040799,6877438951,156,up,271.228,183.398,27.123,15.6352,0
2026-03-12 10:30:00,10700534453,5717152398,0,up,285.348,152.457,28.535,0.0963,0
2026-03-12 10:35:00,9834152901,6797236539,34,up,262.244,181.26,26.224,3.4527,0
2026-03-12 10:40:00,7827411650,5629769200,17,up,208.731,150.127,20.873,1.7132,0
2026-03-12 10:45:00,8842148860,6719993523,0,up,235.791,179.2,23.579,0.0315,0
2026-03-12 10:50:00,12685929377,7483445911,30,up,338.291,199.559,33.829,3.0491,0
2026-03-12 10:55:00,10190052442,5231006060,4,up,271.735,139.493,27.173,0.4179,0
2026-03-12 11:00:00,12040448213,6210265719,15,up,321.079,165.607,32.108,1.5223,0
2026-03-12 11:05:00,10944863342,7979123339,9,up,291.863,212.777,29.186,0.9695,0
2026-03-12 11:10:00,9647027330,6047943955,14,up,257.254,161.279,25.725,1.4339,0
2026-03-12 11:15:00,9714082953,6044487554,21,up,259.042,161.186,25.904,2.1717,0
2026-03-12 11:20:00,9333847455,6567719242,14,up,248.903,175.139,24.89,1.4242,0
2026-03-12 11:25:00,5193978865,6029578222,45,up,138.506,160.789,13.851,4.5418,1
2026-03-12 11:30:00,9395303159,4770797283,8,up,250.541,127.221,25.054,0.8725,0
2026-03-12 11:35:00,10737008871,6815246909,32,up,286.32,181.74,28.632,3.2283,0
2026-03-12 11:40:00,8700405005,4557877142,61,up,232.011,121.543,23.201,6.1521,0
2026-03-12 11:45:00,9838447123,5699910011,8,up,262.359,151.998,26.236,0.8118,0
2026-03-12 11:50:00,10333039926,6869346539,22,up,275.548,183.183,27.555,2.2689,0
2026-03-12 11:55:00,8351609505,5743289451,33,up,222.71,153.154,22.271,3.3475,0
2026-03-12 12:00:00,8867284277,5500538525,26,up,236.461,146.681,23.646,2.661,0
2026-03-12 12:05:00,8229849573,6633070011,14,up,219.463,176.882,21.946,1.4565,0
2026-03-12 12:10:00,8450063692,5387197353,32,up,225.335,143.659,22.534,3.2889,0
2026-03-12 12:15:00,5548510839,5119997481,43,up,147.96,136.533,14.796,4.365,1
2026-03-12 12:20:00,5853396836,6197650070,43,up,156.091,165.271,15.609,4.362,1
2026-03-12 12:25:00,10971887640,5868295225,24,up,292.584,156.488,29.258,2.4339,0
2026-03-12 12:30:00,8345088342,5104555357,0,up,222.536,136.121,22.254,0.0667,0
2026-03-12 12:35:00,9517266621,6458605828,22,up,253.794,172.229,25.379,2.2674,0
2026-03-12 12:40:00,8809272652,6334431076,33,up,234.914,168.918,23.491,3.3986,0
2026-03-12 12:45:00,10701224179,5740976388,45,up,285.366,153.093,28.537,4.5562,0
2026-03-12 12:50:00,10850057583,5790240955,3,up,289.335,154.406,28.933,0.3851,0
2026-03-12 12:55:00,10347078729,6338682774,149,up,275.922,169.032,27.592,14.9226,0
2026-03-12 13:00:00,9719401372,6857060222,29,up,259.184,182.855,25.918,2.9819,0
2026-03-12 13:05:00,9115058021,5796388888,14,up,243.068,154.57,24.307,1.4441,0
2026-03-12 13:10:00,8034140957,6471375714,9,up,214.244,172.57,21.424,0.9167,0
2026-03-12 13:15:00,11561469991,6406944156,27,up,308.306,170.852,30.831,2.7223,0
2026-03-12 13:20:00,8520367855,6633101250,68,up,227.21,176.883,22.721,6.8308,0
2026-03-12 13:25:00,10121602140,6028302623,23,up,269.909,160.755,26.991,2.3525,0
2026-03-12 13:30:00,10567011269,5343125629,34,up,281.787,142.483,28.179,3.4661,0
2026-03-12 13:35:00,8750309440,5667000609,14,up,233.342,151.12,23.334,1.4166,0
2026-03-12 13:40:00,10542764093,6246854495,15,up,281.14,166.583,28.114,1.5721,0
2026-03-12 13:45:00,10234739853,7309294352,10,up,272.926,194.915,27.293,1.0788,0
2026-03-12 13:50:00,11318959314,5651505871,39,up,301.839,150.707,30.184,3.9134,0
2026-03-12 13:55:00,8846985225,6579446959,14,up,235.92,175.452,23.592,1.4241,0
2026-03-12 14:00:00,7928402980,5763799355,6,up,211.424,153.701,21.142,0.6771,0
2026-03-12 14:05:00,8806324025,6079537504,14,up,234.835,162.121,23.484,1.4755,0
2026-03-12 14:10:00,9609960235,7091085659,61,up,256.266,189.096,25.627,6.1535,0
2026-03-12 14:15:00,9440489317,6550290658,42,up,251.746,174.674,25.175,4.2892,0
2026-03-12 14:20:00,8932382366,5106264523,13,up,238.197,136.167,23.82,1.3038,0
2026-03-12 14:25:00,7227152858,5587817982,75,up,192.724,149.008,19.272,7.5939,0
2026-03-12 14:30:00,9904293370,6904479367,2,up,264.114,184.119,26.411,0.2489,0
2026-03-12 14:35:00,11593887538,6102152190,1,up,309.17,162.724,30.917,0.1633,0
2026-03-12 14:40:00,9897282642,5172835113,4,up,263.928,137.942,26.393,0.4363,0
2026-03-12 14:45:00,10060277458,5410354239,3,up,268.274,144.276,26.827,0.3962,0
2026-03-12 14:50:00,7013300678,6506515336,40,up,187.021,173.507,18.702,4.0775,1
2026-03-12 14:55:00,9821677503,6715975402,34,up,261.911,179.093,26.191,3.4649,0
2026-03-12 15:00:00,10423124212,6012855817,29,up,277.95,160.343,27.795,2.9389,0
2026-03-12 15:05:00,9819795391,7782225936,33,up,261.861,207.526,26.186,3.3376,0
2026-03-12 15:10:00,9023238184,6593389701,37,up,240.62,175.824,24.062,3.731,0
2026-03-12 15:15:00,8479512476,5824693629,45,up,226.12,155.325,22.612,4.5254,0
2026-03-12 15:20:00,9094904637,5412691645,7,up,242.531,144.338,24.253,0.7429,0
2026-03-12 15:25:00,9728395683,5298083300,31,up,259.424,141.282,25.942,3.1157,0
2026-03-12 15:30:00,6313584668,6241503350,52,up,168.362,166.44,16.836,5.2196,1
2026-03-12 15:35:00,9728631018,5648080527,92,up,259.43,150.615,25.943,9.2043,0
2026-03-12 15:40:00,9869043900,7205095502,8,up,263.175,192.136,26.317,0.8462,0
2026-03-12 15:45:00,10312326860,7055744498,1,up,274.995,188.153,27.5,0.1937,0
2026-03-12 15:50:00,10818144339,6455807914,33,up,288.484,172.155,28.848,3.3915,0
2026-03-12 15:55:00,9462758345,5151122755,43,up,252.34,137.363,25.234,4.3128,0
2026-03-12 16:00:00,7903751364,5516002411,10,up,210.767,147.093,21.077,1.0654,0
2026-03-12 16:05:00,8986757891,6904087818,27,up,239.647,184.109,23.965,2.707,0
2026-03-12 16:10:00,9424570388,5594592336,1,up,251.322,149.189,25.132,0.1964,0
2026-03-12 16:15:00,7309760149,6807942048,103,up,194.927,181.545,19.493,10.304,0
2026-03-12 16:20:00,10937247585,6341714824,3,up,291.66,169.112,29.166,0.3726,0
2026-03-12 16:25:00,9535175151,6037236877,2,up,254.271,160.993,25.427,0.2239,0
2026-03-12 16:30:00,9804021938,5493960374,1,up,261.441,146.506,26.144,0.1444,0
2026-03-12 16:35:00,10911217270,5932144432,17,up,290.966,158.191,29.097,1.7835,0
2026-03-12 16:40:00,8666089316,6136546527,3,up,231.096,163.641,23.11,0.3271,0
2026-03-12 16:45:00,10020797172,6743428006,43,up,267.221,179.825,26.722,4.3684,0
2026-03-12 16:50:00,9251402861,5362270367,73,up,246.704,142.994,24.67,7.3324,0
2026-03-12 16:55:00,9167902274,5810771873,9,up,244.477,154.954,24.448,0.9645,0
2026-03-12 17:00:00,8506283563,6032272654,31,up,226.834,160.861,22.683,3.171,0
2026-03-12 17:05:00,11248803615,6477128417,1,up,299.968,172.723,29.997,0.1384,0
2026-03-12 17:10:00,8952562454,5345905676,15,up,238.735,142.557,23.873,1.5638,0
2026-03-12 17:15:00,10161897277,5052069749,11,up,270.984,134.722,27.098,1.1093,0
2026-03-12 17:20:00,7265616689,6485254909,8,up,193.75,172.94,19.375,0.8306,0
2026-03-12 17:25:00,10702487095,4907076637,33,up,285.4,130.855,28.54,3.3115,0
2026-03-12 17:30:00,10558737550,6925185394,4,up,281.566,184.672,28.157,0.4465,0
2026-03-12 17:35:00,9484613374,5887733209,63,up,252.923,157.006,25.292,6.3078,0
2026-03-12 17:40:00,9119689725,4885777620,34,up,243.192,130.287,24.319,3.498,0
2026-03-12 17:45:00,9825000006,5654097442,39,up,262.0,150.776,26.2,3.9693,0
2026-03-12 17:50:00,11949889493,6272969015,87,up,318.664,167.279,31.866,8.7638,0
2026-03-12 17:55:00,7391358713,5616455216,91,up,197.103,149.772,19.71,9.132,0
2026-03-12 18:00:00,10254780811,6014421419,25,up,273.461,160.385,27.346,2.567,0
2026-03-12 18:05:00,8349430535,6532856423,21,up,222.651,174.21,22.265,2.1886,0
2026-03-12 18:10:00,9352591804,5854422958,13,up,249.402,156.118,24.94,1.3073,0
2026-03-12 18:15:00,9096134866,5325318472,40,up,242.564,142.008,24.256,4.0233,0
2026-03-12 18:20:00,8893141959,5784731521,24,up,237.15,154.26,23.715,2.4725,0
2026-03-12 18:25:00,6554258710,7018684898,35,up,174.78,187.165,17.478,3.5997,1
2026-03-12 18:30:00,8099057461,7213246328,8,up,215.975,192.353,21.597,0.8724,0
2026-03-12 18:35:00,10532827990,4545653154,11,up,280.875,121.217,28.088,1.1886,0
2026-03-12 18:40:00,7356588549,6785540094,12,up,196.176,180.948,19.618,1.2158,0
2026-03-12 18:45:00,9982235076,6180106355,52,up,266.193,164.803,26.619,5.2476,0
2026-03-12 18:50:00,9007647165,6665267528,3,up,240.204,177.74,24.02,0.3337,0
2026-03-12 18:55:00,8057709494,5603648452,19,up,214.872,149.431,21.487,1.9461,0
2026-03-12 19:00:00,9602681291,4726850273,17,up,256.072,126.049,25.607,1.7852,0
2026-03-12 19:05:00,7623430027,6420831927,2,up,203.291,171.222,20.329,0.243,0
2026-03-12 19:10:00,9419678049,5322496371,16,up,251.191,141.933,25.119,1.6928,0
2026-03-12 19:15:00,7774263478,5000429449,23,up,207.314,133.345,20.731,2.3049,0
2026-03-12 19:20:00,9893931094,5050751004,2,up,263.838,134.687,26.384,0.2154,0
2026-03-12 19:25:00,8335097999,6432657923,22,up,222.269,171.538,22.227,2.2818,0
2026-03-12 19:30:00,8867631730,6100405775,102,up,236.47,162.677,23.647,10.24,0
2026-03-12 19:35:00,9705693061,6563375535,123,up,258.818,175.023,25.882,12.3493,0
2026-03-12 19:40:00,8505890124,6481734183,24,up,226.824,172.846,22.682,2.4275,0
2026-03-12 19:45:00,9309790500,5696927833,23,up,248.261,151.918,24.826,2.3162,0
2026-03-12 19:50:00,7671940686,5949259026,10,up,204.585,158.647,20.459,1.0758,0
2026-03-12 19:55:00,10084735054,5631764979,187,up,268.926,150.18,26.893,18.7149,0
2026-03-12 20:00:00,11360528031,5848564003,10,up,302.947,155.962,30.295,1.0257,0
2026-03-12 20:05:00,12516234976,5303576588,19,up,333.766,141.429,33.377,1.93,0
2026-03-12 20:10:00,9477564164,6281148691,0,up,252.735,167.497,25.274,0.0094,0
2026-03-12 20:15:00,10261729658,6774086939,13,up,273.646,180.642,27.365,1.3747,0
2026-03-12 20:20:00,7371796117,5412038618,2,up,196.581,144.321,19.658,0.2372,0
2026-03-12 20:25:00,11065576117,6922514144,43,up,295.082,184.6,29.508,4.3581,0
2026-03-12 20:30:00,10248257067,6081735477,26,up,273.287,162.18,27.329,2.6345,0
2026-03-12 20:35:00,8830574874,6173576863,27,up,235.482,164.629,23.548,2.7169,0
2026-03-12 20:40:00,10766828400,4776410745,10,up,287.115,127.371,28.712,1.0803,0
2026-03-12 20:45:00,9088714413,4698771137,53,up,242.366,125.301,24.237,5.3979,0
2026-03-12 20:50:00,8859721669,6103763781,0,up,236.259,162.767,23.626,0.0105,0
2026-03-12 20:55:00,9909751791,6568607129,12,up,264.26,175.163,26.426,1.2988,0
2026-03-12 21:00:00,8178726187,5516606080,34,up,218.099,147.109,21.81,3.4475,0
2026-03-12 21:05:00,10524327859,7202467608,76,up,280.649,192.066,28.065,7.6324,0
2026-03-12 21:10:00,8187011461,6529153901,8,up,218.32,174.111,21.832,0.8556,0
2026-03-12 21:15:00,8193688361,5345994298,24,up,218.498,142.56,21.85,2.4926,0
2026-03-12 21:20:00,8351598988,6022211040,24,up,222.709,160.592,22.271,2.4709,0
2026-03-12 21:25:00,10229437542,7783388976,66,up,272.785,207.557,27.279,6.6331,0
2026-03-12 21:30:00,8681127718,5105353917,1,up,231.497,136.143,23.15,0.1659,0
2026-03-12 21:35:00,5500953319,6380354356,49,up,146.692,170.143,14.669,4.9642,1
2026-03-12 21:40:00,8693610000,5767623922,6,up,231.83,153.803,23.183,0.6447,0
2026-03-12 21:45:00,9338952332,6508965329,0,up,249.039,173.572,24.904,0.0697,0
2026-03-12 21:50:00,5632484169,6912437025,52,up,150.2,184.332,15.02,5.2136,1
2026-03-12 21:55:00,8079358752,5721909296,119,up,215.45,152.584,21.545,11.9984,0
2026-03-12 22:00:00,11750208375,6805616835,7,up,313.339,181.483,31.334,0.774,0
2026-03-12 22:05:00,8406863920,7599266443,87,up,224.183,202.647,22.418,8.7483,0
2026-03-12 22:10:00,9011577335,6047717810,7,up,240.309,161.272,24.031,0.7351,0
2026-03-12 22:15:00,8961858374,6565119854,85,up,238.983,175.07,23.898,8.5694,0
2026-03-12 22:20:00,8900973591,5574882645,34,up,237.359,148.664,23.736,3.402,0
2026-03-12 22:25:00,10074015082,6013866702,3,up,268.64,160.37,26.864,0.3845,0
2026-03-12 22:30:00,10441660819,5872793933,27,up,278.444,156.608,27.844,2.7906,0
2026-03-12 22:35:00,9030801264,6573793866,12,up,240.821,175.301,24.082,1.2271,0
2026-03-12 22:40:00,7983961927,6867366673,15,up,212.906,183.13,21.291,1.546,0
2026-03-12 22:45:00,10808745256,5921048508,18,up,288.233,157.895,28.823,1.8564,0
2026-03-12 22:50:00,9267741272,7104208448,17,up,247.14,189.446,24.714,1.7581,0
2026-03-12 22:55:00,11321612041,7101634157,34,up,301.91,189.377,30.191,3.4911,0
2026-03-12 23:00:00,6848715865,6609734695,46,up,182.632,176.26,18.263,4.6803,0
2026-03-12 23:05:00,9594828623,5628460897,12,up,255.862,150.092,25.586,1.2776,0
2026-03-12 23:10:00,11533432125,5559483251,82,up,307.558,148.253,30.756,8.2618,0
2026-03-12 23:15:00,8977577847,5415085424,89,up,239.402,144.402,23.94,8.9221,0
2026-03-12 23:20:00,9121319898,6683399570,1,up,243.235,178.224,24.324,0.1329,0
2026-03-12 23:25:00,9707450653,5127526890,0,up,258.865,136.734,25.887,0.0481,0
2026-03-12 23:30:00,8746354703,6487323110,17,up,233.236,172.995,23.324,1.7712,0
2026-03-12 23:35:00,9023919076,5221601269,28,up,240.638,139.243,24.064,2.8582,0
2026-03-12 23:40:00,8994958019,6592953206,10,up,239.866,175.812,23.987,1.0419,0
2026-03-12 23:45:00,8669151673,6012398099,9,up,231.177,160.331,23.118,0.961,0
2026-03-12 23:50:00,10757463618,6960219764,36,up,286.866,185.606,28.687,3.6296,0
2026-03-12 23:55:00,9893712786,6821847296,29,up,263.832,181.916,26.383,2.9458,0
2026-03-13 00:00:00,9656956761,7033247096,5,up,257.519,187.553,25.752,0.5853,0
2026-03-13 00:05:00,10284642382,7051789477,69,up,274.257,188.048,27.426,6.9072,0
2026-03-13 00:10:00,9077599687,6103414200,36,up,242.069,162.758,24.207,3.646,0
2026-03-13 00:15:00,8504020704,5165668992,14,up,226.774,137.751,22.677,1.441,0
2026-03-13 00:20:00,8697047657,5242183400,36,up,231.921,139.792,23.192,3.6826,0
2026-03-13 00:25:00,9377005921,4497469058,3,up,250.053,119.933,25.005,0.3825,0
2026-03-13 00:30:00,8183386828,5219760599,20,up,218.224,139.194,21.822,2.0211,0
2026-03-13 00:35:00,6168544449,6049553033,69,up,164.495,161.321,16.449,6.9177,1
2026-03-13 00:40:00,8794368777,5597048989,1,up,234.517,149.255,23.452,0.1354,0
2026-03-13 00:45:00,11765125758,5870302364,13,up,313.737,156.541,31.374,1.3215,0
2026-03-13 00:50:00,6254458192,6354755102,5,up,166.786,169.46,16.679,0.5228,0
2026-03-13 00:55:00,9172927813,5781073014,32,up,244.611,154.162,24.461,3.2122,0
2026-03-13 01:00:00,11316405516,5192283263,35,up,301.771,138.461,30.177,3.5874,0
2026-03-13 01:05:00,9512075022,5961671759,5,up,253.655,158.978,25.366,0.5151,0
2026-03-13 01:10:00,10222594657,5353086849,0,up,272.603,142.749,27.26,0.0797,0
2026-03-13 01:15:00,9487304604,5805033722,50,up,252.995,154.801,25.299,5.0372,0
2026-03-13 01:20:00,8624249946,6966799414,0,up,229.98,185.781,22.998,0.0066,0
2026-03-13 01:25:00,6852844573,5805236181,13,up,182.743,154.806,18.274,1.3487,0
2026-03-13 01:30:00,9606137647,7275089438,21,up,256.164,194.002,25.616,2.1836,0
2026-03-13 01:35:00,8502442569,7030777910,54,up,226.732,187.487,22.673,5.4633,0
2026-03-13 01:40:00,8474622668,5582900177,58,up,225.99,148.877,22.599,5.8356,0
2026-03-13 01:45:00,8813639337,5199990888,41,up,235.03,138.666,23.503,4.1304,0
2026-03-13 01:50:00,11337969082,5962161003,9,up,302.346,158.991,30.235,0.9086,0
2026-03-13 01:55:00,12080442235,6830395989,40,up,322.145,182.144,32.215,4.0756,0
2026-03-13 02:00:00,9619358929,5647062547,9,up,256.516,150.588,25.652,0.9059,0
2026-03-13 02:05:00,8852136873,6653825014,7,up,236.057,177.435,23.606,0.773,0
2026-03-13 02:10:00,5635434196,6870076792,39,up,150.278,183.202,15.028,3.9506,1
2026-03-13 02:15:00,9902107681,5442701531,36,up,264.056,145.139,26.406,3.6348,0
2026-03-13 02:20:00,7966538160,5513243216,47,up,212.441,147.02,21.244,4.757,1
2026-03-13 02:25:00,9096742064,6513116663,1,up,242.58,173.683,24.258,0.1981,0
2026-03-13 02:30:00,6698629454,6109330235,49,up,178.63,162.915,17.863,4.9065,0
2026-03-13 02:35:00,10128805880,5506035700,62,up,270.101,146.828,27.01,6.2801,0
2026-03-13 02:40:00,7338502272,5746430077,60,up,195.693,153.238,19.569,6.0036,1
2026-03-13 02:45:00,7590923654,5949225922,17,up,202.425,158.646,20.242,1.7922,0
2026-03-13 02:50:00,9573544706,4873304814,59,up,255.295,129.955,25.529,5.9724,0
2026-03-13 02:55:00,9882629268,6551263036,41,up,263.537,174.7,26.354,4.1759,0
2026-03-13 03:00:00,9292754285,5655341623,27,up,247.807,150.809,24.781,2.7729,0
2026-03-13 03:05:00,8485382716,3995724318,12,up,226.277,106.553,22.628,1.233,0
2026-03-13 03:10:00,10517929376,5982812902,7,up,280.478,159.542,28.048,0.706,0
2026-03-13 03:15:00,8921197785,5466068693,17,up,237.899,145.762,23.79,1.7358,0
2026-03-13 03:20:00,7704165566,7215951978,10,up,205.444,192.425,20.544,1.0817,0
2026-03-13 03:25:00,7069341203,5578479584,13,up,188.516,148.759,18.852,1.3261,0
2026-03-13 03:30:00,10793455709,5209696778,23,up,287.825,138.925,28.783,2.3197,0
2026-03-13 03:35:00,10068746973,6365711522,5,up,268.5,169.752,26.85,0.5928,0
2026-03-13 03:40:00,9473970240,5524477895,52,up,252.639,147.319,25.264,5.2506,0
2026-03-13 03:45:00,8879691033,5438791535,5,up,236.792,145.034,23.679,0.5033,0
2026-03-13 03:50:00,8779876784,6366840995,20,up,234.13,169.782,23.413,2.0987,0
2026-03-13 03:55:00,8164796270,5250863538,43,up,217.728,140.023,21.773,4.385,0
2026-03-13 04:00:00,8889612399,4950762966,21,up,237.056,132.02,23.706,2.1236,0
2026-03-13 04:05:00,6989901882,7242718561,14,up,186.397,193.139,18.64,1.4332,0
2026-03-13 04:10:00,8546928389,6417239091,20,up,227.918,171.126,22.792,2.0613,0
2026-03-13 04:15:00,9025195294,5809769314,60,up,240.672,154.927,24.067,6.0426,0
2026-03-13 04:20:00,10061115053,5997496409,148,up,268.296,159.933,26.83,14.8778,0
2026-03-13 04:25:00,9330082728,6364222337,31,up,248.802,169.713,24.88,3.1915,0
2026-03-13 04:30:00,10269288503,6700802963,50,up,273.848,178.688,27.385,5.047,0
2026-03-13 04:35:00,10892776993,5455697790,0,up,290.474,145.485,29.047,0.0467,0
2026-03-13 04:40:00,10565441355,6263625498,67,up,281.745,167.03,28.175,6.7946,0
2026-03-13 04:45:00,9904323578,5635172993,98,up,264.115,150.271,26.412,9.8566,0
2026-03-13 04:50:00,9388345514,5863933503,27,up,250.356,156.372,25.036,2.7394,0
2026-03-13 04:55:00,8271613490,6115698864,44,up,220.576,163.085,22.058,4.4852,0
2026-03-13 05:00:00,10207437057,5995191427,23,up,272.198,159.872,27.22,2.3007,0
2026-03-13 05:05:00,11264715804,6529608166,10,up,300.392,174.123,30.039,1.0789,0
2026-03-13 05:10:00,9759869294,6350702322,61,up,260.263,169.352,26.026,6.1191,0
2026-03-13 05:15:00,11531916541,4914118169,29,up,307.518,131.043,30.752,2.9069,0
2026-03-13 05:20:00,7658731828,5022367290,27,up,204.233,133.93,20.423,2.7713,0
2026-03-13 05:25:00,8076566192,5733803986,34,up,215.375,152.901,21.538,3.444,0
2026-03-13 05:30:00,10337101696,7316610188,62,up,275.656,195.11,27.566,6.2015,0
2026-03-13 05:35:00,9672326486,5386853880,42,up,257.929,143.649,25.793,4.2125,0
2026-03-13 05:40:00,7597103464,5850079649,43,up,202.589,156.002,20.259,4.4,1
2026-03-13 05:45:00,9357594404,5613830860,20,up,249.536,149.702,24.954,2.0125,0
2026-03-13 05:50:00,8398527649,5601088043,125,up,223.961,149.362,22.396,12.5666,0
2026-03-13 05:55:00,9134707602,6128332615,25,up,243.592,163.422,24.359,2.5878,0
2026-03-13 06:00:00,7650730532,7008559638,89,up,204.019,186.895,20.402,8.9107,0
2026-03-13 06:05:00,8105335492,6328297247,53,up,216.142,168.755,21.614,5.3716,0
2026-03-13 06:10:00,10468999497,5421457707,35,up,279.173,144.572,27.917,3.5094,0
2026-03-13 06:15:00,10356885841,7982325247,13,up,276.184,212.862,27.618,1.3754,0
2026-03-13 06:20:00,9783379820,6056572719,11,up,260.89,161.509,26.089,1.1612,0
2026-03-13 06:25:00,7438787788,5584400911,32,up,198.368,148.917,19.837,3.2998,0
2026-03-13 06:30:00,8971795977,7016709389,18,up,239.248,187.112,23.925,1.8132,0
2026-03-13 06:35:00,7996875125,5662269155,51,up,213.25,150.994,21.325,5.1303,0
2026-03-13 06:40:00,10698599910,7197297831,45,up,285.296,191.928,28.53,4.5729,0
2026-03-13 06:45:00,8718312599,5373137190,11,up,232.488,143.284,23.249,1.1973,0
2026-03-13 06:50:00,8153533825,7029621880,38,up,217.428,187.457,21.743,3.882,0
2026-03-13 06:55:00,9408520685,6144754318,21,up,250.894,163.86,25.089,2.1834,0
2026-03-13 07:00:00,8654826236,6929557607,12,up,230.795,184.788,23.08,1.2496,0
2026-03-13 07:05:00,11044211898,7369271310,17,up,294.512,196.514,29.451,1.7046,0
2026-03-13 07:10:00,8548337740,5184522750,72,up,227.956,138.254,22.796,7.2229,0
2026-03-13 07:15:00,5460607745,6918555710,55,up,145.616,184.495,14.562,5.5319,1
2026-03-13 07:20:00,6952972294,4985589188,10,up,185.413,132.949,18.541,1.0843,0
2026-03-13 07:25:00,9340365184,5246027264,13,up,249.076,139.894,24.908,1.3874,0
2026-03-13 07:30:00,8742828621,5421545188,7,up,233.142,144.575,23.314,0.7731,0
2026-03-13 07:35:00,7767482317,6362618378,25,up,207.133,169.67,20.713,2.5173,0
2026-03-13 07:40:00,10712879768,6023771431,5,up,285.677,160.634,28.568,0.5104,0
2026-03-13 07:45:00,10125650790,5879662019,54,up,270.017,156.791,27.002,5.4422,0
2026-03-13 07:50:00,9343254886,6105289400,8,up,249.153,162.808,24.915,0.8181,0
2026-03-13 07:55:00,10909867024,6425728504,29,up,290.93,171.353,29.093,2.9166,0
2026-03-13 08:00:00,10120353037,6481138649,4,up,269.876,172.83,26.988,0.4274,0
2026-03-13 08:05:00,8449287110,6787800121,122,up,225.314,181.008,22.531,12.2801,0
2026-03-13 08:10:00,8205877315,7310425065,19,up,218.823,194.945,21.882,1.9398,0
2026-03-13 08:15:00,10295229237,5984619091,55,up,274.539,159.59,27.454,5.5262,0
2026-03-13 08:20:00,9820912826,5624815947,46,up,261.891,149.995,26.189,4.6842,0
2026-03-13 08:25:00,9565966238,6441746013,40,up,255.092,171.78,25.509,4.0022,0
2026-03-13 08:30:00,8422689971,5176136532,56,up,224.605,138.03,22.461,5.621,0
2026-03-13 08:35:00,10058941012,5511333024,3,up,268.238,146.969,26.824,0.3388,0
2026-03-13 08:40:00,8525063756,6719554281,36,up,227.335,179.188,22.734,3.6312,0
2026-03-13 08:45:00,9260265013,5910627570,9,up,246.94,157.617,24.694,0.9888,0
2026-03-13 08:50:00,11002812164,5130101429,49,up,293.408,136.803,29.341,4.9318,0
2026-03-13 08:55:00,8631561484,4927341792,100,up,230.175,131.396,23.017,10.0592,0
2026-03-13 09:00:00,7605387085,6035076009,74,up,202.81,160.935,20.281,7.4163,0
2026-03-13 09:05:00,8190884409,6822165506,3,up,218.424,181.924,21.842,0.3908,0
2026-03-13 09:10:00,7345510326,6812552959,54,up,195.88,181.668,19.588,5.4969,1
2026-03-13 09:15:00,9661572529,6079833962,14,up,257.642,162.129,25.764,1.4498,0
2026-03-13 09:20:00,9230012948,7446414781,4,up,246.134,198.571,24.613,0.4174,0
2026-03-13 09:25:00,8802269469,5924529336,3,up,234.727,157.987,23.473,0.3305,0
2026-03-13 09:30:00,9921029895,5900231311,15,up,264.561,157.34,26.456,1.5551,0
2026-03-13 09:35:00,5893829929,4151446144,40,up,157.169,110.705,15.717,4.0466,1
2026-03-13 09:40:00,9718873764,5677898676,26,up,259.17,151.411,25.917,2.6928,0
2026-03-13 09:45:00,8552338610,6613450825,31,up,228.062,176.359,22.806,3.1113,0
2026-03-13 09:50:00,8365133191,7126052162,20,up,223.07,190.028,22.307,2.0378,0
2026-03-13 09:55:00,8657826635,5402231063,34,up,230.875,144.059,23.088,3.4742,0
2026-03-13 10:00:00,8952666622,6332821677,100,up,238.738,168.875,23.874,10.0439,0
2026-03-13 10:05:00,9320066434,6753752903,28,up,248.535,180.1,24.854,2.843,0
2026-03-13 10:10:00,9639887769,6008069870,2,up,257.064,160.215,25.706,0.2152,0
2026-03-13 10:15:00,5225589047,4356038070,21,up,139.349,116.161,13.935,2.1729,0
2026-03-13 10:20:00,8466393122,6178048799,157,up,225.77,164.748,22.577,15.7662,0
2026-03-13 10:25:00,8934483775,6548230049,15,up,238.253,174.619,23.825,1.5682,0
2026-03-13 10:30:00,11068194793,5317855515,28,up,295.152,141.809,29.515,2.8836,0
2026-03-13 10:35:00,8159997065,5817008737,3,up,217.6,155.12,21.76,0.3608,0
2026-03-13 10:40:00,9558146195,5168042849,4,up,254.884,137.814,25.488,0.487,0
2026-03-13 10:45:00,11056909098,4149493765,66,up,294.851,110.653,29.485,6.6461,0
2026-03-13 10:50:00,7897910403,6739443176,11,up,210.611,179.718,21.061,1.1429,0
2026-03-13 10:55:00,9818222129,5997301055,11,up,261.819,159.928,26.182,1.1664,0
2026-03-13 11:00:00,8472444186,7150325997,15,up,225.932,190.675,22.593,1.5672,0
2026-03-13 11:05:00,8807287039,6617271978,108,up,234.861,176.461,23.486,10.8658,0
2026-03-13 11:10:00,8471500311,5744968971,2,up,225.907,153.199,22.591,0.2821,0
2026-03-13 11:15:00,8551660528,5940109924,54,up,228.044,158.403,22.804,5.4655,0
2026-03-13 11:20:00,12437151166,6407647721,13,up,331.657,170.871,33.166,1.3372,0
2026-03-13 11:25:00,10325012856,6696156060,60,up,275.334,178.564,27.533,6.0595,0
2026-03-13 11:30:00,10614455094,6232322854,153,up,283.052,166.195,28.305,15.3543,0
2026-03-13 11:35:00,9928492672,6796027064,13,up,264.76,181.227,26.476,1.372,0
2026-03-13 11:40:00,7567961113,5786398509,4,up,201.812,154.304,20.181,0.4433,0
2026-03-13 11:45:00,9819327716,5282056646,4,up,261.849,140.855,26.185,0.499,0
2026-03-13 11:50:00,10582045816,5953337337,45,up,282.188,158.756,28.219,4.55,0
2026-03-13 11:55:00,8414925591,6147733121,5,up,224.398,163.94,22.44,0.501,0
2026-03-13 12:00:00,10460992500,5134894515,9,up,278.96,136.931,27.896,0.9654,0
2026-03-13 12:05:00,10167378236,5037560099,7,up,271.13,134.335,27.113,0.7317,0
2026-03-13 12:10:00,11458545050,6322118133,14,up,305.561,168.59,30.556,1.4066,0
2026-03-13 12:15:00,6233495877,5707423067,60,up,166.227,152.198,16.623,6.0069,1
2026-03-13 12:20:00,8140187644,5880594547,62,up,217.072,156.816,21.707,6.218,0
2026-03-13 12:25:00,8968168376,5741021280,62,up,239.151,153.094,23.915,6.2949,0
2026-03-13 12:30:00,10990017367,7094832649,17,up,293.067,189.196,29.307,1.7044,0
2026-03-13 12:35:00,7318043384,6908468035,30,up,195.148,184.226,19.515,3.0303,0
2026-03-13 12:40:00,7048077320,5109105343,32,up,187.949,136.243,18.795,3.2867,0
2026-03-13 12:45:00,9475569688,5616388886,44,up,252.682,149.77,25.268,4.4267,0
2026-03-13 12:50:00,8877087045,6612003072,23,up,236.722,176.32,23.672,2.3533,0
2026-03-13 12:55:00,9383693879,6433394090,22,up,250.232,171.557,25.023,2.2849,0
2026-03-13 13:00:00,10438475742,5970150267,31,up,278.359,159.204,27.836,3.1929,0
2026-03-13 13:05:00,8753359485,5180927852,38,up,233.423,138.158,23.342,3.8854,0
2026-03-13 13:10:00,7267868440,5508571166,13,up,193.81,146.895,19.381,1.3623,0
2026-03-13 13:15:00,11675041751,5627927351,12,up,311.334,150.078,31.133,1.2833,0
2026-03-13 13:20:00,8253118176,6199435918,10,up,220.083,165.318,22.008,1.0058,0
2026-03-13 13:25:00,8183583237,7226683551,25,up,218.229,192.712,21.823,2.547,0
2026-03-13 13:30:00,7431679510,5505446230,69,up,198.178,146.812,19.818,6.9315,1
2026-03-13 13:35:00,8942449738,5261254621,24,up,238.465,140.3,23.847,2.4871,0
2026-03-13 13:40:00,9303686416,5921817736,16,up,248.098,157.915,24.81,1.6667,0
2026-03-13 13:45:00,9918138889,6742852065,57,up,264.484,179.809,26.448,5.7996,0
2026-03-13 13:50:00,10594030990,4958244263,2,up,282.507,132.22,28.251,0.243,0
2026-03-13 13:55:00,8999856720,7046616588,27,up,239.996,187.91,24.0,2.7172,0
2026-03-13 14:00:00,11084946006,5876137419,27,up,295.599,156.697,29.56,2.7428,0
2026-03-13 14:05:00,6972225170,5471289598,15,up,185.926,145.901,18.593,1.549,0
2026-03-13 14:10:00,10229760641,4847863713,17,up,272.794,129.276,27.279,1.7488,0
2026-03-13 14:15:00,5901372048,6508694956,74,up,157.37,173.565,15.737,7.4443,1
2026-03-13 14:20:00,10918805231,5876756739,10,up,291.168,156.714,29.117,1.0542,0
2026-03-13 14:25:00,9534800038,6122907947,65,up,254.261,163.278,25.426,6.5634,0
2026-03-13 14:30:00,8617981501,5351415546,72,up,229.813,142.704,22.981,7.2533,0
2026-03-13 14:35:00,10120696229,5770250855,33,up,269.885,153.873,26.989,3.3651,0
2026-03-13 14:40:00,10379836890,5649661502,47,up,276.796,150.658,27.68,4.743,0
2026-03-13 14:45:00,10097130888,5927572964,30,up,269.257,158.069,26.926,3.0374,0
2026-03-13 14:50:00,8216591730,5517922325,23,up,219.109,147.145,21.911,2.384,0
2026-03-13 14:55:00,8830480735,4895389708,108,up,235.479,130.544,23.548,10.8849,0
2026-03-13 15:00:00,9370418058,7964519816,10,up,249.878,212.387,24.988,1.063,0
2026-03-13 15:05:00,9328582890,5018348941,5,up,248.762,133.823,24.876,0.5357,0
2026-03-13 15:10:00,10218463659,6130650484,10,up,272.492,163.484,27.249,1.0847,0
2026-03-13 15:15:00,7108236113,4724139963,30,up,189.553,125.977,18.955,3.0513,0
2026-03-13 15:20:00,9751117936,4562125845,6,up,260.03,121.657,26.003,0.6553,0
2026-03-13 15:25:00,9048770976,6070435074,76,up,241.301,161.878,24.13,7.6635,0
2026-03-13 15:30:00,8431686806,6125544663,16,up,224.845,163.348,22.484,1.694,0
2026-03-13 15:35:00,8539702375,6908279273,60,up,227.725,184.221,22.773,6.07,0
2026-03-13 15:40:00,9133645127,6287673725,9,up,243.564,167.671,24.356,0.9173,0
2026-03-13 15:45:00,5323779257,5892136282,12,up,141.967,157.124,14.197,1.2021,0
2026-03-13 15:50:00,6010234463,5316287824,61,up,160.273,141.768,16.027,6.1088,1
2026-03-13 15:55:00,8389708322,7079288689,9,up,223.726,188.781,22.373,0.9539,0
2026-03-13 16:00:00,9974381110,6668772897,21,up,265.983,177.834,26.598,2.1567,0
2026-03-13 16:05:00,8468782482,5102642776,93,up,225.834,136.07,22.583,9.3482,0
2026-03-13 16:10:00,9132996974,6027333884,15,up,243.547,160.729,24.355,1.576,0
2026-03-13 16:15:00,11110061206,6103717606,32,up,296.268,162.766,29.627,3.267,0
2026-03-13 16:20:00,10493645459,5751129367,17,up,279.831,153.363,27.983,1.786,0
2026-03-13 16:25:00,10390055324,6555732349,1,up,277.068,174.82,27.707,0.1534,0
2026-03-13 16:30:00,8812643515,6598847859,22,up,235.004,175.969,23.5,2.2408,0
2026-03-13 16:35:00,9985911314,5862850297,2,up,266.291,156.343,26.629,0.2182,0
2026-03-13 16:40:00,9111864974,5797774143,68,up,242.983,154.607,24.298,6.8851,0
2026-03-13 16:45:00,9154395137,7079250093,44,up,244.117,188.78,24.412,4.4753,0
2026-03-13 16:50:00,9835896011,6671644002,15,up,262.291,177.911,26.229,1.5228,0
2026-03-13 16:55:00,8703382213,6052099480,32,up,232.09,161.389,23.209,3.2712,0
2026-03-13 17:00:00,11054628492,4826969491,3,up,294.79,128.719,29.479,0.3802,0
2026-03-13 17:05:00,9194853592,6247680076,38,up,245.196,166.605,24.52,3.8801,0
2026-03-13 17:10:00,10070655637,6502620094,55,up,268.551,173.403,26.855,5.5363,0
2026-03-13 17:15:00,11012550539,4016744427,55,up,293.668,107.113,29.367,5.5185,0
2026-03-13 17:20:00,7374927347,6181346002,78,up,196.665,164.836,19.666,7.8223,1
2026-03-13 17:25:00,7789966009,5699981769,9,up,207.732,152.0,20.773,0.9798,0
2026-03-13 17:30:00,9875507881,5840984918,23,up,263.347,155.76,26.335,2.358,0
2026-03-13 17:35:00,10332059318,5346685714,109,up,275.522,142.578,27.552,10.9918,0
2026-03-13 17:40:00,10378345899,5893303710,81,up,276.756,157.155,27.676,8.1033,0
2026-03-13 17:45:00,8122543311,7002233934,14,up,216.601,186.726,21.66,1.4263,0
2026-03-13 17:50:00,8635835358,5678593080,48,up,230.289,151.429,23.029,4.8427,0
2026-03-13 17:55:00,10493878015,6695212962,81,up,279.837,178.539,27.984,8.1355,0
2026-03-13 18:00:00,8518019582,5419441522,9,up,227.147,144.518,22.715,0.9675,0
2026-03-13 18:05:00,9037841936,6546304458,56,up,241.009,174.568,24.101,5.6758,0
2026-03-13 18:10:00,11147860285,6001192216,9,up,297.276,160.032,29.728,0.9979,0
2026-03-13 18:15:00,9321225843,6253457876,13,up,248.566,166.759,24.857,1.3456,0
2026-03-13 18:20:00,8557379094,6005150344,7,up,228.197,160.137,22.82,0.7093,0
2026-03-13 18:25:00,8387680473,6461970167,22,up,223.671,172.319,22.367,2.2637,0
2026-03-13 18:30:00,9749309245,4151338715,59,up,259.982,110.702,25.998,5.9312,0
2026-03-13 18:35:00,7875208490,4977725774,24,up,210.006,132.739,21.001,2.4028,0
2026-03-13 18:40:00,9096747040,6300297958,4,up,242.58,168.008,24.258,0.4216,0
2026-03-13 18:45:00,9749884351,4528652385,9,up,259.997,120.764,26.0,0.9282,0
2026-03-13 18:50:00,7585580483,5617982143,59,up,202.282,149.813,20.228,5.9698,1
2026-03-13 18:55:00,10125991590,5960874594,28,up,270.026,158.957,27.003,2.8004,0
2026-03-13 19:00:00,8571676742,5403739100,27,up,228.578,144.1,22.858,2.7525,0
2026-03-13 19:05:00,7490505212,5502075790,65,up,199.747,146.722,19.975,6.5202,1
2026-03-13 19:10:00,9038045582,6195539184,44,up,241.015,165.214,24.101,4.4838,0
2026-03-13 19:15:00,7984834100,6726692368,76,up,212.929,179.378,21.293,7.6852,0
2026-03-13 19:20:00,9181453470,5309916445,22,up,244.839,141.598,24.484,2.2861,0
2026-03-13 19:25:00,7695058245,5585958098,65,up,205.202,148.959,20.52,6.5876,1
2026-03-13 19:30:00,9560895056,5473492099,78,up,254.957,145.96,25.496,7.8515,0
2026-03-13 19:35:00,9389087097,4256606578,32,up,250.376,113.51,25.038,3.2927,0
2026-03-13 19:40:00,11216863100,6102032489,35,up,299.116,162.721,29.912,3.5899,0
2026-03-13 19:45:00,7764725797,6672996776,40,up,207.059,177.947,20.706,4.0896,0
2026-03-13 19:50:00,7928700996,6731983109,9,up,211.432,179.52,21.143,0.9657,0
2026-03-13 19:55:00,7557172720,5373048208,27,up,201.525,143.281,20.152,2.7965,0
2026-03-13 20:00:00,9794229209,5098777405,59,up,261.179,135.967,26.118,5.9081,0
2026-03-13 20:05:00,6693613337,6015555994,55,up,178.496,160.415,17.85,5.5052,1
2026-03-13 20:10:00,11110578413,6597077054,72,up,296.282,175.922,29.628,7.279,0
2026-03-13 20:15:00,9648909461,6111492322,30,up,257.304,162.973,25.73,3.0995,0
2026-03-13 20:20:00,8920323195,6208299337,17,up,237.875,165.555,23.788,1.7607,0
2026-03-13 20:25:00,9377019231,6822118267,31,up,250.054,181.923,25.005,3.1232,0
2026-03-13 20:30:00,9507420845,5467821677,16,up,253.531,145.809,25.353,1.6446,0
2026-03-13 20:35:00,7494268567,5841621537,58,up,199.847,155.777,19.985,5.8252,0
2026-03-13 20:40:00,12424123099,7176915968,21,up,331.31,191.384,33.131,2.1069,0
2026-03-13 20:45:00,9959854895,5858295991,74,up,265.596,156.221,26.56,7.4073,0
2026-03-13 20:50:00,9611259346,5087517384,22,up,256.3,135.667,25.63,2.2815,0
2026-03-13 20:55:00,10067059482,5518063610,34,up,268.455,147.148,26.845,3.4557,0
2026-03-13 21:00:00,10173087353,5324510507,195,up,271.282,141.987,27.128,19.5019,0
2026-03-13 21:05:00,9216877328,6257157061,5,up,245.783,166.858,24.578,0.5087,0
2026-03-13 21:10:00,8664853721,5354918157,42,up,231.063,142.798,23.106,4.2706,0
2026-03-13 21:15:00,10049382022,6195144662,4,up,267.984,165.204,26.798,0.4784,0
2026-03-13 21:20:00,9808924695,5470033042,58,up,261.571,145.868,26.157,5.8417,0
2026-03-13 21:25:00,8463873638,4471167452,29,up,225.703,119.231,22.57,2.9039,0
2026-03-13 21:30:00,10971415062,6220766246,89,up,292.571,165.887,29.257,8.9062,0
2026-03-13 21:35:00,9705021040,6106893850,64,up,258.801,162.851,25.88,6.4307,0
2026-03-13 21:40:00,10196046782,6372785627,2,up,271.895,169.941,27.189,0.249,0
2026-03-13 21:45:00,10940910998,5515449202,4,up,291.758,147.079,29.176,0.4726,0
2026-03-13 21:50:00,9399624923,5438727977,29,up,250.657,145.033,25.066,2.9415,0
2026-03-13 21:55:00,9731571007,6289056138,23,up,259.509,167.708,25.951,2.3375,0
2026-03-13 22:00:00,10286280643,7093694092,5,up,274.301,189.165,27.43,0.5907,0
2026-03-13 22:05:00,8559531280,6008040966,4,up,228.254,160.214,22.825,0.4433,0
2026-03-13 22:10:00,9435808120,6305701269,26,up,251.622,168.152,25.162,2.6563,0
2026-03-13 22:15:00,9516242159,5768456867,1,up,253.766,153.826,25.377,0.1605,0
2026-03-13 22:20:00,8299434129,4888586024,66,up,221.318,130.362,22.132,6.622,0
2026-03-13 22:25:00,11982341387,6696549181,52,up,319.529,178.575,31.953,5.2656,0
2026-03-13 22:30:00,7791794876,6654058252,49,up,207.781,177.442,20.778,4.9243,0
2026-03-13 22:35:00,7914633108,6511757298,0,up,211.057,173.647,21.106,0.0516,0
2026-03-13 22:40:00,10853504897,5868999284,1,up,289.427,156.507,28.943,0.1562,0
2026-03-13 22:45:00,10177424532,6429880391,25,up,271.398,171.463,27.14,2.5541,0
2026-03-13 22:50:00,8220789580,6643508494,166,up,219.221,177.16,21.922,16.6067,0
2026-03-13 22:55:00,10058200141,7166514253,13,up,268.219,191.107,26.822,1.3409,0
2026-03-13 23:00:00,11026331750,6711738795,13,up,294.036,178.98,29.404,1.3509,0
2026-03-13 23:05:00,9340954060,6045951282,4,up,249.092,161.225,24.909,0.4614,0
2026-03-13 23:10:00,12298675762,5058057656,35,up,327.965,134.882,32.796,3.59,0
2026-03-13 23:15:00,7435430462,6112073974,33,up,198.278,162.989,19.828,3.3292,0
2026-03-13 23:20:00,10155551385,6184735725,3,up,270.815,164.926,27.081,0.3419,0
2026-03-13 23:25:00,10687344378,6510501438,20,up,284.996,173.613,28.5,2.016,0
2026-03-13 23:30:00,10377761889,6974802138,35,up,276.74,185.995,27.674,3.5195,0
2026-03-13 23:35:00,9145099807,5931491631,21,up,243.869,158.173,24.387,2.1768,0
2026-03-13 23:40:00,9048253332,7512710776,35,up,241.287,200.339,24.129,3.5903,0
2026-03-13 23:45:00,9874663317,4733313345,54,up,263.324,126.222,26.332,5.4217,0
2026-03-13 23:50:00,10292723797,6301926148,37,up,274.473,168.051,27.447,3.7049,0
2026-03-13 23:55:00,7036947831,5425065317,49,up,187.652,144.668,18.765,4.9161,1
2026-03-14 00:00:00,10545065127,4626800160,61,up,281.202,123.381,28.12,6.1483,0
2026-03-14 00:05:00,8228771298,5854722449,73,up,219.434,156.126,21.943,7.3872,0
2026-03-14 00:10:00,9118757648,4950835657,15,up,243.167,132.022,24.317,1.5759,0
2026-03-14 00:15:00,8317482076,5883771913,6,up,221.8,156.901,22.18,0.6088,0
2026-03-14 00:20:00,8940623126,6025033858,54,up,238.417,160.668,23.842,5.4495,0
2026-03-14 00:25:00,10517123503,6805349814,7,up,280.457,181.476,28.046,0.7696,0
2026-03-14 00:30:00,9496481910,4914538702,84,up,253.24,131.054,25.324,8.462,0
2026-03-14 00:35:00,12307716558,6654080519,0,up,328.206,177.442,32.821,0.0741,0
2026-03-14 00:40:00,9592582163,6070617924,81,up,255.802,161.883,25.58,8.1336,0
2026-03-14 00:45:00,9442153365,6740771390,28,up,251.791,179.754,25.179,2.8467,0
2026-03-14 00:50:00,9494455784,5689139153,47,up,253.185,151.71,25.319,4.7696,0
2026-03-14 00:55:00,8657465220,5040783897,16,up,230.866,134.421,23.087,1.6266,0
2026-03-14 01:00:00,9309933811,5123400485,153,up,248.265,136.624,24.826,15.3391,0
2026-03-14 01:05:00,10643761530,5069898633,8,up,283.834,135.197,28.383,0.8262,0
2026-03-14 01:10:00,9503217001,6344026190,9,up,253.419,169.174,25.342,0.9824,0
2026-03-14 01:15:00,8482357803,7063383855,1,up,226.196,188.357,22.62,0.169,0
2026-03-14 01:20:00,8334279801,5593234900,90,up,222.247,149.153,22.225,9.0283,0
2026-03-14 01:25:00,8868522871,6452977414,19,up,236.494,172.079,23.649,1.9484,0
2026-03-14 01:30:00,9458096363,4903121718,35,up,252.216,130.75,25.222,3.5951,0
2026-03-14 01:35:00,10717784852,6129831299,37,up,285.808,163.462,28.581,3.7215,0
2026-03-14 01:40:00,7866950278,6481365083,66,up,209.785,172.836,20.979,6.6415,0
2026-03-14 01:45:00,9015195437,4957350161,34,up,240.405,132.196,24.041,3.4989,0
2026-03-14 01:50:00,9537348771,5853203902,26,up,254.329,156.085,25.433,2.6419,0
2026-03-14 01:55:00,7312081011,6515460341,39,up,194.989,173.746,19.499,3.9647,0
2026-03-14 02:00:00,8437201931,3887685133,44,up,224.992,103.672,22.499,4.4486,0
2026-03-14 02:05:00,8610125392,6961526204,6,up,229.603,185.641,22.96,0.6583,0
2026-03-14 02:10:00,8479533329,6254649150,3,up,226.121,166.791,22.612,0.3717,0
2026-03-14 02:15:00,9590875738,6516043906,2,up,255.757,173.761,25.576,0.249,0
2026-03-14 02:20:00,9194370439,5702842118,14,up,245.183,152.076,24.518,1.4992,0
2026-03-14 02:25:00,8750303134,4759639813,22,up,233.341,126.924,23.334,2.2053,0
2026-03-14 02:30:00,6899520568,6384525328,44,up,183.987,170.254,18.399,4.4455,1
2026-03-14 02:35:00,11313459057,5940534965,101,up,301.692,158.414,30.169,10.1469,0
2026-03-14 02:40:00,11219163581,6023123127,12,up,299.178,160.617,29.918,1.2853,0
2026-03-14 02:45:00,5048317229,6783077029,42,up,134.622,180.882,13.462,4.2783,1
2026-03-14 02:50:00,10024206206,6548685989,24,up,267.312,174.632,26.731,2.4253,0
2026-03-14 02:55:00,9174723798,7383290940,7,up,244.659,196.888,24.466,0.7954,0
2026-03-14 03:00:00,9549549760,6110775044,30,up,254.655,162.954,25.465,3.057,0
2026-03-14 03:05:00,8926931587,5502327044,109,up,238.052,146.729,23.805,10.9331,0
2026-03-14 03:10:00,9507287208,5864339870,4,up,253.528,156.382,25.353,0.4248,0
2026-03-14 03:15:00,9545333320,6299277628,22,up,254.542,167.981,25.454,2.265,0
2026-03-14 03:20:00,8723679272,6731416693,1,up,232.631,179.504,23.263,0.1696,0
2026-03-14 03:25:00,8366586508,4943735554,12,up,223.109,131.833,22.311,1.2398,0
2026-03-14 03:30:00,8870217357,6006147082,31,up,236.539,160.164,23.654,3.1013,0
2026-03-14 03:35:00,9638541672,7158869993,58,up,257.028,190.903,25.703,5.8855,0
2026-03-14 03:40:00,10048870884,5827049612,41,up,267.97,155.388,26.797,4.1938,0
2026-03-14 03:45:00,10335017599,6670328535,19,up,275.6,177.875,27.56,1.9888,0
2026-03-14 03:50:00,8819036224,6355044619,76,up,235.174,169.468,23.517,7.6779,0
2026-03-14 03:55:00,9694325138,6688219636,11,up,258.515,178.353,25.852,1.1538,0
2026-03-14 04:00:00,10457815415,5416972410,44,up,278.875,144.453,27.888,4.4875,0
2026-03-14 04:05:00,10686294257,5420110797,20,up,284.968,144.536,28.497,2.0559,0
2026-03-14 04:10:00,9308813039,6014595762,73,up,248.235,160.389,24.824,7.3249,0
2026-03-14 04:15:00,9126451809,4896800313,51,up,243.372,130.581,24.337,5.1094,0
2026-03-14 04:20:00,9590014763,5805786763,74,up,255.734,154.821,25.573,7.4157,0
2026-03-14 04:25:00,8081579092,6182071193,7,up,215.509,164.855,21.551,0.7716,0
2026-03-14 04:30:00,9157189300,7284937637,35,up,244.192,194.265,24.419,3.5298,0
2026-03-14 04:35:00,10212659698,6289957096,42,up,272.338,167.732,27.234,4.2918,0
2026-03-14 04:40:00,10097190520,6450164499,43,up,269.258,172.004,26.926,4.3405,0
2026-03-14 04:45:00,9070948945,6838422609,22,up,241.892,182.358,24.189,2.2438,0
2026-03-14 04:50:00,9619932976,5305446535,0,up,256.532,141.479,25.653,0.0362,0
2026-03-14 04:55:00,8447268367,5881140483,9,up,225.26,156.83,22.526,0.9697,0
2026-03-14 05:00:00,10166428666,7746297066,12,up,271.105,206.568,27.11,1.2497,0
2026-03-14 05:05:00,6501215619,5943031999,40,up,173.366,158.481,17.337,4.0656,1
2026-03-14 05:10:00,9064554616,6803830139,58,up,241.721,181.435,24.172,5.882,0
2026-03-14 05:15:00,8968060684,6693891271,3,up,239.148,178.504,23.915,0.3538,0
2026-03-14 05:20:00,6512971079,4935758125,59,up,173.679,131.62,17.368,5.9063,1
2026-03-14 05:25:00,6209796354,6223545079,76,up,165.595,165.961,16.559,7.6528,1
2026-03-14 05:30:00,10115410915,6105658179,17,up,269.744,162.818,26.974,1.7122,0
2026-03-14 05:35:00,8930306008,6237570327,7,up,238.141,166.335,23.814,0.7753,0
2026-03-14 05:40:00,11167084608,5457039014,62,up,297.789,145.521,29.779,6.2992,0
2026-03-14 05:45:00,11023361816,5195817951,44,up,293.956,138.555,29.396,4.4285,0
2026-03-14 05:50:00,8372013573,5657272799,13,up,223.254,150.861,22.325,1.3959,0
2026-03-14 05:55:00,9453417303,5929587602,36,up,252.091,158.122,25.209,3.665,0
2026-03-14 06:00:00,8643011300,6853188802,6,up,230.48,182.752,23.048,0.6521,0
2026-03-14 06:05:00,6305265043,7308463790,62,up,168.14,194.892,16.814,6.2103,1
2026-03-14 06:10:00,11627730901,7005550449,15,up,310.073,186.815,31.007,1.5148,0
2026-03-14 06:15:00,9028982155,6619333351,8,up,240.773,176.516,24.077,0.8695,0
2026-03-14 06:20:00,9780254291,5276875011,66,up,260.807,140.717,26.081,6.688,0
2026-03-14 06:25:00,9983986455,5705594754,36,up,266.24,152.149,26.624,3.6347,0
2026-03-14 06:30:00,8249291955,6151146757,10,up,219.981,164.031,21.998,1.0509,0
2026-03-14 06:35:00,8413017591,5544643892,8,up,224.347,147.857,22.435,0.8871,0
2026-03-14 06:40:00,8018224832,6415588069,0,up,213.819,171.082,21.382,0.058,0
2026-03-14 06:45:00,8378282924,6518749997,13,up,223.421,173.833,22.342,1.3617,0
2026-03-14 06:50:00,6168716127,6386128845,23,up,164.499,170.297,16.45,2.3942,0
2026-03-14 06:55:00,9987655200,6738096915,10,up,266.337,179.683,26.634,1.0411,0
2026-03-14 07:00:00,8180177649,5348694326,61,up,218.138,142.632,21.814,6.1516,1
2026-03-14 07:05:00,9541298331,6671636666,16,up,254.435,177.91,25.443,1.6979,0
2026-03-14 07:10:00,7781697533,5499135275,12,up,207.512,146.644,20.751,1.2168,0
2026-03-14 07:15:00,8651876569,5322526114,89,up,230.717,141.934,23.072,8.953,0
2026-03-14 07:20:00,8858763549,6383123616,9,up,236.234,170.217,23.623,0.9757,0
2026-03-14 07:25:00,8230217125,6875428964,16,up,219.472,183.345,21.947,1.6254,0
2026-03-14 07:30:00,10342705468,6351369710,15,up,275.805,169.37,27.581,1.5416,0
2026-03-14 07:35:00,10286542549,6014978897,8,up,274.308,160.399,27.431,0.8832,0
2026-03-14 07:40:00,8075116731,6223310754,7,up,215.336,165.955,21.534,0.7847,0
2026-03-14 07:45:00,10190716175,6098227381,11,up,271.752,162.619,27.175,1.1523,0
2026-03-14 07:50:00,11092664246,5189315354,63,up,295.804,138.382,29.58,6.3899,0
2026-03-14 07:55:00,11515377980,5105313495,46,up,307.077,136.142,30.708,4.6626,0
2026-03-14 08:00:00,12598363525,5943245366,36,up,335.956,158.487,33.596,3.6562,0
2026-03-14 08:05:00,8360258269,6057496921,19,up,222.94,161.533,22.294,1.9547,0
2026-03-14 08:10:00,12552247979,6008159312,22,up,334.727,160.218,33.473,2.2681,0
2026-03-14 08:15:00,8976517812,6486793161,9,up,239.374,172.981,23.937,0.9946,0
2026-03-14 08:20:00,8708476362,5844856764,2,up,232.226,155.863,23.223,0.2471,0
2026-03-14 08:25:00,9742956421,6405345010,12,up,259.812,170.809,25.981,1.2865,0
2026-03-14 08:30:00,8720180999,5895897527,21,up,232.538,157.224,23.254,2.1899,0
2026-03-14 08:35:00,9823924658,7312818452,1,up,261.971,195.008,26.197,0.1889,0
2026-03-14 08:40:00,7889913163,6058113883,2,up,210.398,161.55,21.04,0.2956,0
2026-03-14 08:45:00,9106403322,7685320280,9,up,242.837,204.942,24.284,0.9766,0
2026-03-14 08:50:00,10821280013,6253448345,14,up,288.567,166.759,28.857,1.4637,0
2026-03-14 08:55:00,9310806047,5846152437,15,up,248.288,155.897,24.829,1.5992,0
2026-03-14 09:00:00,9534295260,5352397457,4,up,254.248,142.731,25.425,0.4014,0
2026-03-14 09:05:00,9909665930,4961120226,8,up,264.258,132.297,26.426,0.819,0
2026-03-14 09:10:00,10691994332,5286161555,9,up,285.12,140.964,28.512,0.9707,0
2026-03-14 09:15:00,7512872198,5366683457,2,up,200.343,143.112,20.034,0.2241,0
2026-03-14 09:20:00,10032589558,6284270414,12,up,267.536,167.581,26.754,1.263,0
2026-03-14 09:25:00,9073343468,5621160932,2,up,241.956,149.898,24.196,0.2399,0
2026-03-14 09:30:00,9562467632,6134587477,38,up,254.999,163.589,25.5,3.8898,0
2026-03-14 09:35:00,10567443940,6923024420,15,up,281.799,184.614,28.18,1.5611,0
2026-03-14 09:40:00,8031540017,5936777986,12,up,214.174,158.314,21.417,1.2661,0
2026-03-14 09:45:00,8235775003,7496992822,4,up,219.621,199.92,21.962,0.4329,0
2026-03-14 09:50:00,7197641295,5153416094,8,up,191.937,137.424,19.194,0.8219,0
2026-03-14 09:55:00,8757196190,5891579845,8,up,233.525,157.109,23.353,0.8476,0
2026-03-14 10:00:00,10871736387,5611694695,134,up,289.913,149.645,28.991,13.4829,0
2026-03-14 10:05:00,9239339412,6674284756,57,up,246.382,177.981,24.638,5.7726,0
2026-03-14 10:10:00,7867359492,4387350026,0,up,209.796,116.996,20.98,0.0492,0
2026-03-14 10:15:00,8828611412,4960956991,30,up,235.43,132.292,23.543,3.0697,0
2026-03-14 10:20:00,7701155583,5922710287,9,up,205.364,157.939,20.536,0.9459,0
2026-03-14 10:25:00,8109165635,7116991959,3,up,216.244,189.786,21.624,0.3528,0
2026-03-14 10:30:00,9812421274,6162606120,39,up,261.665,164.336,26.166,3.913,0
2026-03-14 10:35:00,8054392507,5026885832,4,up,214.784,134.05,21.478,0.4515,0
2026-03-14 10:40:00,10626713593,5138040053,18,up,283.379,137.014,28.338,1.8769,0
2026-03-14 10:45:00,9294989672,7204552586,32,up,247.866,192.121,24.787,3.2004,0
2026-03-14 10:50:00,9471294041,5552782944,25,up,252.568,148.074,25.257,2.5873,0
2026-03-14 10:55:00,9061830411,5321066371,121,up,241.649,141.895,24.165,12.16,0
2026-03-14 11:00:00,10244453818,7063708243,49,up,273.185,188.366,27.319,4.9298,0
2026-03-14 11:05:00,10256054873,6727989844,47,up,273.495,179.413,27.349,4.7618,0
2026-03-14 11:10:00,6826355302,6917322943,38,up,182.036,184.462,18.204,3.8794,1
2026-03-14 11:15:00,10010387744,5315969846,0,up,266.944,141.759,26.694,0.027,0
2026-03-14 11:20:00,9136399121,4901923938,42,up,243.637,130.718,24.364,4.2426,0
2026-03-14 11:25:00,9984978382,6095879872,263,up,266.266,162.557,26.627,26.3195,0
2026-03-14 11:30:00,8994887502,6241290815,16,up,239.864,166.434,23.986,1.6662,0
2026-03-14 11:35:00,9377510574,6262513298,135,up,250.067,167.0,25.007,13.5516,0
2026-03-14 11:40:00,9066025781,7064292433,4,up,241.761,188.381,24.176,0.489,0
2026-03-14 11:45:00,8860629143,4751687695,11,up,236.283,126.712,23.628,1.1255,0
2026-03-14 11:50:00,8599749227,6618980436,5,up,229.327,176.506,22.933,0.5991,0
2026-03-14 11:55:00,6930805956,5210429968,37,up,184.821,138.945,18.482,3.7935,1
2026-03-14 12:00:00,10849431651,6616129431,51,up,289.318,176.43,28.932,5.1023,0
2026-03-14 12:05:00,10692489718,5658031172,13,up,285.133,150.881,28.513,1.3329,0
2026-03-14 12:10:00,7961363997,5413940306,75,up,212.303,144.372,21.23,7.5741,0
2026-03-14 12:15:00,10825353432,5560870050,25,up,288.676,148.29,28.868,2.5187,0
2026-03-14 12:20:00,9017071685,4959160655,20,up,240.455,132.244,24.046,2.0041,0
2026-03-14 12:25:00,10050824642,6029108836,49,up,268.022,160.776,26.802,4.9492,0
2026-03-14 12:30:00,8355507751,5443675158,3,up,222.814,145.165,22.281,0.3423,0
2026-03-14 12:35:00,9534727403,6566134726,47,up,254.259,175.097,25.426,4.7556,0
2026-03-14 12:40:00,9727938580,6460840378,8,up,259.412,172.289,25.941,0.8907,0
2026-03-14 12:45:00,7704819609,7215473078,10,up,205.462,192.413,20.546,1.0548,0
2026-03-14 12:50:00,10059300562,6263755788,29,up,268.248,167.033,26.825,2.9278,0
2026-03-14 12:55:00,10889176883,6374887992,74,up,290.378,169.997,29.038,7.4308,0
2026-03-14 13:00:00,9178521061,7008071864,27,up,244.761,186.882,24.476,2.7639,0
2026-03-14 13:05:00,10905189147,5548082858,33,up,290.805,147.949,29.081,3.3498,0
2026-03-14 13:10:00,9161594819,4928454086,47,up,244.309,131.425,24.431,4.7961,0
2026-03-14 13:15:00,10330782597,6144067722,9,up,275.488,163.842,27.549,0.9606,0
2026-03-14 13:20:00,6879108788,4975703902,56,up,183.443,132.685,18.344,5.6186,0
2026-03-14 13:25:00,12096125001,7766835844,17,up,322.563,207.116,32.256,1.7319,0
2026-03-14 13:30:00,7740173368,7047958770,35,up,206.405,187.946,20.64,3.5977,1
2026-03-14 13:35:00,9054796307,7558062959,13,up,241.461,201.548,24.146,1.3791,0
2026-03-14 13:40:00,7156399845,6044961823,9,up,190.837,161.199,19.084,0.9041,0
2026-03-14 13:45:00,9699031914,6396412987,8,up,258.641,170.571,25.864,0.831,0
2026-03-14 13:50:00,7750583759,5669177688,10,up,206.682,151.178,20.668,1.0626,0
2026-03-14 13:55:00,9875460229,6635705860,6,up,263.346,176.952,26.335,0.6387,0
2026-03-14 14:00:00,9838011434,5124808887,35,up,262.347,136.662,26.235,3.5255,0
2026-03-14 14:05:00,8315921434,4168972903,27,up,221.758,111.173,22.176,2.7759,0
2026-03-14 14:10:00,10636087901,5430688353,33,up,283.629,144.818,28.363,3.3452,0
2026-03-14 14:15:00,10281271540,4952059097,13,up,274.167,132.055,27.417,1.3478,0
2026-03-14 14:20:00,10472801254,7064107250,46,up,279.275,188.376,27.927,4.6993,0
2026-03-14 14:25:00,9384964916,7307287767,4,up,250.266,194.861,25.027,0.4442,0
2026-03-14 14:30:00,7782535424,4989891067,27,up,207.534,133.064,20.753,2.7092,0
2026-03-14 14:35:00,10475106306,6930035237,10,up,279.336,184.801,27.934,1.0311,0
2026-03-14 14:40:00,9070832175,6684997188,23,up,241.889,178.267,24.189,2.3998,0
2026-03-14 14:45:00,7811497338,4869760787,12,up,208.307,129.86,20.831,1.2513,0
2026-03-14 14:50:00,10896044286,5719007377,50,up,290.561,152.507,29.056,5.0019,0
2026-03-14 14:55:00,11736833460,5582282120,71,up,312.982,148.861,31.298,7.1005,0
2026-03-14 15:00:00,9328595854,6538556687,43,up,248.763,174.362,24.876,4.3426,0
2026-03-14 15:05:00,8262807909,5115278867,49,up,220.342,136.407,22.034,4.9307,1
2026-03-14 15:10:00,9477729069,5928811709,10,up,252.739,158.102,25.274,1.0285,0
2026-03-14 15:15:00,8946987107,5506127157,80,up,238.586,146.83,23.859,8.0568,0
2026-03-14 15:20:00,8665734239,6340805652,18,up,231.086,169.088,23.109,1.8396,0
2026-03-14 15:25:00,11216717708,5843909737,90,up,299.112,155.838,29.911,9.0665,0
2026-03-14 15:30:00,8497338133,5614623093,15,up,226.596,149.723,22.66,1.5946,0
2026-03-14 15:35:00,10202177973,5846426465,97,up,272.058,155.905,27.206,9.702,0
2026-03-14 15:40:00,8745940685,7465950839,83,up,233.225,199.092,23.323,8.3205,0
2026-03-14 15:45:00,8857154892,5699832261,34,up,236.191,151.996,23.619,3.4572,0
2026-03-14 15:50:00,10534030905,5250476242,0,up,280.907,140.013,28.091,0.0284,0
2026-03-14 15:55:00,8947458547,6420072169,16,up,238.599,171.202,23.86,1.6364,0
2026-03-14 16:00:00,8919605198,5896662238,77,up,237.856,157.244,23.786,7.7496,0
2026-03-14 16:05:00,10649405284,4981031569,69,up,283.984,132.828,28.398,6.9241,0
2026-03-14 16:10:00,11172071954,7606677361,6,up,297.922,202.845,29.792,0.664,0
2026-03-14 16:15:00,10100276028,5746215159,16,up,269.341,153.232,26.934,1.6303,0
2026-03-14 16:20:00,6046868801,5727933993,71,up,161.25,152.745,16.125,7.1924,1
2026-03-14 16:25:00,8800565438,6115081453,27,up,234.682,163.069,23.468,2.7599,0
2026-03-14 16:30:00,9464904671,7245684073,60,up,252.397,193.218,25.24,6.0137,0
2026-03-14 16:35:00,9736046319,4790583364,56,up,259.628,127.749,25.963,5.6063,0
2026-03-14 16:40:00,5784555595,6198709811,48,up,154.255,165.299,15.425,4.8548,1
2026-03-14 16:45:00,10188417682,7502835956,3,up,271.691,200.076,27.169,0.399,0
2026-03-14 16:50:00,9471202495,6092684650,5,up,252.565,162.472,25.257,0.5021,0
2026-03-14 16:55:00,7444828141,5110559534,2,up,198.529,136.282,19.853,0.2766,0
2026-03-14 17:00:00,8329957707,5554754265,87,up,222.132,148.127,22.213,8.76,0
2026-03-14 17:05:00,8807855242,6148955421,20,up,234.876,163.972,23.488,2.0629,0
2026-03-14 17:10:00,9293035100,6958178819,2,up,247.814,185.551,24.781,0.2128,0
2026-03-14 17:15:00,11500438644,5755678192,12,up,306.678,153.485,30.668,1.2413,0
2026-03-14 17:20:00,9642942719,6595189294,13,up,257.145,175.872,25.715,1.3855,0
2026-03-14 17:25:00,8429131623,4966534444,53,up,224.777,132.441,22.478,5.3069,0
2026-03-14 17:30:00,9623209654,4960522773,42,up,256.619,132.281,25.662,4.2554,0
2026-03-14 17:35:00,8978901284,5652383504,37,up,239.437,150.73,23.944,3.7415,0
2026-03-14 17:40:00,9740353019,7035380679,0,up,259.743,187.61,25.974,0.0707,0
2026-03-14 17:45:00,10028138647,6049589740,77,up,267.417,161.322,26.742,7.7303,0
2026-03-14 17:50:00,10735384478,6208664060,7,up,286.277,165.564,28.628,0.7769,0
2026-03-14 17:55:00,6543374384,6200217308,55,up,174.49,165.339,17.449,5.5893,1
2026-03-14 18:00:00,11218830593,6798629747,2,up,299.169,181.297,29.917,0.2042,0
2026-03-14 18:05:00,7277567846,5560641101,53,up,194.068,148.284,19.407,5.3479,1
2026-03-14 18:10:00,8579130512,6495565278,0,up,228.777,173.215,22.878,0.0308,0
2026-03-14 18:15:00,11861087623,5401764482,26,up,316.296,144.047,31.63,2.6705,0
2026-03-14 18:20:00,9742868827,7427956312,31,up,259.81,198.079,25.981,3.1762,0
2026-03-14 18:25:00,8435484933,5423718404,1,up,224.946,144.632,22.495,0.1657,0
2026-03-14 18:30:00,11234527182,5364679701,10,up,299.587,143.058,29.959,1.0982,0
2026-03-14 18:35:00,11712499783,6395762265,61,up,312.333,170.554,31.233,6.102,0
2026-03-14 18:40:00,9337846578,6057447670,3,up,249.009,161.532,24.901,0.3418,0
2026-03-14 18:45:00,8808393457,6235333732,7,up,234.89,166.276,23.489,0.7809,0
2026-03-14 18:50:00,9181078172,6163665932,17,up,244.829,164.364,24.483,1.7674,0
2026-03-14 18:55:00,10179073193,5214917616,59,up,271.442,139.064,27.144,5.9101,0
2026-03-14 19:00:00,10812588736,7161618428,9,up,288.336,190.976,28.834,0.9413,0
2026-03-14 19:05:00,10016798247,6643350388,187,up,267.115,177.156,26.711,18.7388,0
2026-03-14 19:10:00,9489438609,6978443964,14,up,253.052,186.092,25.305,1.4045,0
2026-03-14 19:15:00,11060263241,5619601759,15,up,294.94,149.856,29.494,1.5632,0
2026-03-14 19:20:00,9023058967,6299896952,4,up,240.615,167.997,24.061,0.4167,0
2026-03-14 19:25:00,10534784255,6142105292,36,up,280.928,163.789,28.093,3.6482,0
2026-03-14 19:30:00,9050929351,6812161890,8,up,241.358,181.658,24.136,0.8928,0
2026-03-14 19:35:00,9859900827,6835378654,31,up,262.931,182.277,26.293,3.1718,0
2026-03-14 19:40:00,9247242114,6138996578,8,up,246.593,163.707,24.659,0.8081,0
2026-03-14 19:45:00,9312166294,4907075185,15,up,248.324,130.855,24.832,1.5706,0
2026-03-14 19:50:00,8950440167,7281356558,62,up,238.678,194.17,23.868,6.2164,0
2026-03-14 19:55:00,10887960785,6400310952,42,up,290.346,170.675,29.035,4.2972,0
2026-03-14 20:00:00,8550458207,5561925330,5,up,228.012,148.318,22.801,0.5374,0
2026-03-14 20:05:00,8542238715,6292710339,29,up,227.793,167.806,22.779,2.9944,0
2026-03-14 20:10:00,11761117761,4912012645,31,up,313.63,130.987,31.363,3.1699,0
2026-03-14 20:15:00,10475078510,6759854208,3,up,279.335,180.263,27.934,0.3038,0
2026-03-14 20:20:00,6691747088,4940727544,20,up,178.447,131.753,17.845,2.0064,0
2026-03-14 20:25:00,8739083918,5840999165,9,up,233.042,155.76,23.304,0.9664,0
2026-03-14 20:30:00,7336511995,6176007203,20,up,195.64,164.694,19.564,2.0143,0
2026-03-14 20:35:00,8305472969,6747964592,48,up,221.479,179.946,22.148,4.8029,0
2026-03-14 20:40:00,5844171000,6076712167,5,up,155.845,162.046,15.584,0.5513,0
2026-03-14 20:45:00,9220886725,6457173269,4,up,245.89,172.191,24.589,0.4211,0
2026-03-14 20:50:00,5663220817,5979719825,77,up,151.019,159.459,15.102,7.759,1
2026-03-14 20:55:00,9442393413,5976826115,97,up,251.797,159.382,25.18,9.7354,0
2026-03-14 21:00:00,7546738583,6061543620,44,up,201.246,161.641,20.125,4.4084,0
2026-03-14 21:05:00,9468275834,5863878296,0,up,252.487,156.37,25.249,0.0629,0
2026-03-14 21:10:00,8908219187,4785669424,16,up,237.553,127.618,23.755,1.64,0
2026-03-14 21:15:00,11064697085,5446807084,9,up,295.059,145.248,29.506,0.9523,0
2026-03-14 21:20:00,10962776469,6176237885,32,up,292.341,164.7,29.234,3.2528,0
2026-03-14 21:25:00,10258513803,5820632877,19,up,273.56,155.217,27.356,1.9676,0
2026-03-14 21:30:00,9007559496,5887817460,106,up,240.202,157.008,24.02,10.6822,0
2026-03-14 21:35:00,11608552944,5767185358,7,up,309.561,153.792,30.956,0.7909,0
2026-03-14 21:40:00,5339484718,5378209157,58,up,142.386,143.419,14.239,5.8217,1
2026-03-14 21:45:00,7795996541,5644968388,38,up,207.893,150.532,20.789,3.855,0
2026-03-14 21:50:00,9280744012,5779081144,55,up,247.487,154.109,24.749,5.5878,0
2026-03-14 21:55:00,11910792872,6003703061,16,up,317.621,160.099,31.762,1.672,0
2026-03-14 22:00:00,9147368729,6283232408,37,up,243.93,167.553,24.393,3.7162,0
2026-03-14 22:05:00,9168849101,5870003790,11,up,244.503,156.533,24.45,1.156,0
2026-03-14 22:10:00,5426995594,5258648215,55,up,144.72,140.231,14.472,5.5476,1
2026-03-14 22:15:00,10439170783,4993380931,72,up,278.378,133.157,27.838,7.2313,0
2026-03-14 22:20:00,10447323286,7870154789,95,up,278.595,209.871,27.86,9.5804,0
2026-03-14 22:25:00,10262709601,5186533178,40,up,273.672,138.308,27.367,4.06,0
2026-03-14 22:30:00,8667126743,5626589999,15,up,231.123,150.042,23.112,1.5007,0
2026-03-14 22:35:00,8579954885,6372240217,54,up,228.799,169.926,22.88,5.4884,0
2026-03-14 22:40:00,7920237468,6259819638,0,up,211.206,166.929,21.121,0.0839,0
2026-03-14 22:45:00,9469356564,6375023298,3,up,252.516,170.001,25.252,0.3469,0
2026-03-14 22:50:00,8159541754,5681243709,34,up,217.588,151.5,21.759,3.4651,0
2026-03-14 22:55:00,8050406431,6171761810,11,up,214.678,164.58,21.468,1.1016,0
2026-03-14 23:00:00,8898347943,6044167438,96,up,237.289,161.178,23.729,9.6763,0
2026-03-14 23:05:00,8824699302,5775265415,18,up,235.325,154.007,23.533,1.833,0
2026-03-14 23:10:00,8769774155,6176695014,17,up,233.861,164.712,23.386,1.7952,0
2026-03-14 23:15:00,9899750171,6759863193,36,up,263.993,180.263,26.399,3.627,0
2026-03-14 23:20:00,9463928777,5984015839,46,up,252.371,159.574,25.237,4.6693,0
2026-03-14 23:25:00,9050824465,5988806049,20,up,241.355,159.701,24.136,2.0653,0
2026-03-14 23:30:00,9580889544,6769075945,7,up,255.49,180.509,25.549,0.7706,0
2026-03-14 23:35:00,8259532078,6692179459,47,up,220.254,178.458,22.025,4.7493,0
2026-03-14 23:40:00,9493438451,7140434237,12,up,253.158,190.412,25.316,1.2358,0
2026-03-14 23:45:00,9544427804,4735514231,6,up,254.518,126.28,25.452,0.616,0
2026-03-14 23:50:00,7684072283,6651685811,31,up,204.909,177.378,20.491,3.1958,0
2026-03-14 23:55:00,10495155473,6433137632,3,up,279.871,171.55,27.987,0.3034,0
2026-03-15 00:00:00,8383387081,5362330273,113,up,223.557,142.995,22.356,11.3686,0
2026-03-15 00:05:00,9476598524,6181143300,32,up,252.709,164.83,25.271,3.2024,0
2026-03-15 00:10:00,10684963208,6756807658,136,up,284.932,180.182,28.493,13.636,0
2026-03-15 00:15:00,10416386352,5403005575,13,up,277.77,144.08,27.777,1.3243,0
2026-03-15 00:20:00,9413625062,6318644948,113,up,251.03,168.497,25.103,11.3522,0
2026-03-15 00:25:00,8967188621,6627374646,5,up,239.125,176.73,23.913,0.5034,0
2026-03-15 00:30:00,10440950897,5228865914,1,up,278.425,139.436,27.843,0.1329,0
2026-03-15 00:35:00,10134031850,5897554301,1,up,270.241,157.268,27.024,0.1073,0
2026-03-15 00:40:00,8679339352,6216697231,20,up,231.449,165.779,23.145,2.0008,0
2026-03-15 00:45:00,5936521252,5426785316,39,up,158.307,144.714,15.831,3.9573,1
2026-03-15 00:50:00,7043600420,5367009696,22,up,187.829,143.12,18.783,2.2969,0
2026-03-15 00:55:00,9548285821,5902767886,12,up,254.621,157.407,25.462,1.2696,0
2026-03-15 01:00:00,9281965036,6577180596,13,up,247.519,175.391,24.752,1.3085,0
2026-03-15 01:05:00,10653215296,6463488480,32,up,284.086,172.36,28.409,3.2305,0
2026-03-15 01:10:00,9778936980,5379782834,5,up,260.772,143.461,26.077,0.5698,0
2026-03-15 01:15:00,10876007843,6469560877,46,up,290.027,172.522,29.003,4.6554,0
2026-03-15 01:20:00,8590465243,5398123361,27,up,229.079,143.95,22.908,2.7915,0
2026-03-15 01:25:00,10655419122,4840677745,78,up,284.145,129.085,28.414,7.8862,0
2026-03-15 01:30:00,8779969073,5735656628,14,up,234.133,152.951,23.413,1.4524,0
2026-03-15 01:35:00,10249795569,6808537947,129,up,273.328,181.561,27.333,12.9853,0
2026-03-15 01:40:00,7733896808,6472291597,27,up,206.237,172.594,20.624,2.7444,0
2026-03-15 01:45:00,9639527211,5998868298,116,up,257.054,159.97,25.705,11.6061,0
2026-03-15 01:50:00,7142226065,5699972051,0,up,190.459,151.999,19.046,0.0878,0
2026-03-15 01:55:00,9074470328,5719371261,41,up,241.986,152.517,24.199,4.166,0
2026-03-15 02:00:00,6909278770,6078325132,41,up,184.247,162.089,18.425,4.1857,1
2026-03-15 02:05:00,8788910379,5230725010,1,up,234.371,139.486,23.437,0.1748,0
2026-03-15 02:10:00,8193257667,5749362711,27,up,218.487,153.316,21.849,2.7682,0
2026-03-15 02:15:00,10326883277,5844789987,51,up,275.384,155.861,27.538,5.1814,0
2026-03-15 02:20:00,9258604361,5027226389,26,up,246.896,134.059,24.69,2.6347,0
2026-03-15 02:25:00,8824233022,5396317259,2,up,235.313,143.902,23.531,0.211,0
2026-03-15 02:30:00,9422132911,6295564889,37,up,251.257,167.882,25.126,3.7836,0
2026-03-15 02:35:00,12341252784,6006848524,2,up,329.1,160.183,32.91,0.2,0
2026-03-15 02:40:00,10672690706,5777691510,54,up,284.605,154.072,28.461,5.4427,0
2026-03-15 02:45:00,10682895376,5343772244,1,up,284.877,142.501,28.488,0.1408,0
2026-03-15 02:50:00,9864989608,7135331874,4,up,263.066,190.276,26.307,0.473,0
2026-03-15 02:55:00,9562295931,5396654965,10,up,254.995,143.911,25.499,1.0295,0
2026-03-15 03:00:00,6679407425,6181146821,32,up,178.118,164.831,17.812,3.2108,0
2026-03-15 03:05:00,8611147110,5648734256,119,up,229.631,150.633,22.963,11.9833,0
2026-03-15 03:10:00,8834353785,6026121090,4,up,235.583,160.697,23.558,0.4012,0
2026-03-15 03:15:00,7265746427,6329479014,4,up,193.753,168.786,19.375,0.4927,0
2026-03-15 03:20:00,8072907236,5013415255,14,up,215.278,133.691,21.528,1.4728,0
2026-03-15 03:25:00,7146558970,5995236304,57,up,190.575,159.873,19.057,5.7895,0
2026-03-15 03:30:00,9331885684,6857324627,20,up,248.85,182.862,24.885,2.0149,0
2026-03-15 03:35:00,10296111717,7268281363,12,up,274.563,193.821,27.456,1.2417,0
2026-03-15 03:40:00,10620121333,5906389939,26,up,283.203,157.504,28.32,2.6359,0
2026-03-15 03:45:00,9841632519,6030010469,9,up,262.444,160.8,26.244,0.9658,0
2026-03-15 03:50:00,8291179116,7592159780,16,up,221.098,202.458,22.11,1.6408,0
2026-03-15 03:55:00,5040998687,6817145482,54,up,134.427,181.791,13.443,5.4531,1
2026-03-15 04:00:00,7398522713,5555555110,52,up,197.294,148.148,19.729,5.2172,0
2026-03-15 04:05:00,7947394600,5554331915,82,up,211.931,148.116,21.193,8.2573,0
2026-03-15 04:10:00,8375032839,6688715612,45,up,223.334,178.366,22.333,4.5611,0
2026-03-15 04:15:00,9195282939,5272053266,18,up,245.208,140.588,24.521,1.8502,0
2026-03-15 04:20:00,8234065254,6783163260,22,up,219.575,180.884,21.958,2.2459,0
2026-03-15 04:25:00,9756347880,6240695973,4,up,260.169,166.419,26.017,0.4276,0
2026-03-15 04:30:00,9113692309,6372758950,43,up,243.032,169.94,24.303,4.3963,0
2026-03-15 04:35:00,9386863925,5815151661,29,up,250.316,155.071,25.032,2.9041,0
2026-03-15 04:40:00,10657781871,5546526140,74,up,284.208,147.907,28.421,7.4473,0
2026-03-15 04:45:00,8047239299,7052634838,7,up,214.593,188.07,21.459,0.7165,0
2026-03-15 04:50:00,9846042650,5822349158,45,up,262.561,155.263,26.256,4.5631,0
2026-03-15 04:55:00,9359280117,5704126744,36,up,249.581,152.11,24.958,3.6933,0
2026-03-15 05:00:00,8999827933,5942301311,9,up,239.995,158.461,24.0,0.9889,0
2026-03-15 05:05:00,10370913360,6138975935,35,up,276.558,163.706,27.656,3.5224,0
2026-03-15 05:10:00,10363890923,5257805908,82,up,276.37,140.208,27.637,8.2622,0
2026-03-15 05:15:00,8310197854,5593292524,80,up,221.605,149.154,22.161,8.0204,0
2026-03-15 05:20:00,9170069343,5555016906,40,up,244.535,148.134,24.454,4.0692,0
2026-03-15 05:25:00,9691363142,6608601819,1,up,258.436,176.229,25.844,0.1577,0
2026-03-15 05:30:00,9067867408,5362106951,65,up,241.81,142.99,24.181,6.5849,0
2026-03-15 05:35:00,10033148998,4735847142,34,up,267.551,126.289,26.755,3.4314,0
2026-03-15 05:40:00,9691341020,4583691914,11,up,258.436,122.232,25.844,1.1894,0
2026-03-15 05:45:00,11436631395,4941326303,6,up,304.977,131.769,30.498,0.6635,0
2026-03-15 05:50:00,7653435972,6980307506,3,up,204.092,186.142,20.409,0.3953,0
2026-03-15 05:55:00,9237259511,6011668751,1,up,246.327,160.311,24.633,0.1649,0
2026-03-15 06:00:00,8352934674,6360899342,44,up,222.745,169.624,22.274,4.4891,0
2026-03-15 06:05:00,10054620887,6386271163,8,up,268.123,170.301,26.812,0.8607,0
2026-03-15 06:10:00,7555681623,6040452421,0,up,201.485,161.079,20.148,0.0786,0
2026-03-15 06:15:00,9764601799,5946157466,16,up,260.389,158.564,26.039,1.6201,0
2026-03-15 06:20:00,8666195514,6752059029,21,up,231.099,180.055,23.11,2.1086,0
2026-03-15 06:25:00,8549067900,6105117058,5,up,227.975,162.803,22.798,0.5933,0
2026-03-15 06:30:00,7747689521,7007350185,1,up,206.605,186.863,20.661,0.1442,0
2026-03-15 06:35:00,8851789560,6446997560,6,up,236.048,171.92,23.605,0.6709,0
2026-03-15 06:40:00,10595063096,5555186683,36,up,282.535,148.138,28.254,3.6372,0
2026-03-15 06:45:00,9346662731,5642063502,2,up,249.244,150.455,24.924,0.2746,0
2026-03-15 06:50:00,10081140470,5476225339,25,up,268.83,146.033,26.883,2.5912,0
2026-03-15 06:55:00,11247722049,6876634575,5,up,299.939,183.377,29.994,0.5066,0
2026-03-15 07:00:00,9671725032,5708363313,6,up,257.913,152.223,25.791,0.6969,0
2026-03-15 07:05:00,8746350481,5425099586,15,up,233.236,144.669,23.324,1.5979,0
2026-03-15 07:10:00,9900658742,6230240189,3,up,264.018,166.14,26.402,0.3401,0
2026-03-15 07:15:00,8762666835,5930039683,6,up,233.671,158.134,23.367,0.6086,0
2026-03-15 07:20:00,8807524481,6212089329,13,up,234.867,165.656,23.487,1.3734,0
2026-03-15 07:25:00,7665120600,7360666010,12,up,204.403,196.284,20.44,1.2799,0
2026-03-15 07:30:00,10417039677,6657410980,44,up,277.788,177.531,27.779,4.4268,0
2026-03-15 07:35:00,8940747102,6019447599,2,up,238.42,160.519,23.842,0.2487,0
2026-03-15 07:40:00,9579860526,4985935163,63,up,255.463,132.958,25.546,6.3019,0
2026-03-15 07:45:00,8209542830,5640027002,54,up,218.921,150.401,21.892,5.4211,0
2026-03-15 07:50:00,6905808758,6511953193,44,up,184.155,173.652,18.415,4.4516,1
2026-03-15 07:55:00,8517816107,5156850451,11,up,227.142,137.516,22.714,1.1845,0
2026-03-15 08:00:00,9215577688,7541498613,55,up,245.749,201.107,24.575,5.539,0
2026-03-15 08:05:00,10362554285,6010379925,6,up,276.335,160.277,27.633,0.646,0
2026-03-15 08:10:00,10264604226,6035170843,4,up,273.723,160.938,27.372,0.4251,0
2026-03-15 08:15:00,6545151317,5520015461,64,up,174.537,147.2,17.454,6.4977,1
2026-03-15 08:20:00,7385852588,6357651184,89,up,196.956,169.537,19.696,8.9663,0
2026-03-15 08:25:00,12741911891,5166238699,11,up,339.784,137.766,33.978,1.1782,0
2026-03-15 08:30:00,11339091341,7558722664,79,up,302.376,201.566,30.238,7.9884,0
2026-03-15 08:35:00,10188009177,6948492939,10,up,271.68,185.293,27.168,1.0186,0
2026-03-15 08:40:00,8527645745,6708693440,76,up,227.404,178.898,22.74,7.62,0
2026-03-15 08:45:00,9247208818,4998891115,74,up,246.592,133.304,24.659,7.4965,0
2026-03-15 08:50:00,8763652016,6147897554,82,up,233.697,163.944,23.37,8.2329,0
2026-03-15 08:55:00,10796837931,6870542206,21,up,287.916,183.214,28.792,2.1935,0
2026-03-15 09:00:00,9670315752,6427035887,64,up,257.875,171.388,25.788,6.4304,0
2026-03-15 09:05:00,8492815659,5278481444,96,up,226.475,140.76,22.648,9.6357,0
2026-03-15 09:10:00,8845400513,5531932496,12,up,235.877,147.518,23.588,1.2559,0
2026-03-15 09:15:00,10636336660,5674605980,17,up,283.636,151.323,28.364,1.7369,0
2026-03-15 09:20:00,11175110077,5565524759,40,up,298.003,148.414,29.8,4.0648,0
2026-03-15 09:25:00,11094373008,7100720761,11,up,295.85,189.353,29.585,1.143,0
2026-03-15 09:30:00,10226661073,4616870540,44,up,272.711,123.117,27.271,4.4853,0
2026-03-15 09:35:00,9090797022,6472261780,2,up,242.421,172.594,24.242,0.2456,0
2026-03-15 09:40:00,5728296946,5069541570,23,up,152.755,135.188,15.275,2.3721,0
2026-03-15 09:45:00,9709305026,5307898929,4,up,258.915,141.544,25.891,0.4175,0
2026-03-15 09:50:00,9372942646,4552991975,11,up,249.945,121.413,24.995,1.111,0
2026-03-15 09:55:00,9532479858,5604680809,9,up,254.199,149.458,25.42,0.9576,0
2026-03-15 10:00:00,9435634515,7087726789,58,up,251.617,189.006,25.162,5.843,0
2026-03-15 10:05:00,5518068547,6190673454,61,up,147.148,165.085,14.715,6.1341,1
2026-03-15 10:10:00,10002084626,5137179686,52,up,266.722,136.991,26.672,5.2883,0
2026-03-15 10:15:00,10086243353,6732346325,50,up,268.966,179.529,26.897,5.055,0
2026-03-15 10:20:00,10142631129,6886539069,22,up,270.47,183.641,27.047,2.2109,0
2026-03-15 10:25:00,10439899129,6074913466,8,up,278.397,161.998,27.84,0.8524,0
2026-03-15 10:30:00,10054558100,7465019393,8,up,268.122,199.067,26.812,0.8235,0
2026-03-15 10:35:00,6239601838,6591526169,69,up,166.389,175.774,16.639,6.9204,1
2026-03-15 10:40:00,9295308546,6491509805,0,up,247.875,173.107,24.787,0.0283,0
2026-03-15 10:45:00,9477515475,5421567330,24,up,252.734,144.575,25.273,2.4253,0
2026-03-15 10:50:00,9496161880,6451726909,97,up,253.231,172.046,25.323,9.7694,0
2026-03-15 10:55:00,10497994862,6156089719,5,up,279.947,164.162,27.995,0.5378,0
2026-03-15 11:00:00,10099127347,6374276881,27,up,269.31,169.981,26.931,2.7257,0
2026-03-15 11:05:00,11712011369,5507098354,104,up,312.32,146.856,31.232,10.446,0
2026-03-15 11:10:00,11857277602,6092231196,63,up,316.194,162.459,31.619,6.3035,0
2026-03-15 11:15:00,9464605780,5411859719,60,up,252.389,144.316,25.239,6.0789,0
2026-03-15 11:20:00,5058762507,4454064888,55,up,134.9,118.775,13.49,5.5204,0
2026-03-15 11:25:00,10766436524,6718779289,11,up,287.105,179.167,28.71,1.1829,0
2026-03-15 11:30:00,8767076618,4918279933,70,up,233.789,131.154,23.379,7.0813,0
2026-03-15 11:35:00,8473330587,6077174254,90,up,225.955,162.058,22.596,9.0752,0
2026-03-15 11:40:00,8926749065,6239761533,21,up,238.047,166.394,23.805,2.1913,0
2026-03-15 11:45:00,8872526572,6235125371,14,up,236.601,166.27,23.66,1.4011,0
2026-03-15 11:50:00,10063803536,5796183067,17,up,268.368,154.565,26.837,1.7114,0
2026-03-15 11:55:00,7620634748,6195272262,13,up,203.217,165.207,20.322,1.3017,0
2026-03-15 12:00:00,8162564160,6339096290,7,up,217.668,169.043,21.767,0.7641,0
2026-03-15 12:05:00,9761053373,6529174667,30,up,260.295,174.111,26.029,3.0832,0
2026-03-15 12:10:00,10075812034,7248077764,26,up,268.688,193.282,26.869,2.6461,0
2026-03-15 12:15:00,10096734350,6168619789,19,up,269.246,164.497,26.925,1.9872,0
2026-03-15 12:20:00,8489584186,6046115168,3,up,226.389,161.23,22.639,0.3224,0
2026-03-15 12:25:00,8274451144,5347155144,51,up,220.652,142.591,22.065,5.1009,0
2026-03-15 12:30:00,8805035811,6313881353,6,up,234.801,168.37,23.48,0.6153,0
2026-03-15 12:35:00,9644856846,6480515834,3,up,257.196,172.814,25.72,0.3894,0
2026-03-15 12:40:00,11046162040,5861541707,31,up,294.564,156.308,29.456,3.1222,0
2026-03-15 12:45:00,7071633166,6392121003,16,up,188.577,170.457,18.858,1.6274,0
2026-03-15 12:50:00,9126680148,5789388340,1,up,243.378,154.384,24.338,0.1973,0
2026-03-15 12:55:00,7875736753,6483114709,14,up,210.02,172.883,21.002,1.406,0
2026-03-15 13:00:00,7516226987,6657073666,47,up,200.433,177.522,20.043,4.7278,0
2026-03-15 13:05:00,10462826226,6647012064,30,up,279.009,177.254,27.901,3.0565,0
2026-03-15 13:10:00,9987702646,6084847914,14,up,266.339,162.263,26.634,1.4421,0
2026-03-15 13:15:00,9880612705,5251222930,6,up,263.483,140.033,26.348,0.6814,0
2026-03-15 13:20:00,10411154069,5559422602,31,up,277.631,148.251,27.763,3.1972,0
2026-03-15 13:25:00,8835316241,6428513273,69,up,235.608,171.427,23.561,6.9929,0
2026-03-15 13:30:00,8888282794,7763144860,33,up,237.021,207.017,23.702,3.3255,0
2026-03-15 13:35:00,11833946943,5754681044,53,up,315.572,153.458,31.557,5.3636,0
2026-03-15 13:40:00,9097607563,6328203128,23,up,242.603,168.752,24.26,2.3589,0
2026-03-15 13:45:00,10202023627,5599642158,40,up,272.054,149.324,27.205,4.0504,0
2026-03-15 13:50:00,9382179233,5298743728,72,up,250.191,141.3,25.019,7.2498,0
2026-03-15 13:55:00,7295709153,5513052578,47,up,194.552,147.015,19.455,4.7475,0
2026-03-15 14:00:00,7074792370,4500620176,77,up,188.661,120.017,18.866,7.7002,0
2026-03-15 14:05:00,8723642752,6974473245,18,up,232.63,185.986,23.263,1.8052,0
2026-03-15 14:10:00,10563113908,4394306217,75,up,281.683,117.181,28.168,7.5063,0
2026-03-15 14:15:00,10261828113,5810043674,31,up,273.649,154.934,27.365,3.1095,0
2026-03-15 14:20:00,10403336809,5151747915,65,up,277.422,137.38,27.742,6.5299,0
2026-03-15 14:25:00,5785201134,5363246244,42,up,154.272,143.02,15.427,4.2221,1
2026-03-15 14:30:00,11192856551,6991096315,34,up,298.476,186.429,29.848,3.432,0
2026-03-15 14:35:00,8289495037,6144768232,60,up,221.053,163.86,22.105,6.0279,0
2026-03-15 14:40:00,6730099213,5304914765,45,up,179.469,141.464,17.947,4.5703,1
2026-03-15 14:45:00,9363353673,5575547664,34,up,249.689,148.681,24.969,3.4691,0
2026-03-15 14:50:00,6425574366,5448853521,37,up,171.349,145.303,17.135,3.7688,1
2026-03-15 14:55:00,10880916155,5968647116,10,up,290.158,159.164,29.016,1.0867,0
2026-03-15 15:00:00,8581750664,6124482013,16,up,228.847,163.32,22.885,1.6627,0
2026-03-15 15:05:00,7856694087,7364813836,26,up,209.512,196.395,20.951,2.6971,0
2026-03-15 15:10:00,9397494921,4620263448,23,up,250.6,123.207,25.06,2.3432,0
2026-03-15 15:15:00,8925194923,5974935133,1,up,238.005,159.332,23.801,0.1279,0
2026-03-15 15:20:00,13174555783,5772791261,3,up,351.321,153.941,35.132,0.3324,0
2026-03-15 15:25:00,10136070910,6681514939,3,up,270.295,178.174,27.03,0.3388,0
2026-03-15 15:30:00,8914491852,6255469045,9,up,237.72,166.813,23.772,0.9734,0
2026-03-15 15:35:00,8186874484,6425060789,9,up,218.317,171.335,21.832,0.903,0
2026-03-15 15:40:00,7259675538,6248462053,43,up,193.591,166.626,19.359,4.3381,0
2026-03-15 15:45:00,8221628528,5328966389,27,up,219.243,142.106,21.924,2.7212,0
2026-03-15 15:50:00,9504309493,6872111157,46,up,253.448,183.256,25.345,4.6202,0
2026-03-15 15:55:00,10980744733,6574923531,2,up,292.82,175.331,29.282,0.2319,0
2026-03-15 16:00:00,10636900285,6659181450,21,up,283.651,177.578,28.365,2.1248,0
2026-03-15 16:05:00,9632731685,6910116122,12,up,256.873,184.27,25.687,1.2519,0
2026-03-15 16:10:00,9011436376,6300726072,60,up,240.305,168.019,24.03,6.0695,0
2026-03-15 16:15:00,9677413900,7066314530,39,up,258.064,188.435,25.806,3.9369,0
2026-03-15 16:20:00,8791532252,6271900491,65,up,234.441,167.251,23.444,6.5105,0
2026-03-15 16:25:00,11308159495,5842277816,1,up,301.551,155.794,30.155,0.1521,0
2026-03-15 16:30:00,9162161046,5995245184,40,up,244.324,159.873,24.432,4.0829,0
2026-03-15 16:35:00,9277869909,5982832486,24,up,247.41,159.542,24.741,2.485,0
2026-03-15 16:40:00,6882199771,5626038248,55,up,183.525,150.028,18.353,5.5775,0
2026-03-15 16:45:00,9155135797,7174959970,22,up,244.137,191.332,24.414,2.2642,0
2026-03-15 16:50:00,10316044655,6213332663,24,up,275.095,165.689,27.509,2.4863,0
2026-03-15 16:55:00,8173812100,6068211702,1,up,217.968,161.819,21.797,0.1701,0
2026-03-15 17:00:00,8530439623,6279557463,35,up,227.478,167.455,22.748,3.5334,0
2026-03-15 17:05:00,7186759926,8145495252,59,up,191.647,217.213,19.165,5.9551,1
2026-03-15 17:10:00,7713760623,5185158584,0,up,205.7,138.271,20.57,0.0636,0
2026-03-15 17:15:00,10565026133,5391572271,2,up,281.734,143.775,28.173,0.22,0
2026-03-15 17:20:00,8776338123,5005988867,100,up,234.036,133.493,23.404,10.0903,0
2026-03-15 17:25:00,8937860751,5832528548,13,up,238.343,155.534,23.834,1.3593,0
2026-03-15 17:30:00,8110636794,6176773279,64,up,216.284,164.714,21.628,6.4817,0
2026-03-15 17:35:00,9800302042,5664967786,102,up,261.341,151.066,26.134,10.2747,0
2026-03-15 17:40:00,12142355983,5611396705,91,up,323.796,149.637,32.38,9.1821,0
2026-03-15 17:45:00,10254184394,6102531503,68,up,273.445,162.734,27.344,6.8312,0
2026-03-15 17:50:00,8402679080,5638482366,72,up,224.071,150.36,22.407,7.2074,0
2026-03-15 17:55:00,10652573158,6223326595,10,up,284.069,165.955,28.407,1.0915,0
2026-03-15 18:00:00,9018735510,6802248729,5,up,240.5,181.393,24.05,0.5256,0
2026-03-15 18:05:00,10921295604,6487461938,32,up,291.235,172.999,29.123,3.2627,0
2026-03-15 18:10:00,10282510952,6634329609,21,up,274.2,176.915,27.42,2.1428,0
2026-03-15 18:15:00,6063965738,6781861256,3,up,161.706,180.85,16.171,0.3327,0
2026-03-15 18:20:00,8245410412,6203636275,36,up,219.878,165.43,21.988,3.6217,0
2026-03-15 18:25:00,10437433375,5885778461,26,up,278.332,156.954,27.833,2.648,0
2026-03-15 18:30:00,9545614431,5443977788,63,up,254.55,145.173,25.455,6.3625,0
2026-03-15 18:35:00,8223274558,5718351722,30,up,219.287,152.489,21.929,3.0065,0
2026-03-15 18:40:00,8662211795,5622946416,27,up,230.992,149.945,23.099,2.7302,0
2026-03-15 18:45:00,7230483802,6526804075,18,up,192.813,174.048,19.281,1.8597,0
2026-03-15 18:50:00,9275580051,6249683439,19,up,247.349,166.658,24.735,1.9884,0
2026-03-15 18:55:00,11862025941,6501665661,98,up,316.321,173.378,31.632,9.8798,0
2026-03-15 19:00:00,10280550064,5164557463,4,up,274.148,137.722,27.415,0.4769,0
2026-03-15 19:05:00,11839219126,7030859628,18,up,315.713,187.49,31.571,1.8912,0
2026-03-15 19:10:00,7257387708,5692574132,75,up,193.53,151.802,19.353,7.5951,1
2026-03-15 19:15:00,7371639982,5207988017,75,up,196.577,138.88,19.658,7.553,1
2026-03-15 19:20:00,11595838523,5683763209,10,up,309.222,151.567,30.922,1.0655,0
2026-03-15 19:25:00,9799421166,7788311514,10,up,261.318,207.688,26.132,1.0841,0
2026-03-15 19:30:00,9164369263,5720843856,8,up,244.383,152.556,24.438,0.8516,0
2026-03-15 19:35:00,10536739706,5765930540,13,up,280.98,153.758,28.098,1.3486,0
2026-03-15 19:40:00,7707399186,5861684629,49,up,205.531,156.312,20.553,4.9016,1
2026-03-15 19:45:00,8835039776,5892993323,22,up,235.601,157.146,23.56,2.2517,0
2026-03-15 19:50:00,8563234782,5437337232,8,up,228.353,144.996,22.835,0.8792,0
2026-03-15 19:55:00,9531213036,6103113419,15,up,254.166,162.75,25.417,1.5532,0
2026-03-15 20:00:00,10310436225,6774428333,3,up,274.945,180.651,27.494,0.358,0
2026-03-15 20:05:00,10272852429,6226288307,75,up,273.943,166.034,27.394,7.5001,0
2026-03-15 20:10:00,7772811449,5199960984,16,up,207.275,138.666,20.727,1.6787,0
2026-03-15 20:15:00,8067889777,5752070948,38,up,215.144,153.389,21.514,3.8822,1
2026-03-15 20:20:00,8653689454,5602900271,13,up,230.765,149.411,23.077,1.3664,0
2026-03-15 20:25:00,9076801878,6038116417,57,up,242.048,161.016,24.205,5.7922,0
2026-03-15 20:30:00,5851659691,6957925203,42,up,156.044,185.545,15.604,4.2626,1
2026-03-15 20:35:00,12410619940,5892804386,2,up,330.95,157.141,33.095,0.2535,0
2026-03-15 20:40:00,9647329504,5936528494,1,up,257.262,158.307,25.726,0.1032,0
2026-03-15 20:45:00,8417653034,7279904269,29,up,224.471,194.131,22.447,2.9819,0
2026-03-15 20:50:00,10346913993,6630868314,11,up,275.918,176.823,27.592,1.1947,0
2026-03-15 20:55:00,10240277751,6413338523,18,up,273.074,171.022,27.307,1.8756,0
2026-03-15 21:00:00,9163807098,7409854763,54,up,244.368,197.596,24.437,5.4634,0
2026-03-15 21:05:00,10320682551,6352664103,9,up,275.218,169.404,27.522,0.9125,0
2026-03-15 21:10:00,8446546544,4569700457,11,up,225.241,121.859,22.524,1.1812,0
2026-03-15 21:15:00,8820466940,6599519345,59,up,235.212,175.987,23.521,5.9728,0
2026-03-15 21:20:00,7113506263,4853753910,21,up,189.694,129.433,18.969,2.1721,0
2026-03-15 21:25:00,7885555030,6325443865,56,up,210.281,168.679,21.028,5.6266,0
2026-03-15 21:30:00,11408584656,4766104626,15,up,304.229,127.096,30.423,1.5013,0
2026-03-15 21:35:00,11221607206,5663864104,16,up,299.243,151.036,29.924,1.626,0
2026-03-15 21:40:00,9449012229,5738075138,5,up,251.974,153.015,25.197,0.5852,0
2026-03-15 21:45:00,11245797878,5445514242,79,up,299.888,145.214,29.989,7.9394,0
2026-03-15 21:50:00,9194916202,5748826562,72,up,245.198,153.302,24.52,7.267,0
2026-03-15 21:55:00,9101163409,6743444438,132,up,242.698,179.825,24.27,13.2762,0
2026-03-15 22:00:00,9438574479,5485953903,16,up,251.695,146.292,25.17,1.6477,0
2026-03-15 22:05:00,9234463205,6392501433,54,up,246.252,170.467,24.625,5.4628,0
2026-03-15 22:10:00,9132904135,5304732259,17,up,243.544,141.46,24.354,1.7154,0
2026-03-15 22:15:00,10661322870,5863560304,19,up,284.302,156.362,28.43,1.9382,0
2026-03-15 22:20:00,9543902610,6233164271,56,up,254.504,166.218,25.45,5.6703,0
2026-03-15 22:25:00,10176541984,5282499540,6,up,271.374,140.867,27.137,0.6248,0
2026-03-15 22:30:00,10535303090,5055561288,7,up,280.941,134.815,28.094,0.7964,0
2026-03-15 22:35:00,9811709020,6354152268,12,up,261.646,169.444,26.165,1.2094,0
2026-03-15 22:40:00,8283444758,6808617887,49,up,220.892,181.563,22.089,4.9664,0
2026-03-15 22:45:00,7853025874,5943073185,14,up,209.414,158.482,20.941,1.492,0
2026-03-15 22:50:00,9542378214,5670734707,14,up,254.463,151.22,25.446,1.419,0
2026-03-15 22:55:00,9182336657,6112086279,215,up,244.862,162.989,24.486,21.5653,0
2026-03-15 23:00:00,6631320750,6039945541,44,up,176.835,161.065,17.684,4.4476,1
2026-03-15 23:05:00,9356939205,6174889829,9,up,249.518,164.664,24.952,0.9111,0
2026-03-15 23:10:00,12281520367,4179663527,31,up,327.507,111.458,32.751,3.1234,0
2026-03-15 23:15:00,7878495462,5230244910,51,up,210.093,139.473,21.009,5.1804,0
2026-03-15 23:20:00,7136310446,5391434324,2,up,190.302,143.772,19.03,0.2309,0
2026-03-15 23:25:00,9748923937,6108624692,30,up,259.971,162.897,25.997,3.087,0
2026-03-15 23:30:00,8951524626,6133832076,1,up,238.707,163.569,23.871,0.1164,0
2026-03-15 23:35:00,9730576353,6458049951,23,up,259.482,172.215,25.948,2.3912,0
2026-03-15 23:40:00,10031868400,6185458859,9,up,267.516,164.946,26.752,0.9506,0
2026-03-15 23:45:00,10819617782,5063470749,11,up,288.523,135.026,28.852,1.1719,0
2026-03-15 23:50:00,7679370952,7041843324,20,up,204.783,187.782,20.478,2.0141,0
2026-03-15 23:55:00,8748692364,6915781178,83,up,233.298,184.421,23.33,8.3801,0
2026-03-16 00:00:00,9857356416,5094097951,39,up,262.863,135.843,26.286,3.9686,0
2026-03-16 00:05:00,10241771545,6239547811,88,up,273.114,166.388,27.311,8.839,0
2026-03-16 00:10:00,11842630744,5571294442,34,up,315.803,148.568,31.58,3.4519,0
2026-03-16 00:15:00,10450166967,6099982072,0,up,278.671,162.666,27.867,0.0228,0
2026-03-16 00:20:00,6517778980,6758383401,37,up,173.807,180.224,17.381,3.7183,1
2026-03-16 00:25:00,8373259777,7533675071,75,up,223.287,200.898,22.329,7.5585,0
2026-03-16 00:30:00,8740173915,6540919947,33,up,233.071,174.425,23.307,3.3001,0
2026-03-16 00:35:00,8708209324,6212353009,127,up,232.219,165.663,23.222,12.7935,0
2026-03-16 00:40:00,10112137832,5755328758,5,up,269.657,153.475,26.966,0.5426,0
2026-03-16 00:45:00,9664122126,6131137107,11,up,257.71,163.497,25.771,1.1265,0
2026-03-16 00:50:00,7885894232,6979035763,14,up,210.291,186.108,21.029,1.44,0
2026-03-16 00:55:00,6219227593,5967809695,41,up,165.846,159.142,16.585,4.1577,1
2026-03-16 01:00:00,10362240997,5361998891,9,up,276.326,142.987,27.633,0.9291,0
2026-03-16 01:05:00,9770620149,4833823296,18,up,260.55,128.902,26.055,1.8753,0
2026-03-16 01:10:00,10014725193,6369394464,32,up,267.059,169.851,26.706,3.2898,0
2026-03-16 01:15:00,9805786923,6178047450,11,up,261.488,164.748,26.149,1.1932,0
2026-03-16 01:20:00,11204734576,5534946115,2,up,298.793,147.599,29.879,0.2658,0
2026-03-16 01:25:00,9640548446,6738730170,39,up,257.081,179.699,25.708,3.945,0
2026-03-16 01:30:00,8940724352,5696320657,19,up,238.419,151.902,23.842,1.966,0
2026-03-16 01:35:00,8344775578,5903056253,26,up,222.527,157.415,22.253,2.6017,0
2026-03-16 01:40:00,9655810640,5988001824,19,up,257.488,159.68,25.749,1.9447,0
2026-03-16 01:45:00,6629207983,5747314025,70,up,176.779,153.262,17.678,7.0737,0
2026-03-16 01:50:00,9167674872,6169822847,26,up,244.471,164.529,24.447,2.618,0
2026-03-16 01:55:00,9143430157,6829090905,82,up,243.825,182.109,24.382,8.2162,0
2026-03-16 02:00:00,7839970289,5177413033,22,up,209.066,138.064,20.907,2.2865,0
2026-03-16 02:05:00,8330700931,6351734499,11,up,222.152,169.38,22.215,1.1077,0
2026-03-16 02:10:00,10285864721,6123954242,14,up,274.29,163.305,27.429,1.4054,0
2026-03-16 02:15:00,9634550717,6110709957,23,up,256.921,162.952,25.692,2.3629,0
2026-03-16 02:20:00,9489511875,6627728090,24,up,253.054,176.739,25.305,2.416,0
2026-03-16 02:25:00,9719640975,6035494146,37,up,259.19,160.947,25.919,3.7204,0
2026-03-16 02:30:00,9479206036,6345765068,8,up,252.779,169.22,25.278,0.8136,0
2026-03-16 02:35:00,10773220383,6515422533,34,up,287.286,173.745,28.729,3.4413,0
2026-03-16 02:40:00,9513857829,5636857055,48,up,253.703,150.316,25.37,4.8247,0
2026-03-16 02:45:00,7734510246,6215412091,36,up,206.254,165.744,20.625,3.6123,0
2026-03-16 02:50:00,11208896210,5819432922,21,up,298.904,155.185,29.89,2.1038,0
2026-03-16 02:55:00,9791632800,5904469118,153,up,261.11,157.453,26.111,15.3253,0
2026-03-16 03:00:00,8712089552,5768115794,16,up,232.322,153.816,23.232,1.6604,0
2026-03-16 03:05:00,5575446146,6339177890,37,up,148.679,169.045,14.868,3.775,1
2026-03-16 03:10:00,9820403498,6058784190,55,up,261.877,161.568,26.188,5.5142,0
2026-03-16 03:15:00,9243181494,6284071704,7,up,246.485,167.575,24.648,0.7632,0
2026-03-16 03:20:00,11145915134,5987387498,39,up,297.224,159.664,29.722,3.9977,0
2026-03-16 03:25:00,8985854309,4845032871,6,up,239.623,129.201,23.962,0.6311,0
2026-03-16 03:30:00,8432946611,6022585259,0,up,224.879,160.602,22.488,0.0545,0
2026-03-16 03:35:00,10382770745,6045747327,5,up,276.874,161.22,27.687,0.5572,0
2026-03-16 03:40:00,10415942129,6174669074,15,up,277.758,164.658,27.776,1.5142,0
2026-03-16 03:45:00,9564732788,5572514980,3,up,255.06,148.6,25.506,0.3608,0
2026-03-16 03:50:00,10135901678,5139261804,7,up,270.291,137.047,27.029,0.7048,0
2026-03-16 03:55:00,9332601989,6449716784,46,up,248.869,171.992,24.887,4.6291,0
2026-03-16 04:00:00,9638098238,5803003279,47,up,257.016,154.747,25.702,4.7013,0
2026-03-16 04:05:00,10685614742,6123295714,54,up,284.95,163.288,28.495,5.443,0
2026-03-16 04:10:00,7054938188,5797348742,65,up,188.132,154.596,18.813,6.5508,1
2026-03-16 04:15:00,9184566256,5995635485,17,up,244.922,159.884,24.492,1.7455,0
2026-03-16 04:20:00,10896407864,5676514549,64,up,290.571,151.374,29.057,6.469,0
2026-03-16 04:25:00,6714537705,5302979815,23,up,179.054,141.413,17.905,2.3885,0
2026-03-16 04:30:00,11683582475,6341086795,20,up,311.562,169.096,31.156,2.0352,0
2026-03-16 04:35:00,7455796018,5565753536,40,up,198.821,148.42,19.882,4.0568,0
2026-03-16 04:40:00,8669520572,6118045066,7,up,231.187,163.148,23.119,0.7698,0
2026-03-16 04:45:00,9328967772,6295531359,49,up,248.772,167.881,24.877,4.9864,0
2026-03-16 04:50:00,9210209245,5577494844,17,up,245.606,148.733,24.561,1.7958,0
2026-03-16 04:55:00,10507212420,5133202343,4,up,280.192,136.885,28.019,0.4357,0
2026-03-16 05:00:00,8184933804,7746781641,4,up,218.265,206.581,21.826,0.4066,0
2026-03-16 05:05:00,9668362669,5620004249,5,up,257.823,149.867,25.782,0.5767,0
2026-03-16 05:10:00,8724511389,6448860354,70,up,232.654,171.97,23.265,7.08,0
2026-03-16 05:15:00,9707033601,7396413755,150,up,258.854,197.238,25.885,15.0517,0
2026-03-16 05:20:00,6511491845,6568733577,77,up,173.64,175.166,17.364,7.7364,1
2026-03-16 05:25:00,9479552609,5783681177,11,up,252.788,154.231,25.279,1.1056,0
2026-03-16 05:30:00,8756334563,5951676200,7,up,233.502,158.711,23.35,0.79,0
2026-03-16 05:35:00,8801178056,5400522801,55,up,234.698,144.014,23.47,5.5559,0
2026-03-16 05:40:00,9698181578,6634821427,7,up,258.618,176.929,25.862,0.7511,0
2026-03-16 05:45:00,10436679943,6407714909,82,up,278.311,170.872,27.831,8.2503,0
2026-03-16 05:50:00,8701935749,5629613410,35,up,232.052,150.123,23.205,3.5221,0
2026-03-16 05:55:00,8397636512,5249634138,72,up,223.937,139.99,22.394,7.2777,0
2026-03-16 06:00:00,10065142686,5048711708,25,up,268.404,134.632,26.84,2.5839,0
2026-03-16 06:05:00,9338433120,6710290082,37,up,249.025,178.941,24.902,3.7548,0
2026-03-16 06:10:00,10309310400,6086668652,30,up,274.915,162.311,27.491,3.0917,0
2026-03-16 06:15:00,8355978134,6154788866,56,up,222.826,164.128,22.283,5.6928,0
2026-03-16 06:20:00,7373131208,5407476989,57,up,196.617,144.199,19.662,5.7825,0
2026-03-16 06:25:00,8775370407,4946277765,28,up,234.01,131.901,23.401,2.8515,0
2026-03-16 06:30:00,8512853314,6693081773,32,up,227.009,178.482,22.701,3.2034,0
2026-03-16 06:35:00,9286363049,6030268106,81,up,247.636,160.807,24.764,8.1583,0
2026-03-16 06:40:00,8658549133,6653208955,85,up,230.895,177.419,23.089,8.5035,0
2026-03-16 06:45:00,10208644070,5722128148,34,up,272.231,152.59,27.223,3.4924,0
2026-03-16 06:50:00,9050830954,5829491153,0,up,241.355,155.453,24.136,0.0249,0
2026-03-16 06:55:00,9544283811,6513574687,3,up,254.514,173.695,25.451,0.3529,0
2026-03-16 07:00:00,9552338878,6527290617,62,up,254.729,174.061,25.473,6.2449,0
2026-03-16 07:05:00,9594324478,6574247248,2,up,255.849,175.313,25.585,0.2833,0
2026-03-16 07:10:00,9347854750,5787455097,7,up,249.276,154.332,24.928,0.7686,0
2026-03-16 07:15:00,9949425776,6442474011,8,up,265.318,171.799,26.532,0.8386,0
2026-03-16 07:20:00,8479887974,6798551615,29,up,226.13,181.295,22.613,2.934,0
2026-03-16 07:25:00,10949345167,5924564151,27,up,291.983,157.988,29.198,2.7504,0
2026-03-16 07:30:00,9108895443,5630288378,10,up,242.904,150.141,24.29,1.0933,0
2026-03-16 07:35:00,7899507219,6966778274,7,up,210.654,185.781,21.065,0.7447,0
2026-03-16 07:40:00,6710607768,5528799071,37,up,178.95,147.435,17.895,3.7195,1
2026-03-16 07:45:00,8417421957,6453223077,87,up,224.465,172.086,22.446,8.7693,0
2026-03-16 07:50:00,10123501351,5957935936,1,up,269.96,158.878,26.996,0.1736,0
2026-03-16 07:55:00,11860806273,4674072756,4,up,316.288,124.642,31.629,0.4574,0
2026-03-16 08:00:00,8490106396,6812587728,32,up,226.403,181.669,22.64,3.2886,0
2026-03-16 08:05:00,9748918874,4014345386,52,up,259.971,107.049,25.997,5.2221,0
2026-03-16 08:10:00,7400056212,4571427791,50,up,197.335,121.905,19.733,5.0122,0
2026-03-16 08:15:00,9885643383,6379677657,40,up,263.617,170.125,26.362,4.0699,0
2026-03-16 08:20:00,8378571975,6379491263,69,up,223.429,170.12,22.343,6.9893,0
2026-03-16 08:25:00,8672061054,5540942502,7,up,231.255,147.758,23.125,0.7842,0
2026-03-16 08:30:00,8136052698,6106431905,3,up,216.961,162.838,21.696,0.3632,0
2026-03-16 08:35:00,10198670129,4177370367,30,up,271.965,111.397,27.196,3.0575,0
2026-03-16 08:40:00,10508217402,6509022334,55,up,280.219,173.574,28.022,5.5281,0
2026-03-16 08:45:00,9401308366,6179802350,27,up,250.702,164.795,25.07,2.7916,0
2026-03-16 08:50:00,8402519956,5967137145,105,up,224.067,159.124,22.407,10.5497,0
2026-03-16 08:55:00,11163213415,6015005867,50,up,297.686,160.4,29.769,5.08,0
2026-03-16 09:00:00,8530788606,6355143006,38,up,227.488,169.47,22.749,3.8612,0
2026-03-16 09:05:00,6942713662,5979190903,1,up,185.139,159.445,18.514,0.1989,0
2026-03-16 09:10:00,9890687636,4650680038,3,up,263.752,124.018,26.375,0.3648,0
2026-03-16 09:15:00,8132128492,7581359208,49,up,216.857,202.17,21.686,4.9164,0
2026-03-16 09:20:00,10487184892,6864576589,7,up,279.658,183.055,27.966,0.707,0
2026-03-16 09:25:00,8946220091,5074839843,0,up,238.566,135.329,23.857,0.0936,0
2026-03-16 09:30:00,10054177395,5751501194,77,up,268.111,153.373,26.811,7.7326,0
2026-03-16 09:35:00,10951687889,5830055383,70,up,292.045,155.468,29.205,7.0868,0
2026-03-16 09:40:00,8015033777,6776771687,7,up,213.734,180.714,21.373,0.7889,0
2026-03-16 09:45:00,8738320727,4445326366,48,up,233.022,118.542,23.302,4.8482,0
2026-03-16 09:50:00,9289870043,5640714049,1,up,247.73,150.419,24.773,0.1573,0
2026-03-16 09:55:00,11104745233,4732341760,10,up,296.127,126.196,29.613,1.0738,0
2026-03-16 10:00:00,8634319442,5794731228,31,up,230.249,154.526,23.025,3.1273,0
2026-03-16 10:05:00,8706183342,5659799356,46,up,232.165,150.928,23.216,4.6094,0
2026-03-16 10:10:00,9912908147,6057379728,0,up,264.344,161.53,26.434,0.0335,0
2026-03-16 10:15:00,6107932378,5564490432,75,up,162.878,148.386,16.288,7.5688,1
2026-03-16 10:20:00,9546591618,5459263158,7,up,254.576,145.58,25.458,0.772,0
2026-03-16 10:25:00,7629520401,6446152818,214,up,203.454,171.897,20.345,21.4696,0
2026-03-16 10:30:00,11866121185,6327364373,35,up,316.43,168.73,31.643,3.5573,0
2026-03-16 10:35:00,7858827115,6397006806,16,up,209.569,170.587,20.957,1.665,0
2026-03-16 10:40:00,9013028208,5872631934,2,up,240.347,156.604,24.035,0.2517,0
2026-03-16 10:45:00,9338458834,5588348220,29,up,249.026,149.023,24.903,2.9215,0
2026-03-16 10:50:00,11526774151,5914426212,32,up,307.381,157.718,30.738,3.2844,0
2026-03-16 10:55:00,7884548496,6360836690,54,up,210.255,169.622,21.025,5.4241,0
2026-03-16 11:00:00,11606667152,4432718615,10,up,309.511,118.206,30.951,1.0896,0
2026-03-16 11:05:00,10226823923,6283760589,127,up,272.715,167.567,27.272,12.7555,0
2026-03-16 11:10:00,9844232239,6222579494,18,up,262.513,165.935,26.251,1.8524,0
2026-03-16 11:15:00,8267287102,6044748652,11,up,220.461,161.193,22.046,1.1229,0
2026-03-16 11:20:00,10017533897,5892494336,13,up,267.134,157.133,26.713,1.3709,0
2026-03-16 11:25:00,8561077549,4152394042,23,up,228.295,110.731,22.83,2.3459,0
2026-03-16 11:30:00,10799993909,5683305650,88,up,288.0,151.555,28.8,8.8317,0
2026-03-16 11:35:00,8282555217,7288395871,42,up,220.868,194.357,22.087,4.2516,0
2026-03-16 11:40:00,9247696693,6009288932,27,up,246.605,160.248,24.661,2.7541,0
2026-03-16 11:45:00,8750317775,5778751316,5,up,233.342,154.1,23.334,0.5687,0
2026-03-16 11:50:00,8264036667,6012172460,5,up,220.374,160.325,22.037,0.5176,0
2026-03-16 11:55:00,10208984794,6255436465,22,up,272.24,166.812,27.224,2.2322,0
2026-03-16 12:00:00,9977391090,6474350576,41,up,266.064,172.649,26.606,4.1746,0
2026-03-16 12:05:00,10735136473,5835206282,44,up,286.27,155.606,28.627,4.4491,0
2026-03-16 12:10:00,7372640503,6305942113,8,up,196.604,168.158,19.66,0.8194,0
2026-03-16 12:15:00,7400534428,7207188577,67,up,197.348,192.192,19.735,6.7665,1
2026-03-16 12:20:00,12193630018,6724500575,15,up,325.163,179.32,32.516,1.5528,0
2026-03-16 12:25:00,6206832642,7685016155,73,up,165.516,204.934,16.552,7.3355,1
2026-03-16 12:30:00,11507042188,5527125341,25,up,306.854,147.39,30.685,2.5224,0
2026-03-16 12:35:00,9078943568,7206856445,12,up,242.105,192.183,24.211,1.2346,0
2026-03-16 12:40:00,7831039045,5430714979,12,up,208.828,144.819,20.883,1.2513,0
2026-03-16 12:45:00,9031163502,6254567625,4,up,240.831,166.788,24.083,0.4533,0
2026-03-16 12:50:00,10554229463,6527383101,20,up,281.446,174.064,28.145,2.0511,0
2026-03-16 12:55:00,8432051457,5632240421,50,up,224.855,150.193,22.485,5.0149,0
2026-03-16 13:00:00,8699619008,6063334279,110,up,231.99,161.689,23.199,11.0708,0
2026-03-16 13:05:00,10042731861,6655531993,22,up,267.806,177.481,26.781,2.2283,0
2026-03-16 13:10:00,9378442631,5488604953,5,up,250.092,146.363,25.009,0.5855,0
2026-03-16 13:15:00,10032700821,7201956090,36,up,267.539,192.052,26.754,3.6758,0
2026-03-16 13:20:00,9642558233,5003090430,45,up,257.135,133.416,25.713,4.5243,0
2026-03-16 13:25:00,9914578484,7396577838,2,up,264.389,197.242,26.439,0.2381,0
2026-03-16 13:30:00,8888661165,6720954817,60,up,237.031,179.225,23.703,6.0738,0
2026-03-16 13:35:00,9635697309,5935397585,56,up,256.952,158.277,25.695,5.6575,0
2026-03-16 13:40:00,8331705368,5710078887,20,up,222.179,152.269,22.218,2.047,0
2026-03-16 13:45:00,10824487825,5634939650,26,up,288.653,150.265,28.865,2.6302,0
2026-03-16 13:50:00,8661440943,5902227139,39,up,230.972,157.393,23.097,3.999,0
2026-03-16 13:55:00,7451467396,5965082979,78,up,198.706,159.069,19.871,7.8928,1
2026-03-16 14:00:00,9112192168,6903762897,0,up,242.992,184.1,24.299,0.0534,0
2026-03-16 14:05:00,9602248887,7417430952,4,up,256.06,197.798,25.606,0.4179,0
2026-03-16 14:10:00,6172715416,6143553542,72,up,164.606,163.828,16.461,7.2795,1
2026-03-16 14:15:00,8232005139,5391147488,45,up,219.52,143.764,21.952,4.5096,0
2026-03-16 14:20:00,7412144563,5607077250,18,up,197.657,149.522,19.766,1.8559,0
2026-03-16 14:25:00,8187760321,5868174635,25,up,218.34,156.485,21.834,2.5234,0
2026-03-16 14:30:00,9010602540,5258312084,47,up,240.283,140.222,24.028,4.7406,0
2026-03-16 14:35:00,9613364076,5151162190,13,up,256.356,137.364,25.636,1.3344,0
2026-03-16 14:40:00,10511676727,7509931592,44,up,280.311,200.265,28.031,4.422,0
2026-03-16 14:45:00,8873522857,6217881738,18,up,236.627,165.81,23.663,1.8686,0
2026-03-16 14:50:00,8382794140,5400144143,15,up,223.541,144.004,22.354,1.5152,0
2026-03-16 14:55:00,7751945865,6587954570,12,up,206.719,175.679,20.672,1.2961,0
2026-03-16 15:00:00,6940550099,5151590790,41,up,185.081,137.376,18.508,4.1323,1
2026-03-16 15:05:00,10931093829,5210871325,47,up,291.496,138.957,29.15,4.7305,0
2026-03-16 15:10:00,10799621551,5421809471,0,up,287.99,144.582,28.799,0.0653,0
2026-03-16 15:15:00,10173674341,7191249562,101,up,271.298,191.767,27.13,10.1,0
2026-03-16 15:20:00,10093361231,5817926352,47,up,269.156,155.145,26.916,4.7796,0
2026-03-16 15:25:00,11284826752,4241970969,5,up,300.929,113.119,30.093,0.517,0
2026-03-16 15:30:00,9748591644,6871247471,2,up,259.962,183.233,25.996,0.2541,0
2026-03-16 15:35:00,10101895885,5779405417,11,up,269.384,154.117,26.938,1.179,0
2026-03-16 15:40:00,9014118155,4668426235,31,up,240.376,124.491,24.038,3.1317,0
2026-03-16 15:45:00,7842701207,5771987888,30,up,209.139,153.92,20.914,3.0673,0
2026-03-16 15:50:00,8605669986,6375122805,10,up,229.485,170.003,22.948,1.0328,0
2026-03-16 15:55:00,9364696081,6290915399,18,up,249.725,167.758,24.973,1.888,0
2026-03-16 16:00:00,9443383544,7294858784,7,up,251.824,194.53,25.182,0.762,0
2026-03-16 16:05:00,11542071586,5386007138,1,up,307.789,143.627,30.779,0.1661,0
2026-03-16 16:10:00,9466436813,6033638486,23,up,252.438,160.897,25.244,2.3286,0
2026-03-16 16:15:00,10701198874,5496310119,13,up,285.365,146.568,28.537,1.3637,0
2026-03-16 16:20:00,8885538103,4889621116,25,up,236.948,130.39,23.695,2.505,0
2026-03-16 16:25:00,9024364628,6637579708,93,up,240.65,177.002,24.065,9.3703,0
2026-03-16 16:30:00,7879866408,6333554089,4,up,210.13,168.895,21.013,0.4952,0
2026-03-16 16:35:00,5977916689,6204248483,77,up,159.411,165.447,15.941,7.7223,1
2026-03-16 16:40:00,9967854065,6307288939,2,up,265.809,168.194,26.581,0.256,0
2026-03-16 16:45:00,9383505202,5506459546,19,up,250.227,146.839,25.023,1.9879,0
2026-03-16 16:50:00,10435805947,5275899537,39,up,278.288,140.691,27.829,3.9275,0
2026-03-16 16:55:00,9578910691,6027106107,27,up,255.438,160.723,25.544,2.7818,0
2026-03-16 17:00:00,8978489551,6836072209,21,up,239.426,182.295,23.943,2.1856,0
2026-03-16 17:05:00,11791833971,7157815537,13,up,314.449,190.875,31.445,1.3981,0
2026-03-16 17:10:00,9269358485,6572711548,11,up,247.183,175.272,24.718,1.1873,0
2026-03-16 17:15:00,10683376090,6021005587,15,up,284.89,160.56,28.489,1.5106,0
2026-03-16 17:20:00,8923639642,6194244429,30,up,237.964,165.18,23.796,3.0266,0
2026-03-16 17:25:00,10173299414,6008347578,5,up,271.288,160.223,27.129,0.5876,0
2026-03-16 17:30:00,10419017616,5261320795,47,up,277.84,140.302,27.784,4.722,0
2026-03-16 17:35:00,9609553466,6017746112,27,up,256.255,160.473,25.625,2.74,0
2026-03-16 17:40:00,6726206711,5038924691,10,up,179.366,134.371,17.937,1.0034,0
2026-03-16 17:45:00,9395534018,5910664397,22,up,250.548,157.618,25.055,2.2255,0
2026-03-16 17:50:00,10759267553,7177995679,105,up,286.914,191.413,28.691,10.5308,0
2026-03-16 17:55:00,9968415937,6592458640,0,up,265.824,175.799,26.582,0.0663,0
2026-03-16 18:00:00,9876568734,5335354187,7,up,263.375,142.276,26.338,0.7122,0
2026-03-16 18:05:00,7437460949,5947851069,19,up,198.332,158.609,19.833,1.9037,0
2026-03-16 18:10:00,8564488045,5399249055,32,up,228.386,143.98,22.839,3.2554,0
2026-03-16 18:15:00,9837777335,5954990086,7,up,262.341,158.8,26.234,0.7634,0
2026-03-16 18:20:00,9836681186,6749597627,85,up,262.311,179.989,26.231,8.5745,0
2026-03-16 18:25:00,10741500127,6470165715,32,up,286.44,172.538,28.644,3.2922,0
2026-03-16 18:30:00,9212024900,7788583738,67,up,245.654,207.696,24.565,6.7171,0
2026-03-16 18:35:00,9831552097,6858583729,12,up,262.175,182.896,26.217,1.2783,0
2026-03-16 18:40:00,9393421022,6146880274,56,up,250.491,163.917,25.049,5.6506,0
2026-03-16 18:45:00,8264689421,6487547981,15,up,220.392,173.001,22.039,1.5205,0
2026-03-16 18:50:00,6837234752,5854240914,9,up,182.326,156.113,18.233,0.9323,0
2026-03-16 18:55:00,9859885903,5188196942,77,up,262.93,138.352,26.293,7.7648,0
2026-03-16 19:00:00,9570690609,6940159136,3,up,255.218,185.071,25.522,0.3096,0
2026-03-16 19:05:00,8679553077,6726473863,91,up,231.455,179.373,23.145,9.1608,0
2026-03-16 19:10:00,7553430311,5826440965,19,up,201.425,155.372,20.142,1.963,0
2026-03-16 19:15:00,10083456953,6197233730,157,up,268.892,165.26,26.889,15.7111,0
2026-03-16 19:20:00,6353087941,6893476214,59,up,169.416,183.826,16.942,5.9015,1
2026-03-16 19:25:00,10001484062,6609373026,45,up,266.706,176.25,26.671,4.5335,0
2026-03-16 19:30:00,11472054596,4946567099,0,up,305.921,131.908,30.592,0.0227,0
2026-03-16 19:35:00,6965890259,6175406415,21,up,185.757,164.678,18.576,2.1968,0
2026-03-16 19:40:00,8587949090,5879305301,42,up,229.012,156.781,22.901,4.2794,0
2026-03-16 19:45:00,9139452435,6801360503,48,up,243.719,181.37,24.372,4.8866,0
2026-03-16 19:50:00,11011679445,6742350771,5,up,293.645,179.796,29.364,0.5505,0
2026-03-16 19:55:00,7534046603,6949397636,17,up,200.908,185.317,20.091,1.7375,0
2026-03-16 20:00:00,11552843653,5195116076,17,up,308.076,138.536,30.808,1.738,0
2026-03-16 20:05:00,9527837889,5435439695,3,up,254.076,144.945,25.408,0.3501,0
2026-03-16 20:10:00,9266999255,6802139354,18,up,247.12,181.39,24.712,1.8729,0
2026-03-16 20:15:00,9152182766,5574015012,52,up,244.058,148.64,24.406,5.2657,0
2026-03-16 20:20:00,8884204088,4904568253,11,up,236.912,130.788,23.691,1.1422,0
2026-03-16 20:25:00,10554131354,6383469471,18,up,281.444,170.226,28.144,1.8133,0
2026-03-16 20:30:00,8172914151,5606002723,103,up,217.944,149.493,21.794,10.378,0
2026-03-16 20:35:00,9763590954,7288649354,1,up,260.362,194.364,26.036,0.1031,0
2026-03-16 20:40:00,8942795626,6213252878,28,up,238.475,165.687,23.847,2.865,0
2026-03-16 20:45:00,8517599870,6115386686,43,up,227.136,163.077,22.714,4.3532,0
2026-03-16 20:50:00,12284222072,5734144398,45,up,327.579,152.911,32.758,4.5786,0
2026-03-16 20:55:00,9846432076,7145401440,40,up,262.572,190.544,26.257,4.0274,0
2026-03-16 21:00:00,10064923737,6258159211,41,up,268.398,166.884,26.84,4.1481,0
2026-03-16 21:05:00,10654998878,5705880346,1,up,284.133,152.157,28.413,0.1946,0
2026-03-16 21:10:00,7775981311,5428259731,24,up,207.36,144.754,20.736,2.4444,0
2026-03-16 21:15:00,11346328397,5947099400,48,up,302.569,158.589,30.257,4.8887,0
2026-03-16 21:20:00,6552423174,5296094277,3,up,174.731,141.229,17.473,0.3161,0
2026-03-16 21:25:00,8510137788,6740791758,0,up,226.937,179.754,22.694,0.0388,0
2026-03-16 21:30:00,8858589367,4697993721,53,up,236.229,125.28,23.623,5.3921,0
2026-03-16 21:35:00,10029438785,5899549899,39,up,267.452,157.321,26.745,3.9866,0
2026-03-16 21:40:00,9621058049,6439296152,17,up,256.562,171.715,25.656,1.7004,0
2026-03-16 21:45:00,9187333416,6246325982,90,up,244.996,166.569,24.5,9.0241,0
2026-03-16 21:50:00,9361502987,5483556259,46,up,249.64,146.228,24.964,4.656,0
2026-03-16 21:55:00,8274724098,6475386268,110,up,220.659,172.677,22.066,11.0006,0
2026-03-16 22:00:00,7690613556,5362051640,84,up,205.083,142.988,20.508,8.4785,0
2026-03-16 22:05:00,10192325575,5983883047,21,up,271.795,159.57,27.18,2.1005,0
2026-03-16 22:10:00,10155419376,6469325931,44,up,270.811,172.515,27.081,4.497,0
2026-03-16 22:15:00,11157556172,6333297201,35,up,297.535,168.888,29.753,3.5399,0
2026-03-16 22:20:00,8486230766,5513971911,53,up,226.299,147.039,22.63,5.3388,0
2026-03-16 22:25:00,10154417111,6862196051,49,up,270.784,182.992,27.078,4.959,0
2026-03-16 22:30:00,9055829930,6062420091,5,up,241.489,161.665,24.149,0.5323,0
2026-03-16 22:35:00,10714284358,6534956695,8,up,285.714,174.266,28.571,0.8519,0
2026-03-16 22:40:00,10524708123,7100952724,9,up,280.659,189.359,28.066,0.9884,0
2026-03-16 22:45:00,9612610574,6804614795,54,up,256.336,181.456,25.634,5.4608,0
2026-03-16 22:50:00,8993028573,6806493172,53,up,239.814,181.506,23.981,5.3269,0
2026-03-16 22:55:00,10456048700,6138729549,21,up,278.828,163.699,27.883,2.1884,0
2026-03-16 23:00:00,10102767588,6571633287,27,up,269.407,175.244,26.941,2.7823,0
2026-03-16 23:05:00,8605004547,6153789533,56,up,229.467,164.101,22.947,5.6128,0
2026-03-16 23:10:00,7881226492,5129286383,11,up,210.166,136.781,21.017,1.1995,0
2026-03-16 23:15:00,9050400486,6217975530,1,up,241.344,165.813,24.134,0.1647,0
2026-03-16 23:20:00,11079840542,6184579908,21,up,295.462,164.922,29.546,2.1086,0
2026-03-16 23:25:00,10664798053,6420285140,78,up,284.395,171.208,28.439,7.8404,0
2026-03-16 23:30:00,8123631596,5907842177,50,up,216.63,157.542,21.663,5.0012,0
2026-03-16 23:35:00,8061272907,5451751999,14,up,214.967,145.38,21.497,1.4614,0
2026-03-16 23:40:00,10809019330,6472684379,2,up,288.241,172.605,28.824,0.2143,0
2026-03-16 23:45:00,8097409607,5054443953,32,up,215.931,134.785,21.593,3.242,0
2026-03-16 23:50:00,9947957239,7050349777,57,up,265.279,188.009,26.528,5.7559,0
2026-03-16 23:55:00,8681919882,5833378995,34,up,231.518,155.557,23.152,3.4991,0
