timestamp,ifInOctets_bytes,ifOutOctets_bytes,ifInErrors,onuOperStatus,debit_rx_mbps,debit_tx_mbps,utilization_pct,error_rate_pct,label_anomaly
2026-02-15 00:00:00,15894085475,12537476604,7,up,423.842,334.333,42.384,0.7469,0
2026-02-15 00:05:00,14751124257,9529264753,3,up,393.363,254.114,39.336,0.345,0
2026-02-15 00:10:00,16165839368,11940635528,0,up,431.089,318.417,43.109,0.0834,0
2026-02-15 00:15:00,17741453741,10732921904,2,up,473.105,286.211,47.311,0.2808,0
2026-02-15 00:20:00,14578523925,10817765516,10,up,388.761,288.474,38.876,1.0515,0
2026-02-15 00:25:00,14578553477,8017411187,13,up,388.761,213.798,38.876,1.3159,0
2026-02-15 00:30:00,17842583067,7724329174,3,up,475.802,205.982,47.58,0.3085,0
2026-02-15 00:35:00,16381382512,10222086915,6,up,436.837,272.589,43.684,0.6541,0
2026-02-15 00:40:00,14154946105,10811101639,0,up,377.465,288.296,37.747,0.0671,0
2026-02-15 00:45:00,15976608078,9082250737,0,up,426.043,242.193,42.604,0.0847,0
2026-02-15 00:50:00,14165848152,9128246302,9,up,377.756,243.42,37.776,0.9166,0
2026-02-15 00:55:00,14161686443,11207455513,0,up,377.645,298.865,37.764,0.0436,0
2026-02-15 01:00:00,15435532088,11209196645,0,up,411.614,298.912,41.161,0.0636,0
2026-02-15 01:05:00,11556095559,10326446263,1,up,308.163,275.372,30.816,0.1637,0
2026-02-15 01:10:00,11895147901,11483054168,2,up,317.204,306.215,31.72,0.2672,0
2026-02-15 01:15:00,13987882447,9020505107,2,up,373.01,240.547,37.301,0.2778,0
2026-02-15 01:20:00,13176903983,10051522004,1,up,351.384,268.041,35.138,0.1036,0
2026-02-15 01:25:00,15565645198,12576325783,7,up,415.084,335.369,41.508,0.76,0
2026-02-15 01:30:00,13365556664,10586085883,7,up,356.415,282.296,35.641,0.7399,0
2026-02-15 01:35:00,12457853337,10659153768,1,up,332.209,284.244,33.221,0.1493,0
2026-02-15 01:40:00,17638167784,13405492698,1,up,470.351,357.48,47.035,0.1709,0
2026-02-15 01:45:00,14593602659,8736828871,3,up,389.163,232.982,38.916,0.3637,0
2026-02-15 01:50:00,15121550768,11503502261,3,up,403.241,306.76,40.324,0.3263,0
2026-02-15 01:55:00,12435453264,12596622712,1,up,331.612,335.91,33.161,0.1445,0
2026-02-15 02:00:00,14020111095,10090679012,1,up,373.87,269.085,37.387,0.1605,0
2026-02-15 02:05:00,15199660661,11583134791,1,up,405.324,308.884,40.532,0.1283,0
2026-02-15 02:10:00,12928211560,9262655433,0,up,344.752,247.004,34.475,0.0805,0
2026-02-15 02:15:00,15676256433,9634717181,1,up,418.034,256.926,41.803,0.1838,0
2026-02-15 02:20:00,13918850358,10985057684,3,up,371.169,292.935,37.117,0.3479,0
2026-02-15 02:25:00,14474951250,11506194008,4,up,385.999,306.832,38.6,0.4064,0
2026-02-15 02:30:00,13916928097,11912380005,4,up,371.118,317.663,37.112,0.4527,0
2026-02-15 02:35:00,18334100732,12477732019,1,up,488.909,332.74,48.891,0.1409,0
2026-02-15 02:40:00,14975704995,10415017336,4,up,399.352,277.734,39.935,0.434,0
2026-02-15 02:45:00,13096120327,12003950811,0,up,349.23,320.105,34.923,0.002,0
2026-02-15 02:50:00,16480580841,10068695897,1,up,439.482,268.499,43.948,0.1945,0
2026-02-15 02:55:00,12802481430,11636635052,4,up,341.4,310.31,34.14,0.4738,0
2026-02-15 03:00:00,15375954471,10761435885,2,up,410.025,286.972,41.003,0.2983,0
2026-02-15 03:05:00,11472593777,11061554162,1,up,305.936,294.975,30.594,0.1928,0
2026-02-15 03:10:00,12609265111,11033619921,3,up,336.247,294.23,33.625,0.3104,0
2026-02-15 03:15:00,15354350224,8478071687,7,up,409.449,226.082,40.945,0.7124,0
2026-02-15 03:20:00,16329239843,9083606457,2,up,435.446,242.23,43.545,0.2507,0
2026-02-15 03:25:00,15308462906,10629202214,4,up,408.226,283.445,40.823,0.4825,0
2026-02-15 03:30:00,14791833091,8374028359,11,up,394.449,223.307,39.445,1.185,0
2026-02-15 03:35:00,14458013347,11547325990,3,up,385.547,307.929,38.555,0.3668,0
2026-02-15 03:40:00,12338660417,11598160517,2,up,329.031,309.284,32.903,0.2555,0
2026-02-15 03:45:00,13704280424,10912234896,0,up,365.447,290.993,36.545,0.0115,0
2026-02-15 03:50:00,14170850212,9087371143,1,up,377.889,242.33,37.789,0.1408,0
2026-02-15 03:55:00,16902820007,12238975062,2,up,450.742,326.373,45.074,0.25,0
2026-02-15 04:00:00,15618512921,13066885406,4,up,416.494,348.45,41.649,0.4787,0
2026-02-15 04:05:00,11826527720,10685316802,1,up,315.374,284.942,31.537,0.1729,0
2026-02-15 04:10:00,15583351144,11143274576,9,up,415.556,297.154,41.556,0.9661,0
2026-02-15 04:15:00,14306851895,10754190705,0,up,381.516,286.778,38.152,0.0952,0
2026-02-15 04:20:00,13781540399,11168265178,4,up,367.508,297.82,36.751,0.4094,0
2026-02-15 04:25:00,16101017319,10349355966,1,up,429.36,275.983,42.936,0.1629,0
2026-02-15 04:30:00,16855799140,10456449057,1,up,449.488,278.839,44.949,0.1997,0
2026-02-15 04:35:00,16676304214,11641204176,4,up,444.701,310.432,44.47,0.4866,0
2026-02-15 04:40:00,13489408458,13455486443,1,up,359.718,358.813,35.972,0.1054,0
2026-02-15 04:45:00,14443417723,8735910244,0,up,385.158,232.958,38.516,0.0305,0
2026-02-15 04:50:00,15596274176,10369196269,2,up,415.901,276.512,41.59,0.2204,0
2026-02-15 04:55:00,16755981228,9012619788,2,up,446.826,240.337,44.683,0.2257,0
2026-02-15 05:00:00,14137486371,12505951372,4,up,377.0,333.492,37.7,0.4786,0
2026-02-15 05:05:00,14665813842,9759450158,10,up,391.088,260.252,39.109,1.0356,0
2026-02-15 05:10:00,13008597046,8681566999,0,up,346.896,231.508,34.69,0.0171,0
2026-02-15 05:15:00,12846828076,11304115618,2,up,342.582,301.443,34.258,0.2687,0
2026-02-15 05:20:00,16462546480,12697832004,3,up,439.001,338.609,43.9,0.343,0
2026-02-15 05:25:00,17441232051,11336133314,12,up,465.1,302.297,46.51,1.2764,0
2026-02-15 05:30:00,14870381781,10758045325,8,up,396.544,286.881,39.654,0.8573,0
2026-02-15 05:35:00,16806359216,11015517562,3,up,448.17,293.747,44.817,0.3739,0
2026-02-15 05:40:00,15650944845,12282699235,2,up,417.359,327.539,41.736,0.2213,0
2026-02-15 05:45:00,13838784441,9398508919,0,up,369.034,250.627,36.903,0.0529,0
2026-02-15 05:50:00,15650512089,10359072648,1,up,417.347,276.242,41.735,0.1454,0
2026-02-15 05:55:00,17768465819,9929610412,2,up,473.826,264.79,47.383,0.2639,0
2026-02-15 06:00:00,14935513129,9028489712,3,up,398.28,240.76,39.828,0.3875,0
2026-02-15 06:05:00,17816358580,10086247173,3,up,475.103,268.967,47.51,0.3027,0
2026-02-15 06:10:00,10284458812,11895728580,3,up,274.252,317.219,27.425,0.3757,0
2026-02-15 06:15:00,16479424507,11213918706,1,up,439.451,299.038,43.945,0.1682,0
2026-02-15 06:20:00,15156684722,11311831230,3,up,404.178,301.649,40.418,0.3902,0
2026-02-15 06:25:00,14461786769,10684559270,0,up,385.648,284.922,38.565,0.0466,0
2026-02-15 06:30:00,15165169397,11159387966,0,up,404.405,297.584,40.44,0.0532,0
2026-02-15 06:35:00,11422375953,9491256168,0,up,304.597,253.1,30.46,0.0533,0
2026-02-15 06:40:00,14604590601,10110017543,6,up,389.456,269.6,38.946,0.6646,0
2026-02-15 06:45:00,15642802628,10741925338,0,up,417.141,286.451,41.714,0.0237,0
2026-02-15 06:50:00,17660209280,10849669982,4,up,470.939,289.325,47.094,0.4851,0
2026-02-15 06:55:00,14067113607,10903436697,0,up,375.123,290.758,37.512,0.0798,0
2026-02-15 07:00:00,13544711514,10325697544,1,up,361.192,275.352,36.119,0.1896,0
2026-02-15 07:05:00,14096837321,10024446514,7,up,375.916,267.319,37.592,0.7429,0
2026-02-15 07:10:00,16647723811,14478791816,2,up,443.939,386.101,44.394,0.2645,0
2026-02-15 07:15:00,15591751997,11642551963,0,up,415.78,310.468,41.578,0.0708,0
2026-02-15 07:20:00,14046431633,11020565819,1,up,374.572,293.882,37.457,0.1003,0
2026-02-15 07:25:00,15923881379,10206157292,7,up,424.637,272.164,42.464,0.7594,0
2026-02-15 07:30:00,15174739588,9931464278,1,up,404.66,264.839,40.466,0.1671,0
2026-02-15 07:35:00,16743560982,10335191251,2,up,446.495,275.605,44.649,0.2653,0
2026-02-15 07:40:00,13736304431,10868964342,1,up,366.301,289.839,36.63,0.1848,0
2026-02-15 07:45:00,14410208136,8130651214,1,up,384.272,216.817,38.427,0.1427,0
2026-02-15 07:50:00,14294205324,8522569109,0,up,381.179,227.269,38.118,0.0758,0
2026-02-15 07:55:00,12365673093,9697528189,3,up,329.751,258.601,32.975,0.3477,0
2026-02-15 08:00:00,15533016498,10760995690,3,up,414.214,286.96,41.421,0.38,0
2026-02-15 08:05:00,15469899489,10198515834,0,up,412.531,271.96,41.253,0.0964,0
2026-02-15 08:10:00,15009204221,12362432744,4,up,400.245,329.665,40.025,0.4668,0
2026-02-15 08:15:00,14577743159,8632180048,5,up,388.74,230.191,38.874,0.5783,0
2026-02-15 08:20:00,12452332664,9553304708,7,up,332.062,254.755,33.206,0.7603,0
2026-02-15 08:25:00,14242838419,12415315593,0,up,379.809,331.075,37.981,0.0527,0
2026-02-15 08:30:00,14383113870,10665210349,1,up,383.55,284.406,38.355,0.1087,0
2026-02-15 08:35:00,13555900915,11614901654,5,up,361.491,309.731,36.149,0.5906,0
2026-02-15 08:40:00,14709685719,13084571148,0,up,392.258,348.922,39.226,0.0664,0
2026-02-15 08:45:00,15727291542,9625806433,0,up,419.394,256.688,41.939,0.001,0
2026-02-15 08:50:00,18395134622,10374863934,6,up,490.537,276.663,49.054,0.614,0
2026-02-15 08:55:00,15314240063,10156742104,1,up,408.38,270.846,40.838,0.1186,0
2026-02-15 09:00:00,15463590703,8037212814,1,up,412.362,214.326,41.236,0.1606,0
2026-02-15 09:05:00,14865997351,10108900027,1,up,396.427,269.571,39.643,0.1774,0
2026-02-15 09:10:00,11546211812,11610138356,5,up,307.899,309.604,30.79,0.5657,0
2026-02-15 09:15:00,14952275024,11181142822,1,up,398.727,298.164,39.873,0.1237,0
2026-02-15 09:20:00,15108414377,11280044793,6,up,402.891,300.801,40.289,0.6685,0
2026-02-15 09:25:00,19433835802,10026858684,2,up,518.236,267.383,51.824,0.2879,0
2026-02-15 09:30:00,14653750263,9673317482,2,up,390.767,257.955,39.077,0.2248,0
2026-02-15 09:35:00,15542785216,12099262146,1,up,414.474,322.647,41.447,0.1182,0
2026-02-15 09:40:00,14937518814,9873380395,0,up,398.334,263.29,39.833,0.0838,0
2026-02-15 09:45:00,12896379532,10870543368,2,up,343.903,289.881,34.39,0.2935,0
2026-02-15 09:50:00,17057081066,10705801697,1,up,454.855,285.488,45.486,0.1777,0
2026-02-15 09:55:00,16353479458,12341763440,7,up,436.093,329.114,43.609,0.7241,0
2026-02-15 10:00:00,16423857504,11723979570,2,up,437.97,312.639,43.797,0.203,0
2026-02-15 10:05:00,13363102581,8867974137,2,up,356.349,236.479,35.635,0.2151,0
2026-02-15 10:10:00,17525029759,9003683009,1,up,467.334,240.098,46.733,0.1617,0
2026-02-15 10:15:00,12476668086,11229426370,4,up,332.711,299.451,33.271,0.4671,0
2026-02-15 10:20:00,16056342768,10418934564,1,up,428.169,277.838,42.817,0.1659,0
2026-02-15 10:25:00,18942820126,9926483552,0,up,505.142,264.706,50.514,0.0941,0
2026-02-15 10:30:00,13217034614,11779691133,5,up,352.454,314.125,35.245,0.5942,0
2026-02-15 10:35:00,13980664086,10736198821,2,up,372.818,286.299,37.282,0.2725,0
2026-02-15 10:40:00,15179372457,10566096307,2,up,404.783,281.763,40.478,0.2686,0
2026-02-15 10:45:00,14093743822,11482584087,2,up,375.833,306.202,37.583,0.2831,0
2026-02-15 10:50:00,12208805824,10027362666,3,up,325.568,267.396,32.557,0.3806,0
2026-02-15 10:55:00,15123413354,12476333921,1,up,403.291,332.702,40.329,0.1127,0
2026-02-15 11:00:00,13087853315,9507059994,0,up,349.009,253.522,34.901,0.0103,0
2026-02-15 11:05:00,15852466375,11327730623,4,up,422.732,302.073,42.273,0.4992,0
2026-02-15 11:10:00,13345036378,12306629376,0,up,355.868,328.177,35.587,0.0414,0
2026-02-15 11:15:00,17789881929,8764607683,3,up,474.397,233.723,47.44,0.3838,0
2026-02-15 11:20:00,13590144073,10067397678,0,up,362.404,268.464,36.24,0.0258,0
2026-02-15 11:25:00,14420289270,11939181315,1,up,384.541,318.378,38.454,0.1411,0
2026-02-15 11:30:00,16464330991,11958128130,0,up,439.049,318.883,43.905,0.0195,0
2026-02-15 11:35:00,12784444230,10283915543,2,up,340.919,274.238,34.092,0.2216,0
2026-02-15 11:40:00,15409427882,9574314421,3,up,410.918,255.315,41.092,0.3176,0
2026-02-15 11:45:00,17352856957,11704479136,0,up,462.743,312.119,46.274,0.0564,0
2026-02-15 11:50:00,12106530177,11991271869,1,up,322.841,319.767,32.284,0.1394,0
2026-02-15 11:55:00,15332340945,9032524180,7,up,408.862,240.867,40.886,0.7988,0
2026-02-15 12:00:00,15467789029,8983068802,1,up,412.474,239.549,41.247,0.1752,0
2026-02-15 12:05:00,16407281169,10783823419,4,up,437.527,287.569,43.753,0.4867,0
2026-02-15 12:10:00,12773488720,11292994398,7,up,340.626,301.147,34.063,0.7859,0
2026-02-15 12:15:00,12623178096,10123172952,10,up,336.618,269.951,33.662,1.0989,0
2026-02-15 12:20:00,15939494818,11355910213,6,up,425.053,302.824,42.505,0.6858,0
2026-02-15 12:25:00,15534572411,9605227875,1,up,414.255,256.139,41.426,0.1146,0
2026-02-15 12:30:00,15450887130,7835486065,9,up,412.024,208.946,41.202,0.9856,0
2026-02-15 12:35:00,15623606777,9965884648,5,up,416.63,265.757,41.663,0.502,0
2026-02-15 12:40:00,13775955501,10579672504,5,up,367.359,282.125,36.736,0.5445,0
2026-02-15 12:45:00,15418056654,10152441650,0,up,411.148,270.732,41.115,0.0046,0
2026-02-15 12:50:00,15527530451,9040159887,9,up,414.067,241.071,41.407,0.9253,0
2026-02-15 12:55:00,13714167447,8212282290,4,up,365.711,218.994,36.571,0.4516,0
2026-02-15 13:00:00,18358394120,9852248106,4,up,489.557,262.727,48.956,0.4383,0
2026-02-15 13:05:00,15852899257,11631046272,0,up,422.744,310.161,42.274,0.0255,0
2026-02-15 13:10:00,12855653705,12082808773,0,up,342.817,322.208,34.282,0.0794,0
2026-02-15 13:15:00,16181796495,11996518864,9,up,431.515,319.907,43.151,0.9831,0
2026-02-15 13:20:00,13245572993,9471953985,2,up,353.215,252.585,35.322,0.2084,0
2026-02-15 13:25:00,16416752286,9046330032,1,up,437.78,241.235,43.778,0.1522,0
2026-02-15 13:30:00,17085472042,11125759614,5,up,455.613,296.687,45.561,0.5497,0
2026-02-15 13:35:00,13522771826,11300226014,0,up,360.607,301.339,36.061,0.0274,0
2026-02-15 13:40:00,16734077032,11004213702,1,up,446.242,293.446,44.624,0.1618,0
2026-02-15 13:45:00,15743005668,7962280274,1,up,419.813,212.327,41.981,0.1413,0
2026-02-15 13:50:00,16479708287,9407725423,1,up,439.459,250.873,43.946,0.1292,0
2026-02-15 13:55:00,18414227368,10462592124,1,up,491.046,279.002,49.105,0.1103,0
2026-02-15 14:00:00,14558301391,11113894925,0,up,388.221,296.371,38.822,0.0707,0
2026-02-15 14:05:00,13643274904,11466807276,0,up,363.821,305.782,36.382,0.057,0
2026-02-15 14:10:00,13398874026,10681759438,3,up,357.303,284.847,35.73,0.3068,0
2026-02-15 14:15:00,13531541487,10916787596,7,up,360.841,291.114,36.084,0.7555,0
2026-02-15 14:20:00,14861216923,10606930477,2,up,396.299,282.851,39.63,0.2133,0
2026-02-15 14:25:00,15614073554,11363880411,1,up,416.375,303.037,41.638,0.1061,0
2026-02-15 14:30:00,15498043438,10894210720,0,up,413.281,290.512,41.328,0.052,0
2026-02-15 14:35:00,16488929848,10582829451,5,up,439.705,282.209,43.97,0.5318,0
2026-02-15 14:40:00,15023403405,10161855313,10,up,400.624,270.983,40.062,1.0673,0
2026-02-15 14:45:00,17616361338,10602427195,1,up,469.77,282.731,46.977,0.1288,0
2026-02-15 14:50:00,14523617700,11110585137,1,up,387.296,296.282,38.73,0.1031,0
2026-02-15 14:55:00,19896304499,10837018990,2,up,530.568,288.987,53.057,0.276,0
2026-02-15 15:00:00,16126201225,10979841287,4,up,430.032,292.796,43.003,0.4479,0
2026-02-15 15:05:00,13457116398,12191829545,1,up,358.856,325.115,35.886,0.1823,0
2026-02-15 15:10:00,13072393503,10834106542,2,up,348.597,288.91,34.86,0.2983,0
2026-02-15 15:15:00,15868450347,9682261864,3,up,423.159,258.194,42.316,0.3782,0
2026-02-15 15:20:00,14597766986,11613344550,9,up,389.274,309.689,38.927,0.9701,0
2026-02-15 15:25:00,16285200889,8778590094,0,up,434.272,234.096,43.427,0.0541,0
2026-02-15 15:30:00,15851827724,9137419140,17,up,422.715,243.665,42.272,1.7837,0
2026-02-15 15:35:00,14868907957,10923167553,1,up,396.504,291.284,39.65,0.1494,0
2026-02-15 15:40:00,13475771307,11150659801,3,up,359.354,297.351,35.935,0.3853,0
2026-02-15 15:45:00,12273274995,8931235458,2,up,327.287,238.166,32.729,0.2549,0
2026-02-15 15:50:00,14196273086,10017649973,2,up,378.567,267.137,37.857,0.2001,0
2026-02-15 15:55:00,16541517829,9736334371,3,up,441.107,259.636,44.111,0.3593,0
2026-02-15 16:00:00,15385368739,9886787833,1,up,410.276,263.648,41.028,0.1511,0
2026-02-15 16:05:00,12757670198,11688933198,0,up,340.205,311.705,34.02,0.0404,0
2026-02-15 16:10:00,15311725666,11390196884,2,up,408.313,303.739,40.831,0.2014,0
2026-02-15 16:15:00,15693571283,10475906053,2,up,418.495,279.357,41.85,0.2214,0
2026-02-15 16:20:00,13409056614,9812087971,0,up,357.575,261.656,35.757,0.0677,0
2026-02-15 16:25:00,15276705190,8799441415,8,up,407.379,234.652,40.738,0.8229,0
2026-02-15 16:30:00,15104775693,12289433022,0,up,402.794,327.718,40.279,0.0774,0
2026-02-15 16:35:00,12942653463,11246063514,1,up,345.137,299.895,34.514,0.1579,0
2026-02-15 16:40:00,15644017248,9609596928,0,up,417.174,256.256,41.717,0.0505,0
2026-02-15 16:45:00,16009412147,11406695367,2,up,426.918,304.179,42.692,0.2302,0
2026-02-15 16:50:00,16949492237,10411518238,1,up,451.986,277.64,45.199,0.1103,0
2026-02-15 16:55:00,16896843693,10138242023,2,up,450.582,270.353,45.058,0.2016,0
2026-02-15 17:00:00,12520195137,11048366525,0,up,333.872,294.623,33.387,0.0763,0
2026-02-15 17:05:00,13311914928,9565712205,0,up,354.984,255.086,35.498,0.0166,0
2026-02-15 17:10:00,15927063480,10066866785,4,up,424.722,268.45,42.472,0.4532,0
2026-02-15 17:15:00,15924814711,10653040940,3,up,424.662,284.081,42.466,0.3074,0
2026-02-15 17:20:00,15927085835,9870691496,1,up,424.722,263.218,42.472,0.125,0
2026-02-15 17:25:00,21934916683,11343047364,0,up,584.931,302.481,58.493,0.0146,0
2026-02-15 17:30:00,16027602919,12855023794,6,up,427.403,342.801,42.74,0.602,0
2026-02-15 17:35:00,17044018152,9549584352,0,up,454.507,254.656,45.451,0.0558,0
2026-02-15 17:40:00,16717203174,8401942126,8,up,445.792,224.052,44.579,0.801,0
2026-02-15 17:45:00,16172504252,7977807388,1,up,431.267,212.742,43.127,0.1954,0
2026-02-15 17:50:00,14432515359,10310410141,1,up,384.867,274.944,38.487,0.1248,0
2026-02-15 17:55:00,16366144596,9664412616,4,up,436.431,257.718,43.643,0.4062,0
2026-02-15 18:00:00,13608914613,10761904231,6,up,362.904,286.984,36.29,0.6283,0
2026-02-15 18:05:00,14573726507,10667073066,1,up,388.633,284.455,38.863,0.139,0
2026-02-15 18:10:00,14126345613,8479946773,1,up,376.703,226.132,37.67,0.1569,0
2026-02-15 18:15:00,15147373450,8213246374,1,up,403.93,219.02,40.393,0.1703,0
2026-02-15 18:20:00,19166385420,10872875882,7,up,511.104,289.943,51.11,0.7666,0
2026-02-15 18:25:00,11638922653,10670640331,3,up,310.371,284.55,31.037,0.3538,0
2026-02-15 18:30:00,16235268342,9963469322,0,up,432.94,265.693,43.294,0.0854,0
2026-02-15 18:35:00,12097111431,8411999082,0,up,322.59,224.32,32.259,0.0614,0
2026-02-15 18:40:00,14150522641,11093952991,0,up,377.347,295.839,37.735,0.0786,0
2026-02-15 18:45:00,16960111074,12102593427,0,up,452.27,322.736,45.227,0.0918,0
2026-02-15 18:50:00,15115704034,10850257874,0,up,403.085,289.34,40.309,0.0785,0
2026-02-15 18:55:00,13060059399,9432182897,3,up,348.268,251.525,34.827,0.3223,0
2026-02-15 19:00:00,13712453323,10556135728,0,up,365.665,281.497,36.567,0.037,0
2026-02-15 19:05:00,16223275948,8778696258,1,up,432.621,234.099,43.262,0.147,0
2026-02-15 19:10:00,13685340062,11833030499,2,up,364.942,315.547,36.494,0.2943,0
2026-02-15 19:15:00,15389625461,10603123861,1,up,410.39,282.75,41.039,0.1031,0
2026-02-15 19:20:00,15082029311,8272122291,0,up,402.187,220.59,40.219,0.0203,0
2026-02-15 19:25:00,13827119374,10121150305,0,up,368.723,269.897,36.872,0.0256,0
2026-02-15 19:30:00,18859099360,11083759902,0,up,502.909,295.567,50.291,0.0404,0
2026-02-15 19:35:00,16141054240,10080359997,5,up,430.428,268.81,43.043,0.5421,0
2026-02-15 19:40:00,11354743344,10152371390,3,up,302.793,270.73,30.279,0.3218,0
2026-02-15 19:45:00,15335617766,8957253219,0,up,408.95,238.86,40.895,0.02,0
2026-02-15 19:50:00,13808784363,11213841643,1,up,368.234,299.036,36.823,0.1488,0
2026-02-15 19:55:00,16534380002,9682928807,0,up,440.917,258.211,44.092,0.098,0
2026-02-15 20:00:00,13573462670,7782878824,2,up,361.959,207.543,36.196,0.2589,0
2026-02-15 20:05:00,14793474405,10032215712,2,up,394.493,267.526,39.449,0.2219,0
2026-02-15 20:10:00,15908977102,11736248641,1,up,424.239,312.967,42.424,0.1968,0
2026-02-15 20:15:00,16558359349,10012468897,1,up,441.556,266.999,44.156,0.1133,0
2026-02-15 20:20:00,12839466467,12689861081,0,up,342.386,338.396,34.239,0.0445,0
2026-02-15 20:25:00,14397897775,11040499615,4,up,383.944,294.413,38.394,0.4069,0
2026-02-15 20:30:00,14145098439,10926835284,6,up,377.203,291.382,37.72,0.6357,0
2026-02-15 20:35:00,13824007381,10338218184,8,up,368.64,275.686,36.864,0.8655,0
2026-02-15 20:40:00,18177817632,10413959378,0,up,484.742,277.706,48.474,0.0181,0
2026-02-15 20:45:00,15728967079,10168086219,4,up,419.439,271.149,41.944,0.404,0
2026-02-15 20:50:00,12730408882,10119140565,3,up,339.478,269.844,33.948,0.3889,0
2026-02-15 20:55:00,16652151504,11168892624,8,up,444.057,297.837,44.406,0.8819,0
2026-02-15 21:00:00,18819881154,9320852650,0,up,501.863,248.556,50.186,0.0875,0
2026-02-15 21:05:00,16858437468,9144373775,4,up,449.558,243.85,44.956,0.4066,0
2026-02-15 21:10:00,12265134061,9084774235,0,up,327.07,242.261,32.707,0.0169,0
2026-02-15 21:15:00,14128378668,13077524730,2,up,376.757,348.734,37.676,0.2993,0
2026-02-15 21:20:00,17280440068,11168232056,1,up,460.812,297.82,46.081,0.1296,0
2026-02-15 21:25:00,13726194961,10883660174,4,up,366.032,290.231,36.603,0.4395,0
2026-02-15 21:30:00,15798874970,9167531515,5,up,421.303,244.468,42.13,0.597,0
2026-02-15 21:35:00,16394341296,11285411298,1,up,437.182,300.944,43.718,0.1362,0
2026-02-15 21:40:00,13331525151,10353120103,2,up,355.507,276.083,35.551,0.2237,0
2026-02-15 21:45:00,14892854359,10769852865,0,up,397.143,287.196,39.714,0.0375,0
2026-02-15 21:50:00,9165718787,9269458402,1,up,244.419,247.186,24.442,0.1618,0
2026-02-15 21:55:00,13156102245,10701938760,1,up,350.829,285.385,35.083,0.1343,0
2026-02-15 22:00:00,14545377327,9965969741,0,up,387.877,265.759,38.788,0.0607,0
2026-02-15 22:05:00,12753990272,9535329942,6,up,340.106,254.275,34.011,0.6747,0
2026-02-15 22:10:00,17938340347,11424973983,0,up,478.356,304.666,47.836,0.0481,0
2026-02-15 22:15:00,12425745519,8562488161,3,up,331.353,228.333,33.135,0.303,0
2026-02-15 22:20:00,14207919923,11211618093,6,up,378.878,298.976,37.888,0.6626,0
2026-02-15 22:25:00,15235333039,11362452528,7,up,406.276,302.999,40.628,0.729,0
2026-02-15 22:30:00,17594291920,9391648968,4,up,469.181,250.444,46.918,0.4729,0
2026-02-15 22:35:00,12415448127,9466386138,0,up,331.079,252.437,33.108,0.0581,0
2026-02-15 22:40:00,17093694753,10218987641,5,up,455.832,272.506,45.583,0.5102,0
2026-02-15 22:45:00,15018419509,10855365625,0,up,400.491,289.476,40.049,0.0971,0
2026-02-15 22:50:00,13233284428,10307402710,7,up,352.888,274.864,35.289,0.7668,0
2026-02-15 22:55:00,15831786253,11046288699,3,up,422.181,294.568,42.218,0.3704,0
2026-02-15 23:00:00,15358307452,12721354362,4,up,409.555,339.236,40.955,0.4615,0
2026-02-15 23:05:00,13919609621,9860276870,0,up,371.19,262.941,37.119,0.0267,0
2026-02-15 23:10:00,15125643752,8338873236,2,up,403.351,222.37,40.335,0.2622,0
2026-02-15 23:15:00,14306435525,11540663714,5,up,381.505,307.751,38.15,0.5163,0
2026-02-15 23:20:00,15204331221,12620976365,5,up,405.449,336.559,40.545,0.5933,0
2026-02-15 23:25:00,16191835214,10994888137,0,up,431.782,293.197,43.178,0.0087,0
2026-02-15 23:30:00,17854830269,9129436669,8,up,476.129,243.452,47.613,0.8398,0
2026-02-15 23:35:00,12771932102,10343895622,0,up,340.585,275.837,34.058,0.0133,0
2026-02-15 23:40:00,18839460074,9090660409,2,up,502.386,242.418,50.239,0.286,0
2026-02-15 23:45:00,11486241960,11309997922,3,up,306.3,301.6,30.63,0.3547,0
2026-02-15 23:50:00,14726786828,8797374092,0,up,392.714,234.597,39.271,0.0341,0
2026-02-15 23:55:00,16058970971,10121837728,0,up,428.239,269.916,42.824,0.0148,0
2026-02-16 00:00:00,15505785361,9234534338,4,up,413.488,246.254,41.349,0.461,0
2026-02-16 00:05:00,13879140864,10659799103,1,up,370.11,284.261,37.011,0.1457,0
2026-02-16 00:10:00,14625379949,10038409486,0,up,390.01,267.691,39.001,0.034,0
2026-02-16 00:15:00,14112598317,10722720250,4,up,376.336,285.939,37.634,0.4315,0
2026-02-16 00:20:00,13939143437,10528161699,5,up,371.71,280.751,37.171,0.5675,0
2026-02-16 00:25:00,16529283774,9256809625,2,up,440.781,246.848,44.078,0.2656,0
2026-02-16 00:30:00,15642627874,11289865100,0,up,417.137,301.063,41.714,0.0527,0
2026-02-16 00:35:00,13752762728,10438555278,0,up,366.74,278.361,36.674,0.0046,0
2026-02-16 00:40:00,16619279775,9254453450,3,up,443.181,246.785,44.318,0.362,0
2026-02-16 00:45:00,15553139137,13323567460,2,up,414.75,355.295,41.475,0.2396,0
2026-02-16 00:50:00,16463151813,11100302010,3,up,439.017,296.008,43.902,0.3156,0
2026-02-16 00:55:00,16133331915,10306891702,5,up,430.222,274.85,43.022,0.5033,0
2026-02-16 01:00:00,13507808980,12283157703,1,up,360.208,327.551,36.021,0.1709,0
2026-02-16 01:05:00,13991674127,12820687667,0,up,373.111,341.885,37.311,0.0399,0
2026-02-16 01:10:00,16345128489,10316859727,8,up,435.87,275.116,43.587,0.8439,0
2026-02-16 01:15:00,16098666477,10937720832,2,up,429.298,291.673,42.93,0.2364,0
2026-02-16 01:20:00,14962377130,9255116449,2,up,398.997,246.803,39.9,0.2866,0
2026-02-16 01:25:00,15211189289,10314537134,8,up,405.632,275.054,40.563,0.8128,0
2026-02-16 01:30:00,17299796812,10249181182,8,up,461.328,273.311,46.133,0.8046,0
2026-02-16 01:35:00,13935171500,10732882062,2,up,371.605,286.21,37.16,0.2547,0
2026-02-16 01:40:00,15984775286,10919278203,1,up,426.261,291.181,42.626,0.106,0
2026-02-16 01:45:00,14636053225,11205383845,17,up,390.295,298.81,39.029,1.7543,0
2026-02-16 01:50:00,14608173834,10799429746,3,up,389.551,287.985,38.955,0.3426,0
2026-02-16 01:55:00,16977798333,8974464290,1,up,452.741,239.319,45.274,0.1575,0
2026-02-16 02:00:00,16485749428,9317531446,2,up,439.62,248.468,43.962,0.2462,0
2026-02-16 02:05:00,16464317344,9811526399,1,up,439.048,261.641,43.905,0.1613,0
2026-02-16 02:10:00,17349861852,10144376854,6,up,462.663,270.517,46.266,0.6576,0
2026-02-16 02:15:00,15037806914,11823975605,1,up,401.008,315.306,40.101,0.1976,0
2026-02-16 02:20:00,16227515348,9034696876,5,up,432.734,240.925,43.273,0.5204,0
2026-02-16 02:25:00,14441519838,10049657039,5,up,385.107,267.991,38.511,0.5501,0
2026-02-16 02:30:00,15583499434,11700791967,5,up,415.56,312.021,41.556,0.5217,0
2026-02-16 02:35:00,14765742502,10122154382,3,up,393.753,269.924,39.375,0.3842,0
2026-02-16 02:40:00,15174592736,11080123718,5,up,404.656,295.47,40.466,0.5791,0
2026-02-16 02:45:00,16071282645,10324177025,1,up,428.568,275.311,42.857,0.1469,0
2026-02-16 02:50:00,13527202770,10823546904,0,up,360.725,288.628,36.073,0.0365,0
2026-02-16 02:55:00,18766297096,10212124594,5,up,500.435,272.323,50.043,0.5544,0
2026-02-16 03:00:00,13189168713,11340502495,2,up,351.711,302.413,35.171,0.2068,0
2026-02-16 03:05:00,12814460496,8553228926,0,up,341.719,228.086,34.172,0.0409,0
2026-02-16 03:10:00,17084599572,10042226869,0,up,455.589,267.793,45.559,0.0368,0
2026-02-16 03:15:00,16424992849,10873681572,0,up,438.0,289.965,43.8,0.052,0
2026-02-16 03:20:00,16123415670,11172456012,4,up,429.958,297.932,42.996,0.4171,0
2026-02-16 03:25:00,16131021916,12381120304,3,up,430.161,330.163,43.016,0.3722,0
2026-02-16 03:30:00,14977955808,10007308919,0,up,399.412,266.862,39.941,0.0684,0
2026-02-16 03:35:00,13384942131,12364147019,5,up,356.932,329.711,35.693,0.563,0
2026-02-16 03:40:00,15136448204,9669629978,0,up,403.639,257.857,40.364,0.0991,0
2026-02-16 03:45:00,13781108919,12174094478,4,up,367.496,324.643,36.75,0.4725,0
2026-02-16 03:50:00,16755215520,11530008579,2,up,446.806,307.467,44.681,0.2013,0
2026-02-16 03:55:00,14735296713,9349042189,3,up,392.941,249.308,39.294,0.3945,0
2026-02-16 04:00:00,13514105045,10886869438,1,up,360.376,290.317,36.038,0.1441,0
2026-02-16 04:05:00,14421505485,10435442847,1,up,384.573,278.278,38.457,0.1279,0
2026-02-16 04:10:00,15743276617,11288236588,5,up,419.821,301.02,41.982,0.5523,0
2026-02-16 04:15:00,13985295804,10218677798,0,up,372.941,272.498,37.294,0.0108,0
2026-02-16 04:20:00,13520003287,10112869755,11,up,360.533,269.677,36.053,1.1035,0
2026-02-16 04:25:00,15438636980,12225059174,3,up,411.697,326.002,41.17,0.3134,0
2026-02-16 04:30:00,15440939827,10375611672,1,up,411.758,276.683,41.176,0.1699,0
2026-02-16 04:35:00,14087502284,11541292128,2,up,375.667,307.768,37.567,0.2967,0
2026-02-16 04:40:00,14152131049,10216057128,0,up,377.39,272.428,37.739,0.0393,0
2026-02-16 04:45:00,15417689887,12599995706,2,up,411.138,336.0,41.114,0.2165,0
2026-02-16 04:50:00,12393448185,9645298367,12,up,330.492,257.208,33.049,1.2618,0
2026-02-16 04:55:00,12466565206,9726179150,0,up,332.442,259.365,33.244,0.0805,0
2026-02-16 05:00:00,13706800401,12420891648,3,up,365.515,331.224,36.551,0.3843,0
2026-02-16 05:05:00,14615795126,9939367547,1,up,389.755,265.05,38.975,0.1713,0
2026-02-16 05:10:00,15559633618,12517353625,3,up,414.924,333.796,41.492,0.3171,0
2026-02-16 05:15:00,17655641190,11623719130,0,up,470.817,309.966,47.082,0.0688,0
2026-02-16 05:20:00,16543787321,10305141369,1,up,441.168,274.804,44.117,0.1907,0
2026-02-16 05:25:00,14712110646,8215250225,11,up,392.323,219.073,39.232,1.175,0
2026-02-16 05:30:00,14965770825,10475658936,0,up,399.087,279.351,39.909,0.0652,0
2026-02-16 05:35:00,13195447143,10628053867,3,up,351.879,283.415,35.188,0.3035,0
2026-02-16 05:40:00,14966676355,11970694343,2,up,399.111,319.219,39.911,0.2571,0
2026-02-16 05:45:00,14480414449,12501443442,2,up,386.144,333.372,38.614,0.2498,0
2026-02-16 05:50:00,15580893408,9636916154,2,up,415.49,256.984,41.549,0.2864,0
2026-02-16 05:55:00,13510984301,11509489022,2,up,360.293,306.92,36.029,0.2093,0
2026-02-16 06:00:00,15934823725,11464406716,0,up,424.929,305.718,42.493,0.0051,0
2026-02-16 06:05:00,17758930043,11852500005,6,up,473.571,316.067,47.357,0.6911,0
2026-02-16 06:10:00,14804231732,11128349289,5,up,394.78,296.756,39.478,0.5263,0
2026-02-16 06:15:00,15723081099,8052452909,0,up,419.282,214.732,41.928,0.0574,0
2026-02-16 06:20:00,16242259185,10304167735,1,up,433.127,274.778,43.313,0.16,0
2026-02-16 06:25:00,14277803150,9043808455,4,up,380.741,241.168,38.074,0.4416,0
2026-02-16 06:30:00,15403366467,10244716726,11,up,410.756,273.192,41.076,1.1745,0
2026-02-16 06:35:00,15022666321,11734805337,9,up,400.604,312.928,40.06,0.9056,0
2026-02-16 06:40:00,15175816977,10884490053,6,up,404.688,290.253,40.469,0.6889,0
2026-02-16 06:45:00,13608582389,11946594491,0,up,362.896,318.576,36.29,0.0517,0
2026-02-16 06:50:00,15044118313,10930609940,7,up,401.176,291.483,40.118,0.7377,0
2026-02-16 06:55:00,15896396924,8864109316,6,up,423.904,236.376,42.39,0.6322,0
2026-02-16 07:00:00,17612058494,7323732771,1,up,469.655,195.3,46.965,0.1419,0
2026-02-16 07:05:00,16726687486,10687499039,1,up,446.045,285.0,44.604,0.1505,0
2026-02-16 07:10:00,18875728423,10230452652,1,up,503.353,272.812,50.335,0.1848,0
2026-02-16 07:15:00,13618774386,9269048368,3,up,363.167,247.175,36.317,0.3203,0
2026-02-16 07:20:00,16570177146,8357209665,0,up,441.871,222.859,44.187,0.0907,0
2026-02-16 07:25:00,15330015610,9574223551,0,up,408.8,255.313,40.88,0.007,0
2026-02-16 07:30:00,18941645279,10254940729,0,up,505.111,273.465,50.511,0.0457,0
2026-02-16 07:35:00,13545063086,11339006057,1,up,361.202,302.373,36.12,0.174,0
2026-02-16 07:40:00,13488500684,10737675162,0,up,359.693,286.338,35.969,0.0994,0
2026-02-16 07:45:00,13921093238,12526164731,4,up,371.229,334.031,37.123,0.4338,0
2026-02-16 07:50:00,11176987696,9195138889,0,up,298.053,245.204,29.805,0.0338,0
2026-02-16 07:55:00,14053640960,11610134203,7,up,374.764,309.604,37.476,0.7484,0
2026-02-16 08:00:00,13633561209,10559596416,6,up,363.562,281.589,36.356,0.6771,0
2026-02-16 08:05:00,15270708815,11375283096,7,up,407.219,303.341,40.722,0.7183,0
2026-02-16 08:10:00,15615160756,9949991272,4,up,416.404,265.333,41.64,0.4037,0
2026-02-16 08:15:00,18377107510,11850317271,0,up,490.056,316.008,49.006,0.034,0
2026-02-16 08:20:00,16710762908,10871983195,1,up,445.62,289.92,44.562,0.1729,0
2026-02-16 08:25:00,13961573419,9643899319,0,up,372.309,257.171,37.231,0.0423,0
2026-02-16 08:30:00,13382853591,10484849723,13,up,356.876,279.596,35.688,1.3194,0
2026-02-16 08:35:00,15885454508,10198159617,1,up,423.612,271.951,42.361,0.1215,0
2026-02-16 08:40:00,12623580227,11116364721,2,up,336.629,296.436,33.663,0.2641,0
2026-02-16 08:45:00,18296625778,9013481295,4,up,487.91,240.36,48.791,0.4534,0
2026-02-16 08:50:00,17122992217,10463016855,7,up,456.613,279.014,45.661,0.76,0
2026-02-16 08:55:00,14155483826,10998087138,4,up,377.48,293.282,37.748,0.4226,0
2026-02-16 09:00:00,11916357847,10541609367,3,up,317.77,281.11,31.777,0.3367,0
2026-02-16 09:05:00,17436970273,12197145967,1,up,464.986,325.257,46.499,0.1882,0
2026-02-16 09:10:00,14793828278,11475268695,2,up,394.502,306.007,39.45,0.279,0
2026-02-16 09:15:00,17228069361,10490574196,0,up,459.415,279.749,45.942,0.0297,0
2026-02-16 09:20:00,12130030214,10773028262,6,up,323.467,287.281,32.347,0.646,0
2026-02-16 09:25:00,13921124958,10872538594,2,up,371.23,289.934,37.123,0.2354,0
2026-02-16 09:30:00,15009438659,11008157501,0,up,400.252,293.551,40.025,0.0123,0
2026-02-16 09:35:00,15084565068,8199670925,7,up,402.255,218.658,40.226,0.7574,0
2026-02-16 09:40:00,14189882151,10120076867,2,up,378.397,269.869,37.84,0.2016,0
2026-02-16 09:45:00,16121129878,8629606774,6,up,429.897,230.123,42.99,0.6088,0
2026-02-16 09:50:00,13078283227,12110633993,5,up,348.754,322.95,34.875,0.5832,0
2026-02-16 09:55:00,14743716926,10423329604,5,up,393.166,277.955,39.317,0.5074,0
2026-02-16 10:00:00,15216532137,10256390403,0,up,405.774,273.504,40.577,0.019,0
2026-02-16 10:05:00,15925989901,11629964638,0,up,424.693,310.132,42.469,0.0851,0
2026-02-16 10:10:00,16280906780,11032129244,6,up,434.158,294.19,43.416,0.6252,0
2026-02-16 10:15:00,12975644234,9077920511,6,up,346.017,242.078,34.602,0.6878,0
2026-02-16 10:20:00,12238594492,10410659243,1,up,326.363,277.618,32.636,0.1838,0
2026-02-16 10:25:00,17299818279,10077689613,1,up,461.328,268.738,46.133,0.174,0
2026-02-16 10:30:00,15598165221,8301888560,0,up,415.951,221.384,41.595,0.0578,0
2026-02-16 10:35:00,13652724234,9630251946,10,up,364.073,256.807,36.407,1.0365,0
2026-02-16 10:40:00,17792073555,10268739194,0,up,474.455,273.833,47.446,0.0719,0
2026-02-16 10:45:00,15208214341,10355161826,0,up,405.552,276.138,40.555,0.0636,0
2026-02-16 10:50:00,17122734931,8632388406,3,up,456.606,230.197,45.661,0.3243,0
2026-02-16 10:55:00,15121533266,11951098634,0,up,403.241,318.696,40.324,0.0835,0
2026-02-16 11:00:00,18709346264,10371350145,8,up,498.916,276.569,49.892,0.8379,0
2026-02-16 11:05:00,18159613516,10547316876,0,up,484.256,281.262,48.426,0.0033,0
2026-02-16 11:10:00,14551864532,11004808464,0,up,388.05,293.462,38.805,0.0017,0
2026-02-16 11:15:00,16748827711,9507023920,2,up,446.635,253.521,44.664,0.2109,0
2026-02-16 11:20:00,16161676709,11075008526,2,up,430.978,295.334,43.098,0.2009,0
2026-02-16 11:25:00,17463536803,10037485946,0,up,465.694,267.666,46.569,0.0535,0
2026-02-16 11:30:00,13263137770,9370302218,2,up,353.684,249.875,35.368,0.2047,0
2026-02-16 11:35:00,16234892627,11222543841,1,up,432.93,299.268,43.293,0.1591,0
2026-02-16 11:40:00,16905164076,12379509062,6,up,450.804,330.12,45.08,0.6631,0
2026-02-16 11:45:00,11834268924,11413285010,0,up,315.581,304.354,31.558,0.0028,0
2026-02-16 11:50:00,12870134677,11662951732,11,up,343.204,311.012,34.32,1.1223,0
2026-02-16 11:55:00,11329382080,9844005435,2,up,302.117,262.507,30.212,0.2938,0
2026-02-16 12:00:00,14515067697,8486999141,0,up,387.068,226.32,38.707,0.0494,0
2026-02-16 12:05:00,16291576060,12377573277,0,up,434.442,330.069,43.444,0.0144,0
2026-02-16 12:10:00,17704242693,13088688760,2,up,472.113,349.032,47.211,0.2317,0
2026-02-16 12:15:00,15133370604,12443936534,0,up,403.557,331.838,40.356,0.0803,0
2026-02-16 12:20:00,17931507982,10076909716,1,up,478.174,268.718,47.817,0.1075,0
2026-02-16 12:25:00,12515817375,9045160733,0,up,333.755,241.204,33.376,0.0844,0
2026-02-16 12:30:00,11933911609,9157239800,3,up,318.238,244.193,31.824,0.3151,0
2026-02-16 12:35:00,14900014141,8378496964,2,up,397.334,223.427,39.733,0.2419,0
2026-02-16 12:40:00,15691317808,10364702940,0,up,418.435,276.392,41.844,0.0244,0
2026-02-16 12:45:00,14941149453,12523154227,2,up,398.431,333.951,39.843,0.2243,0
2026-02-16 12:50:00,11278604219,10321505083,4,up,300.763,275.24,30.076,0.4699,0
2026-02-16 12:55:00,14839583928,10880926854,0,up,395.722,290.158,39.572,0.0254,0
2026-02-16 13:00:00,12651954899,12233252175,6,up,337.385,326.22,33.739,0.6615,0
2026-02-16 13:05:00,16205410587,9990839907,2,up,432.144,266.422,43.214,0.259,0
2026-02-16 13:10:00,15659876842,13064769635,9,up,417.597,348.394,41.76,0.9025,0
2026-02-16 13:15:00,13308216384,13010038953,0,up,354.886,346.934,35.489,0.0481,0
2026-02-16 13:20:00,14075039548,10334799713,15,up,375.334,275.595,37.533,1.5138,0
2026-02-16 13:25:00,13093415660,9772306827,3,up,349.158,260.595,34.916,0.3101,0
2026-02-16 13:30:00,14887177624,11378519938,2,up,396.991,303.427,39.699,0.2514,0
2026-02-16 13:35:00,16719256176,10062118572,2,up,445.847,268.323,44.585,0.2173,0
2026-02-16 13:40:00,13225693116,9042740426,0,up,352.685,241.14,35.269,0.0072,0
2026-02-16 13:45:00,15907283727,12114360703,8,up,424.194,323.05,42.419,0.8422,0
2026-02-16 13:50:00,14045536286,12032723707,3,up,374.548,320.873,37.455,0.3098,0
2026-02-16 13:55:00,13572828901,10695944620,0,up,361.942,285.225,36.194,0.0288,0
2026-02-16 14:00:00,14807345352,8908790410,0,up,394.863,237.568,39.486,0.0064,0
2026-02-16 14:05:00,13136563819,8950796923,0,up,350.308,238.688,35.031,0.0156,0
2026-02-16 14:10:00,14003431250,10635108903,2,up,373.425,283.603,37.342,0.282,0
2026-02-16 14:15:00,12843819793,9870162496,2,up,342.502,263.204,34.25,0.2856,0
2026-02-16 14:20:00,18536505239,10070222905,2,up,494.307,268.539,49.431,0.2077,0
2026-02-16 14:25:00,15063474393,11787673575,1,up,401.693,314.338,40.169,0.1099,0
2026-02-16 14:30:00,13740494085,11423805939,2,up,366.413,304.635,36.641,0.2276,0
2026-02-16 14:35:00,15385163839,12236459777,2,up,410.271,326.306,41.027,0.2179,0
2026-02-16 14:40:00,14797809510,9251814738,0,up,394.608,246.715,39.461,0.0059,0
2026-02-16 14:45:00,14602254720,10067578623,0,up,389.393,268.469,38.939,0.0996,0
2026-02-16 14:50:00,16105500060,11456316936,0,up,429.48,305.502,42.948,0.0164,0
2026-02-16 14:55:00,16363513878,11064578709,6,up,436.36,295.055,43.636,0.6912,0
2026-02-16 15:00:00,14045097934,12430799282,3,up,374.536,331.488,37.454,0.3875,0
2026-02-16 15:05:00,13963527166,11029876249,16,up,372.361,294.13,37.236,1.6652,0
2026-02-16 15:10:00,14504906945,12828617471,1,up,386.798,342.096,38.68,0.1079,0
2026-02-16 15:15:00,10856541903,11180422430,6,up,289.508,298.145,28.951,0.6323,0
2026-02-16 15:20:00,12272656088,11838330983,2,up,327.271,315.689,32.727,0.2772,0
2026-02-16 15:25:00,17460373681,10092371167,1,up,465.61,269.13,46.561,0.1811,0
2026-02-16 15:30:00,17960941884,10518001886,0,up,478.958,280.48,47.896,0.0755,0
2026-02-16 15:35:00,14551735128,11647789948,4,up,388.046,310.608,38.805,0.4023,0
2026-02-16 15:40:00,16037802533,12532352494,7,up,427.675,334.196,42.767,0.7035,0
2026-02-16 15:45:00,15560250278,11418838556,0,up,414.94,304.502,41.494,0.0805,0
2026-02-16 15:50:00,20541985455,10395203567,0,up,547.786,277.205,54.779,0.0579,0
2026-02-16 15:55:00,17015234840,12235442137,3,up,453.74,326.278,45.374,0.3574,0
2026-02-16 16:00:00,14769748335,7738106893,11,up,393.86,206.35,39.386,1.1313,0
2026-02-16 16:05:00,13280027206,8707984528,4,up,354.134,232.213,35.413,0.4158,0
2026-02-16 16:10:00,12108396623,11358859121,1,up,322.891,302.903,32.289,0.1005,0
2026-02-16 16:15:00,15366234544,10517776528,1,up,409.766,280.474,40.977,0.1634,0
2026-02-16 16:20:00,13638568658,11262947200,1,up,363.695,300.345,36.37,0.1455,0
2026-02-16 16:25:00,12439943322,10581153478,5,up,331.732,282.164,33.173,0.5734,0
2026-02-16 16:30:00,13836168808,11219391575,4,up,368.965,299.184,36.896,0.4427,0
2026-02-16 16:35:00,13053213593,9473852445,2,up,348.086,252.636,34.809,0.2667,0
2026-02-16 16:40:00,18036854943,11218812468,0,up,480.983,299.168,48.098,0.0965,0
2026-02-16 16:45:00,16586951562,11752962305,8,up,442.319,313.412,44.232,0.8341,0
2026-02-16 16:50:00,14985649245,12037893760,3,up,399.617,321.011,39.962,0.3178,0
2026-02-16 16:55:00,17663899450,13037078411,10,up,471.037,347.655,47.104,1.0568,0
2026-02-16 17:00:00,15139262953,10807564038,2,up,403.714,288.202,40.371,0.2603,0
2026-02-16 17:05:00,13449688437,10845127969,5,up,358.658,289.203,35.866,0.5164,0
2026-02-16 17:10:00,17741623339,8580802695,5,up,473.11,228.821,47.311,0.5032,0
2026-02-16 17:15:00,15970038078,9830421634,1,up,425.868,262.145,42.587,0.1234,0
2026-02-16 17:20:00,13132956922,10256716586,9,up,350.212,273.512,35.021,0.9974,0
2026-02-16 17:25:00,14657390379,11823402635,0,up,390.864,315.291,39.086,0.0067,0
2026-02-16 17:30:00,13423887143,9730138583,4,up,357.97,259.47,35.797,0.4392,0
2026-02-16 17:35:00,12510960484,11503388424,10,up,333.626,306.757,33.363,1.0105,0
2026-02-16 17:40:00,16667119585,10497956636,1,up,444.457,279.946,44.446,0.1242,0
2026-02-16 17:45:00,18436949952,10276768174,3,up,491.652,274.047,49.165,0.3133,0
2026-02-16 17:50:00,12482578367,10813606401,2,up,332.869,288.363,33.287,0.2478,0
2026-02-16 17:55:00,16013344626,10007142970,4,up,427.023,266.857,42.702,0.43,0
2026-02-16 18:00:00,13828843375,9959413067,6,up,368.769,265.584,36.877,0.6034,0
2026-02-16 18:05:00,14123174309,8351969758,2,up,376.618,222.719,37.662,0.2772,0
2026-02-16 18:10:00,13933690936,10187577698,5,up,371.565,271.669,37.157,0.5077,0
2026-02-16 18:15:00,13444816614,9895240135,1,up,358.528,263.873,35.853,0.1123,0
2026-02-16 18:20:00,15087338930,9849863953,0,up,402.329,262.663,40.233,0.0779,0
2026-02-16 18:25:00,13504289790,11025260058,1,up,360.114,294.007,36.011,0.169,0
2026-02-16 18:30:00,15486822286,11329876260,3,up,412.982,302.13,41.298,0.3397,0
2026-02-16 18:35:00,14909571402,10792565075,0,up,397.589,287.802,39.759,0.0622,0
2026-02-16 18:40:00,14569893515,11754223139,3,up,388.53,313.446,38.853,0.3422,0
2026-02-16 18:45:00,13366385408,11225208026,1,up,356.437,299.339,35.644,0.1503,0
2026-02-16 18:50:00,13961811604,10128229200,4,up,372.315,270.086,37.231,0.4763,0
2026-02-16 18:55:00,16359704206,9916801079,0,up,436.259,264.448,43.626,0.0113,0
2026-02-16 19:00:00,15901650937,10894156018,3,up,424.044,290.511,42.404,0.3308,0
2026-02-16 19:05:00,13240400559,11222946558,3,up,353.077,299.279,35.308,0.3148,0
2026-02-16 19:10:00,15178798149,12261283826,8,up,404.768,326.968,40.477,0.8487,0
2026-02-16 19:15:00,16352496822,12000878036,3,up,436.067,320.023,43.607,0.3749,0
2026-02-16 19:20:00,11995070493,9817744011,4,up,319.869,261.807,31.987,0.4773,0
2026-02-16 19:25:00,15978048346,10371472087,7,up,426.081,276.573,42.608,0.7049,0
2026-02-16 19:30:00,13807277233,11345482434,3,up,368.194,302.546,36.819,0.3372,0
2026-02-16 19:35:00,16027077603,11845677200,1,up,427.389,315.885,42.739,0.1028,0
2026-02-16 19:40:00,13626133518,11683101530,6,up,363.364,311.549,36.336,0.6115,0
2026-02-16 19:45:00,11751212218,10419513930,4,up,313.366,277.854,31.337,0.413,0
2026-02-16 19:50:00,12070423611,8919931457,1,up,321.878,237.865,32.188,0.1657,0
2026-02-16 19:55:00,15086552903,9241340165,3,up,402.308,246.436,40.231,0.3719,0
2026-02-16 20:00:00,15467500503,10843518228,6,up,412.467,289.16,41.247,0.6068,0
2026-02-16 20:05:00,13372230074,10931204230,11,up,356.593,291.499,35.659,1.1146,0
2026-02-16 20:10:00,16149466425,9115663989,9,up,430.652,243.084,43.065,0.9132,0
2026-02-16 20:15:00,12009263887,10556157709,1,up,320.247,281.498,32.025,0.1181,0
2026-02-16 20:20:00,14881056362,11295342689,1,up,396.828,301.209,39.683,0.1643,0
2026-02-16 20:25:00,12820170840,9049454411,0,up,341.871,241.319,34.187,0.0348,0
2026-02-16 20:30:00,13826695005,11892296474,0,up,368.712,317.128,36.871,0.0853,0
2026-02-16 20:35:00,15085317608,10024310752,6,up,402.275,267.315,40.228,0.6422,0
2026-02-16 20:40:00,13451255942,12084592521,1,up,358.7,322.256,35.87,0.1343,0
2026-02-16 20:45:00,14307800020,9827849918,2,up,381.541,262.076,38.154,0.2907,0
2026-02-16 20:50:00,16811327056,9206451891,3,up,448.302,245.505,44.83,0.329,0
2026-02-16 20:55:00,13961594634,9922747392,4,up,372.309,264.607,37.231,0.4567,0
2026-02-16 21:00:00,16504245801,10380113364,0,up,440.113,276.803,44.011,0.0606,0
2026-02-16 21:05:00,12966527661,10010515317,1,up,345.774,266.947,34.577,0.1091,0
2026-02-16 21:10:00,15953647520,10227838208,1,up,425.431,272.742,42.543,0.1784,0
2026-02-16 21:15:00,17594823517,10920796088,1,up,469.195,291.221,46.92,0.1362,0
2026-02-16 21:20:00,10551039899,10284313994,12,up,281.361,274.248,28.136,1.2207,0
2026-02-16 21:25:00,13565588540,10416698383,5,up,361.749,277.779,36.175,0.5404,0
2026-02-16 21:30:00,16038729828,8346374737,1,up,427.699,222.57,42.77,0.196,0
2026-02-16 21:35:00,14634518305,10993539500,6,up,390.254,293.161,39.025,0.6343,0
2026-02-16 21:40:00,15668062572,10387603844,1,up,417.815,277.003,41.782,0.1282,0
2026-02-16 21:45:00,13912826663,12528969155,4,up,371.009,334.106,37.101,0.4623,0
2026-02-16 21:50:00,15155861617,9316147889,0,up,404.156,248.431,40.416,0.076,0
2026-02-16 21:55:00,14719780976,8221547886,4,up,392.527,219.241,39.253,0.4439,0
2026-02-16 22:00:00,17102007710,11278766302,1,up,456.054,300.767,45.605,0.1829,0
2026-02-16 22:05:00,15457957517,10936624043,0,up,412.212,291.643,41.221,0.0341,0
2026-02-16 22:10:00,15607684791,9229374394,0,up,416.205,246.117,41.62,0.0958,0
2026-02-16 22:15:00,14258621460,8572516316,1,up,380.23,228.6,38.023,0.1544,0
2026-02-16 22:20:00,14122308796,12437119880,4,up,376.595,331.657,37.659,0.415,0
2026-02-16 22:25:00,14221395261,12281779092,0,up,379.237,327.514,37.924,0.0227,0
2026-02-16 22:30:00,15710013856,7365804484,3,up,418.934,196.421,41.893,0.3232,0
2026-02-16 22:35:00,14242227934,9922638983,3,up,379.793,264.604,37.979,0.3776,0
2026-02-16 22:40:00,15521594742,12596881989,3,up,413.909,335.917,41.391,0.3183,0
2026-02-16 22:45:00,18735721437,9900161177,4,up,499.619,264.004,49.962,0.429,0
2026-02-16 22:50:00,16568024466,9881828585,0,up,441.814,263.515,44.181,0.0589,0
2026-02-16 22:55:00,14413157642,10143723247,2,up,384.351,270.499,38.435,0.2654,0
2026-02-16 23:00:00,17162185059,9087669813,8,up,457.658,242.338,45.766,0.8498,0
2026-02-16 23:05:00,14265464328,8351982562,2,up,380.412,222.72,38.041,0.2831,0
2026-02-16 23:10:00,11331375836,11826209611,2,up,302.17,315.366,30.217,0.2835,0
2026-02-16 23:15:00,13185444640,8177899498,4,up,351.612,218.077,35.161,0.4,0
2026-02-16 23:20:00,11632574542,10811562029,1,up,310.202,288.308,31.02,0.1216,0
2026-02-16 23:25:00,14367275728,11617090160,3,up,383.127,309.789,38.313,0.3617,0
2026-02-16 23:30:00,15033153082,8671454863,7,up,400.884,231.239,40.088,0.7439,0
2026-02-16 23:35:00,18017587162,9335421812,0,up,480.469,248.945,48.047,0.0033,0
2026-02-16 23:40:00,15588469272,12028605777,6,up,415.693,320.763,41.569,0.6123,0
2026-02-16 23:45:00,14605619048,11171443567,0,up,389.483,297.905,38.948,0.074,0
2026-02-16 23:50:00,16492930046,9722220009,1,up,439.811,259.259,43.981,0.1826,0
2026-02-16 23:55:00,11019956443,12014833744,5,up,293.866,320.396,29.387,0.5739,0
2026-02-17 00:00:00,15424106204,12020235011,5,up,411.309,320.54,41.131,0.521,0
2026-02-17 00:05:00,16387557348,10839006393,6,up,437.002,289.04,43.7,0.6675,0
2026-02-17 00:10:00,12338544757,9365798112,8,up,329.028,249.755,32.903,0.8461,0
2026-02-17 00:15:00,17058757277,9979054633,1,up,454.9,266.108,45.49,0.1778,0
2026-02-17 00:20:00,15609293533,10860847297,3,up,416.248,289.623,41.625,0.3205,0
2026-02-17 00:25:00,14252481754,10262370515,1,up,380.066,273.663,38.007,0.1485,0
2026-02-17 00:30:00,16139007358,11683086044,1,up,430.374,311.549,43.037,0.1296,0
2026-02-17 00:35:00,19087247144,8572484659,1,up,508.993,228.6,50.899,0.1695,0
2026-02-17 00:40:00,15327359259,8617227953,4,up,408.73,229.793,40.873,0.4077,0
2026-02-17 00:45:00,15446797055,10727897600,2,up,411.915,286.077,41.191,0.2088,0
2026-02-17 00:50:00,14173150380,9880654038,5,up,377.951,263.484,37.795,0.5047,0
2026-02-17 00:55:00,13470280134,9709918745,4,up,359.207,258.931,35.921,0.4102,0
2026-02-17 01:00:00,16494604469,8272248533,0,up,439.856,220.593,43.986,0.0062,0
2026-02-17 01:05:00,13459049113,10524627764,2,up,358.908,280.657,35.891,0.2985,0
2026-02-17 01:10:00,15128819226,10433528563,1,up,403.435,278.227,40.344,0.1721,0
2026-02-17 01:15:00,14140216595,11323383517,1,up,377.072,301.957,37.707,0.183,0
2026-02-17 01:20:00,15862163686,10586821727,5,up,422.991,282.315,42.299,0.5117,0
2026-02-17 01:25:00,15600591789,10332918861,2,up,416.016,275.545,41.602,0.238,0
2026-02-17 01:30:00,16867571899,11983020802,6,up,449.802,319.547,44.98,0.6505,0
2026-02-17 01:35:00,14081970482,8846291197,3,up,375.519,235.901,37.552,0.3743,0
2026-02-17 01:40:00,14514225116,11175850415,2,up,387.046,298.023,38.705,0.2415,0
2026-02-17 01:45:00,13238225311,8394354572,4,up,353.019,223.849,35.302,0.4214,0
2026-02-17 01:50:00,14200272131,9443664031,0,up,378.674,251.831,37.867,0.0117,0
2026-02-17 01:55:00,15679140887,8972052012,0,up,418.11,239.255,41.811,0.0082,0
2026-02-17 02:00:00,16362579509,11485247594,0,up,436.335,306.273,43.634,0.0261,0
2026-02-17 02:05:00,13340102416,10417583105,1,up,355.736,277.802,35.574,0.1726,0
2026-02-17 02:10:00,16565290656,10482985911,0,up,441.741,279.546,44.174,0.0805,0
2026-02-17 02:15:00,17440148145,9105516435,12,up,465.071,242.814,46.507,1.2455,0
2026-02-17 02:20:00,15744182825,10122386195,2,up,419.845,269.93,41.984,0.2345,0
2026-02-17 02:25:00,18378232462,9538033717,3,up,490.086,254.348,49.009,0.3258,0
2026-02-17 02:30:00,13607179441,10983153318,0,up,362.858,292.884,36.286,0.0981,0
2026-02-17 02:35:00,12759621534,9251225169,1,up,340.257,246.699,34.026,0.1165,0
2026-02-17 02:40:00,11798303551,12175540900,1,up,314.621,324.681,31.462,0.1226,0
2026-02-17 02:45:00,17692879760,8388768633,3,up,471.81,223.7,47.181,0.3599,0
2026-02-17 02:50:00,16177858181,9483785011,1,up,431.41,252.901,43.141,0.1926,0
2026-02-17 02:55:00,14899947592,12613272642,2,up,397.332,336.354,39.733,0.2187,0
2026-02-17 03:00:00,15503943527,9951725177,2,up,413.438,265.379,41.344,0.2689,0
2026-02-17 03:05:00,12974119714,8843252882,4,up,345.977,235.82,34.598,0.4394,0
2026-02-17 03:10:00,19402353563,10776030168,0,up,517.396,287.361,51.74,0.0284,0
2026-02-17 03:15:00,15232598127,9901005774,4,up,406.203,264.027,40.62,0.45,0
2026-02-17 03:20:00,15196910630,9446803477,2,up,405.251,251.915,40.525,0.2485,0
2026-02-17 03:25:00,16306379923,9119202778,3,up,434.837,243.179,43.484,0.3318,0
2026-02-17 03:30:00,15865816617,13988150743,1,up,423.088,373.017,42.309,0.119,0
2026-02-17 03:35:00,15402991243,10183044605,1,up,410.746,271.548,41.075,0.158,0
2026-02-17 03:40:00,13577145980,8073785125,0,up,362.057,215.301,36.206,0.0789,0
2026-02-17 03:45:00,15848643042,12382074296,11,up,422.63,330.189,42.263,1.1633,0
2026-02-17 03:50:00,18387644093,11269949340,2,up,490.337,300.532,49.034,0.2062,0
2026-02-17 03:55:00,17421756083,9534252296,16,up,464.58,254.247,46.458,1.6623,0
2026-02-17 04:00:00,17867735927,9324269948,2,up,476.473,248.647,47.647,0.2019,0
2026-02-17 04:05:00,14079811782,11348575723,0,up,375.462,302.629,37.546,0.0744,0
2026-02-17 04:10:00,13218711323,10188882907,2,up,352.499,271.704,35.25,0.2124,0
2026-02-17 04:15:00,14773583543,8073267948,0,up,393.962,215.287,39.396,0.0121,0
2026-02-17 04:20:00,15100304842,12751922355,7,up,402.675,340.051,40.267,0.7054,0
2026-02-17 04:25:00,16969544733,9953172017,5,up,452.521,265.418,45.252,0.512,0
2026-02-17 04:30:00,11953563666,12384420387,3,up,318.762,330.251,31.876,0.3882,0
2026-02-17 04:35:00,17753190575,12110828047,2,up,473.418,322.955,47.342,0.2823,0
2026-02-17 04:40:00,14715585782,9238727973,2,up,392.416,246.366,39.242,0.2601,0
2026-02-17 04:45:00,14231614074,11801819229,17,up,379.51,314.715,37.951,1.7167,0
2026-02-17 04:50:00,13178212124,9679182387,0,up,351.419,258.112,35.142,0.0977,0
2026-02-17 04:55:00,12021257990,8147957260,4,up,320.567,217.279,32.057,0.4538,0
2026-02-17 05:00:00,16481707051,9965006310,2,up,439.512,265.734,43.951,0.2613,0
2026-02-17 05:05:00,15131972340,11001023252,11,up,403.519,293.361,40.352,1.1174,0
2026-02-17 05:10:00,12678070380,9916951823,5,up,338.082,264.452,33.808,0.5277,0
2026-02-17 05:15:00,12668858210,10113119090,19,up,337.836,269.683,33.784,1.9558,0
2026-02-17 05:20:00,14395587541,11940893216,2,up,383.882,318.424,38.388,0.2663,0
2026-02-17 05:25:00,18004238745,10634182415,0,up,480.113,283.578,48.011,0.0687,0
2026-02-17 05:30:00,14532735567,9437444127,2,up,387.54,251.665,38.754,0.2102,0
2026-02-17 05:35:00,12294342684,11384558207,3,up,327.849,303.588,32.785,0.3725,0
2026-02-17 05:40:00,14557662484,10749071214,4,up,388.204,286.642,38.82,0.4466,0
2026-02-17 05:45:00,14509097574,7322777950,0,up,386.909,195.274,38.691,0.0002,0
2026-02-17 05:50:00,10145604042,11039724671,2,up,270.549,294.393,27.055,0.211,0
2026-02-17 05:55:00,14902269240,10993704171,0,up,397.394,293.165,39.739,0.0805,0
2026-02-17 06:00:00,14584317845,10525352623,6,up,388.915,280.676,38.892,0.6236,0
2026-02-17 06:05:00,16253171456,11623542732,0,up,433.418,309.961,43.342,0.0498,0
2026-02-17 06:10:00,18328120970,9652784083,3,up,488.75,257.408,48.875,0.3294,0
2026-02-17 06:15:00,17027817053,10923989733,0,up,454.075,291.306,45.408,0.0928,0
2026-02-17 06:20:00,14516000357,8525631192,1,up,387.093,227.35,38.709,0.1323,0
2026-02-17 06:25:00,13008253364,11012933883,8,up,346.887,293.678,34.689,0.8468,0
2026-02-17 06:30:00,19632047645,12960855216,0,up,523.521,345.623,52.352,0.0825,0
2026-02-17 06:35:00,15106593181,9246480995,0,up,402.842,246.573,40.284,0.0299,0
2026-02-17 06:40:00,15025072725,9542649313,0,up,400.669,254.471,40.067,0.0215,0
2026-02-17 06:45:00,14956574843,9605380541,2,up,398.842,256.143,39.884,0.2107,0
2026-02-17 06:50:00,15356552569,10663797764,3,up,409.508,284.368,40.951,0.3079,0
2026-02-17 06:55:00,14740151258,9160574296,1,up,393.071,244.282,39.307,0.1189,0
2026-02-17 07:00:00,13967408387,11030771697,3,up,372.464,294.154,37.246,0.3516,0
2026-02-17 07:05:00,14015653905,11567018331,0,up,373.751,308.454,37.375,0.0189,0
2026-02-17 07:10:00,14941044113,11173277488,5,up,398.428,297.954,39.843,0.5842,0
2026-02-17 07:15:00,14021835411,8271796563,5,up,373.916,220.581,37.392,0.5088,0
2026-02-17 07:20:00,13716877591,11753911258,12,up,365.783,313.438,36.578,1.27,0
2026-02-17 07:25:00,15191574409,11681082941,8,up,405.109,311.496,40.511,0.827,0
2026-02-17 07:30:00,14541041008,11546003329,1,up,387.761,307.893,38.776,0.1321,0
2026-02-17 07:35:00,17707187379,10969781233,1,up,472.192,292.527,47.219,0.1529,0
2026-02-17 07:40:00,10228254344,10777438535,4,up,272.753,287.398,27.275,0.4111,0
2026-02-17 07:45:00,16964712333,11800810641,0,up,452.392,314.688,45.239,0.0432,0
2026-02-17 07:50:00,17242953346,12923626994,1,up,459.812,344.63,45.981,0.1131,0
2026-02-17 07:55:00,11267897581,9299169016,0,up,300.477,247.978,30.048,0.0379,0
2026-02-17 08:00:00,14383162330,11858437998,1,up,383.551,316.225,38.355,0.182,0
2026-02-17 08:05:00,14331406441,10391366456,2,up,382.171,277.103,38.217,0.2409,0
2026-02-17 08:10:00,12466478949,10336611954,0,up,332.439,275.643,33.244,0.0712,0
2026-02-17 08:15:00,13599929962,8563971330,0,up,362.665,228.373,36.266,0.0081,0
2026-02-17 08:20:00,13000963478,10141165344,3,up,346.692,270.431,34.669,0.3812,0
2026-02-17 08:25:00,18154086798,9243446152,0,up,484.109,246.492,48.411,0.0061,0
2026-02-17 08:30:00,16684221107,9915543418,10,up,444.913,264.414,44.491,1.0881,0
2026-02-17 08:35:00,17288799170,9116285156,0,up,461.035,243.101,46.103,0.0752,0
2026-02-17 08:40:00,16299009715,9934375431,3,up,434.64,264.917,43.464,0.3271,0
2026-02-17 08:45:00,12967706811,9988300950,1,up,345.806,266.355,34.581,0.1711,0
2026-02-17 08:50:00,14055863520,10621911197,0,up,374.823,283.251,37.482,0.0185,0
2026-02-17 08:55:00,15880874210,8465415173,1,up,423.49,225.744,42.349,0.1917,0
2026-02-17 09:00:00,12800169943,8678647133,2,up,341.338,231.431,34.134,0.2182,0
2026-02-17 09:05:00,16283397174,10956011981,5,up,434.224,292.16,43.422,0.5787,0
2026-02-17 09:10:00,14567414283,9495227972,3,up,388.464,253.206,38.846,0.3954,0
2026-02-17 09:15:00,14325322546,11853907535,0,up,382.009,316.104,38.201,0.0248,0
2026-02-17 09:20:00,16279727942,10783839849,0,up,434.126,287.569,43.413,0.0704,0
2026-02-17 09:25:00,15799673960,11264520309,1,up,421.325,300.387,42.132,0.1121,0
2026-02-17 09:30:00,14350260901,12277472323,0,up,382.674,327.399,38.267,0.0371,0
2026-02-17 09:35:00,17086793646,10109764377,1,up,455.648,269.594,45.565,0.1831,0
2026-02-17 09:40:00,13054086010,9776146751,12,up,348.109,260.697,34.811,1.2464,0
2026-02-17 09:45:00,16108684092,11598345257,2,up,429.565,309.289,42.956,0.2168,0
2026-02-17 09:50:00,16067582264,11141987090,4,up,428.469,297.12,42.847,0.4063,0
2026-02-17 09:55:00,14442816409,10263963809,3,up,385.142,273.706,38.514,0.3446,0
2026-02-17 10:00:00,15587039440,12253237038,5,up,415.654,326.753,41.565,0.569,0
2026-02-17 10:05:00,12747995562,10232572169,0,up,339.947,272.869,33.995,0.0729,0
2026-02-17 10:10:00,16663248634,10541294783,4,up,444.353,281.101,44.435,0.4205,0
2026-02-17 10:15:00,14667176154,10526740540,6,up,391.125,280.713,39.112,0.6395,0
2026-02-17 10:20:00,14059098563,9322411692,0,up,374.909,248.598,37.491,0.0564,0
2026-02-17 10:25:00,16888216606,10597757590,1,up,450.352,282.607,45.035,0.1278,0
2026-02-17 10:30:00,13732181357,12259917823,10,up,366.192,326.931,36.619,1.053,0
2026-02-17 10:35:00,12464769666,11060660077,4,up,332.394,294.951,33.239,0.4553,0
2026-02-17 10:40:00,12198067487,10539139917,0,up,325.282,281.044,32.528,0.0996,0
2026-02-17 10:45:00,16090817912,10296173225,2,up,429.088,274.565,42.909,0.249,0
2026-02-17 10:50:00,12695227165,10916892455,1,up,338.539,291.117,33.854,0.1554,0
2026-02-17 10:55:00,18158629527,11444705951,2,up,484.23,305.192,48.423,0.202,0
2026-02-17 11:00:00,11252527065,11267640926,1,up,300.067,300.47,30.007,0.1316,0
2026-02-17 11:05:00,18053621462,10081850274,0,up,481.43,268.849,48.143,0.0983,0
2026-02-17 11:10:00,15379831440,10909224808,3,up,410.129,290.913,41.013,0.337,0
2026-02-17 11:15:00,14825916398,11104724073,4,up,395.358,296.126,39.536,0.4523,0
2026-02-17 11:20:00,14019145643,9230934315,6,up,373.844,246.158,37.384,0.6213,0
2026-02-17 11:25:00,15718445005,10711970481,0,up,419.159,285.653,41.916,0.0506,0
2026-02-17 11:30:00,14932257535,7776757103,5,up,398.194,207.38,39.819,0.5192,0
2026-02-17 11:35:00,16985943387,11107992474,0,up,452.958,296.213,45.296,0.0882,0
2026-02-17 11:40:00,15205609767,11332032248,1,up,405.483,302.188,40.548,0.1672,0
2026-02-17 11:45:00,15270543170,11441908118,6,up,407.214,305.118,40.721,0.6951,0
2026-02-17 11:50:00,14345498018,10002240966,1,up,382.547,266.726,38.255,0.1818,0
2026-02-17 11:55:00,14897497877,10889399012,0,up,397.267,290.384,39.727,0.0658,0
2026-02-17 12:00:00,15554043184,12294181845,0,up,414.774,327.845,41.477,0.0523,0
2026-02-17 12:05:00,11921696893,12281349756,1,up,317.912,327.503,31.791,0.1922,0
2026-02-17 12:10:00,12573266240,10463242398,4,up,335.287,279.02,33.529,0.4315,0
2026-02-17 12:15:00,16337875369,10675542734,17,up,435.677,284.681,43.568,1.764,0
2026-02-17 12:20:00,15307557788,11899748042,4,up,408.202,317.327,40.82,0.4645,0
2026-02-17 12:25:00,14668829994,8608989460,6,up,391.169,229.573,39.117,0.6287,0
2026-02-17 12:30:00,15033181079,10092924564,4,up,400.885,269.145,40.088,0.4133,0
2026-02-17 12:35:00,15625647069,12182818773,6,up,416.684,324.875,41.668,0.6774,0
2026-02-17 12:40:00,14028432575,11728752682,0,up,374.092,312.767,37.409,0.0238,0
2026-02-17 12:45:00,13599051494,10965272359,7,up,362.641,292.407,36.264,0.7975,0
2026-02-17 12:50:00,15352521459,8602651169,1,up,409.401,229.404,40.94,0.1515,0
2026-02-17 12:55:00,13238929000,10437113106,7,up,353.038,278.323,35.304,0.7638,0
2026-02-17 13:00:00,15734854960,9756706600,0,up,419.596,260.179,41.96,0.0236,0
2026-02-17 13:05:00,11935349512,10917109017,3,up,318.276,291.123,31.828,0.3768,0
2026-02-17 13:10:00,16852480147,9480223177,3,up,449.399,252.806,44.94,0.3992,0
2026-02-17 13:15:00,15850675468,9207588522,17,up,422.685,245.536,42.268,1.734,0
2026-02-17 13:20:00,15460853521,7898269750,4,up,412.289,210.621,41.229,0.4394,0
2026-02-17 13:25:00,16768843771,12039473903,1,up,447.169,321.053,44.717,0.1447,0
2026-02-17 13:30:00,17997854000,9996289155,2,up,479.943,266.568,47.994,0.2444,0
2026-02-17 13:35:00,16825866117,10698003687,1,up,448.69,285.28,44.869,0.137,0
2026-02-17 13:40:00,11686426383,10497179973,0,up,311.638,279.925,31.164,0.0655,0
2026-02-17 13:45:00,12696761459,9155033244,0,up,338.58,244.134,33.858,0.0857,0
2026-02-17 13:50:00,13875326560,8913578211,0,up,370.009,237.695,37.001,0.0753,0
2026-02-17 13:55:00,15046963890,9233302941,2,up,401.252,246.221,40.125,0.2388,0
2026-02-17 14:00:00,15931786236,9588807767,7,up,424.848,255.702,42.485,0.7099,0
2026-02-17 14:05:00,13693661136,10961923871,7,up,365.164,292.318,36.516,0.7316,0
2026-02-17 14:10:00,15336180176,9497395743,0,up,408.965,253.264,40.896,0.0169,0
2026-02-17 14:15:00,13640310721,12700578195,0,up,363.742,338.682,36.374,0.025,0
2026-02-17 14:20:00,13899267954,11794210305,0,up,370.647,314.512,37.065,0.0844,0
2026-02-17 14:25:00,12468010025,11518533032,0,up,332.48,307.161,33.248,0.0883,0
2026-02-17 14:30:00,13338180157,10349229782,0,up,355.685,275.979,35.568,0.0299,0
2026-02-17 14:35:00,12566967709,12407993727,1,up,335.119,330.88,33.512,0.1475,0
2026-02-17 14:40:00,13243428144,10225312904,2,up,353.158,272.675,35.316,0.2658,0
2026-02-17 14:45:00,16896555233,10460610618,2,up,450.575,278.95,45.057,0.2589,0
2026-02-17 14:50:00,13291082000,10714167920,2,up,354.429,285.711,35.443,0.2352,0
2026-02-17 14:55:00,19738287716,11384297031,1,up,526.354,303.581,52.635,0.1241,0
2026-02-17 15:00:00,15887972221,11302504179,3,up,423.679,301.4,42.368,0.3677,0
2026-02-17 15:05:00,15332705022,9901342149,5,up,408.872,264.036,40.887,0.5254,0
2026-02-17 15:10:00,13454955995,9828427913,1,up,358.799,262.091,35.88,0.1275,0
2026-02-17 15:15:00,16260557782,11306277726,0,up,433.615,301.501,43.361,0.0268,0
2026-02-17 15:20:00,13963851912,11401198095,1,up,372.369,304.032,37.237,0.1054,0
2026-02-17 15:25:00,15219617666,10004377582,0,up,405.856,266.783,40.586,0.0443,0
2026-02-17 15:30:00,19608152168,8500143032,1,up,522.884,226.67,52.288,0.189,0
2026-02-17 15:35:00,14827092180,10238781719,0,up,395.389,273.034,39.539,0.0509,0
2026-02-17 15:40:00,17068691987,11285642506,1,up,455.165,300.95,45.517,0.1864,0
2026-02-17 15:45:00,13734282434,12774825226,0,up,366.248,340.662,36.625,0.0749,0
2026-02-17 15:50:00,14937020717,8990572967,4,up,398.321,239.749,39.832,0.4027,0
2026-02-17 15:55:00,18187441144,9962520221,0,up,484.998,265.667,48.5,0.0084,0
2026-02-17 16:00:00,13871459295,10009351512,2,up,369.906,266.916,36.991,0.2427,0
2026-02-17 16:05:00,18262407404,12208314727,0,up,486.998,325.555,48.7,0.0557,0
2026-02-17 16:10:00,16273953483,10455973709,0,up,433.972,278.826,43.397,0.0003,0
2026-02-17 16:15:00,13987559803,9356768535,6,up,373.002,249.514,37.3,0.6102,0
2026-02-17 16:20:00,16138333930,11203956056,3,up,430.356,298.772,43.036,0.334,0
2026-02-17 16:25:00,16750598009,9990155464,0,up,446.683,266.404,44.668,0.0313,0
2026-02-17 16:30:00,16119257931,8957272035,3,up,429.847,238.861,42.985,0.3273,0
2026-02-17 16:35:00,12173595504,9375105632,2,up,324.629,250.003,32.463,0.2838,0
2026-02-17 16:40:00,13691153083,12684892862,1,up,365.097,338.264,36.51,0.1924,0
2026-02-17 16:45:00,14554466456,10984103619,1,up,388.119,292.909,38.812,0.163,0
2026-02-17 16:50:00,14866019827,10635777669,6,up,396.427,283.621,39.643,0.6543,0
2026-02-17 16:55:00,16117209775,10185133892,0,up,429.792,271.604,42.979,0.0844,0
2026-02-17 17:00:00,15319861801,10868107541,1,up,408.53,289.816,40.853,0.1524,0
2026-02-17 17:05:00,12596380154,10853097291,1,up,335.903,289.416,33.59,0.1197,0
2026-02-17 17:10:00,15684356131,10868132723,4,up,418.249,289.817,41.825,0.4425,0
2026-02-17 17:15:00,16099054341,10644704813,7,up,429.308,283.859,42.931,0.7447,0
2026-02-17 17:20:00,16007622806,11594685906,5,up,426.87,309.192,42.687,0.5687,0
2026-02-17 17:25:00,16945405305,10529111475,4,up,451.877,280.776,45.188,0.4794,0
2026-02-17 17:30:00,16501059878,9267797067,12,up,440.028,247.141,44.003,1.298,0
2026-02-17 17:35:00,15826524142,9728347157,3,up,422.041,259.423,42.204,0.3583,0
2026-02-17 17:40:00,14873701719,8006436446,4,up,396.632,213.505,39.663,0.4172,0
2026-02-17 17:45:00,12010270319,13053789566,12,up,320.274,348.101,32.027,1.2189,0
2026-02-17 17:50:00,15773312794,11587070785,0,up,420.622,308.989,42.062,0.0021,0
2026-02-17 17:55:00,15373837836,9454111176,3,up,409.969,252.11,40.997,0.3016,0
2026-02-17 18:00:00,15488841906,10144875489,4,up,413.036,270.53,41.304,0.4029,0
2026-02-17 18:05:00,12701852563,9697535642,7,up,338.716,258.601,33.872,0.7497,0
2026-02-17 18:10:00,13054098227,12443609486,6,up,348.109,331.83,34.811,0.6458,0
2026-02-17 18:15:00,16895675135,8710954773,5,up,450.551,232.292,45.055,0.5535,0
2026-02-17 18:20:00,14928800723,10644239834,8,up,398.101,283.846,39.81,0.8745,0
2026-02-17 18:25:00,16226701255,10363254918,2,up,432.712,276.353,43.271,0.2313,0
2026-02-17 18:30:00,15050973077,11541816674,0,up,401.359,307.782,40.136,0.0021,0
2026-02-17 18:35:00,15053561051,10368948373,0,up,401.428,276.505,40.143,0.0033,0
2026-02-17 18:40:00,16688910850,8284656815,2,up,445.038,220.924,44.504,0.236,0
2026-02-17 18:45:00,14071119489,10183591528,1,up,375.23,271.562,37.523,0.1714,0
2026-02-17 18:50:00,15173017398,9275075605,1,up,404.614,247.335,40.461,0.18,0
2026-02-17 18:55:00,14167904480,10600270228,1,up,377.811,282.674,37.781,0.1535,0
2026-02-17 19:00:00,14217906790,12307063066,7,up,379.144,328.188,37.914,0.7493,0
2026-02-17 19:05:00,14443490177,8308324192,1,up,385.16,221.555,38.516,0.1335,0
2026-02-17 19:10:00,15399840788,9491719353,5,up,410.662,253.113,41.066,0.5819,0
2026-02-17 19:15:00,14138252481,9803606878,6,up,377.02,261.43,37.702,0.6995,0
2026-02-17 19:20:00,17260361026,10019144819,2,up,460.276,267.177,46.028,0.2076,0
2026-02-17 19:25:00,13389706856,11432558336,1,up,357.059,304.868,35.706,0.1777,0
2026-02-17 19:30:00,14663631040,10281334033,4,up,391.03,274.169,39.103,0.4294,0
2026-02-17 19:35:00,14208484095,11023911434,3,up,378.893,293.971,37.889,0.3693,0
2026-02-17 19:40:00,17604560191,9711525964,1,up,469.455,258.974,46.945,0.1195,0
2026-02-17 19:45:00,15353798597,10789704675,0,up,409.435,287.725,40.943,0.0325,0
2026-02-17 19:50:00,16857320171,11480025014,0,up,449.529,306.134,44.953,0.0923,0
2026-02-17 19:55:00,12325991328,9577302567,0,up,328.693,255.395,32.869,0.0421,0
2026-02-17 20:00:00,15480690478,11484511230,1,up,412.818,306.254,41.282,0.1048,0
2026-02-17 20:05:00,16601335432,10565989688,0,up,442.702,281.76,44.27,0.0911,0
2026-02-17 20:10:00,15148111180,11817279903,3,up,403.95,315.127,40.395,0.3046,0
2026-02-17 20:15:00,16917864675,10246210925,9,up,451.143,273.232,45.114,0.927,0
2026-02-17 20:20:00,14068880789,10980368265,3,up,375.17,292.81,37.517,0.3473,0
2026-02-17 20:25:00,17536825392,10448836148,7,up,467.649,278.636,46.765,0.7838,0
2026-02-17 20:30:00,19138016622,10378772549,4,up,510.347,276.767,51.035,0.4599,0
2026-02-17 20:35:00,14346890591,10826252339,3,up,382.584,288.7,38.258,0.3905,0
2026-02-17 20:40:00,14198095461,11176377411,1,up,378.616,298.037,37.862,0.1604,0
2026-02-17 20:45:00,17616092058,8925548210,1,up,469.762,238.015,46.976,0.1178,0
2026-02-17 20:50:00,17843229862,12306378347,5,up,475.819,328.17,47.582,0.5618,0
2026-02-17 20:55:00,14058851951,8156824568,7,up,374.903,217.515,37.49,0.7074,0
2026-02-17 21:00:00,14243663729,9637136741,1,up,379.831,256.99,37.983,0.1804,0
2026-02-17 21:05:00,14492787704,10381220970,0,up,386.474,276.833,38.647,0.0027,0
2026-02-17 21:10:00,12579989080,11019568521,4,up,335.466,293.855,33.547,0.4718,0
2026-02-17 21:15:00,13346426496,12485977384,1,up,355.905,332.959,35.59,0.1007,0
2026-02-17 21:20:00,13192546619,8158552724,0,up,351.801,217.561,35.18,0.003,0
2026-02-17 21:25:00,13617964382,9860305398,4,up,363.146,262.941,36.315,0.4904,0
2026-02-17 21:30:00,14937567202,7820189805,2,up,398.335,208.538,39.834,0.2186,0
2026-02-17 21:35:00,15421586518,10539843687,3,up,411.242,281.062,41.124,0.3468,0
2026-02-17 21:40:00,17790900887,10842321316,7,up,474.424,289.129,47.442,0.7384,0
2026-02-17 21:45:00,13202962726,12504402635,2,up,352.079,333.451,35.208,0.2337,0
2026-02-17 21:50:00,16771780317,10651999798,2,up,447.247,284.053,44.725,0.2099,0
2026-02-17 21:55:00,14614820080,11815471663,1,up,389.729,315.079,38.973,0.103,0
2026-02-17 22:00:00,14910965322,11235634722,1,up,397.626,299.617,39.763,0.1092,0
2026-02-17 22:05:00,16214675085,9951587271,4,up,432.391,265.376,43.239,0.4777,0
2026-02-17 22:10:00,12979100361,8724709459,1,up,346.109,232.659,34.611,0.1788,0
2026-02-17 22:15:00,15688337543,10846502895,0,up,418.356,289.24,41.836,0.0536,0
2026-02-17 22:20:00,15299613974,8619951458,0,up,407.99,229.865,40.799,0.0298,0
2026-02-17 22:25:00,15886412275,12131960911,1,up,423.638,323.519,42.364,0.1921,0
2026-02-17 22:30:00,15520503559,10295801751,1,up,413.88,274.555,41.388,0.1876,0
2026-02-17 22:35:00,19419540251,12005923538,3,up,517.854,320.158,51.785,0.3179,0
2026-02-17 22:40:00,13852068028,9894929812,1,up,369.388,263.865,36.939,0.1911,0
2026-02-17 22:45:00,14044205480,10838751990,0,up,374.512,289.033,37.451,0.0465,0
2026-02-17 22:50:00,13878347052,10763779560,2,up,370.089,287.034,37.009,0.2127,0
2026-02-17 22:55:00,14000141185,10443244411,7,up,373.337,278.487,37.334,0.7119,0
2026-02-17 23:00:00,13852703170,9954849013,0,up,369.405,265.463,36.941,0.0521,0
2026-02-17 23:05:00,17140229755,10994494583,3,up,457.073,293.187,45.707,0.3511,0
2026-02-17 23:10:00,17556907646,9333034288,2,up,468.184,248.881,46.818,0.2703,0
2026-02-17 23:15:00,13972656671,8976111485,4,up,372.604,239.363,37.26,0.4142,0
2026-02-17 23:20:00,13501759968,12065961885,0,up,360.047,321.759,36.005,0.049,0
2026-02-17 23:25:00,15848548001,11416231666,8,up,422.628,304.433,42.263,0.8522,0
2026-02-17 23:30:00,14005998520,10583023426,2,up,373.493,282.214,37.349,0.291,0
2026-02-17 23:35:00,16139277271,12598079402,5,up,430.381,335.949,43.038,0.5633,0
2026-02-17 23:40:00,15365261437,10162615446,0,up,409.74,271.003,40.974,0.085,0
2026-02-17 23:45:00,12271660593,12166606057,4,up,327.244,324.443,32.724,0.4034,0
2026-02-17 23:50:00,17785509362,10721223347,4,up,474.28,285.899,47.428,0.4556,0
2026-02-17 23:55:00,18232579811,9208814054,1,up,486.202,245.568,48.62,0.152,0
2026-02-18 00:00:00,13896980357,12828530641,1,up,370.586,342.094,37.059,0.1453,0
2026-02-18 00:05:00,14302137192,11748295666,3,up,381.39,313.288,38.139,0.3217,0
2026-02-18 00:10:00,15514557703,10347513500,0,up,413.722,275.934,41.372,0.0294,0
2026-02-18 00:15:00,15602022221,11416235787,3,up,416.054,304.433,41.605,0.3991,0
2026-02-18 00:20:00,16185379690,9991333673,0,up,431.61,266.436,43.161,0.0132,0
2026-02-18 00:25:00,18618368169,11544727784,0,up,496.49,307.859,49.649,0.0634,0
2026-02-18 00:30:00,14681494990,7487241007,3,up,391.507,199.66,39.151,0.3273,0
2026-02-18 00:35:00,13563064959,9215050319,0,up,361.682,245.735,36.168,0.031,0
2026-02-18 00:40:00,12517225389,11733867277,10,up,333.793,312.903,33.379,1.071,0
2026-02-18 00:45:00,13684325928,10185434021,6,up,364.915,271.612,36.492,0.6084,0
2026-02-18 00:50:00,14940371448,10761503291,2,up,398.41,286.973,39.841,0.2953,0
2026-02-18 00:55:00,18230204154,8803050065,5,up,486.139,234.748,48.614,0.5129,0
2026-02-18 01:00:00,14068299661,12828312414,6,up,375.155,342.088,37.515,0.6557,0
2026-02-18 01:05:00,15402818312,12000067351,0,up,410.742,320.002,41.074,0.0901,0
2026-02-18 01:10:00,14970438787,10247136624,5,up,399.212,273.257,39.921,0.568,0
2026-02-18 01:15:00,17139107892,9990083220,0,up,457.043,266.402,45.704,0.065,0
2026-02-18 01:20:00,19548478366,11797301495,1,up,521.293,314.595,52.129,0.16,0
2026-02-18 01:25:00,14044436208,12997912767,2,up,374.518,346.611,37.452,0.2451,0
2026-02-18 01:30:00,14119009003,11701737922,3,up,376.507,312.046,37.651,0.3754,0
2026-02-18 01:35:00,16879489578,13236471360,0,up,450.12,352.973,45.012,0.0092,0
2026-02-18 01:40:00,16227404681,9337837325,1,up,432.731,249.009,43.273,0.103,0
2026-02-18 01:45:00,18324073186,9467572593,2,up,488.642,252.469,48.864,0.2813,0
2026-02-18 01:50:00,16051070733,9001934191,1,up,428.029,240.052,42.803,0.1327,0
2026-02-18 01:55:00,14353274236,11056618418,4,up,382.754,294.843,38.275,0.4475,0
2026-02-18 02:00:00,16063178695,10721260472,3,up,428.351,285.9,42.835,0.3164,0
2026-02-18 02:05:00,16995666445,10308541584,0,up,453.218,274.894,45.322,0.0801,0
2026-02-18 02:10:00,16476867926,11519665871,0,up,439.383,307.191,43.938,0.0473,0
2026-02-18 02:15:00,15913093255,12052734042,2,up,424.349,321.406,42.435,0.2975,0
2026-02-18 02:20:00,16920014441,8577665364,1,up,451.2,228.738,45.12,0.1796,0
2026-02-18 02:25:00,17104732062,9747815244,0,up,456.126,259.942,45.613,0.0555,0
2026-02-18 02:30:00,17487886183,11533380928,1,up,466.344,307.557,46.634,0.1185,0
2026-02-18 02:35:00,16167677797,9910649258,1,up,431.138,264.284,43.114,0.1083,0
2026-02-18 02:40:00,14699187455,9494260343,0,up,391.978,253.18,39.198,0.0343,0
2026-02-18 02:45:00,15264084635,11783357158,2,up,407.042,314.223,40.704,0.2375,0
2026-02-18 02:50:00,17171716139,8875229912,4,up,457.912,236.673,45.791,0.4327,0
2026-02-18 02:55:00,13529515792,10120009442,2,up,360.787,269.867,36.079,0.257,0
2026-02-18 03:00:00,15663611955,10914091472,5,up,417.696,291.042,41.77,0.5251,0
2026-02-18 03:05:00,14291990137,9776986908,0,up,381.12,260.72,38.112,0.0409,0
2026-02-18 03:10:00,15051740681,11486776126,1,up,401.38,306.314,40.138,0.1716,0
2026-02-18 03:15:00,17301213352,9783215011,2,up,461.366,260.886,46.137,0.282,0
2026-02-18 03:20:00,15343978322,12274860561,3,up,409.173,327.33,40.917,0.3381,0
2026-02-18 03:25:00,15083585786,10341559665,3,up,402.229,275.775,40.223,0.357,0
2026-02-18 03:30:00,12552258946,11345800372,3,up,334.727,302.555,33.473,0.3917,0
2026-02-18 03:35:00,16343256418,11439990180,3,up,435.82,305.066,43.582,0.3162,0
2026-02-18 03:40:00,16161871526,9709299596,0,up,430.983,258.915,43.098,0.0297,0
2026-02-18 03:45:00,18893858501,7912606948,3,up,503.836,211.003,50.384,0.3565,0
2026-02-18 03:50:00,14445999177,10954552250,3,up,385.227,292.121,38.523,0.3871,0
2026-02-18 03:55:00,15394470589,10591083317,15,up,410.519,282.429,41.052,1.5099,0
2026-02-18 04:00:00,15448890630,11200340794,3,up,411.97,298.676,41.197,0.3546,0
2026-02-18 04:05:00,17839415903,10214575384,3,up,475.718,272.389,47.572,0.3483,0
2026-02-18 04:10:00,14828468041,9957661099,2,up,395.426,265.538,39.543,0.217,0
2026-02-18 04:15:00,15502238746,13030675993,6,up,413.393,347.485,41.339,0.6073,0
2026-02-18 04:20:00,16094213717,8644833882,17,up,429.179,230.529,42.918,1.7267,0
2026-02-18 04:25:00,15335896421,11424777602,4,up,408.957,304.661,40.896,0.4529,0
2026-02-18 04:30:00,14196419493,9776001658,2,up,378.571,260.693,37.857,0.2844,0
2026-02-18 04:35:00,15349361987,10076918941,0,up,409.316,268.718,40.932,0.0247,0
2026-02-18 04:40:00,16932537149,10100450430,3,up,451.534,269.345,45.153,0.3892,0
2026-02-18 04:45:00,13152272461,9487672814,3,up,350.727,253.005,35.073,0.3699,0
2026-02-18 04:50:00,15239345413,11219742504,4,up,406.383,299.193,40.638,0.4483,0
2026-02-18 04:55:00,13739782533,12252210930,0,up,366.394,326.726,36.639,0.0399,0
2026-02-18 05:00:00,17151083932,11092217213,3,up,457.362,295.792,45.736,0.3182,0
2026-02-18 05:05:00,12258263571,10630261315,1,up,326.887,283.474,32.689,0.1052,0
2026-02-18 05:10:00,13993940674,9257084971,4,up,373.172,246.856,37.317,0.4285,0
2026-02-18 05:15:00,15678981375,11151199834,0,up,418.106,297.365,41.811,0.0825,0
2026-02-18 05:20:00,17817943252,13217000535,3,up,475.145,352.453,47.515,0.3456,0
2026-02-18 05:25:00,14881649530,10020324774,1,up,396.844,267.209,39.684,0.1049,0
2026-02-18 05:30:00,14000640851,10026260690,0,up,373.35,267.367,37.335,0.0027,0
2026-02-18 05:35:00,18386082724,9793027694,3,up,490.296,261.147,49.03,0.301,0
2026-02-18 05:40:00,12393574979,9883338064,0,up,330.495,263.556,33.05,0.0361,0
2026-02-18 05:45:00,11042149278,7040922562,3,up,294.457,187.758,29.446,0.323,0
2026-02-18 05:50:00,15792026010,11010344586,7,up,421.121,293.609,42.112,0.7795,0
2026-02-18 05:55:00,14096302396,9434604257,10,up,375.901,251.589,37.59,1.0445,0
2026-02-18 06:00:00,13161780929,8471068470,0,up,350.981,225.895,35.098,0.0807,0
2026-02-18 06:05:00,16275041605,11449019336,4,up,434.001,305.307,43.4,0.497,0
2026-02-18 06:10:00,15438841284,9136657590,1,up,411.702,243.644,41.17,0.1309,0
2026-02-18 06:15:00,13984658464,10073276992,6,up,372.924,268.621,37.292,0.6921,0
2026-02-18 06:20:00,12695452082,12347717412,4,up,338.545,329.272,33.855,0.4646,0
2026-02-18 06:25:00,16570423190,8724388094,0,up,441.878,232.65,44.188,0.023,0
2026-02-18 06:30:00,16170362120,8568926224,1,up,431.21,228.505,43.121,0.1568,0
2026-02-18 06:35:00,14821483445,10839325798,1,up,395.24,289.049,39.524,0.1234,0
2026-02-18 06:40:00,18323946592,11948354078,4,up,488.639,318.623,48.864,0.4614,0
2026-02-18 06:45:00,13073847420,8516329435,1,up,348.636,227.102,34.864,0.1584,0
2026-02-18 06:50:00,12254054692,11013689068,3,up,326.775,293.698,32.677,0.3462,0
2026-02-18 06:55:00,13754565474,11232059420,2,up,366.788,299.522,36.679,0.2767,0
2026-02-18 07:00:00,14917945170,7905457790,11,up,397.812,210.812,39.781,1.1144,0
2026-02-18 07:05:00,15438011008,11506111685,8,up,411.68,306.83,41.168,0.8331,0
2026-02-18 07:10:00,14565775095,11604523408,1,up,388.421,309.454,38.842,0.1674,0
2026-02-18 07:15:00,15633699713,10107150177,3,up,416.899,269.524,41.69,0.3857,0
2026-02-18 07:20:00,12747229036,12077956416,5,up,339.926,322.079,33.993,0.5306,0
2026-02-18 07:25:00,17598776287,11931934023,6,up,469.301,318.185,46.93,0.6875,0
2026-02-18 07:30:00,14852127878,10629928586,0,up,396.057,283.465,39.606,0.0212,0
2026-02-18 07:35:00,17011132496,9931178808,1,up,453.63,264.831,45.363,0.1079,0
2026-02-18 07:40:00,15616905623,9274236855,1,up,416.451,247.313,41.645,0.1158,0
2026-02-18 07:45:00,15822155794,10452669978,1,up,421.924,278.738,42.192,0.171,0
2026-02-18 07:50:00,16025581104,11217896238,0,up,427.349,299.144,42.735,0.0556,0
2026-02-18 07:55:00,15805875408,10091537155,2,up,421.49,269.108,42.149,0.2057,0
2026-02-18 08:00:00,16156900967,7731148733,3,up,430.851,206.164,43.085,0.3265,0
2026-02-18 08:05:00,17392474554,12098579507,2,up,463.799,322.629,46.38,0.2064,0
2026-02-18 08:10:00,15353738105,10739681259,3,up,409.433,286.392,40.943,0.3288,0
2026-02-18 08:15:00,16276206763,10021673134,0,up,434.032,267.245,43.403,0.0206,0
2026-02-18 08:20:00,14838475750,11580019569,6,up,395.693,308.801,39.569,0.6262,0
2026-02-18 08:25:00,17592210987,12421044631,8,up,469.126,331.228,46.913,0.8394,0
2026-02-18 08:30:00,13782493856,6969591422,2,up,367.533,185.856,36.753,0.2886,0
2026-02-18 08:35:00,18241692779,11047172198,6,up,486.445,294.591,48.645,0.6396,0
2026-02-18 08:40:00,14927715688,8702421994,0,up,398.072,232.065,39.807,0.0423,0
2026-02-18 08:45:00,12424604816,11128879238,4,up,331.323,296.77,33.132,0.479,0
2026-02-18 08:50:00,15230587946,10661188274,0,up,406.149,284.298,40.615,0.0381,0
2026-02-18 08:55:00,13774107016,11301015423,1,up,367.31,301.36,36.731,0.1573,0
2026-02-18 09:00:00,16513158388,9870948005,1,up,440.351,263.225,44.035,0.1174,0
2026-02-18 09:05:00,13825276837,8139717459,2,up,368.674,217.059,36.867,0.2643,0
2026-02-18 09:10:00,14196869820,9932536079,1,up,378.583,264.868,37.858,0.1077,0
2026-02-18 09:15:00,11598826684,11012628020,3,up,309.302,293.67,30.93,0.3043,0
2026-02-18 09:20:00,14185848625,11779394334,1,up,378.289,314.117,37.829,0.1374,0
2026-02-18 09:25:00,10637017212,9023492561,5,up,283.654,240.626,28.365,0.5915,0
2026-02-18 09:30:00,12148974917,11794096137,3,up,323.973,314.509,32.397,0.3014,0
2026-02-18 09:35:00,16368746381,9683680915,0,up,436.5,258.231,43.65,0.0727,0
2026-02-18 09:40:00,16414440285,10956686850,1,up,437.718,292.178,43.772,0.1229,0
2026-02-18 09:45:00,15765823611,9857533619,5,up,420.422,262.868,42.042,0.564,0
2026-02-18 09:50:00,13259442942,10729534990,1,up,353.585,286.121,35.359,0.1466,0
2026-02-18 09:55:00,14914119558,11623765819,2,up,397.71,309.967,39.771,0.2302,0
2026-02-18 10:00:00,14993515429,8953962262,3,up,399.827,238.772,39.983,0.314,0
2026-02-18 10:05:00,12914943559,9643318570,1,up,344.398,257.155,34.44,0.1282,0
2026-02-18 10:10:00,17706116943,10733052860,1,up,472.163,286.215,47.216,0.1044,0
2026-02-18 10:15:00,16579252123,13525995412,1,up,442.113,360.693,44.211,0.1935,0
2026-02-18 10:20:00,14602264487,9412380962,0,up,389.394,250.997,38.939,0.0726,0
2026-02-18 10:25:00,15048394510,13070568696,1,up,401.291,348.548,40.129,0.1003,0
2026-02-18 10:30:00,15375089054,13025573362,0,up,410.002,347.349,41.0,0.0192,0
2026-02-18 10:35:00,11324877236,10377387950,1,up,301.997,276.73,30.2,0.1087,0
2026-02-18 10:40:00,14555080711,10124327816,1,up,388.135,269.982,38.814,0.116,0
2026-02-18 10:45:00,13772428353,9627997849,9,up,367.265,256.747,36.726,0.9797,0
2026-02-18 10:50:00,13197083982,10414064811,2,up,351.922,277.708,35.192,0.2673,0
2026-02-18 10:55:00,14494019472,8727533514,4,up,386.507,232.734,38.651,0.4645,0
2026-02-18 11:00:00,18235835748,10403938838,0,up,486.289,277.438,48.629,0.0139,0
2026-02-18 11:05:00,16153517150,12386069145,0,up,430.76,330.295,43.076,0.0338,0
2026-02-18 11:10:00,13971877818,9730032821,5,up,372.583,259.468,37.258,0.5055,0
2026-02-18 11:15:00,16030649006,10196687376,2,up,427.484,271.912,42.748,0.2931,0
2026-02-18 11:20:00,17518839785,8356563002,0,up,467.169,222.842,46.717,0.0636,0
2026-02-18 11:25:00,16664340629,10971318231,1,up,444.382,292.568,44.438,0.1557,0
2026-02-18 11:30:00,15107334665,10833246923,2,up,402.862,288.887,40.286,0.2321,0
2026-02-18 11:35:00,13835513800,10580264973,5,up,368.947,282.14,36.895,0.5566,0
2026-02-18 11:40:00,16256801964,10226797916,0,up,433.515,272.715,43.351,0.0187,0
2026-02-18 11:45:00,15708273693,10131125022,2,up,418.887,270.163,41.889,0.2724,0
2026-02-18 11:50:00,16611347796,11132394294,3,up,442.969,296.864,44.297,0.3787,0
2026-02-18 11:55:00,16143309243,10463691081,11,up,430.488,279.032,43.049,1.1435,0
2026-02-18 12:00:00,16889194887,10896864558,4,up,450.379,290.583,45.038,0.4938,0
2026-02-18 12:05:00,14036576619,10770878349,0,up,374.309,287.223,37.431,0.097,0
2026-02-18 12:10:00,17371309318,11915518381,3,up,463.235,317.747,46.323,0.3709,0
2026-02-18 12:15:00,15355679288,11353012562,4,up,409.485,302.747,40.948,0.4323,0
2026-02-18 12:20:00,18735469570,10743005922,3,up,499.613,286.48,49.961,0.3925,0
2026-02-18 12:25:00,13759461927,12413211758,5,up,366.919,331.019,36.692,0.5147,0
2026-02-18 12:30:00,18124734845,11029538346,7,up,483.326,294.121,48.333,0.7022,0
2026-02-18 12:35:00,15356239410,12144252987,0,up,409.5,323.847,40.95,0.0311,0
2026-02-18 12:40:00,13827447593,11264747686,0,up,368.732,300.393,36.873,0.0332,0
2026-02-18 12:45:00,14129005498,8179181960,4,up,376.773,218.112,37.677,0.4775,0
2026-02-18 12:50:00,14423374845,12144091801,0,up,384.623,323.842,38.462,0.0873,0
2026-02-18 12:55:00,15763498703,10670322064,0,up,420.36,284.542,42.036,0.0181,0
2026-02-18 13:00:00,15941103878,10434536988,1,up,425.096,278.254,42.51,0.1539,0
2026-02-18 13:05:00,13967339992,10854498917,5,up,372.462,289.453,37.246,0.5142,0
2026-02-18 13:10:00,14956161733,10065321215,0,up,398.831,268.409,39.883,0.0406,0
2026-02-18 13:15:00,18856086645,10786056364,3,up,502.829,287.628,50.283,0.3343,0
2026-02-18 13:20:00,18109577706,9754236156,0,up,482.922,260.113,48.292,0.0011,0
2026-02-18 13:25:00,15785382605,12105583046,0,up,420.944,322.816,42.094,0.0349,0
2026-02-18 13:30:00,15068406260,10356878976,1,up,401.824,276.183,40.182,0.1296,0
2026-02-18 13:35:00,15216056388,10017944358,0,up,405.762,267.145,40.576,0.0262,0
2026-02-18 13:40:00,16104332350,9334593472,5,up,429.449,248.922,42.945,0.561,0
2026-02-18 13:45:00,13158973382,10838657494,5,up,350.906,289.031,35.091,0.5987,0
2026-02-18 13:50:00,14536722232,10735754946,4,up,387.646,286.287,38.765,0.4226,0
2026-02-18 13:55:00,11996548667,10989415013,0,up,319.908,293.051,31.991,0.0833,0
2026-02-18 14:00:00,15718601620,9205662621,2,up,419.163,245.484,41.916,0.2222,0
2026-02-18 14:05:00,16164952691,8482511689,0,up,431.065,226.2,43.107,0.0611,0
2026-02-18 14:10:00,14130264367,11288245041,0,up,376.807,301.02,37.681,0.0991,0
2026-02-18 14:15:00,17833176173,12370648745,2,up,475.551,329.884,47.555,0.2177,0
2026-02-18 14:20:00,12793621806,9206794435,3,up,341.163,245.515,34.116,0.3984,0
2026-02-18 14:25:00,12364125215,12502696017,0,up,329.71,333.405,32.971,0.0298,0
2026-02-18 14:30:00,15404013273,10857727934,1,up,410.774,289.539,41.077,0.1056,0
2026-02-18 14:35:00,16884776944,10491100740,7,up,450.261,279.763,45.026,0.7836,0
2026-02-18 14:40:00,18031069844,9999088642,1,up,480.829,266.642,48.083,0.1682,0
2026-02-18 14:45:00,14174008326,8755507295,8,up,377.974,233.48,37.797,0.8384,0
2026-02-18 14:50:00,16941625500,11744537930,14,up,451.777,313.188,45.178,1.4268,0
2026-02-18 14:55:00,14930684754,9522735984,2,up,398.152,253.94,39.815,0.2244,0
2026-02-18 15:00:00,14689270860,9517443588,1,up,391.714,253.798,39.171,0.1019,0
2026-02-18 15:05:00,16590587887,11749827150,4,up,442.416,313.329,44.242,0.4693,0
2026-02-18 15:10:00,16174181181,8127440857,0,up,431.311,216.732,43.131,0.0521,0
2026-02-18 15:15:00,12162494117,8580266758,0,up,324.333,228.807,32.433,0.0871,0
2026-02-18 15:20:00,17657772629,10477150853,4,up,470.874,279.391,47.087,0.461,0
2026-02-18 15:25:00,17484164437,10869538380,1,up,466.244,289.854,46.624,0.1706,0
2026-02-18 15:30:00,13873987137,11110765656,0,up,369.973,296.287,36.997,0.0675,0
2026-02-18 15:35:00,15712446360,10119733898,3,up,418.999,269.86,41.9,0.3159,0
2026-02-18 15:40:00,15889254335,13688265782,3,up,423.713,365.02,42.371,0.3959,0
2026-02-18 15:45:00,15469212778,10212855375,0,up,412.512,272.343,41.251,0.0401,0
2026-02-18 15:50:00,14009450723,10209209448,0,up,373.585,272.246,37.359,0.0973,0
2026-02-18 15:55:00,13791077937,9495796797,0,up,367.762,253.221,36.776,0.075,0
2026-02-18 16:00:00,14954002672,10656122588,1,up,398.773,284.163,39.877,0.1433,0
2026-02-18 16:05:00,17110912234,11274851152,4,up,456.291,300.663,45.629,0.4325,0
2026-02-18 16:10:00,15978480278,12016508348,3,up,426.093,320.44,42.609,0.3752,0
2026-02-18 16:15:00,14332894202,8623501826,3,up,382.211,229.96,38.221,0.3259,0
2026-02-18 16:20:00,16389057679,10190045873,0,up,437.042,271.735,43.704,0.0019,0
2026-02-18 16:25:00,9872623282,11062846549,0,up,263.27,295.009,26.327,0.046,0
2026-02-18 16:30:00,17067778260,11239692493,0,up,455.141,299.725,45.514,0.0758,0
2026-02-18 16:35:00,11868515198,10508251308,0,up,316.494,280.22,31.649,0.0952,0
2026-02-18 16:40:00,14347606305,11183454201,0,up,382.603,298.225,38.26,0.0475,0
2026-02-18 16:45:00,12984594189,9480705494,1,up,346.256,252.819,34.626,0.1585,0
2026-02-18 16:50:00,12669573343,12462960844,0,up,337.855,332.346,33.786,0.0234,0
2026-02-18 16:55:00,17089488217,11750711409,4,up,455.72,313.352,45.572,0.4159,0
2026-02-18 17:00:00,14158137837,8805390988,4,up,377.55,234.81,37.755,0.465,0
2026-02-18 17:05:00,15623706987,9145370159,2,up,416.632,243.877,41.663,0.2562,0
2026-02-18 17:10:00,14915542958,9180878594,0,up,397.748,244.823,39.775,0.0282,0
2026-02-18 17:15:00,15858673489,11354242163,6,up,422.898,302.78,42.29,0.6624,0
2026-02-18 17:20:00,15138279403,8881243014,10,up,403.687,236.833,40.369,1.0112,0
2026-02-18 17:25:00,12690613996,10082909338,0,up,338.416,268.878,33.842,0.0678,0
2026-02-18 17:30:00,16793280275,11072927539,3,up,447.821,295.278,44.782,0.3659,0
2026-02-18 17:35:00,14111238150,10416630922,5,up,376.3,277.777,37.63,0.5534,0
2026-02-18 17:40:00,12198152582,10826198269,2,up,325.284,288.699,32.528,0.2329,0
2026-02-18 17:45:00,14229392710,9157088583,1,up,379.45,244.189,37.945,0.1172,0
2026-02-18 17:50:00,17701367623,11249516510,1,up,472.036,299.987,47.204,0.1953,0
2026-02-18 17:55:00,16530399135,9727353015,2,up,440.811,259.396,44.081,0.2154,0
2026-02-18 18:00:00,14372426158,10090979210,1,up,383.265,269.093,38.326,0.1536,0
2026-02-18 18:05:00,14371336132,10799541977,7,up,383.236,287.988,38.324,0.7971,0
2026-02-18 18:10:00,14421056907,10629878559,4,up,384.562,283.463,38.456,0.4086,0
2026-02-18 18:15:00,18738146370,10530214823,0,up,499.684,280.806,49.968,0.0828,0
2026-02-18 18:20:00,15687483814,9554210204,2,up,418.333,254.779,41.833,0.2642,0
2026-02-18 18:25:00,15774074964,10122567741,3,up,420.642,269.935,42.064,0.3501,0
2026-02-18 18:30:00,16854510217,10502751324,0,up,449.454,280.073,44.945,0.0453,0
2026-02-18 18:35:00,15429820486,8767392606,1,up,411.462,233.797,41.146,0.1331,0
2026-02-18 18:40:00,14533724137,9917208462,7,up,387.566,264.459,38.757,0.7079,0
2026-02-18 18:45:00,14646570271,10988476647,2,up,390.575,293.026,39.058,0.2512,0
2026-02-18 18:50:00,14871117733,8890429879,0,up,396.563,237.078,39.656,0.0734,0
2026-02-18 18:55:00,14932999974,11957292881,0,up,398.213,318.861,39.821,0.0393,0
2026-02-18 19:00:00,16309733178,12099712710,2,up,434.926,322.659,43.493,0.2191,0
2026-02-18 19:05:00,15093502594,8931110274,2,up,402.493,238.163,40.249,0.238,0
2026-02-18 19:10:00,16318752138,12210600737,1,up,435.167,325.616,43.517,0.1221,0
2026-02-18 19:15:00,14854710155,10319087198,2,up,396.126,275.176,39.613,0.2986,0
2026-02-18 19:20:00,15141543342,11027328344,0,up,403.774,294.062,40.377,0.0213,0
2026-02-18 19:25:00,11403238767,9874219674,0,up,304.086,263.313,30.409,0.047,0
2026-02-18 19:30:00,16649389814,11663036482,2,up,443.984,311.014,44.398,0.2371,0
2026-02-18 19:35:00,15623679256,11011678463,0,up,416.631,293.645,41.663,0.0191,0
2026-02-18 19:40:00,16796418197,9474166896,6,up,447.904,252.644,44.79,0.6384,0
2026-02-18 19:45:00,9786740319,9031845480,0,up,260.98,240.849,26.098,0.046,0
2026-02-18 19:50:00,18759074468,8660018931,3,up,500.242,230.934,50.024,0.3362,0
2026-02-18 19:55:00,14748738669,10736806638,1,up,393.3,286.315,39.33,0.1489,0
2026-02-18 20:00:00,16994729070,11221313978,1,up,453.193,299.235,45.319,0.1531,0
2026-02-18 20:05:00,13128169331,11320216755,4,up,350.085,301.872,35.008,0.4343,0
2026-02-18 20:10:00,16102993029,10351343820,2,up,429.413,276.036,42.941,0.2076,0
2026-02-18 20:15:00,13103851986,9042184465,3,up,349.436,241.125,34.944,0.388,0
2026-02-18 20:20:00,13877215870,9640585754,2,up,370.059,257.082,37.006,0.2111,0
2026-02-18 20:25:00,18445256436,11951959285,2,up,491.874,318.719,49.187,0.2696,0
2026-02-18 20:30:00,14656771678,9889368008,4,up,390.847,263.716,39.085,0.429,0
2026-02-18 20:35:00,15391379171,10680706214,2,up,410.437,284.819,41.044,0.2804,0
2026-02-18 20:40:00,16566121915,9144680390,2,up,441.763,243.858,44.176,0.2868,0
2026-02-18 20:45:00,15892227398,10924094637,4,up,423.793,291.309,42.379,0.4671,0
2026-02-18 20:50:00,15270754029,9923317452,8,up,407.22,264.622,40.722,0.8933,0
2026-02-18 20:55:00,15656929804,11818858019,1,up,417.518,315.17,41.752,0.1418,0
2026-02-18 21:00:00,19326148053,11474682709,2,up,515.364,305.992,51.536,0.2582,0
2026-02-18 21:05:00,14896286165,9875410507,0,up,397.234,263.344,39.723,0.0271,0
2026-02-18 21:10:00,15361978284,10340403325,1,up,409.653,275.744,40.965,0.1333,0
2026-02-18 21:15:00,16891177912,9805593537,1,up,450.431,261.482,45.043,0.1593,0
2026-02-18 21:20:00,16989946679,8711514172,5,up,453.065,232.307,45.307,0.541,0
2026-02-18 21:25:00,17136654550,9419622538,2,up,456.977,251.19,45.698,0.2161,0
2026-02-18 21:30:00,16149714399,10749753832,3,up,430.659,286.66,43.066,0.394,0
2026-02-18 21:35:00,12942591157,10909826967,0,up,345.136,290.929,34.514,0.0058,0
2026-02-18 21:40:00,17940176758,10687170358,1,up,478.405,284.991,47.84,0.1874,0
2026-02-18 21:45:00,12936578292,10119816352,6,up,344.975,269.862,34.498,0.6948,0
2026-02-18 21:50:00,15544743837,11675663923,0,up,414.527,311.351,41.453,0.0762,0
2026-02-18 21:55:00,13642303469,10580062799,0,up,363.795,282.135,36.379,0.0096,0
2026-02-18 22:00:00,14884550976,11386099823,1,up,396.921,303.629,39.692,0.1704,0
2026-02-18 22:05:00,15591772338,8265043333,3,up,415.781,220.401,41.578,0.3657,0
2026-02-18 22:10:00,15578442987,5557775682,1,up,415.425,148.207,41.543,0.1818,0
2026-02-18 22:15:00,15759457357,10857572915,1,up,420.252,289.535,42.025,0.1848,0
2026-02-18 22:20:00,17904680284,8704795276,3,up,477.458,232.128,47.746,0.3324,0
2026-02-18 22:25:00,15816361742,10232310854,0,up,421.77,272.862,42.177,0.0881,0
2026-02-18 22:30:00,14560518056,10119357728,4,up,388.28,269.85,38.828,0.4182,0
2026-02-18 22:35:00,16735356902,12500124759,0,up,446.276,333.337,44.628,0.0499,0
2026-02-18 22:40:00,17141046880,11003995656,1,up,457.095,293.44,45.709,0.1511,0
2026-02-18 22:45:00,12790305932,10708982373,3,up,341.075,285.573,34.107,0.3201,0
2026-02-18 22:50:00,16075320125,11554608854,5,up,428.675,308.123,42.868,0.5287,0
2026-02-18 22:55:00,16262110936,10964306959,4,up,433.656,292.382,43.366,0.4704,0
2026-02-18 23:00:00,14464385693,9923326988,3,up,385.717,264.622,38.572,0.3837,0
2026-02-18 23:05:00,17476272263,11850059672,1,up,466.034,316.002,46.603,0.1335,0
2026-02-18 23:10:00,14729899943,9101714838,0,up,392.797,242.712,39.28,0.0391,0
2026-02-18 23:15:00,15226037616,10907291456,0,up,406.028,290.861,40.603,0.0733,0
2026-02-18 23:20:00,14688470716,8550062059,6,up,391.693,228.002,39.169,0.6004,0
2026-02-18 23:25:00,15028042285,10756969260,5,up,400.748,286.853,40.075,0.5842,0
2026-02-18 23:30:00,13026704843,10743166948,9,up,347.379,286.484,34.738,0.9082,0
2026-02-18 23:35:00,12407908411,12612333252,0,up,330.878,336.329,33.088,0.0237,0
2026-02-18 23:40:00,17870109113,8528132894,2,up,476.536,227.417,47.654,0.2309,0
2026-02-18 23:45:00,13475469573,9742882158,3,up,359.346,259.81,35.935,0.3138,0
2026-02-18 23:50:00,13215493770,11536579857,3,up,352.413,307.642,35.241,0.372,0
2026-02-18 23:55:00,11123897795,10922499743,3,up,296.637,291.267,29.664,0.3097,0
2026-02-19 00:00:00,13849868854,10727184364,4,up,369.33,286.058,36.933,0.4409,0
2026-02-19 00:05:00,12618438371,9295269014,1,up,336.492,247.874,33.649,0.1336,0
2026-02-19 00:10:00,17955627288,9755568881,0,up,478.817,260.149,47.882,0.0593,0
2026-02-19 00:15:00,16817670760,12068751670,0,up,448.471,321.833,44.847,0.0687,0
2026-02-19 00:20:00,13761329378,10435098415,0,up,366.969,278.269,36.697,0.0036,0
2026-02-19 00:25:00,19054384449,10972953217,1,up,508.117,292.612,50.812,0.1294,0
2026-02-19 00:30:00,16767177876,10354862705,0,up,447.125,276.13,44.712,0.0289,0
2026-02-19 00:35:00,14415303509,9009312250,1,up,384.408,240.248,38.441,0.1164,0
2026-02-19 00:40:00,10501069713,11676601136,2,up,280.029,311.376,28.003,0.2968,0
2026-02-19 00:45:00,19123696630,11134072804,6,up,509.965,296.909,50.997,0.6747,0
2026-02-19 00:50:00,12498769559,13405102415,5,up,333.301,357.469,33.33,0.549,0
2026-02-19 00:55:00,12038282255,9220367461,0,up,321.021,245.876,32.102,0.0874,0
2026-02-19 01:00:00,16840626777,11536441880,0,up,449.083,307.638,44.908,0.0432,0
2026-02-19 01:05:00,19391554331,8847454602,0,up,517.108,235.932,51.711,0.0644,0
2026-02-19 01:10:00,17491691073,10698256675,10,up,466.445,285.287,46.645,1.062,0
2026-02-19 01:15:00,16015036416,11730398302,2,up,427.068,312.811,42.707,0.2392,0
2026-02-19 01:20:00,16070557814,7889109753,0,up,428.548,210.376,42.855,0.0605,0
2026-02-19 01:25:00,16536148005,10241785082,5,up,440.964,273.114,44.096,0.5512,0
2026-02-19 01:30:00,16366071461,9790355735,1,up,436.429,261.076,43.643,0.1509,0
2026-02-19 01:35:00,15506144563,9615533804,6,up,413.497,256.414,41.35,0.6885,0
2026-02-19 01:40:00,15187561987,10985367941,0,up,405.002,292.943,40.5,0.0906,0
2026-02-19 01:45:00,14887332369,11912063990,1,up,396.996,317.655,39.7,0.1499,0
2026-02-19 01:50:00,13642863740,10332068818,2,up,363.81,275.522,36.381,0.2109,0
2026-02-19 01:55:00,14494784861,10758912898,6,up,386.528,286.904,38.653,0.6694,0
2026-02-19 02:00:00,11952677734,10644029028,6,up,318.738,283.841,31.874,0.6092,0
2026-02-19 02:05:00,14822988671,10502272418,2,up,395.28,280.061,39.528,0.2562,0
2026-02-19 02:10:00,13220536007,9127428276,0,up,352.548,243.398,35.255,0.0752,0
2026-02-19 02:15:00,13013539229,11896640198,1,up,347.028,317.244,34.703,0.1549,0
2026-02-19 02:20:00,15323809472,10871946163,11,up,408.635,289.919,40.863,1.1144,0
2026-02-19 02:25:00,17505604115,10997550677,2,up,466.816,293.268,46.682,0.2808,0
2026-02-19 02:30:00,16652969890,9483797867,4,up,444.079,252.901,44.408,0.4557,0
2026-02-19 02:35:00,12173098913,9921382298,1,up,324.616,264.57,32.462,0.1793,0
2026-02-19 02:40:00,13218669354,10278070910,2,up,352.498,274.082,35.25,0.2278,0
2026-02-19 02:45:00,16693388138,8567002886,1,up,445.157,228.453,44.516,0.1681,0
2026-02-19 02:50:00,13231522691,8373076750,3,up,352.841,223.282,35.284,0.3641,0
2026-02-19 02:55:00,14595660330,9743057607,5,up,389.218,259.815,38.922,0.5721,0
2026-02-19 03:00:00,15990093778,11158376165,2,up,426.403,297.557,42.64,0.2124,0
2026-02-19 03:05:00,13256979981,9677046888,1,up,353.519,258.055,35.352,0.1967,0
2026-02-19 03:10:00,15189675911,9216305451,1,up,405.058,245.768,40.506,0.1248,0
2026-02-19 03:15:00,12598754109,9473496076,0,up,335.967,252.627,33.597,0.0585,0
2026-02-19 03:20:00,13917538240,9926268546,8,up,371.134,264.7,37.113,0.8403,0
2026-02-19 03:25:00,15575607481,10054137706,1,up,415.35,268.11,41.535,0.114,0
2026-02-19 03:30:00,12132611279,13228557029,4,up,323.536,352.762,32.354,0.4839,0
2026-02-19 03:35:00,15792854528,11828821991,3,up,421.143,315.435,42.114,0.3769,0
2026-02-19 03:40:00,14964651961,11791215381,4,up,399.057,314.432,39.906,0.4695,0
2026-02-19 03:45:00,15994481917,11972411258,8,up,426.52,319.264,42.652,0.8283,0
2026-02-19 03:50:00,15403045441,9241485704,2,up,410.748,246.44,41.075,0.2929,0
2026-02-19 03:55:00,17455452773,8959820585,6,up,465.479,238.929,46.548,0.6847,0
2026-02-19 04:00:00,15225404104,9105343432,0,up,406.011,242.809,40.601,0.0551,0
2026-02-19 04:05:00,14227070025,12181477728,2,up,379.389,324.839,37.939,0.2956,0
2026-02-19 04:10:00,15220135505,9810538346,4,up,405.87,261.614,40.587,0.4439,0
2026-02-19 04:15:00,15977936452,8923291210,0,up,426.078,237.954,42.608,0.0951,0
2026-02-19 04:20:00,15087948126,9956944787,4,up,402.345,265.519,40.235,0.405,0
2026-02-19 04:25:00,15073065044,10199357030,4,up,401.948,271.983,40.195,0.4522,0
2026-02-19 04:30:00,13736414961,10838200724,5,up,366.304,289.019,36.63,0.5337,0
2026-02-19 04:35:00,13806778348,10816198286,1,up,368.181,288.432,36.818,0.1126,0
2026-02-19 04:40:00,12475310510,9456492489,3,up,332.675,252.173,33.267,0.3433,0
2026-02-19 04:45:00,18149238137,11363927054,1,up,483.98,303.038,48.398,0.1088,0
2026-02-19 04:50:00,12761046176,9694616147,4,up,340.295,258.523,34.029,0.403,0
2026-02-19 04:55:00,13752770643,10303091815,1,up,366.741,274.749,36.674,0.1865,0
2026-02-19 05:00:00,13706866921,11365335328,2,up,365.516,303.076,36.552,0.2731,0
2026-02-19 05:05:00,16610863878,9691305031,1,up,442.956,258.435,44.296,0.1613,0
2026-02-19 05:10:00,14469090579,9782617206,0,up,385.842,260.87,38.584,0.053,0
2026-02-19 05:15:00,17245935730,11245501742,0,up,459.892,299.88,45.989,0.0588,0
2026-02-19 05:20:00,13787716876,9419256197,0,up,367.672,251.18,36.767,0.0242,0
2026-02-19 05:25:00,15502189492,10015162050,2,up,413.392,267.071,41.339,0.2888,0
2026-02-19 05:30:00,13496375304,11200235144,5,up,359.903,298.673,35.99,0.5664,0
2026-02-19 05:35:00,18861268429,13088156476,0,up,502.967,349.018,50.297,0.0063,0
2026-02-19 05:40:00,12862322845,11262809676,0,up,342.995,300.342,34.3,0.0206,0
2026-02-19 05:45:00,15557677278,11095526101,1,up,414.871,295.881,41.487,0.1835,0
2026-02-19 05:50:00,16140798385,11168809995,4,up,430.421,297.835,43.042,0.4015,0
2026-02-19 05:55:00,15744838375,9147780254,0,up,419.862,243.941,41.986,0.0515,0
2026-02-19 06:00:00,14666482214,10645651890,0,up,391.106,283.884,39.111,0.0951,0
2026-02-19 06:05:00,14766322740,10462494224,0,up,393.769,279.0,39.377,0.0792,0
2026-02-19 06:10:00,15078860649,10905196520,1,up,402.103,290.805,40.21,0.1528,0
2026-02-19 06:15:00,14735396397,10646800146,0,up,392.944,283.915,39.294,0.0765,0
2026-02-19 06:20:00,16734982410,10978421593,1,up,446.266,292.758,44.627,0.1304,0
2026-02-19 06:25:00,18978941402,10107551334,3,up,506.105,269.535,50.611,0.3912,0
2026-02-19 06:30:00,13996514786,10573847235,2,up,373.24,281.969,37.324,0.2833,0
2026-02-19 06:35:00,12534354636,8952936006,0,up,334.249,238.745,33.425,0.0254,0
2026-02-19 06:40:00,14841092312,10096916829,3,up,395.762,269.251,39.576,0.3046,0
2026-02-19 06:45:00,19643476807,12252450270,1,up,523.826,326.732,52.383,0.1945,0
2026-02-19 06:50:00,13553385777,10901698507,8,up,361.424,290.712,36.142,0.818,0
2026-02-19 06:55:00,17950410249,10473639492,1,up,478.678,279.297,47.868,0.1025,0
2026-02-19 07:00:00,18019861465,12889115328,3,up,480.53,343.71,48.053,0.3886,0
2026-02-19 07:05:00,14003541164,8785347927,3,up,373.428,234.276,37.343,0.3938,0
2026-02-19 07:10:00,16024169542,9102086000,0,up,427.311,242.722,42.731,0.0751,0
2026-02-19 07:15:00,17931113921,12658016378,7,up,478.163,337.547,47.816,0.7006,0
2026-02-19 07:20:00,14317570066,10557910779,2,up,381.802,281.544,38.18,0.2027,0
2026-02-19 07:25:00,14633555351,10194345374,3,up,390.228,271.849,39.023,0.3408,0
2026-02-19 07:30:00,13952974354,8989002550,0,up,372.079,239.707,37.208,0.0473,0
2026-02-19 07:35:00,13173437884,11064097295,0,up,351.292,295.043,35.129,0.0894,0
2026-02-19 07:40:00,13831300418,11186019435,2,up,368.835,298.294,36.883,0.2646,0
2026-02-19 07:45:00,12796907519,9120937105,1,up,341.251,243.225,34.125,0.1153,0
2026-02-19 07:50:00,15061350242,10323252762,2,up,401.636,275.287,40.164,0.2078,0
2026-02-19 07:55:00,13614048184,10077250051,1,up,363.041,268.727,36.304,0.1405,0
2026-02-19 08:00:00,15420814641,10822531204,3,up,411.222,288.601,41.122,0.307,0
2026-02-19 08:05:00,12199387836,9089744694,2,up,325.317,242.393,32.532,0.2003,0
2026-02-19 08:10:00,15595584417,12077453792,0,up,415.882,322.065,41.588,0.0014,0
2026-02-19 08:15:00,16500352130,11653937964,3,up,440.009,310.772,44.001,0.3147,0
2026-02-19 08:20:00,11411275843,10042398795,1,up,304.301,267.797,30.43,0.1645,0
2026-02-19 08:25:00,15673301825,10227312423,1,up,417.955,272.728,41.795,0.1254,0
2026-02-19 08:30:00,17209804186,10328108090,0,up,458.928,275.416,45.893,0.0297,0
2026-02-19 08:35:00,12822646166,9519331223,0,up,341.937,253.849,34.194,0.0747,0
2026-02-19 08:40:00,18010630296,9941278933,0,up,480.283,265.101,48.028,0.076,0
2026-02-19 08:45:00,15754234216,10159459336,8,up,420.113,270.919,42.011,0.8217,0
2026-02-19 08:50:00,13730978659,12532214147,1,up,366.159,334.192,36.616,0.17,0
2026-02-19 08:55:00,14899615660,11692739068,0,up,397.323,311.806,39.732,0.0129,0
2026-02-19 09:00:00,16004988442,11677664931,0,up,426.8,311.404,42.68,0.0448,0
2026-02-19 09:05:00,15136809704,10966106272,0,up,403.648,292.43,40.365,0.0247,0
2026-02-19 09:10:00,15969760786,9092167968,2,up,425.86,242.458,42.586,0.2667,0
2026-02-19 09:15:00,13342787532,10447721208,0,up,355.808,278.606,35.581,0.062,0
2026-02-19 09:20:00,15304849483,11722815459,2,up,408.129,312.608,40.813,0.2071,0
2026-02-19 09:25:00,12455313905,8914586566,1,up,332.142,237.722,33.214,0.1386,0
2026-02-19 09:30:00,14799793089,11302057040,4,up,394.661,301.388,39.466,0.4887,0
2026-02-19 09:35:00,13372966245,13426487623,1,up,356.612,358.04,35.661,0.1159,0
2026-02-19 09:40:00,13676046103,11837888973,1,up,364.695,315.677,36.469,0.1839,0
2026-02-19 09:45:00,17224967715,12281676710,3,up,459.332,327.511,45.933,0.3833,0
2026-02-19 09:50:00,16964358217,10775106825,1,up,452.383,287.336,45.238,0.1704,0
2026-02-19 09:55:00,16096448617,11719594255,4,up,429.239,312.523,42.924,0.4728,0
2026-02-19 10:00:00,13033837023,9595504949,3,up,347.569,255.88,34.757,0.3251,0
2026-02-19 10:05:00,14430464790,11502788403,1,up,384.812,306.741,38.481,0.1586,0
2026-02-19 10:10:00,17183575859,11324529048,2,up,458.229,301.987,45.823,0.2103,0
2026-02-19 10:15:00,15255090444,10865288079,10,up,406.802,289.741,40.68,1.0252,0
2026-02-19 10:20:00,19174793171,12158169348,3,up,511.328,324.218,51.133,0.3251,0
2026-02-19 10:25:00,15707972110,9821131104,7,up,418.879,261.897,41.888,0.7061,0
2026-02-19 10:30:00,15345688409,10264307529,0,up,409.218,273.715,40.922,0.0591,0
2026-02-19 10:35:00,14443590364,10620282172,1,up,385.162,283.208,38.516,0.1981,0
2026-02-19 10:40:00,15240373628,9202690176,7,up,406.41,245.405,40.641,0.718,0
2026-02-19 10:45:00,14725554294,10785934249,1,up,392.681,287.625,39.268,0.1169,0
2026-02-19 10:50:00,16274595618,8334147679,10,up,433.989,222.244,43.399,1.0295,0
2026-02-19 10:55:00,16722064170,11819162713,0,up,445.922,315.178,44.592,0.0306,0
2026-02-19 11:00:00,13585218971,10558763081,6,up,362.273,281.567,36.227,0.6989,0
2026-02-19 11:05:00,12603780683,9843674941,1,up,336.101,262.498,33.61,0.1768,0
2026-02-19 11:10:00,11694830328,9448689248,0,up,311.862,251.965,31.186,0.023,0
2026-02-19 11:15:00,15914384388,10204430422,6,up,424.384,272.118,42.438,0.6349,0
2026-02-19 11:20:00,13013940108,11367207235,0,up,347.038,303.126,34.704,0.0871,0
2026-02-19 11:25:00,11124796932,11190151113,0,up,296.661,298.404,29.666,0.0068,0
2026-02-19 11:30:00,15699441488,9611022186,0,up,418.652,256.294,41.865,0.0438,0
2026-02-19 11:35:00,19487399131,9433990012,3,up,519.664,251.573,51.966,0.3229,0
2026-02-19 11:40:00,14989072359,11327692369,11,up,399.709,302.072,39.971,1.1425,0
2026-02-19 11:45:00,16509283394,9589842270,0,up,440.248,255.729,44.025,0.0355,0
2026-02-19 11:50:00,15147292845,10575486315,1,up,403.928,282.013,40.393,0.1859,0
2026-02-19 11:55:00,14821998624,10655930849,0,up,395.253,284.158,39.525,0.0598,0
2026-02-19 12:00:00,16654337669,10893198285,4,up,444.116,290.485,44.412,0.41,0
2026-02-19 12:05:00,14477505820,11581420742,0,up,386.067,308.838,38.607,0.0377,0
2026-02-19 12:10:00,15481306165,8908666699,0,up,412.835,237.564,41.283,0.0823,0
2026-02-19 12:15:00,15579056051,8091939250,0,up,415.441,215.785,41.544,0.0656,0
2026-02-19 12:20:00,13797437183,9785016425,2,up,367.932,260.934,36.793,0.2412,0
2026-02-19 12:25:00,16785676229,12769925793,6,up,447.618,340.531,44.762,0.6195,0
2026-02-19 12:30:00,14685072437,13047939366,2,up,391.602,347.945,39.16,0.2147,0
2026-02-19 12:35:00,13639658712,12807283190,0,up,363.724,341.528,36.372,0.018,0
2026-02-19 12:40:00,15965717718,10256843476,2,up,425.752,273.516,42.575,0.2486,0
2026-02-19 12:45:00,13382757632,8254534996,4,up,356.874,220.121,35.687,0.4791,0
2026-02-19 12:50:00,15050726083,7547770731,0,up,401.353,201.274,40.135,0.0425,0
2026-02-19 12:55:00,14983585806,9726311916,0,up,399.562,259.368,39.956,0.0226,0
2026-02-19 13:00:00,16954612018,10250427226,0,up,452.123,273.345,45.212,0.0624,0
2026-02-19 13:05:00,15854456819,12138788005,4,up,422.786,323.701,42.279,0.4112,0
2026-02-19 13:10:00,14954951474,11593434879,2,up,398.799,309.158,39.88,0.2687,0
2026-02-19 13:15:00,16471979338,10786530399,2,up,439.253,287.641,43.925,0.2333,0
2026-02-19 13:20:00,17502373588,9378795588,0,up,466.73,250.101,46.673,0.0861,0
2026-02-19 13:25:00,16004058551,9289417756,1,up,426.775,247.718,42.677,0.1211,0
2026-02-19 13:30:00,15018634715,10820200885,10,up,400.497,288.539,40.05,1.0134,0
2026-02-19 13:35:00,12638694781,11378284233,0,up,337.032,303.421,33.703,0.0826,0
2026-02-19 13:40:00,13082795406,10993770390,6,up,348.875,293.167,34.887,0.6958,0
2026-02-19 13:45:00,14450595532,9196406570,2,up,385.349,245.238,38.535,0.2606,0
2026-02-19 13:50:00,13902878036,11319841212,0,up,370.743,301.862,37.074,0.0395,0
2026-02-19 13:55:00,14663451654,11036647818,1,up,391.025,294.311,39.103,0.1889,0
2026-02-19 14:00:00,15101969864,9150960328,8,up,402.719,244.026,40.272,0.8901,0
2026-02-19 14:05:00,15953446957,9511755577,1,up,425.425,253.647,42.543,0.1627,0
2026-02-19 14:10:00,14873102199,11367504927,5,up,396.616,303.133,39.662,0.5972,0
2026-02-19 14:15:00,15875702958,10204520505,0,up,423.352,272.121,42.335,0.0889,0
2026-02-19 14:20:00,15116053946,12502325600,2,up,403.095,333.395,40.309,0.2538,0
2026-02-19 14:25:00,11444160180,11131422887,5,up,305.178,296.838,30.518,0.5571,0
2026-02-19 14:30:00,13309196291,9886844702,7,up,354.912,263.649,35.491,0.7603,0
2026-02-19 14:35:00,14740642399,10487140943,1,up,393.084,279.657,39.308,0.1996,0
2026-02-19 14:40:00,12822549462,10579863074,3,up,341.935,282.13,34.193,0.3062,0
2026-02-19 14:45:00,16079871713,9582228205,0,up,428.797,255.526,42.88,0.0009,0
2026-02-19 14:50:00,17755351498,9350138870,0,up,473.476,249.337,47.348,0.0876,0
2026-02-19 14:55:00,17193771333,11383751266,0,up,458.501,303.567,45.85,0.098,0
2026-02-19 15:00:00,14615802832,11565044354,0,up,389.755,308.401,38.975,0.0294,0
2026-02-19 15:05:00,17683307046,11260764651,0,up,471.555,300.287,47.155,0.0984,0
2026-02-19 15:10:00,15267601422,12409300798,1,up,407.136,330.915,40.714,0.1162,0
2026-02-19 15:15:00,14393245251,9817365722,10,up,383.82,261.796,38.382,1.0399,0
2026-02-19 15:20:00,13895875205,12609581165,3,up,370.557,336.255,37.056,0.3313,0
2026-02-19 15:25:00,14455554564,9364839390,1,up,385.481,249.729,38.548,0.1665,0
2026-02-19 15:30:00,14301281726,9224016190,13,up,381.368,245.974,38.137,1.3282,0
2026-02-19 15:35:00,15306749200,8282451808,0,up,408.18,220.865,40.818,0.0499,0
2026-02-19 15:40:00,15289033165,9938297904,1,up,407.708,265.021,40.771,0.1939,0
2026-02-19 15:45:00,15005482836,9865309855,3,up,400.146,263.075,40.015,0.3124,0
2026-02-19 15:50:00,15786488705,11162680973,0,up,420.973,297.671,42.097,0.0172,0
2026-02-19 15:55:00,17143163294,10807302586,3,up,457.151,288.195,45.715,0.3787,0
2026-02-19 16:00:00,16709197443,8996853552,0,up,445.579,239.916,44.558,0.0316,0
2026-02-19 16:05:00,12327183656,10005164939,0,up,328.725,266.804,32.872,0.0453,0
2026-02-19 16:10:00,10402941957,10031957853,0,up,277.412,267.519,27.741,0.0522,0
2026-02-19 16:15:00,16681775840,8262262368,7,up,444.847,220.327,44.485,0.7931,0
2026-02-19 16:20:00,12539618342,9264007123,3,up,334.39,247.04,33.439,0.3449,0
2026-02-19 16:25:00,14595422276,9528774825,3,up,389.211,254.101,38.921,0.3196,0
2026-02-19 16:30:00,12893796553,12306367524,2,up,343.835,328.17,34.383,0.2432,0
2026-02-19 16:35:00,11756435212,10741227902,1,up,313.505,286.433,31.35,0.1039,0
2026-02-19 16:40:00,15974632910,11334332629,2,up,425.99,302.249,42.599,0.291,0
2026-02-19 16:45:00,16366479288,8611719273,1,up,436.439,229.646,43.644,0.1584,0
2026-02-19 16:50:00,13962281278,12004710248,0,up,372.328,320.126,37.233,0.0471,0
2026-02-19 16:55:00,10336123874,12139388599,3,up,275.63,323.717,27.563,0.351,0
2026-02-19 17:00:00,14016759993,7982085341,0,up,373.78,212.856,37.378,0.0416,0
2026-02-19 17:05:00,15705247209,9611300927,0,up,418.807,256.301,41.881,0.0635,0
2026-02-19 17:10:00,12337959176,11124664621,5,up,329.012,296.658,32.901,0.5106,0
2026-02-19 17:15:00,15330047855,11311929451,3,up,408.801,301.651,40.88,0.3237,0
2026-02-19 17:20:00,14972442271,9645096639,2,up,399.265,257.203,39.927,0.2991,0
2026-02-19 17:25:00,16042724699,10115070676,1,up,427.806,269.735,42.781,0.1625,0
2026-02-19 17:30:00,15215244663,9747299863,1,up,405.74,259.928,40.574,0.1514,0
2026-02-19 17:35:00,13248475906,10639126739,3,up,353.293,283.71,35.329,0.3516,0
2026-02-19 17:40:00,17153828702,12008444949,4,up,457.435,320.225,45.744,0.4041,0
2026-02-19 17:45:00,14714646768,9528486882,2,up,392.391,254.093,39.239,0.2141,0
2026-02-19 17:50:00,14950851828,11761033827,10,up,398.689,313.628,39.869,1.0447,0
2026-02-19 17:55:00,13320117673,9515093188,9,up,355.203,253.736,35.52,0.935,0
2026-02-19 18:00:00,14202091947,9431989712,1,up,378.722,251.52,37.872,0.1595,0
2026-02-19 18:05:00,13407355114,11531429219,5,up,357.529,307.505,35.753,0.5155,0
2026-02-19 18:10:00,14688697092,11661639836,2,up,391.699,310.977,39.17,0.2351,0
2026-02-19 18:15:00,18081075264,11572776520,2,up,482.162,308.607,48.216,0.2151,0
2026-02-19 18:20:00,12530577942,8842095265,0,up,334.149,235.789,33.415,0.017,0
2026-02-19 18:25:00,12095589483,9912901767,2,up,322.549,264.344,32.255,0.256,0
2026-02-19 18:30:00,17648106589,11536965625,6,up,470.616,307.652,47.062,0.6925,0
2026-02-19 18:35:00,14623217381,10552342719,4,up,389.952,281.396,38.995,0.4544,0
2026-02-19 18:40:00,13795669070,9147147013,4,up,367.885,243.924,36.788,0.463,0
2026-02-19 18:45:00,16871828437,11077480603,0,up,449.915,295.399,44.992,0.0523,0
2026-02-19 18:50:00,13909892028,9599342853,1,up,370.93,255.982,37.093,0.1332,0
2026-02-19 18:55:00,18286817484,12761101308,0,up,487.648,340.296,48.765,0.0797,0
2026-02-19 19:00:00,16220266568,12446500242,1,up,432.54,331.907,43.254,0.1139,0
2026-02-19 19:05:00,14121759465,11261162757,2,up,376.58,300.298,37.658,0.2599,0
2026-02-19 19:10:00,18883154783,12214868448,1,up,503.551,325.73,50.355,0.1361,0
2026-02-19 19:15:00,13909713138,10581637101,2,up,370.926,282.177,37.093,0.2468,0
2026-02-19 19:20:00,16335771669,11464451242,1,up,435.621,305.719,43.562,0.1731,0
2026-02-19 19:25:00,15538726644,12361927572,1,up,414.366,329.651,41.437,0.1013,0
2026-02-19 19:30:00,17343134320,10809328339,0,up,462.484,288.249,46.248,0.0301,0
2026-02-19 19:35:00,17810720154,10178464163,6,up,474.953,271.426,47.495,0.6672,0
2026-02-19 19:40:00,15057607468,8352176332,0,up,401.536,222.725,40.154,0.0034,0
2026-02-19 19:45:00,13643847833,10395251757,0,up,363.836,277.207,36.384,0.0005,0
2026-02-19 19:50:00,15827949857,11537513212,5,up,422.079,307.667,42.208,0.526,0
2026-02-19 19:55:00,13780112334,11691498118,17,up,367.47,311.773,36.747,1.7244,0
2026-02-19 20:00:00,18624097045,11135499982,3,up,496.643,296.947,49.664,0.3896,0
2026-02-19 20:05:00,15245763595,9817963140,0,up,406.554,261.812,40.655,0.0046,0
2026-02-19 20:10:00,14342421207,8009204823,0,up,382.465,213.579,38.246,0.0771,0
2026-02-19 20:15:00,15332424550,9876028976,10,up,408.865,263.361,40.886,1.0708,0
2026-02-19 20:20:00,12575172678,10116525462,4,up,335.338,269.774,33.534,0.496,0
2026-02-19 20:25:00,13251094730,10105709501,2,up,353.363,269.486,35.336,0.251,0
2026-02-19 20:30:00,17160745034,11279381009,0,up,457.62,300.783,45.762,0.0811,0
2026-02-19 20:35:00,13817590297,13001952277,0,up,368.469,346.719,36.847,0.0043,0
2026-02-19 20:40:00,13115560231,10655646794,0,up,349.748,284.151,34.975,0.0063,0
2026-02-19 20:45:00,15965974954,10226917945,2,up,425.759,272.718,42.576,0.284,0
2026-02-19 20:50:00,17134267478,10173380515,0,up,456.914,271.29,45.691,0.0066,0
2026-02-19 20:55:00,16294115959,10656724806,15,up,434.51,284.179,43.451,1.5169,0
2026-02-19 21:00:00,16792885834,9456349861,0,up,447.81,252.169,44.781,0.0608,0
2026-02-19 21:05:00,13637768840,10651450184,3,up,363.674,284.039,36.367,0.3721,0
2026-02-19 21:10:00,12440740799,11068023543,0,up,331.753,295.147,33.175,0.0505,0
2026-02-19 21:15:00,17702400573,10764204440,2,up,472.064,287.045,47.206,0.233,0
2026-02-19 21:20:00,14419176290,11076502836,0,up,384.511,295.373,38.451,0.0252,0
2026-02-19 21:25:00,14548500570,11046521987,4,up,387.96,294.574,38.796,0.4367,0
2026-02-19 21:30:00,17390749455,8267410180,2,up,463.753,220.464,46.375,0.2638,0
2026-02-19 21:35:00,16001214016,11302456399,0,up,426.699,301.399,42.67,0.027,0
2026-02-19 21:40:00,15820597989,9654521294,5,up,421.883,257.454,42.188,0.5663,0
2026-02-19 21:45:00,18897004220,9119242654,2,up,503.92,243.18,50.392,0.2376,0
2026-02-19 21:50:00,13841667185,9108390696,7,up,369.111,242.89,36.911,0.7637,0
2026-02-19 21:55:00,16670112230,11046262429,7,up,444.536,294.567,44.454,0.7453,0
2026-02-19 22:00:00,15102623624,10219555591,7,up,402.737,272.521,40.274,0.7596,0
2026-02-19 22:05:00,15483466101,8380719332,0,up,412.892,223.486,41.289,0.0243,0
2026-02-19 22:10:00,17751243167,11102327647,0,up,473.366,296.062,47.337,0.0387,0
2026-02-19 22:15:00,15914104361,8686093755,13,up,424.376,231.629,42.438,1.3196,0
2026-02-19 22:20:00,15968932942,10676174911,2,up,425.838,284.698,42.584,0.2006,0
2026-02-19 22:25:00,16930513207,10800508646,0,up,451.48,288.014,45.148,0.0816,0
2026-02-19 22:30:00,14343085086,11615827122,4,up,382.482,309.755,38.248,0.4405,0
2026-02-19 22:35:00,13489422598,12744922830,0,up,359.718,339.865,35.972,0.0921,0
2026-02-19 22:40:00,13119343450,8780507829,3,up,349.849,234.147,34.985,0.3897,0
2026-02-19 22:45:00,11460558139,10433882941,5,up,305.615,278.237,30.561,0.5447,0
2026-02-19 22:50:00,18701172833,10151817528,4,up,498.698,270.715,49.87,0.4601,0
2026-02-19 22:55:00,13014224941,11046524604,0,up,347.046,294.574,34.705,0.0961,0
2026-02-19 23:00:00,14601743477,10771742651,1,up,389.38,287.246,38.938,0.1541,0
2026-02-19 23:05:00,14501736060,10055791734,1,up,386.713,268.154,38.671,0.1599,0
2026-02-19 23:10:00,15553332056,9944463242,2,up,414.756,265.186,41.476,0.2028,0
2026-02-19 23:15:00,16468326982,9093271922,0,up,439.155,242.487,43.916,0.055,0
2026-02-19 23:20:00,16548852279,11744705593,1,up,441.303,313.192,44.13,0.1807,0
2026-02-19 23:25:00,13950460610,11078597268,2,up,372.012,295.429,37.201,0.2145,0
2026-02-19 23:30:00,14699180915,11656387929,2,up,391.978,310.837,39.198,0.2276,0
2026-02-19 23:35:00,15508643910,10108900868,5,up,413.564,269.571,41.356,0.5143,0
2026-02-19 23:40:00,14552355972,9672387309,2,up,388.063,257.93,38.806,0.2185,0
2026-02-19 23:45:00,17893222036,9141323016,0,up,477.153,243.769,47.715,0.0787,0
2026-02-19 23:50:00,15883754912,10952236155,3,up,423.567,292.06,42.357,0.3264,0
2026-02-19 23:55:00,16322780014,9189860537,4,up,435.274,245.063,43.527,0.4788,0
2026-02-20 00:00:00,16193186283,12829315466,1,up,431.818,342.115,43.182,0.1154,0
2026-02-20 00:05:00,17112252943,8852370347,3,up,456.327,236.063,45.633,0.3109,0
2026-02-20 00:10:00,15325838805,10844811750,0,up,408.689,289.195,40.869,0.0477,0
2026-02-20 00:15:00,12665702493,12474236931,1,up,337.752,332.646,33.775,0.1255,0
2026-02-20 00:20:00,15719438313,11254853096,7,up,419.185,300.129,41.919,0.7198,0
2026-02-20 00:25:00,13827557591,10721348877,7,up,368.735,285.903,36.873,0.7268,0
2026-02-20 00:30:00,14048489972,9279710604,2,up,374.626,247.459,37.463,0.2569,0
2026-02-20 00:35:00,16055455233,8758970822,3,up,428.145,233.573,42.815,0.3636,0
2026-02-20 00:40:00,17228909528,11470263137,5,up,459.438,305.874,45.944,0.5773,0
2026-02-20 00:45:00,15038288838,12397745523,9,up,401.021,330.607,40.102,0.955,0
2026-02-20 00:50:00,15555899422,9947049011,2,up,414.824,265.255,41.482,0.2019,0
2026-02-20 00:55:00,18063986900,9064782500,2,up,481.706,241.728,48.171,0.2474,0
2026-02-20 01:00:00,15433355723,7402706517,1,up,411.556,197.406,41.156,0.1612,0
2026-02-20 01:05:00,19683029605,9264236296,0,up,524.881,247.046,52.488,0.0224,0
2026-02-20 01:10:00,16017917362,10356792378,1,up,427.144,276.181,42.714,0.1649,0
2026-02-20 01:15:00,11830627033,12514895283,4,up,315.483,333.731,31.548,0.4691,0
2026-02-20 01:20:00,16356014917,11348148452,4,up,436.16,302.617,43.616,0.4903,0
2026-02-20 01:25:00,15686085092,10884407609,6,up,418.296,290.251,41.83,0.6687,0
2026-02-20 01:30:00,17321554957,9995849226,0,up,461.908,266.556,46.191,0.0159,0
2026-02-20 01:35:00,16211726432,9765211196,2,up,432.313,260.406,43.231,0.2247,0
2026-02-20 01:40:00,14750779228,12271115972,0,up,393.354,327.23,39.335,0.0341,0
2026-02-20 01:45:00,12796263174,10752930561,0,up,341.234,286.745,34.123,0.0672,0
2026-02-20 01:50:00,14623758136,7850723128,6,up,389.967,209.353,38.997,0.6914,0
2026-02-20 01:55:00,13469063182,9651340043,2,up,359.175,257.369,35.918,0.206,0
2026-02-20 02:00:00,13955057790,9418647799,4,up,372.135,251.164,37.213,0.4263,0
2026-02-20 02:05:00,16059441127,9811707348,0,up,428.252,261.646,42.825,0.02,0
2026-02-20 02:10:00,18005828107,11209267431,1,up,480.155,298.914,48.016,0.1618,0
2026-02-20 02:15:00,15710408753,10364619448,3,up,418.944,276.39,41.894,0.3365,0
2026-02-20 02:20:00,12847410488,10403149587,0,up,342.598,277.417,34.26,0.043,0
2026-02-20 02:25:00,15800284802,12154976183,1,up,421.341,324.133,42.134,0.1183,0
2026-02-20 02:30:00,17153936675,9622459026,0,up,457.438,256.599,45.744,0.02,0
2026-02-20 02:35:00,13902390772,12848891402,3,up,370.73,342.637,37.073,0.3161,0
2026-02-20 02:40:00,14758769099,9654152434,10,up,393.567,257.444,39.357,1.061,0
2026-02-20 02:45:00,15026438750,10612389727,5,up,400.705,282.997,40.071,0.5264,0
2026-02-20 02:50:00,13587183036,10145683469,11,up,362.325,270.552,36.232,1.1022,0
2026-02-20 02:55:00,16166904780,10655508108,5,up,431.117,284.147,43.112,0.5605,0
2026-02-20 03:00:00,14782293332,11060185913,5,up,394.194,294.938,39.419,0.5797,0
2026-02-20 03:05:00,15755158399,11046632402,2,up,420.138,294.577,42.014,0.2582,0
2026-02-20 03:10:00,13402514079,9551072163,2,up,357.4,254.695,35.74,0.2191,0
2026-02-20 03:15:00,14212575059,9085127506,1,up,379.002,242.27,37.9,0.1564,0
2026-02-20 03:20:00,16300286444,13653996456,5,up,434.674,364.107,43.467,0.5113,0
2026-02-20 03:25:00,14328900326,9890179732,0,up,382.104,263.738,38.21,0.0603,0
2026-02-20 03:30:00,18108534932,11381007672,0,up,482.894,303.494,48.289,0.0174,0
2026-02-20 03:35:00,14280654865,8474371948,8,up,380.817,225.983,38.082,0.8863,0
2026-02-20 03:40:00,15404432506,10147687972,0,up,410.785,270.605,41.078,0.0011,0
2026-02-20 03:45:00,16678663497,10339728776,11,up,444.764,275.726,44.476,1.1295,0
2026-02-20 03:50:00,12446941680,11095746988,3,up,331.918,295.887,33.192,0.3915,0
2026-02-20 03:55:00,11830544138,7069707782,1,up,315.481,188.526,31.548,0.1195,0
2026-02-20 04:00:00,12253818633,10709337172,3,up,326.768,285.582,32.677,0.359,0
2026-02-20 04:05:00,17272651386,9051325766,5,up,460.604,241.369,46.06,0.5109,0
2026-02-20 04:10:00,14006655337,10908675596,0,up,373.511,290.898,37.351,0.0845,0
2026-02-20 04:15:00,19604758714,9194225211,4,up,522.794,245.179,52.279,0.4421,0
2026-02-20 04:20:00,13984354322,9422091803,4,up,372.916,251.256,37.292,0.4895,0
2026-02-20 04:25:00,15332192345,10155229210,0,up,408.858,270.806,40.886,0.086,0
2026-02-20 04:30:00,17775797914,9174064868,0,up,474.021,244.642,47.402,0.0128,0
2026-02-20 04:35:00,18610967198,9900826597,0,up,496.292,264.022,49.629,0.0685,0
2026-02-20 04:40:00,18710706437,8996346531,0,up,498.952,239.903,49.895,0.0672,0
2026-02-20 04:45:00,17175059215,8190205230,0,up,458.002,218.405,45.8,0.0202,0
2026-02-20 04:50:00,16843312546,11782625886,3,up,449.155,314.203,44.916,0.3884,0
2026-02-20 04:55:00,16066548508,8866978647,1,up,428.441,236.453,42.844,0.1434,0
2026-02-20 05:00:00,16401049937,10274862081,6,up,437.361,273.996,43.736,0.6472,0
2026-02-20 05:05:00,14007865710,11448642762,0,up,373.543,305.297,37.354,0.0872,0
2026-02-20 05:10:00,13527242009,9725170430,1,up,360.726,259.338,36.073,0.1811,0
2026-02-20 05:15:00,14993925976,9460290966,3,up,399.838,252.274,39.984,0.3057,0
2026-02-20 05:20:00,14693667679,10785059991,6,up,391.831,287.602,39.183,0.6298,0
2026-02-20 05:25:00,14184189511,11908596616,2,up,378.245,317.563,37.825,0.2231,0
2026-02-20 05:30:00,16253497405,9026662765,1,up,433.427,240.711,43.343,0.1403,0
2026-02-20 05:35:00,16719549375,10310813731,6,up,445.855,274.955,44.585,0.6053,0
2026-02-20 05:40:00,15159132395,8317056810,1,up,404.244,221.788,40.424,0.1114,0
2026-02-20 05:45:00,17659554145,10004566735,0,up,470.921,266.788,47.092,0.0248,0
2026-02-20 05:50:00,12944959594,10543097902,1,up,345.199,281.149,34.52,0.1767,0
2026-02-20 05:55:00,14651412973,9423172951,4,up,390.704,251.285,39.07,0.4613,0
2026-02-20 06:00:00,13709719822,9924190289,0,up,365.593,264.645,36.559,0.0094,0
2026-02-20 06:05:00,11640234089,8725634271,2,up,310.406,232.684,31.041,0.2645,0
2026-02-20 06:10:00,14851174765,10597119050,2,up,396.031,282.59,39.603,0.2708,0
2026-02-20 06:15:00,14780854484,11830174753,7,up,394.156,315.471,39.416,0.7916,0
2026-02-20 06:20:00,17724209537,9117598724,1,up,472.646,243.136,47.265,0.1013,0
2026-02-20 06:25:00,16135461032,9715433574,0,up,430.279,259.078,43.028,0.0981,0
2026-02-20 06:30:00,13156463716,11133208270,1,up,350.839,296.886,35.084,0.1742,0
2026-02-20 06:35:00,18337366619,12027234306,1,up,488.996,320.726,48.9,0.1324,0
2026-02-20 06:40:00,17197860651,8618580836,3,up,458.61,229.829,45.861,0.3999,0
2026-02-20 06:45:00,16047775866,10287331230,3,up,427.941,274.329,42.794,0.308,0
2026-02-20 06:50:00,14592328622,10856744836,4,up,389.129,289.513,38.913,0.4268,0
2026-02-20 06:55:00,13273009373,10371408947,5,up,353.947,276.571,35.395,0.5145,0
2026-02-20 07:00:00,14330027803,7379241995,7,up,382.134,196.78,38.213,0.7691,0
2026-02-20 07:05:00,16959747515,11131373411,1,up,452.26,296.837,45.226,0.1691,0
2026-02-20 07:10:00,18392255350,12414363802,12,up,490.46,331.05,49.046,1.2539,0
2026-02-20 07:15:00,17777838350,10646993806,0,up,474.076,283.92,47.408,0.0729,0
2026-02-20 07:20:00,14120071040,9200806372,3,up,376.535,245.355,37.654,0.3759,0
2026-02-20 07:25:00,12984688620,9853459669,2,up,346.258,262.759,34.626,0.2291,0
2026-02-20 07:30:00,15253595244,12730090465,5,up,406.763,339.469,40.676,0.5093,0
2026-02-20 07:35:00,11816809141,11646552801,1,up,315.115,310.575,31.511,0.1943,0
2026-02-20 07:40:00,15581701885,11306433539,4,up,415.512,301.505,41.551,0.4597,0
2026-02-20 07:45:00,14734315344,10949079855,7,up,392.915,291.975,39.292,0.7985,0
2026-02-20 07:50:00,14161134296,9666967238,3,up,377.63,257.786,37.763,0.3954,0
2026-02-20 07:55:00,12129534478,10247280312,4,up,323.454,273.261,32.345,0.449,0
2026-02-20 08:00:00,15924480191,10401817353,0,up,424.653,277.382,42.465,0.0209,0
2026-02-20 08:05:00,14041138488,11192463638,0,up,374.43,298.466,37.443,0.0688,0
2026-02-20 08:10:00,12894149695,12401237806,10,up,343.844,330.7,34.384,1.0984,0
2026-02-20 08:15:00,9829928016,11909106052,3,up,262.131,317.576,26.213,0.3545,0
2026-02-20 08:20:00,14950473170,8711575711,2,up,398.679,232.309,39.868,0.2473,0
2026-02-20 08:25:00,18190052874,10782233660,1,up,485.068,287.526,48.507,0.1372,0
2026-02-20 08:30:00,17990266586,11428321814,0,up,479.74,304.755,47.974,0.0136,0
2026-02-20 08:35:00,14177226738,11279764015,1,up,378.059,300.794,37.806,0.1382,0
2026-02-20 08:40:00,13916018291,9707165458,2,up,371.094,258.858,37.109,0.2073,0
2026-02-20 08:45:00,15843793660,14171777611,0,up,422.501,377.914,42.25,0.0713,0
2026-02-20 08:50:00,13202906209,8890873451,0,up,352.077,237.09,35.208,0.057,0
2026-02-20 08:55:00,15543225419,9135182557,2,up,414.486,243.605,41.449,0.213,0
2026-02-20 09:00:00,16378944501,10794329802,2,up,436.772,287.849,43.677,0.2645,0
2026-02-20 09:05:00,17208479802,13167171849,0,up,458.893,351.125,45.889,0.0823,0
2026-02-20 09:10:00,14819722662,9446394488,2,up,395.193,251.904,39.519,0.2656,0
2026-02-20 09:15:00,14633387249,10165056259,6,up,390.224,271.068,39.022,0.6918,0
2026-02-20 09:20:00,13419631343,11857390027,1,up,357.857,316.197,35.786,0.1923,0
2026-02-20 09:25:00,13511615362,10477493684,5,up,360.31,279.4,36.031,0.5843,0
2026-02-20 09:30:00,14592337994,10078399143,7,up,389.129,268.757,38.913,0.7863,0
2026-02-20 09:35:00,15661257912,11212697456,0,up,417.634,299.005,41.763,0.0291,0
2026-02-20 09:40:00,16644452327,10843372667,0,up,443.852,289.157,44.385,0.0302,0
2026-02-20 09:45:00,13554277888,11798352869,1,up,361.447,314.623,36.145,0.1939,0
2026-02-20 09:50:00,17686839424,12127250800,2,up,471.649,323.393,47.165,0.2661,0
2026-02-20 09:55:00,14511977518,10886823855,1,up,386.986,290.315,38.699,0.1665,0
2026-02-20 10:00:00,14961538870,10867583233,1,up,398.974,289.802,39.897,0.1186,0
2026-02-20 10:05:00,13655018977,10769779837,3,up,364.134,287.194,36.413,0.3073,0
2026-02-20 10:10:00,10636367531,11116304501,0,up,283.636,296.435,28.364,0.0006,0
2026-02-20 10:15:00,16591281713,10569515003,10,up,442.434,281.854,44.243,1.0333,0
2026-02-20 10:20:00,16326319014,10499233312,0,up,435.369,279.98,43.537,0.0792,0
2026-02-20 10:25:00,14493610397,12007750172,7,up,386.496,320.207,38.65,0.747,0
2026-02-20 10:30:00,15120583291,12410306387,0,up,403.216,330.942,40.322,0.0346,0
2026-02-20 10:35:00,15928690591,8600483289,0,up,424.765,229.346,42.477,0.0816,0
2026-02-20 10:40:00,12187417457,10512626651,0,up,324.998,280.337,32.5,0.0803,0
2026-02-20 10:45:00,14047705180,9632245013,16,up,374.605,256.86,37.461,1.6681,0
2026-02-20 10:50:00,16429676423,10108175952,0,up,438.125,269.551,43.812,0.0014,0
2026-02-20 10:55:00,12742279038,11007170424,3,up,339.794,293.525,33.979,0.3062,0
2026-02-20 11:00:00,15528404277,11343492348,6,up,414.091,302.493,41.409,0.6113,0
2026-02-20 11:05:00,12558152751,10358720681,3,up,334.884,276.233,33.488,0.3347,0
2026-02-20 11:10:00,15839573968,8089191178,1,up,422.389,215.712,42.239,0.1352,0
2026-02-20 11:15:00,14935845331,9284042568,9,up,398.289,247.574,39.829,0.9532,0
2026-02-20 11:20:00,12092762731,11629589584,6,up,322.474,310.122,32.247,0.6719,0
2026-02-20 11:25:00,17096530838,7047062708,1,up,455.907,187.922,45.591,0.1707,0
2026-02-20 11:30:00,13677735161,11996158211,2,up,364.74,319.898,36.474,0.2555,0
2026-02-20 11:35:00,13541545613,11156749788,10,up,361.108,297.513,36.111,1.0281,0
2026-02-20 11:40:00,15361024555,12158381862,12,up,409.627,324.224,40.963,1.2147,0
2026-02-20 11:45:00,17067547228,10249802824,1,up,455.135,273.328,45.513,0.1793,0
2026-02-20 11:50:00,13171520725,7902629165,5,up,351.241,210.737,35.124,0.5639,0
2026-02-20 11:55:00,15111023729,11042256928,1,up,402.961,294.46,40.296,0.1079,0
2026-02-20 12:00:00,15771869700,12106062936,1,up,420.583,322.828,42.058,0.1395,0
2026-02-20 12:05:00,16247590093,11665149474,0,up,433.269,311.071,43.327,0.054,0
2026-02-20 12:10:00,15317594799,9665008730,0,up,408.469,257.734,40.847,0.0704,0
2026-02-20 12:15:00,14339349889,10609318955,3,up,382.383,282.915,38.238,0.3209,0
2026-02-20 12:20:00,13510337602,9828626301,2,up,360.276,262.097,36.028,0.2145,0
2026-02-20 12:25:00,15155058989,9467724255,0,up,404.135,252.473,40.413,0.0789,0
2026-02-20 12:30:00,13070149778,11703789599,1,up,348.537,312.101,34.854,0.1547,0
2026-02-20 12:35:00,9741569129,8991109287,1,up,259.775,239.763,25.978,0.1401,0
2026-02-20 12:40:00,15785807647,9373791297,13,up,420.955,249.968,42.095,1.3113,0
2026-02-20 12:45:00,16627082713,9108927701,5,up,443.389,242.905,44.339,0.5764,0
2026-02-20 12:50:00,10746721616,8622288120,1,up,286.579,229.928,28.658,0.1473,0
2026-02-20 12:55:00,13182484731,10684482007,7,up,351.533,284.92,35.153,0.7357,0
2026-02-20 13:00:00,16114477669,11963493841,1,up,429.719,319.027,42.972,0.1259,0
2026-02-20 13:05:00,18703491845,10267055287,3,up,498.76,273.788,49.876,0.3307,0
2026-02-20 13:10:00,15037428673,8602757771,10,up,400.998,229.407,40.1,1.0202,0
2026-02-20 13:15:00,13689594705,11558330120,1,up,365.056,308.222,36.506,0.1484,0
2026-02-20 13:20:00,14670786406,12623984210,3,up,391.221,336.64,39.122,0.3417,0
2026-02-20 13:25:00,17474777554,9685734671,1,up,465.994,258.286,46.599,0.1053,0
2026-02-20 13:30:00,13837264477,9897021623,0,up,368.994,263.921,36.899,0.0929,0
2026-02-20 13:35:00,13561454388,11149732393,2,up,361.639,297.326,36.164,0.2561,0
2026-02-20 13:40:00,14131061660,12543560922,11,up,376.828,334.495,37.683,1.1628,0
2026-02-20 13:45:00,13284008505,9845008976,1,up,354.24,262.534,35.424,0.1811,0
2026-02-20 13:50:00,15220806568,8821113275,8,up,405.888,235.23,40.589,0.8324,0
2026-02-20 13:55:00,17924421225,11295587443,7,up,477.985,301.216,47.798,0.7373,0
2026-02-20 14:00:00,15581542691,11506825772,0,up,415.508,306.849,41.551,0.0878,0
2026-02-20 14:05:00,14545763696,10507725627,1,up,387.887,280.206,38.789,0.1542,0
2026-02-20 14:10:00,14474739715,9796752092,3,up,385.993,261.247,38.599,0.3093,0
2026-02-20 14:15:00,12186256544,11752917201,2,up,324.967,313.411,32.497,0.219,0
2026-02-20 14:20:00,16589597598,11165325365,0,up,442.389,297.742,44.239,0.0303,0
2026-02-20 14:25:00,14859893045,9531771248,15,up,396.264,254.181,39.626,1.5201,0
2026-02-20 14:30:00,14675136155,10561859361,4,up,391.337,281.65,39.134,0.4191,0
2026-02-20 14:35:00,20747593622,8796848509,1,up,553.269,234.583,55.327,0.1727,0
2026-02-20 14:40:00,15537755235,11364221975,2,up,414.34,303.046,41.434,0.2888,0
2026-02-20 14:45:00,13646776109,10169585702,0,up,363.914,271.189,36.391,0.0275,0
2026-02-20 14:50:00,14232556326,9951004351,2,up,379.535,265.36,37.953,0.2051,0
2026-02-20 14:55:00,17067202276,10458578148,8,up,455.125,278.895,45.513,0.8014,0
2026-02-20 15:00:00,15203886738,10550787701,6,up,405.437,281.354,40.544,0.6807,0
2026-02-20 15:05:00,12411099639,11627611877,1,up,330.963,310.07,33.096,0.1235,0
2026-02-20 15:10:00,16654612082,11244774069,2,up,444.123,299.861,44.412,0.2274,0
2026-02-20 15:15:00,13797340646,10302924308,3,up,367.929,274.745,36.793,0.3586,0
2026-02-20 15:20:00,18371935997,11462221868,1,up,489.918,305.659,48.992,0.1247,0
2026-02-20 15:25:00,16944086518,11004928939,0,up,451.842,293.465,45.184,0.0201,0
2026-02-20 15:30:00,14194820587,9962484458,2,up,378.529,265.666,37.853,0.2112,0
2026-02-20 15:35:00,17305829451,10342855120,2,up,461.489,275.809,46.149,0.2761,0
2026-02-20 15:40:00,15122139918,10313239160,0,up,403.257,275.02,40.326,0.0018,0
2026-02-20 15:45:00,16534992615,11136629292,0,up,440.933,296.977,44.093,0.0301,0
2026-02-20 15:50:00,15872519071,10037551505,0,up,423.267,267.668,42.327,0.0697,0
2026-02-20 15:55:00,13476558021,10008084425,1,up,359.375,266.882,35.937,0.1283,0
2026-02-20 16:00:00,13841610301,12980634209,2,up,369.11,346.15,36.911,0.2336,0
2026-02-20 16:05:00,16853929471,11684066707,1,up,449.438,311.575,44.944,0.1044,0
2026-02-20 16:10:00,14397404402,9541643162,0,up,383.931,254.444,38.393,0.097,0
2026-02-20 16:15:00,14273432766,11219385652,6,up,380.625,299.184,38.062,0.6106,0
2026-02-20 16:20:00,13280779357,10649121082,0,up,354.154,283.977,35.415,0.047,0
2026-02-20 16:25:00,15762478318,10993354480,2,up,420.333,293.156,42.033,0.2052,0
2026-02-20 16:30:00,18712544854,10673050068,9,up,499.001,284.615,49.9,0.9162,0
2026-02-20 16:35:00,13078440754,11998949733,2,up,348.758,319.972,34.876,0.2943,0
2026-02-20 16:40:00,15043595022,10935481634,3,up,401.163,291.613,40.116,0.3789,0
2026-02-20 16:45:00,17541996999,10421768240,1,up,467.787,277.914,46.779,0.1693,0
2026-02-20 16:50:00,14856645495,11813160126,0,up,396.177,315.018,39.618,0.006,0
2026-02-20 16:55:00,15814269233,10793939151,3,up,421.714,287.838,42.171,0.3116,0
2026-02-20 17:00:00,13087691649,10653063009,2,up,349.005,284.082,34.901,0.2998,0
2026-02-20 17:05:00,15770952774,10895668479,0,up,420.559,290.551,42.056,0.0351,0
2026-02-20 17:10:00,14663140322,10382052630,1,up,391.017,276.855,39.102,0.1861,0
2026-02-20 17:15:00,16774313992,10511626011,7,up,447.315,280.31,44.732,0.7407,0
2026-02-20 17:20:00,17137294892,9760764818,0,up,456.995,260.287,45.699,0.0689,0
2026-02-20 17:25:00,19661214555,9553529303,1,up,524.299,254.761,52.43,0.1855,0
2026-02-20 17:30:00,16043339711,9241801313,1,up,427.822,246.448,42.782,0.1855,0
2026-02-20 17:35:00,15586433369,8746101058,4,up,415.638,233.229,41.564,0.4994,0
2026-02-20 17:40:00,15349891742,9391556124,5,up,409.33,250.441,40.933,0.5222,0
2026-02-20 17:45:00,14364300672,10280423536,4,up,383.048,274.145,38.305,0.4272,0
2026-02-20 17:50:00,15609270918,10629928153,1,up,416.247,283.465,41.625,0.1365,0
2026-02-20 17:55:00,14468277461,10158166330,0,up,385.821,270.884,38.582,0.0224,0
2026-02-20 18:00:00,15303229757,7531813602,1,up,408.086,200.848,40.809,0.129,0
2026-02-20 18:05:00,17371675564,12483978810,3,up,463.245,332.906,46.324,0.3416,0
2026-02-20 18:10:00,13188223382,11868964954,3,up,351.686,316.506,35.169,0.364,0
2026-02-20 18:15:00,17051781410,11061657412,10,up,454.714,294.978,45.471,1.0057,0
2026-02-20 18:20:00,17370807121,12903438247,1,up,463.222,344.092,46.322,0.1813,0
2026-02-20 18:25:00,14787476651,9268521211,3,up,394.333,247.161,39.433,0.3003,0
2026-02-20 18:30:00,11180661181,12878407651,2,up,298.151,343.424,29.815,0.2324,0
2026-02-20 18:35:00,13905920423,9283830263,0,up,370.825,247.569,37.082,0.049,0
2026-02-20 18:40:00,17334590183,10800809785,1,up,462.256,288.022,46.226,0.1855,0
2026-02-20 18:45:00,14958837487,8894964970,2,up,398.902,237.199,39.89,0.2361,0
2026-02-20 18:50:00,13201255981,10518514560,9,up,352.033,280.494,35.203,0.9033,0
2026-02-20 18:55:00,14091405141,10986569787,1,up,375.771,292.975,37.577,0.137,0
2026-02-20 19:00:00,16513116047,10305090182,11,up,440.35,274.802,44.035,1.1751,0
2026-02-20 19:05:00,15984120422,11399485579,2,up,426.243,303.986,42.624,0.2345,0
2026-02-20 19:10:00,14569922221,10624758206,0,up,388.531,283.327,38.853,0.0833,0
2026-02-20 19:15:00,14339716058,9841757442,0,up,382.392,262.447,38.239,0.0638,0
2026-02-20 19:20:00,14294835331,9785815219,0,up,381.196,260.955,38.12,0.0458,0
2026-02-20 19:25:00,13339661667,11521751353,1,up,355.724,307.247,35.572,0.181,0
2026-02-20 19:30:00,17907676241,9676285042,0,up,477.538,258.034,47.754,0.0067,0
2026-02-20 19:35:00,14419823155,11653407742,1,up,384.529,310.758,38.453,0.1767,0
2026-02-20 19:40:00,17190885337,12040616858,13,up,458.424,321.083,45.842,1.3371,0
2026-02-20 19:45:00,17738368893,8397420533,3,up,473.023,223.931,47.302,0.3327,0
2026-02-20 19:50:00,16796959616,11927487247,4,up,447.919,318.066,44.792,0.4279,0
2026-02-20 19:55:00,14223083437,13096132600,0,up,379.282,349.23,37.928,0.038,0
2026-02-20 20:00:00,15726714162,10817524739,1,up,419.379,288.467,41.938,0.1922,0
2026-02-20 20:05:00,14956447908,11254846073,1,up,398.839,300.129,39.884,0.1012,0
2026-02-20 20:10:00,13373336650,11806626708,6,up,356.622,314.843,35.662,0.6736,0
2026-02-20 20:15:00,15583846707,10152892282,0,up,415.569,270.744,41.557,0.06,0
2026-02-20 20:20:00,12877728375,10729673081,1,up,343.406,286.125,34.341,0.1842,0
2026-02-20 20:25:00,17137822899,8844108592,2,up,457.009,235.843,45.701,0.2661,0
2026-02-20 20:30:00,14163688864,10674680135,2,up,377.698,284.658,37.77,0.2165,0
2026-02-20 20:35:00,15362087380,11127621114,5,up,409.656,296.737,40.966,0.532,0
2026-02-20 20:40:00,15509918168,11150365408,0,up,413.598,297.343,41.36,0.079,0
2026-02-20 20:45:00,14533971047,11842435151,1,up,387.573,315.798,38.757,0.1422,0
2026-02-20 20:50:00,16056048842,9523749255,4,up,428.161,253.967,42.816,0.4712,0
2026-02-20 20:55:00,14145173418,9828915486,2,up,377.205,262.104,37.72,0.2253,0
2026-02-20 21:00:00,16568335135,12888339255,1,up,441.822,343.689,44.182,0.1543,0
2026-02-20 21:05:00,12577236575,10310586249,0,up,335.393,274.949,33.539,0.009,0
2026-02-20 21:10:00,15227483243,10752042572,4,up,406.066,286.721,40.607,0.42,0
2026-02-20 21:15:00,18490072198,10415567347,10,up,493.069,277.748,49.307,1.0746,0
2026-02-20 21:20:00,13199403615,9464682158,2,up,351.984,252.392,35.198,0.2905,0
2026-02-20 21:25:00,13780059053,12545646805,5,up,367.468,334.551,36.747,0.5825,0
2026-02-20 21:30:00,15925034129,9835096220,2,up,424.668,262.269,42.467,0.2182,0
2026-02-20 21:35:00,15323247207,9079620240,0,up,408.62,242.123,40.862,0.0791,0
2026-02-20 21:40:00,15631134178,9932067250,0,up,416.83,264.855,41.683,0.0044,0
2026-02-20 21:45:00,15880536834,7977850437,3,up,423.481,212.743,42.348,0.3179,0
2026-02-20 21:50:00,16142498643,9679377794,2,up,430.467,258.117,43.047,0.2038,0
2026-02-20 21:55:00,16997459715,9280157966,4,up,453.266,247.471,45.327,0.4571,0
2026-02-20 22:00:00,15737673582,11277960074,3,up,419.671,300.746,41.967,0.3559,0
2026-02-20 22:05:00,14565736221,9651498058,13,up,388.42,257.373,38.842,1.3257,0
2026-02-20 22:10:00,16210632662,11618632958,2,up,432.284,309.83,43.228,0.2142,0
2026-02-20 22:15:00,18419787482,12262089831,1,up,491.194,326.989,49.119,0.1672,0
2026-02-20 22:20:00,14761259256,11484280923,1,up,393.634,306.247,39.363,0.1014,0
2026-02-20 22:25:00,13245847251,10228610756,1,up,353.223,272.763,35.322,0.1944,0
2026-02-20 22:30:00,16992745204,10677804265,6,up,453.14,284.741,45.314,0.6188,0
2026-02-20 22:35:00,14783313904,8578518975,0,up,394.222,228.761,39.422,0.013,0
2026-02-20 22:40:00,11089194817,10331437990,11,up,295.712,275.505,29.571,1.1437,0
2026-02-20 22:45:00,16525359018,9415847530,15,up,440.676,251.089,44.068,1.502,0
2026-02-20 22:50:00,14036409265,11374851240,2,up,374.304,303.329,37.43,0.2733,0
2026-02-20 22:55:00,14837040091,13741668010,1,up,395.654,366.444,39.565,0.1208,0
2026-02-20 23:00:00,15597564595,11129775261,0,up,415.935,296.794,41.594,0.0757,0
2026-02-20 23:05:00,15342899423,7991163412,0,up,409.144,213.098,40.914,0.0971,0
2026-02-20 23:10:00,16277013270,10044849956,0,up,434.054,267.863,43.405,0.0154,0
2026-02-20 23:15:00,14216124532,10654338565,1,up,379.097,284.116,37.91,0.1934,0
2026-02-20 23:20:00,15923590436,10610070355,0,up,424.629,282.935,42.463,0.0177,0
2026-02-20 23:25:00,14532815980,9579175461,3,up,387.542,255.445,38.754,0.3803,0
2026-02-20 23:30:00,16329858865,10809067595,1,up,435.463,288.242,43.546,0.1395,0
2026-02-20 23:35:00,16107661471,8934448945,0,up,429.538,238.252,42.954,0.0667,0
2026-02-20 23:40:00,13316210336,9309415009,2,up,355.099,248.251,35.51,0.2361,0
2026-02-20 23:45:00,16954767809,11313705028,10,up,452.127,301.699,45.213,1.0921,0
2026-02-20 23:50:00,14035265798,9220264329,3,up,374.274,245.874,37.427,0.3564,0
2026-02-20 23:55:00,16454504036,11178146622,2,up,438.787,298.084,43.879,0.203,0
2026-02-21 00:00:00,15661117164,8774475643,4,up,417.63,233.986,41.763,0.4501,0
2026-02-21 00:05:00,18308730618,12723680613,4,up,488.233,339.298,48.823,0.4012,0
2026-02-21 00:10:00,14597761231,9524419897,6,up,389.274,253.985,38.927,0.667,0
2026-02-21 00:15:00,14371229766,10218180119,0,up,383.233,272.485,38.323,0.0687,0
2026-02-21 00:20:00,14965044709,10916572708,5,up,399.068,291.109,39.907,0.5874,0
2026-02-21 00:25:00,14454276390,9787659059,1,up,385.447,261.004,38.545,0.1074,0
2026-02-21 00:30:00,16439895423,10680691510,8,up,438.397,284.818,43.84,0.8491,0
2026-02-21 00:35:00,12090640904,11224949472,0,up,322.417,299.332,32.242,0.099,0
2026-02-21 00:40:00,13103371645,11710372672,7,up,349.423,312.277,34.942,0.7846,0
2026-02-21 00:45:00,13077954741,11497286769,9,up,348.745,306.594,34.875,0.9955,0
2026-02-21 00:50:00,16710553665,10283518815,0,up,445.615,274.227,44.561,0.0472,0
2026-02-21 00:55:00,18079104070,10315243964,11,up,482.109,275.073,48.211,1.1007,0
2026-02-21 01:00:00,14811991406,13459876783,0,up,394.986,358.93,39.499,0.0269,0
2026-02-21 01:05:00,14696120898,11696860225,0,up,391.897,311.916,39.19,0.074,0
2026-02-21 01:10:00,15126093893,9338502193,1,up,403.363,249.027,40.336,0.1762,0
2026-02-21 01:15:00,17091380944,10625985086,15,up,455.77,283.36,45.577,1.5153,0
2026-02-21 01:20:00,13330764358,10077719645,2,up,355.487,268.739,35.549,0.2012,0
2026-02-21 01:25:00,15429064168,10329478865,2,up,411.442,275.453,41.144,0.2398,0
2026-02-21 01:30:00,16755355733,8950836101,3,up,446.809,238.689,44.681,0.3557,0
2026-02-21 01:35:00,15901969505,9980976724,10,up,424.053,266.159,42.405,1.0354,0
2026-02-21 01:40:00,15341246909,12782560274,4,up,409.1,340.868,40.91,0.4588,0
2026-02-21 01:45:00,16801882966,11229636139,0,up,448.05,299.457,44.805,0.0761,0
2026-02-21 01:50:00,10134181872,7361136625,1,up,270.245,196.297,27.024,0.1083,0
2026-02-21 01:55:00,16220175575,12033071600,0,up,432.538,320.882,43.254,0.0308,0
2026-02-21 02:00:00,13822663770,11872933198,3,up,368.604,316.612,36.86,0.3102,0
2026-02-21 02:05:00,11704860785,10047300516,0,up,312.13,267.928,31.213,0.0598,0
2026-02-21 02:10:00,15920164679,11403752065,0,up,424.538,304.1,42.454,0.0893,0
2026-02-21 02:15:00,17472585381,9417156994,6,up,465.936,251.124,46.594,0.6571,0
2026-02-21 02:20:00,14752592673,9907477797,1,up,393.402,264.199,39.34,0.1187,0
2026-02-21 02:25:00,16715174184,12388168414,2,up,445.738,330.351,44.574,0.2509,0
2026-02-21 02:30:00,17902100864,10157620149,1,up,477.389,270.87,47.739,0.152,0
2026-02-21 02:35:00,17366846016,8144138105,0,up,463.116,217.177,46.312,0.0231,0
2026-02-21 02:40:00,17951936152,10420237939,1,up,478.718,277.873,47.872,0.1352,0
2026-02-21 02:45:00,16335829483,10400978624,1,up,435.622,277.359,43.562,0.1573,0
2026-02-21 02:50:00,15135780550,12009944397,6,up,403.621,320.265,40.362,0.6781,0
2026-02-21 02:55:00,12116461538,10518063891,1,up,323.106,280.482,32.311,0.1177,0
2026-02-21 03:00:00,14557087521,9968806287,1,up,388.189,265.835,38.819,0.143,0
2026-02-21 03:05:00,13482156128,11816770742,4,up,359.524,315.114,35.952,0.4582,0
2026-02-21 03:10:00,18907696891,10652195692,4,up,504.205,284.059,50.421,0.4268,0
2026-02-21 03:15:00,14683405537,9554971421,4,up,391.557,254.799,39.156,0.4803,0
2026-02-21 03:20:00,15221768652,11955296926,9,up,405.914,318.808,40.591,0.9222,0
2026-02-21 03:25:00,15992673676,10744013823,4,up,426.471,286.507,42.647,0.4762,0
2026-02-21 03:30:00,15078484403,10503686718,1,up,402.093,280.098,40.209,0.1571,0
2026-02-21 03:35:00,18051091872,10724164573,5,up,481.362,285.978,48.136,0.517,0
2026-02-21 03:40:00,13879231148,9150957852,2,up,370.113,244.026,37.011,0.2132,0
2026-02-21 03:45:00,15350293419,9835156242,0,up,409.341,262.271,40.934,0.0976,0
2026-02-21 03:50:00,13663552945,10504514078,1,up,364.361,280.12,36.436,0.1083,0
2026-02-21 03:55:00,12623959479,10254723744,0,up,336.639,273.459,33.664,0.076,0
2026-02-21 04:00:00,13898815636,12103259762,0,up,370.635,322.754,37.064,0.047,0
2026-02-21 04:05:00,14933333765,10773931374,0,up,398.222,287.305,39.822,0.0612,0
2026-02-21 04:10:00,14227255995,11577178942,0,up,379.393,308.725,37.939,0.0196,0
2026-02-21 04:15:00,13753642236,10511838146,6,up,366.764,280.316,36.676,0.658,0
2026-02-21 04:20:00,12468628565,11830923489,8,up,332.497,315.491,33.25,0.8021,0
2026-02-21 04:25:00,14850409969,11000884973,2,up,396.011,293.357,39.601,0.2651,0
2026-02-21 04:30:00,12291503326,10516909811,5,up,327.773,280.451,32.777,0.5507,0
2026-02-21 04:35:00,16368100734,10483263307,0,up,436.483,279.554,43.648,0.0608,0
2026-02-21 04:40:00,15148391555,9297407330,6,up,403.957,247.931,40.396,0.6958,0
2026-02-21 04:45:00,12376407300,11138713807,2,up,330.038,297.032,33.004,0.2118,0
2026-02-21 04:50:00,14443423661,10449342034,0,up,385.158,278.649,38.516,0.0209,0
2026-02-21 04:55:00,13646118469,9867490130,0,up,363.896,263.133,36.39,0.0457,0
2026-02-21 05:00:00,15574514118,11894141831,1,up,415.32,317.177,41.532,0.1109,0
2026-02-21 05:05:00,17412810802,8924727807,0,up,464.342,237.993,46.434,0.0134,0
2026-02-21 05:10:00,11624689554,9967655171,1,up,309.992,265.804,30.999,0.111,0
2026-02-21 05:15:00,15207046942,11794925623,0,up,405.521,314.531,40.552,0.0185,0
2026-02-21 05:20:00,14711760967,10897558905,0,up,392.314,290.602,39.231,0.0808,0
2026-02-21 05:25:00,16208412137,10439697751,0,up,432.224,278.392,43.222,0.0926,0
2026-02-21 05:30:00,15383753930,10816264464,15,up,410.233,288.434,41.023,1.5538,0
2026-02-21 05:35:00,13646455202,10726061855,0,up,363.905,286.028,36.391,0.0806,0
2026-02-21 05:40:00,14425702915,8589005191,0,up,384.685,229.04,38.469,0.082,0
2026-02-21 05:45:00,13567153457,10059930024,3,up,361.791,268.265,36.179,0.3483,0
2026-02-21 05:50:00,16936812849,12536817284,5,up,451.648,334.315,45.165,0.5885,0
2026-02-21 05:55:00,15038360967,9669251590,1,up,401.023,257.847,40.102,0.1468,0
2026-02-21 06:00:00,18422143234,10098940722,6,up,491.257,269.305,49.126,0.6253,0
2026-02-21 06:05:00,14890810535,9817557838,1,up,397.088,261.802,39.709,0.1247,0
2026-02-21 06:10:00,13724867819,10390360818,0,up,365.996,277.076,36.6,0.0658,0
2026-02-21 06:15:00,12275314093,9765265232,1,up,327.342,260.407,32.734,0.12,0
2026-02-21 06:20:00,11754348582,11113294292,2,up,313.449,296.355,31.345,0.282,0
2026-02-21 06:25:00,12148555302,10748614899,1,up,323.961,286.63,32.396,0.1373,0
2026-02-21 06:30:00,15480827971,11474669995,3,up,412.822,305.991,41.282,0.3352,0
2026-02-21 06:35:00,15915705041,9175814130,0,up,424.419,244.688,42.442,0.0811,0
2026-02-21 06:40:00,12153856736,10071170991,3,up,324.103,268.565,32.41,0.3622,0
2026-02-21 06:45:00,16611068965,10215589484,1,up,442.962,272.416,44.296,0.1281,0
2026-02-21 06:50:00,14130490106,11074115106,1,up,376.813,295.31,37.681,0.1826,0
2026-02-21 06:55:00,15264227421,9500541291,2,up,407.046,253.348,40.705,0.2448,0
2026-02-21 07:00:00,17901997130,11653723793,3,up,477.387,310.766,47.739,0.3477,0
2026-02-21 07:05:00,16614310768,11994883644,0,up,443.048,319.864,44.305,0.0818,0
2026-02-21 07:10:00,14516644833,9254020841,5,up,387.111,246.774,38.711,0.5423,0
2026-02-21 07:15:00,13395853994,9881500152,3,up,357.223,263.507,35.722,0.3839,0
2026-02-21 07:20:00,11126732277,9829766299,0,up,296.713,262.127,29.671,0.08,0
2026-02-21 07:25:00,13705524025,13816806617,11,up,365.481,368.448,36.548,1.1064,0
2026-02-21 07:30:00,14619965570,9958325867,3,up,389.866,265.555,38.987,0.3279,0
2026-02-21 07:35:00,13223076851,12613808057,1,up,352.615,336.368,35.262,0.1807,0
2026-02-21 07:40:00,14763737459,8904043686,0,up,393.7,237.441,39.37,0.0514,0
2026-02-21 07:45:00,15138333389,9253039782,2,up,403.689,246.748,40.369,0.2286,0
2026-02-21 07:50:00,14595259232,9634878289,0,up,389.207,256.93,38.921,0.054,0
2026-02-21 07:55:00,13829995354,9434431467,1,up,368.8,251.585,36.88,0.1684,0
2026-02-21 08:00:00,15303578409,10162447594,1,up,408.095,270.999,40.81,0.1576,0
2026-02-21 08:05:00,15795493169,9606939464,3,up,421.213,256.185,42.121,0.3818,0
2026-02-21 08:10:00,13037281660,9467629593,0,up,347.661,252.47,34.766,0.0641,0
2026-02-21 08:15:00,17539678283,11959674715,5,up,467.725,318.925,46.772,0.5176,0
2026-02-21 08:20:00,14822541361,12041979964,1,up,395.268,321.119,39.527,0.1184,0
2026-02-21 08:25:00,15033929321,11696113587,1,up,400.905,311.896,40.09,0.1761,0
2026-02-21 08:30:00,16274785961,11160238684,4,up,433.994,297.606,43.399,0.444,0
2026-02-21 08:35:00,15419789036,10616856262,2,up,411.194,283.116,41.119,0.2946,0
2026-02-21 08:40:00,16715645941,9873741329,1,up,445.751,263.3,44.575,0.1105,0
2026-02-21 08:45:00,15516823497,9299021544,1,up,413.782,247.974,41.378,0.1464,0
2026-02-21 08:50:00,13897612725,10957374586,1,up,370.603,292.197,37.06,0.1095,0
2026-02-21 08:55:00,15650706345,9021225705,2,up,417.352,240.566,41.735,0.271,0
2026-02-21 09:00:00,12941292826,9247659629,1,up,345.101,246.604,34.51,0.1213,0
2026-02-21 09:05:00,15195407470,11952670702,3,up,405.211,318.738,40.521,0.3881,0
2026-02-21 09:10:00,14940186016,12894817792,2,up,398.405,343.862,39.84,0.2601,0
2026-02-21 09:15:00,14625389656,10995551874,0,up,390.01,293.215,39.001,0.0472,0
2026-02-21 09:20:00,14768632479,11894136011,1,up,393.83,317.177,39.383,0.1114,0
2026-02-21 09:25:00,11612671718,10190231120,0,up,309.671,271.739,30.967,0.0751,0
2026-02-21 09:30:00,14012295166,8814530525,1,up,373.661,235.054,37.366,0.1484,0
2026-02-21 09:35:00,15167120822,11271336239,2,up,404.457,300.569,40.446,0.2177,0
2026-02-21 09:40:00,15287741505,11217304547,2,up,407.673,299.128,40.767,0.212,0
2026-02-21 09:45:00,13150184746,10590302377,4,up,350.672,282.408,35.067,0.4214,0
2026-02-21 09:50:00,17278274113,10194606922,0,up,460.754,271.856,46.075,0.0629,0
2026-02-21 09:55:00,13440885273,11712385329,8,up,358.424,312.33,35.842,0.8783,0
2026-02-21 10:00:00,16745022960,9257976377,1,up,446.534,246.879,44.653,0.126,0
2026-02-21 10:05:00,15768949851,9525036470,1,up,420.505,254.001,42.051,0.1071,0
2026-02-21 10:10:00,13836790842,9229785801,3,up,368.981,246.128,36.898,0.3467,0
2026-02-21 10:15:00,18195559606,10607065932,4,up,485.215,282.855,48.521,0.4912,0
2026-02-21 10:20:00,12851453702,9129254804,1,up,342.705,243.447,34.271,0.1427,0
2026-02-21 10:25:00,16654477512,9637854852,4,up,444.119,257.009,44.412,0.4121,0
2026-02-21 10:30:00,16801048172,9610747991,6,up,448.028,256.287,44.803,0.6456,0
2026-02-21 10:35:00,13792883623,10171633501,4,up,367.81,271.244,36.781,0.4368,0
2026-02-21 10:40:00,17506437540,8625908197,0,up,466.838,230.024,46.684,0.0104,0
2026-02-21 10:45:00,14549916273,10609878289,5,up,387.998,282.93,38.8,0.527,0
2026-02-21 10:50:00,15519648532,12071602599,4,up,413.857,321.909,41.386,0.4468,0
2026-02-21 10:55:00,15468579309,10670719129,3,up,412.495,284.553,41.25,0.332,0
2026-02-21 11:00:00,14758244265,12442064642,4,up,393.553,331.788,39.355,0.4282,0
2026-02-21 11:05:00,16459454891,12180837714,11,up,438.919,324.822,43.892,1.1651,0
2026-02-21 11:10:00,16428279696,11479946159,1,up,438.087,306.132,43.809,0.1692,0
2026-02-21 11:15:00,11852642448,10594104161,0,up,316.07,282.509,31.607,0.0209,0
2026-02-21 11:20:00,17347812437,10528350489,1,up,462.608,280.756,46.261,0.1854,0
2026-02-21 11:25:00,12007514421,11462387713,0,up,320.2,305.664,32.02,0.0143,0
2026-02-21 11:30:00,16858583167,10006495032,1,up,449.562,266.84,44.956,0.1045,0
2026-02-21 11:35:00,17028069246,8128023853,2,up,454.082,216.747,45.408,0.2652,0
2026-02-21 11:40:00,13036260425,11119925108,1,up,347.634,296.531,34.763,0.1112,0
2026-02-21 11:45:00,14260534281,9074853526,3,up,380.281,241.996,38.028,0.3469,0
2026-02-21 11:50:00,13009731596,9287702052,5,up,346.926,247.672,34.693,0.5178,0
2026-02-21 11:55:00,14613142145,10500282174,1,up,389.684,280.008,38.968,0.1636,0
2026-02-21 12:00:00,14445538288,10380142654,6,up,385.214,276.804,38.521,0.6912,0
2026-02-21 12:05:00,16403388958,8720784736,0,up,437.424,232.554,43.742,0.025,0
2026-02-21 12:10:00,17358555743,10708519370,5,up,462.895,285.561,46.289,0.55,0
2026-02-21 12:15:00,17512230859,11717335972,5,up,466.993,312.462,46.699,0.5291,0
2026-02-21 12:20:00,13988097552,9078289621,1,up,373.016,242.088,37.302,0.1166,0
2026-02-21 12:25:00,14623400627,12103328996,1,up,389.957,322.755,38.996,0.1065,0
2026-02-21 12:30:00,11969811254,8534184760,1,up,319.195,227.578,31.919,0.1092,0
2026-02-21 12:35:00,13549433880,13167828421,5,up,361.318,351.142,36.132,0.5004,0
2026-02-21 12:40:00,16736732939,9981811857,5,up,446.313,266.182,44.631,0.5345,0
2026-02-21 12:45:00,17908049082,10683477416,1,up,477.548,284.893,47.755,0.12,0
2026-02-21 12:50:00,12778172030,8116037698,2,up,340.751,216.428,34.075,0.2694,0
2026-02-21 12:55:00,13933564333,10421708556,0,up,371.562,277.912,37.156,0.0449,0
2026-02-21 13:00:00,14952469637,10787887543,1,up,398.733,287.677,39.873,0.1898,0
2026-02-21 13:05:00,15504290085,10391435748,20,up,413.448,277.105,41.345,2.0158,0
2026-02-21 13:10:00,13542713664,9790517842,0,up,361.139,261.08,36.114,0.0519,0
2026-02-21 13:15:00,15763309880,9307328706,8,up,420.355,248.195,42.035,0.8844,0
2026-02-21 13:20:00,14147089175,11924463540,5,up,377.256,317.986,37.726,0.5216,0
2026-02-21 13:25:00,14973985912,10538816990,10,up,399.306,281.035,39.931,1.075,0
2026-02-21 13:30:00,15983311646,12441347994,0,up,426.222,331.769,42.622,0.0594,0
2026-02-21 13:35:00,15011560085,9836632232,0,up,400.308,262.31,40.031,0.0721,0
2026-02-21 13:40:00,14214505397,9952158686,0,up,379.053,265.391,37.905,0.0051,0
2026-02-21 13:45:00,14802702352,11527648748,3,up,394.739,307.404,39.474,0.387,0
2026-02-21 13:50:00,14840946673,8455051547,3,up,395.759,225.468,39.576,0.3099,0
2026-02-21 13:55:00,14333980146,8971036166,0,up,382.239,239.228,38.224,0.0588,0
2026-02-21 14:00:00,14534167087,11882831063,4,up,387.578,316.875,38.758,0.4698,0
2026-02-21 14:05:00,17877564906,9023363249,1,up,476.735,240.623,47.674,0.1067,0
2026-02-21 14:10:00,16009655006,8207995720,0,up,426.924,218.88,42.692,0.0435,0
2026-02-21 14:15:00,14468135427,12854344256,1,up,385.817,342.783,38.582,0.1647,0
2026-02-21 14:20:00,16254517928,8743789763,0,up,433.454,233.168,43.345,0.0286,0
2026-02-21 14:25:00,14399124918,10731990441,0,up,383.977,286.186,38.398,0.0916,0
2026-02-21 14:30:00,17111624347,10587047342,1,up,456.31,282.321,45.631,0.1392,0
2026-02-21 14:35:00,15665355945,6958608321,5,up,417.743,185.563,41.774,0.5729,0
2026-02-21 14:40:00,14806856140,10163180550,4,up,394.849,271.018,39.485,0.4719,0
2026-02-21 14:45:00,15805890466,11065000694,1,up,421.49,295.067,42.149,0.1754,0
2026-02-21 14:50:00,12172422926,10946429820,3,up,324.598,291.905,32.46,0.3868,0
2026-02-21 14:55:00,12971818555,11638436061,2,up,345.915,310.358,34.592,0.2523,0
2026-02-21 15:00:00,12850934988,10011760943,1,up,342.692,266.98,34.269,0.125,0
2026-02-21 15:05:00,15257297570,11397755597,3,up,406.861,303.94,40.686,0.3883,0
2026-02-21 15:10:00,18118526999,9631445374,3,up,483.161,256.839,48.316,0.3451,0
2026-02-21 15:15:00,19016340263,8722811055,2,up,507.102,232.608,50.71,0.2896,0
2026-02-21 15:20:00,16148491982,8864862246,2,up,430.626,236.396,43.063,0.2887,0
2026-02-21 15:25:00,15901520054,8657740826,3,up,424.041,230.873,42.404,0.3446,0
2026-02-21 15:30:00,11758096078,11772078319,1,up,313.549,313.922,31.355,0.1456,0
2026-02-21 15:35:00,14023187160,8591637378,6,up,373.952,229.11,37.395,0.6099,0
2026-02-21 15:40:00,13581989246,10845288939,0,up,362.186,289.208,36.219,0.0531,0
2026-02-21 15:45:00,13882474323,10164935515,6,up,370.199,271.065,37.02,0.646,0
2026-02-21 15:50:00,14697341126,10370662797,1,up,391.929,276.551,39.193,0.1257,0
2026-02-21 15:55:00,14150236960,12218145191,0,up,377.34,325.817,37.734,0.0401,0
2026-02-21 16:00:00,11437260341,9947581517,2,up,304.994,265.269,30.499,0.2749,0
2026-02-21 16:05:00,16346238461,11270617967,1,up,435.9,300.55,43.59,0.1415,0
2026-02-21 16:10:00,13069062553,10547329822,5,up,348.508,281.262,34.851,0.507,0
2026-02-21 16:15:00,15430644355,10308456178,1,up,411.484,274.892,41.148,0.169,0
2026-02-21 16:20:00,18733348805,13397961096,3,up,499.556,357.279,49.956,0.3313,0
2026-02-21 16:25:00,13345107735,8683909400,1,up,355.87,231.571,35.587,0.1106,0
2026-02-21 16:30:00,10445482459,12124306112,0,up,278.546,323.315,27.855,0.0705,0
2026-02-21 16:35:00,14485192400,11327072272,1,up,386.272,302.055,38.627,0.1473,0
2026-02-21 16:40:00,16981727342,9895798506,2,up,452.846,263.888,45.285,0.28,0
2026-02-21 16:45:00,18525025417,12552941331,3,up,494.001,334.745,49.4,0.321,0
2026-02-21 16:50:00,12786810729,8171381258,2,up,340.982,217.904,34.098,0.259,0
2026-02-21 16:55:00,15894058601,9842574011,13,up,423.842,262.469,42.384,1.3283,0
2026-02-21 17:00:00,14162441177,8977312422,3,up,377.665,239.395,37.767,0.3524,0
2026-02-21 17:05:00,14809292962,11019225165,8,up,394.914,293.846,39.491,0.8044,0
2026-02-21 17:10:00,19759818024,9097539232,0,up,526.928,242.601,52.693,0.0376,0
2026-02-21 17:15:00,12294653408,11045660572,0,up,327.857,294.551,32.786,0.019,0
2026-02-21 17:20:00,15456731390,10265090116,1,up,412.18,273.736,41.218,0.1118,0
2026-02-21 17:25:00,15841847709,9896014032,0,up,422.449,263.894,42.245,0.0441,0
2026-02-21 17:30:00,16954415384,10989695530,2,up,452.118,293.059,45.212,0.2239,0
2026-02-21 17:35:00,15176369676,10161536753,2,up,404.703,270.974,40.47,0.2196,0
2026-02-21 17:40:00,15554490971,9128320097,2,up,414.786,243.422,41.479,0.2567,0
2026-02-21 17:45:00,14295032578,14029729966,4,up,381.201,374.126,38.12,0.4102,0
2026-02-21 17:50:00,15484428494,9886169349,10,up,412.918,263.631,41.292,1.0656,0
2026-02-21 17:55:00,14382253904,7705812559,6,up,383.527,205.488,38.353,0.6318,0
2026-02-21 18:00:00,16118829401,9438955650,0,up,429.835,251.705,42.984,0.0378,0
2026-02-21 18:05:00,14334701395,8903231372,1,up,382.259,237.42,38.226,0.124,0
2026-02-21 18:10:00,15678780709,11540943476,0,up,418.101,307.758,41.81,0.0886,0
2026-02-21 18:15:00,14947326935,10905282351,0,up,398.595,290.808,39.86,0.0584,0
2026-02-21 18:20:00,17026890451,11002378130,2,up,454.05,293.397,45.405,0.2361,0
2026-02-21 18:25:00,14907491297,10033771693,2,up,397.533,267.567,39.753,0.2417,0
2026-02-21 18:30:00,11808541557,10148018688,0,up,314.894,270.614,31.489,0.0773,0
2026-02-21 18:35:00,17271458701,10032626809,3,up,460.572,267.537,46.057,0.3733,0
2026-02-21 18:40:00,13369681858,10397696587,3,up,356.525,277.272,35.652,0.3961,0
2026-02-21 18:45:00,13823220590,11552520128,0,up,368.619,308.067,36.862,0.0064,0
2026-02-21 18:50:00,13927809670,10923455019,1,up,371.408,291.292,37.141,0.1511,0
2026-02-21 18:55:00,17473988567,11130142165,6,up,465.973,296.804,46.597,0.6626,0
2026-02-21 19:00:00,11155786414,11129444224,2,up,297.488,296.785,29.749,0.2204,0
2026-02-21 19:05:00,20647947360,11614397471,1,up,550.612,309.717,55.061,0.1281,0
2026-02-21 19:10:00,16900902256,10863069052,0,up,450.691,289.682,45.069,0.0878,0
2026-02-21 19:15:00,15401830045,10952148571,0,up,410.715,292.057,41.072,0.0837,0
2026-02-21 19:20:00,14901190798,11997895863,0,up,397.365,319.944,39.737,0.0315,0
2026-02-21 19:25:00,15513997334,9662042143,5,up,413.707,257.654,41.371,0.5099,0
2026-02-21 19:30:00,15938020371,9421764349,0,up,425.014,251.247,42.501,0.0272,0
2026-02-21 19:35:00,16161388054,9005738785,1,up,430.97,240.153,43.097,0.1037,0
2026-02-21 19:40:00,16000088038,10730472350,0,up,426.669,286.146,42.667,0.014,0
2026-02-21 19:45:00,15161245226,8164297376,4,up,404.3,217.715,40.43,0.4561,0
2026-02-21 19:50:00,14644790843,11082314161,0,up,390.528,295.528,39.053,0.012,0
2026-02-21 19:55:00,14727708089,10362416700,1,up,392.739,276.331,39.274,0.1106,0
2026-02-21 20:00:00,14649165095,11929646021,2,up,390.644,318.124,39.064,0.2555,0
2026-02-21 20:05:00,17040786174,9653384188,1,up,454.421,257.424,45.442,0.1581,0
2026-02-21 20:10:00,16068402100,10243818960,0,up,428.491,273.169,42.849,0.0995,0
2026-02-21 20:15:00,9707300457,11913976199,0,up,258.861,317.706,25.886,0.0966,0
2026-02-21 20:20:00,16180621397,12242750914,4,up,431.483,326.473,43.148,0.4795,0
2026-02-21 20:25:00,15350525150,9643008019,10,up,409.347,257.147,40.935,1.0946,0
2026-02-21 20:30:00,14966324238,10729044353,1,up,399.102,286.108,39.91,0.1283,0
2026-02-21 20:35:00,14300666784,10870967911,0,up,381.351,289.892,38.135,0.012,0
2026-02-21 20:40:00,17023402895,10970803291,0,up,453.957,292.555,45.396,0.0112,0
2026-02-21 20:45:00,16705547631,10169154669,4,up,445.481,271.177,44.548,0.4272,0
2026-02-21 20:50:00,13608820197,12114543081,2,up,362.902,323.054,36.29,0.2411,0
2026-02-21 20:55:00,15732694116,8118973610,4,up,419.539,216.506,41.954,0.4592,0
2026-02-21 21:00:00,13251017877,9969375904,3,up,353.36,265.85,35.336,0.3587,0
2026-02-21 21:05:00,12516687303,11064392723,7,up,333.778,295.05,33.378,0.7142,0
2026-02-21 21:10:00,13871908995,11076103263,6,up,369.918,295.363,36.992,0.651,0
2026-02-21 21:15:00,16552308250,12204476378,4,up,441.395,325.453,44.139,0.4658,0
2026-02-21 21:20:00,16715625081,12009763995,1,up,445.75,320.26,44.575,0.1934,0
2026-02-21 21:25:00,15923553756,10140217552,1,up,424.628,270.406,42.463,0.1105,0
2026-02-21 21:30:00,16305172416,12137837766,2,up,434.805,323.676,43.48,0.2122,0
2026-02-21 21:35:00,15929120916,9600307402,2,up,424.777,256.008,42.478,0.2092,0
2026-02-21 21:40:00,13845333128,11672918102,2,up,369.209,311.278,36.921,0.2827,0
2026-02-21 21:45:00,15777460580,12781258322,0,up,420.732,340.834,42.073,0.0618,0
2026-02-21 21:50:00,16440737145,12030829574,3,up,438.42,320.822,43.842,0.3198,0
2026-02-21 21:55:00,16357724393,10633270683,1,up,436.206,283.554,43.621,0.183,0
2026-02-21 22:00:00,17140044068,10081958747,2,up,457.068,268.852,45.707,0.2904,0
2026-02-21 22:05:00,16274946924,8573974966,0,up,433.999,228.639,43.4,0.0822,0
2026-02-21 22:10:00,15632606773,10891279943,1,up,416.87,290.434,41.687,0.171,0
2026-02-21 22:15:00,16926270428,9094826292,0,up,451.367,242.529,45.137,0.0708,0
2026-02-21 22:20:00,14952261733,9500650323,6,up,398.727,253.351,39.873,0.6246,0
2026-02-21 22:25:00,13412625627,8999660291,2,up,357.67,239.991,35.767,0.2008,0
2026-02-21 22:30:00,14706479464,9919905660,0,up,392.173,264.531,39.217,0.0765,0
2026-02-21 22:35:00,13659175239,10464758537,0,up,364.245,279.06,36.424,0.0126,0
2026-02-21 22:40:00,13784679105,10844754372,3,up,367.591,289.193,36.759,0.3379,0
2026-02-21 22:45:00,14739866392,9743361639,0,up,393.063,259.823,39.306,0.0725,0
2026-02-21 22:50:00,13573644142,11847297470,13,up,361.964,315.928,36.196,1.3693,0
2026-02-21 22:55:00,14445669246,10237661374,2,up,385.218,273.004,38.522,0.2289,0
2026-02-21 23:00:00,11591493599,9507469734,1,up,309.106,253.533,30.911,0.1023,0
2026-02-21 23:05:00,15383928673,10785128256,3,up,410.238,287.603,41.024,0.3216,0
2026-02-21 23:10:00,15002169855,12974076570,0,up,400.058,345.975,40.006,0.0966,0
2026-02-21 23:15:00,13529240464,10922302313,5,up,360.78,291.261,36.078,0.5149,0
2026-02-21 23:20:00,16186642203,10042801909,1,up,431.644,267.808,43.164,0.1106,0
2026-02-21 23:25:00,16687626247,8575398691,13,up,445.003,228.677,44.5,1.3331,0
2026-02-21 23:30:00,12106392244,10223540475,2,up,322.837,272.628,32.284,0.2788,0
2026-02-21 23:35:00,13627095398,10796009437,5,up,363.389,287.894,36.339,0.5582,0
2026-02-21 23:40:00,13615543770,10011648077,0,up,363.081,266.977,36.308,0.0227,0
2026-02-21 23:45:00,13308174418,8401615355,1,up,354.885,224.043,35.488,0.1285,0
2026-02-21 23:50:00,16493054715,9428287609,4,up,439.815,251.421,43.981,0.4012,0
2026-02-21 23:55:00,14651112950,12332718460,3,up,390.696,328.872,39.07,0.3193,0
2026-02-22 00:00:00,14523873285,12306841264,0,up,387.303,328.182,38.73,0.0648,0
2026-02-22 00:05:00,11393047744,9382834646,1,up,303.815,250.209,30.381,0.1321,0
2026-02-22 00:10:00,16143752454,11347673551,0,up,430.5,302.605,43.05,0.0917,0
2026-02-22 00:15:00,12769334889,9014998291,2,up,340.516,240.4,34.052,0.2851,0
2026-02-22 00:20:00,15107878734,12269438515,1,up,402.877,327.185,40.288,0.1267,0
2026-02-22 00:25:00,15499278488,10808997168,1,up,413.314,288.24,41.331,0.1109,0
2026-02-22 00:30:00,17449185472,11696548288,0,up,465.312,311.908,46.531,0.0697,0
2026-02-22 00:35:00,12644123281,8338982382,1,up,337.177,222.373,33.718,0.1578,0
2026-02-22 00:40:00,9564878119,11353822748,0,up,255.063,302.769,25.506,0.0653,0
2026-02-22 00:45:00,15330929180,10490330679,9,up,408.825,279.742,40.882,0.9856,0
2026-02-22 00:50:00,18240920126,11573430629,0,up,486.425,308.625,48.642,0.0503,0
2026-02-22 00:55:00,17230103435,11652733425,7,up,459.469,310.74,45.947,0.7336,0
2026-02-22 01:00:00,15377386947,10582888708,1,up,410.064,282.21,41.006,0.1678,0
2026-02-22 01:05:00,14115054865,9742954654,1,up,376.401,259.812,37.64,0.1424,0
2026-02-22 01:10:00,16452820673,11482417189,0,up,438.742,306.198,43.874,0.0789,0
2026-02-22 01:15:00,13247616840,10424205330,3,up,353.27,277.979,35.327,0.303,0
2026-02-22 01:20:00,15857443984,9400290958,3,up,422.865,250.674,42.287,0.3471,0
2026-02-22 01:25:00,15909846286,9340608188,1,up,424.263,249.083,42.426,0.1891,0
2026-02-22 01:30:00,16908377833,8638772835,0,up,450.89,230.367,45.089,0.0172,0
2026-02-22 01:35:00,19967388070,9857033138,7,up,532.464,262.854,53.246,0.7522,0
2026-02-22 01:40:00,15706348740,11889391978,11,up,418.836,317.05,41.884,1.1786,0
2026-02-22 01:45:00,14083865473,10724065547,1,up,375.57,285.975,37.557,0.1692,0
2026-02-22 01:50:00,14953966238,9832492690,2,up,398.772,262.2,39.877,0.2853,0
2026-02-22 01:55:00,11815663371,11514118482,1,up,315.084,307.043,31.508,0.1795,0
2026-02-22 02:00:00,13749516364,9451079456,1,up,366.654,252.029,36.665,0.1165,0
2026-02-22 02:05:00,14263291611,10620141345,0,up,380.354,283.204,38.035,0.0241,0
2026-02-22 02:10:00,14056640883,10273665730,1,up,374.844,273.964,37.484,0.1827,0
2026-02-22 02:15:00,15274238769,11481704588,5,up,407.313,306.179,40.731,0.5118,0
2026-02-22 02:20:00,13519644121,8512692252,0,up,360.524,227.005,36.052,0.0052,0
2026-02-22 02:25:00,17017855201,9428750840,2,up,453.809,251.433,45.381,0.2618,0
2026-02-22 02:30:00,15000372716,8435810469,6,up,400.01,224.955,40.001,0.638,0
2026-02-22 02:35:00,14983259421,10172908130,0,up,399.554,271.278,39.955,0.0736,0
2026-02-22 02:40:00,14409789510,12026398654,0,up,384.261,320.704,38.426,0.0607,0
2026-02-22 02:45:00,15279343230,9863136515,4,up,407.449,263.017,40.745,0.4439,0
2026-02-22 02:50:00,16485176876,9856538237,0,up,439.605,262.841,43.96,0.0883,0
2026-02-22 02:55:00,13439165611,11598372774,0,up,358.378,309.29,35.838,0.064,0
2026-02-22 03:00:00,13815390319,11846372443,1,up,368.41,315.903,36.841,0.1424,0
2026-02-22 03:05:00,14453293148,10388400455,1,up,385.421,277.024,38.542,0.1495,0
2026-02-22 03:10:00,12577432337,11362740716,6,up,335.398,303.006,33.54,0.6217,0
2026-02-22 03:15:00,13525335852,9143037278,2,up,360.676,243.814,36.068,0.289,0
2026-02-22 03:20:00,14142802427,12236247660,1,up,377.141,326.3,37.714,0.1562,0
2026-02-22 03:25:00,16573900525,13207369930,2,up,441.971,352.197,44.197,0.2293,0
2026-02-22 03:30:00,15472610392,11156731896,9,up,412.603,297.513,41.26,0.9235,0
2026-02-22 03:35:00,15348461840,7873742157,0,up,409.292,209.966,40.929,0.036,0
2026-02-22 03:40:00,16531616331,9796629869,0,up,440.843,261.243,44.084,0.0699,0
2026-02-22 03:45:00,14752730780,11272159905,9,up,393.406,300.591,39.341,0.9853,0
2026-02-22 03:50:00,15702836729,9968931423,9,up,418.742,265.838,41.874,0.9462,0
2026-02-22 03:55:00,14814200844,12102970178,0,up,395.045,322.746,39.505,0.0585,0
2026-02-22 04:00:00,15477652228,11241078153,0,up,412.737,299.762,41.274,0.047,0
2026-02-22 04:05:00,13951034416,9609840869,1,up,372.028,256.262,37.203,0.164,0
2026-02-22 04:10:00,10610129115,10540653661,0,up,282.937,281.084,28.294,0.0153,0
2026-02-22 04:15:00,14758297508,9373770141,3,up,393.555,249.967,39.355,0.3192,0
2026-02-22 04:20:00,17560946644,10269943053,0,up,468.292,273.865,46.829,0.0242,0
2026-02-22 04:25:00,16667187724,9801212517,0,up,444.458,261.366,44.446,0.0179,0
2026-02-22 04:30:00,16737715472,11980199868,1,up,446.339,319.472,44.634,0.1992,0
2026-02-22 04:35:00,17225035299,13166175191,9,up,459.334,351.098,45.933,0.9495,0
2026-02-22 04:40:00,15159583663,8696702700,1,up,404.256,231.912,40.426,0.167,0
2026-02-22 04:45:00,15355168273,8076747479,1,up,409.471,215.38,40.947,0.1322,0
2026-02-22 04:50:00,13888226588,10191082748,18,up,370.353,271.762,37.035,1.858,0
2026-02-22 04:55:00,14431068859,8586796219,2,up,384.829,228.981,38.483,0.2278,0
2026-02-22 05:00:00,16108388069,10558226620,1,up,429.557,281.553,42.956,0.1411,0
2026-02-22 05:05:00,17166991986,11443659503,1,up,457.786,305.164,45.779,0.1463,0
2026-02-22 05:10:00,14748996703,12382618790,0,up,393.307,330.203,39.331,0.0651,0
2026-02-22 05:15:00,14189659323,10753757143,2,up,378.391,286.767,37.839,0.2154,0
2026-02-22 05:20:00,15000950325,10256624416,1,up,400.025,273.51,40.003,0.1733,0
2026-02-22 05:25:00,16082172148,8007235005,0,up,428.858,213.526,42.886,0.0947,0
2026-02-22 05:30:00,12401061330,10532993287,0,up,330.695,280.88,33.069,0.0525,0
2026-02-22 05:35:00,10866874284,10589821948,1,up,289.783,282.395,28.978,0.1119,0
2026-02-22 05:40:00,14009033670,11305085585,2,up,373.574,301.469,37.357,0.2132,0
2026-02-22 05:45:00,12802717633,9607304992,0,up,341.406,256.195,34.141,0.018,0
2026-02-22 05:50:00,14085347644,9951833723,0,up,375.609,265.382,37.561,0.0501,0
2026-02-22 05:55:00,14733995426,8637717158,8,up,392.907,230.339,39.291,0.885,0
2026-02-22 06:00:00,14184152863,7612971063,2,up,378.244,203.013,37.824,0.2348,0
2026-02-22 06:05:00,17614441562,9103293665,0,up,469.718,242.754,46.972,0.0197,0
2026-02-22 06:10:00,15588140576,8521389474,3,up,415.684,227.237,41.568,0.3544,0
2026-02-22 06:15:00,15540853847,10924257492,0,up,414.423,291.314,41.442,0.0191,0
2026-02-22 06:20:00,16119972859,9847151088,4,up,429.866,262.591,42.987,0.4028,0
2026-02-22 06:25:00,12950100387,9821821216,4,up,345.336,261.915,34.534,0.4158,0
2026-02-22 06:30:00,16870401217,9259639561,3,up,449.877,246.924,44.988,0.3159,0
2026-02-22 06:35:00,14863624284,6426967555,3,up,396.363,171.386,39.636,0.3953,0
2026-02-22 06:40:00,16206865111,12400471543,0,up,432.183,330.679,43.218,0.0276,0
2026-02-22 06:45:00,13070656980,9239659141,3,up,348.551,246.391,34.855,0.3892,0
2026-02-22 06:50:00,12203234221,9980350711,0,up,325.42,266.143,32.542,0.0441,0
2026-02-22 06:55:00,16472201384,8666835871,1,up,439.259,231.116,43.926,0.1244,0
2026-02-22 07:00:00,15677537146,11724632232,8,up,418.068,312.657,41.807,0.8581,0
2026-02-22 07:05:00,13376307202,10680720460,2,up,356.702,284.819,35.67,0.2097,0
2026-02-22 07:10:00,13434606453,9458779740,10,up,358.256,252.234,35.826,1.0273,0
2026-02-22 07:15:00,17025782611,10005790689,0,up,454.021,266.821,45.402,0.0279,0
2026-02-22 07:20:00,12859058592,12614506701,1,up,342.908,336.387,34.291,0.1948,0
2026-02-22 07:25:00,17956811315,10408058515,0,up,478.848,277.548,47.885,0.0193,0
2026-02-22 07:30:00,13378882677,10271015742,2,up,356.77,273.894,35.677,0.2984,0
2026-02-22 07:35:00,16149105466,9313859327,0,up,430.643,248.37,43.064,0.0246,0
2026-02-22 07:40:00,14408486743,8112827750,0,up,384.226,216.342,38.423,0.0578,0
2026-02-22 07:45:00,16085737375,10298351271,0,up,428.953,274.623,42.895,0.0899,0
2026-02-22 07:50:00,14020594796,10910111241,4,up,373.883,290.936,37.388,0.4144,0
2026-02-22 07:55:00,14706972769,11885476425,0,up,392.186,316.946,39.219,0.0537,0
2026-02-22 08:00:00,15073654515,7666894366,5,up,401.964,204.451,40.196,0.5625,0
2026-02-22 08:05:00,13196062579,9082378627,0,up,351.895,242.197,35.19,0.0424,0
2026-02-22 08:10:00,16333483821,9768266225,0,up,435.56,260.487,43.556,0.0108,0
2026-02-22 08:15:00,14076215580,10495614130,1,up,375.366,279.883,37.537,0.1508,0
2026-02-22 08:20:00,14588520152,10317257548,11,up,389.027,275.127,38.903,1.1653,0
2026-02-22 08:25:00,13210171125,10346672256,0,up,352.271,275.911,35.227,0.0351,0
2026-02-22 08:30:00,10387799414,11014201033,0,up,277.008,293.712,27.701,0.0322,0
2026-02-22 08:35:00,14656150027,9361850680,4,up,390.831,249.649,39.083,0.4173,0
2026-02-22 08:40:00,19342707758,11677018217,1,up,515.806,311.387,51.581,0.1123,0
2026-02-22 08:45:00,16412287718,11046150076,3,up,437.661,294.564,43.766,0.379,0
2026-02-22 08:50:00,14965331316,10097011347,0,up,399.076,269.254,39.908,0.0669,0
2026-02-22 08:55:00,14526796507,12517144069,1,up,387.381,333.791,38.738,0.1849,0
2026-02-22 09:00:00,15040438607,12461084204,0,up,401.078,332.296,40.108,0.0925,0
2026-02-22 09:05:00,15984814407,11675448147,1,up,426.262,311.345,42.626,0.1802,0
2026-02-22 09:10:00,12874536932,6696618469,4,up,343.321,178.576,34.332,0.4397,0
2026-02-22 09:15:00,17005779050,12489470816,4,up,453.487,333.053,45.349,0.4307,0
2026-02-22 09:20:00,16287686367,11501395738,2,up,434.338,306.704,43.434,0.2176,0
2026-02-22 09:25:00,16292734306,13028074883,7,up,434.473,347.415,43.447,0.7909,0
2026-02-22 09:30:00,15789256329,12059205385,0,up,421.047,321.579,42.105,0.0919,0
2026-02-22 09:35:00,15035309983,12488711773,0,up,400.942,333.032,40.094,0.0825,0
2026-02-22 09:40:00,16211150224,11607105111,2,up,432.297,309.523,43.23,0.2854,0
2026-02-22 09:45:00,16065265440,12199353430,2,up,428.407,325.316,42.841,0.2913,0
2026-02-22 09:50:00,14362726720,13012595913,0,up,383.006,347.003,38.301,0.0143,0
2026-02-22 09:55:00,13967516808,10772858970,2,up,372.467,287.276,37.247,0.2808,0
2026-02-22 10:00:00,15183341331,8518989514,1,up,404.889,227.173,40.489,0.1407,0
2026-02-22 10:05:00,17788236272,10112599265,4,up,474.353,269.669,47.435,0.4128,0
2026-02-22 10:10:00,12769607263,10991331455,4,up,340.523,293.102,34.052,0.4952,0
2026-02-22 10:15:00,12358454521,10594358356,2,up,329.559,282.516,32.956,0.241,0
2026-02-22 10:20:00,15296569514,8929331922,0,up,407.909,238.116,40.791,0.0005,0
2026-02-22 10:25:00,15091597863,8444854792,3,up,402.443,225.196,40.244,0.3035,0
2026-02-22 10:30:00,15312014995,9566135037,4,up,408.32,255.097,40.832,0.4145,0
2026-02-22 10:35:00,15439115756,11517751840,0,up,411.71,307.14,41.171,0.0859,0
2026-02-22 10:40:00,14598235941,12491228111,1,up,389.286,333.099,38.929,0.1874,0
2026-02-22 10:45:00,17681754189,11654875193,10,up,471.513,310.797,47.151,1.012,0
2026-02-22 10:50:00,12118372838,11832358381,1,up,323.157,315.53,32.316,0.1062,0
2026-02-22 10:55:00,13508705355,10398172377,0,up,360.232,277.285,36.023,0.0758,0
2026-02-22 11:00:00,14814141431,8304976103,0,up,395.044,221.466,39.504,0.071,0
2026-02-22 11:05:00,12042260139,9926422068,2,up,321.127,264.705,32.113,0.2455,0
2026-02-22 11:10:00,14683462072,10173956841,8,up,391.559,271.306,39.156,0.8974,0
2026-02-22 11:15:00,17990646298,9873713866,2,up,479.751,263.299,47.975,0.2815,0
2026-02-22 11:20:00,15037595678,10568915530,1,up,401.003,281.838,40.1,0.1084,0
2026-02-22 11:25:00,15415261630,11056188897,3,up,411.074,294.832,41.107,0.3053,0
2026-02-22 11:30:00,12731703422,11574799137,2,up,339.512,308.661,33.951,0.2941,0
2026-02-22 11:35:00,13890549465,10149568970,2,up,370.415,270.655,37.041,0.2726,0
2026-02-22 11:40:00,14324646515,8101263148,0,up,381.991,216.034,38.199,0.0521,0
2026-02-22 11:45:00,14428112825,9891574073,3,up,384.75,263.775,38.475,0.302,0
2026-02-22 11:50:00,17306958831,10555075100,1,up,461.519,281.469,46.152,0.1687,0
2026-02-22 11:55:00,16003843909,12040737981,0,up,426.769,321.086,42.677,0.0056,0
2026-02-22 12:00:00,12999375677,9784562118,2,up,346.65,260.922,34.665,0.2328,0
2026-02-22 12:05:00,15443708601,11145804971,13,up,411.832,297.221,41.183,1.3603,0
2026-02-22 12:10:00,15896799147,10865510753,1,up,423.915,289.747,42.391,0.1291,0
2026-02-22 12:15:00,17052268269,10555314671,10,up,454.727,281.475,45.473,1.0106,0
2026-02-22 12:20:00,17844973235,11672471982,0,up,475.866,311.266,47.587,0.0303,0
2026-02-22 12:25:00,13172830454,9667340092,3,up,351.275,257.796,35.128,0.3955,0
2026-02-22 12:30:00,13540456479,9775265073,0,up,361.079,260.674,36.108,0.0364,0
2026-02-22 12:35:00,12736359853,10485004962,0,up,339.636,279.6,33.964,0.0959,0
2026-02-22 12:40:00,14578764253,9693415403,2,up,388.767,258.491,38.877,0.2538,0
2026-02-22 12:45:00,15839445074,11140095486,2,up,422.385,297.069,42.239,0.2695,0
2026-02-22 12:50:00,16777202129,9601377696,4,up,447.392,256.037,44.739,0.4478,0
2026-02-22 12:55:00,14863288157,10785143301,2,up,396.354,287.604,39.635,0.2866,0
2026-02-22 13:00:00,14424274458,10373782311,2,up,384.647,276.634,38.465,0.2701,0
2026-02-22 13:05:00,15273164386,10770806715,7,up,407.284,287.222,40.728,0.7303,0
2026-02-22 13:10:00,13496742777,9920725842,1,up,359.913,264.553,35.991,0.1805,0
2026-02-22 13:15:00,18761169699,10072748748,0,up,500.298,268.607,50.03,0.0766,0
2026-02-22 13:20:00,12106210151,10620971677,0,up,322.832,283.226,32.283,0.0529,0
2026-02-22 13:25:00,15332533042,10754613877,1,up,408.868,286.79,40.887,0.1532,0
2026-02-22 13:30:00,18642491194,10494705586,3,up,497.133,279.859,49.713,0.3742,0
2026-02-22 13:35:00,15012239720,12648756569,0,up,400.326,337.3,40.033,0.013,0
2026-02-22 13:40:00,14657929736,9251671482,0,up,390.878,246.711,39.088,0.0415,0
2026-02-22 13:45:00,14356598238,10419103218,0,up,382.843,277.843,38.284,0.0337,0
2026-02-22 13:50:00,14675294972,8517227432,2,up,391.341,227.126,39.134,0.264,0
2026-02-22 13:55:00,17471127254,10968822663,0,up,465.897,292.502,46.59,0.0835,0
2026-02-22 14:00:00,11018648559,9094789364,0,up,293.831,242.528,29.383,0.0545,0
2026-02-22 14:05:00,17760180662,10149329077,2,up,473.605,270.649,47.36,0.2695,0
2026-02-22 14:10:00,12436877125,10031198950,4,up,331.65,267.499,33.165,0.4298,0
2026-02-22 14:15:00,14520025807,10853922819,1,up,387.201,289.438,38.72,0.1211,0
2026-02-22 14:20:00,14227360043,9803483443,2,up,379.396,261.426,37.94,0.259,0
2026-02-22 14:25:00,16059395885,9749914820,0,up,428.251,259.998,42.825,0.031,0
2026-02-22 14:30:00,12123376166,12309179144,8,up,323.29,328.245,32.329,0.8209,0
2026-02-22 14:35:00,15831910798,10858554155,1,up,422.184,289.561,42.218,0.1232,0
2026-02-22 14:40:00,18643757321,9793075926,17,up,497.167,261.149,49.717,1.7981,0
2026-02-22 14:45:00,12546286791,10183949573,11,up,334.568,271.572,33.457,1.1531,0
2026-02-22 14:50:00,15341471101,12573147239,4,up,409.106,335.284,40.911,0.4526,0
2026-02-22 14:55:00,13808432079,10203692253,0,up,368.225,272.098,36.822,0.0061,0
2026-02-22 15:00:00,15766596971,9631511454,2,up,420.443,256.84,42.044,0.2352,0
2026-02-22 15:05:00,15034465999,9636904850,0,up,400.919,256.984,40.092,0.0273,0
2026-02-22 15:10:00,13845323563,9808100633,6,up,369.209,261.549,36.921,0.6765,0
2026-02-22 15:15:00,15878170112,9750932869,4,up,423.418,260.025,42.342,0.4677,0
2026-02-22 15:20:00,18247826597,8887643711,10,up,486.609,237.004,48.661,1.0763,0
2026-02-22 15:25:00,14656373174,9083507877,2,up,390.837,242.227,39.084,0.2812,0
2026-02-22 15:30:00,16295564295,9455056328,2,up,434.548,252.135,43.455,0.2216,0
2026-02-22 15:35:00,12672108675,11245379483,2,up,337.923,299.877,33.792,0.2196,0
2026-02-22 15:40:00,13278414521,10019641018,1,up,354.091,267.19,35.409,0.1465,0
2026-02-22 15:45:00,15850331300,10238976271,1,up,422.676,273.039,42.268,0.1897,0
2026-02-22 15:50:00,17671408851,12100310911,3,up,471.238,322.675,47.124,0.3027,0
2026-02-22 15:55:00,15640104027,12131709008,8,up,417.069,323.512,41.707,0.8107,0
2026-02-22 16:00:00,14436495545,10144522571,2,up,384.973,270.521,38.497,0.2718,0
2026-02-22 16:05:00,14998724529,9705111976,5,up,399.966,258.803,39.997,0.5837,0
2026-02-22 16:10:00,12749266078,9410817804,5,up,339.98,250.955,33.998,0.5959,0
2026-02-22 16:15:00,16088127587,11372897469,2,up,429.017,303.277,42.902,0.2195,0
2026-02-22 16:20:00,16588199512,10242068885,1,up,442.352,273.122,44.235,0.1281,0
2026-02-22 16:25:00,14186237400,10013016438,3,up,378.3,267.014,37.83,0.3061,0
2026-02-22 16:30:00,14153924134,9474782635,1,up,377.438,252.661,37.744,0.1771,0
2026-02-22 16:35:00,15478580813,9530220324,0,up,412.762,254.139,41.276,0.0255,0
2026-02-22 16:40:00,14213904475,10903273321,1,up,379.037,290.754,37.904,0.1424,0
2026-02-22 16:45:00,14880961293,8842547784,15,up,396.826,235.801,39.683,1.5384,0
2026-02-22 16:50:00,18779499220,11753534554,0,up,500.787,313.428,50.079,0.0149,0
2026-02-22 16:55:00,14555353738,9827355748,3,up,388.143,262.063,38.814,0.3579,0
2026-02-22 17:00:00,14354987726,10311458710,5,up,382.8,274.972,38.28,0.552,0
2026-02-22 17:05:00,13834424749,8815407772,3,up,368.918,235.078,36.892,0.3139,0
2026-02-22 17:10:00,16339545548,10484418917,2,up,435.721,279.585,43.572,0.253,0
2026-02-22 17:15:00,14673796488,10086315612,3,up,391.301,268.968,39.13,0.3688,0
2026-02-22 17:20:00,13831128531,10436898445,1,up,368.83,278.317,36.883,0.1683,0
2026-02-22 17:25:00,17378347258,12354353211,0,up,463.423,329.449,46.342,0.0287,0
2026-02-22 17:30:00,17555285408,10723899537,9,up,468.141,285.971,46.814,0.984,0
2026-02-22 17:35:00,13919237581,9498729427,1,up,371.18,253.299,37.118,0.1698,0
2026-02-22 17:40:00,11640228087,9603736912,3,up,310.406,256.1,31.041,0.3284,0
2026-02-22 17:45:00,16813524641,11249865294,2,up,448.361,299.996,44.836,0.2273,0
2026-02-22 17:50:00,13767666313,12136353546,0,up,367.138,323.636,36.714,0.0169,0
2026-02-22 17:55:00,16423126078,10855216706,9,up,437.95,289.472,43.795,0.9157,0
2026-02-22 18:00:00,11453813128,11367778058,4,up,305.435,303.141,30.544,0.4718,0
2026-02-22 18:05:00,16606675208,11268269531,0,up,442.845,300.487,44.284,0.0484,0
2026-02-22 18:10:00,12819890527,12288021160,11,up,341.864,327.681,34.186,1.1994,0
2026-02-22 18:15:00,16315375414,8043516382,4,up,435.077,214.494,43.508,0.4006,0
2026-02-22 18:20:00,15025691522,11340695863,1,up,400.685,302.419,40.069,0.1918,0
2026-02-22 18:25:00,13282909045,11739507415,2,up,354.211,313.054,35.421,0.2835,0
2026-02-22 18:30:00,14267334636,8813208130,0,up,380.462,235.019,38.046,0.0339,0
2026-02-22 18:35:00,16235373222,9384058088,2,up,432.943,250.242,43.294,0.2466,0
2026-02-22 18:40:00,15190610015,9428013736,0,up,405.083,251.414,40.508,0.023,0
2026-02-22 18:45:00,16051943364,9581724352,2,up,428.052,255.513,42.805,0.2361,0
2026-02-22 18:50:00,18557593052,9893036515,2,up,494.869,263.814,49.487,0.2414,0
2026-02-22 18:55:00,12184365098,10805679544,6,up,324.916,288.151,32.492,0.6225,0
2026-02-22 19:00:00,17910982634,11590750060,3,up,477.626,309.087,47.763,0.3874,0
2026-02-22 19:05:00,15187840687,11862459366,0,up,405.009,316.332,40.501,0.0861,0
2026-02-22 19:10:00,13382188713,9444342942,6,up,356.858,251.849,35.686,0.6579,0
2026-02-22 19:15:00,12605435473,9435674221,2,up,336.145,251.618,33.614,0.2555,0
2026-02-22 19:20:00,14659583296,12157935518,2,up,390.922,324.212,39.092,0.2797,0
2026-02-22 19:25:00,16658970201,11314897358,0,up,444.239,301.731,44.424,0.0555,0
2026-02-22 19:30:00,14770411583,10604409700,5,up,393.878,282.784,39.388,0.5851,0
2026-02-22 19:35:00,17720078874,11096404211,8,up,472.535,295.904,47.254,0.8019,0
2026-02-22 19:40:00,12387883757,10462447234,4,up,330.344,278.999,33.034,0.4475,0
2026-02-22 19:45:00,14978239893,11160976700,8,up,399.42,297.626,39.942,0.8478,0
2026-02-22 19:50:00,12745691800,10076555962,1,up,339.885,268.708,33.989,0.108,0
2026-02-22 19:55:00,15654537388,10838694217,5,up,417.454,289.032,41.745,0.5922,0
2026-02-22 20:00:00,16596397302,8596711976,2,up,442.571,229.246,44.257,0.2014,0
2026-02-22 20:05:00,14242628771,9633391788,0,up,379.803,256.89,37.98,0.0537,0
2026-02-22 20:10:00,10312415058,9646965917,3,up,274.998,257.252,27.5,0.3315,0
2026-02-22 20:15:00,15358106664,10028268558,3,up,409.55,267.42,40.955,0.3457,0
2026-02-22 20:20:00,15786129393,9332593298,1,up,420.963,248.869,42.096,0.1015,0
2026-02-22 20:25:00,15727730558,9827735031,0,up,419.406,262.073,41.941,0.0084,0
2026-02-22 20:30:00,17224407945,8591838281,0,up,459.318,229.116,45.932,0.0669,0
2026-02-22 20:35:00,13072103376,11191362600,1,up,348.589,298.436,34.859,0.1531,0
2026-02-22 20:40:00,16224388989,10396032966,0,up,432.65,277.228,43.265,0.055,0
2026-02-22 20:45:00,17146513522,8351438414,0,up,457.24,222.705,45.724,0.0647,0
2026-02-22 20:50:00,11798542348,9448114312,1,up,314.628,251.95,31.463,0.149,0
2026-02-22 20:55:00,15575373286,10924117798,9,up,415.343,291.31,41.534,0.9794,0
2026-02-22 21:00:00,14092476304,9815792347,4,up,375.799,261.754,37.58,0.4335,0
2026-02-22 21:05:00,14853259188,9621853760,1,up,396.087,256.583,39.609,0.1156,0
2026-02-22 21:10:00,15625817670,10406013226,9,up,416.688,277.494,41.669,0.9085,0
2026-02-22 21:15:00,14122988584,10932932894,3,up,376.613,291.545,37.661,0.3112,0
2026-02-22 21:20:00,13783725457,8690195904,1,up,367.566,231.739,36.757,0.1823,0
2026-02-22 21:25:00,15061474351,11193161886,1,up,401.639,298.484,40.164,0.1895,0
2026-02-22 21:30:00,13042957310,9491630465,1,up,347.812,253.11,34.781,0.1587,0
2026-02-22 21:35:00,13045514768,10477410760,0,up,347.88,279.398,34.788,0.0796,0
2026-02-22 21:40:00,16222871909,10455370622,1,up,432.61,278.81,43.261,0.1466,0
2026-02-22 21:45:00,12932170736,9835896691,2,up,344.858,262.291,34.486,0.2252,0
2026-02-22 21:50:00,16199362501,9210188719,2,up,431.983,245.605,43.198,0.2253,0
2026-02-22 21:55:00,15832664327,10140034949,4,up,422.204,270.401,42.22,0.4303,0
2026-02-22 22:00:00,11893547888,12547916189,1,up,317.161,334.611,31.716,0.1333,0
2026-02-22 22:05:00,13780383625,8784289461,3,up,367.477,234.248,36.748,0.3785,0
2026-02-22 22:10:00,17149396925,12632314404,2,up,457.317,336.862,45.732,0.2589,0
2026-02-22 22:15:00,13233902043,10172751324,9,up,352.904,271.273,35.29,0.9798,0
2026-02-22 22:20:00,14164072327,10544567985,1,up,377.709,281.188,37.771,0.146,0
2026-02-22 22:25:00,15831709607,9130744377,6,up,422.179,243.487,42.218,0.6944,0
2026-02-22 22:30:00,16410102916,9528200534,5,up,437.603,254.085,43.76,0.5155,0
2026-02-22 22:35:00,14547230005,9866333840,3,up,387.926,263.102,38.793,0.3046,0
2026-02-22 22:40:00,13924481649,9182424336,3,up,371.32,244.865,37.132,0.3188,0
2026-02-22 22:45:00,17560265751,10236763373,0,up,468.274,272.98,46.827,0.0265,0
2026-02-22 22:50:00,18130019394,9987159976,9,up,483.467,266.324,48.347,0.9001,0
2026-02-22 22:55:00,16761944491,12831984239,0,up,446.985,342.186,44.699,0.0339,0
2026-02-22 23:00:00,15153572656,9030872526,2,up,404.095,240.823,40.41,0.2485,0
2026-02-22 23:05:00,13545121701,10629390051,1,up,361.203,283.45,36.12,0.1202,0
2026-02-22 23:10:00,13505200068,10812286315,1,up,360.139,288.328,36.014,0.1686,0
2026-02-22 23:15:00,15940525389,9151396108,2,up,425.081,244.037,42.508,0.2826,0
2026-02-22 23:20:00,15753116797,11365402644,7,up,420.083,303.077,42.008,0.7186,0
2026-02-22 23:25:00,17522877467,9998107963,1,up,467.277,266.616,46.728,0.1835,0
2026-02-22 23:30:00,16170810166,7359589039,13,up,431.222,196.256,43.122,1.3202,0
2026-02-22 23:35:00,12294455456,11331410511,2,up,327.852,302.171,32.785,0.2695,0
2026-02-22 23:40:00,16893505711,9092654486,0,up,450.493,242.471,45.049,0.0525,0
2026-02-22 23:45:00,13203490870,9179803567,0,up,352.093,244.795,35.209,0.0632,0
2026-02-22 23:50:00,14308851710,11366756624,3,up,381.569,303.114,38.157,0.3778,0
2026-02-22 23:55:00,15450360371,10062576532,0,up,412.01,268.335,41.201,0.0155,0
2026-02-23 00:00:00,18592201481,11656392909,1,up,495.792,310.837,49.579,0.1964,0
2026-02-23 00:05:00,20597853400,12024809280,0,up,549.276,320.662,54.928,0.0481,0
2026-02-23 00:10:00,16092101506,9687390139,1,up,429.123,258.33,42.912,0.1703,0
2026-02-23 00:15:00,14670246086,11499510744,4,up,391.207,306.654,39.121,0.4158,0
2026-02-23 00:20:00,15962110167,9548119390,1,up,425.656,254.617,42.566,0.1842,0
2026-02-23 00:25:00,16597779766,13313726055,0,up,442.607,355.033,44.261,0.0535,0
2026-02-23 00:30:00,14422798273,9626874174,0,up,384.608,256.717,38.461,0.0871,0
2026-02-23 00:35:00,18231380440,11792870175,1,up,486.17,314.477,48.617,0.1374,0
2026-02-23 00:40:00,15414127366,11563175432,0,up,411.043,308.351,41.104,0.0216,0
2026-02-23 00:45:00,15895937560,10898270655,2,up,423.892,290.621,42.389,0.2634,0
2026-02-23 00:50:00,16198663653,9655115616,2,up,431.964,257.47,43.196,0.2806,0
2026-02-23 00:55:00,15758855899,10309239160,0,up,420.236,274.913,42.024,0.0193,0
2026-02-23 01:00:00,16510092900,7786478977,1,up,440.269,207.639,44.027,0.1544,0
2026-02-23 01:05:00,13888944264,10782769248,1,up,370.372,287.541,37.037,0.1603,0
2026-02-23 01:10:00,13995056842,10940515317,1,up,373.202,291.747,37.32,0.1219,0
2026-02-23 01:15:00,13019722380,10668209268,2,up,347.193,284.486,34.719,0.2448,0
2026-02-23 01:20:00,15791102215,6753634224,1,up,421.096,180.097,42.11,0.1274,0
2026-02-23 01:25:00,16402085706,8905298079,1,up,437.389,237.475,43.739,0.1616,0
2026-02-23 01:30:00,15823991159,9557405361,4,up,421.973,254.864,42.197,0.4791,0
2026-02-23 01:35:00,18014086380,10867490255,0,up,480.376,289.8,48.038,0.0531,0
2026-02-23 01:40:00,14989927166,10864567021,2,up,399.731,289.722,39.973,0.2896,0
2026-02-23 01:45:00,16203734980,10285518022,2,up,432.1,274.28,43.21,0.2113,0
2026-02-23 01:50:00,13034938422,11300409376,1,up,347.598,301.344,34.76,0.1092,0
2026-02-23 01:55:00,14303220535,9206934607,3,up,381.419,245.518,38.142,0.3901,0
2026-02-23 02:00:00,16251967963,11268896107,2,up,433.386,300.504,43.339,0.2403,0
2026-02-23 02:05:00,16528383799,11098175052,1,up,440.757,295.951,44.076,0.1947,0
2026-02-23 02:10:00,14470859494,10975718963,3,up,385.89,292.686,38.589,0.3305,0
2026-02-23 02:15:00,14871121346,10270629056,4,up,396.563,273.883,39.656,0.4863,0
2026-02-23 02:20:00,12267827255,12806737219,10,up,327.142,341.513,32.714,1.0799,0
2026-02-23 02:25:00,14357347438,11121426567,2,up,382.863,296.571,38.286,0.2977,0
2026-02-23 02:30:00,16602689694,9279896812,6,up,442.738,247.464,44.274,0.6225,0
2026-02-23 02:35:00,16035369028,10812864899,0,up,427.61,288.343,42.761,0.0003,0
2026-02-23 02:40:00,15901198298,11448129055,2,up,424.032,305.283,42.403,0.2267,0
2026-02-23 02:45:00,15089592636,9758983165,0,up,402.389,260.24,40.239,0.0725,0
2026-02-23 02:50:00,15012713685,11872483031,0,up,400.339,316.6,40.034,0.0297,0
2026-02-23 02:55:00,13811421948,10981362469,2,up,368.305,292.836,36.83,0.2278,0
2026-02-23 03:00:00,16257891156,7548477294,4,up,433.544,201.293,43.354,0.4121,0
2026-02-23 03:05:00,15757751299,10877586691,1,up,420.207,290.069,42.021,0.1594,0
2026-02-23 03:10:00,15885633926,9988403265,3,up,423.617,266.357,42.362,0.3327,0
2026-02-23 03:15:00,14053137283,11176846566,2,up,374.75,298.049,37.475,0.2018,0
2026-02-23 03:20:00,11123982744,11689710698,1,up,296.64,311.726,29.664,0.1724,0
2026-02-23 03:25:00,16974874881,10745904179,1,up,452.663,286.557,45.266,0.1029,0
2026-02-23 03:30:00,14138092579,12598217814,1,up,377.016,335.952,37.702,0.1447,0
2026-02-23 03:35:00,13447003624,10274829325,1,up,358.587,273.995,35.859,0.1291,0
2026-02-23 03:40:00,16248262041,11287270457,3,up,433.287,300.994,43.329,0.3117,0
2026-02-23 03:45:00,14294377248,11514227642,0,up,381.183,307.046,38.118,0.037,0
2026-02-23 03:50:00,16907885491,10377344079,0,up,450.877,276.729,45.088,0.0292,0
2026-02-23 03:55:00,16110610709,11481255628,3,up,429.616,306.167,42.962,0.3237,0
2026-02-23 04:00:00,16230424781,9750712036,2,up,432.811,260.019,43.281,0.2371,0
2026-02-23 04:05:00,12541279719,9967563792,1,up,334.434,265.802,33.443,0.1687,0
2026-02-23 04:10:00,17181499173,8846264250,0,up,458.173,235.9,45.817,0.0496,0
2026-02-23 04:15:00,15470250956,10804175486,1,up,412.54,288.111,41.254,0.1588,0
2026-02-23 04:20:00,14335301149,10909817111,4,up,382.275,290.928,38.227,0.4678,0
2026-02-23 04:25:00,15258099241,11985871579,6,up,406.883,319.623,40.688,0.6612,0
2026-02-23 04:30:00,11802776580,11496836405,3,up,314.741,306.582,31.474,0.3638,0
2026-02-23 04:35:00,15735575060,10141157598,0,up,419.615,270.431,41.962,0.0185,0
2026-02-23 04:40:00,13147131285,9015493593,3,up,350.59,240.413,35.059,0.333,0
2026-02-23 04:45:00,12565193485,11045391507,0,up,335.072,294.544,33.507,0.0827,0
2026-02-23 04:50:00,12259753464,11899548997,1,up,326.927,317.321,32.693,0.1136,0
2026-02-23 04:55:00,17002839074,11451533066,0,up,453.409,305.374,45.341,0.0654,0
2026-02-23 05:00:00,13867325891,11866441681,4,up,369.795,316.438,36.98,0.4485,0
2026-02-23 05:05:00,17760709877,10233019190,3,up,473.619,272.881,47.362,0.3138,0
2026-02-23 05:10:00,14035557366,9912060100,2,up,374.282,264.322,37.428,0.2839,0
2026-02-23 05:15:00,11926755676,9571504296,3,up,318.047,255.24,31.805,0.3308,0
2026-02-23 05:20:00,12990256008,10429570452,0,up,346.407,278.122,34.641,0.0811,0
2026-02-23 05:25:00,17224460916,10400975597,1,up,459.319,277.359,45.932,0.1764,0
2026-02-23 05:30:00,14719383279,10760413811,3,up,392.517,286.944,39.252,0.3009,0
2026-02-23 05:35:00,14013082866,10337085204,3,up,373.682,275.656,37.368,0.3037,0
2026-02-23 05:40:00,15288032806,10331629060,4,up,407.681,275.51,40.768,0.4709,0
2026-02-23 05:45:00,15903208925,9521365493,1,up,424.086,253.903,42.409,0.1015,0
2026-02-23 05:50:00,17011317868,11686439957,4,up,453.635,311.638,45.364,0.4413,0
2026-02-23 05:55:00,17607298613,10596412758,1,up,469.528,282.571,46.953,0.174,0
2026-02-23 06:00:00,14352416437,10280200642,3,up,382.731,274.139,38.273,0.3328,0
2026-02-23 06:05:00,12613114165,9558239140,1,up,336.35,254.886,33.635,0.1825,0
2026-02-23 06:10:00,14255762709,8821789480,8,up,380.154,235.248,38.015,0.8905,0
2026-02-23 06:15:00,15468504911,12148034882,0,up,412.493,323.948,41.249,0.0593,0
2026-02-23 06:20:00,13265233932,11198844772,3,up,353.74,298.636,35.374,0.3372,0
2026-02-23 06:25:00,13277128353,8453863518,2,up,354.057,225.436,35.406,0.2578,0
2026-02-23 06:30:00,15618818186,11461559298,0,up,416.502,305.642,41.65,0.0569,0
2026-02-23 06:35:00,14912425767,11662326274,0,up,397.665,310.995,39.766,0.0205,0
2026-02-23 06:40:00,15059034591,10656713914,4,up,401.574,284.179,40.157,0.4816,0
2026-02-23 06:45:00,13634708397,12513619728,0,up,363.592,333.697,36.359,0.0514,0
2026-02-23 06:50:00,14585278714,10773066749,0,up,388.941,287.282,38.894,0.0619,0
2026-02-23 06:55:00,13336380340,8714802354,11,up,355.637,232.395,35.564,1.151,0
2026-02-23 07:00:00,16602357140,10960112941,3,up,442.73,292.27,44.273,0.379,0
2026-02-23 07:05:00,16863448802,10808570600,0,up,449.692,288.229,44.969,0.0865,0
2026-02-23 07:10:00,11676861847,9739845970,2,up,311.383,259.729,31.138,0.2682,0
2026-02-23 07:15:00,13326880451,11222684134,2,up,355.383,299.272,35.538,0.2291,0
2026-02-23 07:20:00,12306247340,8398741764,5,up,328.167,223.966,32.817,0.5583,0
2026-02-23 07:25:00,13829956918,11748114202,3,up,368.799,313.283,36.88,0.392,0
2026-02-23 07:30:00,14849811654,9393566653,5,up,395.995,250.495,39.599,0.5346,0
2026-02-23 07:35:00,12390638604,9258967882,0,up,330.417,246.906,33.042,0.0713,0
2026-02-23 07:40:00,13340652336,10356580786,3,up,355.751,276.175,35.575,0.3067,0
2026-02-23 07:45:00,13192876730,11045545889,0,up,351.81,294.548,35.181,0.0123,0
2026-02-23 07:50:00,15373081192,10706544320,0,up,409.949,285.508,40.995,0.0214,0
2026-02-23 07:55:00,15124819806,9564249451,3,up,403.329,255.047,40.333,0.375,0
2026-02-23 08:00:00,13700872403,9862327493,0,up,365.357,262.995,36.536,0.0074,0
2026-02-23 08:05:00,15318277569,9072366642,2,up,408.487,241.93,40.849,0.2601,0
2026-02-23 08:10:00,14015975847,10216903323,5,up,373.759,272.451,37.376,0.5505,0
2026-02-23 08:15:00,14511020801,11854526730,1,up,386.961,316.121,38.696,0.1434,0
2026-02-23 08:20:00,18012213762,10494628698,0,up,480.326,279.857,48.033,0.0138,0
2026-02-23 08:25:00,17412829893,11582861960,3,up,464.342,308.876,46.434,0.3754,0
2026-02-23 08:30:00,12660753773,12333805685,7,up,337.62,328.901,33.762,0.7964,0
2026-02-23 08:35:00,16493518352,9759096666,3,up,439.827,260.243,43.983,0.3789,0
2026-02-23 08:40:00,16460513798,10264917701,2,up,438.947,273.731,43.895,0.2591,0
2026-02-23 08:45:00,12933126080,13235703004,0,up,344.883,352.952,34.488,0.0784,0
2026-02-23 08:50:00,16473799758,12319872699,0,up,439.301,328.53,43.93,0.0046,0
2026-02-23 08:55:00,17768277453,8392770297,3,up,473.821,223.807,47.382,0.3559,0
2026-02-23 09:00:00,12979419348,10987806878,0,up,346.118,293.008,34.612,0.0788,0
2026-02-23 09:05:00,13348494922,10500705590,5,up,355.96,280.019,35.596,0.5859,0
2026-02-23 09:10:00,16831790640,11541330919,1,up,448.848,307.769,44.885,0.1884,0
2026-02-23 09:15:00,15488691559,9561326752,2,up,413.032,254.969,41.303,0.2269,0
2026-02-23 09:20:00,15992657295,9442093451,4,up,426.471,251.789,42.647,0.4206,0
2026-02-23 09:25:00,15613060589,9648150898,4,up,416.348,257.284,41.635,0.4535,0
2026-02-23 09:30:00,15703252657,9779370031,3,up,418.753,260.783,41.875,0.3087,0
2026-02-23 09:35:00,12612350169,11527308450,8,up,336.329,307.395,33.633,0.8363,0
2026-02-23 09:40:00,16885171871,9011686521,12,up,450.271,240.312,45.027,1.2102,0
2026-02-23 09:45:00,17105261986,9715506486,8,up,456.14,259.08,45.614,0.8806,0
2026-02-23 09:50:00,14587096660,8245844387,5,up,388.989,219.889,38.899,0.5215,0
2026-02-23 09:55:00,14921741490,11768968457,3,up,397.913,313.839,39.791,0.3669,0
2026-02-23 10:00:00,12244006495,12101497925,3,up,326.507,322.707,32.651,0.3266,0
2026-02-23 10:05:00,15925658560,10087887477,0,up,424.684,269.01,42.468,0.0329,0
2026-02-23 10:10:00,16029703395,10124583800,0,up,427.459,269.989,42.746,0.095,0
2026-02-23 10:15:00,14888056169,11071059596,0,up,397.015,295.228,39.701,0.0017,0
2026-02-23 10:20:00,17023836047,12357847329,0,up,453.969,329.543,45.397,0.0443,0
2026-02-23 10:25:00,14398660984,11014849541,1,up,383.964,293.729,38.396,0.1735,0
2026-02-23 10:30:00,16016290666,9621097152,0,up,427.101,256.563,42.71,0.0475,0
2026-02-23 10:35:00,13164604190,8460283559,6,up,351.056,225.608,35.106,0.6958,0
2026-02-23 10:40:00,14957606128,9094940909,4,up,398.869,242.532,39.887,0.4915,0
2026-02-23 10:45:00,14686162335,10592256507,0,up,391.631,282.46,39.163,0.0223,0
2026-02-23 10:50:00,15405554259,9674287320,0,up,410.815,257.981,41.081,0.0859,0
2026-02-23 10:55:00,14334851528,10745659309,5,up,382.263,286.551,38.226,0.5129,0
2026-02-23 11:00:00,14763349327,9803315739,4,up,393.689,261.422,39.369,0.4874,0
2026-02-23 11:05:00,16486884908,9166735496,8,up,439.65,244.446,43.965,0.8726,0
2026-02-23 11:10:00,14213824372,9016940144,18,up,379.035,240.452,37.904,1.8032,0
2026-02-23 11:15:00,12108161218,12468566681,11,up,322.884,332.495,32.288,1.1223,0
2026-02-23 11:20:00,18149251027,11620124563,1,up,483.98,309.87,48.398,0.1584,0
2026-02-23 11:25:00,17486617341,12680452619,0,up,466.31,338.145,46.631,0.0864,0
2026-02-23 11:30:00,12673927148,11180338134,4,up,337.971,298.142,33.797,0.4262,0
2026-02-23 11:35:00,16241474049,9958210825,1,up,433.106,265.552,43.311,0.1067,0
2026-02-23 11:40:00,14094645413,12167409562,4,up,375.857,324.464,37.586,0.4926,0
2026-02-23 11:45:00,15474276987,10458334318,2,up,412.647,278.889,41.265,0.229,0
2026-02-23 11:50:00,15529603432,10778260630,4,up,414.123,287.42,41.412,0.4739,0
2026-02-23 11:55:00,14578065959,10446041282,0,up,388.748,278.561,38.875,0.0968,0
2026-02-23 12:00:00,13589221801,6786900683,2,up,362.379,180.984,36.238,0.2128,0
2026-02-23 12:05:00,13757026105,12521966115,2,up,366.854,333.919,36.685,0.2491,0
2026-02-23 12:10:00,13350854552,11118664971,8,up,356.023,296.498,35.602,0.86,0
2026-02-23 12:15:00,13502720025,10915577056,0,up,360.073,291.082,36.007,0.093,0
2026-02-23 12:20:00,14879079077,10422162161,8,up,396.775,277.924,39.678,0.8279,0
2026-02-23 12:25:00,13711632019,10705919053,4,up,365.644,285.491,36.564,0.4902,0
2026-02-23 12:30:00,16227693718,9747428540,3,up,432.738,259.931,43.274,0.3938,0
2026-02-23 12:35:00,17677043079,11276889983,4,up,471.388,300.717,47.139,0.4638,0
2026-02-23 12:40:00,13955904165,8853056086,2,up,372.157,236.081,37.216,0.279,0
2026-02-23 12:45:00,15430928100,10734446224,0,up,411.491,286.252,41.149,0.0839,0
2026-02-23 12:50:00,15899433198,11207582572,0,up,423.985,298.869,42.398,0.063,0
2026-02-23 12:55:00,15849604087,10249676891,6,up,422.656,273.325,42.266,0.6037,0
2026-02-23 13:00:00,15136719482,10967293418,3,up,403.646,292.461,40.365,0.3874,0
2026-02-23 13:05:00,16336828353,9250918665,0,up,435.649,246.691,43.565,0.0719,0
2026-02-23 13:10:00,15868048114,9283058268,2,up,423.148,247.548,42.315,0.2864,0
2026-02-23 13:15:00,12772207639,10798263572,1,up,340.592,287.954,34.059,0.178,0
2026-02-23 13:20:00,16564480915,11354972564,0,up,441.719,302.799,44.172,0.0518,0
2026-02-23 13:25:00,16597123507,8137669274,2,up,442.59,217.005,44.259,0.2277,0
2026-02-23 13:30:00,13626085012,11157746000,0,up,363.362,297.54,36.336,0.0992,0
2026-02-23 13:35:00,15068288103,9815566109,0,up,401.821,261.748,40.182,0.0304,0
2026-02-23 13:40:00,16229992187,10257064329,1,up,432.8,273.522,43.28,0.1887,0
2026-02-23 13:45:00,14623235124,8812207416,2,up,389.953,234.992,38.995,0.2676,0
2026-02-23 13:50:00,16931360485,9426962277,0,up,451.503,251.386,45.15,0.0144,0
2026-02-23 13:55:00,19254970490,11717317910,1,up,513.466,312.462,51.347,0.1543,0
2026-02-23 14:00:00,13585225141,10541407851,0,up,362.273,281.104,36.227,0.0894,0
2026-02-23 14:05:00,12514119714,10017699213,0,up,333.71,267.139,33.371,0.0093,0
2026-02-23 14:10:00,15546873472,10353224675,0,up,414.583,276.086,41.458,0.0403,0
2026-02-23 14:15:00,16298812509,11116406899,0,up,434.635,296.438,43.464,0.0449,0
2026-02-23 14:20:00,14584440527,11055023065,0,up,388.918,294.801,38.892,0.0606,0
2026-02-23 14:25:00,17615869193,10405465979,4,up,469.757,277.479,46.976,0.4879,0
2026-02-23 14:30:00,12590509560,11877128479,1,up,335.747,316.723,33.575,0.1737,0
2026-02-23 14:35:00,16247253521,11722782922,0,up,433.26,312.608,43.326,0.0477,0
2026-02-23 14:40:00,13909450522,11020848756,0,up,370.919,293.889,37.092,0.0317,0
2026-02-23 14:45:00,18094880231,10568810846,1,up,482.53,281.835,48.253,0.1061,0
2026-02-23 14:50:00,18586527635,11328224579,4,up,495.641,302.086,49.564,0.4799,0
2026-02-23 14:55:00,13620018141,10895976951,1,up,363.2,290.559,36.32,0.136,0
2026-02-23 15:00:00,14010797155,11836608090,0,up,373.621,315.643,37.362,0.0523,0
2026-02-23 15:05:00,16547258196,11633447334,1,up,441.26,310.225,44.126,0.1553,0
2026-02-23 15:10:00,14303164830,9217000084,2,up,381.418,245.787,38.142,0.2431,0
2026-02-23 15:15:00,14918259807,9131686404,0,up,397.82,243.512,39.782,0.009,0
2026-02-23 15:20:00,15045699156,9616425574,2,up,401.219,256.438,40.122,0.2964,0
2026-02-23 15:25:00,11544588318,11729934749,1,up,307.856,312.798,30.786,0.1508,0
2026-02-23 15:30:00,14975092057,8513850664,0,up,399.336,227.036,39.934,0.0029,0
2026-02-23 15:35:00,13758490006,10997394310,3,up,366.893,293.264,36.689,0.3362,0
2026-02-23 15:40:00,14112378919,10956804294,3,up,376.33,292.181,37.633,0.3738,0
2026-02-23 15:45:00,17598537606,11964936553,2,up,469.294,319.065,46.929,0.2973,0
2026-02-23 15:50:00,12738287590,10727226750,1,up,339.688,286.059,33.969,0.1255,0
2026-02-23 15:55:00,16463769336,8807556167,2,up,439.034,234.868,43.903,0.2263,0
2026-02-23 16:00:00,14497866725,9291212749,1,up,386.61,247.766,38.661,0.1469,0
2026-02-23 16:05:00,14496431696,9010685642,3,up,386.572,240.285,38.657,0.3618,0
2026-02-23 16:10:00,16422669412,9822190602,2,up,437.938,261.925,43.794,0.2628,0
2026-02-23 16:15:00,15612092330,10269544025,0,up,416.322,273.855,41.632,0.0256,0
2026-02-23 16:20:00,16027103394,9031543676,3,up,427.389,240.841,42.739,0.3091,0
2026-02-23 16:25:00,16742732388,12353034108,3,up,446.473,329.414,44.647,0.3487,0
2026-02-23 16:30:00,14403644910,8830145471,1,up,384.097,235.471,38.41,0.1389,0
2026-02-23 16:35:00,13897973877,12196090314,6,up,370.613,325.229,37.061,0.6257,0
2026-02-23 16:40:00,13046729052,11993305419,5,up,347.913,319.821,34.791,0.5555,0
2026-02-23 16:45:00,13514261046,11631861212,0,up,360.38,310.183,36.038,0.0578,0
2026-02-23 16:50:00,20308369965,9625854074,7,up,541.557,256.689,54.156,0.7039,0
2026-02-23 16:55:00,17240423245,10931488107,1,up,459.745,291.506,45.974,0.1744,0
2026-02-23 17:00:00,12568066140,8890512371,3,up,335.148,237.08,33.515,0.3859,0
2026-02-23 17:05:00,12619575677,11647742864,5,up,336.522,310.606,33.652,0.5048,0
2026-02-23 17:10:00,15867358911,10406779175,2,up,423.13,277.514,42.313,0.211,0
2026-02-23 17:15:00,15985076635,9984256529,1,up,426.269,266.247,42.627,0.1528,0
2026-02-23 17:20:00,15987990903,8958081493,7,up,426.346,238.882,42.635,0.7411,0
2026-02-23 17:25:00,14541079571,7378342290,0,up,387.762,196.756,38.776,0.0787,0
2026-02-23 17:30:00,14774182331,9191438520,0,up,393.978,245.105,39.398,0.0891,0
2026-02-23 17:35:00,15590183143,11902125726,1,up,415.738,317.39,41.574,0.1346,0
2026-02-23 17:40:00,15154607411,9992429880,5,up,404.123,266.465,40.412,0.5887,0
2026-02-23 17:45:00,11005259329,10286645640,8,up,293.474,274.311,29.347,0.838,0
2026-02-23 17:50:00,14586360664,11325998491,0,up,388.97,302.027,38.897,0.0746,0
2026-02-23 17:55:00,13467468418,12775142786,5,up,359.132,340.67,35.913,0.5982,0
2026-02-23 18:00:00,15315380554,12169505865,0,up,408.41,324.52,40.841,0.0896,0
2026-02-23 18:05:00,20373466204,9274857895,10,up,543.292,247.33,54.329,1.0584,0
2026-02-23 18:10:00,15661466997,8052361079,2,up,417.639,214.73,41.764,0.2729,0
2026-02-23 18:15:00,14435646564,13473113966,0,up,384.951,359.283,38.495,0.0021,0
2026-02-23 18:20:00,16659242703,13358929430,0,up,444.246,356.238,44.425,0.0104,0
2026-02-23 18:25:00,15868838196,10737451531,0,up,423.169,286.332,42.317,0.0479,0
2026-02-23 18:30:00,15756170082,8899184810,0,up,420.165,237.312,42.016,0.0623,0
2026-02-23 18:35:00,16092331067,11713665432,4,up,429.129,312.364,42.913,0.4378,0
2026-02-23 18:40:00,18701778416,10363940555,0,up,498.714,276.372,49.871,0.0756,0
2026-02-23 18:45:00,12964400816,10357643784,10,up,345.717,276.204,34.572,1.0435,0
2026-02-23 18:50:00,15852537738,11627018142,3,up,422.734,310.054,42.273,0.3033,0
2026-02-23 18:55:00,13332513966,10921312181,3,up,355.534,291.235,35.553,0.3538,0
2026-02-23 19:00:00,15999922763,9005873212,0,up,426.665,240.157,42.666,0.0737,0
2026-02-23 19:05:00,13346364279,10090825161,6,up,355.903,269.089,35.59,0.6697,0
2026-02-23 19:10:00,14248739735,11333052690,3,up,379.966,302.215,37.997,0.3306,0
2026-02-23 19:15:00,14468838154,11142917800,5,up,385.836,297.144,38.584,0.5994,0
2026-02-23 19:20:00,16756470094,10830140883,9,up,446.839,288.804,44.684,0.9404,0
2026-02-23 19:25:00,16653217999,11676112922,0,up,444.086,311.363,44.409,0.0403,0
2026-02-23 19:30:00,12757708722,10044236595,0,up,340.206,267.846,34.021,0.0305,0
2026-02-23 19:35:00,15098881399,10725123916,4,up,402.637,286.003,40.264,0.488,0
2026-02-23 19:40:00,13722756261,6246770333,6,up,365.94,166.581,36.594,0.6033,0
2026-02-23 19:45:00,12734691160,9933440755,2,up,339.592,264.892,33.959,0.2629,0
2026-02-23 19:50:00,14609369309,11462517664,1,up,389.583,305.667,38.958,0.1367,0
2026-02-23 19:55:00,14444730980,10008102971,3,up,385.193,266.883,38.519,0.3172,0
2026-02-23 20:00:00,19368089675,9912553486,1,up,516.482,264.335,51.648,0.1094,0
2026-02-23 20:05:00,15779327685,9187769280,0,up,420.782,245.007,42.078,0.0817,0
2026-02-23 20:10:00,12520288498,11764241024,2,up,333.874,313.713,33.387,0.2009,0
2026-02-23 20:15:00,13983406792,11191063724,0,up,372.891,298.428,37.289,0.0731,0
2026-02-23 20:20:00,16838489931,11540022393,1,up,449.026,307.734,44.903,0.1983,0
2026-02-23 20:25:00,18759196991,8324970407,9,up,500.245,221.999,50.025,0.9412,0
2026-02-23 20:30:00,12145230037,10297832945,5,up,323.873,274.609,32.387,0.5494,0
2026-02-23 20:35:00,11616136106,10147060130,8,up,309.764,270.588,30.976,0.8523,0
2026-02-23 20:40:00,18367737315,10146479649,4,up,489.806,270.573,48.981,0.4925,0
2026-02-23 20:45:00,15701305519,9723805294,1,up,418.701,259.301,41.87,0.1314,0
2026-02-23 20:50:00,13437073082,10063908617,5,up,358.322,268.371,35.832,0.5015,0
2026-02-23 20:55:00,15962332355,11570552426,7,up,425.662,308.548,42.566,0.7689,0
2026-02-23 21:00:00,10255654069,8089807294,8,up,273.484,215.728,27.348,0.8814,0
2026-02-23 21:05:00,15006075911,12739391407,3,up,400.162,339.717,40.016,0.3448,0
2026-02-23 21:10:00,15590078111,11109639817,0,up,415.735,296.257,41.574,0.0712,0
2026-02-23 21:15:00,16663686251,10446661811,0,up,444.365,278.578,44.436,0.0122,0
2026-02-23 21:20:00,13174987285,11642611024,0,up,351.333,310.47,35.133,0.0478,0
2026-02-23 21:25:00,15154236890,8670688221,10,up,404.113,231.218,40.411,1.0104,0
2026-02-23 21:30:00,13334235673,9662476859,1,up,355.58,257.666,35.558,0.186,0
2026-02-23 21:35:00,15459690760,10347444955,5,up,412.258,275.932,41.226,0.5793,0
2026-02-23 21:40:00,13388376619,12220606066,1,up,357.023,325.883,35.702,0.1877,0
2026-02-23 21:45:00,14265418489,10441414307,3,up,380.411,278.438,38.041,0.3244,0
2026-02-23 21:50:00,13207532289,11067068885,0,up,352.201,295.122,35.22,0.0073,0
2026-02-23 21:55:00,16172045235,9757130465,0,up,431.255,260.19,43.125,0.0863,0
2026-02-23 22:00:00,16545212009,11113421006,1,up,441.206,296.358,44.121,0.172,0
2026-02-23 22:05:00,14577682974,12613321887,2,up,388.738,336.355,38.874,0.2988,0
2026-02-23 22:10:00,15068828390,11754363631,0,up,401.835,313.45,40.184,0.0564,0
2026-02-23 22:15:00,12392535453,10397365455,4,up,330.468,277.263,33.047,0.4339,0
2026-02-23 22:20:00,14460582033,11351118467,1,up,385.616,302.696,38.562,0.136,0
2026-02-23 22:25:00,14909631689,11227671362,5,up,397.59,299.405,39.759,0.5102,0
2026-02-23 22:30:00,19717427563,11138300466,0,up,525.798,297.021,52.58,0.0309,0
2026-02-23 22:35:00,12998459353,11901061234,3,up,346.626,317.362,34.663,0.3416,0
2026-02-23 22:40:00,17635519029,11891641906,1,up,470.281,317.11,47.028,0.1042,0
2026-02-23 22:45:00,16794345792,10339780167,4,up,447.849,275.727,44.785,0.476,0
2026-02-23 22:50:00,15505145528,11308767617,1,up,413.471,301.567,41.347,0.1543,0
2026-02-23 22:55:00,18165516871,10017300399,3,up,484.414,267.128,48.441,0.3284,0
2026-02-23 23:00:00,15669789850,9336928780,8,up,417.861,248.985,41.786,0.8168,0
2026-02-23 23:05:00,15700486552,10160437867,0,up,418.68,270.945,41.868,0.0063,0
2026-02-23 23:10:00,14904382824,10403889528,0,up,397.45,277.437,39.745,0.0034,0
2026-02-23 23:15:00,17202423988,8406407953,4,up,458.731,224.171,45.873,0.4413,0
2026-02-23 23:20:00,16973644620,11584019024,3,up,452.631,308.907,45.263,0.3119,0
2026-02-23 23:25:00,13873780882,7013169967,1,up,369.967,187.018,36.997,0.104,0
2026-02-23 23:30:00,12625355049,13920669343,2,up,336.676,371.218,33.668,0.2046,0
2026-02-23 23:35:00,14634634852,12392367708,0,up,390.257,330.463,39.026,0.0129,0
2026-02-23 23:40:00,13559930584,10171129007,0,up,361.598,271.23,36.16,0.0641,0
2026-02-23 23:45:00,14885655765,10511877214,1,up,396.951,280.317,39.695,0.1658,0
2026-02-23 23:50:00,17227388642,10881744560,5,up,459.397,290.18,45.94,0.5388,0
2026-02-23 23:55:00,14176857020,9757657911,1,up,378.05,260.204,37.805,0.196,0
2026-02-24 00:00:00,14922917913,10742700125,2,up,397.944,286.472,39.794,0.2648,0
2026-02-24 00:05:00,15104440922,10318560028,6,up,402.785,275.162,40.279,0.6209,0
2026-02-24 00:10:00,16527175587,10381216376,1,up,440.725,276.832,44.072,0.1108,0
2026-02-24 00:15:00,10955599198,10728640939,3,up,292.149,286.097,29.215,0.3619,0
2026-02-24 00:20:00,13907939469,8844954974,5,up,370.878,235.865,37.088,0.5934,0
2026-02-24 00:25:00,15380310646,10549857852,0,up,410.142,281.33,41.014,0.0679,0
2026-02-24 00:30:00,17160142121,10705944160,1,up,457.604,285.492,45.76,0.1322,0
2026-02-24 00:35:00,14114575594,10662350522,11,up,376.389,284.329,37.639,1.1708,0
2026-02-24 00:40:00,11622205129,10228053248,12,up,309.925,272.748,30.993,1.2262,0
2026-02-24 00:45:00,16115480602,11933700797,0,up,429.746,318.232,42.975,0.0758,0
2026-02-24 00:50:00,13856347700,10054397780,0,up,369.503,268.117,36.95,0.0206,0
2026-02-24 00:55:00,12858600013,10786430642,0,up,342.896,287.638,34.29,0.0948,0
2026-02-24 01:00:00,13876178298,12134594892,1,up,370.031,323.589,37.003,0.1521,0
2026-02-24 01:05:00,14667854356,10399986063,1,up,391.143,277.333,39.114,0.1745,0
2026-02-24 01:10:00,13911459603,10770223717,2,up,370.972,287.206,37.097,0.2893,0
2026-02-24 01:15:00,11029981097,10378555358,6,up,294.133,276.761,29.413,0.6893,0
2026-02-24 01:20:00,16614719154,12059085939,1,up,443.059,321.576,44.306,0.1203,0
2026-02-24 01:25:00,17294775074,10175267052,5,up,461.194,271.34,46.119,0.5691,0
2026-02-24 01:30:00,16172739584,12117026767,0,up,431.273,323.121,43.127,0.0294,0
2026-02-24 01:35:00,12952165793,10369479252,0,up,345.391,276.519,34.539,0.0128,0
2026-02-24 01:40:00,14637315238,9417080748,2,up,390.328,251.122,39.033,0.2104,0
2026-02-24 01:45:00,14988261632,11356010194,0,up,399.687,302.827,39.969,0.0185,0
2026-02-24 01:50:00,16077829901,10116118529,1,up,428.742,269.763,42.874,0.1495,0
2026-02-24 01:55:00,16203012879,11281831132,6,up,432.08,300.849,43.208,0.6813,0
2026-02-24 02:00:00,13678487162,7060950474,0,up,364.76,188.292,36.476,0.0829,0
2026-02-24 02:05:00,15147592001,10506558629,3,up,403.936,280.175,40.394,0.3672,0
2026-02-24 02:10:00,15823104728,9920897323,1,up,421.949,264.557,42.195,0.108,0
2026-02-24 02:15:00,17620480179,9160294054,0,up,469.879,244.275,46.988,0.0138,0
2026-02-24 02:20:00,16268111771,9802916337,2,up,433.816,261.411,43.382,0.244,0
2026-02-24 02:25:00,16420302037,9777134038,5,up,437.875,260.724,43.787,0.5403,0
2026-02-24 02:30:00,15150887930,10439537898,1,up,404.024,278.388,40.402,0.158,0
2026-02-24 02:35:00,17538826461,8777168658,2,up,467.702,234.058,46.77,0.2881,0
2026-02-24 02:40:00,15737573032,10898504963,6,up,419.669,290.627,41.967,0.6908,0
2026-02-24 02:45:00,13450041761,12221430629,4,up,358.668,325.905,35.867,0.4678,0
2026-02-24 02:50:00,17526065946,10853969906,0,up,467.362,289.439,46.736,0.0647,0
2026-02-24 02:55:00,16256225890,11519325647,3,up,433.499,307.182,43.35,0.3966,0
2026-02-24 03:00:00,14202520761,11879148692,2,up,378.734,316.777,37.873,0.2091,0
2026-02-24 03:05:00,14136912658,12057976785,4,up,376.984,321.546,37.698,0.4111,0
2026-02-24 03:10:00,15533835981,12856374752,2,up,414.236,342.837,41.424,0.2047,0
2026-02-24 03:15:00,15833732631,9871005482,0,up,422.233,263.227,42.223,0.0411,0
2026-02-24 03:20:00,15355126078,9594710178,2,up,409.47,255.859,40.947,0.2531,0
2026-02-24 03:25:00,15560355612,11487166716,2,up,414.943,306.324,41.494,0.2033,0
2026-02-24 03:30:00,18059923274,11392415436,2,up,481.598,303.798,48.16,0.2189,0
2026-02-24 03:35:00,16928777674,11477350877,6,up,451.434,306.063,45.143,0.6333,0
2026-02-24 03:40:00,15343144064,12880495892,6,up,409.151,343.48,40.915,0.6757,0
2026-02-24 03:45:00,16694359045,10514326085,1,up,445.183,280.382,44.518,0.1813,0
2026-02-24 03:50:00,13141456973,11036957265,1,up,350.439,294.319,35.044,0.1825,0
2026-02-24 03:55:00,15716268689,9264710803,2,up,419.1,247.059,41.91,0.2172,0
2026-02-24 04:00:00,18256751429,13190504616,2,up,486.847,351.747,48.685,0.2199,0
2026-02-24 04:05:00,14607517388,10075953399,9,up,389.534,268.692,38.953,0.9011,0
2026-02-24 04:10:00,13474258928,10111647930,3,up,359.314,269.644,35.931,0.3144,0
2026-02-24 04:15:00,13826240000,10063095137,0,up,368.7,268.349,36.87,0.0975,0
2026-02-24 04:20:00,13038660532,9687431218,2,up,347.698,258.331,34.77,0.2275,0
2026-02-24 04:25:00,13587428565,9580909318,2,up,362.331,255.491,36.233,0.296,0
2026-02-24 04:30:00,14333085422,9840132603,3,up,382.216,262.404,38.222,0.3063,0
2026-02-24 04:35:00,12469979365,8779097130,2,up,332.533,234.109,33.253,0.264,0
2026-02-24 04:40:00,15028113001,9510499420,0,up,400.75,253.613,40.075,0.0587,0
2026-02-24 04:45:00,16624098912,12955693520,0,up,443.309,345.485,44.331,0.0103,0
2026-02-24 04:50:00,13366038875,11426925480,1,up,356.428,304.718,35.643,0.1237,0
2026-02-24 04:55:00,17734711062,11666639262,1,up,472.926,311.11,47.293,0.1673,0
2026-02-24 05:00:00,15919425759,11983283072,0,up,424.518,319.554,42.452,0.0191,0
2026-02-24 05:05:00,16855045054,12811009551,5,up,449.468,341.627,44.947,0.5062,0
2026-02-24 05:10:00,13815897803,8268007585,1,up,368.424,220.48,36.842,0.1265,0
2026-02-24 05:15:00,16538145408,8950347274,7,up,441.017,238.676,44.102,0.7347,0
2026-02-24 05:20:00,13034518979,9487308187,0,up,347.587,252.995,34.759,0.0503,0
2026-02-24 05:25:00,16602445501,9908140456,0,up,442.732,264.217,44.273,0.0176,0
2026-02-24 05:30:00,15309310811,10121282567,1,up,408.248,269.901,40.825,0.1975,0
2026-02-24 05:35:00,15995852195,9936808283,0,up,426.556,264.982,42.656,0.0629,0
2026-02-24 05:40:00,12883929709,10776329230,8,up,343.571,287.369,34.357,0.8313,0
2026-02-24 05:45:00,13388874283,10544472192,0,up,357.037,281.186,35.704,0.0031,0
2026-02-24 05:50:00,16075010792,9589228158,1,up,428.667,255.713,42.867,0.1596,0
2026-02-24 05:55:00,13292973592,7758808540,7,up,354.479,206.902,35.448,0.7842,0
2026-02-24 06:00:00,15833771325,9248985431,1,up,422.234,246.64,42.223,0.1456,0
2026-02-24 06:05:00,12539151948,9807959296,0,up,334.377,261.546,33.438,0.0293,0
2026-02-24 06:10:00,16526713582,10188679909,1,up,440.712,271.698,44.071,0.1082,0
2026-02-24 06:15:00,12781458033,9076619001,2,up,340.839,242.043,34.084,0.2068,0
2026-02-24 06:20:00,15994139887,9881583852,0,up,426.51,263.509,42.651,0.0614,0
2026-02-24 06:25:00,16126135680,9074955890,1,up,430.03,241.999,43.003,0.1885,0
2026-02-24 06:30:00,13745810726,10341467617,5,up,366.555,275.772,36.655,0.543,0
2026-02-24 06:35:00,16047647820,9147904926,6,up,427.937,243.944,42.794,0.6182,0
2026-02-24 06:40:00,15468796074,9430380132,0,up,412.501,251.477,41.25,0.0152,0
2026-02-24 06:45:00,14030084658,8851057994,0,up,374.136,236.028,37.414,0.0526,0
2026-02-24 06:50:00,13184601568,10306589123,0,up,351.589,274.842,35.159,0.0966,0
2026-02-24 06:55:00,11467273754,9408275809,2,up,305.794,250.887,30.579,0.2711,0
2026-02-24 07:00:00,15629370085,11642548176,1,up,416.783,310.468,41.678,0.1344,0
2026-02-24 07:05:00,12183355011,11011371336,5,up,324.889,293.637,32.489,0.5574,0
2026-02-24 07:10:00,15171619558,10411986646,3,up,404.577,277.653,40.458,0.3783,0
2026-02-24 07:15:00,14525793211,9495168273,0,up,387.354,253.204,38.735,0.0318,0
2026-02-24 07:20:00,16222456995,10979455584,2,up,432.599,292.785,43.26,0.2939,0
2026-02-24 07:25:00,14456318100,11370283120,0,up,385.502,303.208,38.55,0.036,0
2026-02-24 07:30:00,14406993984,10679787399,0,up,384.187,284.794,38.419,0.0883,0
2026-02-24 07:35:00,16317367267,12520664337,0,up,435.13,333.884,43.513,0.0588,0
2026-02-24 07:40:00,15603104452,11079143020,0,up,416.083,295.444,41.608,0.057,0
2026-02-24 07:45:00,15569080722,11651145094,2,up,415.175,310.697,41.518,0.2874,0
2026-02-24 07:50:00,15844681661,10668292423,2,up,422.525,284.488,42.252,0.2488,0
2026-02-24 07:55:00,12235970178,11351337211,0,up,326.293,302.702,32.629,0.0581,0
2026-02-24 08:00:00,16362219623,9496055646,13,up,436.326,253.228,43.633,1.3868,0
2026-02-24 08:05:00,16102443829,9922418062,1,up,429.399,264.598,42.94,0.1644,0
2026-02-24 08:10:00,13169970368,10940198077,0,up,351.199,291.739,35.12,0.0306,0
2026-02-24 08:15:00,14560655147,10931045346,0,up,388.284,291.495,38.828,0.0385,0
2026-02-24 08:20:00,14929246882,11139590896,2,up,398.113,297.056,39.811,0.263,0
2026-02-24 08:25:00,14757905788,11886495044,11,up,393.544,316.973,39.354,1.16,0
2026-02-24 08:30:00,15600947939,8704536323,2,up,416.025,232.121,41.603,0.2546,0
2026-02-24 08:35:00,17576460207,9272189790,8,up,468.706,247.258,46.871,0.893,0
2026-02-24 08:40:00,16947180109,10789261527,1,up,451.925,287.714,45.192,0.1762,0
2026-02-24 08:45:00,12638005451,9587301823,1,up,337.013,255.661,33.701,0.1717,0
2026-02-24 08:50:00,16119725982,14755987984,2,up,429.859,393.493,42.986,0.2079,0
2026-02-24 08:55:00,17392079975,11149806720,3,up,463.789,297.328,46.379,0.3586,0
2026-02-24 09:00:00,15696255337,10401303130,1,up,418.567,277.368,41.857,0.1375,0
2026-02-24 09:05:00,16963764765,9850508715,5,up,452.367,262.68,45.237,0.5983,0
2026-02-24 09:10:00,18622086802,9894995523,0,up,496.589,263.867,49.659,0.0089,0
2026-02-24 09:15:00,16842677182,10537977233,1,up,449.138,281.013,44.914,0.1738,0
2026-02-24 09:20:00,15448755472,10641097235,2,up,411.967,283.763,41.197,0.2146,0
2026-02-24 09:25:00,16881159253,9924559077,2,up,450.164,264.655,45.016,0.2802,0
2026-02-24 09:30:00,15260798099,10155828169,0,up,406.955,270.822,40.695,0.0969,0
2026-02-24 09:35:00,15043025477,12193798564,1,up,401.147,325.168,40.115,0.1673,0
2026-02-24 09:40:00,14367454375,12244476252,1,up,383.132,326.519,38.313,0.1988,0
2026-02-24 09:45:00,17814144045,10817562814,3,up,475.044,288.468,47.504,0.3484,0
2026-02-24 09:50:00,13526828401,8810012743,4,up,360.715,234.934,36.072,0.4456,0
2026-02-24 09:55:00,17758261904,11178513977,4,up,473.554,298.094,47.355,0.4016,0
2026-02-24 10:00:00,15899755422,12458395876,1,up,423.993,332.224,42.399,0.1254,0
2026-02-24 10:05:00,12481248885,12225924188,22,up,332.833,326.025,33.283,2.252,0
2026-02-24 10:10:00,15661768727,11425376574,5,up,417.647,304.677,41.765,0.5665,0
2026-02-24 10:15:00,11219952286,12292252923,0,up,299.199,327.793,29.92,0.0903,0
2026-02-24 10:20:00,16125914430,10567264183,0,up,430.024,281.794,43.002,0.0651,0
2026-02-24 10:25:00,16593416669,11291409741,1,up,442.491,301.104,44.249,0.1131,0
2026-02-24 10:30:00,13933759279,9642222786,1,up,371.567,257.126,37.157,0.1806,0
2026-02-24 10:35:00,15222385852,10868254474,5,up,405.93,289.82,40.593,0.5707,0
2026-02-24 10:40:00,18517483380,12175213147,4,up,493.8,324.672,49.38,0.452,0
2026-02-24 10:45:00,14089655932,9757326501,5,up,375.724,260.195,37.572,0.5716,0
2026-02-24 10:50:00,13093966343,9414581278,0,up,349.172,251.056,34.917,0.0952,0
2026-02-24 10:55:00,17666994124,10622836063,2,up,471.12,283.276,47.112,0.27,0
2026-02-24 11:00:00,18532656942,10214405623,0,up,494.204,272.384,49.42,0.0999,0
2026-02-24 11:05:00,15006652209,11317926128,0,up,400.177,301.811,40.018,0.0346,0
2026-02-24 11:10:00,16820633463,9928892997,3,up,448.55,264.77,44.855,0.3458,0
2026-02-24 11:15:00,17414656647,12665233915,0,up,464.391,337.74,46.439,0.0463,0
2026-02-24 11:20:00,13663528381,8875008116,3,up,364.361,236.667,36.436,0.3305,0
2026-02-24 11:25:00,14126449496,12079705830,3,up,376.705,322.125,37.671,0.3132,0
2026-02-24 11:30:00,17215574123,9536289972,4,up,459.082,254.301,45.908,0.4986,0
2026-02-24 11:35:00,18033025701,8237061754,0,up,480.881,219.655,48.088,0.0451,0
2026-02-24 11:40:00,16013185548,10799722696,4,up,427.018,287.993,42.702,0.459,0
2026-02-24 11:45:00,13416334163,10179193937,21,up,357.769,271.445,35.777,2.1694,0
2026-02-24 11:50:00,18576710001,9101892196,5,up,495.379,242.717,49.538,0.5712,0
2026-02-24 11:55:00,14044252383,8381465116,4,up,374.513,223.506,37.451,0.4181,0
2026-02-24 12:00:00,14396751993,10489465408,3,up,383.913,279.719,38.391,0.3256,0
2026-02-24 12:05:00,15616208102,11729554483,1,up,416.432,312.788,41.643,0.1643,0
2026-02-24 12:10:00,17797488757,11237041401,3,up,474.6,299.654,47.46,0.3934,0
2026-02-24 12:15:00,16537156757,10571450377,3,up,440.991,281.905,44.099,0.3864,0
2026-02-24 12:20:00,15746757900,11103347942,2,up,419.914,296.089,41.991,0.2995,0
2026-02-24 12:25:00,15833919354,10465710193,4,up,422.238,279.086,42.224,0.4773,0
2026-02-24 12:30:00,15078326403,8698547453,1,up,402.089,231.961,40.209,0.1787,0
2026-02-24 12:35:00,16004651126,8709673578,0,up,426.791,232.258,42.679,0.0388,0
2026-02-24 12:40:00,10446791860,10244007653,2,up,278.581,273.174,27.858,0.2457,0
2026-02-24 12:45:00,14466106573,10297576859,0,up,385.763,274.602,38.576,0.0924,0
2026-02-24 12:50:00,15434379482,11572238174,1,up,411.583,308.593,41.158,0.1456,0
2026-02-24 12:55:00,12928174649,11454203321,0,up,344.751,305.445,34.475,0.0053,0
2026-02-24 13:00:00,15695381972,11262467599,1,up,418.544,300.332,41.854,0.1448,0
2026-02-24 13:05:00,14631951802,10146843781,4,up,390.185,270.583,39.019,0.4963,0
2026-02-24 13:10:00,18159856256,8760378265,2,up,484.263,233.61,48.426,0.2347,0
2026-02-24 13:15:00,17831435505,11019209632,0,up,475.505,293.846,47.55,0.003,0
2026-02-24 13:20:00,14161549975,11161713334,1,up,377.641,297.646,37.764,0.1904,0
2026-02-24 13:25:00,14728492119,7490450357,1,up,392.76,199.745,39.276,0.1034,0
2026-02-24 13:30:00,14866894381,9448733884,1,up,396.451,251.966,39.645,0.1948,0
2026-02-24 13:35:00,14187012942,9629271484,1,up,378.32,256.781,37.832,0.1556,0
2026-02-24 13:40:00,15351044971,10649121253,8,up,409.361,283.977,40.936,0.8064,0
2026-02-24 13:45:00,13635092276,9487765854,0,up,363.602,253.007,36.36,0.0126,0
2026-02-24 13:50:00,12964892397,10451950443,3,up,345.73,278.719,34.573,0.3452,0
2026-02-24 13:55:00,16120880203,10234725975,5,up,429.89,272.926,42.989,0.5712,0
2026-02-24 14:00:00,16133153251,10299471665,9,up,430.217,274.653,43.022,0.96,0
2026-02-24 14:05:00,13552231632,9597343189,0,up,361.393,255.929,36.139,0.0587,0
2026-02-24 14:10:00,16611639775,9694878831,2,up,442.977,258.53,44.298,0.2273,0
2026-02-24 14:15:00,13863160087,9138863504,0,up,369.684,243.703,36.968,0.0134,0
2026-02-24 14:20:00,15455697428,10978884975,2,up,412.152,292.77,41.215,0.2075,0
2026-02-24 14:25:00,16476619222,11219589312,0,up,439.377,299.189,43.938,0.0402,0
2026-02-24 14:30:00,14939497383,9529021382,5,up,398.387,254.107,39.839,0.5459,0
2026-02-24 14:35:00,15818533641,12416006520,0,up,421.828,331.094,42.183,0.0363,0
2026-02-24 14:40:00,14070426641,10103602176,2,up,375.211,269.429,37.521,0.216,0
2026-02-24 14:45:00,14646360149,12428033885,2,up,390.57,331.414,39.057,0.2209,0
2026-02-24 14:50:00,14629453024,9690919760,10,up,390.119,258.425,39.012,1.0689,0
2026-02-24 14:55:00,13656158976,7946512001,3,up,364.164,211.907,36.416,0.3192,0
2026-02-24 15:00:00,14681806506,11006769259,1,up,391.515,293.514,39.151,0.1018,0
2026-02-24 15:05:00,12212487062,10813166832,0,up,325.666,288.351,32.567,0.0826,0
2026-02-24 15:10:00,14115923255,10543336182,0,up,376.425,281.156,37.642,0.0412,0
2026-02-24 15:15:00,14487224111,9690787077,4,up,386.326,258.421,38.633,0.4238,0
2026-02-24 15:20:00,14538876445,10456438995,3,up,387.703,278.838,38.77,0.3521,0
2026-02-24 15:25:00,14565304597,9855813083,2,up,388.408,262.822,38.841,0.2824,0
2026-02-24 15:30:00,14888824440,10119039546,0,up,397.035,269.841,39.704,0.0125,0
2026-02-24 15:35:00,15862994732,11560456642,4,up,423.013,308.279,42.301,0.4317,0
2026-02-24 15:40:00,16574130733,10732113709,3,up,441.977,286.19,44.198,0.3081,0
2026-02-24 15:45:00,13830422591,11268538748,9,up,368.811,300.494,36.881,0.9963,0
2026-02-24 15:50:00,12834238460,10207845681,2,up,342.246,272.209,34.225,0.2654,0
2026-02-24 15:55:00,13124320057,10069058144,1,up,349.982,268.508,34.998,0.1087,0
2026-02-24 16:00:00,14123034741,9046612011,1,up,376.614,241.243,37.661,0.1441,0
2026-02-24 16:05:00,14366541627,10033753868,0,up,383.108,267.567,38.311,0.058,0
2026-02-24 16:10:00,13614007080,6315395659,3,up,363.04,168.411,36.304,0.385,0
2026-02-24 16:15:00,12666990004,9756320322,3,up,337.786,260.169,33.779,0.369,0
2026-02-24 16:20:00,14178982510,10396838536,0,up,378.106,277.249,37.811,0.0672,0
2026-02-24 16:25:00,15326567916,11210228804,0,up,408.708,298.939,40.871,0.0518,0
2026-02-24 16:30:00,16071053038,10161465874,0,up,428.561,270.972,42.856,0.024,0
2026-02-24 16:35:00,13996638504,10938068663,7,up,373.244,291.682,37.324,0.729,0
2026-02-24 16:40:00,14256603920,7753466286,0,up,380.176,206.759,38.018,0.0796,0
2026-02-24 16:45:00,13331943044,10428385566,1,up,355.518,278.09,35.552,0.1266,0
2026-02-24 16:50:00,14943409493,8383826480,0,up,398.491,223.569,39.849,0.0988,0
2026-02-24 16:55:00,13472828458,8977537570,1,up,359.275,239.401,35.928,0.1601,0
2026-02-24 17:00:00,16031630063,10264171409,3,up,427.51,273.711,42.751,0.3756,0
2026-02-24 17:05:00,11785440314,12108092624,6,up,314.278,322.882,31.428,0.6134,0
2026-02-24 17:10:00,14352666589,10967720521,0,up,382.738,292.473,38.274,0.0605,0
2026-02-24 17:15:00,15541993210,10522971056,3,up,414.453,280.613,41.445,0.3479,0
2026-02-24 17:20:00,15330902129,10475391709,1,up,408.824,279.344,40.882,0.1304,0
2026-02-24 17:25:00,19847460595,9600827594,11,up,529.266,256.022,52.927,1.1816,0
2026-02-24 17:30:00,15629640044,9814580899,1,up,416.79,261.722,41.679,0.1065,0
2026-02-24 17:35:00,13192701725,11038493817,0,up,351.805,294.36,35.181,0.0022,0
2026-02-24 17:40:00,14828164355,8754445746,2,up,395.418,233.452,39.542,0.2175,0
2026-02-24 17:45:00,11802756599,11247248103,0,up,314.74,299.927,31.474,0.049,0
2026-02-24 17:50:00,14854920451,10010481095,0,up,396.131,266.946,39.613,0.0137,0
2026-02-24 17:55:00,13500499097,11540201914,3,up,360.013,307.739,36.001,0.3595,0
2026-02-24 18:00:00,16647702496,11710977756,3,up,443.939,312.293,44.394,0.3953,0
2026-02-24 18:05:00,14010827505,8391914144,1,up,373.622,223.784,37.362,0.1852,0
2026-02-24 18:10:00,14789821351,9767208238,3,up,394.395,260.459,39.44,0.3389,0
2026-02-24 18:15:00,13855995885,9422035113,2,up,369.493,251.254,36.949,0.2318,0
2026-02-24 18:20:00,18129932433,8215962764,2,up,483.465,219.092,48.346,0.2981,0
2026-02-24 18:25:00,14421763020,9199008071,2,up,384.58,245.307,38.458,0.2724,0
2026-02-24 18:30:00,18298602678,13575982365,3,up,487.963,362.026,48.796,0.3288,0
2026-02-24 18:35:00,16465473171,11267982469,0,up,439.079,300.48,43.908,0.0668,0
2026-02-24 18:40:00,15867720109,12915782840,0,up,423.139,344.421,42.314,0.0939,0
2026-02-24 18:45:00,15663719665,11544664034,1,up,417.699,307.858,41.77,0.1739,0
2026-02-24 18:50:00,15708835136,9565277617,1,up,418.902,255.074,41.89,0.1772,0
2026-02-24 18:55:00,11530189357,10018968292,4,up,307.472,267.172,30.747,0.4467,0
2026-02-24 19:00:00,14498009890,11241429587,1,up,386.614,299.771,38.661,0.1374,0
2026-02-24 19:05:00,16521284348,11051257816,0,up,440.568,294.7,44.057,0.0532,0
2026-02-24 19:10:00,14911985069,9772549060,0,up,397.653,260.601,39.765,0.0869,0
2026-02-24 19:15:00,12470658275,8597408605,0,up,332.551,229.264,33.255,0.0725,0
2026-02-24 19:20:00,14905671988,14642579096,3,up,397.485,390.469,39.748,0.3947,0
2026-02-24 19:25:00,18067389929,10322151412,1,up,481.797,275.257,48.18,0.1907,0
2026-02-24 19:30:00,17244405087,10089568994,3,up,459.851,269.055,45.985,0.3699,0
2026-02-24 19:35:00,14888392783,10642801424,1,up,397.024,283.808,39.702,0.1615,0
2026-02-24 19:40:00,16712608698,10194161977,6,up,445.67,271.844,44.567,0.6615,0
2026-02-24 19:45:00,14340287363,10654638423,12,up,382.408,284.124,38.241,1.2317,0
2026-02-24 19:50:00,11933031143,12121553580,3,up,318.214,323.241,31.821,0.3325,0
2026-02-24 19:55:00,13335961221,10343068915,5,up,355.626,275.815,35.563,0.5981,0
2026-02-24 20:00:00,17813199783,9034984846,2,up,475.019,240.933,47.502,0.2127,0
2026-02-24 20:05:00,14506812452,10296328818,8,up,386.848,274.569,38.685,0.8183,0
2026-02-24 20:10:00,14561908837,9914853755,5,up,388.318,264.396,38.832,0.5344,0
2026-02-24 20:15:00,14460291246,12294112660,14,up,385.608,327.843,38.561,1.4403,0
2026-02-24 20:20:00,18427445861,11975610021,2,up,491.399,319.35,49.14,0.2927,0
2026-02-24 20:25:00,17926726047,10635481500,4,up,478.046,283.613,47.805,0.4532,0
2026-02-24 20:30:00,18993804420,8888792822,2,up,506.501,237.034,50.65,0.2348,0
2026-02-24 20:35:00,14713718621,8955375748,0,up,392.366,238.81,39.237,0.09,0
2026-02-24 20:40:00,15532124079,10519055309,1,up,414.19,280.508,41.419,0.1314,0
2026-02-24 20:45:00,12270043411,10923766941,6,up,327.201,291.3,32.72,0.6733,0
2026-02-24 20:50:00,17658481967,10027975247,0,up,470.893,267.413,47.089,0.0173,0
2026-02-24 20:55:00,12897996807,9894986323,2,up,343.947,263.866,34.395,0.2686,0
2026-02-24 21:00:00,15390196014,9753072966,1,up,410.405,260.082,41.041,0.1398,0
2026-02-24 21:05:00,13024855450,10470523610,1,up,347.329,279.214,34.733,0.1467,0
2026-02-24 21:10:00,13940039711,7497719436,6,up,371.734,199.939,37.173,0.6477,0
2026-02-24 21:15:00,13492927624,9112328447,5,up,359.811,242.995,35.981,0.5769,0
2026-02-24 21:20:00,13905824530,9709915934,2,up,370.822,258.931,37.082,0.274,0
2026-02-24 21:25:00,14029579134,12021454025,0,up,374.122,320.572,37.412,0.0956,0
2026-02-24 21:30:00,14013116169,9474594811,1,up,373.683,252.656,37.368,0.1936,0
2026-02-24 21:35:00,16500001041,10727389858,1,up,440.0,286.064,44.0,0.1574,0
2026-02-24 21:40:00,13011246972,10785443866,1,up,346.967,287.612,34.697,0.1309,0
2026-02-24 21:45:00,15396974568,12135374797,0,up,410.586,323.61,41.059,0.0325,0
2026-02-24 21:50:00,17192326474,12090847532,2,up,458.462,322.423,45.846,0.235,0
2026-02-24 21:55:00,14076246543,10427546259,1,up,375.367,278.068,37.537,0.1078,0
2026-02-24 22:00:00,13707745996,9900889226,3,up,365.54,264.024,36.554,0.3244,0
2026-02-24 22:05:00,14585055674,9663570290,1,up,388.935,257.695,38.893,0.1153,0
2026-02-24 22:10:00,17123505375,10196260339,1,up,456.627,271.9,45.663,0.1692,0
2026-02-24 22:15:00,15349393735,9953117973,0,up,409.317,265.416,40.932,0.0161,0
2026-02-24 22:20:00,14043814269,11197570535,14,up,374.502,298.602,37.45,1.4694,0
2026-02-24 22:25:00,15870977972,11029590370,2,up,423.226,294.122,42.323,0.2125,0
2026-02-24 22:30:00,13015874130,11245669500,0,up,347.09,299.885,34.709,0.0074,0
2026-02-24 22:35:00,16226447118,12086697476,2,up,432.705,322.312,43.271,0.2338,0
2026-02-24 22:40:00,15735493153,12847215092,6,up,419.613,342.592,41.961,0.6129,0
2026-02-24 22:45:00,14445944751,10657075875,4,up,385.225,284.189,38.523,0.4443,0
2026-02-24 22:50:00,13490545562,11885324351,3,up,359.748,316.942,35.975,0.3621,0
2026-02-24 22:55:00,13403974339,10056908168,0,up,357.439,268.184,35.744,0.0451,0
2026-02-24 23:00:00,15962671205,11993108799,3,up,425.671,319.816,42.567,0.3217,0
2026-02-24 23:05:00,17212164904,11837501538,4,up,458.991,315.667,45.899,0.4361,0
2026-02-24 23:10:00,13852846055,11770604122,2,up,369.409,313.883,36.941,0.2549,0
2026-02-24 23:15:00,15825096066,10618527999,6,up,422.003,283.161,42.2,0.6698,0
2026-02-24 23:20:00,11243351366,9657868713,0,up,299.823,257.543,29.982,0.0973,0
2026-02-24 23:25:00,13947688084,8742894168,0,up,371.938,233.144,37.194,0.0832,0
2026-02-24 23:30:00,14944093920,10449553118,6,up,398.509,278.655,39.851,0.6111,0
2026-02-24 23:35:00,13362569849,12431595803,2,up,356.335,331.509,35.634,0.2946,0
2026-02-24 23:40:00,13314288525,10109595424,0,up,355.048,269.589,35.505,0.0004,0
2026-02-24 23:45:00,13797996798,11489259497,1,up,367.947,306.38,36.795,0.1307,0
2026-02-24 23:50:00,15525946910,11563378764,5,up,414.025,308.357,41.403,0.5853,0
2026-02-24 23:55:00,14662807766,10142555361,0,up,391.008,270.468,39.101,0.0083,0
2026-02-25 00:00:00,10971183780,12158594495,0,up,292.565,324.229,29.256,0.001,0
2026-02-25 00:05:00,11182739725,6835087461,0,up,298.206,182.269,29.821,0.0991,0
2026-02-25 00:10:00,13907642679,8959334648,7,up,370.87,238.916,37.087,0.736,0
2026-02-25 00:15:00,15823835854,9346303306,6,up,421.969,249.235,42.197,0.6952,0
2026-02-25 00:20:00,10054491283,9467159071,2,up,268.12,252.458,26.812,0.2194,0
2026-02-25 00:25:00,14100485682,10923691318,2,up,376.013,291.298,37.601,0.2417,0
2026-02-25 00:30:00,14052753858,10865447631,1,up,374.74,289.745,37.474,0.121,0
2026-02-25 00:35:00,17499008000,10996428120,0,up,466.64,293.238,46.664,0.0838,0
2026-02-25 00:40:00,14306960738,11251062682,5,up,381.519,300.028,38.152,0.5066,0
2026-02-25 00:45:00,15689380172,9302868242,0,up,418.383,248.076,41.838,0.0337,0
2026-02-25 00:50:00,15254262852,8965098155,2,up,406.78,239.069,40.678,0.2005,0
2026-02-25 00:55:00,11164980336,10999362799,3,up,297.733,293.316,29.773,0.3019,0
2026-02-25 01:00:00,16382772989,9705907587,0,up,436.874,258.824,43.687,0.0328,0
2026-02-25 01:05:00,15387713709,8521201442,2,up,410.339,227.232,41.034,0.2199,0
2026-02-25 01:10:00,15914883551,11723893798,2,up,424.397,312.637,42.44,0.2585,0
2026-02-25 01:15:00,22067227871,12257828402,4,up,588.459,326.875,58.846,0.407,0
2026-02-25 01:20:00,11248596708,12462022721,0,up,299.963,332.321,29.996,0.0803,0
2026-02-25 01:25:00,18104453969,10735629729,1,up,482.785,286.283,48.279,0.1042,0
2026-02-25 01:30:00,14482594465,11288674440,2,up,386.203,301.031,38.62,0.2529,0
2026-02-25 01:35:00,15517192027,12226033961,12,up,413.792,326.028,41.379,1.2246,0
2026-02-25 01:40:00,14918077958,9691816104,0,up,397.815,258.448,39.782,0.0736,0
2026-02-25 01:45:00,14236374599,11899453881,12,up,379.637,317.319,37.964,1.2786,0
2026-02-25 01:50:00,13974300729,10846999255,3,up,372.648,289.253,37.265,0.3759,0
2026-02-25 01:55:00,15593115724,11651276681,5,up,415.816,310.701,41.582,0.5248,0
2026-02-25 02:00:00,12269087345,10734477206,0,up,327.176,286.253,32.718,0.0282,0
2026-02-25 02:05:00,16351042501,12133283454,1,up,436.028,323.554,43.603,0.1072,0
2026-02-25 02:10:00,14250850071,10781639940,0,up,380.023,287.51,38.002,0.0178,0
2026-02-25 02:15:00,12965875189,8630186385,1,up,345.757,230.138,34.576,0.1393,0
2026-02-25 02:20:00,14189976855,12329427556,11,up,378.399,328.785,37.84,1.1936,0
2026-02-25 02:25:00,17262868590,9306111266,0,up,460.343,248.163,46.034,0.0334,0
2026-02-25 02:30:00,14036396843,12078853344,2,up,374.304,322.103,37.43,0.2479,0
2026-02-25 02:35:00,15645216512,10386293969,0,up,417.206,276.968,41.721,0.0018,0
2026-02-25 02:40:00,13684278703,11981773841,3,up,364.914,319.514,36.491,0.3742,0
2026-02-25 02:45:00,16364259329,11929808454,0,up,436.38,318.128,43.638,0.0659,0
2026-02-25 02:50:00,16233913929,11041980147,0,up,432.904,294.453,43.29,0.0416,0
2026-02-25 02:55:00,18327495899,11140754500,1,up,488.733,297.087,48.873,0.1233,0
2026-02-25 03:00:00,14683984898,11032512057,4,up,391.573,294.2,39.157,0.4423,0
2026-02-25 03:05:00,16203578648,7962580807,0,up,432.095,212.335,43.21,0.0338,0
2026-02-25 03:10:00,15176521571,10649096075,0,up,404.707,283.976,40.471,0.0783,0
2026-02-25 03:15:00,17332569207,9093759138,0,up,462.202,242.5,46.22,0.0026,0
2026-02-25 03:20:00,13706101702,10715695801,10,up,365.496,285.752,36.55,1.0365,0
2026-02-25 03:25:00,16341009563,9059892391,2,up,435.76,241.597,43.576,0.2691,0
2026-02-25 03:30:00,14649544866,9006960554,3,up,390.655,240.186,39.065,0.3818,0
2026-02-25 03:35:00,14884461281,12522217472,3,up,396.919,333.926,39.692,0.3161,0
2026-02-25 03:40:00,15165154472,11847503709,0,up,404.404,315.933,40.44,0.0468,0
2026-02-25 03:45:00,15454032713,10494780342,2,up,412.108,279.861,41.211,0.2711,0
2026-02-25 03:50:00,14790787722,10732808499,0,up,394.421,286.208,39.442,0.0423,0
2026-02-25 03:55:00,15386483729,10187625807,1,up,410.306,271.67,41.031,0.1539,0
2026-02-25 04:00:00,17840612503,11218044233,2,up,475.75,299.148,47.575,0.2525,0
2026-02-25 04:05:00,16773809434,9648171498,2,up,447.302,257.285,44.73,0.2455,0
2026-02-25 04:10:00,16564478266,11752112731,0,up,441.719,313.39,44.172,0.038,0
2026-02-25 04:15:00,14180028853,10181110580,0,up,378.134,271.496,37.813,0.0105,0
2026-02-25 04:20:00,13399366509,9970992785,4,up,357.316,265.893,35.732,0.4802,0
2026-02-25 04:25:00,16719541004,10527358403,3,up,445.854,280.73,44.585,0.3883,0
2026-02-25 04:30:00,16576884226,9755154994,0,up,442.05,260.137,44.205,0.0256,0
2026-02-25 04:35:00,17650807216,10914139760,0,up,470.688,291.044,47.069,0.0409,0
2026-02-25 04:40:00,13912834873,9822923137,6,up,371.009,261.945,37.101,0.6693,0
2026-02-25 04:45:00,14586812420,11090339739,4,up,388.982,295.742,38.898,0.4398,0
2026-02-25 04:50:00,12048928507,12032168239,16,up,321.305,320.858,32.13,1.6687,0
2026-02-25 04:55:00,14293552009,9593654674,0,up,381.161,255.831,38.116,0.0879,0
2026-02-25 05:00:00,16793826919,10335474923,2,up,447.835,275.613,44.784,0.2007,0
2026-02-25 05:05:00,14160308317,11081276698,0,up,377.608,295.501,37.761,0.0809,0
2026-02-25 05:10:00,16152863631,9950819732,2,up,430.743,265.355,43.074,0.2925,0
2026-02-25 05:15:00,14657094409,11085043906,0,up,390.856,295.601,39.086,0.0368,0
2026-02-25 05:20:00,15583302650,11199802564,0,up,415.555,298.661,41.555,0.0408,0
2026-02-25 05:25:00,12934155498,11864909838,0,up,344.911,316.398,34.491,0.0224,0
2026-02-25 05:30:00,15153377009,9736452541,3,up,404.09,259.639,40.409,0.3548,0
2026-02-25 05:35:00,9615955252,9312103197,2,up,256.425,248.323,25.643,0.2044,0
2026-02-25 05:40:00,14663586915,10112452489,2,up,391.029,269.665,39.103,0.2885,0
2026-02-25 05:45:00,12065148161,9280632052,6,up,321.737,247.484,32.174,0.6343,0
2026-02-25 05:50:00,17170790129,11211267737,4,up,457.888,298.967,45.789,0.4045,0
2026-02-25 05:55:00,16399333234,9036193361,1,up,437.316,240.965,43.732,0.1858,0
2026-02-25 06:00:00,15840007767,13439600686,12,up,422.4,358.389,42.24,1.2473,0
2026-02-25 06:05:00,17737811208,12132869105,1,up,473.008,323.543,47.301,0.1828,0
2026-02-25 06:10:00,13291950262,10515845469,0,up,354.452,280.423,35.445,0.0358,0
2026-02-25 06:15:00,18145253756,11592917061,14,up,483.873,309.144,48.387,1.4741,0
2026-02-25 06:20:00,16677944815,8437629650,0,up,444.745,225.003,44.475,0.0069,0
2026-02-25 06:25:00,14574200483,13679450397,2,up,388.645,364.785,38.865,0.2395,0
2026-02-25 06:30:00,17044116264,9756329588,1,up,454.51,260.169,45.451,0.1109,0
2026-02-25 06:35:00,13008671677,10348173258,2,up,346.898,275.951,34.69,0.2101,0
2026-02-25 06:40:00,13515874509,8161524058,2,up,360.423,217.641,36.042,0.2454,0
2026-02-25 06:45:00,13904538498,11112722003,0,up,370.788,296.339,37.079,0.0824,0
2026-02-25 06:50:00,14047840125,9106006362,2,up,374.609,242.827,37.461,0.2442,0
2026-02-25 06:55:00,13098196243,10628086259,4,up,349.285,283.416,34.929,0.4233,0
2026-02-25 07:00:00,17201549520,9814214214,0,up,458.708,261.712,45.871,0.093,0
2026-02-25 07:05:00,14534062079,9142042641,1,up,387.575,243.788,38.757,0.1451,0
2026-02-25 07:10:00,15634508943,9486504507,0,up,416.92,252.973,41.692,0.0937,0
2026-02-25 07:15:00,13973367540,10784492922,5,up,372.623,287.586,37.262,0.5154,0
2026-02-25 07:20:00,11722914059,8885321374,3,up,312.611,236.942,31.261,0.3873,0
2026-02-25 07:25:00,15486103245,9556497294,6,up,412.963,254.84,41.296,0.6148,0
2026-02-25 07:30:00,11557941044,11335724460,0,up,308.212,302.286,30.821,0.0559,0
2026-02-25 07:35:00,14876458717,13779124642,0,up,396.706,367.443,39.671,0.0229,0
2026-02-25 07:40:00,12537032930,11101761912,0,up,334.321,296.047,33.432,0.0381,0
2026-02-25 07:45:00,18577096798,9344250330,0,up,495.389,249.18,49.539,0.0527,0
2026-02-25 07:50:00,16640452899,10037436145,2,up,443.745,267.665,44.375,0.2285,0
2026-02-25 07:55:00,15190356824,10539802147,10,up,405.076,281.061,40.508,1.0612,0
2026-02-25 08:00:00,17274672019,10059724562,1,up,460.658,268.259,46.066,0.1326,0
2026-02-25 08:05:00,13476631240,11637853290,9,up,359.377,310.343,35.938,0.9547,0
2026-02-25 08:10:00,15978262881,10774016588,0,up,426.087,287.307,42.609,0.0117,0
2026-02-25 08:15:00,15359658780,11643894004,7,up,409.591,310.504,40.959,0.7847,0
2026-02-25 08:20:00,15475236146,10103800824,0,up,412.673,269.435,41.267,0.06,0
2026-02-25 08:25:00,17290236300,12170130276,7,up,461.073,324.537,46.107,0.7307,0
2026-02-25 08:30:00,16318485785,10290228163,0,up,435.16,274.406,43.516,0.0174,0
2026-02-25 08:35:00,15519702593,9276300764,8,up,413.859,247.368,41.386,0.8882,0
2026-02-25 08:40:00,12021202614,13243423680,0,up,320.565,353.158,32.057,0.0672,0
2026-02-25 08:45:00,13271916668,8200528038,1,up,353.918,218.681,35.392,0.1082,0
2026-02-25 08:50:00,14779123919,9569189206,2,up,394.11,255.178,39.411,0.2026,0
2026-02-25 08:55:00,15168070273,9709944906,1,up,404.482,258.932,40.448,0.1438,0
2026-02-25 09:00:00,12965633295,13660465904,3,up,345.75,364.279,34.575,0.3304,0
2026-02-25 09:05:00,19341018016,12776642194,11,up,515.76,340.71,51.576,1.1044,0
2026-02-25 09:10:00,17729509299,12382349460,2,up,472.787,330.196,47.279,0.2797,0
2026-02-25 09:15:00,16083812976,10083370085,3,up,428.902,268.89,42.89,0.3835,0
2026-02-25 09:20:00,15129666350,13556984284,0,up,403.458,361.52,40.346,0.0276,0
2026-02-25 09:25:00,14618023854,10964123524,2,up,389.814,292.377,38.981,0.2965,0
2026-02-25 09:30:00,13286546771,11731351846,1,up,354.308,312.836,35.431,0.1815,0
2026-02-25 09:35:00,15139464933,10726416180,6,up,403.719,286.038,40.372,0.6509,0
2026-02-25 09:40:00,15463954572,10437672120,1,up,412.372,278.338,41.237,0.1474,0
2026-02-25 09:45:00,12764830964,10182758870,3,up,340.395,271.54,34.04,0.3413,0
2026-02-25 09:50:00,15601517551,10235853608,0,up,416.04,272.956,41.604,0.0777,0
2026-02-25 09:55:00,14720533712,11266699477,0,up,392.548,300.445,39.255,0.0901,0
2026-02-25 10:00:00,11565946395,38369351112,80,up,308.425,1023.183,50.843,8.0,1
2026-02-25 10:05:00,13451306980,36611211257,80,up,358.702,976.299,55.87,8.0,1
2026-02-25 10:10:00,14255510039,43407000807,80,up,380.147,1157.52,58.015,8.0,1
2026-02-25 10:15:00,18397837783,23666618966,80,up,490.609,631.11,69.061,8.0,1
2026-02-25 10:20:00,16001795624,38998602763,80,up,426.715,1039.963,62.671,8.0,1
2026-02-25 10:25:00,12596133175,39915227696,80,up,335.897,1064.406,53.59,8.0,1
2026-02-25 10:30:00,15874865320,41808106249,80,up,423.33,1114.883,62.333,8.0,1
2026-02-25 10:35:00,12214852819,36463916944,80,up,325.729,972.371,52.573,8.0,1
2026-02-25 10:40:00,16948843896,37666927497,80,up,451.969,1004.451,65.197,8.0,1
2026-02-25 10:45:00,14151975626,41098032370,80,up,377.386,1095.948,57.739,8.0,1
2026-02-25 10:50:00,14831454860,43326043842,80,up,395.505,1155.361,59.551,8.0,1
2026-02-25 10:55:00,17386433965,35424636305,80,up,463.638,944.657,66.364,8.0,1
2026-02-25 11:00:00,12683105576,37927363203,80,up,338.216,1011.396,53.822,8.0,1
2026-02-25 11:05:00,12485187266,44152511182,80,up,332.938,1177.4,53.294,8.0,1
2026-02-25 11:10:00,13949521212,27383040595,80,up,371.987,730.214,57.199,8.0,1
2026-02-25 11:15:00,16869081931,33707044434,80,up,449.842,898.855,64.984,8.0,1
2026-02-25 11:20:00,12265177064,43214336665,80,up,327.071,1152.382,52.707,8.0,1
2026-02-25 11:25:00,9902119923,41568091846,80,up,264.057,1108.482,46.406,8.0,1
2026-02-25 11:30:00,14187914054,39053983380,80,up,378.344,1041.44,57.834,8.0,1
2026-02-25 11:35:00,15993133439,34771687789,80,up,426.484,927.245,62.648,8.0,1
2026-02-25 11:40:00,17160471149,32861180419,80,up,457.613,876.298,65.761,8.0,1
2026-02-25 11:45:00,14166309548,34142739119,80,up,377.768,910.473,57.777,8.0,1
2026-02-25 11:50:00,14259432107,43576716253,80,up,380.252,1162.046,58.025,8.0,1
2026-02-25 11:55:00,17077021321,33978567740,80,up,455.387,906.095,65.539,8.0,1
2026-02-25 12:00:00,11634464940,37197275272,80,up,310.252,991.927,51.025,8.0,1
2026-02-25 12:05:00,14300662604,33426149286,80,up,381.351,891.364,58.135,8.0,1
2026-02-25 12:10:00,15342763001,40466633472,80,up,409.14,1079.11,60.914,8.0,1
2026-02-25 12:15:00,15808593698,34374217103,80,up,421.562,916.646,62.156,8.0,1
2026-02-25 12:20:00,14082347952,36319610944,80,up,375.529,968.523,57.553,8.0,1
2026-02-25 12:25:00,15061993821,29326284793,80,up,401.653,782.034,60.165,8.0,1
2026-02-25 12:30:00,10521010763,29635046078,80,up,280.56,790.268,48.056,8.0,1
2026-02-25 12:35:00,13815152857,36783838782,80,up,368.404,980.902,56.84,8.0,1
2026-02-25 12:40:00,15816315682,30906056945,80,up,421.768,824.162,62.177,8.0,1
2026-02-25 12:45:00,13231870738,46033432079,80,up,352.85,1227.558,55.285,8.0,1
2026-02-25 12:50:00,15106171598,27658683075,80,up,402.831,737.565,60.283,8.0,1
2026-02-25 12:55:00,15804370501,33221226932,80,up,421.45,885.899,62.145,8.0,1
2026-02-25 13:00:00,14383411438,36823650824,80,up,383.558,981.964,58.356,8.0,1
2026-02-25 13:05:00,15306834787,35139763744,80,up,408.182,937.06,60.818,8.0,1
2026-02-25 13:10:00,13267081382,31880718536,80,up,353.789,850.152,55.379,8.0,1
2026-02-25 13:15:00,14628099696,32525538227,80,up,390.083,867.348,59.008,8.0,1
2026-02-25 13:20:00,16098389105,32381215518,80,up,429.29,863.499,62.929,8.0,1
2026-02-25 13:25:00,15282551329,35485557325,80,up,407.535,946.282,60.753,8.0,1
2026-02-25 13:30:00,13944243714,45358007284,80,up,371.846,1209.547,57.185,8.0,1
2026-02-25 13:35:00,15403589527,37093703477,80,up,410.762,989.165,61.076,8.0,1
2026-02-25 13:40:00,16286297623,41966591158,80,up,434.301,1119.109,63.43,8.0,1
2026-02-25 13:45:00,11310105698,38985765685,80,up,301.603,1039.62,50.16,8.0,1
2026-02-25 13:50:00,17086333316,41662133175,80,up,455.636,1110.99,65.564,8.0,1
2026-02-25 13:55:00,14394741470,24402157425,80,up,383.86,650.724,58.386,8.0,1
2026-02-25 14:00:00,15765881879,35407340126,80,up,420.424,944.196,62.042,8.0,1
2026-02-25 14:05:00,17155044462,42514467216,80,up,457.468,1133.719,65.747,8.0,1
2026-02-25 14:10:00,12530987344,34228645021,80,up,334.16,912.764,53.416,8.0,1
2026-02-25 14:15:00,13723006195,44522506657,80,up,365.947,1187.267,56.595,8.0,1
2026-02-25 14:20:00,14480612347,43293955578,80,up,386.15,1154.505,58.615,8.0,1
2026-02-25 14:25:00,13589243661,34681133541,80,up,362.38,924.83,56.238,8.0,1
2026-02-25 14:30:00,18122885836,34531048881,80,up,483.277,920.828,68.328,8.0,1
2026-02-25 14:35:00,13457810231,32279998235,80,up,358.875,860.8,55.887,8.0,1
2026-02-25 14:40:00,14000015796,33973489437,80,up,373.334,905.96,57.333,8.0,1
2026-02-25 14:45:00,15367900256,31314282227,80,up,409.811,835.048,60.981,8.0,1
2026-02-25 14:50:00,12836130853,38641057305,80,up,342.297,1030.428,54.23,8.0,1
2026-02-25 14:55:00,14287774718,30328834964,80,up,381.007,808.769,58.101,8.0,1
2026-02-25 15:00:00,15571415870,39412462601,80,up,415.238,1050.999,61.524,8.0,1
2026-02-25 15:05:00,14400851272,39519827053,80,up,384.023,1053.862,58.402,8.0,1
2026-02-25 15:10:00,14831903653,29424088573,80,up,395.517,784.642,59.552,8.0,1
2026-02-25 15:15:00,14047202197,43584700053,80,up,374.592,1162.259,57.459,8.0,1
2026-02-25 15:20:00,12273953443,39015016988,80,up,327.305,1040.4,52.731,8.0,1
2026-02-25 15:25:00,15578867780,40056168274,80,up,415.436,1068.164,61.544,8.0,1
2026-02-25 15:30:00,18158879528,33404286461,80,up,484.237,890.781,68.424,8.0,1
2026-02-25 15:35:00,15033122935,39494691912,80,up,400.883,1053.192,60.088,8.0,1
2026-02-25 15:40:00,15405475411,41717395113,80,up,410.813,1112.464,61.081,8.0,1
2026-02-25 15:45:00,16246900959,36315136960,80,up,433.251,968.404,63.325,8.0,1
2026-02-25 15:50:00,12715205106,45578478045,80,up,339.072,1215.426,53.907,8.0,1
2026-02-25 15:55:00,18064526384,36944325039,80,up,481.721,985.182,68.172,8.0,1
2026-02-25 16:00:00,15364191833,41780865379,80,up,409.712,1114.156,60.971,8.0,1
2026-02-25 16:05:00,17937342418,38042168840,80,up,478.329,1014.458,67.833,8.0,1
2026-02-25 16:10:00,13680540608,39332149959,80,up,364.814,1048.857,56.481,8.0,1
2026-02-25 16:15:00,18272511460,29379424699,80,up,487.267,783.451,68.727,8.0,1
2026-02-25 16:20:00,16395279889,38386346985,80,up,437.207,1023.636,63.721,8.0,1
2026-02-25 16:25:00,15995472154,33508759803,80,up,426.546,893.567,62.655,8.0,1
2026-02-25 16:30:00,15421244017,33017383471,80,up,411.233,880.464,61.123,8.0,1
2026-02-25 16:35:00,14552648487,44441495043,80,up,388.071,1185.107,58.807,8.0,1
2026-02-25 16:40:00,17160956985,35807273206,80,up,457.626,954.861,65.763,8.0,1
2026-02-25 16:45:00,15252647765,32325438925,80,up,406.737,862.012,60.674,8.0,1
2026-02-25 16:50:00,11459274533,35166229520,80,up,305.581,937.766,50.558,8.0,1
2026-02-25 16:55:00,12989064368,31015014490,80,up,346.375,827.067,54.638,8.0,1
2026-02-25 17:00:00,14665477646,43073430504,80,up,391.079,1148.625,59.108,8.0,1
2026-02-25 17:05:00,15557998169,33682047918,80,up,414.88,898.188,61.488,8.0,1
2026-02-25 17:10:00,14898140719,39084212708,80,up,397.284,1042.246,59.728,8.0,1
2026-02-25 17:15:00,17194147421,42730430609,80,up,458.511,1139.478,65.851,8.0,1
2026-02-25 17:20:00,11488016644,34544326675,80,up,306.347,921.182,50.635,8.0,1
2026-02-25 17:25:00,15258458285,39096218926,80,up,406.892,1042.566,60.689,8.0,1
2026-02-25 17:30:00,11727637394,32207320497,80,up,312.737,858.862,51.274,8.0,1
2026-02-25 17:35:00,16367482131,47535843799,80,up,436.466,1267.623,63.647,8.0,1
2026-02-25 17:40:00,14829974314,40879436393,80,up,395.466,1090.118,59.547,8.0,1
2026-02-25 17:45:00,15755297949,35900605605,80,up,420.141,957.349,62.014,8.0,1
2026-02-25 17:50:00,13445010670,33341803246,80,up,358.534,889.115,55.853,8.0,1
2026-02-25 17:55:00,17303036876,36247275201,80,up,461.414,966.594,66.141,8.0,1
2026-02-25 18:00:00,16875104395,35250671784,80,up,450.003,940.018,65.0,8.0,1
2026-02-25 18:05:00,16050379745,45362485483,80,up,428.01,1209.666,62.801,8.0,1
2026-02-25 18:10:00,14766868955,31345391875,80,up,393.783,835.877,59.378,8.0,1
2026-02-25 18:15:00,16043743113,37344474276,80,up,427.833,995.853,62.783,8.0,1
2026-02-25 18:20:00,13727593377,36669129126,80,up,366.069,977.843,56.607,8.0,1
2026-02-25 18:25:00,16540000186,36232220575,80,up,441.067,966.193,64.107,8.0,1
2026-02-25 18:30:00,17969065609,36271000551,80,up,479.175,967.227,67.918,8.0,1
2026-02-25 18:35:00,16927099007,36238127727,80,up,451.389,966.35,65.139,8.0,1
2026-02-25 18:40:00,13686715554,40600221352,80,up,364.979,1082.673,56.498,8.0,1
2026-02-25 18:45:00,15650551171,39435621409,80,up,417.348,1051.617,61.735,8.0,1
2026-02-25 18:50:00,12672345221,38597400206,80,up,337.929,1029.264,53.793,8.0,1
2026-02-25 18:55:00,16030302560,23370106912,80,up,427.475,623.203,62.747,8.0,1
2026-02-25 19:00:00,15811086143,38072095395,80,up,421.629,1015.256,62.163,8.0,1
2026-02-25 19:05:00,11634330588,29448630421,80,up,310.249,785.297,51.025,8.0,1
2026-02-25 19:10:00,12908789080,39600271919,80,up,344.234,1056.007,54.423,8.0,1
2026-02-25 19:15:00,14490349985,43252533390,80,up,386.409,1153.401,58.641,8.0,1
2026-02-25 19:20:00,14458452455,32665285513,80,up,385.559,871.074,58.556,8.0,1
2026-02-25 19:25:00,12822941516,35595547014,80,up,341.945,949.215,54.195,8.0,1
2026-02-25 19:30:00,15700161712,34106841340,80,up,418.671,909.516,61.867,8.0,1
2026-02-25 19:35:00,15452652496,42198254131,80,up,412.071,1125.287,61.207,8.0,1
2026-02-25 19:40:00,14650315562,37169072974,80,up,390.675,991.175,59.068,8.0,1
2026-02-25 19:45:00,13639575299,44371932568,80,up,363.722,1183.252,56.372,8.0,1
2026-02-25 19:50:00,16887672827,38574656034,80,up,450.338,1028.657,65.034,8.0,1
2026-02-25 19:55:00,17979732803,37819205296,80,up,479.46,1008.512,67.946,8.0,1
2026-02-25 20:00:00,14129589329,37050791911,80,up,376.789,988.021,57.679,8.0,1
2026-02-25 20:05:00,13898099549,40357345157,80,up,370.616,1076.196,57.062,8.0,1
2026-02-25 20:10:00,15884173797,29086803865,80,up,423.578,775.648,62.358,8.0,1
2026-02-25 20:15:00,14355547116,37126366843,80,up,382.815,990.036,58.281,8.0,1
2026-02-25 20:20:00,14749085038,36441095183,80,up,393.309,971.763,59.331,8.0,1
2026-02-25 20:25:00,16331375673,39949097027,80,up,435.503,1065.309,63.55,8.0,1
2026-02-25 20:30:00,11563159042,35922235918,80,up,308.351,957.926,50.835,8.0,1
2026-02-25 20:35:00,17372944184,32169181145,80,up,463.279,857.845,66.328,8.0,1
2026-02-25 20:40:00,15130824943,36782416476,80,up,403.489,980.864,60.349,8.0,1
2026-02-25 20:45:00,14259312339,31974673267,80,up,380.248,852.658,58.025,8.0,1
2026-02-25 20:50:00,14839378522,28259593642,80,up,395.717,753.589,59.572,8.0,1
2026-02-25 20:55:00,14932372839,39956610143,80,up,398.197,1065.51,59.82,8.0,1
2026-02-25 21:00:00,11883837653,39303661535,80,up,316.902,1048.098,51.69,8.0,1
2026-02-25 21:05:00,17690888809,38809871063,80,up,471.757,1034.93,67.176,8.0,1
2026-02-25 21:10:00,15074386138,42495914340,80,up,401.984,1133.224,60.198,8.0,1
2026-02-25 21:15:00,15797403834,33817209363,80,up,421.264,901.792,62.126,8.0,1
2026-02-25 21:20:00,16712789587,30438786630,80,up,445.674,811.701,64.567,8.0,1
2026-02-25 21:25:00,13161907576,36441168684,80,up,350.984,971.764,55.098,8.0,1
2026-02-25 21:30:00,15852249418,35217523678,80,up,422.727,939.134,62.273,8.0,1
2026-02-25 21:35:00,14518246036,33035475889,80,up,387.153,880.946,58.715,8.0,1
2026-02-25 21:40:00,16524187395,36397865233,80,up,440.645,970.61,64.064,8.0,1
2026-02-25 21:45:00,11170990643,34052821305,80,up,297.893,908.075,49.789,8.0,1
2026-02-25 21:50:00,14821630259,28653216700,80,up,395.243,764.086,59.524,8.0,1
2026-02-25 21:55:00,13914922819,34804410793,80,up,371.065,928.118,57.106,8.0,1
2026-02-25 22:00:00,15778073311,31738585514,80,up,420.749,846.362,62.075,8.0,1
2026-02-25 22:05:00,15846079537,37771567995,80,up,422.562,1007.242,62.256,8.0,1
2026-02-25 22:10:00,13726273389,33856886716,80,up,366.034,902.85,56.603,8.0,1
2026-02-25 22:15:00,13718087044,41652294800,80,up,365.816,1110.728,56.582,8.0,1
2026-02-25 22:20:00,14800802336,43823049356,80,up,394.688,1168.615,59.469,8.0,1
2026-02-25 22:25:00,13386043990,39746071854,80,up,356.961,1059.895,55.696,8.0,1
2026-02-25 22:30:00,16515570651,29909974537,80,up,440.415,797.599,64.042,8.0,1
2026-02-25 22:35:00,14335427039,43387914355,80,up,382.278,1157.011,58.228,8.0,1
2026-02-25 22:40:00,9767421205,43698927186,80,up,260.465,1165.305,46.046,8.0,1
2026-02-25 22:45:00,14325320298,36832866154,80,up,382.009,982.21,58.201,8.0,1
2026-02-25 22:50:00,13130621122,42584104367,80,up,350.15,1135.576,55.015,8.0,1
2026-02-25 22:55:00,12063703532,34317112641,80,up,321.699,915.123,52.17,8.0,1
2026-02-25 23:00:00,12772632051,28519855427,80,up,340.604,760.529,54.06,8.0,1
2026-02-25 23:05:00,15196935249,33397145625,80,up,405.252,890.591,60.525,8.0,1
2026-02-25 23:10:00,17391553490,44376216819,80,up,463.775,1183.366,66.377,8.0,1
2026-02-25 23:15:00,15563732052,30174337536,80,up,415.033,804.649,61.503,8.0,1
2026-02-25 23:20:00,13908293901,36747888853,80,up,370.888,979.944,57.089,8.0,1
2026-02-25 23:25:00,15820627551,36900574569,80,up,421.883,984.015,62.188,8.0,1
2026-02-25 23:30:00,14173637441,34487783584,80,up,377.964,919.674,57.796,8.0,1
2026-02-25 23:35:00,13749719335,34794069744,80,up,366.659,927.842,56.666,8.0,1
2026-02-25 23:40:00,12922147197,37068618681,80,up,344.591,988.496,54.459,8.0,1
2026-02-25 23:45:00,11846708147,34270864072,80,up,315.912,913.89,51.591,8.0,1
2026-02-25 23:50:00,14298137328,30478722027,80,up,381.284,812.766,58.128,8.0,1
2026-02-25 23:55:00,15284496281,37698290868,80,up,407.587,1005.288,60.759,8.0,1
2026-02-26 00:00:00,14826077393,41483546628,80,up,395.362,1106.228,59.536,8.0,1
2026-02-26 00:05:00,14251259529,40584814807,80,up,380.034,1082.262,58.003,8.0,1
2026-02-26 00:10:00,13297657090,33179066588,80,up,354.604,884.775,55.46,8.0,1
2026-02-26 00:15:00,16094843145,31232084893,80,up,429.196,832.856,62.92,8.0,1
2026-02-26 00:20:00,12629162544,35496731439,80,up,336.778,946.58,53.678,8.0,1
2026-02-26 00:25:00,16396850244,43663960558,80,up,437.249,1164.372,63.725,8.0,1
2026-02-26 00:30:00,13196009365,39597087528,80,up,351.894,1055.922,55.189,8.0,1
2026-02-26 00:35:00,13645616572,39854484224,80,up,363.883,1062.786,56.388,8.0,1
2026-02-26 00:40:00,12359786656,40674269157,80,up,329.594,1084.647,52.959,8.0,1
2026-02-26 00:45:00,14097476135,38605580540,80,up,375.933,1029.482,57.593,8.0,1
2026-02-26 00:50:00,16755562425,37281883694,80,up,446.815,994.184,64.681,8.0,1
2026-02-26 00:55:00,15928130559,39670773414,80,up,424.75,1057.887,62.475,8.0,1
2026-02-26 01:00:00,16761159801,34341407480,80,up,446.964,915.771,64.696,8.0,1
2026-02-26 01:05:00,15939856582,30512218119,80,up,425.063,813.659,62.506,8.0,1
2026-02-26 01:10:00,13013394308,39938416481,80,up,347.024,1065.024,54.702,8.0,1
2026-02-26 01:15:00,14404579396,42208425046,80,up,384.122,1125.558,58.412,8.0,1
2026-02-26 01:20:00,13595641567,31818597147,80,up,362.55,848.496,56.255,8.0,1
2026-02-26 01:25:00,17395034827,40374673737,80,up,463.868,1076.658,66.387,8.0,1
2026-02-26 01:30:00,12845780436,44162176796,80,up,342.554,1177.658,54.255,8.0,1
2026-02-26 01:35:00,16608655840,36740094250,80,up,442.897,979.736,64.29,8.0,1
2026-02-26 01:40:00,16607316966,33142610365,80,up,442.862,883.803,64.286,8.0,1
2026-02-26 01:45:00,18293316363,37292512350,80,up,487.822,994.467,68.782,8.0,1
2026-02-26 01:50:00,14262564133,34322145200,80,up,380.335,915.257,58.034,8.0,1
2026-02-26 01:55:00,16282179887,34030220215,80,up,434.191,907.473,63.419,8.0,1
2026-02-26 02:00:00,19106973305,38660341736,80,up,509.519,1030.942,70.952,8.0,1
2026-02-26 02:05:00,13888244981,29677553015,80,up,370.353,791.401,57.035,8.0,1
2026-02-26 02:10:00,12236927554,30382273451,80,up,326.318,810.194,52.632,8.0,1
2026-02-26 02:15:00,11615981938,36835072782,80,up,309.76,982.269,50.976,8.0,1
2026-02-26 02:20:00,16282881651,36651619343,80,up,434.21,977.377,63.421,8.0,1
2026-02-26 02:25:00,11610329625,38265075684,80,up,309.609,1020.402,50.961,8.0,1
2026-02-26 02:30:00,14329825704,45019743963,80,up,382.129,1200.527,58.213,8.0,1
2026-02-26 02:35:00,15787163736,37210906899,80,up,420.991,992.291,62.099,8.0,1
2026-02-26 02:40:00,15333315966,39387939182,80,up,408.888,1050.345,60.889,8.0,1
2026-02-26 02:45:00,15765800755,32447899753,80,up,420.421,865.277,62.042,8.0,1
2026-02-26 02:50:00,15400121740,40136605096,80,up,410.67,1070.309,61.067,8.0,1
2026-02-26 02:55:00,17301958463,34428616284,80,up,461.386,918.096,66.139,8.0,1
2026-02-26 03:00:00,13285830514,37064965871,80,up,354.289,988.399,55.429,8.0,1
2026-02-26 03:05:00,13781408750,36269977563,80,up,367.504,967.199,56.75,8.0,1
2026-02-26 03:10:00,13609212998,41305416375,80,up,362.912,1101.478,56.291,8.0,1
2026-02-26 03:15:00,16494345261,30973003395,80,up,439.849,825.947,63.985,8.0,1
2026-02-26 03:20:00,16620717459,26680917621,80,up,443.219,711.491,64.322,8.0,1
2026-02-26 03:25:00,15812205574,35808761805,80,up,421.659,954.9,62.166,8.0,1
2026-02-26 03:30:00,17130288600,38816222842,80,up,456.808,1035.099,65.681,8.0,1
2026-02-26 03:35:00,12879526438,37421507947,80,up,343.454,997.907,54.345,8.0,1
2026-02-26 03:40:00,18001003400,42184020686,80,up,480.027,1124.907,68.003,8.0,1
2026-02-26 03:45:00,17741829519,38678813493,80,up,473.115,1031.435,67.312,8.0,1
2026-02-26 03:50:00,16324119595,34263428856,80,up,435.31,913.691,63.531,8.0,1
2026-02-26 03:55:00,18207238035,26494897120,80,up,485.526,706.531,68.553,8.0,1
2026-02-26 04:00:00,12018078226,35703453047,80,up,320.482,952.092,52.048,8.0,1
2026-02-26 04:05:00,14055993354,41283299199,80,up,374.826,1100.888,57.483,8.0,1
2026-02-26 04:10:00,13676453770,35021069278,80,up,364.705,933.895,56.471,8.0,1
2026-02-26 04:15:00,16298662782,36874892362,80,up,434.631,983.33,63.463,8.0,1
2026-02-26 04:20:00,13109746668,38608198721,80,up,349.593,1029.552,54.959,8.0,1
2026-02-26 04:25:00,16363491268,32272560629,80,up,436.36,860.602,63.636,8.0,1
2026-02-26 04:30:00,17466965059,39498470304,80,up,465.786,1053.293,66.579,8.0,1
2026-02-26 04:35:00,16251365220,43969707093,80,up,433.37,1172.526,63.337,8.0,1
2026-02-26 04:40:00,15510751842,35987893118,80,up,413.62,959.677,61.362,8.0,1
2026-02-26 04:45:00,13221827986,31770825899,80,up,352.582,847.222,55.258,8.0,1
2026-02-26 04:50:00,13475668260,36456289470,80,up,359.351,972.168,55.935,8.0,1
2026-02-26 04:55:00,17249314029,26940466081,80,up,459.982,718.412,65.998,8.0,1
2026-02-26 05:00:00,16402828207,38235743394,80,up,437.409,1019.62,63.741,8.0,1
2026-02-26 05:05:00,14929764865,38744530005,80,up,398.127,1033.187,59.813,8.0,1
2026-02-26 05:10:00,14247762817,44139556055,80,up,379.94,1177.055,57.994,8.0,1
2026-02-26 05:15:00,11353545828,35894482964,80,up,302.761,957.186,50.276,8.0,1
2026-02-26 05:20:00,13072465646,38551420341,80,up,348.599,1028.038,54.86,8.0,1
2026-02-26 05:25:00,18440554356,32951719468,80,up,491.748,878.713,69.175,8.0,1
2026-02-26 05:30:00,12695179972,35178156398,80,up,338.538,938.084,53.854,8.0,1
2026-02-26 05:35:00,15341063678,30023932224,80,up,409.095,800.638,60.91,8.0,1
2026-02-26 05:40:00,16813399151,35890977770,80,up,448.357,957.093,64.836,8.0,1
2026-02-26 05:45:00,12741139197,35403586632,80,up,339.764,944.096,53.976,8.0,1
2026-02-26 05:50:00,15332478854,38069470968,80,up,408.866,1015.186,60.887,8.0,1
2026-02-26 05:55:00,16688247967,33999937757,80,up,445.02,906.665,64.502,8.0,1
2026-02-26 06:00:00,15022498779,37117552997,80,up,400.6,989.801,60.06,8.0,1
2026-02-26 06:05:00,20163125500,35279793954,80,up,537.683,940.795,73.768,8.0,1
2026-02-26 06:10:00,11996521334,35288087697,80,up,319.907,941.016,51.991,8.0,1
2026-02-26 06:15:00,16905711353,37104397857,80,up,450.819,989.451,65.082,8.0,1
2026-02-26 06:20:00,14688956872,36928706175,80,up,391.706,984.765,59.171,8.0,1
2026-02-26 06:25:00,16389456278,40106777512,80,up,437.052,1069.514,63.705,8.0,1
2026-02-26 06:30:00,15794352873,36217964219,80,up,421.183,965.812,62.118,8.0,1
2026-02-26 06:35:00,13680318845,35207005610,80,up,364.809,938.853,56.481,8.0,1
2026-02-26 06:40:00,15412193506,35952639167,80,up,410.992,958.737,61.099,8.0,1
2026-02-26 06:45:00,11655777387,33598331244,80,up,310.821,895.955,51.082,8.0,1
2026-02-26 06:50:00,16085845501,35162792077,80,up,428.956,937.674,62.896,8.0,1
2026-02-26 06:55:00,15536685238,45707409924,80,up,414.312,1218.864,61.431,8.0,1
2026-02-26 07:00:00,16149588303,32725086665,80,up,430.656,872.669,63.066,8.0,1
2026-02-26 07:05:00,16904612985,35521125567,80,up,450.79,947.23,65.079,8.0,1
2026-02-26 07:10:00,15661715712,35041174994,80,up,417.646,934.431,61.765,8.0,1
2026-02-26 07:15:00,15266560955,35659973190,80,up,407.108,950.933,60.711,8.0,1
2026-02-26 07:20:00,13414076994,35289234647,80,up,357.709,941.046,55.771,8.0,1
2026-02-26 07:25:00,13718002625,37981448846,80,up,365.813,1012.839,56.581,8.0,1
2026-02-26 07:30:00,17136122316,29208127802,80,up,456.963,778.883,65.696,8.0,1
2026-02-26 07:35:00,17585403730,41323926193,80,up,468.944,1101.971,66.894,8.0,1
2026-02-26 07:40:00,14571401214,39539690146,80,up,388.571,1054.392,58.857,8.0,1
2026-02-26 07:45:00,15082804945,31268936305,80,up,402.208,833.838,60.221,8.0,1
2026-02-26 07:50:00,13371694125,26743369226,80,up,356.579,713.157,55.658,8.0,1
2026-02-26 07:55:00,17110962321,32441111835,80,up,456.292,865.096,65.629,8.0,1
2026-02-26 08:00:00,16197750282,35679840905,80,up,431.94,951.462,63.194,8.0,1
2026-02-26 08:05:00,18494191385,48129087273,80,up,493.178,1283.442,69.318,8.0,1
2026-02-26 08:10:00,13419018461,39145763215,80,up,357.84,1043.887,55.784,8.0,1
2026-02-26 08:15:00,14319585781,28778529647,80,up,381.856,767.427,58.186,8.0,1
2026-02-26 08:20:00,15416602660,33708619223,80,up,411.109,898.897,61.111,8.0,1
2026-02-26 08:25:00,16163681167,36515333156,80,up,431.031,973.742,63.103,8.0,1
2026-02-26 08:30:00,14611798252,37868744474,80,up,389.648,1009.833,58.965,8.0,1
2026-02-26 08:35:00,13428670037,30951957526,80,up,358.098,825.386,55.81,8.0,1
2026-02-26 08:40:00,16586533552,36154693094,80,up,442.308,964.125,64.231,8.0,1
2026-02-26 08:45:00,16298043652,33585211403,80,up,434.614,895.606,63.461,8.0,1
2026-02-26 08:50:00,13350706618,31882424738,80,up,356.019,850.198,55.602,8.0,1
2026-02-26 08:55:00,17439797041,37894816801,80,up,465.061,1010.528,66.506,8.0,1
2026-02-26 09:00:00,17106357676,40162798334,80,up,456.17,1071.008,65.617,8.0,1
2026-02-26 09:05:00,15241733695,40458992031,80,up,406.446,1078.906,60.645,8.0,1
2026-02-26 09:10:00,15143276152,39283043808,80,up,403.821,1047.548,60.382,8.0,1
2026-02-26 09:15:00,15997303988,34556600358,80,up,426.595,921.509,62.659,8.0,1
2026-02-26 09:20:00,13448934473,39901164448,80,up,358.638,1064.031,55.864,8.0,1
2026-02-26 09:25:00,15054056662,38112930072,80,up,401.442,1016.345,60.144,8.0,1
2026-02-26 09:30:00,11125709619,37340683703,80,up,296.686,995.752,49.669,8.0,1
2026-02-26 09:35:00,16577620161,34052433333,80,up,442.07,908.065,64.207,8.0,1
2026-02-26 09:40:00,12189312199,34558776278,80,up,325.048,921.567,52.505,8.0,1
2026-02-26 09:45:00,17706155691,37075841388,80,up,472.164,988.689,67.216,8.0,1
2026-02-26 09:50:00,14405783830,47509846399,80,up,384.154,1266.929,58.415,8.0,1
2026-02-26 09:55:00,14618999432,38078479337,80,up,389.84,1015.426,58.984,8.0,1
2026-02-26 10:00:00,13870078969,9729902487,3,up,369.869,259.464,36.987,0.3352,0
2026-02-26 10:05:00,14481530026,9451189299,4,up,386.174,252.032,38.617,0.4869,0
2026-02-26 10:10:00,17553356421,9880374068,0,up,468.09,263.477,46.809,0.0152,0
2026-02-26 10:15:00,10521944418,13243389743,2,up,280.585,353.157,28.059,0.2738,0
2026-02-26 10:20:00,17298537694,9996936626,2,up,461.294,266.585,46.129,0.225,0
2026-02-26 10:25:00,15608442265,11642656873,1,up,416.225,310.471,41.623,0.104,0
2026-02-26 10:30:00,12827361033,10026330410,0,up,342.063,267.369,34.206,0.0913,0
2026-02-26 10:35:00,13064437692,10829092522,2,up,348.385,288.776,34.839,0.2603,0
2026-02-26 10:40:00,18017507448,11497599045,3,up,480.467,306.603,48.047,0.3677,0
2026-02-26 10:45:00,13298087616,9779402409,0,up,354.616,260.784,35.462,0.0101,0
2026-02-26 10:50:00,12923969080,9692199315,2,up,344.639,258.459,34.464,0.2514,0
2026-02-26 10:55:00,17047166176,12590175815,0,up,454.591,335.738,45.459,0.0561,0
2026-02-26 11:00:00,15609395177,11740587047,0,up,416.251,313.082,41.625,0.0454,0
2026-02-26 11:05:00,13311733962,11496247121,2,up,354.98,306.567,35.498,0.2927,0
2026-02-26 11:10:00,15389924955,11491968129,1,up,410.398,306.452,41.04,0.1117,0
2026-02-26 11:15:00,13153645169,11079065115,1,up,350.764,295.442,35.076,0.1744,0
2026-02-26 11:20:00,16981478517,13042397524,1,up,452.839,347.797,45.284,0.1339,0
2026-02-26 11:25:00,16910467736,10555324460,3,up,450.946,281.475,45.095,0.3135,0
2026-02-26 11:30:00,15957611157,11227350582,1,up,425.536,299.396,42.554,0.1905,0
2026-02-26 11:35:00,15650989910,8671849709,9,up,417.36,231.249,41.736,0.9928,0
2026-02-26 11:40:00,18170138624,9460549534,1,up,484.537,252.281,48.454,0.1303,0
2026-02-26 11:45:00,14999435389,8986968060,4,up,399.985,239.652,39.998,0.4045,0
2026-02-26 11:50:00,12872626574,12105320115,0,up,343.27,322.809,34.327,0.0892,0
2026-02-26 11:55:00,15809053043,7283799408,2,up,421.575,194.235,42.157,0.2132,0
2026-02-26 12:00:00,18754884689,9993089371,2,up,500.13,266.482,50.013,0.2413,0
2026-02-26 12:05:00,13173432912,6727929680,1,up,351.292,179.411,35.129,0.1197,0
2026-02-26 12:10:00,14349367019,9452577251,1,up,382.65,252.069,38.265,0.1915,0
2026-02-26 12:15:00,15749602868,9881404323,0,up,419.989,263.504,41.999,0.0983,0
2026-02-26 12:20:00,14902971271,12244937578,0,up,397.413,326.532,39.741,0.0018,0
2026-02-26 12:25:00,13231853555,10999751203,0,up,352.849,293.327,35.285,0.0729,0
2026-02-26 12:30:00,17019344141,9450241680,3,up,453.849,252.006,45.385,0.3613,0
2026-02-26 12:35:00,19176073299,11843114286,4,up,511.362,315.816,51.136,0.4422,0
2026-02-26 12:40:00,15353036626,10522468640,0,up,409.414,280.599,40.941,0.0986,0
2026-02-26 12:45:00,13372677078,10547334241,1,up,356.605,281.262,35.66,0.1573,0
2026-02-26 12:50:00,12211871054,8984633900,0,up,325.65,239.59,32.565,0.0114,0
2026-02-26 12:55:00,15464356766,9252582720,0,up,412.383,246.736,41.238,0.0812,0
2026-02-26 13:00:00,16986979217,9460377402,4,up,452.986,252.277,45.299,0.4532,0
2026-02-26 13:05:00,15855301943,10558541204,2,up,422.808,281.561,42.281,0.2794,0
2026-02-26 13:10:00,14995673086,10598136015,0,up,399.885,282.617,39.988,0.0691,0
2026-02-26 13:15:00,13939311026,12445556756,0,up,371.715,331.882,37.171,0.0893,0
2026-02-26 13:20:00,13034105461,10985169511,5,up,347.576,292.938,34.758,0.5092,0
2026-02-26 13:25:00,16502552387,7088467225,0,up,440.068,189.026,44.007,0.0704,0
2026-02-26 13:30:00,16644788918,10830928904,1,up,443.861,288.825,44.386,0.122,0
2026-02-26 13:35:00,12217686383,8672979391,3,up,325.805,231.279,32.58,0.3275,0
2026-02-26 13:40:00,17861710160,9282876634,2,up,476.312,247.543,47.631,0.2471,0
2026-02-26 13:45:00,16033328197,9476666465,1,up,427.555,252.711,42.756,0.1853,0
2026-02-26 13:50:00,17519270361,9664193712,6,up,467.181,257.712,46.718,0.69,0
2026-02-26 13:55:00,12584170052,8767311766,0,up,335.578,233.795,33.558,0.0744,0
2026-02-26 14:00:00,12541516520,10756387324,4,up,334.44,286.837,33.444,0.4058,0
2026-02-26 14:05:00,14731855242,8722389120,0,up,392.849,232.597,39.285,0.052,0
2026-02-26 14:10:00,15905011968,10949401185,2,up,424.134,291.984,42.413,0.2869,0
2026-02-26 14:15:00,18233449481,13318583557,6,up,486.225,355.162,48.623,0.6135,0
2026-02-26 14:20:00,16270942044,8825007585,1,up,433.892,235.334,43.389,0.1837,0
2026-02-26 14:25:00,14563173701,10141517016,3,up,388.351,270.44,38.835,0.3865,0
2026-02-26 14:30:00,13152535426,7320443723,5,up,350.734,195.212,35.073,0.5151,0
2026-02-26 14:35:00,17214001030,10120821530,0,up,459.04,269.889,45.904,0.0439,0
2026-02-26 14:40:00,13263530233,11309823612,3,up,353.694,301.595,35.369,0.3671,0
2026-02-26 14:45:00,17931243398,11408005431,7,up,478.166,304.213,47.817,0.7571,0
2026-02-26 14:50:00,14488107630,10597478300,2,up,386.35,282.599,38.635,0.2577,0
2026-02-26 14:55:00,17863047730,11620471915,0,up,476.348,309.879,47.635,0.0618,0
2026-02-26 15:00:00,16222076322,13708028715,0,up,432.589,365.547,43.259,0.0407,0
2026-02-26 15:05:00,14753408119,12657503906,0,up,393.424,337.533,39.342,0.0902,0
2026-02-26 15:10:00,14065086530,9841623628,0,up,375.069,262.443,37.507,0.0328,0
2026-02-26 15:15:00,14386365820,8671608977,2,up,383.636,231.243,38.364,0.2161,0
2026-02-26 15:20:00,15770970046,9988249215,0,up,420.559,266.353,42.056,0.0217,0
2026-02-26 15:25:00,15138881693,9306801715,0,up,403.704,248.181,40.37,0.0759,0
2026-02-26 15:30:00,13931139465,11068697910,1,up,371.497,295.165,37.15,0.1739,0
2026-02-26 15:35:00,14701863461,9011696140,1,up,392.05,240.312,39.205,0.1927,0
2026-02-26 15:40:00,15141438653,10408243734,2,up,403.772,277.553,40.377,0.25,0
2026-02-26 15:45:00,11168278630,11555897708,3,up,297.821,308.157,29.782,0.3669,0
2026-02-26 15:50:00,15824702606,10373123200,0,up,421.992,276.617,42.199,0.0145,0
2026-02-26 15:55:00,13236501795,9307644583,0,up,352.973,248.204,35.297,0.0252,0
2026-02-26 16:00:00,12924001674,11980265712,0,up,344.64,319.474,34.464,0.0188,0
2026-02-26 16:05:00,11962780175,8132484009,1,up,319.007,216.866,31.901,0.1651,0
2026-02-26 16:10:00,11770993503,10086978229,0,up,313.893,268.986,31.389,0.0128,0
2026-02-26 16:15:00,12560194494,10447508370,4,up,334.939,278.6,33.494,0.4112,0
2026-02-26 16:20:00,13723762276,10520044909,0,up,365.967,280.535,36.597,0.0757,0
2026-02-26 16:25:00,18515866447,10727425030,8,up,493.756,286.065,49.376,0.8401,0
2026-02-26 16:30:00,14053416583,11269154172,1,up,374.758,300.511,37.476,0.1999,0
2026-02-26 16:35:00,15319950191,10455386626,1,up,408.532,278.81,40.853,0.1774,0
2026-02-26 16:40:00,15720866495,10036246564,4,up,419.223,267.633,41.922,0.455,0
2026-02-26 16:45:00,15235917335,9986437425,3,up,406.291,266.305,40.629,0.3746,0
2026-02-26 16:50:00,14860601770,9729490089,2,up,396.283,259.453,39.628,0.2804,0
2026-02-26 16:55:00,12848471225,11492304588,8,up,342.626,306.461,34.263,0.8207,0
2026-02-26 17:00:00,17611669586,9685374115,1,up,469.645,258.277,46.964,0.1646,0
2026-02-26 17:05:00,18252953958,11566931597,4,up,486.745,308.452,48.675,0.4959,0
2026-02-26 17:10:00,11971214350,10523938843,1,up,319.232,280.638,31.923,0.1435,0
2026-02-26 17:15:00,13156748536,9843218943,5,up,350.847,262.486,35.085,0.5467,0
2026-02-26 17:20:00,14496341383,11279193091,0,up,386.569,300.778,38.657,0.0901,0
2026-02-26 17:25:00,13263831969,9583408054,1,up,353.702,255.558,35.37,0.1024,0
2026-02-26 17:30:00,15910737996,11304111891,3,up,424.286,301.443,42.429,0.3398,0
2026-02-26 17:35:00,13689110035,10768034912,0,up,365.043,287.148,36.504,0.0717,0
2026-02-26 17:40:00,18897100922,9748630891,0,up,503.923,259.963,50.392,0.0781,0
2026-02-26 17:45:00,17142987469,11166079867,1,up,457.146,297.762,45.715,0.1093,0
2026-02-26 17:50:00,15382633255,11188703054,3,up,410.204,298.365,41.02,0.3408,0
2026-02-26 17:55:00,16848575273,11958474703,6,up,449.295,318.893,44.93,0.6605,0
2026-02-26 18:00:00,16990620763,11717345235,3,up,453.083,312.463,45.308,0.3368,0
2026-02-26 18:05:00,13984894521,11119005266,5,up,372.931,296.507,37.293,0.5278,0
2026-02-26 18:10:00,13530808959,9079235401,2,up,360.822,242.113,36.082,0.2353,0
2026-02-26 18:15:00,15140657513,13585219605,0,up,403.751,362.273,40.375,0.0214,0
2026-02-26 18:20:00,16550945024,8731443574,0,up,441.359,232.838,44.136,0.0318,0
2026-02-26 18:25:00,15250308717,11696071599,2,up,406.675,311.895,40.667,0.2425,0
2026-02-26 18:30:00,12161406332,11043417609,1,up,324.304,294.491,32.43,0.1192,0
2026-02-26 18:35:00,13554916000,9020580610,0,up,361.464,240.549,36.146,0.0748,0
2026-02-26 18:40:00,14866848845,10343380817,1,up,396.449,275.823,39.645,0.1884,0
2026-02-26 18:45:00,14863801912,10400771363,3,up,396.368,277.354,39.637,0.3294,0
2026-02-26 18:50:00,18550575918,12145034221,1,up,494.682,323.868,49.468,0.1458,0
2026-02-26 18:55:00,12505221703,9601228265,4,up,333.473,256.033,33.347,0.4867,0
2026-02-26 19:00:00,15910060635,10169949291,4,up,424.268,271.199,42.427,0.4024,0
2026-02-26 19:05:00,17680403594,7556552297,3,up,471.477,201.508,47.148,0.3983,0
2026-02-26 19:10:00,19088609541,12685801119,12,up,509.03,338.288,50.903,1.2637,0
2026-02-26 19:15:00,14272084638,9151210013,1,up,380.589,244.032,38.059,0.105,0
2026-02-26 19:20:00,15884573014,10911907688,3,up,423.589,290.984,42.359,0.3105,0
2026-02-26 19:25:00,16025568642,10372226134,5,up,427.348,276.593,42.735,0.5803,0
2026-02-26 19:30:00,15351867116,10376518781,2,up,409.383,276.707,40.938,0.2599,0
2026-02-26 19:35:00,14822078637,11520426100,4,up,395.255,307.211,39.526,0.4675,0
2026-02-26 19:40:00,15784755701,12605790699,1,up,420.927,336.154,42.093,0.1606,0
2026-02-26 19:45:00,10441957046,10816882024,2,up,278.452,288.45,27.845,0.2678,0
2026-02-26 19:50:00,16227725082,11325398302,0,up,432.739,302.011,43.274,0.0172,0
2026-02-26 19:55:00,15227120226,10914403336,12,up,406.057,291.051,40.606,1.2757,0
2026-02-26 20:00:00,14599545185,11782089594,4,up,389.321,314.189,38.932,0.4829,0
2026-02-26 20:05:00,18684351952,9916725361,6,up,498.249,264.446,49.825,0.6093,0
2026-02-26 20:10:00,13785118766,11854992098,3,up,367.603,316.133,36.76,0.3555,0
2026-02-26 20:15:00,14274463219,11899229830,0,up,380.652,317.313,38.065,0.0618,0
2026-02-26 20:20:00,18584795943,11863996630,0,up,495.595,316.373,49.559,0.0095,0
2026-02-26 20:25:00,13502289651,9668213687,5,up,360.061,257.819,36.006,0.6,0
2026-02-26 20:30:00,14009792490,10287894580,1,up,373.594,274.344,37.359,0.1514,0
2026-02-26 20:35:00,14735354237,10801728405,0,up,392.943,288.046,39.294,0.0919,0
2026-02-26 20:40:00,16513322067,8772739023,2,up,440.355,233.94,44.036,0.2474,0
2026-02-26 20:45:00,15374044513,12509599462,1,up,409.975,333.589,40.997,0.1639,0
2026-02-26 20:50:00,12673274375,10484531567,3,up,337.954,279.588,33.795,0.3164,0
2026-02-26 20:55:00,14042096586,10857749138,1,up,374.456,289.54,37.446,0.1984,0
2026-02-26 21:00:00,13906762020,9772974405,3,up,370.847,260.613,37.085,0.3584,0
2026-02-26 21:05:00,14861002118,8828134275,5,up,396.293,235.417,39.629,0.5761,0
2026-02-26 21:10:00,15766518585,9738922344,0,up,420.44,259.705,42.044,0.0653,0
2026-02-26 21:15:00,15752770360,10776197276,1,up,420.074,287.365,42.007,0.1199,0
2026-02-26 21:20:00,11803178842,11348520304,1,up,314.751,302.627,31.475,0.1722,0
2026-02-26 21:25:00,16915093777,10703857341,9,up,451.069,285.436,45.107,0.9815,0
2026-02-26 21:30:00,15454623922,10936872260,1,up,412.123,291.65,41.212,0.1364,0
2026-02-26 21:35:00,17492157685,10075346767,1,up,466.458,268.676,46.646,0.1439,0
2026-02-26 21:40:00,15799556989,11125273193,3,up,421.322,296.674,42.132,0.3179,0
2026-02-26 21:45:00,16982381323,12368369411,1,up,452.864,329.823,45.286,0.163,0
2026-02-26 21:50:00,15839781560,11388034697,9,up,422.394,303.681,42.239,0.9062,0
2026-02-26 21:55:00,17423206361,11520022779,6,up,464.619,307.201,46.462,0.6746,0
2026-02-26 22:00:00,15940051144,10870460663,2,up,425.068,289.879,42.507,0.2161,0
2026-02-26 22:05:00,14823752556,8606024612,3,up,395.3,229.494,39.53,0.3105,0
2026-02-26 22:10:00,19090382496,9183720171,0,up,509.077,244.899,50.908,0.0179,0
2026-02-26 22:15:00,16600266820,11073143508,3,up,442.674,295.284,44.267,0.357,0
2026-02-26 22:20:00,16032739957,10486216794,3,up,427.54,279.632,42.754,0.3685,0
2026-02-26 22:25:00,12702652050,11054202036,1,up,338.737,294.779,33.874,0.1335,0
2026-02-26 22:30:00,12681046288,12612293506,0,up,338.161,336.328,33.816,0.0744,0
2026-02-26 22:35:00,15526887867,11414805359,7,up,414.05,304.395,41.405,0.7398,0
2026-02-26 22:40:00,15261938155,12086196619,1,up,406.985,322.299,40.699,0.1669,0
2026-02-26 22:45:00,13894579382,10619298550,3,up,370.522,283.181,37.052,0.3181,0
2026-02-26 22:50:00,15253768859,9482908246,0,up,406.767,252.878,40.677,0.0102,0
2026-02-26 22:55:00,17859528470,10427088639,1,up,476.254,278.056,47.625,0.1604,0
2026-02-26 23:00:00,16251724454,9486012714,5,up,433.379,252.96,43.338,0.5099,0
2026-02-26 23:05:00,12946184682,12463451645,1,up,345.232,332.359,34.523,0.1471,0
2026-02-26 23:10:00,14799284111,11495892756,2,up,394.648,306.557,39.465,0.2773,0
2026-02-26 23:15:00,13551060334,11155845745,0,up,361.362,297.489,36.136,0.0707,0
2026-02-26 23:20:00,14302140150,12057288434,1,up,381.39,321.528,38.139,0.1616,0
2026-02-26 23:25:00,14255491801,7954728917,7,up,380.146,212.126,38.015,0.7878,0
2026-02-26 23:30:00,14140237951,11241053818,2,up,377.073,299.761,37.707,0.2507,0
2026-02-26 23:35:00,12740756330,8848586311,6,up,339.754,235.962,33.975,0.6966,0
2026-02-26 23:40:00,14770221573,10490857819,6,up,393.873,279.756,39.387,0.6969,0
2026-02-26 23:45:00,13990906253,10107248433,8,up,373.091,269.527,37.309,0.8655,0
2026-02-26 23:50:00,9726992357,11333788131,6,up,259.386,302.234,25.939,0.6773,0
2026-02-26 23:55:00,18695349644,10787515984,0,up,498.543,287.667,49.854,0.001,0
2026-02-27 00:00:00,16959785377,12194847638,8,up,452.261,325.196,45.226,0.8155,0
2026-02-27 00:05:00,14322658695,9741609577,0,up,381.938,259.776,38.194,0.0444,0
2026-02-27 00:10:00,15033874289,11393484130,0,up,400.903,303.826,40.09,0.0122,0
2026-02-27 00:15:00,12891022174,10704401253,0,up,343.761,285.451,34.376,0.0171,0
2026-02-27 00:20:00,18052301180,8439534259,1,up,481.395,225.054,48.139,0.1287,0
2026-02-27 00:25:00,18415119650,9342543262,2,up,491.07,249.134,49.107,0.2909,0
2026-02-27 00:30:00,15282048710,10311153677,1,up,407.521,274.964,40.752,0.1544,0
2026-02-27 00:35:00,16842355159,11901488486,0,up,449.129,317.373,44.913,0.0078,0
2026-02-27 00:40:00,15315516202,11084291052,1,up,408.414,295.581,40.841,0.1942,0
2026-02-27 00:45:00,12593894210,9028948961,1,up,335.837,240.772,33.584,0.1751,0
2026-02-27 00:50:00,14258717935,10323201552,4,up,380.232,275.285,38.023,0.4242,0
2026-02-27 00:55:00,15237470340,13042436125,0,up,406.333,347.798,40.633,0.0984,0
2026-02-27 01:00:00,14181814106,10640141401,0,up,378.182,283.737,37.818,0.0736,0
2026-02-27 01:05:00,14606424100,10087569775,0,up,389.505,269.002,38.95,0.0887,0
2026-02-27 01:10:00,14835480796,11119591947,1,up,395.613,296.522,39.561,0.1086,0
2026-02-27 01:15:00,14854418703,11461875280,2,up,396.118,305.65,39.612,0.2743,0
2026-02-27 01:20:00,15094065282,9925227882,1,up,402.508,264.673,40.251,0.1913,0
2026-02-27 01:25:00,13090910880,11133244215,1,up,349.091,296.887,34.909,0.1232,0
2026-02-27 01:30:00,13709370931,10085599234,1,up,365.583,268.949,36.558,0.1407,0
2026-02-27 01:35:00,12687748321,11406352778,1,up,338.34,304.169,33.834,0.1391,0
2026-02-27 01:40:00,16760067989,10713813379,10,up,446.935,285.702,44.694,1.0771,0
2026-02-27 01:45:00,11209835504,11107279462,0,up,298.929,296.194,29.893,0.0796,0
2026-02-27 01:50:00,17076462617,9543428731,5,up,455.372,254.491,45.537,0.5112,0
2026-02-27 01:55:00,17495428915,9465179156,3,up,466.545,252.405,46.654,0.3695,0
2026-02-27 02:00:00,14456074943,11691326603,0,up,385.495,311.769,38.55,0.0017,0
2026-02-27 02:05:00,10314353241,10399960559,14,up,275.049,277.332,27.505,1.4962,0
2026-02-27 02:10:00,14349640988,10859143775,4,up,382.657,289.577,38.266,0.4237,0
2026-02-27 02:15:00,14884468509,10113941761,3,up,396.919,269.705,39.692,0.3441,0
2026-02-27 02:20:00,13180923204,11632395735,1,up,351.491,310.197,35.149,0.1559,0
2026-02-27 02:25:00,14072606891,9734159425,2,up,375.27,259.578,37.527,0.243,0
2026-02-27 02:30:00,17754351357,10329142437,0,up,473.449,275.444,47.345,0.0876,0
2026-02-27 02:35:00,16196868892,11490350944,0,up,431.917,306.409,43.192,0.0108,0
2026-02-27 02:40:00,13335784594,11977939300,5,up,355.621,319.412,35.562,0.5424,0
2026-02-27 02:45:00,12124321494,9840063293,6,up,323.315,262.402,32.332,0.6804,0
2026-02-27 02:50:00,14411368828,12969201817,0,up,384.303,345.845,38.43,0.0532,0
2026-02-27 02:55:00,14615777797,10894684534,4,up,389.754,290.525,38.975,0.464,0
2026-02-27 03:00:00,15893158537,9185910390,4,up,423.818,244.958,42.382,0.4055,0
2026-02-27 03:05:00,14036429917,10965005581,0,up,374.305,292.4,37.43,0.0589,0
2026-02-27 03:10:00,15920699235,10017420989,1,up,424.552,267.131,42.455,0.1644,0
2026-02-27 03:15:00,18483277272,11046926293,1,up,492.887,294.585,49.289,0.1648,0
2026-02-27 03:20:00,16467901840,10446001127,4,up,439.144,278.56,43.914,0.4281,0
2026-02-27 03:25:00,14913440686,10593584849,5,up,397.692,282.496,39.769,0.5454,0
2026-02-27 03:30:00,14670329152,9351392345,0,up,391.209,249.37,39.121,0.0299,0
2026-02-27 03:35:00,14357988358,11747477150,2,up,382.88,313.266,38.288,0.2483,0
2026-02-27 03:40:00,17125153642,9043279517,4,up,456.671,241.154,45.667,0.4303,0
2026-02-27 03:45:00,13870835797,9102956231,4,up,369.889,242.745,36.989,0.4628,0
2026-02-27 03:50:00,15081400876,10962874039,0,up,402.171,292.343,40.217,0.048,0
2026-02-27 03:55:00,15092156223,12519583751,2,up,402.457,333.856,40.246,0.2237,0
2026-02-27 04:00:00,14096788452,10055732697,5,up,375.914,268.153,37.591,0.5846,0
2026-02-27 04:05:00,12529562013,11383225126,1,up,334.122,303.553,33.412,0.115,0
2026-02-27 04:10:00,15581354106,11852408622,1,up,415.503,316.064,41.55,0.1661,0
2026-02-27 04:15:00,14890192850,11526502390,4,up,397.072,307.373,39.707,0.4894,0
2026-02-27 04:20:00,15900432844,10107877555,0,up,424.012,269.543,42.401,0.0281,0
2026-02-27 04:25:00,14039519448,9125281136,5,up,374.387,243.341,37.439,0.5888,0
2026-02-27 04:30:00,17197478337,7718490067,1,up,458.599,205.826,45.86,0.1118,0
2026-02-27 04:35:00,13421807193,10168820970,0,up,357.915,271.169,35.791,0.0004,0
2026-02-27 04:40:00,18081672511,11984390084,0,up,482.178,319.584,48.218,0.08,0
2026-02-27 04:45:00,11854254282,9083550859,0,up,316.113,242.228,31.611,0.0281,0
2026-02-27 04:50:00,15782586116,11382264407,0,up,420.869,303.527,42.087,0.0291,0
2026-02-27 04:55:00,15855775228,9302807812,3,up,422.821,248.075,42.282,0.3541,0
2026-02-27 05:00:00,13567997277,10633651446,0,up,361.813,283.564,36.181,0.0722,0
2026-02-27 05:05:00,15763909088,11391817433,8,up,420.371,303.782,42.037,0.8188,0
2026-02-27 05:10:00,17303133605,9669035749,2,up,461.417,257.841,46.142,0.218,0
2026-02-27 05:15:00,11009726089,10714810697,1,up,293.593,285.728,29.359,0.1849,0
2026-02-27 05:20:00,15904940653,9976984915,1,up,424.132,266.053,42.413,0.1709,0
2026-02-27 05:25:00,10512112523,11388487310,3,up,280.323,303.693,28.032,0.3539,0
2026-02-27 05:30:00,13261803353,10796499632,1,up,353.648,287.907,35.365,0.1806,0
2026-02-27 05:35:00,17932499456,10571199669,0,up,478.2,281.899,47.82,0.0413,0
2026-02-27 05:40:00,13952792339,12463520949,6,up,372.074,332.361,37.207,0.6365,0
2026-02-27 05:45:00,12887016064,11334505739,1,up,343.654,302.253,34.365,0.1678,0
2026-02-27 05:50:00,14643712087,9630156648,0,up,390.499,256.804,39.05,0.0231,0
2026-02-27 05:55:00,18722231408,10391811484,2,up,499.26,277.115,49.926,0.2261,0
2026-02-27 06:00:00,11702971955,10404367530,3,up,312.079,277.45,31.208,0.3127,0
2026-02-27 06:05:00,13107642159,10601202661,0,up,349.537,282.699,34.954,0.0967,0
2026-02-27 06:10:00,17695377029,13680881688,4,up,471.877,364.824,47.188,0.4833,0
2026-02-27 06:15:00,18343864218,10967273384,3,up,489.17,292.461,48.917,0.3324,0
2026-02-27 06:20:00,14813823796,7934762761,3,up,395.035,211.594,39.504,0.3152,0
2026-02-27 06:25:00,12769705135,9816073295,1,up,340.525,261.762,34.053,0.1638,0
2026-02-27 06:30:00,18772518303,8065211169,9,up,500.6,215.072,50.06,0.9804,0
2026-02-27 06:35:00,17869996305,10084454196,0,up,476.533,268.919,47.653,0.0961,0
2026-02-27 06:40:00,16222104577,7995989110,2,up,432.589,213.226,43.259,0.2586,0
2026-02-27 06:45:00,13537675771,9401796006,1,up,361.005,250.715,36.1,0.1109,0
2026-02-27 06:50:00,14911747186,8583890872,4,up,397.647,228.904,39.765,0.4097,0
2026-02-27 06:55:00,14711351854,10984041824,0,up,392.303,292.908,39.23,0.0147,0
2026-02-27 07:00:00,15595532348,10500679596,0,up,415.881,280.018,41.588,0.0141,0
2026-02-27 07:05:00,17611802588,10881732507,4,up,469.648,290.18,46.965,0.4996,0
2026-02-27 07:10:00,16582950674,10368265250,1,up,442.212,276.487,44.221,0.1709,0
2026-02-27 07:15:00,13060723061,8743184834,1,up,348.286,233.152,34.829,0.1252,0
2026-02-27 07:20:00,17477693610,11147036925,2,up,466.072,297.254,46.607,0.2806,0
2026-02-27 07:25:00,15563637852,12922002945,3,up,415.03,344.587,41.503,0.3631,0
2026-02-27 07:30:00,16236718432,11015607849,0,up,432.979,293.75,43.298,0.0674,0
2026-02-27 07:35:00,17639773546,9963335004,0,up,470.394,265.689,47.039,0.0615,0
2026-02-27 07:40:00,12999155550,8700635358,9,up,346.644,232.017,34.664,0.9521,0
2026-02-27 07:45:00,14935513958,9355835616,2,up,398.28,249.489,39.828,0.2672,0
2026-02-27 07:50:00,14043381807,11070829967,1,up,374.49,295.222,37.449,0.1483,0
2026-02-27 07:55:00,12177853034,11852128713,4,up,324.743,316.057,32.474,0.485,0
2026-02-27 08:00:00,15624077959,10828691380,2,up,416.642,288.765,41.664,0.2234,0
2026-02-27 08:05:00,19520801792,11507857985,0,up,520.555,306.876,52.055,0.083,0
2026-02-27 08:10:00,11687860059,11391674587,0,up,311.676,303.778,31.168,0.0695,0
2026-02-27 08:15:00,14941894900,11138233333,1,up,398.451,297.02,39.845,0.1517,0
2026-02-27 08:20:00,16152977283,9670323269,5,up,430.746,257.875,43.075,0.5896,0
2026-02-27 08:25:00,15221540762,10719143625,0,up,405.908,285.844,40.591,0.019,0
2026-02-27 08:30:00,14796369505,9431043967,0,up,394.57,251.495,39.457,0.074,0
2026-02-27 08:35:00,12661410545,10521960480,6,up,337.638,280.586,33.764,0.6709,0
2026-02-27 08:40:00,15419016137,10916888049,0,up,411.174,291.117,41.117,0.0389,0
2026-02-27 08:45:00,13637824841,12615267597,2,up,363.675,336.407,36.368,0.298,0
2026-02-27 08:50:00,11058140931,8849737712,0,up,294.884,235.993,29.488,0.0721,0
2026-02-27 08:55:00,17150265996,11106699615,2,up,457.34,296.179,45.734,0.2793,0
2026-02-27 09:00:00,16725094475,12366358105,1,up,446.003,329.77,44.6,0.1449,0
2026-02-27 09:05:00,15092989758,11456148184,0,up,402.48,305.497,40.248,0.0322,0
2026-02-27 09:10:00,15412334438,11549511257,2,up,410.996,307.987,41.1,0.262,0
2026-02-27 09:15:00,16933772422,11240495576,3,up,451.567,299.747,45.157,0.3447,0
2026-02-27 09:20:00,15403811382,12135901457,3,up,410.768,323.624,41.077,0.3421,0
2026-02-27 09:25:00,16627231598,9129777508,3,up,443.393,243.461,44.339,0.304,0
2026-02-27 09:30:00,14464532038,8753732400,2,up,385.721,233.433,38.572,0.2081,0
2026-02-27 09:35:00,17361570729,10492018983,2,up,462.975,279.787,46.298,0.2199,0
2026-02-27 09:40:00,15577414306,7776935749,3,up,415.398,207.385,41.54,0.3029,0
2026-02-27 09:45:00,15349293498,12050613713,3,up,409.314,321.35,40.931,0.3516,0
2026-02-27 09:50:00,12713890040,12038101146,3,up,339.037,321.016,33.904,0.3192,0
2026-02-27 09:55:00,15516520537,9953978300,2,up,413.774,265.439,41.377,0.2653,0
2026-02-27 10:00:00,13502481148,10032829048,0,up,360.066,267.542,36.007,0.0508,0
2026-02-27 10:05:00,13851091092,10408842181,0,up,369.362,277.569,36.936,0.071,0
2026-02-27 10:10:00,13532323869,10565546019,0,up,360.862,281.748,36.086,0.0904,0
2026-02-27 10:15:00,13080777122,10660239138,7,up,348.821,284.273,34.882,0.7565,0
2026-02-27 10:20:00,18824588525,11203372454,4,up,501.989,298.757,50.199,0.4274,0
2026-02-27 10:25:00,17396410311,10282490795,2,up,463.904,274.2,46.39,0.2415,0
2026-02-27 10:30:00,18456661503,11688423562,0,up,492.178,311.691,49.218,0.0871,0
2026-02-27 10:35:00,12798788964,11061894199,0,up,341.301,294.984,34.13,0.0353,0
2026-02-27 10:40:00,15128256749,9735226058,6,up,403.42,259.606,40.342,0.6871,0
2026-02-27 10:45:00,12671686274,12182241961,6,up,337.912,324.86,33.791,0.6695,0
2026-02-27 10:50:00,13747749221,8788596197,0,up,366.607,234.363,36.661,0.0352,0
2026-02-27 10:55:00,13347371429,10383871078,4,up,355.93,276.903,35.593,0.4787,0
2026-02-27 11:00:00,17231251211,11718315925,1,up,459.5,312.488,45.95,0.1775,0
2026-02-27 11:05:00,14286786579,9588927887,1,up,380.981,255.705,38.098,0.1175,0
2026-02-27 11:10:00,16923082800,10890040114,4,up,451.282,290.401,45.128,0.4031,0
2026-02-27 11:15:00,16087417601,11184607892,2,up,428.998,298.256,42.9,0.2858,0
2026-02-27 11:20:00,19146549753,9415739926,4,up,510.575,251.086,51.057,0.4543,0
2026-02-27 11:25:00,12337000398,10408678073,0,up,328.987,277.565,32.899,0.0232,0
2026-02-27 11:30:00,17266619831,10302805173,1,up,460.443,274.741,46.044,0.1151,0
2026-02-27 11:35:00,17063593566,9804810306,1,up,455.029,261.462,45.503,0.1154,0
2026-02-27 11:40:00,13247918091,13400110313,1,up,353.278,357.336,35.328,0.12,0
2026-02-27 11:45:00,16812840005,9538485994,2,up,448.342,254.36,44.834,0.2094,0
2026-02-27 11:50:00,15605060933,11766212170,0,up,416.135,313.766,41.613,0.0998,0
2026-02-27 11:55:00,14590542732,10005070718,1,up,389.081,266.802,38.908,0.1763,0
2026-02-27 12:00:00,13516916123,9130838402,1,up,360.451,243.489,36.045,0.1376,0
2026-02-27 12:05:00,13705602987,10629545946,3,up,365.483,283.455,36.548,0.3987,0
2026-02-27 12:10:00,18689661772,11317857664,2,up,498.391,301.81,49.839,0.2775,0
2026-02-27 12:15:00,15001229074,11659842064,3,up,400.033,310.929,40.003,0.3181,0
2026-02-27 12:20:00,16407834002,12468454039,0,up,437.542,332.492,43.754,0.0709,0
2026-02-27 12:25:00,13576381112,14211010325,1,up,362.037,378.96,36.204,0.1181,0
2026-02-27 12:30:00,13596264696,10815647896,0,up,362.567,288.417,36.257,0.0064,0
2026-02-27 12:35:00,16947572656,9664503860,0,up,451.935,257.72,45.194,0.0344,0
2026-02-27 12:40:00,12570762819,11070621651,0,up,335.22,295.217,33.522,0.0924,0
2026-02-27 12:45:00,14252615217,10164571682,0,up,380.07,271.055,38.007,0.0203,0
2026-02-27 12:50:00,15061249339,11666717323,2,up,401.633,311.112,40.163,0.2769,0
2026-02-27 12:55:00,15200470683,8865572986,18,up,405.346,236.415,40.535,1.8846,0
2026-02-27 13:00:00,14677632086,13484101523,0,up,391.404,359.576,39.14,0.0319,0
2026-02-27 13:05:00,15712475605,11578620599,5,up,418.999,308.763,41.9,0.5165,0
2026-02-27 13:10:00,16247140360,8378154937,0,up,433.257,223.417,43.326,0.0379,0
2026-02-27 13:15:00,16322347581,9606623583,3,up,435.263,256.177,43.526,0.3325,0
2026-02-27 13:20:00,13225553144,11528262115,3,up,352.681,307.42,35.268,0.3091,0
2026-02-27 13:25:00,14488520823,11982193510,6,up,386.361,319.525,38.636,0.699,0
2026-02-27 13:30:00,17150573151,8896980589,0,up,457.349,237.253,45.735,0.0363,0
2026-02-27 13:35:00,16610364937,11398412571,1,up,442.943,303.958,44.294,0.1137,0
2026-02-27 13:40:00,12528852987,8046351760,0,up,334.103,214.569,33.41,0.0286,0
2026-02-27 13:45:00,15632663820,10387436809,1,up,416.871,276.998,41.687,0.157,0
2026-02-27 13:50:00,11439194551,11901179021,7,up,305.045,317.365,30.505,0.7277,0
2026-02-27 13:55:00,15084482823,9805090180,4,up,402.253,261.469,40.225,0.4563,0
2026-02-27 14:00:00,18415980630,8601277903,3,up,491.093,229.367,49.109,0.385,0
2026-02-27 14:05:00,13293793108,10684230643,2,up,354.501,284.913,35.45,0.2284,0
2026-02-27 14:10:00,13498218518,9738054228,6,up,359.952,259.681,35.995,0.6449,0
2026-02-27 14:15:00,16375253606,11293243541,1,up,436.673,301.153,43.667,0.179,0
2026-02-27 14:20:00,12222957272,9384488695,0,up,325.946,250.253,32.595,0.0486,0
2026-02-27 14:25:00,13861040946,9526477519,5,up,369.628,254.039,36.963,0.5453,0
2026-02-27 14:30:00,16073594047,7953537075,0,up,428.629,212.094,42.863,0.0984,0
2026-02-27 14:35:00,13858285474,10714130335,0,up,369.554,285.71,36.955,0.0165,0
2026-02-27 14:40:00,14575254023,10297259777,0,up,388.673,274.594,38.867,0.0404,0
2026-02-27 14:45:00,16339534278,9002635314,2,up,435.721,240.07,43.572,0.2818,0
2026-02-27 14:50:00,15758782950,10744186379,2,up,420.234,286.512,42.023,0.2802,0
2026-02-27 14:55:00,15480273113,11794108578,0,up,412.807,314.51,41.281,0.0904,0
2026-02-27 15:00:00,14389579897,10228384391,3,up,383.722,272.757,38.372,0.3897,0
2026-02-27 15:05:00,15666110007,10837890356,4,up,417.763,289.01,41.776,0.4457,0
2026-02-27 15:10:00,14777281175,10844372174,7,up,394.061,289.183,39.406,0.7596,0
2026-02-27 15:15:00,15824050097,8982544417,2,up,421.975,239.535,42.197,0.2638,0
2026-02-27 15:20:00,14105522354,13091298134,4,up,376.147,349.101,37.615,0.4535,0
2026-02-27 15:25:00,14671375846,9906729214,4,up,391.237,264.179,39.124,0.4196,0
2026-02-27 15:30:00,13218075973,11326706414,0,up,352.482,302.046,35.248,0.0894,0
2026-02-27 15:35:00,14936986301,11469211249,1,up,398.32,305.846,39.832,0.1114,0
2026-02-27 15:40:00,13540198445,10324110139,1,up,361.072,275.31,36.107,0.1953,0
2026-02-27 15:45:00,12994716389,11264561731,0,up,346.526,300.388,34.653,0.0058,0
2026-02-27 15:50:00,15465590066,10809732219,1,up,412.416,288.26,41.242,0.1059,0
2026-02-27 15:55:00,15382931596,8713773905,1,up,410.212,232.367,41.021,0.1927,0
2026-02-27 16:00:00,16409172722,10081336396,0,up,437.578,268.836,43.758,0.0343,0
2026-02-27 16:05:00,14223973974,9728185863,0,up,379.306,259.418,37.931,0.0405,0
2026-02-27 16:10:00,15734495124,9918201247,1,up,419.587,264.485,41.959,0.1867,0
2026-02-27 16:15:00,15991435630,8856955995,3,up,426.438,236.185,42.644,0.3939,0
2026-02-27 16:20:00,15800592854,11919306483,5,up,421.349,317.848,42.135,0.5383,0
2026-02-27 16:25:00,13513823370,12518510744,2,up,360.369,333.827,36.037,0.2371,0
2026-02-27 16:30:00,15268854268,11732283749,1,up,407.169,312.861,40.717,0.1932,0
2026-02-27 16:35:00,15655452532,12100866822,1,up,417.479,322.69,41.748,0.1455,0
2026-02-27 16:40:00,15012921240,10065760105,0,up,400.345,268.42,40.034,0.0643,0
2026-02-27 16:45:00,11244340214,9698316387,0,up,299.849,258.622,29.985,0.0475,0
2026-02-27 16:50:00,15288881323,9518980321,4,up,407.704,253.839,40.77,0.4709,0
2026-02-27 16:55:00,18982555870,11311521802,1,up,506.201,301.641,50.62,0.1877,0
2026-02-27 17:00:00,14351929316,10786099446,4,up,382.718,287.629,38.272,0.4687,0
2026-02-27 17:05:00,13689461223,10402700643,3,up,365.052,277.405,36.505,0.3653,0
2026-02-27 17:10:00,15672027407,12131887165,0,up,417.921,323.517,41.792,0.0647,0
2026-02-27 17:15:00,15562280778,11010226105,2,up,414.994,293.606,41.499,0.2142,0
2026-02-27 17:20:00,17146923297,9443291376,1,up,457.251,251.821,45.725,0.1761,0
2026-02-27 17:25:00,12735837319,9642054875,1,up,339.622,257.121,33.962,0.1654,0
2026-02-27 17:30:00,16316484454,11359311557,2,up,435.106,302.915,43.511,0.2346,0
2026-02-27 17:35:00,16062759710,11812583394,12,up,428.34,315.002,42.834,1.2066,0
2026-02-27 17:40:00,14744136233,11195117092,5,up,393.177,298.536,39.318,0.5028,0
2026-02-27 17:45:00,15609637172,12890079822,7,up,416.257,343.735,41.626,0.7021,0
2026-02-27 17:50:00,16853023466,12560109028,0,up,449.414,334.936,44.941,0.009,0
2026-02-27 17:55:00,16570167684,11055705151,0,up,441.871,294.819,44.187,0.0454,0
2026-02-27 18:00:00,12942565238,9443388369,0,up,345.135,251.824,34.514,0.0266,0
2026-02-27 18:05:00,16476284736,8849415735,0,up,439.368,235.984,43.937,0.0916,0
2026-02-27 18:10:00,14883560510,10011899001,1,up,396.895,266.984,39.689,0.175,0
2026-02-27 18:15:00,15131173376,11449048942,3,up,403.498,305.308,40.35,0.3082,0
2026-02-27 18:20:00,15131754583,12801575319,2,up,403.513,341.375,40.351,0.2084,0
2026-02-27 18:25:00,14729562620,11025983263,7,up,392.788,294.026,39.279,0.7005,0
2026-02-27 18:30:00,17145073494,11972590720,8,up,457.202,319.269,45.72,0.8433,0
2026-02-27 18:35:00,14849307672,10190912567,0,up,395.982,271.758,39.598,0.0536,0
2026-02-27 18:40:00,12984816968,11284689097,5,up,346.262,300.925,34.626,0.575,0
2026-02-27 18:45:00,14291646259,11537429605,1,up,381.111,307.665,38.111,0.1972,0
2026-02-27 18:50:00,15321650490,8005711212,1,up,408.577,213.486,40.858,0.1812,0
2026-02-27 18:55:00,17212586611,9979067109,4,up,459.002,266.108,45.9,0.4611,0
2026-02-27 19:00:00,16085570432,11696622484,0,up,428.949,311.91,42.895,0.0293,0
2026-02-27 19:05:00,13469036498,10845830102,6,up,359.174,289.222,35.917,0.6424,0
2026-02-27 19:10:00,19473341850,8992391039,3,up,519.289,239.797,51.929,0.3334,0
2026-02-27 19:15:00,15476595559,7438045806,6,up,412.709,198.348,41.271,0.6245,0
2026-02-27 19:20:00,17295703328,10039116260,15,up,461.219,267.71,46.122,1.5597,0
2026-02-27 19:25:00,14726914019,10409802026,2,up,392.718,277.595,39.272,0.2189,0
2026-02-27 19:30:00,15960046640,9386257083,0,up,425.601,250.3,42.56,0.0294,0
2026-02-27 19:35:00,16511043308,10680287020,0,up,440.294,284.808,44.029,0.0546,0
2026-02-27 19:40:00,17192750481,11138047301,1,up,458.473,297.015,45.847,0.1173,0
2026-02-27 19:45:00,16903262949,11345065835,0,up,450.754,302.535,45.075,0.0328,0
2026-02-27 19:50:00,16569954600,7531542154,5,up,441.865,200.841,44.187,0.5068,0
2026-02-27 19:55:00,14432843883,8844000776,1,up,384.876,235.84,38.488,0.1057,0
2026-02-27 20:00:00,13970857124,10116175463,11,up,372.556,269.765,37.256,1.1175,0
2026-02-27 20:05:00,15598693518,11220938145,3,up,415.965,299.225,41.597,0.3638,0
2026-02-27 20:10:00,16679630530,11116434857,0,up,444.79,296.438,44.479,0.0571,0
2026-02-27 20:15:00,14599102738,11094556134,1,up,389.309,295.855,38.931,0.1939,0
2026-02-27 20:20:00,16917309538,10016893393,1,up,451.128,267.117,45.113,0.1887,0
2026-02-27 20:25:00,17614710141,10087181868,2,up,469.726,268.992,46.973,0.2035,0
2026-02-27 20:30:00,13350622345,9582305121,2,up,356.017,255.528,35.602,0.2302,0
2026-02-27 20:35:00,13493542733,11467924601,0,up,359.828,305.811,35.983,0.0095,0
2026-02-27 20:40:00,14747324893,9340184127,3,up,393.262,249.072,39.326,0.3478,0
2026-02-27 20:45:00,15553702802,11571045857,2,up,414.765,308.561,41.477,0.2004,0
2026-02-27 20:50:00,14055779375,10761895080,4,up,374.821,286.984,37.482,0.4696,0
2026-02-27 20:55:00,17433964821,10443243957,5,up,464.906,278.487,46.491,0.5068,0
2026-02-27 21:00:00,15763320350,9672544896,0,up,420.355,257.935,42.036,0.0786,0
2026-02-27 21:05:00,15071004686,8792017254,0,up,401.893,234.454,40.189,0.0149,0
2026-02-27 21:10:00,12415362857,9683957526,3,up,331.076,258.239,33.108,0.3644,0
2026-02-27 21:15:00,12631531530,10084191345,11,up,336.841,268.912,33.684,1.1418,0
2026-02-27 21:20:00,15505816650,7515029367,1,up,413.488,200.401,41.349,0.1775,0
2026-02-27 21:25:00,11161327872,10251332504,0,up,297.635,273.369,29.764,0.0902,0
2026-02-27 21:30:00,16822747337,11664690283,0,up,448.607,311.058,44.861,0.0511,0
2026-02-27 21:35:00,14715323080,11214694560,1,up,392.409,299.059,39.241,0.1017,0
2026-02-27 21:40:00,20837567345,9874780596,1,up,555.668,263.327,55.567,0.1192,0
2026-02-27 21:45:00,19154249251,10559139736,1,up,510.78,281.577,51.078,0.1654,0
2026-02-27 21:50:00,14673391675,9799232642,3,up,391.29,261.313,39.129,0.3196,0
2026-02-27 21:55:00,14808593395,10687438524,0,up,394.896,284.998,39.49,0.0957,0
2026-02-27 22:00:00,16792046725,12440535857,0,up,447.788,331.748,44.779,0.0157,0
2026-02-27 22:05:00,18065710697,11720308491,1,up,481.752,312.542,48.175,0.1402,0
2026-02-27 22:10:00,12051547696,11156200825,5,up,321.375,297.499,32.137,0.5806,0
2026-02-27 22:15:00,11784524162,9878965010,2,up,314.254,263.439,31.425,0.207,0
2026-02-27 22:20:00,13880337350,11444922375,10,up,370.142,305.198,37.014,1.0039,0
2026-02-27 22:25:00,16048927649,8374535041,2,up,427.971,223.321,42.797,0.2101,0
2026-02-27 22:30:00,15894372462,10182034612,0,up,423.85,271.521,42.385,0.0968,0
2026-02-27 22:35:00,16925588618,11235476388,0,up,451.349,299.613,45.135,0.0644,0
2026-02-27 22:40:00,12840544448,11432930729,3,up,342.415,304.878,34.241,0.3558,0
2026-02-27 22:45:00,10830941046,11344054457,2,up,288.825,302.508,28.883,0.2306,0
2026-02-27 22:50:00,16544425551,10871486668,2,up,441.185,289.906,44.118,0.2779,0
2026-02-27 22:55:00,13509246708,10253386526,4,up,360.247,273.424,36.025,0.4221,0
2026-02-27 23:00:00,11366721844,11177849721,3,up,303.113,298.076,30.311,0.3883,0
2026-02-27 23:05:00,15261114742,9299395088,0,up,406.963,247.984,40.696,0.0133,0
2026-02-27 23:10:00,16427716238,9435706648,4,up,438.072,251.619,43.807,0.4867,0
2026-02-27 23:15:00,14780297162,10577785692,2,up,394.141,282.074,39.414,0.2282,0
2026-02-27 23:20:00,14175872904,10718229029,1,up,378.023,285.819,37.802,0.1491,0
2026-02-27 23:25:00,14713147982,8199724875,2,up,392.351,218.659,39.235,0.2313,0
2026-02-27 23:30:00,14332951027,11073484439,2,up,382.212,295.293,38.221,0.2844,0
2026-02-27 23:35:00,12573515198,11473637756,0,up,335.294,305.964,33.529,0.0486,0
2026-02-27 23:40:00,13713574781,10402620600,1,up,365.695,277.403,36.57,0.1621,0
2026-02-27 23:45:00,15938303829,13491827516,1,up,425.021,359.782,42.502,0.1227,0
2026-02-27 23:50:00,15579021374,9639501766,1,up,415.441,257.053,41.544,0.1294,0
2026-02-27 23:55:00,15302507650,10045030174,0,up,408.067,267.867,40.807,0.0287,0
2026-02-28 00:00:00,13208732732,10002215698,0,up,352.233,266.726,35.223,0.0523,0
2026-02-28 00:05:00,14673294308,10404003609,0,up,391.288,277.44,39.129,0.053,0
2026-02-28 00:10:00,11081282916,10085806735,1,up,295.501,268.955,29.55,0.1402,0
2026-02-28 00:15:00,15321257994,8727418713,6,up,408.567,232.731,40.857,0.6747,0
2026-02-28 00:20:00,17571943874,9811349146,0,up,468.585,261.636,46.859,0.0692,0
2026-02-28 00:25:00,12346562162,10376997923,1,up,329.242,276.72,32.924,0.1615,0
2026-02-28 00:30:00,13945330188,12048000823,1,up,371.875,321.28,37.188,0.112,0
2026-02-28 00:35:00,15592392201,13274826524,4,up,415.797,353.995,41.58,0.4645,0
2026-02-28 00:40:00,17255116741,12182697111,0,up,460.136,324.872,46.014,0.0154,0
2026-02-28 00:45:00,14193195690,9523022422,0,up,378.485,253.947,37.849,0.0656,0
2026-02-28 00:50:00,13753949407,9623279890,0,up,366.772,256.621,36.677,0.071,0
2026-02-28 00:55:00,11455938343,10299245992,14,up,305.492,274.647,30.549,1.487,0
2026-02-28 01:00:00,15186188632,12748544199,2,up,404.965,339.961,40.497,0.2537,0
2026-02-28 01:05:00,18675736872,10291565694,0,up,498.02,274.442,49.802,0.0449,0
2026-02-28 01:10:00,15499245231,8827340561,0,up,413.313,235.396,41.331,0.0953,0
2026-02-28 01:15:00,14959897837,9868516807,0,up,398.931,263.16,39.893,0.0551,0
2026-02-28 01:20:00,15579748159,11453890562,0,up,415.46,305.437,41.546,0.0399,0
2026-02-28 01:25:00,14980034392,11369324748,4,up,399.468,303.182,39.947,0.4786,0
2026-02-28 01:30:00,13536574129,10247727000,2,up,360.975,273.273,36.098,0.2054,0
2026-02-28 01:35:00,16481903848,11361102488,2,up,439.517,302.963,43.952,0.2993,0
2026-02-28 01:40:00,15406370741,7635803024,1,up,410.837,203.621,41.084,0.1207,0
2026-02-28 01:45:00,15031703853,10630824836,2,up,400.845,283.489,40.085,0.242,0
2026-02-28 01:50:00,13244341150,11584463630,0,up,353.182,308.919,35.318,0.0893,0
2026-02-28 01:55:00,17346314277,9450592273,1,up,462.568,252.016,46.257,0.1105,0
2026-02-28 02:00:00,16196464941,9446213444,3,up,431.906,251.899,43.191,0.3169,0
2026-02-28 02:05:00,14004742492,8148275327,0,up,373.46,217.287,37.346,0.0489,0
2026-02-28 02:10:00,16803284736,12503268449,2,up,448.088,333.42,44.809,0.2881,0
2026-02-28 02:15:00,14104372490,9592605988,5,up,376.117,255.803,37.612,0.5736,0
2026-02-28 02:20:00,13592393713,10803714530,0,up,362.464,288.099,36.246,0.0385,0
2026-02-28 02:25:00,13632534388,11260935472,6,up,363.534,300.292,36.353,0.6833,0
2026-02-28 02:30:00,11812076604,12405205615,0,up,314.989,330.805,31.499,0.0248,0
2026-02-28 02:35:00,15848776284,10306088804,1,up,422.634,274.829,42.263,0.1287,0
2026-02-28 02:40:00,11703939218,9820318459,2,up,312.105,261.875,31.211,0.2829,0
2026-02-28 02:45:00,12788801103,10718065237,2,up,341.035,285.815,34.103,0.2459,0
2026-02-28 02:50:00,11263941583,12117941148,0,up,300.372,323.145,30.037,0.0304,0
2026-02-28 02:55:00,14845074552,10285582610,4,up,395.869,274.282,39.587,0.4812,0
2026-02-28 03:00:00,14729423171,9296864957,10,up,392.785,247.916,39.278,1.0853,0
2026-02-28 03:05:00,14411946816,8558645161,0,up,384.319,228.231,38.432,0.06,0
2026-02-28 03:10:00,13123360149,8961165295,6,up,349.956,238.964,34.996,0.6765,0
2026-02-28 03:15:00,12889979243,11589133286,2,up,343.733,309.044,34.373,0.2441,0
2026-02-28 03:20:00,15835865754,10096013159,8,up,422.29,269.227,42.229,0.8244,0
2026-02-28 03:25:00,14009006522,9734523653,0,up,373.574,259.587,37.357,0.0581,0
2026-02-28 03:30:00,15569444978,9597881298,4,up,415.185,255.944,41.519,0.4711,0
2026-02-28 03:35:00,13406552364,10607157783,0,up,357.508,282.858,35.751,0.0185,0
2026-02-28 03:40:00,15325912936,10198286581,6,up,408.691,271.954,40.869,0.6442,0
2026-02-28 03:45:00,17345900467,10155853498,3,up,462.557,270.823,46.256,0.3364,0
2026-02-28 03:50:00,16055098440,12200148149,1,up,428.136,325.337,42.814,0.1387,0
2026-02-28 03:55:00,14257655127,12437900515,0,up,380.204,331.677,38.02,0.0634,0
2026-02-28 04:00:00,15462958146,8471372692,5,up,412.346,225.903,41.235,0.5087,0
2026-02-28 04:05:00,14566802685,10912766841,2,up,388.448,291.007,38.845,0.2773,0
2026-02-28 04:10:00,15014184332,9521153755,1,up,400.378,253.897,40.038,0.1341,0
2026-02-28 04:15:00,14413900106,10187203596,1,up,384.371,271.659,38.437,0.176,0
2026-02-28 04:20:00,14704196629,10889690765,5,up,392.112,290.392,39.211,0.5255,0
2026-02-28 04:25:00,15381768035,10231972904,1,up,410.18,272.853,41.018,0.1242,0
2026-02-28 04:30:00,13211954340,10790379449,0,up,352.319,287.743,35.232,0.0282,0
2026-02-28 04:35:00,13171418111,11347942459,7,up,351.238,302.612,35.124,0.7267,0
2026-02-28 04:40:00,12500623403,10871166768,1,up,333.35,289.898,33.335,0.147,0
2026-02-28 04:45:00,12119512011,9684986256,1,up,323.187,258.266,32.319,0.1285,0
2026-02-28 04:50:00,12808891154,9707208495,0,up,341.57,258.859,34.157,0.0686,0
2026-02-28 04:55:00,15287032512,8685971326,6,up,407.654,231.626,40.765,0.6831,0
2026-02-28 05:00:00,13392982472,9424060425,0,up,357.146,251.308,35.715,0.0736,0
2026-02-28 05:05:00,15924506035,12972206135,3,up,424.653,345.925,42.465,0.3037,0
2026-02-28 05:10:00,15062484747,9502075496,6,up,401.666,253.389,40.167,0.638,0
2026-02-28 05:15:00,11456692415,8996342696,0,up,305.512,239.902,30.551,0.0107,0
2026-02-28 05:20:00,16178956051,10903109105,5,up,431.439,290.75,43.144,0.5295,0
2026-02-28 05:25:00,16459437562,10360940403,1,up,438.918,276.292,43.892,0.1586,0
2026-02-28 05:30:00,13211047185,10253552521,3,up,352.295,273.428,35.229,0.3219,0
2026-02-28 05:35:00,15756344777,12275397917,1,up,420.169,327.344,42.017,0.1398,0
2026-02-28 05:40:00,13458303172,11191899611,3,up,358.888,298.451,35.889,0.3567,0
2026-02-28 05:45:00,15175806678,9832208906,0,up,404.688,262.192,40.469,0.088,0
2026-02-28 05:50:00,12723902867,9965160343,0,up,339.304,265.738,33.93,0.0067,0
2026-02-28 05:55:00,11772408385,9866740992,8,up,313.931,263.113,31.393,0.8857,0
2026-02-28 06:00:00,14310929058,11602171923,0,up,381.625,309.391,38.162,0.005,0
2026-02-28 06:05:00,14777287896,10111733986,5,up,394.061,269.646,39.406,0.5214,0
2026-02-28 06:10:00,14284176551,8240626586,0,up,380.911,219.75,38.091,0.0556,0
2026-02-28 06:15:00,12868744995,10439117204,1,up,343.167,278.376,34.317,0.1494,0
2026-02-28 06:20:00,14280181688,8563347238,5,up,380.805,228.356,38.08,0.5186,0
2026-02-28 06:25:00,15484730554,13252130558,0,up,412.926,353.39,41.293,0.0692,0
2026-02-28 06:30:00,14919192545,9283258428,6,up,397.845,247.554,39.785,0.6023,0
2026-02-28 06:35:00,15328501855,10296050395,2,up,408.76,274.561,40.876,0.2066,0
2026-02-28 06:40:00,13793792639,10825335445,1,up,367.834,288.676,36.783,0.1368,0
2026-02-28 06:45:00,17109092246,10136290717,3,up,456.242,270.301,45.624,0.3258,0
2026-02-28 06:50:00,12882887994,10134561694,1,up,343.544,270.255,34.354,0.1253,0
2026-02-28 06:55:00,15877608534,11031502380,1,up,423.403,294.173,42.34,0.128,0
2026-02-28 07:00:00,17127403967,12423032108,3,up,456.731,331.281,45.673,0.3967,0
2026-02-28 07:05:00,15865634566,11467061443,1,up,423.084,305.788,42.308,0.1112,0
2026-02-28 07:10:00,14635456391,12362927487,0,up,390.279,329.678,39.028,0.0672,0
2026-02-28 07:15:00,14049065316,9181259923,4,up,374.642,244.834,37.464,0.4945,0
2026-02-28 07:20:00,16864957771,10899876917,4,up,449.732,290.663,44.973,0.491,0
2026-02-28 07:25:00,12438645134,10695610025,2,up,331.697,285.216,33.17,0.2065,0
2026-02-28 07:30:00,13253776331,10942375027,2,up,353.434,291.797,35.343,0.2244,0
2026-02-28 07:35:00,14284396022,12234052283,3,up,380.917,326.241,38.092,0.3573,0
2026-02-28 07:40:00,17227776763,10221805671,2,up,459.407,272.581,45.941,0.2136,0
2026-02-28 07:45:00,15683581744,9989065758,1,up,418.229,266.375,41.823,0.1619,0
2026-02-28 07:50:00,13257517634,11172815804,15,up,353.534,297.942,35.353,1.5832,0
2026-02-28 07:55:00,14441446130,8259464563,0,up,385.105,220.252,38.511,0.0479,0
2026-02-28 08:00:00,13894218340,10201566418,2,up,370.512,272.042,37.051,0.2695,0
2026-02-28 08:05:00,13722379813,10330910911,6,up,365.93,275.491,36.593,0.6511,0
2026-02-28 08:10:00,16762001205,9340348143,3,up,446.987,249.076,44.699,0.3487,0
2026-02-28 08:15:00,12530862367,11831894354,6,up,334.156,315.517,33.416,0.6384,0
2026-02-28 08:20:00,17895805540,9161577200,1,up,477.221,244.309,47.722,0.123,0
2026-02-28 08:25:00,16490813442,10328799959,0,up,439.755,275.435,43.976,0.0952,0
2026-02-28 08:30:00,16963551007,10869378103,5,up,452.361,289.85,45.236,0.5717,0
2026-02-28 08:35:00,14166708878,12205348967,1,up,377.779,325.476,37.778,0.1503,0
2026-02-28 08:40:00,14730106705,10486698892,3,up,392.803,279.645,39.28,0.371,0
2026-02-28 08:45:00,12420326733,11679553528,0,up,331.209,311.455,33.121,0.048,0
2026-02-28 08:50:00,14055607667,11382750200,4,up,374.816,303.54,37.482,0.423,0
2026-02-28 08:55:00,15888578725,10655556520,2,up,423.695,284.148,42.37,0.2389,0
2026-02-28 09:00:00,17332913511,9127213105,0,up,462.211,243.392,46.221,0.0938,0
2026-02-28 09:05:00,13007117729,8692428115,2,up,346.856,231.798,34.686,0.2047,0
2026-02-28 09:10:00,14342089313,10634196805,3,up,382.456,283.579,38.246,0.3582,0
2026-02-28 09:15:00,14727661403,9816201938,0,up,392.738,261.765,39.274,0.0036,0
2026-02-28 09:20:00,12487579436,11658268975,3,up,333.002,310.887,33.3,0.3044,0
2026-02-28 09:25:00,16064428635,11439779212,2,up,428.385,305.061,42.838,0.234,0
2026-02-28 09:30:00,13696817402,10267390147,0,up,365.248,273.797,36.525,0.0746,0
2026-02-28 09:35:00,14648297367,9041281715,4,up,390.621,241.101,39.062,0.4195,0
2026-02-28 09:40:00,14186491130,11143526792,1,up,378.306,297.161,37.831,0.1085,0
2026-02-28 09:45:00,13579190689,9217383697,0,up,362.112,245.797,36.211,0.0972,0
2026-02-28 09:50:00,14987319026,9544335457,1,up,399.662,254.516,39.966,0.1912,0
2026-02-28 09:55:00,14611902758,9265936169,3,up,389.651,247.092,38.965,0.3382,0
2026-02-28 10:00:00,14330655811,10325488712,7,up,382.151,275.346,38.215,0.7929,0
2026-02-28 10:05:00,13688769080,11974442340,0,up,365.034,319.318,36.503,0.0457,0
2026-02-28 10:10:00,15575144407,10493648503,1,up,415.337,279.831,41.534,0.1515,0
2026-02-28 10:15:00,17976511083,9941544447,0,up,479.374,265.108,47.937,0.0208,0
2026-02-28 10:20:00,15251797019,8577725188,4,up,406.715,228.739,40.671,0.4263,0
2026-02-28 10:25:00,16793012786,11195676976,1,up,447.814,298.551,44.781,0.1781,0
2026-02-28 10:30:00,12497600534,9516690196,3,up,333.269,253.778,33.327,0.3682,0
2026-02-28 10:35:00,15283970590,10648072200,1,up,407.573,283.949,40.757,0.1167,0
2026-02-28 10:40:00,13024737025,10053684543,5,up,347.326,268.098,34.733,0.558,0
2026-02-28 10:45:00,12341535130,11556103296,2,up,329.108,308.163,32.911,0.2296,0
2026-02-28 10:50:00,13669131466,10301882146,8,up,364.51,274.717,36.451,0.8626,0
2026-02-28 10:55:00,17145418801,10425752793,0,up,457.211,278.02,45.721,0.0246,0
2026-02-28 11:00:00,16710028491,11112041405,2,up,445.601,296.321,44.56,0.2166,0
2026-02-28 11:05:00,15437408499,13154744629,4,up,411.664,350.793,41.166,0.4363,0
2026-02-28 11:10:00,12241138992,11619443132,2,up,326.43,309.852,32.643,0.275,0
2026-02-28 11:15:00,14646694827,10388356306,0,up,390.579,277.023,39.058,0.007,0
2026-02-28 11:20:00,15543060016,10504029468,10,up,414.482,280.107,41.448,1.0763,0
2026-02-28 11:25:00,15315965213,9838677079,1,up,408.426,262.365,40.843,0.1063,0
2026-02-28 11:30:00,11681171549,9303005413,0,up,311.498,248.08,31.15,0.086,0
2026-02-28 11:35:00,13397427873,9803534008,1,up,357.265,261.428,35.726,0.1995,0
2026-02-28 11:40:00,14884660024,9527092305,2,up,396.924,254.056,39.692,0.2344,0
2026-02-28 11:45:00,15965323637,11323244163,4,up,425.742,301.953,42.574,0.4361,0
2026-02-28 11:50:00,11046969922,9150294479,1,up,294.586,244.008,29.459,0.1499,0
2026-02-28 11:55:00,14708176844,12179845307,1,up,392.218,324.796,39.222,0.1739,0
2026-02-28 12:00:00,15257487785,11447578443,2,up,406.866,305.269,40.687,0.2297,0
2026-02-28 12:05:00,16529301579,10525832179,1,up,440.781,280.689,44.078,0.1505,0
2026-02-28 12:10:00,16247143651,10500401450,7,up,433.257,280.011,43.326,0.7379,0
2026-02-28 12:15:00,16048628373,9797825549,5,up,427.963,261.275,42.796,0.5717,0
2026-02-28 12:20:00,13560107087,10840306358,1,up,361.603,289.075,36.16,0.1821,0
2026-02-28 12:25:00,11565596153,11870996503,0,up,308.416,316.56,30.842,0.0001,0
2026-02-28 12:30:00,14292505037,9614022857,6,up,381.133,256.374,38.113,0.6936,0
2026-02-28 12:35:00,16802937285,8567925967,0,up,448.078,228.478,44.808,0.0398,0
2026-02-28 12:40:00,17508218149,11386055001,0,up,466.886,303.628,46.689,0.0841,0
2026-02-28 12:45:00,16278988384,10908701127,0,up,434.106,290.899,43.411,0.0496,0
2026-02-28 12:50:00,15772813481,9088549510,0,up,420.608,242.361,42.061,0.0595,0
2026-02-28 12:55:00,15683351367,9575926872,4,up,418.223,255.358,41.822,0.4872,0
2026-02-28 13:00:00,13998986255,9417528614,2,up,373.306,251.134,37.331,0.2599,0
2026-02-28 13:05:00,14765891471,9587089341,9,up,393.757,255.656,39.376,0.9377,0
2026-02-28 13:10:00,18004325146,10092159729,0,up,480.115,269.124,48.012,0.079,0
2026-02-28 13:15:00,13303395589,10164150396,1,up,354.757,271.044,35.476,0.1994,0
2026-02-28 13:20:00,17906601823,9679999994,11,up,477.509,258.133,47.751,1.1373,0
2026-02-28 13:25:00,14420349321,9544713587,5,up,384.543,254.526,38.454,0.5254,0
2026-02-28 13:30:00,17385777796,10211731726,3,up,463.621,272.313,46.362,0.3913,0
2026-02-28 13:35:00,12467732982,10711291333,0,up,332.473,285.634,33.247,0.0628,0
2026-02-28 13:40:00,16054627562,10101466364,4,up,428.123,269.372,42.812,0.4401,0
2026-02-28 13:45:00,13673813755,11959920449,1,up,364.635,318.931,36.464,0.1281,0
2026-02-28 13:50:00,12452519054,11140190520,2,up,332.067,297.072,33.207,0.2268,0
2026-02-28 13:55:00,15393361276,8495534220,2,up,410.49,226.548,41.049,0.2818,0
2026-02-28 14:00:00,16817049219,11159896984,2,up,448.455,297.597,44.845,0.282,0
2026-02-28 14:05:00,13479105410,11262985418,3,up,359.443,300.346,35.944,0.389,0
2026-02-28 14:10:00,12301771271,9952233940,3,up,328.047,265.393,32.805,0.3251,0
2026-02-28 14:15:00,14834679424,8616051039,0,up,395.591,229.761,39.559,0.0212,0
2026-02-28 14:20:00,14842616408,10510164116,1,up,395.803,280.271,39.58,0.1834,0
2026-02-28 14:25:00,15986975329,10490287099,3,up,426.319,279.741,42.632,0.3272,0
2026-02-28 14:30:00,16709270228,9086725741,1,up,445.581,242.313,44.558,0.1053,0
2026-02-28 14:35:00,14893052673,8671463787,1,up,397.148,231.239,39.715,0.1127,0
2026-02-28 14:40:00,18339905966,10389682531,0,up,489.064,277.058,48.906,0.0399,0
2026-02-28 14:45:00,15403622540,10206322738,1,up,410.763,272.169,41.076,0.1627,0
2026-02-28 14:50:00,14376432289,9974245639,12,up,383.372,265.98,38.337,1.299,0
2026-02-28 14:55:00,12099178753,10394902474,1,up,322.645,277.197,32.264,0.1008,0
2026-02-28 15:00:00,14527212863,9110501768,2,up,387.392,242.947,38.739,0.2274,0
2026-02-28 15:05:00,14394503498,9952126027,4,up,383.853,265.39,38.385,0.4079,0
2026-02-28 15:10:00,16728548633,11171989538,0,up,446.095,297.92,44.609,0.0041,0
2026-02-28 15:15:00,15832470523,10059037698,6,up,422.199,268.241,42.22,0.6921,0
2026-02-28 15:20:00,12877135581,8393314685,1,up,343.39,223.822,34.339,0.1466,0
2026-02-28 15:25:00,15310057895,9904407730,6,up,408.268,264.118,40.827,0.61,0
2026-02-28 15:30:00,16208756109,9151600335,0,up,432.233,244.043,43.223,0.0119,0
2026-02-28 15:35:00,17750456446,10836591733,0,up,473.346,288.976,47.335,0.0472,0
2026-02-28 15:40:00,16597507141,10901735128,1,up,442.6,290.713,44.26,0.1168,0
2026-02-28 15:45:00,16369523977,8409943972,1,up,436.521,224.265,43.652,0.1271,0
2026-02-28 15:50:00,15108154790,11456356342,5,up,402.884,305.503,40.288,0.5648,0
2026-02-28 15:55:00,15698961609,9098645260,0,up,418.639,242.631,41.864,0.0034,0
2026-02-28 16:00:00,17249108821,12464569686,3,up,459.976,332.389,45.998,0.3074,0
2026-02-28 16:05:00,12601000684,10438541906,0,up,336.027,278.361,33.603,0.0422,0
2026-02-28 16:10:00,14371009211,8929544191,5,up,383.227,238.121,38.323,0.5198,0
2026-02-28 16:15:00,13609376252,9061097550,4,up,362.917,241.629,36.292,0.4523,0
2026-02-28 16:20:00,15682475613,10938600067,2,up,418.199,291.696,41.82,0.2079,0
2026-02-28 16:25:00,17214399916,10006962138,0,up,459.051,266.852,45.905,0.0717,0
2026-02-28 16:30:00,13925446283,10378216073,3,up,371.345,276.752,37.135,0.3019,0
2026-02-28 16:35:00,10697452138,12532103093,0,up,285.265,334.189,28.527,0.051,0
2026-02-28 16:40:00,14258002658,9618952479,0,up,380.213,256.505,38.021,0.0632,0
2026-02-28 16:45:00,16644252717,10575553200,2,up,443.847,282.015,44.385,0.2956,0
2026-02-28 16:50:00,15967733825,12289004054,14,up,425.806,327.707,42.581,1.4209,0
2026-02-28 16:55:00,15770735246,10840846979,6,up,420.553,289.089,42.055,0.6651,0
2026-02-28 17:00:00,14496012056,8475680553,2,up,386.56,226.018,38.656,0.2698,0
2026-02-28 17:05:00,12697744674,11136790154,2,up,338.607,296.981,33.861,0.232,0
2026-02-28 17:10:00,15927529778,9034616399,19,up,424.734,240.923,42.473,1.9285,0
2026-02-28 17:15:00,13498292741,12272577486,2,up,359.954,327.269,35.995,0.2378,0
2026-02-28 17:20:00,18931374120,9463186817,1,up,504.837,252.352,50.484,0.1635,0
2026-02-28 17:25:00,16026912975,14241581979,7,up,427.384,379.776,42.738,0.7209,0
2026-02-28 17:30:00,13954833055,12348893745,0,up,372.129,329.304,37.213,0.08,0
2026-02-28 17:35:00,13899506554,9496268162,0,up,370.654,253.234,37.065,0.0308,0
2026-02-28 17:40:00,14832700428,10525217394,3,up,395.539,280.672,39.554,0.3016,0
2026-02-28 17:45:00,14568896540,11449591794,0,up,388.504,305.322,38.85,0.0302,0
2026-02-28 17:50:00,17010300795,11487412197,1,up,453.608,306.331,45.361,0.1401,0
2026-02-28 17:55:00,15335549105,11057343687,1,up,408.948,294.862,40.895,0.1653,0
2026-02-28 18:00:00,13683062869,12077720386,2,up,364.882,322.073,36.488,0.2379,0
2026-02-28 18:05:00,18402793233,10345059127,14,up,490.741,275.868,49.074,1.436,0
2026-02-28 18:10:00,15088754996,10037935737,0,up,402.367,267.678,40.237,0.0749,0
2026-02-28 18:15:00,16383911416,10062951375,1,up,436.904,268.345,43.69,0.1414,0
2026-02-28 18:20:00,13905192286,11581550272,0,up,370.805,308.841,37.081,0.0426,0
2026-02-28 18:25:00,15653608129,10960128110,2,up,417.43,292.27,41.743,0.2807,0
2026-02-28 18:30:00,15559997984,10867017418,3,up,414.933,289.787,41.493,0.3902,0
2026-02-28 18:35:00,11598631274,11501995154,1,up,309.297,306.72,30.93,0.1974,0
2026-02-28 18:40:00,18627495198,7915673966,0,up,496.733,211.085,49.673,0.0846,0
2026-02-28 18:45:00,17323160029,10890686718,2,up,461.951,290.418,46.195,0.291,0
2026-02-28 18:50:00,14285048430,10775396799,2,up,380.935,287.344,38.093,0.2324,0
2026-02-28 18:55:00,13015914467,12602698182,0,up,347.091,336.072,34.709,0.0563,0
2026-02-28 19:00:00,15625610904,8573979142,1,up,416.683,228.639,41.668,0.1561,0
2026-02-28 19:05:00,15156055858,12462055156,1,up,404.161,332.321,40.416,0.1714,0
2026-02-28 19:10:00,15640204107,10595015502,12,up,417.072,282.534,41.707,1.2157,0
2026-02-28 19:15:00,15344839313,11116126808,5,up,409.196,296.43,40.92,0.5677,0
2026-02-28 19:20:00,15911233780,12611657672,3,up,424.3,336.311,42.43,0.3977,0
2026-02-28 19:25:00,17605150258,11206559197,6,up,469.471,298.842,46.947,0.6589,0
2026-02-28 19:30:00,16022585769,11004464044,3,up,427.269,293.452,42.727,0.399,0
2026-02-28 19:35:00,13110620101,10805286894,7,up,349.617,288.141,34.962,0.7012,0
2026-02-28 19:40:00,17452613134,9890817549,0,up,465.403,263.755,46.54,0.0168,0
2026-02-28 19:45:00,17953106214,10464103703,1,up,478.749,279.043,47.875,0.1827,0
2026-02-28 19:50:00,20673702122,9598453914,4,up,551.299,255.959,55.13,0.4122,0
2026-02-28 19:55:00,12977710740,10443845706,2,up,346.072,278.503,34.607,0.2626,0
2026-02-28 20:00:00,15437187623,7556727321,0,up,411.658,201.513,41.166,0.0578,0
2026-02-28 20:05:00,11252222334,11040589855,1,up,300.059,294.416,30.006,0.1249,0
2026-02-28 20:10:00,15995668481,10346611060,1,up,426.551,275.91,42.655,0.1147,0
2026-02-28 20:15:00,14013239463,10076383291,0,up,373.686,268.704,37.369,0.0909,0
2026-02-28 20:20:00,18462202430,10776895185,1,up,492.325,287.384,49.233,0.1261,0
2026-02-28 20:25:00,13605693053,8693709457,2,up,362.818,231.832,36.282,0.217,0
2026-02-28 20:30:00,11959470531,12930880195,5,up,318.919,344.823,31.892,0.579,0
2026-02-28 20:35:00,14151725266,10370512998,4,up,377.379,276.547,37.738,0.4065,0
2026-02-28 20:40:00,11444122011,10316236014,5,up,305.177,275.1,30.518,0.541,0
2026-02-28 20:45:00,16351979018,9283600775,6,up,436.053,247.563,43.605,0.6452,0
2026-02-28 20:50:00,11282850516,10530172441,1,up,300.876,280.805,30.088,0.1614,0
2026-02-28 20:55:00,15051223646,12247569461,1,up,401.366,326.602,40.137,0.1274,0
2026-02-28 21:00:00,11259938724,11805254423,0,up,300.265,314.807,30.027,0.0178,0
2026-02-28 21:05:00,14423463951,11576591566,7,up,384.626,308.709,38.463,0.7999,0
2026-02-28 21:10:00,17958080680,11188462679,0,up,478.882,298.359,47.888,0.0204,0
2026-02-28 21:15:00,15649166204,10048236415,4,up,417.311,267.953,41.731,0.4054,0
2026-02-28 21:20:00,13445711511,8672794409,1,up,358.552,231.275,35.855,0.1425,0
2026-02-28 21:25:00,14943833719,10246691147,8,up,398.502,273.245,39.85,0.8915,0
2026-02-28 21:30:00,15032430369,10202801954,1,up,400.865,272.075,40.086,0.1632,0
2026-02-28 21:35:00,15850734622,11821480993,5,up,422.686,315.239,42.269,0.5088,0
2026-02-28 21:40:00,12539654946,10889831957,0,up,334.391,290.396,33.439,0.0997,0
2026-02-28 21:45:00,16066621092,12531512525,1,up,428.443,334.174,42.844,0.1066,0
2026-02-28 21:50:00,10132095063,12008835560,2,up,270.189,320.236,27.019,0.2715,0
2026-02-28 21:55:00,13866207805,9924815532,18,up,369.766,264.662,36.977,1.8618,0
2026-02-28 22:00:00,14121107083,8238137212,2,up,376.563,219.684,37.656,0.2187,0
2026-02-28 22:05:00,16139988286,12245824794,8,up,430.4,326.555,43.04,0.8261,0
2026-02-28 22:10:00,15040735534,12212825381,4,up,401.086,325.675,40.109,0.4629,0
2026-02-28 22:15:00,12469986503,8778573395,4,up,332.533,234.095,33.253,0.4767,0
2026-02-28 22:20:00,13227012373,12401642424,1,up,352.72,330.71,35.272,0.1718,0
2026-02-28 22:25:00,15357624017,10981467634,1,up,409.537,292.839,40.954,0.1466,0
2026-02-28 22:30:00,14857678784,10702463727,0,up,396.205,285.399,39.62,0.0639,0
2026-02-28 22:35:00,13957576602,12534626900,9,up,372.202,334.257,37.22,0.9968,0
2026-02-28 22:40:00,14134499178,12194303318,9,up,376.92,325.181,37.692,0.9611,0
2026-02-28 22:45:00,16253102394,11320676999,4,up,433.416,301.885,43.342,0.4124,0
2026-02-28 22:50:00,14068153368,11096253502,1,up,375.151,295.9,37.515,0.1054,0
2026-02-28 22:55:00,14841435760,11276656806,0,up,395.772,300.711,39.577,0.0844,0
2026-02-28 23:00:00,18905885858,9995927633,13,up,504.157,266.558,50.416,1.3425,0
2026-02-28 23:05:00,12437371253,10430572173,0,up,331.663,278.149,33.166,0.0207,0
2026-02-28 23:10:00,11666683083,9363080385,5,up,311.112,249.682,31.111,0.5565,0
2026-02-28 23:15:00,16410461396,10080369882,1,up,437.612,268.81,43.761,0.1318,0
2026-02-28 23:20:00,13778442489,10038041312,1,up,367.425,267.681,36.743,0.1628,0
2026-02-28 23:25:00,14427172450,9699515234,5,up,384.725,258.654,38.472,0.5351,0
2026-02-28 23:30:00,13593918519,10672300593,0,up,362.504,284.595,36.25,0.0285,0
2026-02-28 23:35:00,14532359746,10091784128,1,up,387.53,269.114,38.753,0.1312,0
2026-02-28 23:40:00,17877368601,11132815747,9,up,476.73,296.875,47.673,0.9111,0
2026-02-28 23:45:00,16443831225,8455876027,3,up,438.502,225.49,43.85,0.3603,0
2026-02-28 23:50:00,16552002321,10357172959,4,up,441.387,276.191,44.139,0.4219,0
2026-02-28 23:55:00,12450791299,10665755066,4,up,332.021,284.42,33.202,0.425,0
2026-03-01 00:00:00,12927923274,10108607157,0,up,344.745,269.563,34.474,0.0187,0
2026-03-01 00:05:00,9889658412,10282785198,0,up,263.724,274.208,26.372,0.0681,0
2026-03-01 00:10:00,13543114522,8502590026,2,up,361.15,226.736,36.115,0.2027,0
2026-03-01 00:15:00,16722065735,10949161151,1,up,445.922,291.978,44.592,0.1377,0
2026-03-01 00:20:00,15930503728,11315983538,1,up,424.813,301.76,42.481,0.1588,0
2026-03-01 00:25:00,14601276126,11121856990,4,up,389.367,296.583,38.937,0.4562,0
2026-03-01 00:30:00,14959859489,11808796094,0,up,398.93,314.901,39.893,0.0044,0
2026-03-01 00:35:00,13760006023,10753927303,3,up,366.933,286.771,36.693,0.3241,0
2026-03-01 00:40:00,15368565988,11103138287,0,up,409.828,296.084,40.983,0.0,0
2026-03-01 00:45:00,16378580903,10696674330,0,up,436.762,285.245,43.676,0.0195,0
2026-03-01 00:50:00,12091403782,11366313906,1,up,322.437,303.102,32.244,0.1574,0
2026-03-01 00:55:00,15539365838,8512690658,5,up,414.383,227.005,41.438,0.5516,0
2026-03-01 01:00:00,16678382767,9374087980,0,up,444.757,249.976,44.476,0.047,0
2026-03-01 01:05:00,14252819479,12499493567,2,up,380.075,333.32,38.008,0.2426,0
2026-03-01 01:10:00,16261261101,7399850864,3,up,433.634,197.329,43.363,0.3404,0
2026-03-01 01:15:00,20066378000,10323375808,0,up,535.103,275.29,53.51,0.0782,0
2026-03-01 01:20:00,14812182972,11977066449,2,up,394.992,319.388,39.499,0.2154,0
2026-03-01 01:25:00,15707952690,10382491561,7,up,418.879,276.866,41.888,0.7271,0
2026-03-01 01:30:00,13671497249,9989686049,2,up,364.573,266.392,36.457,0.2154,0
2026-03-01 01:35:00,15326252092,10663071312,0,up,408.7,284.349,40.87,0.0514,0
2026-03-01 01:40:00,15828488924,10055068573,2,up,422.093,268.135,42.209,0.2965,0
2026-03-01 01:45:00,15350716212,10538870360,2,up,409.352,281.037,40.935,0.2691,0
2026-03-01 01:50:00,13164548424,9638939893,0,up,351.055,257.038,35.105,0.0082,0
2026-03-01 01:55:00,15371451188,11896929769,0,up,409.905,317.251,40.991,0.0285,0
2026-03-01 02:00:00,17631952689,12293313800,0,up,470.185,327.822,47.019,0.0512,0
2026-03-01 02:05:00,15807544376,10331928194,0,up,421.535,275.518,42.153,0.044,0
2026-03-01 02:10:00,16731576940,8753023329,0,up,446.175,233.414,44.618,0.0901,0
2026-03-01 02:15:00,14573378453,9839957605,1,up,388.623,262.399,38.862,0.1816,0
2026-03-01 02:20:00,16349820430,10268174288,1,up,435.995,273.818,43.6,0.1394,0
2026-03-01 02:25:00,15502682108,11136978984,6,up,413.405,296.986,41.34,0.664,0
2026-03-01 02:30:00,13288360686,9229903338,2,up,354.356,246.131,35.436,0.2841,0
2026-03-01 02:35:00,15573337808,9530855478,6,up,415.289,254.156,41.529,0.6266,0
2026-03-01 02:40:00,13214946005,11143451933,2,up,352.399,297.159,35.24,0.2246,0
2026-03-01 02:45:00,13860815505,11683025128,0,up,369.622,311.547,36.962,0.0283,0
2026-03-01 02:50:00,15340790953,9716791503,1,up,409.088,259.114,40.909,0.1867,0
2026-03-01 02:55:00,15535039692,8820146512,5,up,414.268,235.204,41.427,0.5178,0
2026-03-01 03:00:00,12859381562,14637988933,0,up,342.917,390.346,34.292,0.0647,0
2026-03-01 03:05:00,16897174388,11486963338,0,up,450.591,306.319,45.059,0.0287,0
2026-03-01 03:10:00,16029611300,10163575260,1,up,427.456,271.029,42.746,0.1199,0
2026-03-01 03:15:00,13731488815,11594979407,1,up,366.173,309.199,36.617,0.1477,0
2026-03-01 03:20:00,12232347366,10343184646,1,up,326.196,275.818,32.62,0.1097,0
2026-03-01 03:25:00,14739171757,11592617680,0,up,393.045,309.136,39.304,0.0436,0
2026-03-01 03:30:00,14197301315,10700835429,0,up,378.595,285.356,37.859,0.0866,0
2026-03-01 03:35:00,15203652822,10615002591,3,up,405.431,283.067,40.543,0.344,0
2026-03-01 03:40:00,14346390009,10356886846,1,up,382.57,276.184,38.257,0.1463,0
2026-03-01 03:45:00,11386577650,8676299519,3,up,303.642,231.368,30.364,0.3003,0
2026-03-01 03:50:00,14300975511,12941999573,2,up,381.359,345.12,38.136,0.2306,0
2026-03-01 03:55:00,14449885600,9313667260,2,up,385.33,248.364,38.533,0.2389,0
2026-03-01 04:00:00,16140589844,8786370293,0,up,430.416,234.303,43.042,0.0857,0
2026-03-01 04:05:00,13743240585,10231796547,2,up,366.486,272.848,36.649,0.2212,0
2026-03-01 04:10:00,18021614412,9288545514,0,up,480.576,247.695,48.058,0.0072,0
2026-03-01 04:15:00,11559047008,10434841883,1,up,308.241,278.262,30.824,0.1696,0
2026-03-01 04:20:00,17360101496,11366582449,2,up,462.936,303.109,46.294,0.255,0
2026-03-01 04:25:00,14596225852,11754081654,0,up,389.233,313.442,38.923,0.0603,0
2026-03-01 04:30:00,16547252770,11526560709,0,up,441.26,307.375,44.126,0.0889,0
2026-03-01 04:35:00,15143642671,10114903610,0,up,403.83,269.731,40.383,0.0744,0
2026-03-01 04:40:00,17051199964,10562485702,0,up,454.699,281.666,45.47,0.022,0
2026-03-01 04:45:00,14302748463,11013927604,1,up,381.407,293.705,38.141,0.1282,0
2026-03-01 04:50:00,13022483234,8285187845,11,up,347.266,220.938,34.727,1.1585,0
2026-03-01 04:55:00,17556907717,11218936722,1,up,468.184,299.172,46.818,0.131,0
2026-03-01 05:00:00,14795734837,8663802897,1,up,394.553,231.035,39.455,0.1852,0
2026-03-01 05:05:00,15398805252,13070836714,3,up,410.635,348.556,41.063,0.3176,0
2026-03-01 05:10:00,17222553445,9990310993,3,up,459.268,266.408,45.927,0.3137,0
2026-03-01 05:15:00,13142480564,10267057276,8,up,350.466,273.788,35.047,0.8981,0
2026-03-01 05:20:00,16071883615,9530169054,5,up,428.584,254.138,42.858,0.5847,0
2026-03-01 05:25:00,13938189438,9706237759,4,up,371.685,258.833,37.169,0.4739,0
2026-03-01 05:30:00,14762095159,13365357897,9,up,393.656,356.41,39.366,0.9086,0
2026-03-01 05:35:00,15130102137,11684865807,0,up,403.469,311.596,40.347,0.0787,0
2026-03-01 05:40:00,12299600649,8548004919,2,up,327.989,227.947,32.799,0.288,0
2026-03-01 05:45:00,13598093322,12395308254,6,up,362.616,330.542,36.262,0.6546,0
2026-03-01 05:50:00,17431931206,12003485266,2,up,464.851,320.093,46.485,0.2936,0
2026-03-01 05:55:00,16595144139,10145672297,11,up,442.537,270.551,44.254,1.1372,0
2026-03-01 06:00:00,14887248760,10886438146,0,up,396.993,290.305,39.699,0.0317,0
2026-03-01 06:05:00,15437622225,10481170459,1,up,411.67,279.498,41.167,0.1736,0
2026-03-01 06:10:00,14470363489,12985450679,11,up,385.876,346.279,38.588,1.1364,0
2026-03-01 06:15:00,17441850094,9496674361,1,up,465.116,253.245,46.512,0.1432,0
2026-03-01 06:20:00,14639365359,10683973368,4,up,390.383,284.906,39.038,0.4036,0
2026-03-01 06:25:00,15417315765,9960536882,0,up,411.128,265.614,41.113,0.0093,0
2026-03-01 06:30:00,17062854259,8694369090,3,up,455.009,231.85,45.501,0.3561,0
2026-03-01 06:35:00,13600731327,13261464201,8,up,362.686,353.639,36.269,0.8183,0
2026-03-01 06:40:00,17805820532,9011226110,1,up,474.822,240.299,47.482,0.1447,0
2026-03-01 06:45:00,12245169462,10777362776,0,up,326.538,287.396,32.654,0.0065,0
2026-03-01 06:50:00,17933355836,8306717235,0,up,478.223,221.512,47.822,0.0085,0
2026-03-01 06:55:00,14329183948,9997171120,6,up,382.112,266.591,38.211,0.6678,0
2026-03-01 07:00:00,14563142253,11031680715,3,up,388.35,294.178,38.835,0.3846,0
2026-03-01 07:05:00,11597981691,9460835185,0,up,309.28,252.289,30.928,0.0338,0
2026-03-01 07:10:00,14181369508,11239370331,0,up,378.17,299.717,37.817,0.0168,0
2026-03-01 07:15:00,13128348244,10161008224,4,up,350.089,270.96,35.009,0.4902,0
2026-03-01 07:20:00,13906236578,11961703965,4,up,370.833,318.979,37.083,0.498,0
2026-03-01 07:25:00,14752840261,12215818750,0,up,393.409,325.755,39.341,0.0385,0
2026-03-01 07:30:00,16724024906,9760701601,1,up,445.974,260.285,44.597,0.1077,0
2026-03-01 07:35:00,15373686032,10596683402,4,up,409.965,282.578,40.996,0.4543,0
2026-03-01 07:40:00,15553817976,10731152325,2,up,414.768,286.164,41.477,0.2236,0
2026-03-01 07:45:00,13028065100,11280380112,9,up,347.415,300.81,34.742,0.9411,0
2026-03-01 07:50:00,13414642638,10518121315,1,up,357.724,280.483,35.772,0.1968,0
2026-03-01 07:55:00,18237705033,10739665808,3,up,486.339,286.391,48.634,0.339,0
2026-03-01 08:00:00,13676638137,10193307841,2,up,364.71,271.822,36.471,0.2139,0
2026-03-01 08:05:00,17981174853,10645202232,8,up,479.498,283.872,47.95,0.8592,0
2026-03-01 08:10:00,14562489842,12135404643,1,up,388.333,323.611,38.833,0.1526,0
2026-03-01 08:15:00,15004118285,11314064883,0,up,400.11,301.708,40.011,0.0783,0
2026-03-01 08:20:00,16926657288,11383582105,1,up,451.378,303.562,45.138,0.1186,0
2026-03-01 08:25:00,17289406359,11411068608,5,up,461.051,304.295,46.105,0.5747,0
2026-03-01 08:30:00,14800537391,10306200939,2,up,394.681,274.832,39.468,0.2067,0
2026-03-01 08:35:00,14301162503,10901722074,1,up,381.364,290.713,38.136,0.1312,0
2026-03-01 08:40:00,14899343192,9132681165,2,up,397.316,243.538,39.732,0.2357,0
2026-03-01 08:45:00,15608323550,12098697646,0,up,416.222,322.632,41.622,0.0429,0
2026-03-01 08:50:00,16604346636,6993469855,0,up,442.783,186.493,44.278,0.0016,0
2026-03-01 08:55:00,15007613746,10390193025,0,up,400.203,277.072,40.02,0.0988,0
2026-03-01 09:00:00,16113995336,11937528931,2,up,429.707,318.334,42.971,0.2787,0
2026-03-01 09:05:00,17949047518,8781526403,3,up,478.641,234.174,47.864,0.3731,0
2026-03-01 09:10:00,15686357302,11003722696,5,up,418.303,293.433,41.83,0.5257,0
2026-03-01 09:15:00,15560975140,9642234277,7,up,414.959,257.126,41.496,0.7838,0
2026-03-01 09:20:00,12265960514,10035307885,1,up,327.092,267.608,32.709,0.1594,0
2026-03-01 09:25:00,10264685753,11691885610,4,up,273.725,311.784,27.372,0.4047,0
2026-03-01 09:30:00,15699076312,10749551726,0,up,418.642,286.655,41.864,0.0233,0
2026-03-01 09:35:00,14829316383,7936711606,0,up,395.448,211.646,39.545,0.0178,0
2026-03-01 09:40:00,14073391185,9269703819,0,up,375.29,247.192,37.529,0.04,0
2026-03-01 09:45:00,15438354367,11728923025,1,up,411.689,312.771,41.169,0.1786,0
2026-03-01 09:50:00,14891273287,11065667824,0,up,397.101,295.084,39.71,0.0712,0
2026-03-01 09:55:00,17030004451,12702650821,1,up,454.133,338.737,45.413,0.1015,0
2026-03-01 10:00:00,15154999562,12620135968,3,up,404.133,336.537,40.413,0.3131,0
2026-03-01 10:05:00,13655538086,10068771136,1,up,364.148,268.501,36.415,0.1332,0
2026-03-01 10:10:00,16782299230,13654079634,2,up,447.528,364.109,44.753,0.2445,0
2026-03-01 10:15:00,14609164065,10530844384,1,up,389.578,280.823,38.958,0.1595,0
2026-03-01 10:20:00,15947766030,9287037646,0,up,425.274,247.654,42.527,0.0555,0
2026-03-01 10:25:00,14140660728,9701613768,0,up,377.084,258.71,37.708,0.0231,0
2026-03-01 10:30:00,13830311606,7656526367,0,up,368.808,204.174,36.881,0.0808,0
2026-03-01 10:35:00,15151502814,12524843950,0,up,404.04,333.996,40.404,0.0178,0
2026-03-01 10:40:00,15023091558,12509400106,2,up,400.616,333.584,40.062,0.2892,0
2026-03-01 10:45:00,15863688663,9220460627,4,up,423.032,245.879,42.303,0.4765,0
2026-03-01 10:50:00,14516437644,10212865796,1,up,387.105,272.343,38.711,0.1245,0
2026-03-01 10:55:00,11694552389,10620465505,1,up,311.855,283.212,31.185,0.1469,0
2026-03-01 11:00:00,14221007009,9289955154,5,up,379.227,247.732,37.923,0.5082,0
2026-03-01 11:05:00,16428873240,8288571440,0,up,438.103,221.029,43.81,0.0755,0
2026-03-01 11:10:00,14464723057,10234949419,0,up,385.726,272.932,38.573,0.0381,0
2026-03-01 11:15:00,14556509875,10095439918,2,up,388.174,269.212,38.817,0.2086,0
2026-03-01 11:20:00,16775477710,10010601836,3,up,447.346,266.949,44.735,0.3117,0
2026-03-01 11:25:00,13718448190,10780622238,2,up,365.825,287.483,36.583,0.2746,0
2026-03-01 11:30:00,12222954207,12301194769,3,up,325.945,328.032,32.595,0.3754,0
2026-03-01 11:35:00,14710863984,10118103173,0,up,392.29,269.816,39.229,0.0175,0
2026-03-01 11:40:00,14128486887,10714758178,1,up,376.76,285.727,37.676,0.1677,0
2026-03-01 11:45:00,13260756624,11415856859,0,up,353.62,304.423,35.362,0.0818,0
2026-03-01 11:50:00,14684318779,11198220087,4,up,391.582,298.619,39.158,0.427,0
2026-03-01 11:55:00,15884710165,9725826359,6,up,423.592,259.355,42.359,0.6184,0
2026-03-01 12:00:00,14983280589,10621435175,0,up,399.554,283.238,39.955,0.0991,0
2026-03-01 12:05:00,15552565930,11189900173,0,up,414.735,298.397,41.474,0.03,0
2026-03-01 12:10:00,18264133857,9078277314,0,up,487.044,242.087,48.704,0.0877,0
2026-03-01 12:15:00,14382818049,12092059153,0,up,383.542,322.455,38.354,0.0329,0
2026-03-01 12:20:00,15501027542,12303802020,1,up,413.361,328.101,41.336,0.1168,0
2026-03-01 12:25:00,14083415947,9589296878,2,up,375.558,255.715,37.556,0.2318,0
2026-03-01 12:30:00,13476552504,10744024223,10,up,359.375,286.507,35.937,1.0912,0
2026-03-01 12:35:00,13947166223,11309270603,1,up,371.924,301.581,37.192,0.1529,0
2026-03-01 12:40:00,14138234571,9812526163,0,up,377.02,261.667,37.702,0.0746,0
2026-03-01 12:45:00,15647056435,11106833445,0,up,417.255,296.182,41.725,0.0547,0
2026-03-01 12:50:00,19228336416,10705702089,0,up,512.756,285.485,51.276,0.057,0
2026-03-01 12:55:00,13711121814,8650423096,0,up,365.63,230.678,36.563,0.0642,0
2026-03-01 13:00:00,14250074449,11078543258,4,up,380.002,295.428,38.0,0.431,0
2026-03-01 13:05:00,14886378576,9113820555,0,up,396.97,243.035,39.697,0.0189,0
2026-03-01 13:10:00,15712437927,11683395593,17,up,418.998,311.557,41.9,1.786,0
2026-03-01 13:15:00,15474391461,9654274045,2,up,412.65,257.447,41.265,0.2219,0
2026-03-01 13:20:00,17311372429,10296780353,2,up,461.637,274.581,46.164,0.2358,0
2026-03-01 13:25:00,10632494273,12229071430,1,up,283.533,326.109,28.353,0.1327,0
2026-03-01 13:30:00,10703526233,11125440874,3,up,285.427,296.678,28.543,0.3516,0
2026-03-01 13:35:00,14107419290,9139862861,1,up,376.198,243.73,37.62,0.1913,0
2026-03-01 13:40:00,16975140337,9221205120,1,up,452.67,245.899,45.267,0.1197,0
2026-03-01 13:45:00,12181833543,9744878486,0,up,324.849,259.863,32.485,0.0924,0
2026-03-01 13:50:00,9586261788,10997251545,7,up,255.634,293.26,25.563,0.7797,0
2026-03-01 13:55:00,16028122931,10951457766,1,up,427.417,292.039,42.742,0.1032,0
2026-03-01 14:00:00,15438583002,9437691096,1,up,411.696,251.672,41.17,0.172,0
2026-03-01 14:05:00,13037624867,9029316048,1,up,347.67,240.782,34.767,0.1294,0
2026-03-01 14:10:00,13226028718,10854795090,0,up,352.694,289.461,35.269,0.027,0
2026-03-01 14:15:00,13254461304,10270856317,0,up,353.452,273.89,35.345,0.0617,0
2026-03-01 14:20:00,15198963571,13218092018,0,up,405.306,352.482,40.531,0.063,0
2026-03-01 14:25:00,13872632502,10546120607,3,up,369.937,281.23,36.994,0.3549,0
2026-03-01 14:30:00,15889315054,12785958562,1,up,423.715,340.959,42.372,0.1566,0
2026-03-01 14:35:00,9861672006,9025316666,4,up,262.978,240.675,26.298,0.4569,0
2026-03-01 14:40:00,13457666642,8517751696,3,up,358.871,227.14,35.887,0.3703,0
2026-03-01 14:45:00,12973102870,9088692733,0,up,345.949,242.365,34.595,0.064,0
2026-03-01 14:50:00,14538586778,11998303524,2,up,387.696,319.955,38.77,0.2483,0
2026-03-01 14:55:00,14031514034,12712688003,4,up,374.174,339.005,37.417,0.4075,0
2026-03-01 15:00:00,16436118803,9514453888,3,up,438.297,253.719,43.83,0.3008,0
2026-03-01 15:05:00,11653193811,9919686802,2,up,310.752,264.525,31.075,0.2749,0
2026-03-01 15:10:00,15081884657,9027084053,4,up,402.184,240.722,40.218,0.4037,0
2026-03-01 15:15:00,16005005561,8217333792,0,up,426.8,219.129,42.68,0.0175,0
2026-03-01 15:20:00,18341965385,11405198739,3,up,489.119,304.139,48.912,0.3944,0
2026-03-01 15:25:00,14132821252,10781005581,0,up,376.875,287.493,37.688,0.0955,0
2026-03-01 15:30:00,15584025487,10513214858,2,up,415.574,280.352,41.557,0.2545,0
2026-03-01 15:35:00,11753046973,8735928763,0,up,313.415,232.958,31.341,0.0832,0
2026-03-01 15:40:00,10694478832,12566345419,5,up,285.186,335.103,28.519,0.5476,0
2026-03-01 15:45:00,16520593876,9865770510,1,up,440.549,263.087,44.055,0.1965,0
2026-03-01 15:50:00,14989991471,11172369295,3,up,399.733,297.93,39.973,0.309,0
2026-03-01 15:55:00,17121322841,8667252629,4,up,456.569,231.127,45.657,0.4741,0
2026-03-01 16:00:00,12527874799,10259938261,6,up,334.077,273.598,33.408,0.677,0
2026-03-01 16:05:00,15935823851,10867131814,3,up,424.955,289.79,42.496,0.3951,0
2026-03-01 16:10:00,18363872112,10912114774,0,up,489.703,290.99,48.97,0.0483,0
2026-03-01 16:15:00,15755470095,10694857164,5,up,420.146,285.196,42.015,0.5783,0
2026-03-01 16:20:00,15497846710,11123098339,2,up,413.276,296.616,41.328,0.2892,0
2026-03-01 16:25:00,15015400945,9075544225,2,up,400.411,242.015,40.041,0.2821,0
2026-03-01 16:30:00,12172413377,10748689482,7,up,324.598,286.632,32.46,0.7628,0
2026-03-01 16:35:00,17440031284,10643334681,0,up,465.068,283.822,46.507,0.0858,0
2026-03-01 16:40:00,13900456248,10791907582,0,up,370.679,287.784,37.068,0.0822,0
2026-03-01 16:45:00,15908069861,10591154973,2,up,424.215,282.431,42.422,0.216,0
2026-03-01 16:50:00,12186538248,8895751904,4,up,324.974,237.22,32.497,0.4169,0
2026-03-01 16:55:00,12876972603,8839572312,1,up,343.386,235.722,34.339,0.1778,0
2026-03-01 17:00:00,17583157318,7710022085,3,up,468.884,205.601,46.888,0.3014,0
2026-03-01 17:05:00,14374855879,11530093482,1,up,383.329,307.469,38.333,0.1807,0
2026-03-01 17:10:00,17615895856,11542848462,2,up,469.757,307.809,46.976,0.2828,0
2026-03-01 17:15:00,14859184813,11562873366,5,up,396.245,308.343,39.624,0.5182,0
2026-03-01 17:20:00,11684584008,10886555352,0,up,311.589,290.308,31.159,0.0597,0
2026-03-01 17:25:00,16605721679,7812269785,3,up,442.819,208.327,44.282,0.3566,0
2026-03-01 17:30:00,13938193828,9206344780,4,up,371.685,245.503,37.169,0.4645,0
2026-03-01 17:35:00,16257639864,10714723426,1,up,433.537,285.726,43.354,0.1778,0
2026-03-01 17:40:00,15045379561,10670752683,1,up,401.21,284.553,40.121,0.1171,0
2026-03-01 17:45:00,12222387189,10219337251,0,up,325.93,272.516,32.593,0.0041,0
2026-03-01 17:50:00,15295730577,10964835675,4,up,407.886,292.396,40.789,0.4785,0
2026-03-01 17:55:00,18953201655,10514681151,1,up,505.419,280.391,50.542,0.1192,0
2026-03-01 18:00:00,15887375625,10652170786,1,up,423.663,284.058,42.366,0.1326,0
2026-03-01 18:05:00,14896468044,9694777680,1,up,397.239,258.527,39.724,0.1228,0
2026-03-01 18:10:00,16935618123,11737333842,2,up,451.616,312.996,45.162,0.2072,0
2026-03-01 18:15:00,15379203237,9957227773,3,up,410.112,265.526,41.011,0.3637,0
2026-03-01 18:20:00,15377161614,8823382155,4,up,410.058,235.29,41.006,0.4433,0
2026-03-01 18:25:00,13035074690,9528541243,1,up,347.602,254.094,34.76,0.1496,0
2026-03-01 18:30:00,15420926446,10060932598,3,up,411.225,268.292,41.122,0.3264,0
2026-03-01 18:35:00,16863798149,11752443513,3,up,449.701,313.398,44.97,0.3826,0
2026-03-01 18:40:00,13495088126,10446742321,1,up,359.869,278.58,35.987,0.1057,0
2026-03-01 18:45:00,17564092478,10265453244,0,up,468.376,273.745,46.838,0.0305,0
2026-03-01 18:50:00,14834929156,8926684084,6,up,395.598,238.045,39.56,0.6752,0
2026-03-01 18:55:00,13402014879,11489708063,3,up,357.387,306.392,35.739,0.3391,0
2026-03-01 19:00:00,16795737738,9678540285,3,up,447.886,258.094,44.789,0.3133,0
2026-03-01 19:05:00,14483770375,10373964897,0,up,386.234,276.639,38.623,0.0182,0
2026-03-01 19:10:00,16367126797,12365030676,5,up,436.457,329.734,43.646,0.5109,0
2026-03-01 19:15:00,14474834461,11141041797,2,up,385.996,297.094,38.6,0.2505,0
2026-03-01 19:20:00,14892312941,8448399899,5,up,397.128,225.291,39.713,0.5649,0
2026-03-01 19:25:00,15888408367,8270417102,11,up,423.691,220.544,42.369,1.1014,0
2026-03-01 19:30:00,15523614703,10418968832,9,up,413.963,277.839,41.396,0.9447,0
2026-03-01 19:35:00,11408042795,8971946825,5,up,304.214,239.252,30.421,0.5816,0
2026-03-01 19:40:00,12981761267,11317168902,0,up,346.18,301.791,34.618,0.0033,0
2026-03-01 19:45:00,16672937972,10553251461,6,up,444.612,281.42,44.461,0.6508,0
2026-03-01 19:50:00,14762154139,10708384808,0,up,393.657,285.557,39.366,0.0234,0
2026-03-01 19:55:00,14057283655,9609503591,5,up,374.861,256.253,37.486,0.5715,0
2026-03-01 20:00:00,12554566772,12694143405,0,up,334.788,338.51,33.479,0.0986,0
2026-03-01 20:05:00,13056474621,14081668097,2,up,348.173,375.511,34.817,0.2825,0
2026-03-01 20:10:00,11360762448,10148983248,0,up,302.954,270.64,30.295,0.0116,0
2026-03-01 20:15:00,14817694706,10944829453,4,up,395.139,291.862,39.514,0.4424,0
2026-03-01 20:20:00,13922812354,10622745852,0,up,371.275,283.273,37.127,0.0355,0
2026-03-01 20:25:00,13260141796,10172794552,1,up,353.604,271.275,35.36,0.1586,0
2026-03-01 20:30:00,14877377834,9451591210,5,up,396.73,252.042,39.673,0.5102,0
2026-03-01 20:35:00,15655147135,9132940335,3,up,417.471,243.545,41.747,0.3566,0
2026-03-01 20:40:00,18767756277,9069147445,0,up,500.474,241.844,50.047,0.0018,0
2026-03-01 20:45:00,12278609844,11010602432,1,up,327.43,293.616,32.743,0.1548,0
2026-03-01 20:50:00,17086885877,9845210157,0,up,455.65,262.539,45.565,0.0128,0
2026-03-01 20:55:00,16751582809,7251351008,3,up,446.709,193.369,44.671,0.3358,0
2026-03-01 21:00:00,13597633069,11060521357,10,up,362.604,294.947,36.26,1.0416,0
2026-03-01 21:05:00,15365824718,10451790784,3,up,409.755,278.714,40.976,0.3195,0
2026-03-01 21:10:00,14176260151,12196807981,0,up,378.034,325.248,37.803,0.0762,0
2026-03-01 21:15:00,15334239444,10970134220,1,up,408.913,292.537,40.891,0.1317,0
2026-03-01 21:20:00,17716435824,8636871268,11,up,472.438,230.317,47.244,1.1272,0
2026-03-01 21:25:00,16090091218,7690607432,0,up,429.069,205.083,42.907,0.0761,0
2026-03-01 21:30:00,15915495071,9593464795,2,up,424.413,255.826,42.441,0.2473,0
2026-03-01 21:35:00,14225443224,9712364649,1,up,379.345,258.996,37.935,0.1535,0
2026-03-01 21:40:00,12328698003,11688380593,4,up,328.765,311.69,32.877,0.4387,0
2026-03-01 21:45:00,14624757221,10488822625,6,up,389.994,279.702,38.999,0.6061,0
2026-03-01 21:50:00,17171894678,11928447507,1,up,457.917,318.092,45.792,0.125,0
2026-03-01 21:55:00,12251097858,8830710349,3,up,326.696,235.486,32.67,0.324,0
2026-03-01 22:00:00,13100839137,11716233124,2,up,349.356,312.433,34.936,0.2389,0
2026-03-01 22:05:00,15227281925,11408446333,0,up,406.061,304.225,40.606,0.0979,0
2026-03-01 22:10:00,13227621387,7957025019,0,up,352.737,212.187,35.274,0.0952,0
2026-03-01 22:15:00,13573457795,12166498479,2,up,361.959,324.44,36.196,0.2321,0
2026-03-01 22:20:00,14237522552,10617757699,0,up,379.667,283.14,37.967,0.0502,0
2026-03-01 22:25:00,12541888672,10993976074,4,up,334.45,293.173,33.445,0.4995,0
2026-03-01 22:30:00,13246580676,9410230898,0,up,353.242,250.939,35.324,0.0215,0
2026-03-01 22:35:00,16266170250,12106811236,0,up,433.765,322.848,43.376,0.0298,0
2026-03-01 22:40:00,12646734391,9005826065,1,up,337.246,240.155,33.725,0.1257,0
2026-03-01 22:45:00,12123830157,11548435943,0,up,323.302,307.958,32.33,0.0377,0
2026-03-01 22:50:00,13865955036,11533965419,1,up,369.759,307.572,36.976,0.1937,0
2026-03-01 22:55:00,16317519904,9272549040,1,up,435.134,247.268,43.513,0.1531,0
2026-03-01 23:00:00,14645540745,12999050735,3,up,390.548,346.641,39.055,0.3838,0
2026-03-01 23:05:00,14163754059,10791725885,9,up,377.7,287.779,37.77,0.9173,0
2026-03-01 23:10:00,15079845835,11323904688,4,up,402.129,301.971,40.213,0.4202,0
2026-03-01 23:15:00,11857726620,8575827797,0,up,316.206,228.689,31.621,0.0593,0
2026-03-01 23:20:00,15890470176,13168339803,8,up,423.746,351.156,42.375,0.8224,0
2026-03-01 23:25:00,15690183056,8957058255,1,up,418.405,238.855,41.84,0.1493,0
2026-03-01 23:30:00,14263244746,11791356905,1,up,380.353,314.436,38.035,0.1928,0
2026-03-01 23:35:00,16810664121,9246587635,1,up,448.284,246.576,44.828,0.1642,0
2026-03-01 23:40:00,12970507021,9720074108,0,up,345.88,259.202,34.588,0.0988,0
2026-03-01 23:45:00,17030236187,11493830095,6,up,454.14,306.502,45.414,0.6763,0
2026-03-01 23:50:00,15278088598,11794716419,1,up,407.416,314.526,40.742,0.1211,0
2026-03-01 23:55:00,14394205338,8898181846,2,up,383.845,237.285,38.385,0.2592,0
2026-03-02 00:00:00,14964227456,11873994933,0,up,399.046,316.64,39.905,0.0823,0
2026-03-02 00:05:00,14806923421,11816675423,4,up,394.851,315.111,39.485,0.4789,0
2026-03-02 00:10:00,17196509213,9318178704,4,up,458.574,248.485,45.857,0.4464,0
2026-03-02 00:15:00,13061977570,12514295967,1,up,348.319,333.715,34.832,0.1054,0
2026-03-02 00:20:00,13627465369,8664359388,3,up,363.399,231.05,36.34,0.3433,0
2026-03-02 00:25:00,16865345205,9712786545,3,up,449.743,259.008,44.974,0.3651,0
2026-03-02 00:30:00,13928037116,11103543306,2,up,371.414,296.094,37.141,0.248,0
2026-03-02 00:35:00,16620959539,9424506481,2,up,443.226,251.32,44.323,0.2753,0
2026-03-02 00:40:00,18058984769,10832412047,2,up,481.573,288.864,48.157,0.2563,0
2026-03-02 00:45:00,14276768951,10803755859,0,up,380.714,288.1,38.071,0.0256,0
2026-03-02 00:50:00,16226452187,10264286419,3,up,432.705,273.714,43.271,0.3328,0
2026-03-02 00:55:00,12923353893,11548824678,1,up,344.623,307.969,34.462,0.1903,0
2026-03-02 01:00:00,16358519936,10212265401,1,up,436.227,272.327,43.623,0.1731,0
2026-03-02 01:05:00,15358963174,10791741746,5,up,409.572,287.78,40.957,0.5898,0
2026-03-02 01:10:00,15851468907,11944554565,0,up,422.706,318.521,42.271,0.0071,0
2026-03-02 01:15:00,13837970270,11496264624,0,up,369.013,306.567,36.901,0.0868,0
2026-03-02 01:20:00,12010049851,11490381786,0,up,320.268,306.41,32.027,0.0388,0
2026-03-02 01:25:00,15905853716,9052033701,0,up,424.156,241.388,42.416,0.0108,0
2026-03-02 01:30:00,11285874325,11161238645,0,up,300.957,297.633,30.096,0.0968,0
2026-03-02 01:35:00,14428769113,9393091523,13,up,384.767,250.482,38.477,1.339,0
2026-03-02 01:40:00,16694127359,8885417125,0,up,445.177,236.944,44.518,0.0945,0
2026-03-02 01:45:00,15345415924,10409650003,3,up,409.211,277.591,40.921,0.3269,0
2026-03-02 01:50:00,18507016760,9360588064,0,up,493.52,249.616,49.352,0.0378,0
2026-03-02 01:55:00,16845196474,11496178325,2,up,449.205,306.565,44.921,0.2763,0
2026-03-02 02:00:00,13822982901,11526314679,12,up,368.613,307.368,36.861,1.2497,0
2026-03-02 02:05:00,15049164083,8102690942,1,up,401.311,216.072,40.131,0.1035,0
2026-03-02 02:10:00,14914732735,9456338800,5,up,397.726,252.169,39.773,0.5653,0
2026-03-02 02:15:00,12152081825,8660668793,18,up,324.056,230.951,32.406,1.8061,0
2026-03-02 02:20:00,13307281950,9917087111,2,up,354.861,264.456,35.486,0.2664,0
2026-03-02 02:25:00,13990630367,11073521344,1,up,373.083,295.294,37.308,0.1111,0
2026-03-02 02:30:00,11334803094,10194716996,3,up,302.261,271.859,30.226,0.3358,0
2026-03-02 02:35:00,15085488242,9756903356,5,up,402.28,260.184,40.228,0.559,0
2026-03-02 02:40:00,14551670679,12138222423,0,up,388.045,323.686,38.804,0.0564,0
2026-03-02 02:45:00,11988790977,7595879962,1,up,319.701,202.557,31.97,0.1807,0
2026-03-02 02:50:00,15727583157,12058458585,1,up,419.402,321.559,41.94,0.1153,0
2026-03-02 02:55:00,16288570940,9814196750,0,up,434.362,261.712,43.436,0.1,0
2026-03-02 03:00:00,15408662061,10401582647,5,up,410.898,277.376,41.09,0.5916,0
2026-03-02 03:05:00,14416677284,9835522194,1,up,384.445,262.281,38.444,0.1643,0
2026-03-02 03:10:00,16064595873,12444039012,1,up,428.389,331.841,42.839,0.1242,0
2026-03-02 03:15:00,16224396648,8948967094,2,up,432.651,238.639,43.265,0.2775,0
2026-03-02 03:20:00,15553326425,10514787825,0,up,414.755,280.394,41.476,0.0743,0
2026-03-02 03:25:00,13515697949,11164572701,0,up,360.419,297.722,36.042,0.0784,0
2026-03-02 03:30:00,15497881377,8470136512,2,up,413.277,225.87,41.328,0.2204,0
2026-03-02 03:35:00,17151865171,9340928305,1,up,457.383,249.091,45.738,0.1579,0
2026-03-02 03:40:00,13926067694,10313295047,1,up,371.362,275.021,37.136,0.1049,0
2026-03-02 03:45:00,18776290810,9382802056,0,up,500.701,250.208,50.07,0.0166,0
2026-03-02 03:50:00,14053864318,9472354368,2,up,374.77,252.596,37.477,0.2207,0
2026-03-02 03:55:00,15058332624,10059173044,5,up,401.556,268.245,40.156,0.5088,0
2026-03-02 04:00:00,13789525927,11318472477,5,up,367.721,301.826,36.772,0.5719,0
2026-03-02 04:05:00,15401887504,10068175601,0,up,410.717,268.485,41.072,0.0805,0
2026-03-02 04:10:00,11864000953,11858817005,2,up,316.373,316.235,31.637,0.2746,0
2026-03-02 04:15:00,14017124762,9242825193,5,up,373.79,246.475,37.379,0.5811,0
2026-03-02 04:20:00,13034181839,8922577951,1,up,347.578,237.935,34.758,0.1576,0
2026-03-02 04:25:00,15243609026,12927195211,8,up,406.496,344.725,40.65,0.8071,0
2026-03-02 04:30:00,16790005275,9670972759,6,up,447.733,257.893,44.773,0.6998,0
2026-03-02 04:35:00,16162811136,8848250871,0,up,431.008,235.953,43.101,0.07,0
2026-03-02 04:40:00,10731013150,8305012033,0,up,286.16,221.467,28.616,0.0899,0
2026-03-02 04:45:00,18675725375,11854630351,0,up,498.019,316.123,49.802,0.0597,0
2026-03-02 04:50:00,15531503893,10069956311,0,up,414.173,268.532,41.417,0.0655,0
2026-03-02 04:55:00,13602301547,10180325733,7,up,362.728,271.475,36.273,0.7153,0
2026-03-02 05:00:00,15282830254,10299405843,8,up,407.542,274.651,40.754,0.8027,0
2026-03-02 05:05:00,15317141680,11776308034,0,up,408.457,314.035,40.846,0.016,0
2026-03-02 05:10:00,13799672309,10273792409,2,up,367.991,273.968,36.799,0.2701,0
2026-03-02 05:15:00,15356250001,13453507761,2,up,409.5,358.76,40.95,0.2492,0
2026-03-02 05:20:00,13906549882,10668538323,1,up,370.841,284.494,37.084,0.1486,0
2026-03-02 05:25:00,14272148413,11837848806,2,up,380.591,315.676,38.059,0.2997,0
2026-03-02 05:30:00,13764697555,11514602220,8,up,367.059,307.056,36.706,0.8833,0
2026-03-02 05:35:00,12421191678,10454076376,0,up,331.232,278.775,33.123,0.056,0
2026-03-02 05:40:00,15262505646,9760416557,0,up,407.0,260.278,40.7,0.0385,0
2026-03-02 05:45:00,16053538985,10918274549,0,up,428.094,291.154,42.809,0.0102,0
2026-03-02 05:50:00,15926790472,11142724401,1,up,424.714,297.139,42.471,0.1357,0
2026-03-02 05:55:00,16475865454,9778541579,1,up,439.356,260.761,43.936,0.1236,0
2026-03-02 06:00:00,15583812378,10709586971,1,up,415.568,285.589,41.557,0.1691,0
2026-03-02 06:05:00,14041094103,12057618272,2,up,374.429,321.536,37.443,0.2099,0
2026-03-02 06:10:00,16511394955,13108134151,4,up,440.304,349.55,44.03,0.4254,0
2026-03-02 06:15:00,12556468428,11576505343,1,up,334.839,308.707,33.484,0.1493,0
2026-03-02 06:20:00,13378791511,12847077204,1,up,356.768,342.589,35.677,0.1204,0
2026-03-02 06:25:00,13264439871,9706988493,5,up,353.718,258.853,35.372,0.5261,0
2026-03-02 06:30:00,16944100906,11384371637,5,up,451.843,303.583,45.184,0.5687,0
2026-03-02 06:35:00,16697019325,12186534580,0,up,445.254,324.974,44.525,0.0795,0
2026-03-02 06:40:00,15877149426,9370620000,1,up,423.391,249.883,42.339,0.1134,0
2026-03-02 06:45:00,16929473757,9888156458,5,up,451.453,263.684,45.145,0.5231,0
2026-03-02 06:50:00,13417290991,12689759999,0,up,357.794,338.394,35.779,0.0248,0
2026-03-02 06:55:00,15627471215,9271375441,1,up,416.733,247.237,41.673,0.1183,0
2026-03-02 07:00:00,14774686028,8810176158,1,up,393.992,234.938,39.399,0.1785,0
2026-03-02 07:05:00,16524387786,12425256782,0,up,440.65,331.34,44.065,0.0621,0
2026-03-02 07:10:00,14792596381,12007921663,0,up,394.469,320.211,39.447,0.0595,0
2026-03-02 07:15:00,14307102800,11044471507,1,up,381.523,294.519,38.152,0.1659,0
2026-03-02 07:20:00,15973635333,10442404449,4,up,425.964,278.464,42.596,0.4214,0
2026-03-02 07:25:00,16577104500,9947459122,5,up,442.056,265.266,44.206,0.5502,0
2026-03-02 07:30:00,13796978649,10855255580,11,up,367.919,289.473,36.792,1.1623,0
2026-03-02 07:35:00,14890063791,12490556766,0,up,397.068,333.082,39.707,0.0231,0
2026-03-02 07:40:00,13094806859,10800593318,0,up,349.195,288.016,34.919,0.0733,0
2026-03-02 07:45:00,10503490168,13230368676,4,up,280.093,352.81,28.009,0.424,0
2026-03-02 07:50:00,15360827336,9368593098,2,up,409.622,249.829,40.962,0.2333,0
2026-03-02 07:55:00,16096029641,10475202249,1,up,429.227,279.339,42.923,0.1191,0
2026-03-02 08:00:00,15471720256,10029946078,0,up,412.579,267.465,41.258,0.069,0
2026-03-02 08:05:00,11490788908,9132721655,0,up,306.421,243.539,30.642,0.0988,0
2026-03-02 08:10:00,14368471025,10307114496,1,up,383.159,274.856,38.316,0.1683,0
2026-03-02 08:15:00,11006974031,11025834920,0,up,293.519,294.022,29.352,0.0585,0
2026-03-02 08:20:00,17465461993,11160530026,9,up,465.746,297.614,46.575,0.9992,0
2026-03-02 08:25:00,13045101752,13234769745,0,up,347.869,352.927,34.787,0.0341,0
2026-03-02 08:30:00,17259726497,11085229011,12,up,460.259,295.606,46.026,1.2717,0
2026-03-02 08:35:00,16702565358,11949172372,5,up,445.402,318.645,44.54,0.5533,0
2026-03-02 08:40:00,13378937365,10583278750,1,up,356.772,282.221,35.677,0.1651,0
2026-03-02 08:45:00,12960987087,12614350056,4,up,345.626,336.383,34.563,0.4039,0
2026-03-02 08:50:00,15630666389,13522046099,3,up,416.818,360.588,41.682,0.334,0
2026-03-02 08:55:00,13480216733,11169167265,0,up,359.472,297.844,35.947,0.072,0
2026-03-02 09:00:00,15184472355,9249249640,1,up,404.919,246.647,40.492,0.1242,0
2026-03-02 09:05:00,14130910336,9808505671,2,up,376.824,261.56,37.682,0.2159,0
2026-03-02 09:10:00,11793914853,10855237222,3,up,314.504,289.473,31.45,0.3047,0
2026-03-02 09:15:00,10985157565,11075187524,2,up,292.938,295.338,29.294,0.2349,0
2026-03-02 09:20:00,15408031647,11380015669,1,up,410.881,303.467,41.088,0.1922,0
2026-03-02 09:25:00,13989196056,11079849078,1,up,373.045,295.463,37.305,0.1756,0
2026-03-02 09:30:00,14004438329,10508800994,2,up,373.452,280.235,37.345,0.2069,0
2026-03-02 09:35:00,16252554910,9698389964,1,up,433.401,258.624,43.34,0.1709,0
2026-03-02 09:40:00,17112196097,11005434209,2,up,456.325,293.478,45.633,0.2338,0
2026-03-02 09:45:00,14509419501,12837284070,6,up,386.918,342.328,38.692,0.6567,0
2026-03-02 09:50:00,14386922327,11785110042,3,up,383.651,314.27,38.365,0.3006,0
2026-03-02 09:55:00,15900257459,11173726976,3,up,424.007,297.966,42.401,0.3847,0
2026-03-02 10:00:00,12557515974,11797254324,2,up,334.867,314.593,33.487,0.273,0
2026-03-02 10:05:00,15401675498,10032459323,3,up,410.711,267.532,41.071,0.309,0
2026-03-02 10:10:00,15993394749,9859585915,2,up,426.491,262.922,42.649,0.2591,0
2026-03-02 10:15:00,16224414375,9557790768,0,up,432.651,254.874,43.265,0.0082,0
2026-03-02 10:20:00,11513845135,10342138855,23,up,307.036,275.79,30.704,2.346,0
2026-03-02 10:25:00,13629560514,9968272570,0,up,363.455,265.821,36.345,0.0103,0
2026-03-02 10:30:00,13419126144,12022426173,1,up,357.843,320.598,35.784,0.1508,0
2026-03-02 10:35:00,15179796517,9901092493,0,up,404.795,264.029,40.479,0.0333,0
2026-03-02 10:40:00,15865340243,9488570637,0,up,423.076,253.029,42.308,0.0306,0
2026-03-02 10:45:00,17694078733,12947647245,4,up,471.842,345.271,47.184,0.4733,0
2026-03-02 10:50:00,14109062135,9931267208,1,up,376.242,264.834,37.624,0.1665,0
2026-03-02 10:55:00,14104369503,10693445856,4,up,376.117,285.159,37.612,0.4845,0
2026-03-02 11:00:00,17069409633,11068666759,0,up,455.184,295.164,45.518,0.0956,0
2026-03-02 11:05:00,15533838489,9067766670,0,up,414.236,241.807,41.424,0.0889,0
2026-03-02 11:10:00,17281772720,12056709549,0,up,460.847,321.512,46.085,0.0868,0
2026-03-02 11:15:00,15519710405,11302769990,2,up,413.859,301.407,41.386,0.2872,0
2026-03-02 11:20:00,12917190086,12463563854,5,up,344.458,332.362,34.446,0.5062,0
2026-03-02 11:25:00,12600368961,9644180359,1,up,336.01,257.178,33.601,0.1806,0
2026-03-02 11:30:00,12207277951,10624898498,1,up,325.527,283.331,32.553,0.143,0
2026-03-02 11:35:00,16191693302,10549588251,10,up,431.778,281.322,43.178,1.0901,0
2026-03-02 11:40:00,17139474281,10832499502,0,up,457.053,288.867,45.705,0.0372,0
2026-03-02 11:45:00,18328851854,8667185416,2,up,488.769,231.125,48.877,0.2,0
2026-03-02 11:50:00,16517589598,10639653837,1,up,440.469,283.724,44.047,0.1575,0
2026-03-02 11:55:00,17093109439,8702655471,0,up,455.816,232.071,45.582,0.031,0
2026-03-02 12:00:00,13955970601,10951500929,0,up,372.159,292.04,37.216,0.0937,0
2026-03-02 12:05:00,12918451529,7817902103,0,up,344.492,208.477,34.449,0.0087,0
2026-03-02 12:10:00,16530142798,8167000588,6,up,440.804,217.787,44.08,0.6286,0
2026-03-02 12:15:00,15751825354,11531371382,2,up,420.049,307.503,42.005,0.2808,0
2026-03-02 12:20:00,15193399873,9810983546,5,up,405.157,261.626,40.516,0.5062,0
2026-03-02 12:25:00,15697268665,9255298827,2,up,418.594,246.808,41.859,0.2212,0
2026-03-02 12:30:00,15581733868,12101265482,2,up,415.513,322.7,41.551,0.2745,0
2026-03-02 12:35:00,17310870347,10912809033,3,up,461.623,291.008,46.162,0.362,0
2026-03-02 12:40:00,17330974052,11598833646,7,up,462.159,309.302,46.216,0.7158,0
2026-03-02 12:45:00,15979596634,10290534988,0,up,426.123,274.414,42.612,0.0289,0
2026-03-02 12:50:00,16522445170,13876332154,1,up,440.599,370.036,44.06,0.1206,0
2026-03-02 12:55:00,15925312594,9738312535,3,up,424.675,259.688,42.468,0.3704,0
2026-03-02 13:00:00,14169894482,12698064392,9,up,377.864,338.615,37.786,0.9535,0
2026-03-02 13:05:00,16361816414,10422678789,11,up,436.315,277.938,43.632,1.186,0
2026-03-02 13:10:00,12489908876,8415316902,3,up,333.064,224.408,33.306,0.3049,0
2026-03-02 13:15:00,16897004794,11108389419,0,up,450.587,296.224,45.059,0.0646,0
2026-03-02 13:20:00,12849858708,10896600827,0,up,342.663,290.576,34.266,0.0381,0
2026-03-02 13:25:00,15514445916,9175334514,8,up,413.719,244.676,41.372,0.8759,0
2026-03-02 13:30:00,13478722874,9338003710,1,up,359.433,249.013,35.943,0.1707,0
2026-03-02 13:35:00,15996100169,10468880969,0,up,426.563,279.17,42.656,0.065,0
2026-03-02 13:40:00,14938934593,10940682247,8,up,398.372,291.752,39.837,0.8149,0
2026-03-02 13:45:00,12129439275,7386964263,0,up,323.452,196.986,32.345,0.0331,0
2026-03-02 13:50:00,15757259335,11826933030,3,up,420.194,315.385,42.019,0.3923,0
2026-03-02 13:55:00,13959742601,9876932552,2,up,372.26,263.385,37.226,0.2945,0
2026-03-02 14:00:00,16586064097,8821998169,0,up,442.295,235.253,44.23,0.0275,0
2026-03-02 14:05:00,15002386239,11685743854,1,up,400.064,311.62,40.006,0.1241,0
2026-03-02 14:10:00,15711757773,10470241345,0,up,418.98,279.206,41.898,0.0487,0
2026-03-02 14:15:00,13276375880,12032368878,2,up,354.037,320.863,35.404,0.2783,0
2026-03-02 14:20:00,13939201983,11051819851,1,up,371.712,294.715,37.171,0.1945,0
2026-03-02 14:25:00,14174450455,10498091726,0,up,377.985,279.949,37.799,0.0013,0
2026-03-02 14:30:00,16542064464,10307560269,11,up,441.122,274.868,44.112,1.1153,0
2026-03-02 14:35:00,18019278758,11108218078,1,up,480.514,296.219,48.051,0.129,0
2026-03-02 14:40:00,13550690846,9978950613,0,up,361.352,266.105,36.135,0.0896,0
2026-03-02 14:45:00,16938326660,9425758538,0,up,451.689,251.354,45.169,0.0755,0
2026-03-02 14:50:00,11094580648,11268485494,0,up,295.855,300.493,29.586,0.0519,0
2026-03-02 14:55:00,12850459078,10317945319,21,up,342.679,275.145,34.268,2.1166,0
2026-03-02 15:00:00,13274198778,10542295236,1,up,353.979,281.128,35.398,0.1049,0
2026-03-02 15:05:00,12565484359,11872618593,1,up,335.08,316.603,33.508,0.156,0
2026-03-02 15:10:00,12149540898,10356515474,6,up,323.988,276.174,32.399,0.6152,0
2026-03-02 15:15:00,15743398041,10518942746,3,up,419.824,280.505,41.982,0.3081,0
2026-03-02 15:20:00,14614678144,9744441615,1,up,389.725,259.852,38.972,0.138,0
2026-03-02 15:25:00,15682929715,11042732316,6,up,418.211,294.473,41.821,0.6858,0
2026-03-02 15:30:00,16242850835,10940783169,4,up,433.143,291.754,43.314,0.4156,0
2026-03-02 15:35:00,15478110587,11634976666,0,up,412.75,310.266,41.275,0.0776,0
2026-03-02 15:40:00,16183973717,9770297665,3,up,431.573,260.541,43.157,0.3096,0
2026-03-02 15:45:00,14874841884,9923150618,7,up,396.662,264.617,39.666,0.7669,0
2026-03-02 15:50:00,12863411901,11498093122,2,up,343.024,306.616,34.302,0.2058,0
2026-03-02 15:55:00,16904065525,10817788384,3,up,450.775,288.474,45.078,0.3968,0
2026-03-02 16:00:00,13939598160,9358165160,10,up,371.723,249.551,37.172,1.0632,0
2026-03-02 16:05:00,13315926662,12146258125,3,up,355.091,323.9,35.509,0.3518,0
2026-03-02 16:10:00,14679747823,8359952283,0,up,391.46,222.932,39.146,0.0324,0
2026-03-02 16:15:00,13356940345,11488198789,0,up,356.185,306.352,35.619,0.0841,0
2026-03-02 16:20:00,14248625312,8905832834,2,up,379.963,237.489,37.996,0.2712,0
2026-03-02 16:25:00,15619297058,12876093530,0,up,416.515,343.362,41.651,0.0967,0
2026-03-02 16:30:00,15627015130,8553804344,9,up,416.72,228.101,41.672,0.9478,0
2026-03-02 16:35:00,13383905880,11951835821,1,up,356.904,318.716,35.69,0.1559,0
2026-03-02 16:40:00,14122130328,10397140706,1,up,376.59,277.257,37.659,0.1833,0
2026-03-02 16:45:00,16933799408,10038080762,3,up,451.568,267.682,45.157,0.3628,0
2026-03-02 16:50:00,15893520211,10733599787,2,up,423.827,286.229,42.383,0.2229,0
2026-03-02 16:55:00,18735117070,11296194427,1,up,499.603,301.232,49.96,0.1445,0
2026-03-02 17:00:00,17124230712,9360455367,0,up,456.646,249.612,45.665,0.0239,0
2026-03-02 17:05:00,17059727523,9472107466,2,up,454.926,252.59,45.493,0.2722,0
2026-03-02 17:10:00,12501836609,11318502130,6,up,333.382,301.827,33.338,0.6065,0
2026-03-02 17:15:00,16374948632,8348747878,3,up,436.665,222.633,43.667,0.3473,0
2026-03-02 17:20:00,14904407756,9763871342,1,up,397.451,260.37,39.745,0.1441,0
2026-03-02 17:25:00,14008232753,14331265562,0,up,373.553,382.167,37.355,0.041,0
2026-03-02 17:30:00,15302427612,9280303664,5,up,408.065,247.475,40.806,0.5084,0
2026-03-02 17:35:00,16701380762,11946231517,8,up,445.37,318.566,44.537,0.8529,0
2026-03-02 17:40:00,15901496863,9761702031,1,up,424.04,260.312,42.404,0.1474,0
2026-03-02 17:45:00,13418747157,11141396882,3,up,357.833,297.104,35.783,0.3913,0
2026-03-02 17:50:00,16336426044,11324488170,1,up,435.638,301.986,43.564,0.1587,0
2026-03-02 17:55:00,13852342424,11922485486,2,up,369.396,317.933,36.94,0.2093,0
2026-03-02 18:00:00,15390029614,10247680178,5,up,410.401,273.271,41.04,0.5432,0
2026-03-02 18:05:00,14453969878,13005994644,0,up,385.439,346.827,38.544,0.0261,0
2026-03-02 18:10:00,14606040746,9757435928,2,up,389.494,260.198,38.949,0.2267,0
2026-03-02 18:15:00,16379237355,10795117721,0,up,436.78,287.87,43.678,0.0725,0
2026-03-02 18:20:00,13127651304,10809048934,1,up,350.071,288.241,35.007,0.1246,0
2026-03-02 18:25:00,18501351133,9086320168,3,up,493.369,242.302,49.337,0.3102,0
2026-03-02 18:30:00,11722045075,10139800958,0,up,312.588,270.395,31.259,0.0083,0
2026-03-02 18:35:00,13924198170,10703507009,2,up,371.312,285.427,37.131,0.2703,0
2026-03-02 18:40:00,15666381401,9955527485,0,up,417.77,265.481,41.777,0.1,0
2026-03-02 18:45:00,16051765499,13575564196,3,up,428.047,362.015,42.805,0.3321,0
2026-03-02 18:50:00,14819143702,9443334171,0,up,395.177,251.822,39.518,0.0458,0
2026-03-02 18:55:00,14896696734,11986074829,3,up,397.245,319.629,39.725,0.3993,0
2026-03-02 19:00:00,15738990153,11579139364,3,up,419.706,308.777,41.971,0.3112,0
2026-03-02 19:05:00,14584074940,10482533710,10,up,388.909,279.534,38.891,1.0647,0
2026-03-02 19:10:00,17507726264,9409836592,7,up,466.873,250.929,46.687,0.7265,0
2026-03-02 19:15:00,16510828405,9531998296,0,up,440.289,254.187,44.029,0.0999,0
2026-03-02 19:20:00,16571083831,9847361202,0,up,441.896,262.596,44.19,0.0083,0
2026-03-02 19:25:00,13260917897,8249965984,3,up,353.624,219.999,35.362,0.3196,0
2026-03-02 19:30:00,14857100836,9235633563,2,up,396.189,246.284,39.619,0.2771,0
2026-03-02 19:35:00,14459161292,8632079590,0,up,385.578,230.189,38.558,0.0083,0
2026-03-02 19:40:00,13189917523,12195802504,0,up,351.731,325.221,35.173,0.0393,0
2026-03-02 19:45:00,15648295531,11279262614,2,up,417.288,300.78,41.729,0.2636,0
2026-03-02 19:50:00,14032237635,11490327364,7,up,374.193,306.409,37.419,0.7285,0
2026-03-02 19:55:00,16179726893,11241928258,7,up,431.459,299.785,43.146,0.7109,0
2026-03-02 20:00:00,13073655186,10710379205,0,up,348.631,285.61,34.863,0.0493,0
2026-03-02 20:05:00,18094273103,12340457218,1,up,482.514,329.079,48.251,0.1456,0
2026-03-02 20:10:00,13386601214,9730439053,0,up,356.976,259.478,35.698,0.0132,0
2026-03-02 20:15:00,15394744206,10634403765,1,up,410.527,283.584,41.053,0.1901,0
2026-03-02 20:20:00,16425346758,11441294123,4,up,438.009,305.101,43.801,0.4196,0
2026-03-02 20:25:00,13972847225,8835276367,4,up,372.609,235.607,37.261,0.4682,0
2026-03-02 20:30:00,16534443558,14401702009,2,up,440.918,384.045,44.092,0.2073,0
2026-03-02 20:35:00,12787469523,10535992861,0,up,340.999,280.96,34.1,0.0302,0
2026-03-02 20:40:00,17613811858,10678906707,1,up,469.702,284.771,46.97,0.1441,0
2026-03-02 20:45:00,15025468676,12083666319,8,up,400.679,322.231,40.068,0.8069,0
2026-03-02 20:50:00,13926459465,11652843719,0,up,371.372,310.742,37.137,0.0783,0
2026-03-02 20:55:00,14461472809,10547978304,1,up,385.639,281.279,38.564,0.1156,0
2026-03-02 21:00:00,16456054684,10663963092,4,up,438.828,284.372,43.883,0.4121,0
2026-03-02 21:05:00,13947980474,8604772851,3,up,371.946,229.461,37.195,0.3968,0
2026-03-02 21:10:00,13651156159,9798853119,7,up,364.031,261.303,36.403,0.7298,0
2026-03-02 21:15:00,14601234124,11151684872,1,up,389.366,297.378,38.937,0.1474,0
2026-03-02 21:20:00,12881468197,11059304977,2,up,343.506,294.915,34.351,0.2168,0
2026-03-02 21:25:00,18276979034,12038668845,1,up,487.386,321.031,48.739,0.189,0
2026-03-02 21:30:00,13980489735,10348168666,7,up,372.813,275.951,37.281,0.7883,0
2026-03-02 21:35:00,16496910215,8752018993,4,up,439.918,233.387,43.992,0.44,0
2026-03-02 21:40:00,15377046150,11831480342,5,up,410.055,315.506,41.005,0.5341,0
2026-03-02 21:45:00,13227838709,12309472576,0,up,352.742,328.253,35.274,0.0428,0
2026-03-02 21:50:00,14989281523,11631788161,4,up,399.714,310.181,39.971,0.4708,0
2026-03-02 21:55:00,16411205002,10293821574,1,up,437.632,274.502,43.763,0.1702,0
2026-03-02 22:00:00,14661129596,11815926425,0,up,390.963,315.091,39.096,0.0071,0
2026-03-02 22:05:00,17147603302,14820427202,0,up,457.269,395.211,45.727,0.0186,0
2026-03-02 22:10:00,16838727707,10645091916,3,up,449.033,283.869,44.903,0.3399,0
2026-03-02 22:15:00,16654046738,8847211767,1,up,444.108,235.926,44.411,0.1396,0
2026-03-02 22:20:00,14172617809,9761280837,6,up,377.936,260.301,37.794,0.6077,0
2026-03-02 22:25:00,13056283593,11288099760,3,up,348.168,301.016,34.817,0.3976,0
2026-03-02 22:30:00,13895542310,8477946568,0,up,370.548,226.079,37.055,0.0066,0
2026-03-02 22:35:00,15353233693,10713447874,3,up,409.42,285.692,40.942,0.3484,0
2026-03-02 22:40:00,15982416084,10979224179,0,up,426.198,292.779,42.62,0.0641,0
2026-03-02 22:45:00,11091171471,12434253392,1,up,295.765,331.58,29.576,0.1648,0
2026-03-02 22:50:00,14985396237,12150845518,2,up,399.611,324.023,39.961,0.294,0
2026-03-02 22:55:00,15284560605,11589376837,6,up,407.588,309.05,40.759,0.6184,0
2026-03-02 23:00:00,14500420338,7775024446,1,up,386.678,207.334,38.668,0.1827,0
2026-03-02 23:05:00,17324292910,11660526941,4,up,461.981,310.947,46.198,0.4958,0
2026-03-02 23:10:00,15759204133,11388946866,4,up,420.245,303.705,42.025,0.4583,0
2026-03-02 23:15:00,17358345434,10822489915,1,up,462.889,288.6,46.289,0.1606,0
2026-03-02 23:20:00,14611271063,8319920121,2,up,389.634,221.865,38.963,0.2085,0
2026-03-02 23:25:00,16687459486,9521264874,3,up,444.999,253.9,44.5,0.3617,0
2026-03-02 23:30:00,17943119510,9029803310,0,up,478.483,240.795,47.848,0.0095,0
2026-03-02 23:35:00,17361048208,7961089366,6,up,462.961,212.296,46.296,0.6644,0
2026-03-02 23:40:00,13034145131,10496326909,4,up,347.577,279.902,34.758,0.4407,0
2026-03-02 23:45:00,14543383060,9494744126,0,up,387.824,253.193,38.782,0.0861,0
2026-03-02 23:50:00,14378703530,13807885031,11,up,383.432,368.21,38.343,1.1918,0
2026-03-02 23:55:00,15880658163,10287347356,0,up,423.484,274.329,42.348,0.0593,0
2026-03-03 00:00:00,16235436399,12130128976,7,up,432.945,323.47,43.294,0.7363,0
2026-03-03 00:05:00,13489993186,8522935228,1,up,359.733,227.278,35.973,0.1177,0
2026-03-03 00:10:00,15122109325,9832087121,4,up,403.256,262.189,40.326,0.4321,0
2026-03-03 00:15:00,11364130802,10622091323,1,up,303.043,283.256,30.304,0.1828,0
2026-03-03 00:20:00,17595501010,9355726024,4,up,469.213,249.486,46.921,0.4001,0
2026-03-03 00:25:00,14077726366,9968027137,0,up,375.406,265.814,37.541,0.0508,0
2026-03-03 00:30:00,15100555091,10225381858,0,up,402.681,272.677,40.268,0.0942,0
2026-03-03 00:35:00,14442630514,10205275938,0,up,385.137,272.141,38.514,0.0316,0
2026-03-03 00:40:00,17062849635,12837449402,6,up,455.009,342.332,45.501,0.6011,0
2026-03-03 00:45:00,9892488405,10976565119,1,up,263.8,292.708,26.38,0.1054,0
2026-03-03 00:50:00,14970101383,11104183309,3,up,399.203,296.112,39.92,0.3557,0
2026-03-03 00:55:00,14809526236,11179965015,5,up,394.921,298.132,39.492,0.5148,0
2026-03-03 01:00:00,14183454502,11271909235,6,up,378.225,300.584,37.823,0.6951,0
2026-03-03 01:05:00,18107207782,10395562400,0,up,482.859,277.215,48.286,0.0337,0
2026-03-03 01:10:00,13402806974,10095859571,6,up,357.408,269.223,35.741,0.6705,0
2026-03-03 01:15:00,16389233119,10710188234,0,up,437.046,285.605,43.705,0.0659,0
2026-03-03 01:20:00,15641255019,11957572975,4,up,417.1,318.869,41.71,0.4006,0
2026-03-03 01:25:00,17270734654,11919060117,3,up,460.553,317.842,46.055,0.3915,0
2026-03-03 01:30:00,13799059647,10197097920,0,up,367.975,271.923,36.797,0.0026,0
2026-03-03 01:35:00,13680655981,11467483055,0,up,364.817,305.8,36.482,0.0748,0
2026-03-03 01:40:00,16972925833,10254823324,2,up,452.611,273.462,45.261,0.2031,0
2026-03-03 01:45:00,15765578354,10542676892,1,up,420.415,281.138,42.042,0.1634,0
2026-03-03 01:50:00,12219112775,9903360539,7,up,325.843,264.09,32.584,0.7524,0
2026-03-03 01:55:00,14029250973,10271127124,1,up,374.113,273.897,37.411,0.1338,0
2026-03-03 02:00:00,15695488776,12190075887,8,up,418.546,325.069,41.855,0.8293,0
2026-03-03 02:05:00,16507975598,10616450645,1,up,440.213,283.105,44.021,0.1845,0
2026-03-03 02:10:00,13777384824,10670455960,10,up,367.397,284.545,36.74,1.0002,0
2026-03-03 02:15:00,9754339218,8676505598,4,up,260.116,231.373,26.012,0.4011,0
2026-03-03 02:20:00,15941801734,10110352676,5,up,425.115,269.609,42.511,0.5304,0
2026-03-03 02:25:00,12803422758,10195943221,0,up,341.425,271.892,34.142,0.0332,0
2026-03-03 02:30:00,11368790163,9455279208,2,up,303.168,252.141,30.317,0.2647,0
2026-03-03 02:35:00,9901813335,10527298418,0,up,264.048,280.728,26.405,0.0462,0
2026-03-03 02:40:00,16465165548,9959230314,1,up,439.071,265.579,43.907,0.106,0
2026-03-03 02:45:00,15231511410,10600794777,2,up,406.174,282.688,40.617,0.2931,0
2026-03-03 02:50:00,14593818514,10653093792,3,up,389.168,284.083,38.917,0.3886,0
2026-03-03 02:55:00,17500243853,9295749509,0,up,466.673,247.887,46.667,0.012,0
2026-03-03 03:00:00,16147184429,9997635754,2,up,430.592,266.604,43.059,0.2271,0
2026-03-03 03:05:00,17909340076,10597491596,2,up,477.582,282.6,47.758,0.2499,0
2026-03-03 03:10:00,12493076150,11992217283,0,up,333.149,319.792,33.315,0.0246,0
2026-03-03 03:15:00,14937808876,10823466157,2,up,398.342,288.626,39.834,0.2084,0
2026-03-03 03:20:00,12089915925,9665961673,3,up,322.398,257.759,32.24,0.3754,0
2026-03-03 03:25:00,14587111802,11002745996,0,up,388.99,293.407,38.899,0.0164,0
2026-03-03 03:30:00,14552491463,12651511600,4,up,388.066,337.374,38.807,0.4285,0
2026-03-03 03:35:00,16127904547,11655050155,2,up,430.077,310.801,43.008,0.2577,0
2026-03-03 03:40:00,15082014986,11189883428,5,up,402.187,298.397,40.219,0.5373,0
2026-03-03 03:45:00,16122132848,11414243621,0,up,429.924,304.38,42.992,0.0738,0
2026-03-03 03:50:00,16266192239,12314342092,5,up,433.765,328.382,43.377,0.5374,0
2026-03-03 03:55:00,18878871619,11855289760,0,up,503.437,316.141,50.344,0.0298,0
2026-03-03 04:00:00,14432466020,11214118080,1,up,384.866,299.043,38.487,0.1552,0
2026-03-03 04:05:00,13306159138,11846489196,0,up,354.831,315.906,35.483,0.0667,0
2026-03-03 04:10:00,15442950507,9137119618,6,up,411.812,243.657,41.181,0.6263,0
2026-03-03 04:15:00,13555895951,8607145782,3,up,361.491,229.524,36.149,0.3662,0
2026-03-03 04:20:00,17667529383,10697944299,0,up,471.134,285.279,47.113,0.0077,0
2026-03-03 04:25:00,14490207529,10586537694,0,up,386.406,282.308,38.641,0.0029,0
2026-03-03 04:30:00,13981962537,9814673332,1,up,372.852,261.725,37.285,0.1033,0
2026-03-03 04:35:00,14151631701,11540574363,0,up,377.377,307.749,37.738,0.0464,0
2026-03-03 04:40:00,16293151362,8152791881,2,up,434.484,217.408,43.448,0.2985,0
2026-03-03 04:45:00,14716055430,9826186957,3,up,392.428,262.032,39.243,0.327,0
2026-03-03 04:50:00,13844999723,9888956013,8,up,369.2,263.705,36.92,0.8539,0
2026-03-03 04:55:00,17997633451,8438259750,9,up,479.937,225.02,47.994,0.9112,0
2026-03-03 05:00:00,13458894286,12383361069,3,up,358.904,330.223,35.89,0.3227,0
2026-03-03 05:05:00,15064018933,8787406401,0,up,401.707,234.331,40.171,0.0017,0
2026-03-03 05:10:00,16174151072,9758691527,1,up,431.311,260.232,43.131,0.1334,0
2026-03-03 05:15:00,12063596801,11644054494,2,up,321.696,310.508,32.17,0.2159,0
2026-03-03 05:20:00,15864468902,11314017132,2,up,423.053,301.707,42.305,0.2075,0
2026-03-03 05:25:00,13100806184,9103699882,2,up,349.355,242.765,34.935,0.2774,0
2026-03-03 05:30:00,16481009005,11359936403,9,up,439.494,302.932,43.949,0.9698,0
2026-03-03 05:35:00,13267228178,10865128443,6,up,353.793,289.737,35.379,0.6494,0
2026-03-03 05:40:00,16246984257,13439624808,0,up,433.253,358.39,43.325,0.0346,0
2026-03-03 05:45:00,16990499519,11008964924,0,up,453.08,293.572,45.308,0.0928,0
2026-03-03 05:50:00,16550585746,10322035305,5,up,441.349,275.254,44.135,0.5371,0
2026-03-03 05:55:00,15452369966,9420807534,5,up,412.063,251.222,41.206,0.5217,0
2026-03-03 06:00:00,14583658302,9562253357,0,up,388.898,254.993,38.89,0.0966,0
2026-03-03 06:05:00,13962444762,9459530939,3,up,372.332,252.254,37.233,0.3935,0
2026-03-03 06:10:00,17647862443,12227584505,3,up,470.61,326.069,47.061,0.3345,0
2026-03-03 06:15:00,13740908603,10522642092,1,up,366.424,280.604,36.642,0.1925,0
2026-03-03 06:20:00,13133281067,11212211376,0,up,350.221,298.992,35.022,0.0675,0
2026-03-03 06:25:00,16197664083,12407951975,6,up,431.938,330.879,43.194,0.6585,0
2026-03-03 06:30:00,13566953754,7528335180,3,up,361.785,200.756,36.179,0.3398,0
2026-03-03 06:35:00,13289885704,12111380943,0,up,354.397,322.97,35.44,0.0555,0
2026-03-03 06:40:00,12401512328,10569800108,3,up,330.707,281.861,33.071,0.366,0
2026-03-03 06:45:00,14130762288,11048160948,4,up,376.82,294.618,37.682,0.4058,0
2026-03-03 06:50:00,14851112956,9456211940,6,up,396.03,252.166,39.603,0.6538,0
2026-03-03 06:55:00,15437565109,9548543257,0,up,411.668,254.628,41.167,0.0756,0
2026-03-03 07:00:00,16712351239,11115945821,13,up,445.663,296.425,44.566,1.3463,0
2026-03-03 07:05:00,15948416262,13504593228,0,up,425.291,360.122,42.529,0.05,0
2026-03-03 07:10:00,14656430004,11764174774,2,up,390.838,313.711,39.084,0.2754,0
2026-03-03 07:15:00,14643247782,12094558880,3,up,390.487,322.522,39.049,0.3212,0
2026-03-03 07:20:00,15918283444,10258078399,1,up,424.488,273.549,42.449,0.1629,0
2026-03-03 07:25:00,17290626293,9743742677,1,up,461.083,259.833,46.108,0.1933,0
2026-03-03 07:30:00,15227365559,9516185761,6,up,406.063,253.765,40.606,0.6647,0
2026-03-03 07:35:00,14155564462,9884775106,3,up,377.482,263.594,37.748,0.3109,0
2026-03-03 07:40:00,13212841198,7913494134,2,up,352.342,211.027,35.234,0.2062,0
2026-03-03 07:45:00,12398630524,9586601627,0,up,330.63,255.643,33.063,0.0412,0
2026-03-03 07:50:00,16199285409,9793955023,0,up,431.981,261.172,43.198,0.0022,0
2026-03-03 07:55:00,16040361342,10279048700,0,up,427.743,274.108,42.774,0.04,0
2026-03-03 08:00:00,16039254345,10666005138,9,up,427.713,284.427,42.771,0.9383,0
2026-03-03 08:05:00,14768412996,10956688094,4,up,393.824,292.178,39.382,0.4333,0
2026-03-03 08:10:00,17532482542,10481194030,10,up,467.533,279.499,46.753,1.0244,0
2026-03-03 08:15:00,14128586709,9767381711,0,up,376.762,260.464,37.676,0.0109,0
2026-03-03 08:20:00,16719484626,8026168109,3,up,445.853,214.031,44.585,0.342,0
2026-03-03 08:25:00,14930262789,9775111153,0,up,398.14,260.67,39.814,0.0136,0
2026-03-03 08:30:00,13904968623,9274712196,4,up,370.799,247.326,37.08,0.4571,0
2026-03-03 08:35:00,16066554553,11087244102,1,up,428.441,295.66,42.844,0.1439,0
2026-03-03 08:40:00,15737345013,11645702119,0,up,419.663,310.552,41.966,0.0302,0
2026-03-03 08:45:00,15642550966,11682599544,2,up,417.135,311.536,41.713,0.2518,0
2026-03-03 08:50:00,15146301159,11453760447,0,up,403.901,305.434,40.39,0.0986,0
2026-03-03 08:55:00,14931792452,10331757573,3,up,398.181,275.514,39.818,0.3233,0
2026-03-03 09:00:00,19299069587,9842335987,3,up,514.642,262.462,51.464,0.322,0
2026-03-03 09:05:00,17131661961,9558650530,3,up,456.844,254.897,45.684,0.3662,0
2026-03-03 09:10:00,16301088410,8600551365,14,up,434.696,229.348,43.47,1.4665,0
2026-03-03 09:15:00,15201238484,11749735662,1,up,405.366,313.326,40.537,0.1467,0
2026-03-03 09:20:00,16812882961,10279864092,1,up,448.344,274.13,44.834,0.1878,0
2026-03-03 09:25:00,15932390597,8929611230,4,up,424.864,238.123,42.486,0.4898,0
2026-03-03 09:30:00,15047168554,9458620866,2,up,401.258,252.23,40.126,0.2591,0
2026-03-03 09:35:00,14453584214,9407613444,0,up,385.429,250.87,38.543,0.0114,0
2026-03-03 09:40:00,14854348792,10554210851,5,up,396.116,281.446,39.612,0.5556,0
2026-03-03 09:45:00,9293233675,11845009492,0,up,247.82,315.867,24.782,0.0159,0
2026-03-03 09:50:00,15379081510,10061533167,0,up,410.109,268.308,41.011,0.0562,0
2026-03-03 09:55:00,14120743055,7661807771,0,up,376.553,204.315,37.655,0.0323,0
2026-03-03 10:00:00,17866805996,10261632777,0,up,476.448,273.644,47.645,0.0243,0
2026-03-03 10:05:00,15034819327,10303195685,0,up,400.929,274.752,40.093,0.0078,0
2026-03-03 10:10:00,12859865844,10216600509,0,up,342.93,272.443,34.293,0.017,0
2026-03-03 10:15:00,14910215722,9709398930,1,up,397.606,258.917,39.761,0.1753,0
2026-03-03 10:20:00,13116982046,10773973241,0,up,349.786,287.306,34.979,0.0874,0
2026-03-03 10:25:00,15852133348,10583337805,0,up,422.724,282.222,42.272,0.0406,0
2026-03-03 10:30:00,15523705255,10468713804,3,up,413.965,279.166,41.397,0.3225,0
2026-03-03 10:35:00,16724111335,11019928115,0,up,445.976,293.865,44.598,0.0769,0
2026-03-03 10:40:00,13576412774,9958410642,0,up,362.038,265.558,36.204,0.0057,0
2026-03-03 10:45:00,15061214573,9886902056,1,up,401.632,263.651,40.163,0.1626,0
2026-03-03 10:50:00,12542960768,12238955344,1,up,334.479,326.372,33.448,0.1115,0
2026-03-03 10:55:00,16262690607,11204787816,1,up,433.672,298.794,43.367,0.1151,0
2026-03-03 11:00:00,15933968124,11541952036,1,up,424.906,307.785,42.491,0.1768,0
2026-03-03 11:05:00,15892449037,12044891777,3,up,423.799,321.197,42.38,0.3316,0
2026-03-03 11:10:00,15002914256,11162689667,2,up,400.078,297.672,40.008,0.2875,0
2026-03-03 11:15:00,15746591203,11669769735,8,up,419.909,311.194,41.991,0.8306,0
2026-03-03 11:20:00,17887810394,8510025095,2,up,477.008,226.934,47.701,0.2188,0
2026-03-03 11:25:00,14486830337,10757233878,1,up,386.315,286.86,38.632,0.1919,0
2026-03-03 11:30:00,15249561330,10269774738,0,up,406.655,273.861,40.665,0.072,0
2026-03-03 11:35:00,13044972661,12613881954,4,up,347.866,336.37,34.787,0.4224,0
2026-03-03 11:40:00,13437130269,11668833370,0,up,358.323,311.169,35.832,0.0455,0
2026-03-03 11:45:00,15176063927,9705639059,2,up,404.695,258.817,40.47,0.2027,0
2026-03-03 11:50:00,16987080384,10969720639,1,up,452.989,292.526,45.299,0.1641,0
2026-03-03 11:55:00,14538694516,10711278480,3,up,387.699,285.634,38.77,0.3221,0
2026-03-03 12:00:00,14575350247,11072457605,7,up,388.676,295.266,38.868,0.7489,0
2026-03-03 12:05:00,14267606559,9216258488,8,up,380.47,245.767,38.047,0.879,0
2026-03-03 12:10:00,14037437992,10953620746,0,up,374.332,292.097,37.433,0.0551,0
2026-03-03 12:15:00,15530948620,10212529299,0,up,414.159,272.334,41.416,0.0911,0
2026-03-03 12:20:00,12304936238,10855886702,5,up,328.132,289.49,32.813,0.5008,0
2026-03-03 12:25:00,17305691238,9587274691,2,up,461.485,255.661,46.149,0.2191,0
2026-03-03 12:30:00,13802239863,9762820404,1,up,368.06,260.342,36.806,0.181,0
2026-03-03 12:35:00,16299426273,11979040945,3,up,434.651,319.441,43.465,0.372,0
2026-03-03 12:40:00,12714002524,9175050076,2,up,339.04,244.668,33.904,0.2763,0
2026-03-03 12:45:00,16203912234,9268029454,10,up,432.104,247.147,43.21,1.0592,0
2026-03-03 12:50:00,16209500294,10435007615,2,up,432.253,278.267,43.225,0.2631,0
2026-03-03 12:55:00,15691563729,9527418127,1,up,418.442,254.064,41.844,0.1882,0
2026-03-03 13:00:00,13210028660,9384863923,2,up,352.267,250.263,35.227,0.2348,0
2026-03-03 13:05:00,15449186741,10632395723,4,up,411.978,283.531,41.198,0.4959,0
2026-03-03 13:10:00,12870498867,8603617020,2,up,343.213,229.43,34.321,0.2845,0
2026-03-03 13:15:00,14545026140,9229967584,3,up,387.867,246.132,38.787,0.3124,0
2026-03-03 13:20:00,16852943581,13088160434,10,up,449.412,349.018,44.941,1.0667,0
2026-03-03 13:25:00,16434063468,11078938574,2,up,438.242,295.438,43.824,0.289,0
2026-03-03 13:30:00,15027329296,9559330176,1,up,400.729,254.915,40.073,0.1435,0
2026-03-03 13:35:00,13245348163,11026950998,3,up,353.209,294.052,35.321,0.3526,0
2026-03-03 13:40:00,16162057881,11214836401,3,up,430.988,299.062,43.099,0.3232,0
2026-03-03 13:45:00,15034886227,11752962169,0,up,400.93,313.412,40.093,0.0042,0
2026-03-03 13:50:00,10823431923,10339783402,1,up,288.625,275.728,28.862,0.189,0
2026-03-03 13:55:00,16408733687,11730387105,4,up,437.566,312.81,43.757,0.4075,0
2026-03-03 14:00:00,14956380899,7931557378,2,up,398.837,211.508,39.884,0.2074,0
2026-03-03 14:05:00,17164412246,9169051755,4,up,457.718,244.508,45.772,0.4537,0
2026-03-03 14:10:00,13028513066,10706477966,1,up,347.427,285.506,34.743,0.1798,0
2026-03-03 14:15:00,9281933136,10915338251,12,up,247.518,291.076,24.752,1.2281,0
2026-03-03 14:20:00,15502350945,9351154317,1,up,413.396,249.364,41.34,0.104,0
2026-03-03 14:25:00,15524814618,10826869188,0,up,413.995,288.717,41.4,0.029,0
2026-03-03 14:30:00,11956791070,9713961286,1,up,318.848,259.039,31.885,0.1686,0
2026-03-03 14:35:00,13238700817,10151031541,2,up,353.032,270.694,35.303,0.2341,0
2026-03-03 14:40:00,19959391938,11791214988,1,up,532.25,314.432,53.225,0.1288,0
2026-03-03 14:45:00,14449900894,11645261246,0,up,385.331,310.54,38.533,0.0832,0
2026-03-03 14:50:00,16315726157,9243703987,3,up,435.086,246.499,43.509,0.3345,0
2026-03-03 14:55:00,13828812310,9167863157,1,up,368.768,244.476,36.877,0.142,0
2026-03-03 15:00:00,11237454782,9981921521,2,up,299.665,266.185,29.967,0.2994,0
2026-03-03 15:05:00,14693535155,10466299660,4,up,391.828,279.101,39.183,0.453,0
2026-03-03 15:10:00,14521911791,9671047904,4,up,387.251,257.895,38.725,0.4294,0
2026-03-03 15:15:00,14280219170,11811209477,1,up,380.806,314.966,38.081,0.1411,0
2026-03-03 15:20:00,14793646496,10937711200,2,up,394.497,291.672,39.45,0.2517,0
2026-03-03 15:25:00,15475682888,11011667238,1,up,412.685,293.644,41.268,0.1792,0
2026-03-03 15:30:00,14729789487,8904161075,6,up,392.794,237.444,39.279,0.6139,0
2026-03-03 15:35:00,12724788897,11970786303,6,up,339.328,319.221,33.933,0.633,0
2026-03-03 15:40:00,15875132624,6946587283,1,up,423.337,185.242,42.334,0.1264,0
2026-03-03 15:45:00,11491130840,11550909869,0,up,306.43,308.024,30.643,0.0289,0
2026-03-03 15:50:00,11309356576,11677232789,0,up,301.583,311.393,30.158,0.055,0
2026-03-03 15:55:00,16330524890,9955174504,1,up,435.481,265.471,43.548,0.1372,0
2026-03-03 16:00:00,15912636489,12103866873,2,up,424.337,322.77,42.434,0.2492,0
2026-03-03 16:05:00,14896688342,10420497083,3,up,397.245,277.88,39.725,0.3208,0
2026-03-03 16:10:00,12488192691,10578663946,1,up,333.018,282.098,33.302,0.1208,0
2026-03-03 16:15:00,13725760306,10927806272,3,up,366.02,291.408,36.602,0.3303,0
2026-03-03 16:20:00,14527055854,14515084388,8,up,387.388,387.069,38.739,0.8329,0
2026-03-03 16:25:00,12127390856,12193986724,3,up,323.397,325.173,32.34,0.3167,0
2026-03-03 16:30:00,13669748415,11383425312,0,up,364.527,303.558,36.453,0.0518,0
2026-03-03 16:35:00,16174194608,9349866346,2,up,431.312,249.33,43.131,0.26,0
2026-03-03 16:40:00,17569149655,10680923180,2,up,468.511,284.825,46.851,0.2342,0
2026-03-03 16:45:00,14245017445,9475463641,6,up,379.867,252.679,37.987,0.6137,0
2026-03-03 16:50:00,16361679037,11535859667,1,up,436.311,307.623,43.631,0.1294,0
2026-03-03 16:55:00,11554691872,10676988389,1,up,308.125,284.72,30.813,0.1649,0
2026-03-03 17:00:00,16187012234,9083102683,2,up,431.654,242.216,43.165,0.2739,0
2026-03-03 17:05:00,13552892853,10602216975,2,up,361.41,282.726,36.141,0.223,0
2026-03-03 17:10:00,15553222110,9429733988,3,up,414.753,251.46,41.475,0.3808,0
2026-03-03 17:15:00,14554045647,10690532438,0,up,388.108,285.081,38.811,0.0124,0
2026-03-03 17:20:00,17376745217,9417562581,2,up,463.38,251.135,46.338,0.2487,0
2026-03-03 17:25:00,13426015832,10534634418,0,up,358.027,280.924,35.803,0.0389,0
2026-03-03 17:30:00,16129691335,11445592026,1,up,430.125,305.216,43.013,0.1136,0
2026-03-03 17:35:00,14496886566,10433154490,3,up,386.584,278.217,38.658,0.3251,0
2026-03-03 17:40:00,14715050139,10007480783,0,up,392.401,266.866,39.24,0.0514,0
2026-03-03 17:45:00,14669062992,10756128038,1,up,391.175,286.83,39.118,0.1108,0
2026-03-03 17:50:00,13477788411,11378450102,3,up,359.408,303.425,35.941,0.3642,0
2026-03-03 17:55:00,14974621861,9104949079,3,up,399.323,242.799,39.932,0.3156,0
2026-03-03 18:00:00,14887233200,10828426754,0,up,396.993,288.758,39.699,0.0286,0
2026-03-03 18:05:00,15434232447,12160101431,2,up,411.58,324.269,41.158,0.2583,0
2026-03-03 18:10:00,15152109262,11222807773,0,up,404.056,299.275,40.406,0.0478,0
2026-03-03 18:15:00,16436390189,10572770224,0,up,438.304,281.941,43.83,0.0872,0
2026-03-03 18:20:00,16662315508,11306069258,1,up,444.328,301.495,44.433,0.1844,0
2026-03-03 18:25:00,13108878020,11070145534,0,up,349.57,295.204,34.957,0.0347,0
2026-03-03 18:30:00,16563790501,11449537397,15,up,441.701,305.321,44.17,1.5176,0
2026-03-03 18:35:00,12864594431,7949846170,0,up,343.056,211.996,34.306,0.0542,0
2026-03-03 18:40:00,16058140598,8542645271,4,up,428.217,227.804,42.822,0.456,0
2026-03-03 18:45:00,16115529812,11766084728,5,up,429.747,313.762,42.975,0.5313,0
2026-03-03 18:50:00,11559629595,8603348238,15,up,308.257,229.423,30.826,1.5589,0
2026-03-03 18:55:00,15167362643,11005938681,1,up,404.463,293.492,40.446,0.1679,0
2026-03-03 19:00:00,14156706995,10056417433,6,up,377.512,268.171,37.751,0.6217,0
2026-03-03 19:05:00,13634222535,9244801550,9,up,363.579,246.528,36.358,0.9478,0
2026-03-03 19:10:00,17431534195,10940558694,0,up,464.841,291.748,46.484,0.0569,0
2026-03-03 19:15:00,13823377546,10753302214,1,up,368.623,286.755,36.862,0.1959,0
2026-03-03 19:20:00,13548521527,13159031741,0,up,361.294,350.908,36.129,0.0186,0
2026-03-03 19:25:00,15136250892,9712737882,2,up,403.633,259.006,40.363,0.2908,0
2026-03-03 19:30:00,16234061543,12314538751,2,up,432.908,328.388,43.291,0.2613,0
2026-03-03 19:35:00,14745032545,10944052872,0,up,393.201,291.841,39.32,0.0685,0
2026-03-03 19:40:00,17099466982,9667112429,4,up,455.986,257.79,45.599,0.4797,0
2026-03-03 19:45:00,15955756191,11507050536,0,up,425.487,306.855,42.549,0.0114,0
2026-03-03 19:50:00,11079219624,11212830515,4,up,295.446,299.009,29.545,0.4923,0
2026-03-03 19:55:00,14046959465,10545162551,0,up,374.586,281.204,37.459,0.0081,0
2026-03-03 20:00:00,13988684221,10835532149,3,up,373.032,288.948,37.303,0.3209,0
2026-03-03 20:05:00,15862849716,9747796340,0,up,423.009,259.941,42.301,0.0246,0
2026-03-03 20:10:00,10275329298,9459508222,0,up,274.009,252.254,27.401,0.0868,0
2026-03-03 20:15:00,19588217475,11456897139,3,up,522.352,305.517,52.235,0.3839,0
2026-03-03 20:20:00,15955846970,10217836325,0,up,425.489,272.476,42.549,0.0987,0
2026-03-03 20:25:00,15267978247,10399095422,2,up,407.146,277.309,40.715,0.2147,0
2026-03-03 20:30:00,17126821889,10852575210,7,up,456.715,289.402,45.672,0.7404,0
2026-03-03 20:35:00,19218577295,10834263314,0,up,512.495,288.914,51.25,0.0153,0
2026-03-03 20:40:00,16567343960,8699048646,4,up,441.796,231.975,44.18,0.4999,0
2026-03-03 20:45:00,16707863573,12120677628,0,up,445.543,323.218,44.554,0.0202,0
2026-03-03 20:50:00,15235242044,10652689511,0,up,406.273,284.072,40.627,0.0407,0
2026-03-03 20:55:00,14745253643,10244656888,0,up,393.207,273.191,39.321,0.0381,0
2026-03-03 21:00:00,14143568200,11042865966,15,up,377.162,294.476,37.716,1.54,0
2026-03-03 21:05:00,13512998414,10798043163,0,up,360.347,287.948,36.035,0.0596,0
2026-03-03 21:10:00,13763374620,11466498988,6,up,367.023,305.773,36.702,0.6812,0
2026-03-03 21:15:00,12568999264,11177859426,14,up,335.173,298.076,33.517,1.4109,0
2026-03-03 21:20:00,14863431388,11404486248,1,up,396.358,304.12,39.636,0.1452,0
2026-03-03 21:25:00,11967598360,12202252321,2,up,319.136,325.393,31.914,0.2991,0
2026-03-03 21:30:00,15343649743,11613366931,4,up,409.164,309.69,40.916,0.453,0
2026-03-03 21:35:00,14934604905,10297787362,1,up,398.256,274.608,39.826,0.1496,0
2026-03-03 21:40:00,15264483537,9085144543,0,up,407.053,242.271,40.705,0.053,0
2026-03-03 21:45:00,14060163173,12601425395,1,up,374.938,336.038,37.494,0.1706,0
2026-03-03 21:50:00,20538348666,10200468549,4,up,547.689,272.012,54.769,0.4434,0
2026-03-03 21:55:00,17448208620,9903884659,4,up,465.286,264.104,46.529,0.4553,0
2026-03-03 22:00:00,12759823499,8311724209,0,up,340.262,221.646,34.026,0.0786,0
2026-03-03 22:05:00,15419162557,10926476112,0,up,411.178,291.373,41.118,0.0577,0
2026-03-03 22:10:00,13905588942,10687597120,7,up,370.816,285.003,37.082,0.7598,0
2026-03-03 22:15:00,13173936491,8590955180,0,up,351.305,229.092,35.13,0.0135,0
2026-03-03 22:20:00,12587870271,11071125293,3,up,335.677,295.23,33.568,0.3981,0
2026-03-03 22:25:00,15777990043,9872278179,0,up,420.746,263.261,42.075,0.0143,0
2026-03-03 22:30:00,13773515576,13889796909,5,up,367.294,370.395,36.729,0.5459,0
2026-03-03 22:35:00,16742086843,9782604897,7,up,446.456,260.869,44.646,0.7075,0
2026-03-03 22:40:00,16788807986,9951656401,1,up,447.702,265.378,44.77,0.1059,0
2026-03-03 22:45:00,17473045893,9397781957,0,up,465.948,250.608,46.595,0.023,0
2026-03-03 22:50:00,13465703821,12110124416,1,up,359.085,322.937,35.909,0.1966,0
2026-03-03 22:55:00,15855658099,10030302498,1,up,422.818,267.475,42.282,0.1063,0
2026-03-03 23:00:00,16138417589,9586608166,1,up,430.358,255.643,43.036,0.1619,0
2026-03-03 23:05:00,14146479284,11390763312,3,up,377.239,303.754,37.724,0.3281,0
2026-03-03 23:10:00,13610810476,8760755301,0,up,362.955,233.62,36.295,0.0707,0
2026-03-03 23:15:00,17897137198,11287639288,1,up,477.257,301.004,47.726,0.1325,0
2026-03-03 23:20:00,15409492576,12744563642,4,up,410.92,339.855,41.092,0.4578,0
2026-03-03 23:25:00,16144741951,11213925869,3,up,430.526,299.038,43.053,0.3096,0
2026-03-03 23:30:00,13520263178,11303751878,1,up,360.54,301.433,36.054,0.1185,0
2026-03-03 23:35:00,12805287960,11596275873,3,up,341.474,309.234,34.147,0.3275,0
2026-03-03 23:40:00,13974990405,12654232116,4,up,372.666,337.446,37.267,0.4349,0
2026-03-03 23:45:00,14776761502,12024466389,2,up,394.047,320.652,39.405,0.2693,0
2026-03-03 23:50:00,13084403987,11053983850,0,up,348.917,294.773,34.892,0.0821,0
2026-03-03 23:55:00,14982279344,11638903164,0,up,399.527,310.371,39.953,0.0001,0
2026-03-04 00:00:00,11960690661,9383721993,4,up,318.952,250.233,31.895,0.4871,0
2026-03-04 00:05:00,12983914639,11478129924,5,up,346.238,306.083,34.624,0.5189,0
2026-03-04 00:10:00,16207640246,9232999476,3,up,432.204,246.213,43.22,0.3588,0
2026-03-04 00:15:00,16086822936,10037551752,0,up,428.982,267.668,42.898,0.0239,0
2026-03-04 00:20:00,14294621822,6615971659,2,up,381.19,176.426,38.119,0.264,0
2026-03-04 00:25:00,13168024243,11005801370,5,up,351.147,293.488,35.115,0.5161,0
2026-03-04 00:30:00,13150673607,9688721266,1,up,350.685,258.366,35.068,0.1481,0
2026-03-04 00:35:00,14328117157,11900042971,0,up,382.083,317.334,38.208,0.0662,0
2026-03-04 00:40:00,16160133284,10991642689,2,up,430.937,293.11,43.094,0.2657,0
2026-03-04 00:45:00,16670842244,11916360827,5,up,444.556,317.77,44.456,0.5251,0
2026-03-04 00:50:00,14106242876,9134668353,0,up,376.166,243.591,37.617,0.015,0
2026-03-04 00:55:00,12923713633,11808366406,2,up,344.632,314.89,34.463,0.2726,0
2026-03-04 01:00:00,15482118548,13153378993,3,up,412.856,350.757,41.286,0.3092,0
2026-03-04 01:05:00,13517637052,11462839457,2,up,360.47,305.676,36.047,0.2767,0
2026-03-04 01:10:00,14067145250,11495839750,3,up,375.124,306.556,37.512,0.315,0
2026-03-04 01:15:00,17385496962,10713693072,2,up,463.613,285.698,46.361,0.2994,0
2026-03-04 01:20:00,16488807771,9838917336,0,up,439.702,262.371,43.97,0.0419,0
2026-03-04 01:25:00,15284353762,11459102389,0,up,407.583,305.576,40.758,0.0803,0
2026-03-04 01:30:00,12710545797,8602335532,2,up,338.948,229.396,33.895,0.2895,0
2026-03-04 01:35:00,15380513821,9973628542,0,up,410.147,265.963,41.015,0.0054,0
2026-03-04 01:40:00,16912783123,8268468429,3,up,451.008,220.492,45.101,0.3021,0
2026-03-04 01:45:00,14323859401,9613392964,3,up,381.97,256.357,38.197,0.3284,0
2026-03-04 01:50:00,17432005361,11308976815,0,up,464.853,301.573,46.485,0.082,0
2026-03-04 01:55:00,17326941521,11136795654,2,up,462.052,296.981,46.205,0.2735,0
2026-03-04 02:00:00,17994719097,10564151256,2,up,479.859,281.711,47.986,0.2291,0
2026-03-04 02:05:00,15549437627,10714705252,0,up,414.652,285.725,41.465,0.0906,0
2026-03-04 02:10:00,16057305059,8123810581,1,up,428.195,216.635,42.819,0.1865,0
2026-03-04 02:15:00,17545537118,10030571526,7,up,467.881,267.482,46.788,0.7211,0
2026-03-04 02:20:00,15805309086,9641496975,1,up,421.475,257.107,42.147,0.1669,0
2026-03-04 02:25:00,14097778605,9669584789,2,up,375.941,257.856,37.594,0.2981,0
2026-03-04 02:30:00,14192622894,11255469071,0,up,378.47,300.146,37.847,0.0108,0
2026-03-04 02:35:00,15429398916,9415760768,0,up,411.451,251.087,41.145,0.0243,0
2026-03-04 02:40:00,12676989440,9738102128,0,up,338.053,259.683,33.805,0.0254,0
2026-03-04 02:45:00,14742133952,7870292750,4,up,393.124,209.874,39.312,0.4518,0
2026-03-04 02:50:00,16973784812,10129404792,1,up,452.634,270.117,45.263,0.1294,0
2026-03-04 02:55:00,11055743067,9129324689,0,up,294.82,243.449,29.482,0.0775,0
2026-03-04 03:00:00,17762067783,10599795690,4,up,473.655,282.661,47.366,0.4127,0
2026-03-04 03:05:00,17020273593,9301603861,0,up,453.874,248.043,45.387,0.0559,0
2026-03-04 03:10:00,14172423691,10631723229,0,up,377.931,283.513,37.793,0.0849,0
2026-03-04 03:15:00,15978103490,10317695941,1,up,426.083,275.139,42.608,0.1691,0
2026-03-04 03:20:00,15005665908,12606772634,1,up,400.151,336.181,40.015,0.1208,0
2026-03-04 03:25:00,17213982663,11126494655,2,up,459.04,296.707,45.904,0.2641,0
2026-03-04 03:30:00,16768829656,8182056280,1,up,447.169,218.188,44.717,0.1237,0
2026-03-04 03:35:00,12479872698,8906240056,1,up,332.797,237.5,33.28,0.1497,0
2026-03-04 03:40:00,16057072344,10569562091,5,up,428.189,281.855,42.819,0.5961,0
2026-03-04 03:45:00,14629869863,9328391585,6,up,390.13,248.757,39.013,0.6476,0
2026-03-04 03:50:00,15149098626,6759855777,5,up,403.976,180.263,40.398,0.5276,0
2026-03-04 03:55:00,13689290578,12200428355,6,up,365.048,325.345,36.505,0.6004,0
2026-03-04 04:00:00,18146646724,11407482261,2,up,483.911,304.2,48.391,0.253,0
2026-03-04 04:05:00,16872111275,11156430860,3,up,449.923,297.505,44.992,0.3117,0
2026-03-04 04:10:00,13668411904,9734772962,2,up,364.491,259.594,36.449,0.2444,0
2026-03-04 04:15:00,12597700907,11038872731,4,up,335.939,294.37,33.594,0.462,0
2026-03-04 04:20:00,14305789264,9612505991,2,up,381.488,256.333,38.149,0.2402,0
2026-03-04 04:25:00,15782104762,10758120198,0,up,420.856,286.883,42.086,0.0353,0
2026-03-04 04:30:00,15432370519,9340065135,4,up,411.53,249.068,41.153,0.4976,0
2026-03-04 04:35:00,17255639084,12410523447,4,up,460.15,330.947,46.015,0.4289,0
2026-03-04 04:40:00,16421855499,8521501815,5,up,437.916,227.24,43.792,0.5149,0
2026-03-04 04:45:00,16745224246,12052677625,0,up,446.539,321.405,44.654,0.0634,0
2026-03-04 04:50:00,15588339721,10549033943,0,up,415.689,281.308,41.569,0.0951,0
2026-03-04 04:55:00,12499262285,9883271585,1,up,333.314,263.554,33.331,0.1052,0
2026-03-04 05:00:00,14647742643,10710423681,2,up,390.606,285.611,39.061,0.2128,0
2026-03-04 05:05:00,16908161531,11424018489,0,up,450.884,304.64,45.088,0.0431,0
2026-03-04 05:10:00,14907258728,12222100888,1,up,397.527,325.923,39.753,0.146,0
2026-03-04 05:15:00,15905562663,10894560209,0,up,424.148,290.522,42.415,0.0603,0
2026-03-04 05:20:00,14426253032,9377722932,0,up,384.7,250.073,38.47,0.0923,0
2026-03-04 05:25:00,13146338672,10570093955,3,up,350.569,281.869,35.057,0.3676,0
2026-03-04 05:30:00,14777980684,12789159478,5,up,394.079,341.044,39.408,0.5789,0
2026-03-04 05:35:00,15556285397,12198074387,0,up,414.834,325.282,41.483,0.007,0
2026-03-04 05:40:00,13819762104,11645041982,2,up,368.527,310.534,36.853,0.2503,0
2026-03-04 05:45:00,14575719759,11502565645,0,up,388.686,306.735,38.869,0.011,0
2026-03-04 05:50:00,13308966164,11381307114,0,up,354.906,303.502,35.491,0.0267,0
2026-03-04 05:55:00,17014640851,11960031091,3,up,453.724,318.934,45.372,0.3663,0
2026-03-04 06:00:00,14469979636,9924647729,3,up,385.866,264.657,38.587,0.3991,0
2026-03-04 06:05:00,17614959981,8792591557,5,up,469.732,234.469,46.973,0.5046,0
2026-03-04 06:10:00,17751746130,10586944410,1,up,473.38,282.319,47.338,0.1929,0
2026-03-04 06:15:00,14854117263,9469847200,5,up,396.11,252.529,39.611,0.5894,0
2026-03-04 06:20:00,13184792281,9170673848,0,up,351.594,244.551,35.159,0.0548,0
2026-03-04 06:25:00,11245383820,9592448993,0,up,299.877,255.799,29.988,0.0862,0
2026-03-04 06:30:00,12350333268,13631495544,0,up,329.342,363.507,32.934,0.0433,0
2026-03-04 06:35:00,12527097315,10671517038,4,up,334.056,284.574,33.406,0.4792,0
2026-03-04 06:40:00,17481245329,10956003873,0,up,466.167,292.16,46.617,0.0779,0
2026-03-04 06:45:00,15208484257,8959822863,0,up,405.56,238.929,40.556,0.0507,0
2026-03-04 06:50:00,15701288143,8176871271,2,up,418.701,218.05,41.87,0.2927,0
2026-03-04 06:55:00,11003242183,9467993669,0,up,293.42,252.48,29.342,0.0241,0
2026-03-04 07:00:00,12843660427,12312126437,0,up,342.498,328.323,34.25,0.0138,0
2026-03-04 07:05:00,16596743597,10921187087,0,up,442.58,291.232,44.258,0.0339,0
2026-03-04 07:10:00,15516193402,11254229815,0,up,413.765,300.113,41.377,0.0001,0
2026-03-04 07:15:00,14735030498,11430593209,3,up,392.934,304.816,39.293,0.3582,0
2026-03-04 07:20:00,16016716245,9754899781,2,up,427.112,260.131,42.711,0.2478,0
2026-03-04 07:25:00,17944436051,12248836635,0,up,478.518,326.636,47.852,0.0707,0
2026-03-04 07:30:00,14602123565,9702662424,0,up,389.39,258.738,38.939,0.0796,0
2026-03-04 07:35:00,15124865644,12271852772,4,up,403.33,327.249,40.333,0.4998,0
2026-03-04 07:40:00,15346674453,11057300716,2,up,409.245,294.861,40.924,0.209,0
2026-03-04 07:45:00,19305797343,8245803105,3,up,514.821,219.888,51.482,0.3597,0
2026-03-04 07:50:00,11221158724,9557508046,1,up,299.231,254.867,29.923,0.1809,0
2026-03-04 07:55:00,16229801426,8250977448,0,up,432.795,220.026,43.279,0.0814,0
2026-03-04 08:00:00,14793355952,11965735487,10,up,394.489,319.086,39.449,1.056,0
2026-03-04 08:05:00,16020189107,10468833369,2,up,427.205,279.169,42.721,0.2502,0
2026-03-04 08:10:00,13816729402,7692288525,0,up,368.446,205.128,36.845,0.0421,0
2026-03-04 08:15:00,14911862944,10973441070,1,up,397.65,292.625,39.765,0.1563,0
2026-03-04 08:20:00,16280539043,9823173029,1,up,434.148,261.951,43.415,0.1198,0
2026-03-04 08:25:00,20603238361,8630404622,0,up,549.42,230.144,54.942,0.0723,0
2026-03-04 08:30:00,16454465140,12614236954,8,up,438.786,336.38,43.879,0.8129,0
2026-03-04 08:35:00,13473481923,10635180191,6,up,359.293,283.605,35.929,0.6384,0
2026-03-04 08:40:00,14237232572,10130276433,0,up,379.66,270.141,37.966,0.0666,0
2026-03-04 08:45:00,14183854604,9996724775,1,up,378.236,266.579,37.824,0.1302,0
2026-03-04 08:50:00,11767842289,8593267868,4,up,313.809,229.154,31.381,0.431,0
2026-03-04 08:55:00,14405837654,8856268386,0,up,384.156,236.167,38.416,0.0701,0
2026-03-04 09:00:00,16319092347,12118995148,2,up,435.176,323.173,43.518,0.2686,0
2026-03-04 09:05:00,12706382185,9902907584,3,up,338.837,264.078,33.884,0.361,0
2026-03-04 09:10:00,16887268771,10527805303,3,up,450.327,280.741,45.033,0.3184,0
2026-03-04 09:15:00,15877994677,7924143599,3,up,423.413,211.31,42.341,0.3677,0
2026-03-04 09:20:00,13678380020,8839204034,3,up,364.757,235.712,36.476,0.368,0
2026-03-04 09:25:00,14745246652,11268363775,10,up,393.207,300.49,39.321,1.0041,0
2026-03-04 09:30:00,17876979253,10975916817,1,up,476.719,292.691,47.672,0.1276,0
2026-03-04 09:35:00,16320386064,12709252750,6,up,435.21,338.913,43.521,0.6326,0
2026-03-04 09:40:00,15015810578,12192124977,0,up,400.422,325.123,40.042,0.0066,0
2026-03-04 09:45:00,14572170029,10209304174,1,up,388.591,272.248,38.859,0.102,0
2026-03-04 09:50:00,15137896326,11095921491,0,up,403.677,295.891,40.368,0.015,0
2026-03-04 09:55:00,14078825595,10101079661,3,up,375.435,269.362,37.544,0.316,0
2026-03-04 10:00:00,11211450889,13089060371,0,up,298.972,349.042,29.897,0.0319,0
2026-03-04 10:05:00,18675920238,11947758517,5,up,498.025,318.607,49.802,0.5607,0
2026-03-04 10:10:00,15279584998,10713803214,3,up,407.456,285.701,40.746,0.312,0
2026-03-04 10:15:00,15716665077,10752497428,0,up,419.111,286.733,41.911,0.0088,0
2026-03-04 10:20:00,14895766050,12320511361,3,up,397.22,328.547,39.722,0.3763,0
2026-03-04 10:25:00,13676789758,11230268087,5,up,364.714,299.474,36.471,0.5942,0
2026-03-04 10:30:00,14665335934,12463871301,3,up,391.076,332.37,39.108,0.3246,0
2026-03-04 10:35:00,12121089428,7736003612,0,up,323.229,206.293,32.323,0.0093,0
2026-03-04 10:40:00,19098755696,11081147609,5,up,509.3,295.497,50.93,0.5854,0
2026-03-04 10:45:00,12777878402,9850552070,3,up,340.743,262.681,34.074,0.3956,0
2026-03-04 10:50:00,13142460689,12713036264,1,up,350.466,339.014,35.047,0.1427,0
2026-03-04 10:55:00,14207533432,12448462345,1,up,378.868,331.959,37.887,0.1195,0
2026-03-04 11:00:00,17318536304,10541373119,1,up,461.828,281.103,46.183,0.1961,0
2026-03-04 11:05:00,15026116198,12434895033,6,up,400.696,331.597,40.07,0.6055,0
2026-03-04 11:10:00,12774955567,12746724295,0,up,340.665,339.913,34.067,0.0871,0
2026-03-04 11:15:00,17257809049,10593752406,0,up,460.208,282.5,46.021,0.0319,0
2026-03-04 11:20:00,16315801128,13614636553,5,up,435.088,363.057,43.509,0.5999,0
2026-03-04 11:25:00,15969182922,10460510147,0,up,425.845,278.947,42.584,0.008,0
2026-03-04 11:30:00,16288321634,10229703602,7,up,434.355,272.792,43.436,0.7257,0
2026-03-04 11:35:00,19309851421,11590999461,1,up,514.929,309.093,51.493,0.1095,0
2026-03-04 11:40:00,18933170811,10054223678,2,up,504.885,268.113,50.488,0.2129,0
2026-03-04 11:45:00,13763912382,10607528117,0,up,367.038,282.867,36.704,0.0426,0
2026-03-04 11:50:00,17922992987,12275887374,6,up,477.946,327.357,47.795,0.6976,0
2026-03-04 11:55:00,15689702741,10524215753,4,up,418.392,280.646,41.839,0.4157,0
2026-03-04 12:00:00,15898372469,8364277580,7,up,423.957,223.047,42.396,0.7737,0
2026-03-04 12:05:00,11953912503,10962822428,3,up,318.771,292.342,31.877,0.3449,0
2026-03-04 12:10:00,14693305622,9622670090,0,up,391.821,256.605,39.182,0.0613,0
2026-03-04 12:15:00,13536917537,11590241658,1,up,360.984,309.073,36.098,0.1106,0
2026-03-04 12:20:00,16490505866,11377199041,2,up,439.747,303.392,43.975,0.2002,0
2026-03-04 12:25:00,16927944900,12353964438,2,up,451.412,329.439,45.141,0.2804,0
2026-03-04 12:30:00,11265924568,11643490698,7,up,300.425,310.493,30.042,0.783,0
2026-03-04 12:35:00,14960337244,11873707797,1,up,398.942,316.632,39.894,0.1453,0
2026-03-04 12:40:00,17019350708,9656938082,3,up,453.849,257.518,45.385,0.3643,0
2026-03-04 12:45:00,14663977867,11513022984,9,up,391.039,307.014,39.104,0.9733,0
2026-03-04 12:50:00,16312314561,12980248624,0,up,434.995,346.14,43.5,0.0496,0
2026-03-04 12:55:00,15632097841,9632301115,5,up,416.856,256.861,41.686,0.5957,0
2026-03-04 13:00:00,15614988417,12767670247,1,up,416.4,340.471,41.64,0.1638,0
2026-03-04 13:05:00,14511633039,9807818885,3,up,386.977,261.542,38.698,0.3955,0
2026-03-04 13:10:00,12810154552,9426516231,1,up,341.604,251.374,34.16,0.1042,0
2026-03-04 13:15:00,12981245734,10873212558,1,up,346.167,289.952,34.617,0.1219,0
2026-03-04 13:20:00,16276834526,11402047124,0,up,434.049,304.055,43.405,0.0083,0
2026-03-04 13:25:00,15035024859,11648805156,10,up,400.934,310.635,40.093,1.0663,0
2026-03-04 13:30:00,14750677959,9288179349,5,up,393.351,247.685,39.335,0.5037,0
2026-03-04 13:35:00,14236997923,11047520522,0,up,379.653,294.601,37.965,0.0296,0
2026-03-04 13:40:00,14450660078,9636201239,22,up,385.351,256.965,38.535,2.2856,0
2026-03-04 13:45:00,16884441230,8623957957,2,up,450.252,229.972,45.025,0.2787,0
2026-03-04 13:50:00,14396560652,9329792242,5,up,383.908,248.794,38.391,0.5767,0
2026-03-04 13:55:00,12586083516,9553865538,0,up,335.629,254.77,33.563,0.0207,0
2026-03-04 14:00:00,16338573195,11157209902,1,up,435.695,297.526,43.57,0.148,0
2026-03-04 14:05:00,14631222005,11951789215,3,up,390.166,318.714,39.017,0.3323,0
2026-03-04 14:10:00,15056512557,8643759646,0,up,401.507,230.5,40.151,0.0338,0
2026-03-04 14:15:00,17893640951,10943470953,2,up,477.164,291.826,47.716,0.2014,0
2026-03-04 14:20:00,14962990996,9017360285,1,up,399.013,240.463,39.901,0.1754,0
2026-03-04 14:25:00,15520530611,11292647615,0,up,413.881,301.137,41.388,0.073,0
2026-03-04 14:30:00,12877937715,9715359467,1,up,343.412,259.076,34.341,0.1071,0
2026-03-04 14:35:00,14604594985,9175325437,10,up,389.456,244.675,38.946,1.0245,0
2026-03-04 14:40:00,16097146881,11507577289,1,up,429.257,306.869,42.926,0.1022,0
2026-03-04 14:45:00,12200327279,9760477517,0,up,325.342,260.279,32.534,0.072,0
2026-03-04 14:50:00,15361521167,10101885421,2,up,409.641,269.384,40.964,0.2305,0
2026-03-04 14:55:00,15181423930,7702813749,3,up,404.838,205.408,40.484,0.3335,0
2026-03-04 15:00:00,15074317420,11692654715,3,up,401.982,311.804,40.198,0.3874,0
2026-03-04 15:05:00,16866886017,11534344736,4,up,449.784,307.583,44.978,0.421,0
2026-03-04 15:10:00,15601989326,10506876883,0,up,416.053,280.183,41.605,0.0113,0
2026-03-04 15:15:00,17660529417,8575248013,1,up,470.947,228.673,47.095,0.1501,0
2026-03-04 15:20:00,13211538871,12023805164,4,up,352.308,320.635,35.231,0.4461,0
2026-03-04 15:25:00,15244664220,9660508133,7,up,406.524,257.614,40.652,0.7057,0
2026-03-04 15:30:00,15152040215,9928774652,2,up,404.054,264.767,40.405,0.2765,0
2026-03-04 15:35:00,13075341911,13413175511,0,up,348.676,357.685,34.868,0.0161,0
2026-03-04 15:40:00,16721331003,9613418080,1,up,445.902,256.358,44.59,0.1516,0
2026-03-04 15:45:00,19184411950,11435184552,0,up,511.584,304.938,51.158,0.0231,0
2026-03-04 15:50:00,14969389065,11208236250,4,up,399.184,298.886,39.918,0.4141,0
2026-03-04 15:55:00,15909037958,10991616963,0,up,424.241,293.11,42.424,0.0197,0
2026-03-04 16:00:00,15152133256,10855320683,0,up,404.057,289.475,40.406,0.0616,0
2026-03-04 16:05:00,13715547594,10974249587,1,up,365.748,292.647,36.575,0.1618,0
2026-03-04 16:10:00,11722631499,10842645144,1,up,312.604,289.137,31.26,0.1863,0
2026-03-04 16:15:00,13729607730,10434582867,1,up,366.123,278.256,36.612,0.1565,0
2026-03-04 16:20:00,12494474914,12404216736,1,up,333.186,330.779,33.319,0.1867,0
2026-03-04 16:25:00,18067383740,8846047693,3,up,481.797,235.895,48.18,0.3747,0
2026-03-04 16:30:00,14792802550,11787037211,1,up,394.475,314.321,39.447,0.1383,0
2026-03-04 16:35:00,14377345207,11536151296,2,up,383.396,307.631,38.34,0.2381,0
2026-03-04 16:40:00,16600476884,11379982892,1,up,442.679,303.466,44.268,0.1084,0
2026-03-04 16:45:00,12980848014,11907394078,1,up,346.156,317.531,34.616,0.1309,0
2026-03-04 16:50:00,13619644731,10383324761,2,up,363.191,276.889,36.319,0.2854,0
2026-03-04 16:55:00,15122530084,8145092664,2,up,403.267,217.202,40.327,0.2023,0
2026-03-04 17:00:00,16851784184,10408911248,3,up,449.381,277.571,44.938,0.3852,0
2026-03-04 17:05:00,15903033081,9251095285,2,up,424.081,246.696,42.408,0.2467,0
2026-03-04 17:10:00,15446985256,9577857395,4,up,411.92,255.41,41.192,0.4882,0
2026-03-04 17:15:00,15140611923,8934551210,1,up,403.75,238.255,40.375,0.1758,0
2026-03-04 17:20:00,15720424539,9898545478,2,up,419.211,263.961,41.921,0.2026,0
2026-03-04 17:25:00,15362975229,9748254145,3,up,409.679,259.953,40.968,0.3326,0
2026-03-04 17:30:00,13146049905,7504262014,0,up,350.561,200.114,35.056,0.075,0
2026-03-04 17:35:00,15082942598,11382279608,1,up,402.212,303.527,40.221,0.1463,0
2026-03-04 17:40:00,13067360413,13297605541,2,up,348.463,354.603,34.846,0.2941,0
2026-03-04 17:45:00,15145948577,11263858863,0,up,403.892,300.37,40.389,0.0088,0
2026-03-04 17:50:00,14134833705,10244315814,1,up,376.929,273.182,37.693,0.1723,0
2026-03-04 17:55:00,19570886921,10431019541,2,up,521.89,278.161,52.189,0.274,0
2026-03-04 18:00:00,14928190109,9969557806,10,up,398.085,265.855,39.809,1.0268,0
2026-03-04 18:05:00,12472368780,10613452395,6,up,332.597,283.025,33.26,0.6287,0
2026-03-04 18:10:00,14758475620,10453369801,0,up,393.559,278.757,39.356,0.0989,0
2026-03-04 18:15:00,15934845742,9440278977,2,up,424.929,251.741,42.493,0.2123,0
2026-03-04 18:20:00,18012055103,12620439370,0,up,480.321,336.545,48.032,0.0174,0
2026-03-04 18:25:00,13938985680,8626185663,0,up,371.706,230.032,37.171,0.0826,0
2026-03-04 18:30:00,12151629646,11405097744,4,up,324.043,304.136,32.404,0.4473,0
2026-03-04 18:35:00,16470306620,10372490989,0,up,439.208,276.6,43.921,0.0395,0
2026-03-04 18:40:00,12514922329,12895048086,0,up,333.731,343.868,33.373,0.0894,0
2026-03-04 18:45:00,14214920205,10929489395,8,up,379.065,291.453,37.906,0.8649,0
2026-03-04 18:50:00,14536283126,10046519023,5,up,387.634,267.907,38.763,0.5209,0
2026-03-04 18:55:00,14874659784,10187888929,4,up,396.658,271.677,39.666,0.4567,0
2026-03-04 19:00:00,16240496022,10550282435,5,up,433.08,281.341,43.308,0.5998,0
2026-03-04 19:05:00,13769458291,9060083724,4,up,367.186,241.602,36.719,0.4154,0
2026-03-04 19:10:00,14507287346,9533744398,0,up,386.861,254.233,38.686,0.0385,0
2026-03-04 19:15:00,14974313364,8250970598,2,up,399.315,220.026,39.932,0.218,0
2026-03-04 19:20:00,15269276323,9337049108,1,up,407.181,248.988,40.718,0.1762,0
2026-03-04 19:25:00,15176088914,10618322166,1,up,404.696,283.155,40.47,0.1118,0
2026-03-04 19:30:00,15784810395,10878220562,5,up,420.928,290.086,42.093,0.5388,0
2026-03-04 19:35:00,16518911117,8006044584,1,up,440.504,213.495,44.05,0.1872,0
2026-03-04 19:40:00,15706741408,10327113254,0,up,418.846,275.39,41.885,0.0187,0
2026-03-04 19:45:00,15816453942,11209896538,0,up,421.772,298.931,42.177,0.0965,0
2026-03-04 19:50:00,12151998299,10294730636,0,up,324.053,274.526,32.405,0.0779,0
2026-03-04 19:55:00,15090409858,9701426306,6,up,402.411,258.705,40.241,0.6554,0
2026-03-04 20:00:00,15863113586,9980676957,3,up,423.016,266.151,42.302,0.3128,0
2026-03-04 20:05:00,16312094150,9818638172,2,up,434.989,261.83,43.499,0.2466,0
2026-03-04 20:10:00,13753768606,9697719495,2,up,366.767,258.606,36.677,0.212,0
2026-03-04 20:15:00,13813729305,10719017641,3,up,368.366,285.84,36.837,0.315,0
2026-03-04 20:20:00,13966618784,13407687166,4,up,372.443,357.538,37.244,0.4218,0
2026-03-04 20:25:00,15965545019,9562938104,2,up,425.748,255.012,42.575,0.2425,0
2026-03-04 20:30:00,16860985898,10099140282,8,up,449.626,269.31,44.963,0.8356,0
2026-03-04 20:35:00,14266571806,10434860596,11,up,380.442,278.263,38.044,1.1295,0
2026-03-04 20:40:00,16634332164,9633933412,16,up,443.582,256.905,44.358,1.6108,0
2026-03-04 20:45:00,15222263656,11883777112,3,up,405.927,316.901,40.593,0.332,0
2026-03-04 20:50:00,14776285601,7512684429,8,up,394.034,200.338,39.403,0.8092,0
2026-03-04 20:55:00,14619508386,9830865445,1,up,389.854,262.156,38.985,0.1555,0
2026-03-04 21:00:00,16343900456,11531075307,5,up,435.837,307.495,43.584,0.589,0
2026-03-04 21:05:00,15586040070,10129441171,7,up,415.628,270.118,41.563,0.7196,0
2026-03-04 21:10:00,19096485769,9465742911,7,up,509.24,252.42,50.924,0.7035,0
2026-03-04 21:15:00,13465995642,11055353510,5,up,359.093,294.809,35.909,0.5331,0
2026-03-04 21:20:00,15932583063,11641992476,1,up,424.869,310.453,42.487,0.1566,0
2026-03-04 21:25:00,14047438182,10765400660,0,up,374.598,287.077,37.46,0.0519,0
2026-03-04 21:30:00,13435283423,9490462346,1,up,358.274,253.079,35.827,0.1219,0
2026-03-04 21:35:00,14980439153,11074816182,4,up,399.478,295.328,39.948,0.4374,0
2026-03-04 21:40:00,15247234462,9993417881,0,up,406.593,266.491,40.659,0.0795,0
2026-03-04 21:45:00,20252712399,11438935471,1,up,540.072,305.038,54.007,0.1952,0
2026-03-04 21:50:00,14668537531,12368906194,2,up,391.161,329.837,39.116,0.25,0
2026-03-04 21:55:00,12965678286,7216973287,2,up,345.751,192.453,34.575,0.2778,0
2026-03-04 22:00:00,15491419291,10639945016,8,up,413.105,283.732,41.31,0.8234,0
2026-03-04 22:05:00,11265647932,8312975239,3,up,300.417,221.679,30.042,0.325,0
2026-03-04 22:10:00,14834477791,13576653617,4,up,395.586,362.044,39.559,0.463,0
2026-03-04 22:15:00,15028845508,9910163087,2,up,400.769,264.271,40.077,0.2616,0
2026-03-04 22:20:00,16430280689,11440430284,5,up,438.141,305.078,43.814,0.538,0
2026-03-04 22:25:00,16752520048,10455500756,0,up,446.734,278.813,44.673,0.0918,0
2026-03-04 22:30:00,14093574685,9488113428,0,up,375.829,253.016,37.583,0.0707,0
2026-03-04 22:35:00,14728894773,9338213160,7,up,392.771,249.019,39.277,0.7824,0
2026-03-04 22:40:00,13620982504,12497955758,3,up,363.226,333.279,36.323,0.3547,0
2026-03-04 22:45:00,12969487401,11704481955,3,up,345.853,312.12,34.585,0.334,0
2026-03-04 22:50:00,15557810602,12948915950,1,up,414.875,345.304,41.487,0.1889,0
2026-03-04 22:55:00,12707546012,10569871202,1,up,338.868,281.863,33.887,0.1418,0
2026-03-04 23:00:00,14253671578,10862778722,2,up,380.098,289.674,38.01,0.2434,0
2026-03-04 23:05:00,13208686872,10163338627,0,up,352.232,271.022,35.223,0.0385,0
2026-03-04 23:10:00,15989429735,10138276424,1,up,426.385,270.354,42.638,0.1819,0
2026-03-04 23:15:00,18242574178,9187222465,1,up,486.469,244.993,48.647,0.1823,0
2026-03-04 23:20:00,12657141630,10605852840,2,up,337.524,282.823,33.752,0.2319,0
2026-03-04 23:25:00,11664566730,9505549290,3,up,311.055,253.481,31.106,0.3021,0
2026-03-04 23:30:00,14775203606,11056805241,9,up,394.005,294.848,39.401,0.9462,0
2026-03-04 23:35:00,15028256032,10714212875,3,up,400.753,285.712,40.075,0.3168,0
2026-03-04 23:40:00,15393586752,10862479375,6,up,410.496,289.666,41.05,0.6455,0
2026-03-04 23:45:00,14196623072,12610663724,2,up,378.577,336.284,37.858,0.2438,0
2026-03-04 23:50:00,14638849262,10452475383,2,up,390.369,278.733,39.037,0.2958,0
2026-03-04 23:55:00,15661518738,11453476023,0,up,417.64,305.426,41.764,0.0217,0
2026-03-05 00:00:00,16872775606,13084901924,0,up,449.941,348.931,44.994,0.0429,0
2026-03-05 00:05:00,11480912213,12146337507,2,up,306.158,323.902,30.616,0.26,0
2026-03-05 00:10:00,14335909009,11952993820,1,up,382.291,318.747,38.229,0.1511,0
2026-03-05 00:15:00,15384855829,10113572848,4,up,410.263,269.695,41.026,0.4811,0
2026-03-05 00:20:00,13347643011,10789350250,2,up,355.937,287.716,35.594,0.235,0
2026-03-05 00:25:00,18116105337,8838971872,6,up,483.096,235.706,48.31,0.6419,0
2026-03-05 00:30:00,13856262215,11128632145,10,up,369.5,296.764,36.95,1.0762,0
2026-03-05 00:35:00,14925673163,10845819823,0,up,398.018,289.222,39.802,0.0479,0
2026-03-05 00:40:00,16000839774,10529465257,1,up,426.689,280.786,42.669,0.1507,0
2026-03-05 00:45:00,13935687380,11794265433,3,up,371.618,314.514,37.162,0.3281,0
2026-03-05 00:50:00,11676168513,8978203723,1,up,311.364,239.419,31.136,0.1094,0
2026-03-05 00:55:00,14228421851,12559927192,0,up,379.425,334.931,37.942,0.0932,0
2026-03-05 01:00:00,16852993000,11636223506,5,up,449.413,310.299,44.941,0.5042,0
2026-03-05 01:05:00,14393588771,10411001185,11,up,383.829,277.627,38.383,1.1793,0
2026-03-05 01:10:00,13476418257,10312600719,4,up,359.371,275.003,35.937,0.4459,0
2026-03-05 01:15:00,16666209977,11105570131,2,up,444.432,296.149,44.443,0.2225,0
2026-03-05 01:20:00,14404605187,12416272552,1,up,384.123,331.101,38.412,0.1753,0
2026-03-05 01:25:00,14081710535,10628025725,2,up,375.512,283.414,37.551,0.2327,0
2026-03-05 01:30:00,15269020961,10681478936,1,up,407.174,284.839,40.717,0.1864,0
2026-03-05 01:35:00,16387350377,10522829281,2,up,436.996,280.609,43.7,0.2097,0
2026-03-05 01:40:00,19287084357,12745350382,0,up,514.322,339.876,51.432,0.0682,0
2026-03-05 01:45:00,16489024993,10035207290,7,up,439.707,267.606,43.971,0.7022,0
2026-03-05 01:50:00,17087711939,10462820425,4,up,455.672,279.009,45.567,0.4214,0
2026-03-05 01:55:00,14089260841,12343928924,3,up,375.714,329.171,37.571,0.3427,0
2026-03-05 02:00:00,13153437409,10685233650,8,up,350.758,284.94,35.076,0.8983,0
2026-03-05 02:05:00,15112196429,11932694163,1,up,402.992,318.205,40.299,0.1004,0
2026-03-05 02:10:00,15192905847,9351787128,0,up,405.144,249.381,40.514,0.0254,0
2026-03-05 02:15:00,13058677065,10241331422,5,up,348.231,273.102,34.823,0.5248,0
2026-03-05 02:20:00,14684469846,12370386888,19,up,391.586,329.877,39.159,1.9345,0
2026-03-05 02:25:00,15718771683,9647811958,2,up,419.167,257.275,41.917,0.2591,0
2026-03-05 02:30:00,15648708111,10309363209,0,up,417.299,274.916,41.73,0.0182,0
2026-03-05 02:35:00,15907718136,10823423390,4,up,424.206,288.625,42.421,0.4549,0
2026-03-05 02:40:00,15523736514,9253665307,0,up,413.966,246.764,41.397,0.023,0
2026-03-05 02:45:00,14087384413,9978599250,2,up,375.664,266.096,37.566,0.233,0
2026-03-05 02:50:00,14074978872,10641922219,0,up,375.333,283.785,37.533,0.0975,0
2026-03-05 02:55:00,12841887483,10558818985,7,up,342.45,281.569,34.245,0.7396,0
2026-03-05 03:00:00,18212595070,12113243546,1,up,485.669,323.02,48.567,0.1801,0
2026-03-05 03:05:00,15024210656,12442236065,6,up,400.646,331.793,40.065,0.6862,0
2026-03-05 03:10:00,14595264499,9421333061,1,up,389.207,251.236,38.921,0.1066,0
2026-03-05 03:15:00,13328174253,10640198334,1,up,355.418,283.739,35.542,0.147,0
2026-03-05 03:20:00,20284184224,11349552868,8,up,540.912,302.655,54.091,0.8819,0
2026-03-05 03:25:00,13068009541,12410597806,0,up,348.48,330.949,34.848,0.0674,0
2026-03-05 03:30:00,14228073733,11405297774,2,up,379.415,304.141,37.942,0.2592,0
2026-03-05 03:35:00,15748506305,10866550886,1,up,419.96,289.775,41.996,0.1476,0
2026-03-05 03:40:00,16080383338,11339843590,4,up,428.81,302.396,42.881,0.4464,0
2026-03-05 03:45:00,16724277699,11348948731,0,up,445.981,302.639,44.598,0.0415,0
2026-03-05 03:50:00,18253695313,9331079991,1,up,486.765,248.829,48.677,0.1725,0
2026-03-05 03:55:00,15911083779,10742926478,3,up,424.296,286.478,42.43,0.3601,0
2026-03-05 04:00:00,13099144560,12338542852,1,up,349.311,329.028,34.931,0.1568,0
2026-03-05 04:05:00,14537498774,10238730471,0,up,387.667,273.033,38.767,0.0181,0
2026-03-05 04:10:00,15554098270,10663102769,3,up,414.776,284.349,41.478,0.3663,0
2026-03-05 04:15:00,18722806874,10194429273,2,up,499.275,271.851,49.927,0.2099,0
2026-03-05 04:20:00,12483950138,7584537035,0,up,332.905,202.254,33.291,0.0034,0
2026-03-05 04:25:00,17164637709,10525943623,2,up,457.724,280.692,45.772,0.2845,0
2026-03-05 04:30:00,15323845865,10880257832,7,up,408.636,290.14,40.864,0.7573,0
2026-03-05 04:35:00,16508094963,9854258327,0,up,440.216,262.78,44.022,0.0353,0
2026-03-05 04:40:00,14816409510,9045157444,2,up,395.104,241.204,39.51,0.268,0
2026-03-05 04:45:00,13483621265,9390435860,3,up,359.563,250.412,35.956,0.3913,0
2026-03-05 04:50:00,16351571002,11462876396,0,up,436.042,305.677,43.604,0.022,0
2026-03-05 04:55:00,16177975848,12985381214,0,up,431.413,346.277,43.141,0.0069,0
2026-03-05 05:00:00,16749702538,12241866009,1,up,446.659,326.45,44.666,0.1872,0
2026-03-05 05:05:00,14976051656,8806124033,4,up,399.361,234.83,39.936,0.4699,0
2026-03-05 05:10:00,13920320358,11576830411,0,up,371.209,308.715,37.121,0.0526,0
2026-03-05 05:15:00,12194183408,9664415406,5,up,325.178,257.718,32.518,0.5435,0
2026-03-05 05:20:00,16474871882,9766343501,3,up,439.33,260.436,43.933,0.3206,0
2026-03-05 05:25:00,15763001068,9917910746,1,up,420.347,264.478,42.035,0.1211,0
2026-03-05 05:30:00,13261591260,11389644356,2,up,353.642,303.724,35.364,0.2176,0
2026-03-05 05:35:00,14030567388,11708659254,10,up,374.148,312.231,37.415,1.0107,0
2026-03-05 05:40:00,14159834138,10376480850,0,up,377.596,276.706,37.76,0.0732,0
2026-03-05 05:45:00,12330628022,10397850866,2,up,328.817,277.276,32.882,0.2077,0
2026-03-05 05:50:00,13528171686,11084972316,2,up,360.751,295.599,36.075,0.2938,0
2026-03-05 05:55:00,12959105357,11215673119,0,up,345.576,299.085,34.558,0.0446,0
2026-03-05 06:00:00,14257537778,11982044390,0,up,380.201,319.521,38.02,0.0133,0
2026-03-05 06:05:00,13670344503,8881691310,0,up,364.543,236.845,36.454,0.0041,0
2026-03-05 06:10:00,12071391142,10525234448,1,up,321.904,280.673,32.19,0.1178,0
2026-03-05 06:15:00,18640662415,9154289286,0,up,497.084,244.114,49.708,0.023,0
2026-03-05 06:20:00,17254573315,10435812728,4,up,460.122,278.288,46.012,0.4885,0
2026-03-05 06:25:00,13597765041,10215019137,17,up,362.607,272.401,36.261,1.7765,0
2026-03-05 06:30:00,15490358513,10441095688,0,up,413.076,278.429,41.308,0.019,0
2026-03-05 06:35:00,15751437161,9492323960,1,up,420.038,253.129,42.004,0.1701,0
2026-03-05 06:40:00,17143954538,8626014860,0,up,457.172,230.027,45.717,0.0078,0
2026-03-05 06:45:00,13526510952,7861008716,0,up,360.707,209.627,36.071,0.0432,0
2026-03-05 06:50:00,16965792211,10334713005,1,up,452.421,275.592,45.242,0.117,0
2026-03-05 06:55:00,14013770452,9956938606,1,up,373.701,265.518,37.37,0.1501,0
2026-03-05 07:00:00,12595447672,9648318542,8,up,335.879,257.288,33.588,0.8429,0
2026-03-05 07:05:00,16303445806,12166411063,1,up,434.759,324.438,43.476,0.1512,0
2026-03-05 07:10:00,17323365163,9417107884,2,up,461.956,251.123,46.196,0.2057,0
2026-03-05 07:15:00,19658236152,12285210943,0,up,524.22,327.606,52.422,0.0845,0
2026-03-05 07:20:00,12840494522,12546043117,0,up,342.413,334.561,34.241,0.0,0
2026-03-05 07:25:00,16258055433,8041865411,6,up,433.548,214.45,43.355,0.6888,0
2026-03-05 07:30:00,14262357761,10616400638,0,up,380.33,283.104,38.033,0.0256,0
2026-03-05 07:35:00,16410045678,9996382421,9,up,437.601,266.57,43.76,0.9994,0
2026-03-05 07:40:00,12353118807,6831127029,0,up,329.417,182.163,32.942,0.0421,0
2026-03-05 07:45:00,12727014403,8679752021,2,up,339.387,231.46,33.939,0.2786,0
2026-03-05 07:50:00,13603425318,11476419494,22,up,362.758,306.038,36.276,2.2309,0
2026-03-05 07:55:00,15142135282,13044191058,0,up,403.79,347.845,40.379,0.0447,0
2026-03-05 08:00:00,13846053720,11637374459,1,up,369.228,310.33,36.923,0.1655,0
2026-03-05 08:05:00,16186297819,10907776915,4,up,431.635,290.874,43.163,0.4548,0
2026-03-05 08:10:00,16848410312,10473121199,0,up,449.291,279.283,44.929,0.0098,0
2026-03-05 08:15:00,16079239574,12620155272,3,up,428.78,336.537,42.878,0.3511,0
2026-03-05 08:20:00,17913817751,13206781394,0,up,477.702,352.181,47.77,0.0251,0
2026-03-05 08:25:00,15748487933,9760578223,0,up,419.96,260.282,41.996,0.081,0
2026-03-05 08:30:00,12809585921,7980016934,0,up,341.589,212.8,34.159,0.0523,0
2026-03-05 08:35:00,17454077724,7856283796,7,up,465.442,209.501,46.544,0.7136,0
2026-03-05 08:40:00,13910718775,12165570050,0,up,370.953,324.415,37.095,0.0597,0
2026-03-05 08:45:00,16638753299,10440706238,0,up,443.7,278.419,44.37,0.0124,0
2026-03-05 08:50:00,17832721589,10730884807,2,up,475.539,286.157,47.554,0.2657,0
2026-03-05 08:55:00,15822038419,8243779748,1,up,421.921,219.834,42.192,0.1275,0
2026-03-05 09:00:00,12306914136,9550981969,1,up,328.184,254.693,32.818,0.1561,0
2026-03-05 09:05:00,13347218100,10127694174,0,up,355.926,270.072,35.593,0.038,0
2026-03-05 09:10:00,17380940040,10761876363,4,up,463.492,286.983,46.349,0.4138,0
2026-03-05 09:15:00,14695579165,9997774030,2,up,391.882,266.607,39.188,0.2761,0
2026-03-05 09:20:00,15143232362,9192968990,1,up,403.82,245.146,40.382,0.1359,0
2026-03-05 09:25:00,16365883949,9511445589,0,up,436.424,253.639,43.642,0.0565,0
2026-03-05 09:30:00,16253381151,12022487340,2,up,433.423,320.6,43.342,0.27,0
2026-03-05 09:35:00,15501839662,10808428620,4,up,413.382,288.225,41.338,0.4523,0
2026-03-05 09:40:00,14624396931,11271317576,1,up,389.984,300.568,38.998,0.1124,0
2026-03-05 09:45:00,14437196797,9367418998,0,up,384.992,249.798,38.499,0.0079,0
2026-03-05 09:50:00,16544217885,6778182408,0,up,441.179,180.752,44.118,0.0724,0
2026-03-05 09:55:00,15996425155,9840888573,3,up,426.571,262.424,42.657,0.3441,0
2026-03-05 10:00:00,14536859998,9408121101,13,up,387.65,250.883,38.765,1.3556,0
2026-03-05 10:05:00,16947802163,10939755458,0,up,451.941,291.727,45.194,0.004,0
2026-03-05 10:10:00,14767738592,14640011879,1,up,393.806,390.4,39.381,0.1097,0
2026-03-05 10:15:00,13467008086,11375909182,0,up,359.12,303.358,35.912,0.0192,0
2026-03-05 10:20:00,13633852741,13947309800,1,up,363.569,371.928,36.357,0.1141,0
2026-03-05 10:25:00,13238266494,11216649816,1,up,353.02,299.111,35.302,0.1562,0
2026-03-05 10:30:00,14509661970,9706343340,7,up,386.924,258.836,38.692,0.761,0
2026-03-05 10:35:00,17220703701,10938374258,0,up,459.219,291.69,45.922,0.0252,0
2026-03-05 10:40:00,13550828674,12743604635,4,up,361.355,339.829,36.136,0.4504,0
2026-03-05 10:45:00,15339256369,12805248871,1,up,409.047,341.473,40.905,0.151,0
2026-03-05 10:50:00,13817959177,9775074916,5,up,368.479,260.669,36.848,0.5002,0
2026-03-05 10:55:00,14531443725,10819011456,2,up,387.505,288.507,38.751,0.2161,0
2026-03-05 11:00:00,12281925818,8699123731,0,up,327.518,231.977,32.752,0.012,0
2026-03-05 11:05:00,14603031187,11539082467,8,up,389.414,307.709,38.941,0.8768,0
2026-03-05 11:10:00,14651330316,12457226920,0,up,390.702,332.193,39.07,0.0259,0
2026-03-05 11:15:00,15972518299,10550147312,2,up,425.934,281.337,42.593,0.2732,0
2026-03-05 11:20:00,15401905643,9659096091,6,up,410.717,257.576,41.072,0.6303,0
2026-03-05 11:25:00,12842894175,10953764998,0,up,342.477,292.1,34.248,0.0249,0
2026-03-05 11:30:00,16951556839,11025998379,2,up,452.042,294.027,45.204,0.2422,0
2026-03-05 11:35:00,15378545472,10602241228,5,up,410.095,282.726,41.009,0.5217,0
2026-03-05 11:40:00,15357108330,10725181056,12,up,409.523,286.005,40.952,1.2876,0
2026-03-05 11:45:00,14983471763,10280993288,3,up,399.559,274.16,39.956,0.3866,0
2026-03-05 11:50:00,14068036595,11754903209,0,up,375.148,313.464,37.515,0.0979,0
2026-03-05 11:55:00,15392044211,11427646580,3,up,410.455,304.737,41.045,0.3608,0
2026-03-05 12:00:00,15856059184,9261290034,3,up,422.828,246.968,42.283,0.367,0
2026-03-05 12:05:00,11855587755,9226655840,3,up,316.149,246.044,31.615,0.3612,0
2026-03-05 12:10:00,14030230492,10179488234,5,up,374.139,271.453,37.414,0.5778,0
2026-03-05 12:15:00,14541095453,11428414776,0,up,387.763,304.758,38.776,0.0274,0
2026-03-05 12:20:00,15461107090,10686552341,0,up,412.296,284.975,41.23,0.0344,0
2026-03-05 12:25:00,17147959810,9689630483,3,up,457.279,258.39,45.728,0.307,0
2026-03-05 12:30:00,13610866533,10829513431,9,up,362.956,288.787,36.296,0.923,0
2026-03-05 12:35:00,14103668675,10083178745,1,up,376.098,268.885,37.61,0.1881,0
2026-03-05 12:40:00,14077438600,11609412939,9,up,375.398,309.584,37.54,0.9699,0
2026-03-05 12:45:00,13557250337,10919653628,8,up,361.527,291.191,36.153,0.8346,0
2026-03-05 12:50:00,14375064308,10102749483,6,up,383.335,269.407,38.334,0.6996,0
2026-03-05 12:55:00,16387443995,10791713652,7,up,436.999,287.779,43.7,0.7219,0
2026-03-05 13:00:00,13103096108,12156960555,6,up,349.416,324.186,34.942,0.6858,0
2026-03-05 13:05:00,15770065911,9782266103,5,up,420.535,260.86,42.054,0.5143,0
2026-03-05 13:10:00,11936575985,11007347796,3,up,318.309,293.529,31.831,0.3562,0
2026-03-05 13:15:00,13989591606,10411219971,0,up,373.056,277.633,37.306,0.0074,0
2026-03-05 13:20:00,14406919259,11037999441,0,up,384.185,294.347,38.418,0.0426,0
2026-03-05 13:25:00,18014747411,9675248173,0,up,480.393,258.007,48.039,0.0432,0
2026-03-05 13:30:00,14505355851,10639022645,0,up,386.809,283.707,38.681,0.0071,0
2026-03-05 13:35:00,11037761747,11895857335,0,up,294.34,317.223,29.434,0.0372,0
2026-03-05 13:40:00,11401999967,9319371203,7,up,304.053,248.517,30.405,0.7568,0
2026-03-05 13:45:00,15061253255,8824949569,3,up,401.633,235.332,40.163,0.327,0
2026-03-05 13:50:00,16104787540,8872765988,1,up,429.461,236.607,42.946,0.1122,0
2026-03-05 13:55:00,15675820543,9024965211,4,up,418.022,240.666,41.802,0.473,0
2026-03-05 14:00:00,15301626190,11250107342,2,up,408.043,300.003,40.804,0.201,0
2026-03-05 14:05:00,17092067275,8728616795,0,up,455.788,232.763,45.579,0.046,0
2026-03-05 14:10:00,14028735802,10124651865,6,up,374.1,269.991,37.41,0.6476,0
2026-03-05 14:15:00,16610839000,11279044522,1,up,442.956,300.775,44.296,0.124,0
2026-03-05 14:20:00,12062373206,11024990416,3,up,321.663,294.0,32.166,0.3601,0
2026-03-05 14:25:00,13371093900,10014195685,1,up,356.563,267.045,35.656,0.103,0
2026-03-05 14:30:00,11747325489,10740563902,2,up,313.262,286.415,31.326,0.208,0
2026-03-05 14:35:00,14505278458,10635003115,5,up,386.807,283.6,38.681,0.5083,0
2026-03-05 14:40:00,14916729808,10217456396,0,up,397.779,272.466,39.778,0.0512,0
2026-03-05 14:45:00,15205382686,10234348254,11,up,405.477,272.916,40.548,1.135,0
2026-03-05 14:50:00,15111390035,13316638567,0,up,402.97,355.11,40.297,0.0218,0
2026-03-05 14:55:00,13330404004,11519731738,2,up,355.477,307.193,35.548,0.2291,0
2026-03-05 15:00:00,14657566480,13625620156,7,up,390.868,363.35,39.087,0.7432,0
2026-03-05 15:05:00,12304595996,9873826452,8,up,328.123,263.302,32.812,0.8739,0
2026-03-05 15:10:00,17453812155,10392942087,0,up,465.435,277.145,46.543,0.0792,0
2026-03-05 15:15:00,14453473068,8821521535,0,up,385.426,235.241,38.543,0.0466,0
2026-03-05 15:20:00,14120004985,9479945829,3,up,376.533,252.799,37.653,0.3866,0
2026-03-05 15:25:00,17860092591,12896410567,0,up,476.269,343.904,47.627,0.0129,0
2026-03-05 15:30:00,12763956239,9842236794,1,up,340.372,262.46,34.037,0.1992,0
2026-03-05 15:35:00,12973943194,12918294438,4,up,345.972,344.488,34.597,0.4774,0
2026-03-05 15:40:00,13026803415,8933363551,2,up,347.381,238.223,34.738,0.2465,0
2026-03-05 15:45:00,14877831512,9172629017,0,up,396.742,244.603,39.674,0.0625,0
2026-03-05 15:50:00,15776936933,10070048661,2,up,420.718,268.535,42.072,0.2003,0
2026-03-05 15:55:00,16331415842,10419675098,7,up,435.504,277.858,43.55,0.7625,0
2026-03-05 16:00:00,19629591571,11663089988,2,up,523.456,311.016,52.346,0.2881,0
2026-03-05 16:05:00,10951021582,11067970725,3,up,292.027,295.146,29.203,0.3835,0
2026-03-05 16:10:00,16095724060,9975442775,1,up,429.219,266.012,42.922,0.123,0
2026-03-05 16:15:00,13997164969,10332022083,0,up,373.258,275.521,37.326,0.0627,0
2026-03-05 16:20:00,13944452732,10097980721,0,up,371.852,269.279,37.185,0.0886,0
2026-03-05 16:25:00,13884410169,9347536293,2,up,370.251,249.268,37.025,0.2285,0
2026-03-05 16:30:00,13364214592,9381166699,0,up,356.379,250.164,35.638,0.0986,0
2026-03-05 16:35:00,18032144702,11795133703,2,up,480.857,314.537,48.086,0.2342,0
2026-03-05 16:40:00,16516135188,8196512190,3,up,440.43,218.574,44.043,0.3691,0
2026-03-05 16:45:00,15041752761,12537871958,3,up,401.113,334.343,40.111,0.3977,0
2026-03-05 16:50:00,17431828354,10067827275,0,up,464.849,268.475,46.485,0.054,0
2026-03-05 16:55:00,12277447862,9526639155,4,up,327.399,254.044,32.74,0.4164,0
2026-03-05 17:00:00,12604730763,11432096706,3,up,336.126,304.856,33.613,0.3351,0
2026-03-05 17:05:00,11079658082,12371372896,0,up,295.458,329.903,29.546,0.0036,0
2026-03-05 17:10:00,13741053827,11908216876,0,up,366.428,317.552,36.643,0.0182,0
2026-03-05 17:15:00,15291057348,11132333582,3,up,407.762,296.862,40.776,0.3117,0
2026-03-05 17:20:00,15185145440,11869447997,1,up,404.937,316.519,40.494,0.1452,0
2026-03-05 17:25:00,15268815439,8337213052,0,up,407.168,222.326,40.717,0.0474,0
2026-03-05 17:30:00,12460097704,9842493517,0,up,332.269,262.466,33.227,0.0136,0
2026-03-05 17:35:00,16445678536,9351925724,0,up,438.551,249.385,43.855,0.0521,0
2026-03-05 17:40:00,15431329532,12043044801,9,up,411.502,321.148,41.15,0.9476,0
2026-03-05 17:45:00,16319497706,10016817696,3,up,435.187,267.115,43.519,0.3901,0
2026-03-05 17:50:00,11593028080,11565212261,2,up,309.147,308.406,30.915,0.225,0
2026-03-05 17:55:00,15560683545,11175179747,8,up,414.952,298.005,41.495,0.8518,0
2026-03-05 18:00:00,12862022568,9413493260,2,up,342.987,251.026,34.299,0.2896,0
2026-03-05 18:05:00,14284818145,9760432655,3,up,380.928,260.278,38.093,0.388,0
2026-03-05 18:10:00,15961856817,12130210290,0,up,425.65,323.472,42.565,0.0997,0
2026-03-05 18:15:00,15163968491,9522891862,2,up,404.372,253.944,40.437,0.2667,0
2026-03-05 18:20:00,13467228036,10657333188,0,up,359.126,284.196,35.913,0.0465,0
2026-03-05 18:25:00,15011291681,9513997979,1,up,400.301,253.707,40.03,0.1555,0
2026-03-05 18:30:00,12243236432,10104420244,0,up,326.486,269.451,32.649,0.0101,0
2026-03-05 18:35:00,17070481312,10441835950,0,up,455.213,278.449,45.521,0.0732,0
2026-03-05 18:40:00,14630488764,9513588197,0,up,390.146,253.696,39.015,0.0233,0
2026-03-05 18:45:00,17013389899,9289836837,1,up,453.69,247.729,45.369,0.1472,0
2026-03-05 18:50:00,14052242963,10860704404,5,up,374.726,289.619,37.473,0.5555,0
2026-03-05 18:55:00,14057563220,9435630864,1,up,374.868,251.617,37.487,0.1424,0
2026-03-05 19:00:00,13624463784,9478571479,5,up,363.319,252.762,36.332,0.5345,0
2026-03-05 19:05:00,16577113077,9316793038,3,up,442.056,248.448,44.206,0.3206,0
2026-03-05 19:10:00,13723023916,10401835861,2,up,365.947,277.382,36.595,0.2137,0
2026-03-05 19:15:00,16160271778,11689064059,0,up,430.941,311.708,43.094,0.0811,0
2026-03-05 19:20:00,14311585684,12398226081,7,up,381.642,330.619,38.164,0.7659,0
2026-03-05 19:25:00,11443266060,9585343211,0,up,305.154,255.609,30.515,0.0167,0
2026-03-05 19:30:00,13973434677,13209391599,3,up,372.625,352.25,37.262,0.3503,0
2026-03-05 19:35:00,12877605214,9234071875,2,up,343.403,246.242,34.34,0.2913,0
2026-03-05 19:40:00,15061024902,11865271139,1,up,401.627,316.407,40.163,0.1745,0
2026-03-05 19:45:00,12857266075,9590662467,0,up,342.86,255.751,34.286,0.0825,0
2026-03-05 19:50:00,16666755181,9402636679,1,up,444.447,250.737,44.445,0.169,0
2026-03-05 19:55:00,14836063451,9561607242,6,up,395.628,254.976,39.563,0.6185,0
2026-03-05 20:00:00,14680327209,10433915898,5,up,391.475,278.238,39.148,0.5438,0
2026-03-05 20:05:00,16180605848,11230764935,8,up,431.483,299.487,43.148,0.851,0
2026-03-05 20:10:00,16735032481,11344033727,1,up,446.268,302.508,44.627,0.1104,0
2026-03-05 20:15:00,14963822246,9310578880,1,up,399.035,248.282,39.904,0.1469,0
2026-03-05 20:20:00,13611839460,9253029297,0,up,362.982,246.747,36.298,0.0057,0
2026-03-05 20:25:00,11806854690,9345035246,8,up,314.849,249.201,31.485,0.8591,0
2026-03-05 20:30:00,13765110437,10359693452,1,up,367.07,276.258,36.707,0.1199,0
2026-03-05 20:35:00,13889017956,10235203938,1,up,370.374,272.939,37.037,0.1553,0
2026-03-05 20:40:00,15192703415,9302778917,7,up,405.139,248.074,40.514,0.7152,0
2026-03-05 20:45:00,14378735613,10839700654,2,up,383.433,289.059,38.343,0.2243,0
2026-03-05 20:50:00,16238279349,13350836698,2,up,433.021,356.022,43.302,0.2505,0
2026-03-05 20:55:00,13896630111,9864058518,0,up,370.577,263.042,37.058,0.0582,0
2026-03-05 21:00:00,14897325899,9953775105,2,up,397.262,265.434,39.726,0.2071,0
2026-03-05 21:05:00,17131177397,11205173578,7,up,456.831,298.805,45.683,0.7511,0
2026-03-05 21:10:00,15615285385,9795891472,2,up,416.408,261.224,41.641,0.2454,0
2026-03-05 21:15:00,14891932424,11342895246,0,up,397.118,302.477,39.712,0.0884,0
2026-03-05 21:20:00,13916500004,9594636189,0,up,371.107,255.857,37.111,0.0095,0
2026-03-05 21:25:00,13860183485,12808470705,1,up,369.605,341.559,36.96,0.123,0
2026-03-05 21:30:00,13468896144,10934416465,2,up,359.171,291.584,35.917,0.255,0
2026-03-05 21:35:00,14026187641,9718771084,0,up,374.032,259.167,37.403,0.0131,0
2026-03-05 21:40:00,16360198509,9758248458,2,up,436.272,260.22,43.627,0.2823,0
2026-03-05 21:45:00,14600601111,9852612311,2,up,389.349,262.736,38.935,0.2223,0
2026-03-05 21:50:00,12570408475,12229664579,4,up,335.211,326.124,33.521,0.459,0
2026-03-05 21:55:00,18182704727,8901373730,0,up,484.872,237.37,48.487,0.0088,0
2026-03-05 22:00:00,15575937344,9658393495,4,up,415.358,257.557,41.536,0.4554,0
2026-03-05 22:05:00,12467501879,9792307698,2,up,332.467,261.128,33.247,0.2207,0
2026-03-05 22:10:00,14204671930,10480233161,1,up,378.791,279.473,37.879,0.1389,0
2026-03-05 22:15:00,15199595489,10158401787,10,up,405.323,270.891,40.532,1.009,0
2026-03-05 22:20:00,18068265767,8621052932,0,up,481.82,229.895,48.182,0.0523,0
2026-03-05 22:25:00,13005397575,9996223418,2,up,346.811,266.566,34.681,0.2338,0
2026-03-05 22:30:00,16756873294,10374566139,1,up,446.85,276.655,44.685,0.1161,0
2026-03-05 22:35:00,17519075568,9708596727,2,up,467.175,258.896,46.718,0.2249,0
2026-03-05 22:40:00,13868422250,11365337116,2,up,369.825,303.076,36.982,0.2411,0
2026-03-05 22:45:00,14500475486,11658454620,0,up,386.679,310.892,38.668,0.0281,0
2026-03-05 22:50:00,13134643354,10401232758,3,up,350.257,277.366,35.026,0.3246,0
2026-03-05 22:55:00,14633769946,10790482399,3,up,390.234,287.746,39.023,0.3019,0
2026-03-05 23:00:00,14934138046,7777069443,4,up,398.244,207.389,39.824,0.4402,0
2026-03-05 23:05:00,16187369996,9969410507,0,up,431.663,265.851,43.166,0.0285,0
2026-03-05 23:10:00,16962330247,11766075331,1,up,452.329,313.762,45.233,0.1058,0
2026-03-05 23:15:00,13653427083,9966469905,3,up,364.091,265.773,36.409,0.315,0
2026-03-05 23:20:00,11458814884,9571050287,0,up,305.568,255.228,30.557,0.0441,0
2026-03-05 23:25:00,14961759397,13369888046,3,up,398.98,356.53,39.898,0.3396,0
2026-03-05 23:30:00,15528367553,12792037259,0,up,414.09,341.121,41.409,0.0183,0
2026-03-05 23:35:00,15448951837,11089144389,1,up,411.972,295.711,41.197,0.1224,0
2026-03-05 23:40:00,14411988154,11935027370,5,up,384.32,318.267,38.432,0.5626,0
2026-03-05 23:45:00,15224553779,7695321373,4,up,405.988,205.209,40.599,0.4466,0
2026-03-05 23:50:00,17727800655,9507685184,3,up,472.741,253.538,47.274,0.3105,0
2026-03-05 23:55:00,15687121504,9907853079,6,up,418.323,264.209,41.832,0.6131,0
2026-03-06 00:00:00,14327936834,10202665075,3,up,382.078,272.071,38.208,0.3706,0
2026-03-06 00:05:00,14099643929,9882670533,2,up,375.991,263.538,37.599,0.2198,0
2026-03-06 00:10:00,14694265756,7286966872,11,up,391.847,194.319,39.185,1.1694,0
2026-03-06 00:15:00,17946131931,10986391019,3,up,478.564,292.97,47.856,0.3561,0
2026-03-06 00:20:00,14670058722,11185004201,2,up,391.202,298.267,39.12,0.2759,0
2026-03-06 00:25:00,14964370179,12518392477,1,up,399.05,333.824,39.905,0.1577,0
2026-03-06 00:30:00,14131835572,9506730326,6,up,376.849,253.513,37.685,0.6981,0
2026-03-06 00:35:00,16978170043,9403594421,1,up,452.751,250.763,45.275,0.1052,0
2026-03-06 00:40:00,18527707058,7123219547,0,up,494.072,189.953,49.407,0.0028,0
2026-03-06 00:45:00,15811103488,10130105785,0,up,421.629,270.136,42.163,0.0657,0
2026-03-06 00:50:00,15148991226,11635400844,0,up,403.973,310.277,40.397,0.0348,0
2026-03-06 00:55:00,15066209099,9729172493,1,up,401.766,259.445,40.177,0.1153,0
2026-03-06 01:00:00,10708247780,13200740471,5,up,285.553,352.02,28.555,0.5244,0
2026-03-06 01:05:00,16341271555,10176690506,3,up,435.767,271.378,43.577,0.3163,0
2026-03-06 01:10:00,15241499548,10685210278,0,up,406.44,284.939,40.644,0.0555,0
2026-03-06 01:15:00,15771015691,8782490118,4,up,420.56,234.2,42.056,0.4665,0
2026-03-06 01:20:00,13719368050,10861897634,2,up,365.85,289.651,36.585,0.2105,0
2026-03-06 01:25:00,14307977617,8006057058,2,up,381.546,213.495,38.155,0.2157,0
2026-03-06 01:30:00,14260155114,11374059423,1,up,380.271,303.308,38.027,0.1349,0
2026-03-06 01:35:00,16838921371,11412779502,5,up,449.038,304.341,44.904,0.5999,0
2026-03-06 01:40:00,14318232294,12212707194,1,up,381.82,325.672,38.182,0.115,0
2026-03-06 01:45:00,18748788579,9214839414,0,up,499.968,245.729,49.997,0.0297,0
2026-03-06 01:50:00,15775552354,10702308269,1,up,420.681,285.395,42.068,0.1082,0
2026-03-06 01:55:00,12703771212,11210408864,3,up,338.767,298.944,33.877,0.377,0
2026-03-06 02:00:00,14768616672,11057274864,3,up,393.83,294.861,39.383,0.3215,0
2026-03-06 02:05:00,13826984780,9409722913,0,up,368.72,250.926,36.872,0.0625,0
2026-03-06 02:10:00,11050111554,7486102819,0,up,294.67,199.629,29.467,0.0356,0
2026-03-06 02:15:00,17879047692,10937169974,3,up,476.775,291.658,47.677,0.3244,0
2026-03-06 02:20:00,16265656575,10307850405,3,up,433.751,274.876,43.375,0.3385,0
2026-03-06 02:25:00,15959773172,9785995052,1,up,425.594,260.96,42.559,0.1368,0
2026-03-06 02:30:00,15297726588,11462571158,5,up,407.939,305.669,40.794,0.5551,0
2026-03-06 02:35:00,12512368376,10443401381,11,up,333.663,278.491,33.366,1.1478,0
2026-03-06 02:40:00,14129489148,8837814233,0,up,376.786,235.675,37.679,0.0691,0
2026-03-06 02:45:00,16515205394,8066370115,2,up,440.405,215.103,44.041,0.2582,0
2026-03-06 02:50:00,13107803946,9077506285,0,up,349.541,242.067,34.954,0.0016,0
2026-03-06 02:55:00,10442815230,13515195491,3,up,278.475,360.405,27.848,0.3745,0
2026-03-06 03:00:00,14591209185,11410698735,1,up,389.099,304.285,38.91,0.1605,0
2026-03-06 03:05:00,14744836402,10737651550,0,up,393.196,286.337,39.32,0.0644,0
2026-03-06 03:10:00,15244014149,10271107231,4,up,406.507,273.896,40.651,0.4186,0
2026-03-06 03:15:00,16311333558,10188284895,4,up,434.969,271.688,43.497,0.4992,0
2026-03-06 03:20:00,16147690462,11970666939,0,up,430.605,319.218,43.061,0.0354,0
2026-03-06 03:25:00,15465785649,9881849365,0,up,412.421,263.516,41.242,0.0126,0
2026-03-06 03:30:00,17151956498,11226919717,1,up,457.386,299.385,45.739,0.122,0
2026-03-06 03:35:00,12265854394,10060980782,2,up,327.089,268.293,32.709,0.295,0
2026-03-06 03:40:00,15908247266,12944597356,4,up,424.22,345.189,42.422,0.4731,0
2026-03-06 03:45:00,16127769054,11435283519,2,up,430.074,304.941,43.007,0.2369,0
2026-03-06 03:50:00,12768787885,12069401586,2,up,340.501,321.851,34.05,0.2608,0
2026-03-06 03:55:00,12294832904,9763643683,4,up,327.862,260.364,32.786,0.4826,0
2026-03-06 04:00:00,13657304172,11833251501,2,up,364.195,315.553,36.419,0.2258,0
2026-03-06 04:05:00,13809225403,10106152444,2,up,368.246,269.497,36.825,0.2834,0
2026-03-06 04:10:00,16356155034,10638643878,2,up,436.164,283.697,43.616,0.2178,0
2026-03-06 04:15:00,13893830189,12560160064,6,up,370.502,334.938,37.05,0.6372,0
2026-03-06 04:20:00,13458572667,9186103428,0,up,358.895,244.963,35.89,0.0806,0
2026-03-06 04:25:00,13899059273,10756092141,0,up,370.642,286.829,37.064,0.092,0
2026-03-06 04:30:00,17013538201,11051886625,0,up,453.694,294.717,45.369,0.0411,0
2026-03-06 04:35:00,15023478073,11155205519,5,up,400.626,297.472,40.063,0.5136,0
2026-03-06 04:40:00,14677348154,9932011538,1,up,391.396,264.854,39.14,0.1592,0
2026-03-06 04:45:00,14801990102,13128692767,1,up,394.72,350.098,39.472,0.1283,0
2026-03-06 04:50:00,17325708601,8868385824,11,up,462.019,236.49,46.202,1.1946,0
2026-03-06 04:55:00,13651490892,12338195589,7,up,364.04,329.019,36.404,0.7844,0
2026-03-06 05:00:00,17367914923,12030982663,10,up,463.144,320.826,46.314,1.0725,0
2026-03-06 05:05:00,15378893338,12895119874,0,up,410.104,343.87,41.01,0.046,0
2026-03-06 05:10:00,14711245112,8498833855,6,up,392.3,226.636,39.23,0.6656,0
2026-03-06 05:15:00,19501620896,9405272325,1,up,520.043,250.807,52.004,0.1196,0
2026-03-06 05:20:00,13099848918,12379848254,0,up,349.329,330.129,34.933,0.0038,0
2026-03-06 05:25:00,14363365632,8134930665,1,up,383.023,216.931,38.302,0.1489,0
2026-03-06 05:30:00,12781623769,8475861784,2,up,340.843,226.023,34.084,0.2135,0
2026-03-06 05:35:00,16714431546,9884732188,0,up,445.718,263.593,44.572,0.0344,0
2026-03-06 05:40:00,18040540080,10741912173,2,up,481.081,286.451,48.108,0.2314,0
2026-03-06 05:45:00,18005861006,12506203592,5,up,480.156,333.499,48.016,0.5135,0
2026-03-06 05:50:00,17203107755,10266564947,1,up,458.75,273.775,45.875,0.1423,0
2026-03-06 05:55:00,14644283157,9733618673,1,up,390.514,259.563,39.051,0.1305,0
2026-03-06 06:00:00,14342566240,10892351321,1,up,382.468,290.463,38.247,0.1241,0
2026-03-06 06:05:00,11991894409,11091691568,7,up,319.784,295.778,31.978,0.7696,0
2026-03-06 06:10:00,18664572363,11055962175,0,up,497.722,294.826,49.772,0.015,0
2026-03-06 06:15:00,15844160540,10275737377,1,up,422.511,274.02,42.251,0.1767,0
2026-03-06 06:20:00,14114477571,8036591496,0,up,376.386,214.309,37.639,0.0922,0
2026-03-06 06:25:00,17390502400,9343803853,6,up,463.747,249.168,46.375,0.6727,0
2026-03-06 06:30:00,13249023869,12289541567,0,up,353.307,327.721,35.331,0.0303,0
2026-03-06 06:35:00,15731919661,10735706861,1,up,419.518,286.286,41.952,0.159,0
2026-03-06 06:40:00,14689267558,10093622129,1,up,391.714,269.163,39.171,0.1567,0
2026-03-06 06:45:00,16149618851,11908892370,6,up,430.657,317.57,43.066,0.6578,0
2026-03-06 06:50:00,14885567629,9076053043,0,up,396.948,242.028,39.695,0.0728,0
2026-03-06 06:55:00,12388329795,10216061351,3,up,330.355,272.428,33.036,0.3106,0
2026-03-06 07:00:00,15136037470,10673575590,0,up,403.628,284.629,40.363,0.0433,0
2026-03-06 07:05:00,16887955455,9943864345,9,up,450.345,265.17,45.035,0.9236,0
2026-03-06 07:10:00,14947410469,10626961156,2,up,398.598,283.386,39.86,0.2697,0
2026-03-06 07:15:00,16395207218,10263505646,2,up,437.206,273.693,43.721,0.2953,0
2026-03-06 07:20:00,13118046925,8736827759,1,up,349.815,232.982,34.981,0.1706,0
2026-03-06 07:25:00,14952730572,10728662131,1,up,398.739,286.098,39.874,0.1257,0
2026-03-06 07:30:00,13875881180,8826276742,0,up,370.023,235.367,37.002,0.0717,0
2026-03-06 07:35:00,16344565512,10708675057,2,up,435.855,285.565,43.586,0.2779,0
2026-03-06 07:40:00,15056684812,12231411138,9,up,401.512,326.171,40.151,0.9274,0
2026-03-06 07:45:00,16242132617,10145910771,1,up,433.124,270.558,43.312,0.1338,0
2026-03-06 07:50:00,16957878767,9023931256,6,up,452.21,240.638,45.221,0.6441,0
2026-03-06 07:55:00,16244913435,10339995355,0,up,433.198,275.733,43.32,0.0483,0
2026-03-06 08:00:00,15491613181,9451716403,8,up,413.11,252.046,41.311,0.8253,0
2026-03-06 08:05:00,13203217934,11249081343,1,up,352.086,299.976,35.209,0.1295,0
2026-03-06 08:10:00,14994985000,10313534178,1,up,399.866,275.028,39.987,0.1433,0
2026-03-06 08:15:00,14040437276,12654301697,1,up,374.412,337.448,37.441,0.1864,0
2026-03-06 08:20:00,14380684877,11965366890,3,up,383.485,319.076,38.348,0.38,0
2026-03-06 08:25:00,14325838528,10307118564,3,up,382.022,274.856,38.202,0.3815,0
2026-03-06 08:30:00,13236133965,11401667425,1,up,352.964,304.044,35.296,0.1959,0
2026-03-06 08:35:00,11476790539,10004522124,2,up,306.048,266.787,30.605,0.2222,0
2026-03-06 08:40:00,13797342513,10542785675,0,up,367.929,281.141,36.793,0.0091,0
2026-03-06 08:45:00,15348083013,10044592912,1,up,409.282,267.856,40.928,0.1088,0
2026-03-06 08:50:00,12573281318,11465734509,1,up,335.288,305.753,33.529,0.1274,0
2026-03-06 08:55:00,15028228025,12305565228,2,up,400.753,328.148,40.075,0.2454,0
2026-03-06 09:00:00,18420483163,11506296741,2,up,491.213,306.835,49.121,0.2451,0
2026-03-06 09:05:00,16841501799,11661640117,3,up,449.107,310.977,44.911,0.3713,0
2026-03-06 09:10:00,17958374716,11663022130,3,up,478.89,311.014,47.889,0.3787,0
2026-03-06 09:15:00,15704030178,11194582462,0,up,418.774,298.522,41.877,0.0804,0
2026-03-06 09:20:00,17101517681,9064499439,4,up,456.04,241.72,45.604,0.4411,0
2026-03-06 09:25:00,13696863485,12643224114,0,up,365.25,337.153,36.525,0.0059,0
2026-03-06 09:30:00,13840187519,12773557641,3,up,369.072,340.628,36.907,0.3778,0
2026-03-06 09:35:00,10069547628,10205311699,0,up,268.521,272.142,26.852,0.0323,0
2026-03-06 09:40:00,17135061853,10032920626,3,up,456.935,267.545,45.693,0.3924,0
2026-03-06 09:45:00,17772583163,11271638682,2,up,473.936,300.577,47.394,0.2247,0
2026-03-06 09:50:00,14004280958,11194024172,1,up,373.447,298.507,37.345,0.1725,0
2026-03-06 09:55:00,14542886928,10245547953,3,up,387.81,273.215,38.781,0.352,0
2026-03-06 10:00:00,13643048195,8924967673,0,up,363.815,237.999,36.381,0.0111,0
2026-03-06 10:05:00,15688776392,10885183500,0,up,418.367,290.272,41.837,0.0759,0
2026-03-06 10:10:00,17024878581,11194810038,2,up,453.997,298.528,45.4,0.2875,0
2026-03-06 10:15:00,11863010447,11414534646,5,up,316.347,304.388,31.635,0.5636,0
2026-03-06 10:20:00,15736989355,10940108893,1,up,419.653,291.736,41.965,0.1439,0
2026-03-06 10:25:00,14501990810,10158394913,0,up,386.72,270.891,38.672,0.0898,0
2026-03-06 10:30:00,15204109905,11752442569,2,up,405.443,313.398,40.544,0.2194,0
2026-03-06 10:35:00,15826189203,10582969106,2,up,422.032,282.213,42.203,0.2921,0
2026-03-06 10:40:00,14661235610,9914197001,1,up,390.966,264.379,39.097,0.1635,0
2026-03-06 10:45:00,14813543663,10272376738,6,up,395.028,273.93,39.503,0.628,0
2026-03-06 10:50:00,14615024698,8300079019,2,up,389.734,221.335,38.973,0.2223,0
2026-03-06 10:55:00,16746569163,10270375301,0,up,446.575,273.877,44.658,0.0109,0
2026-03-06 11:00:00,15753767928,11367430015,0,up,420.1,303.131,42.01,0.0757,0
2026-03-06 11:05:00,15397050367,10928126607,1,up,410.588,291.417,41.059,0.1797,0
2026-03-06 11:10:00,12712286902,12416036857,3,up,338.994,331.094,33.899,0.3589,0
2026-03-06 11:15:00,14318556462,10168651608,0,up,381.828,271.164,38.183,0.0744,0
2026-03-06 11:20:00,16617604488,11114014585,11,up,443.136,296.374,44.314,1.1221,0
2026-03-06 11:25:00,15067853831,11498852622,1,up,401.809,306.636,40.181,0.1151,0
2026-03-06 11:30:00,16187156645,13451999830,2,up,431.658,358.72,43.166,0.2281,0
2026-03-06 11:35:00,18179721240,10682404518,0,up,484.793,284.864,48.479,0.0057,0
2026-03-06 11:40:00,16869490924,9184324154,6,up,449.853,244.915,44.985,0.6486,0
2026-03-06 11:45:00,15167685007,11568390229,4,up,404.472,308.49,40.447,0.4665,0
2026-03-06 11:50:00,14080219493,12850816468,0,up,375.473,342.688,37.547,0.0652,0
2026-03-06 11:55:00,10403610727,10093588625,8,up,277.43,269.162,27.743,0.812,0
2026-03-06 12:00:00,14696907139,11559762738,1,up,391.918,308.26,39.192,0.1139,0
2026-03-06 12:05:00,14413177507,12048197349,3,up,384.351,321.285,38.435,0.3535,0
2026-03-06 12:10:00,15702659149,11781502585,5,up,418.738,314.173,41.874,0.5127,0
2026-03-06 12:15:00,14722970591,10658203738,4,up,392.613,284.219,39.261,0.4052,0
2026-03-06 12:20:00,14423306893,9619923064,7,up,384.622,256.531,38.462,0.7488,0
2026-03-06 12:25:00,11797081925,10397587769,5,up,314.589,277.269,31.459,0.5991,0
2026-03-06 12:30:00,13308057907,11077836571,15,up,354.882,295.409,35.488,1.567,0
2026-03-06 12:35:00,15857971873,11644360380,0,up,422.879,310.516,42.288,0.0605,0
2026-03-06 12:40:00,18088633736,10920770760,1,up,482.364,291.221,48.236,0.1091,0
2026-03-06 12:45:00,14824454309,10021315962,3,up,395.319,267.235,39.532,0.3034,0
2026-03-06 12:50:00,15590059932,11199778366,3,up,415.735,298.661,41.573,0.3962,0
2026-03-06 12:55:00,16714460682,11583707185,2,up,445.719,308.899,44.572,0.2295,0
2026-03-06 13:00:00,13540390914,10978308671,0,up,361.077,292.755,36.108,0.023,0
2026-03-06 13:05:00,15660265277,9446404235,5,up,417.607,251.904,41.761,0.5528,0
2026-03-06 13:10:00,13667117808,10271428396,9,up,364.456,273.905,36.446,0.9723,0
2026-03-06 13:15:00,16556683989,11694254178,1,up,441.512,311.847,44.151,0.156,0
2026-03-06 13:20:00,15272525486,8757397560,0,up,407.267,233.531,40.727,0.0764,0
2026-03-06 13:25:00,15537213265,7862595691,0,up,414.326,209.669,41.433,0.0059,0
2026-03-06 13:30:00,13591322524,12400184391,0,up,362.435,330.672,36.244,0.0813,0
2026-03-06 13:35:00,16272658247,11144383221,3,up,433.938,297.184,43.394,0.3611,0
2026-03-06 13:40:00,18752483258,11264479803,7,up,500.066,300.386,50.007,0.7277,0
2026-03-06 13:45:00,13185758948,9143210613,0,up,351.62,243.819,35.162,0.0295,0
2026-03-06 13:50:00,14388433786,11429285359,2,up,383.692,304.781,38.369,0.2417,0
2026-03-06 13:55:00,15416893453,10846813346,3,up,411.117,289.248,41.112,0.3568,0
2026-03-06 14:00:00,16415531181,8503747251,0,up,437.747,226.767,43.775,0.097,0
2026-03-06 14:05:00,13992816686,12294597101,2,up,373.142,327.856,37.314,0.2531,0
2026-03-06 14:10:00,9900545477,10699940987,3,up,264.015,285.332,26.401,0.3768,0
2026-03-06 14:15:00,17446541089,10000934202,5,up,465.241,266.692,46.524,0.5455,0
2026-03-06 14:20:00,16368911015,10023732920,1,up,436.504,267.3,43.65,0.1807,0
2026-03-06 14:25:00,11862694445,7960820399,4,up,316.339,212.289,31.634,0.4133,0
2026-03-06 14:30:00,13906376174,11247604115,1,up,370.837,299.936,37.084,0.1078,0
2026-03-06 14:35:00,17822728373,10829940081,0,up,475.273,288.798,47.527,0.0719,0
2026-03-06 14:40:00,17606033553,10255459033,0,up,469.494,273.479,46.949,0.0622,0
2026-03-06 14:45:00,16689552040,12110891361,1,up,445.055,322.957,44.505,0.1334,0
2026-03-06 14:50:00,14682997618,8756337636,0,up,391.547,233.502,39.155,0.011,0
2026-03-06 14:55:00,15149377353,9748066679,0,up,403.983,259.948,40.398,0.0998,0
2026-03-06 15:00:00,14764333550,9428989599,3,up,393.716,251.44,39.372,0.3169,0
2026-03-06 15:05:00,17030831609,10148718325,3,up,454.156,270.632,45.416,0.3132,0
2026-03-06 15:10:00,13423483668,10585012231,0,up,357.96,282.267,35.796,0.0229,0
2026-03-06 15:15:00,13549560621,11041817040,1,up,361.322,294.448,36.132,0.1017,0
2026-03-06 15:20:00,16818494256,10062813449,2,up,448.493,268.342,44.849,0.2529,0
2026-03-06 15:25:00,14920149380,9394531773,1,up,397.871,250.521,39.787,0.1151,0
2026-03-06 15:30:00,17481241239,12624368756,1,up,466.166,336.65,46.617,0.1624,0
2026-03-06 15:35:00,13791278027,13538666641,3,up,367.767,361.031,36.777,0.3743,0
2026-03-06 15:40:00,14901398951,10680541206,0,up,397.371,284.814,39.737,0.0028,0
2026-03-06 15:45:00,13339656627,9546456737,0,up,355.724,254.572,35.572,0.0971,0
2026-03-06 15:50:00,15013252826,12359072205,0,up,400.353,329.575,40.035,0.0461,0
2026-03-06 15:55:00,12338615513,8677086046,0,up,329.03,231.389,32.903,0.041,0
2026-03-06 16:00:00,14122259842,10078185610,9,up,376.594,268.752,37.659,0.9585,0
2026-03-06 16:05:00,12414743043,9622892515,1,up,331.06,256.61,33.106,0.1418,0
2026-03-06 16:10:00,16249061819,9038985206,2,up,433.308,241.04,43.331,0.2247,0
2026-03-06 16:15:00,16289860811,10147169466,3,up,434.396,270.591,43.44,0.3971,0
2026-03-06 16:20:00,11885527085,9411143180,0,up,316.947,250.964,31.695,0.0146,0
2026-03-06 16:25:00,17400994341,10515944624,0,up,464.027,280.425,46.403,0.0827,0
2026-03-06 16:30:00,19495347227,10534243231,5,up,519.876,280.913,51.988,0.5354,0
2026-03-06 16:35:00,15082811496,9717122028,5,up,402.208,259.123,40.221,0.5941,0
2026-03-06 16:40:00,13845994331,10033153170,1,up,369.227,267.551,36.923,0.14,0
2026-03-06 16:45:00,20083795063,10209130300,1,up,535.568,272.243,53.557,0.1409,0
2026-03-06 16:50:00,12625856703,11520406037,4,up,336.69,307.211,33.669,0.4243,0
2026-03-06 16:55:00,15036191640,10312978954,1,up,400.965,275.013,40.097,0.1049,0
2026-03-06 17:00:00,15323320090,11539124193,0,up,408.622,307.71,40.862,0.0374,0
2026-03-06 17:05:00,17421265716,11238124359,0,up,464.567,299.683,46.457,0.0893,0
2026-03-06 17:10:00,15647530155,11220128678,1,up,417.267,299.203,41.727,0.147,0
2026-03-06 17:15:00,14102458987,12248685922,0,up,376.066,326.632,37.607,0.0161,0
2026-03-06 17:20:00,13287868133,9089567491,1,up,354.343,242.388,35.434,0.1954,0
2026-03-06 17:25:00,14384720723,9903789286,4,up,383.593,264.101,38.359,0.4041,0
2026-03-06 17:30:00,13187530750,12721756488,2,up,351.667,339.247,35.167,0.2163,0
2026-03-06 17:35:00,15086085575,10175781209,0,up,402.296,271.354,40.23,0.0224,0
2026-03-06 17:40:00,13984446876,6952944150,1,up,372.919,185.412,37.292,0.174,0
2026-03-06 17:45:00,12310731972,10244259887,3,up,328.286,273.18,32.829,0.3702,0
2026-03-06 17:50:00,17259262419,10670023808,0,up,460.247,284.534,46.025,0.018,0
2026-03-06 17:55:00,14104189457,7202437472,0,up,376.112,192.065,37.611,0.0185,0
2026-03-06 18:00:00,12717353751,12180758906,1,up,339.129,324.82,33.913,0.1389,0
2026-03-06 18:05:00,14697133557,9600722295,0,up,391.924,256.019,39.192,0.0651,0
2026-03-06 18:10:00,15123068818,10913989525,8,up,403.282,291.04,40.328,0.819,0
2026-03-06 18:15:00,11856359893,10215263252,2,up,316.17,272.407,31.617,0.2612,0
2026-03-06 18:20:00,15596965800,8876677211,1,up,415.919,236.711,41.592,0.1016,0
2026-03-06 18:25:00,13115116376,9151159750,3,up,349.736,244.031,34.974,0.366,0
2026-03-06 18:30:00,18079851856,9321795626,1,up,482.129,248.581,48.213,0.141,0
2026-03-06 18:35:00,15943128921,11867946605,0,up,425.15,316.479,42.515,0.0425,0
2026-03-06 18:40:00,14280180017,10314101882,0,up,380.805,275.043,38.08,0.0812,0
2026-03-06 18:45:00,13658698013,9842449449,3,up,364.232,262.465,36.423,0.3088,0
2026-03-06 18:50:00,14811058126,9322392770,0,up,394.962,248.597,39.496,0.016,0
2026-03-06 18:55:00,16103023334,12007149279,0,up,429.414,320.191,42.941,0.0955,0
2026-03-06 19:00:00,14954110568,12344893603,0,up,398.776,329.197,39.878,0.0701,0
2026-03-06 19:05:00,14609114147,11992777312,0,up,389.576,319.807,38.958,0.0674,0
2026-03-06 19:10:00,15105066523,11120471047,3,up,402.802,296.546,40.28,0.3444,0
2026-03-06 19:15:00,13913053923,10865185852,5,up,371.015,289.738,37.101,0.5243,0
2026-03-06 19:20:00,14382229331,8967918349,3,up,383.526,239.144,38.353,0.3775,0
2026-03-06 19:25:00,11245573609,10190267900,3,up,299.882,271.74,29.988,0.3113,0
2026-03-06 19:30:00,16752707215,9638336143,7,up,446.739,257.022,44.674,0.7447,0
2026-03-06 19:35:00,15537836004,8199854742,0,up,414.342,218.663,41.434,0.018,0
2026-03-06 19:40:00,13607779480,11831874708,0,up,362.874,315.517,36.287,0.055,0
2026-03-06 19:45:00,18417722966,9623254267,1,up,491.139,256.62,49.114,0.1605,0
2026-03-06 19:50:00,15156629664,12006886803,1,up,404.177,320.184,40.418,0.1398,0
2026-03-06 19:55:00,13134941570,11611000464,1,up,350.265,309.627,35.027,0.1624,0
2026-03-06 20:00:00,16542127358,11201464650,0,up,441.123,298.706,44.112,0.0694,0
2026-03-06 20:05:00,15716486789,11272233930,0,up,419.106,300.593,41.911,0.0486,0
2026-03-06 20:10:00,15710243973,9724704508,2,up,418.94,259.325,41.894,0.2135,0
2026-03-06 20:15:00,14233639911,12840891190,7,up,379.564,342.424,37.956,0.7895,0
2026-03-06 20:20:00,15810892302,10554338043,1,up,421.624,281.449,42.162,0.1493,0
2026-03-06 20:25:00,14528835077,10880433923,0,up,387.436,290.145,38.744,0.0133,0
2026-03-06 20:30:00,16000694612,9682163819,3,up,426.685,258.191,42.669,0.3674,0
2026-03-06 20:35:00,11571099982,9326731771,1,up,308.563,248.713,30.856,0.1032,0
2026-03-06 20:40:00,14219027766,11101392971,0,up,379.174,296.037,37.917,0.0843,0
2026-03-06 20:45:00,18099879176,10774067004,1,up,482.663,287.308,48.266,0.1176,0
2026-03-06 20:50:00,13619278580,9505416018,3,up,363.181,253.478,36.318,0.386,0
2026-03-06 20:55:00,13913091064,8687582334,5,up,371.016,231.669,37.102,0.5125,0
2026-03-06 21:00:00,14193669590,8899896909,2,up,378.498,237.331,37.85,0.2661,0
2026-03-06 21:05:00,12813348955,12007128483,1,up,341.689,320.19,34.169,0.1168,0
2026-03-06 21:10:00,11025094602,9727300193,1,up,294.003,259.395,29.4,0.1115,0
2026-03-06 21:15:00,14584944482,10072975232,0,up,388.932,268.613,38.893,0.0398,0
2026-03-06 21:20:00,15244546963,12327428726,8,up,406.521,328.731,40.652,0.8123,0
2026-03-06 21:25:00,14905490876,9086090292,3,up,397.48,242.296,39.748,0.3049,0
2026-03-06 21:30:00,14739218588,9583986519,0,up,393.046,255.573,39.305,0.0082,0
2026-03-06 21:35:00,15077473567,9531353796,3,up,402.066,254.169,40.207,0.3257,0
2026-03-06 21:40:00,16841114648,12538766286,1,up,449.096,334.367,44.91,0.1778,0
2026-03-06 21:45:00,14657196865,13011663210,10,up,390.859,346.978,39.086,1.0787,0
2026-03-06 21:50:00,13966651361,11446969664,5,up,372.444,305.253,37.244,0.5129,0
2026-03-06 21:55:00,14493974127,11487064752,0,up,386.506,306.322,38.651,0.0564,0
2026-03-06 22:00:00,16042824167,9768752696,3,up,427.809,260.5,42.781,0.382,0
2026-03-06 22:05:00,17541648381,12953633893,1,up,467.777,345.43,46.778,0.1994,0
2026-03-06 22:10:00,13869341269,10837297280,0,up,369.849,288.995,36.985,0.0621,0
2026-03-06 22:15:00,15178080816,11574918933,3,up,404.749,308.665,40.475,0.3599,0
2026-03-06 22:20:00,15609043395,10367038577,2,up,416.241,276.454,41.624,0.2378,0
2026-03-06 22:25:00,13213359587,10162278939,0,up,352.356,270.994,35.236,0.0093,0
2026-03-06 22:30:00,15036750900,12595433247,3,up,400.98,335.878,40.098,0.312,0
2026-03-06 22:35:00,12361787056,11180051836,3,up,329.648,298.135,32.965,0.3023,0
2026-03-06 22:40:00,11815709453,12328733080,0,up,315.086,328.766,31.509,0.0467,0
2026-03-06 22:45:00,15660143534,10821713496,1,up,417.604,288.579,41.76,0.1288,0
2026-03-06 22:50:00,14309025465,9431058164,2,up,381.574,251.495,38.157,0.2645,0
2026-03-06 22:55:00,15364104733,9764987904,0,up,409.709,260.4,40.971,0.0448,0
2026-03-06 23:00:00,14967789041,10629736205,5,up,399.141,283.46,39.914,0.5746,0
2026-03-06 23:05:00,13242479912,9710609727,0,up,353.133,258.95,35.313,0.0084,0
2026-03-06 23:10:00,14918542256,9104598625,0,up,397.828,242.789,39.783,0.0326,0
2026-03-06 23:15:00,12780417650,12013785460,0,up,340.811,320.368,34.081,0.037,0
2026-03-06 23:20:00,17503750244,9813463710,2,up,466.767,261.692,46.677,0.2253,0
2026-03-06 23:25:00,12559253379,10674122862,2,up,334.913,284.643,33.491,0.2904,0
2026-03-06 23:30:00,14647586512,10873128323,1,up,390.602,289.95,39.06,0.1551,0
2026-03-06 23:35:00,13123911141,9758927062,1,up,349.971,260.238,34.997,0.1022,0
2026-03-06 23:40:00,16026758112,12328007327,4,up,427.38,328.747,42.738,0.4971,0
2026-03-06 23:45:00,14403423531,9092401380,0,up,384.091,242.464,38.409,0.0212,0
2026-03-06 23:50:00,14066399904,10829647832,0,up,375.104,288.791,37.51,0.0987,0
2026-03-06 23:55:00,16535762781,10810108310,0,up,440.954,288.27,44.095,0.012,0
2026-03-07 00:00:00,15052975065,10431639200,0,up,401.413,278.177,40.141,0.0042,0
2026-03-07 00:05:00,15929960002,8865890107,1,up,424.799,236.424,42.48,0.1308,0
2026-03-07 00:10:00,13233613314,11597230115,0,up,352.896,309.259,35.29,0.065,0
2026-03-07 00:15:00,12471329500,11436823444,0,up,332.569,304.982,33.257,0.0937,0
2026-03-07 00:20:00,15192974331,9648783653,5,up,405.146,257.301,40.515,0.516,0
2026-03-07 00:25:00,14426076560,11391433881,0,up,384.695,303.772,38.47,0.0534,0
2026-03-07 00:30:00,16127582410,10972383684,4,up,430.069,292.597,43.007,0.4546,0
2026-03-07 00:35:00,14856164785,8886428696,3,up,396.164,236.971,39.616,0.3372,0
2026-03-07 00:40:00,15369135610,9424049567,1,up,409.844,251.308,40.984,0.1186,0
2026-03-07 00:45:00,12077911446,11934234620,2,up,322.078,318.246,32.208,0.2373,0
2026-03-07 00:50:00,18399186491,10889864393,1,up,490.645,290.396,49.064,0.1763,0
2026-03-07 00:55:00,14704364426,9788978288,0,up,392.116,261.039,39.212,0.0412,0
2026-03-07 01:00:00,16255656546,9418320377,7,up,433.484,251.155,43.348,0.7131,0
2026-03-07 01:05:00,13495034993,9850603814,2,up,359.868,262.683,35.987,0.2529,0
2026-03-07 01:10:00,15554417823,9939955792,6,up,414.784,265.065,41.478,0.6367,0
2026-03-07 01:15:00,12654879425,9434086578,5,up,337.463,251.576,33.746,0.5209,0
2026-03-07 01:20:00,15813722108,8305377218,0,up,421.699,221.477,42.17,0.0249,0
2026-03-07 01:25:00,14359246648,11936416740,0,up,382.913,318.304,38.291,0.0697,0
2026-03-07 01:30:00,15052542907,11722998427,0,up,401.401,312.613,40.14,0.0471,0
2026-03-07 01:35:00,16256353254,8895698130,5,up,433.503,237.219,43.35,0.533,0
2026-03-07 01:40:00,12781427439,10671752232,5,up,340.838,284.58,34.084,0.5951,0
2026-03-07 01:45:00,13767914884,9363179864,2,up,367.144,249.685,36.714,0.2252,0
2026-03-07 01:50:00,15823183705,10170425298,0,up,421.952,271.211,42.195,0.033,0
2026-03-07 01:55:00,18776798654,10065594109,0,up,500.715,268.416,50.071,0.0437,0
2026-03-07 02:00:00,14751451797,9960928888,5,up,393.372,265.625,39.337,0.5039,0
2026-03-07 02:05:00,16064045012,13023713325,7,up,428.375,347.299,42.837,0.7943,0
2026-03-07 02:10:00,14807451354,9945189637,0,up,394.865,265.205,39.487,0.0667,0
2026-03-07 02:15:00,18496042070,9481587580,0,up,493.228,252.842,49.323,0.0034,0
2026-03-07 02:20:00,11855000999,9539147398,1,up,316.133,254.377,31.613,0.1206,0
2026-03-07 02:25:00,15170317880,11815158965,0,up,404.542,315.071,40.454,0.0093,0
2026-03-07 02:30:00,12074020739,8418351062,5,up,321.974,224.489,32.197,0.528,0
2026-03-07 02:35:00,10488171173,9539095125,2,up,279.685,254.376,27.968,0.2029,0
2026-03-07 02:40:00,15535431695,12322996778,3,up,414.278,328.613,41.428,0.3081,0
2026-03-07 02:45:00,15251096033,10807422596,1,up,406.696,288.198,40.67,0.159,0
2026-03-07 02:50:00,14487293512,10741821726,1,up,386.328,286.449,38.633,0.1272,0
2026-03-07 02:55:00,14808850637,13186504539,0,up,394.903,351.64,39.49,0.0754,0
2026-03-07 03:00:00,20576938981,10810398420,4,up,548.718,288.277,54.872,0.4416,0
2026-03-07 03:05:00,14535284751,9607685436,3,up,387.608,256.205,38.761,0.3568,0
2026-03-07 03:10:00,15918223850,10144582908,1,up,424.486,270.522,42.449,0.1342,0
2026-03-07 03:15:00,13831143324,9069355290,1,up,368.83,241.849,36.883,0.1162,0
2026-03-07 03:20:00,15531418635,12082480670,0,up,414.171,322.199,41.417,0.0004,0
2026-03-07 03:25:00,14571179384,11223947764,0,up,388.565,299.305,38.856,0.0197,0
2026-03-07 03:30:00,14261066731,11916761828,2,up,380.295,317.78,38.03,0.2929,0
2026-03-07 03:35:00,18274017357,12028359749,2,up,487.307,320.756,48.731,0.2168,0
2026-03-07 03:40:00,17118932933,9978094416,1,up,456.505,266.083,45.65,0.1712,0
2026-03-07 03:45:00,15246143965,9309611406,5,up,406.564,248.256,40.656,0.5272,0
2026-03-07 03:50:00,10852418515,10434841479,2,up,289.398,278.262,28.94,0.2103,0
2026-03-07 03:55:00,14350183398,9400321050,1,up,382.672,250.675,38.267,0.1456,0
2026-03-07 04:00:00,19865449615,10707845663,0,up,529.745,285.543,52.975,0.0528,0
2026-03-07 04:05:00,14584809000,11926442069,5,up,388.928,318.038,38.893,0.5156,0
2026-03-07 04:10:00,16985791629,10288144045,2,up,452.954,274.351,45.295,0.2576,0
2026-03-07 04:15:00,17595496323,10688993813,0,up,469.213,285.04,46.921,0.0291,0
2026-03-07 04:20:00,15394135048,10381754523,3,up,410.51,276.847,41.051,0.314,0
2026-03-07 04:25:00,13484721062,11511436741,1,up,359.593,306.972,35.959,0.1661,0
2026-03-07 04:30:00,10616437802,9658594183,5,up,283.105,257.563,28.311,0.5004,0
2026-03-07 04:35:00,16231493775,7732477710,7,up,432.84,206.199,43.284,0.7537,0
2026-03-07 04:40:00,13533439194,11093294762,2,up,360.892,295.821,36.089,0.2752,0
2026-03-07 04:45:00,15317070813,11744671370,3,up,408.455,313.191,40.846,0.3946,0
2026-03-07 04:50:00,12750323388,11062431548,0,up,340.009,294.998,34.001,0.0175,0
2026-03-07 04:55:00,14522572427,9693309575,2,up,387.269,258.488,38.727,0.2465,0
2026-03-07 05:00:00,15060694298,9069884756,4,up,401.619,241.864,40.162,0.4224,0
2026-03-07 05:05:00,15483468445,11123066890,2,up,412.892,296.615,41.289,0.206,0
2026-03-07 05:10:00,12993320062,10678263480,2,up,346.489,284.754,34.649,0.2701,0
2026-03-07 05:15:00,17154439707,10341501289,6,up,457.452,275.773,45.745,0.6876,0
2026-03-07 05:20:00,13925589387,12796303812,0,up,371.349,341.235,37.135,0.0662,0
2026-03-07 05:25:00,11985954971,9307031881,0,up,319.625,248.188,31.963,0.031,0
2026-03-07 05:30:00,14803757844,12736546646,3,up,394.767,339.641,39.477,0.352,0
2026-03-07 05:35:00,15061875556,10540047720,5,up,401.65,281.068,40.165,0.5192,0
2026-03-07 05:40:00,15289060979,8187181199,5,up,407.708,218.325,40.771,0.5701,0
2026-03-07 05:45:00,17451838326,10274204655,3,up,465.382,273.979,46.538,0.3079,0
2026-03-07 05:50:00,14574392093,11708965056,5,up,388.65,312.239,38.865,0.5373,0
2026-03-07 05:55:00,14784684676,10040030658,3,up,394.258,267.734,39.426,0.3619,0
2026-03-07 06:00:00,13014268113,8641779038,0,up,347.047,230.447,34.705,0.0274,0
2026-03-07 06:05:00,16476996305,10292711689,4,up,439.387,274.472,43.939,0.4307,0
2026-03-07 06:10:00,15331756315,9419962808,0,up,408.847,251.199,40.885,0.0593,0
2026-03-07 06:15:00,14243950090,11119686145,0,up,379.839,296.525,37.984,0.081,0
2026-03-07 06:20:00,11571585551,11474483768,1,up,308.576,305.986,30.858,0.1506,0
2026-03-07 06:25:00,17599941951,9169099286,1,up,469.332,244.509,46.933,0.1133,0
2026-03-07 06:30:00,12790176063,9610686890,1,up,341.071,256.285,34.107,0.1164,0
2026-03-07 06:35:00,13935699583,11453369506,0,up,371.619,305.423,37.162,0.0556,0
2026-03-07 06:40:00,15645020119,9417856209,1,up,417.201,251.143,41.72,0.1044,0
2026-03-07 06:45:00,12846195728,9136480748,0,up,342.565,243.639,34.257,0.006,0
2026-03-07 06:50:00,12311682399,9014849173,1,up,328.312,240.396,32.831,0.1921,0
2026-03-07 06:55:00,11176894351,10943568652,4,up,298.051,291.828,29.805,0.4391,0
2026-03-07 07:00:00,16297794515,10889538726,5,up,434.608,290.388,43.461,0.5947,0
2026-03-07 07:05:00,14018664759,9638102001,5,up,373.831,257.016,37.383,0.5152,0
2026-03-07 07:10:00,20269086166,10506407599,1,up,540.509,280.171,54.051,0.1616,0
2026-03-07 07:15:00,13210160881,12424186804,3,up,352.271,331.312,35.227,0.3933,0
2026-03-07 07:20:00,13341388157,9272684202,1,up,355.77,247.272,35.577,0.1019,0
2026-03-07 07:25:00,13982292653,8040804312,0,up,372.861,214.421,37.286,0.0171,0
2026-03-07 07:30:00,15437642379,11073395225,3,up,411.67,295.291,41.167,0.3381,0
2026-03-07 07:35:00,14153633990,10360894533,3,up,377.43,276.291,37.743,0.3139,0
2026-03-07 07:40:00,16102197985,9605368390,4,up,429.392,256.143,42.939,0.4853,0
2026-03-07 07:45:00,13238540898,11321621099,2,up,353.028,301.91,35.303,0.2872,0
2026-03-07 07:50:00,12513134906,11557423682,0,up,333.684,308.198,33.368,0.0512,0
2026-03-07 07:55:00,11763213469,7717569694,5,up,313.686,205.802,31.369,0.5755,0
2026-03-07 08:00:00,10997566497,9677726634,2,up,293.268,258.073,29.327,0.2961,0
2026-03-07 08:05:00,14067475764,13420070451,4,up,375.133,357.869,37.513,0.4945,0
2026-03-07 08:10:00,14458235437,11235090193,4,up,385.553,299.602,38.555,0.4463,0
2026-03-07 08:15:00,13863413350,11351890584,1,up,369.691,302.717,36.969,0.1061,0
2026-03-07 08:20:00,17238130434,11977846791,0,up,459.683,319.409,45.968,0.0232,0
2026-03-07 08:25:00,17210454377,10521506719,0,up,458.945,280.574,45.895,0.0583,0
2026-03-07 08:30:00,14397354622,11503822041,0,up,383.929,306.769,38.393,0.0292,0
2026-03-07 08:35:00,11770941996,11404758175,0,up,313.892,304.127,31.389,0.0837,0
2026-03-07 08:40:00,13979930805,11179192285,1,up,372.798,298.112,37.28,0.1846,0
2026-03-07 08:45:00,13920321490,10094264917,7,up,371.209,269.18,37.121,0.7119,0
2026-03-07 08:50:00,13817157067,10716794242,6,up,368.458,285.781,36.846,0.6168,0
2026-03-07 08:55:00,13744105972,9758664428,3,up,366.509,260.231,36.651,0.3804,0
2026-03-07 09:00:00,13823766787,10516146023,0,up,368.634,280.431,36.863,0.0073,0
2026-03-07 09:05:00,14304225091,9027701475,1,up,381.446,240.739,38.145,0.1253,0
2026-03-07 09:10:00,13856026022,9503813770,3,up,369.494,253.435,36.949,0.344,0
2026-03-07 09:15:00,15374980515,10144286827,0,up,409.999,270.514,41.0,0.0414,0
2026-03-07 09:20:00,15648663688,9310931156,4,up,417.298,248.291,41.73,0.4845,0
2026-03-07 09:25:00,13360838843,9863678238,7,up,356.289,263.031,35.629,0.738,0
2026-03-07 09:30:00,17287917586,10293453269,1,up,461.011,274.492,46.101,0.1311,0
2026-03-07 09:35:00,13235887856,11006850554,3,up,352.957,293.516,35.296,0.3671,0
2026-03-07 09:40:00,12087958895,11696064200,0,up,322.346,311.895,32.235,0.0481,0
2026-03-07 09:45:00,15685400528,9915631692,3,up,418.277,264.417,41.828,0.3521,0
2026-03-07 09:50:00,13528665358,12182231817,0,up,360.764,324.86,36.076,0.0065,0
2026-03-07 09:55:00,15578324647,11682649959,0,up,415.422,311.537,41.542,0.049,0
2026-03-07 10:00:00,10673396518,11135158228,3,up,284.624,296.938,28.462,0.3712,0
2026-03-07 10:05:00,17506420694,10693597902,3,up,466.838,285.163,46.684,0.3733,0
2026-03-07 10:10:00,16210128134,10902092260,3,up,432.27,290.722,43.227,0.3075,0
2026-03-07 10:15:00,12299142211,11995684449,1,up,327.977,319.885,32.798,0.1947,0
2026-03-07 10:20:00,12338201177,12041710371,3,up,329.019,321.112,32.902,0.3371,0
2026-03-07 10:25:00,18010078627,12182032877,4,up,480.269,324.854,48.027,0.4459,0
2026-03-07 10:30:00,13672716173,10552071808,10,up,364.606,281.389,36.461,1.0187,0
2026-03-07 10:35:00,13498467272,11199258627,6,up,359.959,298.647,35.996,0.6585,0
2026-03-07 10:40:00,10921106230,12192868598,4,up,291.229,325.143,29.123,0.4747,0
2026-03-07 10:45:00,14368599229,9714117796,3,up,383.163,259.043,38.316,0.356,0
2026-03-07 10:50:00,14590104693,10098794764,2,up,389.069,269.301,38.907,0.2561,0
2026-03-07 10:55:00,16287887574,10520206195,0,up,434.344,280.539,43.434,0.0386,0
2026-03-07 11:00:00,12481658829,11633494409,0,up,332.844,310.227,33.284,0.0543,0
2026-03-07 11:05:00,12263483773,11653116909,5,up,327.026,310.75,32.703,0.5149,0
2026-03-07 11:10:00,15811732742,10209111219,4,up,421.646,272.243,42.165,0.4878,0
2026-03-07 11:15:00,16812114128,8599152087,2,up,448.323,229.311,44.832,0.2859,0
2026-03-07 11:20:00,12171925767,10810191769,1,up,324.585,288.272,32.458,0.1733,0
2026-03-07 11:25:00,16946725355,9342921666,0,up,451.913,249.145,45.191,0.0079,0
2026-03-07 11:30:00,15067575314,8622680382,1,up,401.802,229.938,40.18,0.1189,0
2026-03-07 11:35:00,16965249610,8907521833,1,up,452.407,237.534,45.241,0.1637,0
2026-03-07 11:40:00,14873603349,10911240069,1,up,396.629,290.966,39.663,0.1996,0
2026-03-07 11:45:00,10459899748,12214907074,7,up,278.931,325.731,27.893,0.7949,0
2026-03-07 11:50:00,14726458711,10549007090,0,up,392.706,281.307,39.271,0.0345,0
2026-03-07 11:55:00,16908258873,10766339624,2,up,450.887,287.102,45.089,0.2195,0
2026-03-07 12:00:00,13391257165,11990447622,1,up,357.1,319.745,35.71,0.1376,0
2026-03-07 12:05:00,14301663055,8553986814,13,up,381.378,228.106,38.138,1.3845,0
2026-03-07 12:10:00,14682959693,11155422291,5,up,391.546,297.478,39.155,0.5939,0
2026-03-07 12:15:00,9780875016,10485396871,1,up,260.823,279.611,26.082,0.1733,0
2026-03-07 12:20:00,18008425635,11213232398,24,up,480.225,299.02,48.022,2.4292,0
2026-03-07 12:25:00,13377523776,9890810275,2,up,356.734,263.755,35.673,0.2165,0
2026-03-07 12:30:00,15910323778,9469399014,0,up,424.275,252.517,42.428,0.0549,0
2026-03-07 12:35:00,14843937954,10677041219,2,up,395.838,284.721,39.584,0.2435,0
2026-03-07 12:40:00,17263714301,12577981067,0,up,460.366,335.413,46.037,0.0769,0
2026-03-07 12:45:00,15730901020,11584746731,3,up,419.491,308.927,41.949,0.3034,0
2026-03-07 12:50:00,14577136311,9860307109,8,up,388.724,262.942,38.872,0.8315,0
2026-03-07 12:55:00,13391672833,8810375234,4,up,357.111,234.943,35.711,0.4628,0
2026-03-07 13:00:00,16436131262,8380595222,0,up,438.297,223.483,43.83,0.0957,0
2026-03-07 13:05:00,11627805652,12158285309,1,up,310.075,324.221,31.007,0.1057,0
2026-03-07 13:10:00,16162602756,9296596316,0,up,431.003,247.909,43.1,0.0215,0
2026-03-07 13:15:00,13021719447,10089853099,1,up,347.246,269.063,34.725,0.101,0
2026-03-07 13:20:00,17254110591,12164726018,0,up,460.11,324.393,46.011,0.0292,0
2026-03-07 13:25:00,15290339176,8466484166,2,up,407.742,225.773,40.774,0.2076,0
2026-03-07 13:30:00,16159422782,12380253281,3,up,430.918,330.14,43.092,0.3697,0
2026-03-07 13:35:00,15147579864,10180413028,4,up,403.935,271.478,40.394,0.4173,0
2026-03-07 13:40:00,11845721228,9052785022,0,up,315.886,241.408,31.589,0.0184,0
2026-03-07 13:45:00,13450687505,10188337831,1,up,358.685,271.689,35.869,0.1246,0
2026-03-07 13:50:00,16210300807,9589528055,1,up,432.275,255.721,43.227,0.102,0
2026-03-07 13:55:00,15299980471,11055432946,0,up,407.999,294.812,40.8,0.033,0
2026-03-07 14:00:00,17125781829,9683353133,1,up,456.688,258.223,45.669,0.135,0
2026-03-07 14:05:00,15725894213,8091330814,1,up,419.357,215.769,41.936,0.1067,0
2026-03-07 14:10:00,13259936596,10222091206,3,up,353.598,272.589,35.36,0.3019,0
2026-03-07 14:15:00,13567084552,8790753234,6,up,361.789,234.42,36.179,0.6445,0
2026-03-07 14:20:00,15185251302,10757443053,1,up,404.94,286.865,40.494,0.182,0
2026-03-07 14:25:00,10834720681,9004215781,4,up,288.926,240.112,28.893,0.4119,0
2026-03-07 14:30:00,18012195394,9885103868,0,up,480.325,263.603,48.033,0.0474,0
2026-03-07 14:35:00,15795144125,10730060633,6,up,421.204,286.135,42.12,0.676,0
2026-03-07 14:40:00,17208662274,10232302006,0,up,458.898,272.861,45.89,0.0497,0
2026-03-07 14:45:00,12154912906,10815542156,0,up,324.131,288.414,32.413,0.064,0
2026-03-07 14:50:00,17240217288,11357161828,0,up,459.739,302.858,45.974,0.0338,0
2026-03-07 14:55:00,19016698039,9041003538,1,up,507.112,241.093,50.711,0.1112,0
2026-03-07 15:00:00,12622418960,10418859098,2,up,336.598,277.836,33.66,0.2412,0
2026-03-07 15:05:00,16388523230,6304825215,13,up,437.027,168.129,43.703,1.3267,0
2026-03-07 15:10:00,15001997900,10811639960,4,up,400.053,288.31,40.005,0.473,0
2026-03-07 15:15:00,12220019073,10120974195,1,up,325.867,269.893,32.587,0.1436,0
2026-03-07 15:20:00,15887191149,9260853298,2,up,423.658,246.956,42.366,0.2573,0
2026-03-07 15:25:00,16500485768,10897806472,2,up,440.013,290.608,44.001,0.2929,0
2026-03-07 15:30:00,13917972205,11977598947,5,up,371.146,319.403,37.115,0.519,0
2026-03-07 15:35:00,17098649736,9900217638,4,up,455.964,264.006,45.596,0.4001,0
2026-03-07 15:40:00,11999825867,9309533742,2,up,319.995,248.254,32.0,0.2527,0
2026-03-07 15:45:00,12309438936,10707931830,3,up,328.252,285.545,32.825,0.3319,0
2026-03-07 15:50:00,15245875312,8817135600,4,up,406.557,235.124,40.656,0.411,0
2026-03-07 15:55:00,15045693500,9667919473,0,up,401.218,257.811,40.122,0.0429,0
2026-03-07 16:00:00,13710167720,12040226723,0,up,365.604,321.073,36.56,0.0671,0
2026-03-07 16:05:00,16457269984,10578345829,3,up,438.861,282.089,43.886,0.35,0
2026-03-07 16:10:00,15955609765,8131871625,5,up,425.483,216.85,42.548,0.57,0
2026-03-07 16:15:00,16544650327,8235790524,1,up,441.191,219.621,44.119,0.1579,0
2026-03-07 16:20:00,14778354416,10704227972,11,up,394.089,285.446,39.409,1.172,0
2026-03-07 16:25:00,16084644482,11586612125,0,up,428.924,308.976,42.892,0.073,0
2026-03-07 16:30:00,14197829454,8461796962,1,up,378.609,225.648,37.861,0.1617,0
2026-03-07 16:35:00,18696873642,11066637885,1,up,498.583,295.11,49.858,0.1427,0
2026-03-07 16:40:00,13537417613,12176232819,7,up,360.998,324.7,36.1,0.799,0
2026-03-07 16:45:00,18789535373,12878702324,1,up,501.054,343.432,50.105,0.1008,0
2026-03-07 16:50:00,15062798304,10917340677,1,up,401.675,291.129,40.167,0.1909,0
2026-03-07 16:55:00,12524080398,11138571269,0,up,333.975,297.029,33.398,0.0622,0
2026-03-07 17:00:00,17462542830,7812187621,2,up,465.668,208.325,46.567,0.221,0
2026-03-07 17:05:00,15226622499,13145688210,5,up,406.043,350.552,40.604,0.5843,0
2026-03-07 17:10:00,16532023377,9774882331,1,up,440.854,260.664,44.085,0.1087,0
2026-03-07 17:15:00,17202940653,9323826340,4,up,458.745,248.635,45.875,0.4995,0
2026-03-07 17:20:00,15608319997,10178440270,7,up,416.222,271.425,41.622,0.7268,0
2026-03-07 17:25:00,13933966479,12404708501,0,up,371.572,330.792,37.157,0.0227,0
2026-03-07 17:30:00,16756284079,13282138019,4,up,446.834,354.19,44.683,0.4237,0
2026-03-07 17:35:00,15001359913,10658014936,0,up,400.036,284.214,40.004,0.0884,0
2026-03-07 17:40:00,16234544073,11757586057,0,up,432.921,313.536,43.292,0.0578,0
2026-03-07 17:45:00,11123284967,10554437101,2,up,296.621,281.452,29.662,0.2757,0
2026-03-07 17:50:00,15804567090,9192377703,3,up,421.455,245.13,42.146,0.3668,0
2026-03-07 17:55:00,13850545514,12360697025,1,up,369.348,329.619,36.935,0.1506,0
2026-03-07 18:00:00,17975957346,9716119374,0,up,479.359,259.097,47.936,0.012,0
2026-03-07 18:05:00,16121557226,12434768774,7,up,429.908,331.594,42.991,0.7181,0
2026-03-07 18:10:00,15431743942,12136162075,3,up,411.513,323.631,41.151,0.3936,0
2026-03-07 18:15:00,15875357988,11273685692,0,up,423.343,300.632,42.334,0.0951,0
2026-03-07 18:20:00,13202806464,12804508192,2,up,352.075,341.454,35.207,0.2061,0
2026-03-07 18:25:00,17921862042,13312756001,0,up,477.916,355.007,47.792,0.0085,0
2026-03-07 18:30:00,18584466753,10279193362,1,up,495.586,274.112,49.559,0.1243,0
2026-03-07 18:35:00,15707244318,9480919410,2,up,418.86,252.825,41.886,0.2218,0
2026-03-07 18:40:00,17862726423,8151020005,2,up,476.339,217.361,47.634,0.2185,0
2026-03-07 18:45:00,13975533242,13328299641,0,up,372.681,355.421,37.268,0.07,0
2026-03-07 18:50:00,13565195580,9946000668,4,up,361.739,265.227,36.174,0.4498,0
2026-03-07 18:55:00,15073664547,11930146439,1,up,401.964,318.137,40.196,0.1065,0
2026-03-07 19:00:00,15782893869,9566018236,2,up,420.877,255.094,42.088,0.2605,0
2026-03-07 19:05:00,14290823973,12438214707,0,up,381.089,331.686,38.109,0.095,0
2026-03-07 19:10:00,15967982742,9617851834,1,up,425.813,256.476,42.581,0.1661,0
2026-03-07 19:15:00,15551501067,8998433891,0,up,414.707,239.958,41.471,0.0698,0
2026-03-07 19:20:00,13203047804,10237281896,3,up,352.081,272.994,35.208,0.3007,0
2026-03-07 19:25:00,15933827431,9829962616,1,up,424.902,262.132,42.49,0.1663,0
2026-03-07 19:30:00,16554350836,11251337729,0,up,441.449,300.036,44.145,0.0049,0
2026-03-07 19:35:00,15308644771,10435242391,0,up,408.231,278.273,40.823,0.0086,0
2026-03-07 19:40:00,17074766585,11290905017,1,up,455.327,301.091,45.533,0.1911,0
2026-03-07 19:45:00,12808673171,10133312943,0,up,341.565,270.222,34.156,0.0607,0
2026-03-07 19:50:00,15842310759,9661964712,2,up,422.462,257.652,42.246,0.2639,0
2026-03-07 19:55:00,12893494728,9764713709,1,up,343.827,260.392,34.383,0.1574,0
2026-03-07 20:00:00,12994653555,13076622885,3,up,346.524,348.71,34.652,0.3188,0
2026-03-07 20:05:00,13864324499,10783715374,9,up,369.715,287.566,36.972,0.9134,0
2026-03-07 20:10:00,13304291669,8000459616,2,up,354.781,213.346,35.478,0.2257,0
2026-03-07 20:15:00,14013607526,9844536643,4,up,373.696,262.521,37.37,0.4645,0
2026-03-07 20:20:00,14614529440,10622051200,4,up,389.721,283.255,38.972,0.4196,0
2026-03-07 20:25:00,16506878075,12825203598,7,up,440.183,342.005,44.018,0.7645,0
2026-03-07 20:30:00,14421913730,11796160382,0,up,384.584,314.564,38.458,0.0722,0
2026-03-07 20:35:00,12145873727,9338635526,5,up,323.89,249.03,32.389,0.5269,0
2026-03-07 20:40:00,17052122123,13547128249,7,up,454.723,361.257,45.472,0.7078,0
2026-03-07 20:45:00,13493237759,10460737940,1,up,359.82,278.953,35.982,0.1497,0
2026-03-07 20:50:00,14894303231,12070375561,1,up,397.181,321.877,39.718,0.113,0
2026-03-07 20:55:00,15803765712,9044689293,9,up,421.434,241.192,42.143,0.9112,0
2026-03-07 21:00:00,15359298753,7478314499,2,up,409.581,199.422,40.958,0.2964,0
2026-03-07 21:05:00,16969523185,8725376322,1,up,452.521,232.677,45.252,0.1437,0
2026-03-07 21:10:00,15862205658,6404579819,4,up,422.992,170.789,42.299,0.4708,0
2026-03-07 21:15:00,13449642756,13161232552,1,up,358.657,350.966,35.866,0.1089,0
2026-03-07 21:20:00,18921411913,10770311477,0,up,504.571,287.208,50.457,0.0582,0
2026-03-07 21:25:00,15349800234,9334948536,2,up,409.328,248.932,40.933,0.2356,0
2026-03-07 21:30:00,14734787592,11070306277,2,up,392.928,295.208,39.293,0.2506,0
2026-03-07 21:35:00,16735065761,10738560885,5,up,446.268,286.362,44.627,0.5242,0
2026-03-07 21:40:00,15449011702,11282376078,1,up,411.974,300.863,41.197,0.1832,0
2026-03-07 21:45:00,15718610747,12024009565,5,up,419.163,320.64,41.916,0.5056,0
2026-03-07 21:50:00,19485931197,10134699347,1,up,519.625,270.259,51.962,0.1119,0
2026-03-07 21:55:00,14504781429,9391402474,2,up,386.794,250.437,38.679,0.257,0
2026-03-07 22:00:00,14428030390,11542996770,0,up,384.747,307.813,38.475,0.0701,0
2026-03-07 22:05:00,15209841321,11510939300,1,up,405.596,306.958,40.56,0.1461,0
2026-03-07 22:10:00,16928728684,10626927118,5,up,451.433,283.385,45.143,0.5846,0
2026-03-07 22:15:00,12288238745,13243718277,0,up,327.686,353.166,32.769,0.073,0
2026-03-07 22:20:00,11461999395,9948344125,4,up,305.653,265.289,30.565,0.4986,0
2026-03-07 22:25:00,13943192512,9366178955,0,up,371.818,249.765,37.182,0.0998,0
2026-03-07 22:30:00,12058938673,11026795198,0,up,321.572,294.048,32.157,0.0105,0
2026-03-07 22:35:00,14235303574,9649578300,0,up,379.608,257.322,37.961,0.0349,0
2026-03-07 22:40:00,15904499453,11124350820,4,up,424.12,296.649,42.412,0.411,0
2026-03-07 22:45:00,13396652045,9450409597,0,up,357.244,252.011,35.724,0.0912,0
2026-03-07 22:50:00,12431712161,9995694723,3,up,331.512,266.552,33.151,0.3185,0
2026-03-07 22:55:00,15124806891,12882458929,3,up,403.328,343.532,40.333,0.3604,0
2026-03-07 23:00:00,16552578272,9988959930,1,up,441.402,266.372,44.14,0.127,0
2026-03-07 23:05:00,11949047810,9493447054,1,up,318.641,253.159,31.864,0.1933,0
2026-03-07 23:10:00,16476418316,11975055273,1,up,439.371,319.335,43.937,0.1551,0
2026-03-07 23:15:00,16471151166,9175687142,8,up,439.231,244.685,43.923,0.8832,0
2026-03-07 23:20:00,16717353183,9626891530,1,up,445.796,256.717,44.58,0.1157,0
2026-03-07 23:25:00,17193264386,11226467011,0,up,458.487,299.372,45.849,0.0608,0
2026-03-07 23:30:00,18963625064,11682398394,1,up,505.697,311.531,50.57,0.1365,0
2026-03-07 23:35:00,14359034312,12037800252,3,up,382.908,321.008,38.291,0.3322,0
2026-03-07 23:40:00,15197228844,9558500491,3,up,405.259,254.893,40.526,0.3586,0
2026-03-07 23:45:00,14250410820,11250970927,7,up,380.011,300.026,38.001,0.7733,0
2026-03-07 23:50:00,15003558320,9912703668,6,up,400.095,264.339,40.009,0.6405,0
2026-03-07 23:55:00,17759172040,9736873901,1,up,473.578,259.65,47.358,0.102,0
2026-03-08 00:00:00,12578973928,12016048105,1,up,335.439,320.428,33.544,0.1822,0
2026-03-08 00:05:00,13450110590,9807561461,4,up,358.67,261.535,35.867,0.4126,0
2026-03-08 00:10:00,17478925685,10850537790,7,up,466.105,289.348,46.61,0.745,0
2026-03-08 00:15:00,16836065712,10696030131,1,up,448.962,285.227,44.896,0.1234,0
2026-03-08 00:20:00,14346363035,9150849485,1,up,382.57,244.023,38.257,0.1763,0
2026-03-08 00:25:00,16537923602,11717276997,6,up,441.011,312.461,44.101,0.6892,0
2026-03-08 00:30:00,15614188516,11205953926,1,up,416.378,298.825,41.638,0.1332,0
2026-03-08 00:35:00,17700494296,7997273829,1,up,472.013,213.261,47.201,0.1965,0
2026-03-08 00:40:00,15134117268,10849550600,7,up,403.576,289.321,40.358,0.7046,0
2026-03-08 00:45:00,16846137804,9526053472,4,up,449.23,254.028,44.923,0.4862,0
2026-03-08 00:50:00,19755621438,11882314886,0,up,526.817,316.862,52.682,0.0837,0
2026-03-08 00:55:00,16076578479,8678796205,1,up,428.709,231.435,42.871,0.1178,0
2026-03-08 01:00:00,15088790698,10050839019,1,up,402.368,268.022,40.237,0.1306,0
2026-03-08 01:05:00,16300404573,10956150934,7,up,434.677,292.164,43.468,0.7317,0
2026-03-08 01:10:00,14342494455,10568468770,20,up,382.467,281.826,38.247,2.0531,0
2026-03-08 01:15:00,19298341869,11461327403,4,up,514.622,305.635,51.462,0.4462,0
2026-03-08 01:20:00,15324127867,8586788297,1,up,408.643,228.981,40.864,0.1987,0
2026-03-08 01:25:00,14508720023,12581412064,0,up,386.899,335.504,38.69,0.0031,0
2026-03-08 01:30:00,13495759790,11161682270,3,up,359.887,297.645,35.989,0.3587,0
2026-03-08 01:35:00,16974996344,12213244948,1,up,452.667,325.687,45.267,0.148,0
2026-03-08 01:40:00,16560937343,11601542613,3,up,441.625,309.374,44.162,0.3007,0
2026-03-08 01:45:00,14104762131,10485371255,2,up,376.127,279.61,37.613,0.28,0
2026-03-08 01:50:00,16037612421,8881910254,1,up,427.67,236.851,42.767,0.1967,0
2026-03-08 01:55:00,12284599257,9789922991,8,up,327.589,261.065,32.759,0.8668,0
2026-03-08 02:00:00,15332947035,12502849799,0,up,408.879,333.409,40.888,0.007,0
2026-03-08 02:05:00,15814961433,12245651604,3,up,421.732,326.551,42.173,0.3736,0
2026-03-08 02:10:00,18073193657,9719304025,1,up,481.952,259.181,48.195,0.1582,0
2026-03-08 02:15:00,13612526155,6948936599,3,up,363.001,185.305,36.3,0.3753,0
2026-03-08 02:20:00,12698965268,10232010934,3,up,338.639,272.854,33.864,0.3374,0
2026-03-08 02:25:00,13388229670,10137494360,0,up,357.019,270.333,35.702,0.0031,0
2026-03-08 02:30:00,12594176699,10185286508,1,up,335.845,271.608,33.584,0.1008,0
2026-03-08 02:35:00,17405983243,11165959394,0,up,464.16,297.759,46.416,0.0629,0
2026-03-08 02:40:00,17787550731,11604027849,0,up,474.335,309.441,47.433,0.0548,0
2026-03-08 02:45:00,15576389840,11747777429,3,up,415.37,313.274,41.537,0.3911,0
2026-03-08 02:50:00,17198330902,11061593516,0,up,458.622,294.976,45.862,0.0822,0
2026-03-08 02:55:00,15241125085,8231028915,1,up,406.43,219.494,40.643,0.1932,0
2026-03-08 03:00:00,14828799034,10070088336,0,up,395.435,268.536,39.543,0.0851,0
2026-03-08 03:05:00,14400532285,13403153127,2,up,384.014,357.417,38.401,0.2604,0
2026-03-08 03:10:00,14441296215,10971513085,3,up,385.101,292.574,38.51,0.3825,0
2026-03-08 03:15:00,12213957198,10963452656,1,up,325.706,292.359,32.571,0.1206,0
2026-03-08 03:20:00,15475658574,10952952284,2,up,412.684,292.079,41.268,0.2772,0
2026-03-08 03:25:00,14927398961,11023378324,5,up,398.064,293.957,39.806,0.5226,0
2026-03-08 03:30:00,16341649303,7497278651,0,up,435.777,199.927,43.578,0.0297,0
2026-03-08 03:35:00,15168342293,10198199360,3,up,404.489,271.952,40.449,0.3721,0
2026-03-08 03:40:00,14707133337,10452255031,1,up,392.19,278.727,39.219,0.1171,0
2026-03-08 03:45:00,13431852545,12114684203,0,up,358.183,323.058,35.818,0.0393,0
2026-03-08 03:50:00,15129875826,10560067847,2,up,403.463,281.602,40.346,0.2367,0
2026-03-08 03:55:00,16328827015,8425395652,0,up,435.435,224.677,43.544,0.077,0
2026-03-08 04:00:00,12941989816,11041912336,5,up,345.12,294.451,34.512,0.5167,0
2026-03-08 04:05:00,15157452756,9487180943,0,up,404.199,252.991,40.42,0.0132,0
2026-03-08 04:10:00,15419477312,8966850092,0,up,411.186,239.116,41.119,0.0312,0
2026-03-08 04:15:00,13707483389,9448959601,2,up,365.533,251.972,36.553,0.2208,0
2026-03-08 04:20:00,13941858651,11183555329,2,up,371.783,298.228,37.178,0.2667,0
2026-03-08 04:25:00,15415099527,12086039162,3,up,411.069,322.294,41.107,0.3927,0
2026-03-08 04:30:00,12959842167,11108491730,0,up,345.596,296.226,34.56,0.09,0
2026-03-08 04:35:00,15629862687,11296349261,5,up,416.796,301.236,41.68,0.5531,0
2026-03-08 04:40:00,13388362127,11096037043,9,up,357.023,295.894,35.702,0.9182,0
2026-03-08 04:45:00,16913136647,10627672242,2,up,451.017,283.405,45.102,0.2074,0
2026-03-08 04:50:00,19208089941,11378132600,4,up,512.216,303.417,51.222,0.4288,0
2026-03-08 04:55:00,13450637756,7452342911,2,up,358.684,198.729,35.868,0.2232,0
2026-03-08 05:00:00,15961574152,10639971322,0,up,425.642,283.733,42.564,0.0216,0
2026-03-08 05:05:00,13691864571,9183394456,1,up,365.116,244.891,36.512,0.1184,0
2026-03-08 05:10:00,16873717512,11965257241,0,up,449.966,319.074,44.997,0.0275,0
2026-03-08 05:15:00,12722534863,10314584315,13,up,339.268,275.056,33.927,1.3497,0
2026-03-08 05:20:00,15865056165,10538994591,0,up,423.068,281.04,42.307,0.078,0
2026-03-08 05:25:00,13428619859,8603609438,3,up,358.097,229.43,35.81,0.3031,0
2026-03-08 05:30:00,14627427739,11781206920,1,up,390.065,314.166,39.006,0.1004,0
2026-03-08 05:35:00,13144154504,11290433431,3,up,350.511,301.078,35.051,0.3177,0
2026-03-08 05:40:00,16480230847,11201754331,0,up,439.473,298.713,43.947,0.0709,0
2026-03-08 05:45:00,13493435362,9475591206,4,up,359.825,252.682,35.982,0.4615,0
2026-03-08 05:50:00,15993535666,9525213795,0,up,426.494,254.006,42.649,0.0352,0
2026-03-08 05:55:00,14380623549,10781735312,6,up,383.483,287.513,38.348,0.6766,0
2026-03-08 06:00:00,14793949730,9624932003,5,up,394.505,256.665,39.451,0.5506,0
2026-03-08 06:05:00,15265960633,11047965132,3,up,407.092,294.612,40.709,0.3407,0
2026-03-08 06:10:00,13628715591,7777250120,0,up,363.432,207.393,36.343,0.0209,0
2026-03-08 06:15:00,15378660804,9885693858,0,up,410.098,263.619,41.01,0.0702,0
2026-03-08 06:20:00,17754602215,12763909366,5,up,473.456,340.371,47.346,0.5885,0
2026-03-08 06:25:00,13599429385,11053752143,0,up,362.651,294.767,36.265,0.039,0
2026-03-08 06:30:00,17109258257,10710160017,0,up,456.247,285.604,45.625,0.0509,0
2026-03-08 06:35:00,17696575740,13001385434,2,up,471.909,346.704,47.191,0.2356,0
2026-03-08 06:40:00,13530921019,7556698440,0,up,360.825,201.512,36.082,0.0961,0
2026-03-08 06:45:00,12380901710,9472707995,0,up,330.157,252.606,33.016,0.0753,0
2026-03-08 06:50:00,15543529620,9994521803,2,up,414.494,266.521,41.449,0.2573,0
2026-03-08 06:55:00,14014666459,11581522553,1,up,373.724,308.841,37.372,0.1398,0
2026-03-08 07:00:00,18363485794,11603327017,0,up,489.693,309.422,48.969,0.0454,0
2026-03-08 07:05:00,15062653572,9408831546,2,up,401.671,250.902,40.167,0.2296,0
2026-03-08 07:10:00,13556041065,11757422445,1,up,361.494,313.531,36.149,0.1468,0
2026-03-08 07:15:00,12935112880,9991823393,3,up,344.936,266.449,34.494,0.3979,0
2026-03-08 07:20:00,16961828926,12026665928,0,up,452.315,320.711,45.232,0.0325,0
2026-03-08 07:25:00,13971868846,9198870200,2,up,372.583,245.303,37.258,0.2908,0
2026-03-08 07:30:00,15078891839,10344627385,1,up,402.104,275.857,40.21,0.1721,0
2026-03-08 07:35:00,16720444941,9882389182,1,up,445.879,263.53,44.588,0.1563,0
2026-03-08 07:40:00,14128334966,11830598268,0,up,376.756,315.483,37.676,0.0793,0
2026-03-08 07:45:00,14917328108,9841295667,0,up,397.795,262.435,39.78,0.0093,0
2026-03-08 07:50:00,14970176862,10446514853,5,up,399.205,278.574,39.92,0.5645,0
2026-03-08 07:55:00,16229984120,11138582361,1,up,432.8,297.029,43.28,0.1185,0
2026-03-08 08:00:00,16063339803,11187025688,3,up,428.356,298.321,42.836,0.3429,0
2026-03-08 08:05:00,14603795283,11617560285,8,up,389.435,309.802,38.943,0.8846,0
2026-03-08 08:10:00,15114568310,10766017218,2,up,403.055,287.094,40.306,0.2497,0
2026-03-08 08:15:00,14330797779,9973006366,1,up,382.155,265.947,38.215,0.1518,0
2026-03-08 08:20:00,12340297667,10059379580,0,up,329.075,268.25,32.907,0.0937,0
2026-03-08 08:25:00,15463681543,10532347117,8,up,412.365,280.863,41.236,0.8156,0
2026-03-08 08:30:00,18405945169,10814486519,3,up,490.825,288.386,49.083,0.3438,0
2026-03-08 08:35:00,13409305546,10314563723,3,up,357.581,275.055,35.758,0.3283,0
2026-03-08 08:40:00,13608546522,10524196310,1,up,362.895,280.645,36.289,0.1666,0
2026-03-08 08:45:00,13432690011,8588260135,5,up,358.205,229.02,35.821,0.5594,0
2026-03-08 08:50:00,16304265201,11340867658,3,up,434.78,302.423,43.478,0.3752,0
2026-03-08 08:55:00,15807273817,10728201484,0,up,421.527,286.085,42.153,0.0999,0
2026-03-08 09:00:00,14714632153,11762356721,2,up,392.39,313.663,39.239,0.2746,0
2026-03-08 09:05:00,13347565689,10500202239,1,up,355.935,280.005,35.594,0.1687,0
2026-03-08 09:10:00,15166278224,8309619051,0,up,404.434,221.59,40.443,0.002,0
2026-03-08 09:15:00,12183680170,10048357801,4,up,324.898,267.956,32.49,0.4945,0
2026-03-08 09:20:00,15258167820,10248088296,0,up,406.884,273.282,40.688,0.0393,0
2026-03-08 09:25:00,16568743894,11436058164,2,up,441.833,304.962,44.183,0.214,0
2026-03-08 09:30:00,12747841554,7891455333,1,up,339.942,210.439,33.994,0.1229,0
2026-03-08 09:35:00,12241467101,10551886191,1,up,326.439,281.384,32.644,0.1256,0
2026-03-08 09:40:00,17842988205,11147230771,1,up,475.813,297.259,47.581,0.1947,0
2026-03-08 09:45:00,13898832648,9666525264,17,up,370.636,257.774,37.064,1.7451,0
2026-03-08 09:50:00,17044706122,10594031292,1,up,454.525,282.508,45.453,0.1575,0
2026-03-08 09:55:00,14722804202,9709933998,0,up,392.608,258.932,39.261,0.0604,0
2026-03-08 10:00:00,14708481329,9580738104,2,up,392.226,255.486,39.223,0.2853,0
2026-03-08 10:05:00,15789142859,9985390988,0,up,421.044,266.277,42.104,0.0809,0
2026-03-08 10:10:00,13408802057,9604528089,0,up,357.568,256.121,35.757,0.0335,0
2026-03-08 10:15:00,15238494858,11361359073,0,up,406.36,302.97,40.636,0.0154,0
2026-03-08 10:20:00,14313319053,9573960635,0,up,381.689,255.306,38.169,0.0069,0
2026-03-08 10:25:00,12623111801,9362333391,1,up,336.616,249.662,33.662,0.1692,0
2026-03-08 10:30:00,15607467734,12727590120,1,up,416.199,339.402,41.62,0.1669,0
2026-03-08 10:35:00,14526045947,11710532414,0,up,387.361,312.281,38.736,0.0616,0
2026-03-08 10:40:00,14717355308,8154493165,4,up,392.463,217.453,39.246,0.4598,0
2026-03-08 10:45:00,12821710301,9536391954,0,up,341.912,254.304,34.191,0.0415,0
2026-03-08 10:50:00,17864520661,10805503344,7,up,476.387,288.147,47.639,0.7407,0
2026-03-08 10:55:00,16578085535,10907931384,2,up,442.082,290.878,44.208,0.2657,0
2026-03-08 11:00:00,16735480591,8621978989,0,up,446.279,229.919,44.628,0.0084,0
2026-03-08 11:05:00,14450199535,11959792520,9,up,385.339,318.928,38.534,0.9888,0
2026-03-08 11:10:00,11887470798,11539782768,1,up,316.999,307.728,31.7,0.1104,0
2026-03-08 11:15:00,18515251288,11107196056,1,up,493.74,296.192,49.374,0.1793,0
2026-03-08 11:20:00,14890024485,12209477898,1,up,397.067,325.586,39.707,0.1003,0
2026-03-08 11:25:00,13652160367,11069885390,3,up,364.058,295.197,36.406,0.3911,0
2026-03-08 11:30:00,15750242834,11065211907,1,up,420.006,295.072,42.001,0.1995,0
2026-03-08 11:35:00,17100817418,12462675882,0,up,456.022,332.338,45.602,0.0426,0
2026-03-08 11:40:00,14958508999,11887536671,0,up,398.894,317.001,39.889,0.033,0
2026-03-08 11:45:00,17301435302,9439700601,3,up,461.372,251.725,46.137,0.3877,0
2026-03-08 11:50:00,16949399889,11297825925,0,up,451.984,301.275,45.198,0.0812,0
2026-03-08 11:55:00,13062513862,9663022490,0,up,348.334,257.681,34.833,0.0445,0
2026-03-08 12:00:00,13787177809,11135234734,2,up,367.658,296.94,36.766,0.2076,0
2026-03-08 12:05:00,16723566893,11100533018,4,up,445.962,296.014,44.596,0.487,0
2026-03-08 12:10:00,10117297385,8756831186,0,up,269.795,233.515,26.979,0.098,0
2026-03-08 12:15:00,14730979752,10346474529,0,up,392.826,275.906,39.283,0.0971,0
2026-03-08 12:20:00,12424503837,10834223849,5,up,331.32,288.913,33.132,0.5385,0
2026-03-08 12:25:00,14142203157,9950274359,0,up,377.125,265.341,37.713,0.048,0
2026-03-08 12:30:00,14462123839,10896534527,2,up,385.657,290.574,38.566,0.2877,0
2026-03-08 12:35:00,14355160119,11515431199,9,up,382.804,307.078,38.28,0.9304,0
2026-03-08 12:40:00,14005929746,10461452739,5,up,373.491,278.972,37.349,0.5522,0
2026-03-08 12:45:00,13025141430,10782995340,0,up,347.337,287.547,34.734,0.0191,0
2026-03-08 12:50:00,19125440280,12243114338,1,up,510.012,326.483,51.001,0.1157,0
2026-03-08 12:55:00,18361431607,11096227694,0,up,489.638,295.899,48.964,0.0461,0
2026-03-08 13:00:00,12908281523,10753038604,8,up,344.221,286.748,34.422,0.8942,0
2026-03-08 13:05:00,17847810152,9292819981,12,up,475.942,247.809,47.594,1.2794,0
2026-03-08 13:10:00,14280962117,11345492774,0,up,380.826,302.546,38.083,0.0804,0
2026-03-08 13:15:00,15232537451,10915988936,3,up,406.201,291.093,40.62,0.3323,0
2026-03-08 13:20:00,14886106872,12117511686,5,up,396.963,323.134,39.696,0.5528,0
2026-03-08 13:25:00,13812452445,10559066964,0,up,368.332,281.575,36.833,0.0798,0
2026-03-08 13:30:00,16770934218,8211504209,0,up,447.225,218.973,44.722,0.0624,0
2026-03-08 13:35:00,15226595755,8357847705,0,up,406.043,222.876,40.604,0.0034,0
2026-03-08 13:40:00,14142207438,11426957762,1,up,377.126,304.719,37.713,0.1593,0
2026-03-08 13:45:00,12651739001,9781556066,6,up,337.38,260.841,33.738,0.6891,0
2026-03-08 13:50:00,13391528975,11050327366,6,up,357.107,294.675,35.711,0.6999,0
2026-03-08 13:55:00,12045515791,10643933132,0,up,321.214,283.838,32.121,0.041,0
2026-03-08 14:00:00,15022002387,10289782018,0,up,400.587,274.394,40.059,0.0686,0
2026-03-08 14:05:00,12846001933,10378584780,1,up,342.56,276.762,34.256,0.1573,0
2026-03-08 14:10:00,14521991077,9409609223,4,up,387.253,250.923,38.725,0.4551,0
2026-03-08 14:15:00,17466183336,10480120111,2,up,465.765,279.47,46.576,0.2839,0
2026-03-08 14:20:00,17158739231,9763538274,2,up,457.566,260.361,45.757,0.2164,0
2026-03-08 14:25:00,14941901590,10030956784,2,up,398.451,267.492,39.845,0.2689,0
2026-03-08 14:30:00,14843247492,10092202203,0,up,395.82,269.125,39.582,0.0303,0
2026-03-08 14:35:00,18383774188,10214366479,1,up,490.234,272.383,49.023,0.1948,0
2026-03-08 14:40:00,15937361016,11661938555,14,up,424.996,310.985,42.5,1.4509,0
2026-03-08 14:45:00,14409948372,10336463555,0,up,384.265,275.639,38.427,0.0278,0
2026-03-08 14:50:00,12433167389,11789864944,2,up,331.551,314.396,33.155,0.2197,0
2026-03-08 14:55:00,15708971792,12437697238,1,up,418.906,331.672,41.891,0.1051,0
2026-03-08 15:00:00,16492782790,11577230260,2,up,439.808,308.726,43.981,0.2329,0
2026-03-08 15:05:00,13863027255,11173430354,2,up,369.681,297.958,36.968,0.2559,0
2026-03-08 15:10:00,15524164959,10911808583,2,up,413.978,290.982,41.398,0.2585,0
2026-03-08 15:15:00,14345568069,11590351973,5,up,382.548,309.076,38.255,0.5736,0
2026-03-08 15:20:00,14668741681,10612594530,1,up,391.166,283.003,39.117,0.1482,0
2026-03-08 15:25:00,10521920296,11740558005,2,up,280.585,313.082,28.058,0.2179,0
2026-03-08 15:30:00,14600793473,11273773314,0,up,389.354,300.634,38.935,0.0033,0
2026-03-08 15:35:00,16744864744,10046601019,4,up,446.53,267.909,44.653,0.4676,0
2026-03-08 15:40:00,13863475399,11628772108,0,up,369.693,310.101,36.969,0.0901,0
2026-03-08 15:45:00,15094547462,10615264807,5,up,402.521,283.074,40.252,0.5088,0
2026-03-08 15:50:00,13639288727,10366273670,0,up,363.714,276.434,36.371,0.0926,0
2026-03-08 15:55:00,15648795017,9899989057,0,up,417.301,264.0,41.73,0.0033,0
2026-03-08 16:00:00,14610258244,10709183748,0,up,389.607,285.578,38.961,0.0505,0
2026-03-08 16:05:00,13309365226,11755542895,12,up,354.916,313.481,35.492,1.2739,0
2026-03-08 16:10:00,17398592641,11620064407,1,up,463.962,309.868,46.396,0.1156,0
2026-03-08 16:15:00,16672077624,10945276184,0,up,444.589,291.874,44.459,0.0346,0
2026-03-08 16:20:00,13911167824,11255550987,0,up,370.964,300.148,37.096,0.0379,0
2026-03-08 16:25:00,15896018956,12102337957,1,up,423.894,322.729,42.389,0.1115,0
2026-03-08 16:30:00,15967341605,10311042473,0,up,425.796,274.961,42.58,0.0115,0
2026-03-08 16:35:00,16156142223,9094570795,2,up,430.83,242.522,43.083,0.2149,0
2026-03-08 16:40:00,11950339387,12139423613,0,up,318.676,323.718,31.868,0.0721,0
2026-03-08 16:45:00,16811891773,9832479402,2,up,448.317,262.199,44.832,0.2198,0
2026-03-08 16:50:00,13974541866,9630173964,0,up,372.654,256.805,37.265,0.0455,0
2026-03-08 16:55:00,14355909719,8236790828,1,up,382.824,219.648,38.282,0.1686,0
2026-03-08 17:00:00,19748187154,11219816646,2,up,526.618,299.195,52.662,0.2733,0
2026-03-08 17:05:00,15543372085,8456969693,0,up,414.49,225.519,41.449,0.0192,0
2026-03-08 17:10:00,14304619544,9554673902,1,up,381.457,254.791,38.146,0.1526,0
2026-03-08 17:15:00,11030470129,11241178361,1,up,294.146,299.765,29.415,0.1081,0
2026-03-08 17:20:00,17501575441,11409620778,0,up,466.709,304.257,46.671,0.0825,0
2026-03-08 17:25:00,12578622592,9678852773,2,up,335.43,258.103,33.543,0.2783,0
2026-03-08 17:30:00,13193809973,10330966807,2,up,351.835,275.492,35.183,0.2664,0
2026-03-08 17:35:00,14403565861,9400530896,2,up,384.095,250.681,38.41,0.2988,0
2026-03-08 17:40:00,17549541225,9809020047,0,up,467.988,261.574,46.799,0.0519,0
2026-03-08 17:45:00,16391831975,10835431227,1,up,437.116,288.945,43.712,0.1009,0
2026-03-08 17:50:00,14715892482,9867925184,0,up,392.424,263.145,39.242,0.0706,0
2026-03-08 17:55:00,15554925714,10192289049,2,up,414.798,271.794,41.48,0.2333,0
2026-03-08 18:00:00,13919305752,8654469581,1,up,371.181,230.786,37.118,0.1854,0
2026-03-08 18:05:00,15251376641,11927524767,1,up,406.703,318.067,40.67,0.1203,0
2026-03-08 18:10:00,15132006140,11142683907,4,up,403.52,297.138,40.352,0.4626,0
2026-03-08 18:15:00,16743785812,11499060768,0,up,446.501,306.642,44.65,0.0296,0
2026-03-08 18:20:00,16740920620,12125935909,11,up,446.425,323.358,44.642,1.1054,0
2026-03-08 18:25:00,15889159287,9460231776,0,up,423.711,252.273,42.371,0.0372,0
2026-03-08 18:30:00,14347774396,10048422951,4,up,382.607,267.958,38.261,0.4449,0
2026-03-08 18:35:00,16335280129,8112508696,1,up,435.607,216.334,43.561,0.1378,0
2026-03-08 18:40:00,14834456760,14456932866,6,up,395.586,385.518,39.559,0.6013,0
2026-03-08 18:45:00,13052554136,10311522502,0,up,348.068,274.974,34.807,0.0231,0
2026-03-08 18:50:00,14274081974,11808797153,1,up,380.642,314.901,38.064,0.1409,0
2026-03-08 18:55:00,15152148570,8939916958,1,up,404.057,238.398,40.406,0.1226,0
2026-03-08 19:00:00,16638388410,11755449416,14,up,443.69,313.479,44.369,1.4954,0
2026-03-08 19:05:00,14669649290,12840564504,12,up,391.191,342.415,39.119,1.2711,0
2026-03-08 19:10:00,12823442319,10424046256,0,up,341.958,277.975,34.196,0.0631,0
2026-03-08 19:15:00,15102135029,9226289314,2,up,402.724,246.034,40.272,0.2982,0
2026-03-08 19:20:00,15204220872,10325116534,2,up,405.446,275.336,40.545,0.2301,0
2026-03-08 19:25:00,15334507732,7694280478,0,up,408.92,205.181,40.892,0.0503,0
2026-03-08 19:30:00,16655768728,10452262756,0,up,444.154,278.727,44.415,0.0551,0
2026-03-08 19:35:00,16834061832,11534418595,13,up,448.908,307.584,44.891,1.3599,0
2026-03-08 19:40:00,13930420429,10454945368,1,up,371.478,278.799,37.148,0.1808,0
2026-03-08 19:45:00,13890941775,10141984161,0,up,370.425,270.453,37.043,0.0403,0
2026-03-08 19:50:00,13127642320,11164735826,0,up,350.07,297.726,35.007,0.0725,0
2026-03-08 19:55:00,16257868206,11261071307,0,up,433.543,300.295,43.354,0.0937,0
2026-03-08 20:00:00,17607876195,8408518991,2,up,469.543,224.227,46.954,0.2146,0
2026-03-08 20:05:00,14432852529,10611916932,1,up,384.876,282.984,38.488,0.1226,0
2026-03-08 20:10:00,14565424983,13569341256,1,up,388.411,361.849,38.841,0.1821,0
2026-03-08 20:15:00,17640208602,8817879530,0,up,470.406,235.143,47.041,0.0546,0
2026-03-08 20:20:00,15910004135,10392372270,1,up,424.267,277.13,42.427,0.1187,0
2026-03-08 20:25:00,15785224268,12946600113,0,up,420.939,345.243,42.094,0.0219,0
2026-03-08 20:30:00,12856350289,11891260697,6,up,342.836,317.1,34.284,0.6614,0
2026-03-08 20:35:00,16221710524,9853120182,0,up,432.579,262.75,43.258,0.0665,0
2026-03-08 20:40:00,13327554587,10759730578,4,up,355.401,286.926,35.54,0.4243,0
2026-03-08 20:45:00,12958763665,10497339283,1,up,345.567,279.929,34.557,0.129,0
2026-03-08 20:50:00,14375811161,9557429526,1,up,383.355,254.865,38.335,0.193,0
2026-03-08 20:55:00,13945573097,10406442344,1,up,371.882,277.505,37.188,0.1033,0
2026-03-08 21:00:00,14601120550,10147242672,3,up,389.363,270.593,38.936,0.3577,0
2026-03-08 21:05:00,12406233057,10642063661,5,up,330.833,283.788,33.083,0.5584,0
2026-03-08 21:10:00,16725869351,9557037192,1,up,446.023,254.854,44.602,0.1012,0
2026-03-08 21:15:00,17029835330,8891461067,0,up,454.129,237.106,45.413,0.0832,0
2026-03-08 21:20:00,11494783546,10447986225,3,up,306.528,278.613,30.653,0.3432,0
2026-03-08 21:25:00,16761224050,12661048954,0,up,446.966,337.628,44.697,0.0651,0
2026-03-08 21:30:00,13541048466,10603575687,3,up,361.095,282.762,36.109,0.3064,0
2026-03-08 21:35:00,16542555966,10082191838,0,up,441.135,268.858,44.113,0.0298,0
2026-03-08 21:40:00,14876796313,11450148114,2,up,396.715,305.337,39.671,0.2904,0
2026-03-08 21:45:00,15051796015,10300517288,2,up,401.381,274.68,40.138,0.2161,0
2026-03-08 21:50:00,14666824231,12853721485,0,up,391.115,342.766,39.112,0.0363,0
2026-03-08 21:55:00,17181832567,10495070238,3,up,458.182,279.869,45.818,0.3142,0
2026-03-08 22:00:00,12768741577,11382626299,1,up,340.5,303.537,34.05,0.1775,0
2026-03-08 22:05:00,16094112609,9549198478,0,up,429.176,254.645,42.918,0.0734,0
2026-03-08 22:10:00,16982394296,11133892459,1,up,452.864,296.904,45.286,0.1308,0
2026-03-08 22:15:00,16289412144,10846617780,2,up,434.384,289.243,43.438,0.2032,0
2026-03-08 22:20:00,19184458045,10428802282,0,up,511.586,278.101,51.159,0.0288,0
2026-03-08 22:25:00,14047895827,9867785220,9,up,374.611,263.141,37.461,0.9482,0
2026-03-08 22:30:00,16723148680,9696081991,3,up,445.951,258.562,44.595,0.3286,0
2026-03-08 22:35:00,14809036856,10855764356,0,up,394.908,289.487,39.491,0.0325,0
2026-03-08 22:40:00,17220130937,11292463278,5,up,459.203,301.132,45.92,0.5192,0
2026-03-08 22:45:00,14986159807,10339774876,1,up,399.631,275.727,39.963,0.1168,0
2026-03-08 22:50:00,14301823592,10861957590,2,up,381.382,289.652,38.138,0.2725,0
2026-03-08 22:55:00,17350929966,10452227505,0,up,462.691,278.726,46.269,0.0974,0
2026-03-08 23:00:00,14115188509,10624142791,3,up,376.405,283.31,37.641,0.3966,0
2026-03-08 23:05:00,12457093633,10247439321,3,up,332.189,273.265,33.219,0.3851,0
2026-03-08 23:10:00,14069675610,10522645450,2,up,375.191,280.604,37.519,0.2409,0
2026-03-08 23:15:00,16114259303,13899530975,0,up,429.714,370.654,42.971,0.0827,0
2026-03-08 23:20:00,17505669752,10892659216,0,up,466.818,290.471,46.682,0.0878,0
2026-03-08 23:25:00,15200032875,11313074167,1,up,405.334,301.682,40.533,0.1448,0
2026-03-08 23:30:00,17372754721,11051909742,0,up,463.273,294.718,46.327,0.047,0
2026-03-08 23:35:00,12555285141,10168850802,1,up,334.808,271.169,33.481,0.1236,0
2026-03-08 23:40:00,14202125763,12130426408,3,up,378.723,323.478,37.872,0.3459,0
2026-03-08 23:45:00,14480564789,10133133649,5,up,386.148,270.217,38.615,0.5331,0
2026-03-08 23:50:00,14793793030,11829368731,1,up,394.501,315.45,39.45,0.1213,0
2026-03-08 23:55:00,15151369898,10078899182,0,up,404.037,268.771,40.404,0.0798,0
2026-03-09 00:00:00,16243639723,9290434625,5,up,433.164,247.745,43.316,0.5363,0
2026-03-09 00:05:00,14199347691,10960399222,6,up,378.649,292.277,37.865,0.6641,0
2026-03-09 00:10:00,15250251636,9108117871,1,up,406.673,242.883,40.667,0.1583,0
2026-03-09 00:15:00,14918778797,11174906683,0,up,397.834,297.998,39.783,0.0082,0
2026-03-09 00:20:00,13333398172,8995360093,3,up,355.557,239.876,35.556,0.3562,0
2026-03-09 00:25:00,14795399959,10098049881,4,up,394.544,269.281,39.454,0.4598,0
2026-03-09 00:30:00,14741412846,8696020582,0,up,393.104,231.894,39.31,0.0055,0
2026-03-09 00:35:00,14702854982,14058450431,2,up,392.076,374.892,39.208,0.2712,0
2026-03-09 00:40:00,15057167021,8416010954,2,up,401.524,224.427,40.152,0.2663,0
2026-03-09 00:45:00,15136212373,10512365312,1,up,403.632,280.33,40.363,0.1428,0
2026-03-09 00:50:00,14221868677,11940563385,4,up,379.25,318.415,37.925,0.4156,0
2026-03-09 00:55:00,17290886521,11805846244,1,up,461.09,314.823,46.109,0.1677,0
2026-03-09 01:00:00,12894934867,11572691073,3,up,343.865,308.605,34.386,0.3388,0
2026-03-09 01:05:00,13702253804,10100292230,2,up,365.393,269.341,36.539,0.2184,0
2026-03-09 01:10:00,20003934523,12202372072,0,up,533.438,325.397,53.344,0.0857,0
2026-03-09 01:15:00,13131615561,11650872774,2,up,350.176,310.69,35.018,0.2798,0
2026-03-09 01:20:00,12563241585,10767497518,4,up,335.02,287.133,33.502,0.4006,0
2026-03-09 01:25:00,16322058141,10803131754,10,up,435.255,288.084,43.525,1.0938,0
2026-03-09 01:30:00,11261184263,10117057464,1,up,300.298,269.788,30.03,0.1435,0
2026-03-09 01:35:00,14576506962,9353838447,0,up,388.707,249.436,38.871,0.02,0
2026-03-09 01:40:00,18862484865,12058810229,13,up,503.0,321.568,50.3,1.3261,0
2026-03-09 01:45:00,12219115340,12153382071,2,up,325.843,324.09,32.584,0.2933,0
2026-03-09 01:50:00,11432463925,9386022482,8,up,304.866,250.294,30.487,0.8781,0
2026-03-09 01:55:00,12301473836,10306230691,0,up,328.039,274.833,32.804,0.0329,0
2026-03-09 02:00:00,16617047223,10319286747,1,up,443.121,275.181,44.312,0.1256,0
2026-03-09 02:05:00,17024598095,10458853561,0,up,453.989,278.903,45.399,0.0431,0
2026-03-09 02:10:00,14077340165,10581011547,5,up,375.396,282.16,37.54,0.5415,0
2026-03-09 02:15:00,16229782327,11693045441,6,up,432.794,311.815,43.279,0.6369,0
2026-03-09 02:20:00,17502459589,9558506191,2,up,466.732,254.893,46.673,0.2087,0
2026-03-09 02:25:00,18217223545,9433602790,0,up,485.793,251.563,48.579,0.062,0
2026-03-09 02:30:00,14556596493,12058140875,0,up,388.176,321.55,38.818,0.0408,0
2026-03-09 02:35:00,10857350908,9917067625,2,up,289.529,264.455,28.953,0.2661,0
2026-03-09 02:40:00,13522417939,8908575454,2,up,360.598,237.562,36.06,0.2118,0
2026-03-09 02:45:00,14231752449,9888736272,3,up,379.513,263.7,37.951,0.356,0
2026-03-09 02:50:00,14533910166,10084133553,1,up,387.571,268.91,38.757,0.1092,0
2026-03-09 02:55:00,14661853078,12459253036,1,up,390.983,332.247,39.098,0.1544,0
2026-03-09 03:00:00,17014010276,11665281027,0,up,453.707,311.074,45.371,0.0065,0
2026-03-09 03:05:00,17293971168,11945875976,2,up,461.173,318.557,46.117,0.2826,0
2026-03-09 03:10:00,14690987422,11533166789,1,up,391.76,307.551,39.176,0.165,0
2026-03-09 03:15:00,16977272776,11692267026,7,up,452.727,311.794,45.273,0.7568,0
2026-03-09 03:20:00,15643790459,9633016520,3,up,417.168,256.88,41.717,0.308,0
2026-03-09 03:25:00,15116110751,10249761284,1,up,403.096,273.327,40.31,0.1526,0
2026-03-09 03:30:00,16631779482,9252706705,0,up,443.514,246.739,44.351,0.0918,0
2026-03-09 03:35:00,15130053686,10234785081,7,up,403.468,272.928,40.347,0.7071,0
2026-03-09 03:40:00,18704060118,11361972288,0,up,498.775,302.986,49.877,0.0049,0
2026-03-09 03:45:00,12410859899,10669574938,1,up,330.956,284.522,33.096,0.1188,0
2026-03-09 03:50:00,14072692381,12152465831,8,up,375.272,324.066,37.527,0.8621,0
2026-03-09 03:55:00,14772265985,9061816101,3,up,393.927,241.648,39.393,0.3184,0
2026-03-09 04:00:00,15791014842,11130300321,2,up,421.094,296.808,42.109,0.2282,0
2026-03-09 04:05:00,17282328876,8927138469,0,up,460.862,238.057,46.086,0.0683,0
2026-03-09 04:10:00,14956082578,10618662351,5,up,398.829,283.164,39.883,0.5376,0
2026-03-09 04:15:00,12439986630,11432820112,0,up,331.733,304.875,33.173,0.0685,0
2026-03-09 04:20:00,16516525013,10229726765,0,up,440.441,272.793,44.044,0.0856,0
2026-03-09 04:25:00,16358925779,11194419521,0,up,436.238,298.518,43.624,0.0639,0
2026-03-09 04:30:00,11504654413,9290737258,0,up,306.791,247.753,30.679,0.0516,0
2026-03-09 04:35:00,14993152559,8403750627,9,up,399.817,224.1,39.982,0.9193,0
2026-03-09 04:40:00,12137744704,11201857324,2,up,323.673,298.716,32.367,0.2764,0
2026-03-09 04:45:00,13803628024,12697452894,3,up,368.097,338.599,36.81,0.3047,0
2026-03-09 04:50:00,13374943931,9244983375,9,up,356.665,246.533,35.667,0.9259,0
2026-03-09 04:55:00,16456676456,12039964666,0,up,438.845,321.066,43.884,0.0786,0
2026-03-09 05:00:00,15210294313,10554713495,0,up,405.608,281.459,40.561,0.0018,0
2026-03-09 05:05:00,12685936198,8817028682,2,up,338.292,235.121,33.829,0.2741,0
2026-03-09 05:10:00,16584118733,9074303320,2,up,442.243,241.981,44.224,0.2127,0
2026-03-09 05:15:00,12419149516,10519888814,1,up,331.177,280.53,33.118,0.1948,0
2026-03-09 05:20:00,15594204822,9990377517,0,up,415.845,266.41,41.585,0.0192,0
2026-03-09 05:25:00,13534780795,8845729649,1,up,360.927,235.886,36.093,0.1818,0
2026-03-09 05:30:00,14341781251,8365510505,1,up,382.448,223.08,38.245,0.1017,0
2026-03-09 05:35:00,15907687346,9433133646,0,up,424.205,251.55,42.42,0.0963,0
2026-03-09 05:40:00,15938608918,10744199350,0,up,425.03,286.512,42.503,0.0755,0
2026-03-09 05:45:00,17406544332,10491935051,1,up,464.175,279.785,46.417,0.1213,0
2026-03-09 05:50:00,14851943340,9868440173,1,up,396.052,263.158,39.605,0.1307,0
2026-03-09 05:55:00,15551611553,10754377864,1,up,414.71,286.783,41.471,0.1108,0
2026-03-09 06:00:00,14212072819,11810433667,11,up,378.989,314.945,37.899,1.1555,0
2026-03-09 06:05:00,15327581788,10996599403,8,up,408.736,293.243,40.874,0.8097,0
2026-03-09 06:10:00,15791074886,10347151074,2,up,421.095,275.924,42.11,0.2564,0
2026-03-09 06:15:00,14823042274,11669370728,11,up,395.281,311.183,39.528,1.1899,0
2026-03-09 06:20:00,11753249128,9290588619,14,up,313.42,247.749,31.342,1.4198,0
2026-03-09 06:25:00,15596647613,10216601380,1,up,415.911,272.443,41.591,0.132,0
2026-03-09 06:30:00,15656210659,10246629201,1,up,417.499,273.243,41.75,0.1767,0
2026-03-09 06:35:00,13775687742,8941438894,9,up,367.352,238.438,36.735,0.9587,0
2026-03-09 06:40:00,12688103335,9970958555,2,up,338.349,265.892,33.835,0.2814,0
2026-03-09 06:45:00,17656582470,7885550802,0,up,470.842,210.281,47.084,0.0718,0
2026-03-09 06:50:00,15884601919,12909344340,3,up,423.589,344.249,42.359,0.3508,0
2026-03-09 06:55:00,14587654144,9318858626,0,up,389.004,248.503,38.9,0.0691,0
2026-03-09 07:00:00,12953340810,12498503805,1,up,345.422,333.293,34.542,0.1244,0
2026-03-09 07:05:00,13520733308,10547986477,0,up,360.553,281.28,36.055,0.0775,0
2026-03-09 07:10:00,17344662714,11211728806,0,up,462.524,298.979,46.252,0.0843,0
2026-03-09 07:15:00,15247791493,9884112254,0,up,406.608,263.576,40.661,0.0014,0
2026-03-09 07:20:00,14008943279,10761991411,6,up,373.572,286.986,37.357,0.6379,0
2026-03-09 07:25:00,15917440616,11319616946,1,up,424.465,301.856,42.447,0.1053,0
2026-03-09 07:30:00,13534083262,11337336042,0,up,360.909,302.329,36.091,0.0271,0
2026-03-09 07:35:00,17701517454,11476214471,0,up,472.04,306.032,47.204,0.0273,0
2026-03-09 07:40:00,17435040962,10035900785,2,up,464.934,267.624,46.493,0.2436,0
2026-03-09 07:45:00,14160166671,9894746812,14,up,377.604,263.86,37.76,1.4852,0
2026-03-09 07:50:00,13868393555,8491337830,0,up,369.824,226.436,36.982,0.047,0
2026-03-09 07:55:00,10287360242,11159255954,0,up,274.33,297.58,27.433,0.0315,0
2026-03-09 08:00:00,12333154611,11863797176,1,up,328.884,316.368,32.888,0.173,0
2026-03-09 08:05:00,12588954405,12536136916,2,up,335.705,334.297,33.571,0.2486,0
2026-03-09 08:10:00,15243342613,10884517519,1,up,406.489,290.254,40.649,0.1046,0
2026-03-09 08:15:00,14412779332,9534235486,1,up,384.341,254.246,38.434,0.1081,0
2026-03-09 08:20:00,12578396122,8361658859,1,up,335.424,222.978,33.542,0.1657,0
2026-03-09 08:25:00,14493904723,11812500083,1,up,386.504,315.0,38.65,0.1131,0
2026-03-09 08:30:00,15909606865,8236691525,7,up,424.256,219.645,42.426,0.7407,0
2026-03-09 08:35:00,15950110829,10070838862,0,up,425.336,268.556,42.534,0.0129,0
2026-03-09 08:40:00,11580593494,10217373396,0,up,308.816,272.463,30.882,0.0802,0
2026-03-09 08:45:00,14769125735,10412486526,4,up,393.843,277.666,39.384,0.4959,0
2026-03-09 08:50:00,12509986601,10545111276,5,up,333.6,281.203,33.36,0.5387,0
2026-03-09 08:55:00,16623111654,10674065921,0,up,443.283,284.642,44.328,0.0355,0
2026-03-09 09:00:00,16411463549,7456642289,10,up,437.639,198.844,43.764,1.0922,0
2026-03-09 09:05:00,13383550992,10518466446,3,up,356.895,280.492,35.689,0.3546,0
2026-03-09 09:10:00,13621118635,7690734776,0,up,363.23,205.086,36.323,0.0955,0
2026-03-09 09:15:00,14169719309,11422594772,1,up,377.859,304.603,37.786,0.1827,0
2026-03-09 09:20:00,10944971889,9800542303,1,up,291.866,261.348,29.187,0.1058,0
2026-03-09 09:25:00,15604742712,7782133726,0,up,416.126,207.524,41.613,0.0488,0
2026-03-09 09:30:00,14508879816,9474102106,1,up,386.903,252.643,38.69,0.1032,0
2026-03-09 09:35:00,16746315148,9781705072,2,up,446.568,260.845,44.657,0.2603,0
2026-03-09 09:40:00,13022863407,12000281518,5,up,347.276,320.008,34.728,0.5246,0
2026-03-09 09:45:00,13885578693,10747763554,1,up,370.282,286.607,37.028,0.1355,0
2026-03-09 09:50:00,12288254535,10934000629,1,up,327.687,291.573,32.769,0.1283,0
2026-03-09 09:55:00,13192276985,11988339259,1,up,351.794,319.689,35.179,0.1893,0
2026-03-09 10:00:00,12872432407,10378858197,3,up,343.265,276.77,34.326,0.3103,0
2026-03-09 10:05:00,16792752621,11450276830,4,up,447.807,305.341,44.781,0.4178,0
2026-03-09 10:10:00,13743128672,11361665003,1,up,366.483,302.978,36.648,0.1187,0
2026-03-09 10:15:00,15223516232,8879048438,2,up,405.96,236.775,40.596,0.2648,0
2026-03-09 10:20:00,14314625873,12355959307,1,up,381.723,329.492,38.172,0.148,0
2026-03-09 10:25:00,12714962521,8710419757,3,up,339.066,232.278,33.907,0.3781,0
2026-03-09 10:30:00,14697059238,11655881978,0,up,391.922,310.824,39.192,0.054,0
2026-03-09 10:35:00,16078385997,8588487973,0,up,428.757,229.026,42.876,0.0891,0
2026-03-09 10:40:00,12826033093,11257558353,1,up,342.028,300.202,34.203,0.1666,0
2026-03-09 10:45:00,16456403023,12846012746,6,up,438.837,342.56,43.884,0.6606,0
2026-03-09 10:50:00,13470502341,10231646892,2,up,359.213,272.844,35.921,0.2555,0
2026-03-09 10:55:00,14130628933,10176991890,10,up,376.817,271.386,37.682,1.0091,0
2026-03-09 11:00:00,15955229621,11269154399,0,up,425.473,300.511,42.547,0.0327,0
2026-03-09 11:05:00,13805814917,10084960465,1,up,368.155,268.932,36.816,0.185,0
2026-03-09 11:10:00,15067634746,12791031166,1,up,401.804,341.094,40.18,0.1629,0
2026-03-09 11:15:00,14433556508,10742162234,2,up,384.895,286.458,38.489,0.275,0
2026-03-09 11:20:00,15232862412,10096586419,5,up,406.21,269.242,40.621,0.5013,0
2026-03-09 11:25:00,10714669610,9819240234,5,up,285.725,261.846,28.572,0.5525,0
2026-03-09 11:30:00,11706572732,9324484927,3,up,312.175,248.653,31.218,0.3328,0
2026-03-09 11:35:00,16108740610,9709028716,3,up,429.566,258.907,42.957,0.3078,0
2026-03-09 11:40:00,16866926530,10058151523,8,up,449.785,268.217,44.978,0.893,0
2026-03-09 11:45:00,13361123933,9885574767,1,up,356.297,263.615,35.63,0.1452,0
2026-03-09 11:50:00,14560748966,9670699154,5,up,388.287,257.885,38.829,0.5365,0
2026-03-09 11:55:00,15530494655,13144539950,7,up,414.147,350.521,41.415,0.7634,0
2026-03-09 12:00:00,16247791682,9202080203,2,up,433.274,245.389,43.327,0.2029,0
2026-03-09 12:05:00,11350180910,10684757060,3,up,302.671,284.927,30.267,0.3918,0
2026-03-09 12:10:00,13405127555,11246576472,1,up,357.47,299.909,35.747,0.142,0
2026-03-09 12:15:00,14401357116,11293936074,0,up,384.036,301.172,38.404,0.0519,0
2026-03-09 12:20:00,16265652355,10426155084,2,up,433.751,278.031,43.375,0.2649,0
2026-03-09 12:25:00,19497174870,10196714759,0,up,519.925,271.912,51.992,0.0656,0
2026-03-09 12:30:00,14589589691,11068949838,1,up,389.056,295.172,38.906,0.1835,0
2026-03-09 12:35:00,12467440568,10835817278,6,up,332.465,288.955,33.247,0.6188,0
2026-03-09 12:40:00,15724082538,10173711868,0,up,419.309,271.299,41.931,0.027,0
2026-03-09 12:45:00,17377792421,8532032999,0,up,463.408,227.521,46.341,0.0093,0
2026-03-09 12:50:00,15194425417,9910416109,2,up,405.185,264.278,40.518,0.2798,0
2026-03-09 12:55:00,13368032618,9055346793,1,up,356.481,241.476,35.648,0.1206,0
2026-03-09 13:00:00,16724389094,9659378966,1,up,445.984,257.583,44.598,0.1624,0
2026-03-09 13:05:00,16194382113,10541861280,1,up,431.85,281.116,43.185,0.1561,0
2026-03-09 13:10:00,13153054480,10952007541,0,up,350.748,292.054,35.075,0.0272,0
2026-03-09 13:15:00,15686566111,12743370466,0,up,418.308,339.823,41.831,0.0011,0
2026-03-09 13:20:00,16795078021,9822867962,6,up,447.869,261.943,44.787,0.6861,0
2026-03-09 13:25:00,17127402076,11476028300,0,up,456.731,306.027,45.673,0.0737,0
2026-03-09 13:30:00,14880391844,10885509630,1,up,396.81,290.28,39.681,0.1666,0
2026-03-09 13:35:00,14355456996,12132957065,10,up,382.812,323.546,38.281,1.0719,0
2026-03-09 13:40:00,17209092879,11226048186,5,up,458.909,299.361,45.891,0.5259,0
2026-03-09 13:45:00,12821711094,9229313401,0,up,341.912,246.115,34.191,0.0343,0
2026-03-09 13:50:00,15789442723,8328962003,2,up,421.052,222.106,42.105,0.2131,0
2026-03-09 13:55:00,12533952070,10892189741,3,up,334.239,290.458,33.424,0.3929,0
2026-03-09 14:00:00,16917677290,9834151742,3,up,451.138,262.244,45.114,0.3596,0
2026-03-09 14:05:00,14535518071,9264804680,4,up,387.614,247.061,38.761,0.4292,0
2026-03-09 14:10:00,17283449824,8902852092,1,up,460.892,237.409,46.089,0.1834,0
2026-03-09 14:15:00,15884542961,10702829126,0,up,423.588,285.409,42.359,0.058,0
2026-03-09 14:20:00,12798203585,12399711701,1,up,341.285,330.659,34.129,0.1876,0
2026-03-09 14:25:00,17564329917,9985072844,3,up,468.382,266.269,46.838,0.3131,0
2026-03-09 14:30:00,17792241479,11243740591,2,up,474.46,299.833,47.446,0.2814,0
2026-03-09 14:35:00,16588115686,10371144398,0,up,442.35,276.564,44.235,0.0219,0
2026-03-09 14:40:00,13629141842,8875378567,0,up,363.444,236.677,36.344,0.0201,0
2026-03-09 14:45:00,14449174882,11425862292,10,up,385.311,304.69,38.531,1.0079,0
2026-03-09 14:50:00,15261768991,9120688024,0,up,406.981,243.218,40.698,0.0494,0
2026-03-09 14:55:00,13733321281,10527249554,1,up,366.222,280.727,36.622,0.1046,0
2026-03-09 15:00:00,18046223830,10069684277,4,up,481.233,268.525,48.123,0.4378,0
2026-03-09 15:05:00,15259787649,11625277567,1,up,406.928,310.007,40.693,0.1581,0
2026-03-09 15:10:00,10133973515,9166729749,0,up,270.239,244.446,27.024,0.0601,0
2026-03-09 15:15:00,15610840462,10992496083,1,up,416.289,293.133,41.629,0.1889,0
2026-03-09 15:20:00,14373316685,9441855266,2,up,383.288,251.783,38.329,0.2525,0
2026-03-09 15:25:00,14865132198,9856007432,1,up,396.404,262.827,39.64,0.1809,0
2026-03-09 15:30:00,14336485141,5919647713,7,up,382.306,157.857,38.231,0.7538,0
2026-03-09 15:35:00,16452683549,13136044200,1,up,438.738,350.295,43.874,0.1005,0
2026-03-09 15:40:00,17015438001,11193701735,3,up,453.745,298.499,45.375,0.3248,0
2026-03-09 15:45:00,15509495692,9533142167,0,up,413.587,254.217,41.359,0.0357,0
2026-03-09 15:50:00,14389239863,9082933832,1,up,383.713,242.212,38.371,0.1494,0
2026-03-09 15:55:00,14925593031,9875482571,4,up,398.016,263.346,39.802,0.4053,0
2026-03-09 16:00:00,15035279309,11403268213,0,up,400.941,304.087,40.094,0.0764,0
2026-03-09 16:05:00,13555625928,8115972993,2,up,361.483,216.426,36.148,0.2673,0
2026-03-09 16:10:00,16042071567,10321603631,0,up,427.789,275.243,42.779,0.05,0
2026-03-09 16:15:00,15828076182,12731008759,0,up,422.082,339.494,42.208,0.0325,0
2026-03-09 16:20:00,17772794231,9071227616,2,up,473.941,241.899,47.394,0.2222,0
2026-03-09 16:25:00,17259629604,10601285148,3,up,460.257,282.701,46.026,0.3372,0
2026-03-09 16:30:00,13765785148,13276170367,0,up,367.088,354.031,36.709,0.0361,0
2026-03-09 16:35:00,16476537074,11296511053,7,up,439.374,301.24,43.937,0.7495,0
2026-03-09 16:40:00,13288283910,10658664013,0,up,354.354,284.231,35.435,0.0768,0
2026-03-09 16:45:00,16252677781,11138361933,0,up,433.405,297.023,43.34,0.0383,0
2026-03-09 16:50:00,14070094442,9994909677,0,up,375.203,266.531,37.52,0.068,0
2026-03-09 16:55:00,13158144197,12137535419,0,up,350.884,323.668,35.088,0.0557,0
2026-03-09 17:00:00,15504081616,9996844171,0,up,413.442,266.583,41.344,0.0285,0
2026-03-09 17:05:00,10185779169,8031431172,4,up,271.621,214.171,27.162,0.4796,0
2026-03-09 17:10:00,11848243966,10006958089,2,up,315.953,266.852,31.595,0.2053,0
2026-03-09 17:15:00,14680514609,9281914492,1,up,391.48,247.518,39.148,0.1476,0
2026-03-09 17:20:00,15148395179,10145695544,9,up,403.957,270.552,40.396,0.9025,0
2026-03-09 17:25:00,14335226213,10173554085,1,up,382.273,271.295,38.227,0.1391,0
2026-03-09 17:30:00,12157014662,12008753231,0,up,324.187,320.233,32.419,0.0548,0
2026-03-09 17:35:00,13527794684,11376068835,0,up,360.741,303.362,36.074,0.0961,0
2026-03-09 17:40:00,15704176789,10831714514,0,up,418.778,288.846,41.878,0.0819,0
2026-03-09 17:45:00,16047207187,10496288781,2,up,427.926,279.901,42.793,0.2072,0
2026-03-09 17:50:00,14970798388,9165838908,1,up,399.221,244.422,39.922,0.1034,0
2026-03-09 17:55:00,17082300805,7751719200,2,up,455.528,206.713,45.553,0.2177,0
2026-03-09 18:00:00,15715314642,10642581614,3,up,419.075,283.802,41.908,0.332,0
2026-03-09 18:05:00,13654579822,11501247916,4,up,364.122,306.7,36.412,0.4506,0
2026-03-09 18:10:00,14495096303,10363499307,3,up,386.536,276.36,38.654,0.3715,0
2026-03-09 18:15:00,12474840917,9826083553,0,up,332.662,262.029,33.266,0.069,0
2026-03-09 18:20:00,14805349817,11085272728,0,up,394.809,295.607,39.481,0.037,0
2026-03-09 18:25:00,17001781114,10395001427,2,up,453.381,277.2,45.338,0.2346,0
2026-03-09 18:30:00,16233522152,12624037681,0,up,432.894,336.641,43.289,0.0665,0
2026-03-09 18:35:00,17523616786,12053237711,0,up,467.296,321.42,46.73,0.0266,0
2026-03-09 18:40:00,14454806561,11708980151,2,up,385.462,312.239,38.546,0.2247,0
2026-03-09 18:45:00,17422979630,11454744983,1,up,464.613,305.46,46.461,0.1187,0
2026-03-09 18:50:00,14652052392,8874389057,4,up,390.721,236.65,39.072,0.4234,0
2026-03-09 18:55:00,17648853148,11335372064,1,up,470.636,302.277,47.064,0.1131,0
2026-03-09 19:00:00,14960657854,10974170706,11,up,398.951,292.645,39.895,1.155,0
2026-03-09 19:05:00,16273016472,11264095157,4,up,433.947,300.376,43.395,0.4263,0
2026-03-09 19:10:00,17655202255,11120687953,0,up,470.805,296.552,47.081,0.0178,0
2026-03-09 19:15:00,14651830268,11070480860,2,up,390.715,295.213,39.072,0.2133,0
2026-03-09 19:20:00,15393100177,13903091751,2,up,410.483,370.749,41.048,0.2481,0
2026-03-09 19:25:00,17319954165,10404006055,3,up,461.865,277.44,46.187,0.3565,0
2026-03-09 19:30:00,14760594304,11679785099,2,up,393.616,311.461,39.362,0.2066,0
2026-03-09 19:35:00,12622393891,9906552839,1,up,336.597,264.175,33.66,0.1982,0
2026-03-09 19:40:00,18857412698,11496208395,1,up,502.864,306.566,50.286,0.1376,0
2026-03-09 19:45:00,14154423964,11683543061,0,up,377.451,311.561,37.745,0.095,0
2026-03-09 19:50:00,15285760891,10959176857,8,up,407.62,292.245,40.762,0.8767,0
2026-03-09 19:55:00,17080812005,12603251147,1,up,455.488,336.087,45.549,0.1146,0
2026-03-09 20:00:00,13904710973,9385812194,0,up,370.792,250.288,37.079,0.0197,0
2026-03-09 20:05:00,13185837756,9886101613,0,up,351.622,263.629,35.162,0.0549,0
2026-03-09 20:10:00,15456727134,10767598908,5,up,412.179,287.136,41.218,0.5841,0
2026-03-09 20:15:00,11772462483,11609816635,2,up,313.932,309.595,31.393,0.265,0
2026-03-09 20:20:00,14481769061,10726081196,4,up,386.181,286.029,38.618,0.4526,0
2026-03-09 20:25:00,15441069595,12120056386,4,up,411.762,323.202,41.176,0.4963,0
2026-03-09 20:30:00,14514086585,9666270762,5,up,387.042,257.767,38.704,0.5199,0
2026-03-09 20:35:00,12221788302,9062871103,2,up,325.914,241.677,32.591,0.24,0
2026-03-09 20:40:00,17869520321,10888241704,0,up,476.521,290.353,47.652,0.0585,0
2026-03-09 20:45:00,15186368677,10402752852,0,up,404.97,277.407,40.497,0.0481,0
2026-03-09 20:50:00,17576073811,11184008287,2,up,468.695,298.24,46.87,0.256,0
2026-03-09 20:55:00,14531934749,10465473113,1,up,387.518,279.079,38.752,0.137,0
2026-03-09 21:00:00,13415978432,10071575063,2,up,357.759,268.575,35.776,0.245,0
2026-03-09 21:05:00,15484525656,10405578659,2,up,412.921,277.482,41.292,0.207,0
2026-03-09 21:10:00,14611583172,10536349607,2,up,389.642,280.969,38.964,0.2765,0
2026-03-09 21:15:00,12880029375,10115723562,0,up,343.467,269.753,34.347,0.0098,0
2026-03-09 21:20:00,17645611665,10244053621,0,up,470.55,273.175,47.055,0.01,0
2026-03-09 21:25:00,13879913598,9991472395,3,up,370.131,266.439,37.013,0.3836,0
2026-03-09 21:30:00,11687520507,11579398051,0,up,311.667,308.784,31.167,0.0644,0
2026-03-09 21:35:00,17390698897,10744466465,3,up,463.752,286.519,46.375,0.3168,0
2026-03-09 21:40:00,14092263571,13343508114,2,up,375.794,355.827,37.579,0.2373,0
2026-03-09 21:45:00,13905916993,10702487734,12,up,370.824,285.4,37.082,1.2018,0
2026-03-09 21:50:00,11822302343,9805919587,5,up,315.261,261.491,31.526,0.5413,0
2026-03-09 21:55:00,18133694675,13865050972,1,up,483.565,369.735,48.357,0.1599,0
2026-03-09 22:00:00,12678934943,11021169235,2,up,338.105,293.898,33.81,0.2875,0
2026-03-09 22:05:00,15105209065,11747557231,0,up,402.806,313.268,40.281,0.0374,0
2026-03-09 22:10:00,16642716580,11246049758,1,up,443.806,299.895,44.381,0.1465,0
2026-03-09 22:15:00,15759090479,11284993896,3,up,420.242,300.933,42.024,0.3972,0
2026-03-09 22:20:00,14892622238,11174924104,2,up,397.137,297.998,39.714,0.2924,0
2026-03-09 22:25:00,11937001455,9111373448,1,up,318.32,242.97,31.832,0.1988,0
2026-03-09 22:30:00,13542495295,10963086599,0,up,361.133,292.349,36.113,0.0583,0
2026-03-09 22:35:00,15338040608,8830674757,4,up,409.014,235.485,40.901,0.4876,0
2026-03-09 22:40:00,13583086674,10280302826,0,up,362.216,274.141,36.222,0.0957,0
2026-03-09 22:45:00,15366047027,9585722004,5,up,409.761,255.619,40.976,0.5152,0
2026-03-09 22:50:00,16227138135,10950412434,2,up,432.724,292.011,43.272,0.2837,0
2026-03-09 22:55:00,16732505194,10920999071,1,up,446.2,291.227,44.62,0.1399,0
2026-03-09 23:00:00,12792877155,11106243822,0,up,341.143,296.167,34.114,0.0124,0
2026-03-09 23:05:00,18953962898,10861993681,0,up,505.439,289.653,50.544,0.0794,0
2026-03-09 23:10:00,16381462820,9735400069,6,up,436.839,259.611,43.684,0.6597,0
2026-03-09 23:15:00,14996914523,10171135603,5,up,399.918,271.23,39.992,0.5111,0
2026-03-09 23:20:00,16961165849,11659699163,2,up,452.298,310.925,45.23,0.2566,0
2026-03-09 23:25:00,19257733989,11845499413,1,up,513.54,315.88,51.354,0.1884,0
2026-03-09 23:30:00,12410303818,9055053295,3,up,330.941,241.468,33.094,0.3125,0
2026-03-09 23:35:00,14594527243,8571031183,1,up,389.187,228.561,38.919,0.1883,0
2026-03-09 23:40:00,10718823012,9584119377,3,up,285.835,255.577,28.584,0.3101,0
2026-03-09 23:45:00,15346772758,11816961553,1,up,409.247,315.119,40.925,0.1102,0
2026-03-09 23:50:00,15657709635,12030753878,5,up,417.539,320.82,41.754,0.547,0
2026-03-09 23:55:00,14929508192,9334863030,3,up,398.12,248.93,39.812,0.3631,0
2026-03-10 00:00:00,13821839572,10887209785,1,up,368.582,290.326,36.858,0.1201,0
2026-03-10 00:05:00,11310873870,12811383479,5,up,301.623,341.637,30.162,0.5328,0
2026-03-10 00:10:00,15672360630,11023292461,2,up,417.93,293.954,41.793,0.2004,0
2026-03-10 00:15:00,17619782071,12291094139,0,up,469.861,327.763,46.986,0.0576,0
2026-03-10 00:20:00,13936166779,11758395478,0,up,371.631,313.557,37.163,0.0243,0
2026-03-10 00:25:00,15792107872,9353149630,3,up,421.123,249.417,42.112,0.3608,0
2026-03-10 00:30:00,12177340235,10260623406,6,up,324.729,273.617,32.473,0.601,0
2026-03-10 00:35:00,15822983514,10543790642,4,up,421.946,281.168,42.195,0.4942,0
2026-03-10 00:40:00,14291911864,10631208068,3,up,381.118,283.499,38.112,0.3198,0
2026-03-10 00:45:00,13627647688,11654574481,0,up,363.404,310.789,36.34,0.0457,0
2026-03-10 00:50:00,13631345445,11014942800,0,up,363.503,293.732,36.35,0.0296,0
2026-03-10 00:55:00,14291499152,6800386810,1,up,381.107,181.344,38.111,0.1269,0
2026-03-10 01:00:00,15688379968,8845821255,5,up,418.357,235.889,41.836,0.5791,0
2026-03-10 01:05:00,12638106237,7743900047,9,up,337.016,206.504,33.702,0.979,0
2026-03-10 01:10:00,14285192403,10720960203,0,up,380.938,285.892,38.094,0.0829,0
2026-03-10 01:15:00,14925350799,10803014438,4,up,398.009,288.08,39.801,0.4308,0
2026-03-10 01:20:00,13021729395,10856863447,2,up,347.246,289.516,34.725,0.2559,0
2026-03-10 01:25:00,18233997363,9291750382,0,up,486.24,247.78,48.624,0.0097,0
2026-03-10 01:30:00,13463708135,11349421446,2,up,359.032,302.651,35.903,0.2349,0
2026-03-10 01:35:00,13795013555,11402490745,4,up,367.867,304.066,36.787,0.4919,0
2026-03-10 01:40:00,13239045690,8918512175,0,up,353.041,237.827,35.304,0.0969,0
2026-03-10 01:45:00,18237264156,8652791866,6,up,486.327,230.741,48.633,0.683,0
2026-03-10 01:50:00,15995229411,10499834075,0,up,426.539,279.996,42.654,0.0809,0
2026-03-10 01:55:00,13314134388,12757645664,0,up,355.044,340.204,35.504,0.0239,0
2026-03-10 02:00:00,16991216805,12641675855,0,up,453.099,337.111,45.31,0.0523,0
2026-03-10 02:05:00,15361257649,11209889494,5,up,409.634,298.93,40.963,0.5442,0
2026-03-10 02:10:00,15463056158,9580204193,1,up,412.348,255.472,41.235,0.162,0
2026-03-10 02:15:00,14379941024,11617421750,4,up,383.465,309.798,38.347,0.4783,0
2026-03-10 02:20:00,13651051223,9929945426,2,up,364.028,264.799,36.403,0.2273,0
2026-03-10 02:25:00,15607978978,9532941133,1,up,416.213,254.212,41.621,0.1965,0
2026-03-10 02:30:00,14018842986,7798601792,4,up,373.836,207.963,37.384,0.4934,0
2026-03-10 02:35:00,18270160133,10629001569,1,up,487.204,283.44,48.72,0.1652,0
2026-03-10 02:40:00,12715276010,9706367140,4,up,339.074,258.836,33.907,0.4859,0
2026-03-10 02:45:00,17765082191,10621502278,0,up,473.736,283.24,47.374,0.0318,0
2026-03-10 02:50:00,14799626072,7602809302,3,up,394.657,202.742,39.466,0.3034,0
2026-03-10 02:55:00,15538354321,10713981607,3,up,414.356,285.706,41.436,0.3638,0
2026-03-10 03:00:00,16499683979,7436787333,6,up,439.992,198.314,43.999,0.6881,0
2026-03-10 03:05:00,13865551268,11870804719,0,up,369.748,316.555,36.975,0.0762,0
2026-03-10 03:10:00,16555647092,11157582955,2,up,441.484,297.536,44.148,0.2781,0
2026-03-10 03:15:00,10126421060,10148882388,1,up,270.038,270.637,27.004,0.1704,0
2026-03-10 03:20:00,13704018840,11209027023,1,up,365.441,298.907,36.544,0.1448,0
2026-03-10 03:25:00,13336686946,9267626429,0,up,355.645,247.137,35.564,0.0339,0
2026-03-10 03:30:00,12743689177,10591193149,0,up,339.832,282.432,33.983,0.0432,0
2026-03-10 03:35:00,14613081291,11501415288,5,up,389.682,306.704,38.968,0.5442,0
2026-03-10 03:40:00,15694349942,6601195546,4,up,418.516,176.032,41.852,0.4156,0
2026-03-10 03:45:00,16264787997,9936497306,1,up,433.728,264.973,43.373,0.1445,0
2026-03-10 03:50:00,15433578162,10471468396,5,up,411.562,279.239,41.156,0.5289,0
2026-03-10 03:55:00,13801751763,10252670041,0,up,368.047,273.405,36.805,0.0253,0
2026-03-10 04:00:00,15664229588,12335948301,2,up,417.713,328.959,41.771,0.2941,0
2026-03-10 04:05:00,15223714250,9083884582,6,up,405.966,242.237,40.597,0.6079,0
2026-03-10 04:10:00,16684901102,9717339353,5,up,444.931,259.129,44.493,0.5477,0
2026-03-10 04:15:00,16398486065,8086005026,1,up,437.293,215.627,43.729,0.1399,0
2026-03-10 04:20:00,15054857545,12402961180,4,up,401.463,330.746,40.146,0.4102,0
2026-03-10 04:25:00,13384944588,10189674420,1,up,356.932,271.725,35.693,0.1673,0
2026-03-10 04:30:00,13824689719,9947604801,5,up,368.658,265.269,36.866,0.55,0
2026-03-10 04:35:00,14010379152,10433871820,2,up,373.61,278.237,37.361,0.227,0
2026-03-10 04:40:00,14432520598,11301657143,4,up,384.867,301.378,38.487,0.4343,0
2026-03-10 04:45:00,15482490769,10937677888,0,up,412.866,291.671,41.287,0.0245,0
2026-03-10 04:50:00,16287313902,13836334109,2,up,434.328,368.969,43.433,0.2675,0
2026-03-10 04:55:00,14907986352,11071959219,2,up,397.546,295.252,39.755,0.2397,0
2026-03-10 05:00:00,15029024618,9913790759,2,up,400.774,264.368,40.077,0.2825,0
2026-03-10 05:05:00,15257951349,9792690510,3,up,406.879,261.138,40.688,0.3569,0
2026-03-10 05:10:00,14071370436,10005123719,7,up,375.237,266.803,37.524,0.7507,0
2026-03-10 05:15:00,13334293936,8607685474,4,up,355.581,229.538,35.558,0.4621,0
2026-03-10 05:20:00,11840211784,10550228901,0,up,315.739,281.339,31.574,0.0744,0
2026-03-10 05:25:00,13748731155,11487169813,5,up,366.633,306.325,36.663,0.5244,0
2026-03-10 05:30:00,15851661815,9727161863,0,up,422.711,259.391,42.271,0.0391,0
2026-03-10 05:35:00,13734759411,9482701129,2,up,366.26,252.872,36.626,0.292,0
2026-03-10 05:40:00,14571947332,12410090884,6,up,388.585,330.936,38.859,0.643,0
2026-03-10 05:45:00,15839576317,8702631222,0,up,422.389,232.07,42.239,0.032,0
2026-03-10 05:50:00,15937241093,7894548845,5,up,424.993,210.521,42.499,0.5685,0
2026-03-10 05:55:00,13056840866,9047343551,4,up,348.182,241.262,34.818,0.4808,0
2026-03-10 06:00:00,16794706841,8559054776,2,up,447.859,228.241,44.786,0.2102,0
2026-03-10 06:05:00,17029230160,10986644840,1,up,454.113,292.977,45.411,0.1108,0
2026-03-10 06:10:00,12966270257,10045512329,1,up,345.767,267.88,34.577,0.156,0
2026-03-10 06:15:00,13517093634,10223194323,10,up,360.456,272.619,36.046,1.0388,0
2026-03-10 06:20:00,17143963229,11952697062,0,up,457.172,318.739,45.717,0.0676,0
2026-03-10 06:25:00,14735663661,9628918074,2,up,392.951,256.771,39.295,0.26,0
2026-03-10 06:30:00,11004399694,11476612658,0,up,293.451,306.043,29.345,0.0261,0
2026-03-10 06:35:00,12480573291,12404266726,0,up,332.815,330.78,33.282,0.0737,0
2026-03-10 06:40:00,14551134674,9925865252,4,up,388.03,264.69,38.803,0.4323,0
2026-03-10 06:45:00,12906523229,11428648798,1,up,344.174,304.764,34.417,0.1081,0
2026-03-10 06:50:00,14255837212,10195309430,12,up,380.156,271.875,38.016,1.2756,0
2026-03-10 06:55:00,15058313184,11664363642,2,up,401.555,311.05,40.156,0.2084,0
2026-03-10 07:00:00,17632058287,8519923623,2,up,470.188,227.198,47.019,0.218,0
2026-03-10 07:05:00,14477182950,8426654571,0,up,386.058,224.711,38.606,0.0111,0
2026-03-10 07:10:00,16930575239,10007002679,9,up,451.482,266.853,45.148,0.9407,0
2026-03-10 07:15:00,17571768291,9379954740,0,up,468.58,250.132,46.858,0.0574,0
2026-03-10 07:20:00,17581757404,9848946522,2,up,468.847,262.639,46.885,0.2319,0
2026-03-10 07:25:00,15512558268,10223396506,1,up,413.668,272.624,41.367,0.1511,0
2026-03-10 07:30:00,11466079533,11407217050,1,up,305.762,304.192,30.576,0.1611,0
2026-03-10 07:35:00,15829484757,9986347671,3,up,422.12,266.303,42.212,0.3093,0
2026-03-10 07:40:00,16887119798,9461934748,3,up,450.323,252.318,45.032,0.3255,0
2026-03-10 07:45:00,14854079210,10057093145,0,up,396.109,268.189,39.611,0.0503,0
2026-03-10 07:50:00,18140250966,9530876947,2,up,483.74,254.157,48.374,0.2077,0
2026-03-10 07:55:00,16547700410,9323153067,4,up,441.272,248.617,44.127,0.4689,0
2026-03-10 08:00:00,16022892078,8467598814,1,up,427.277,225.803,42.728,0.1757,0
2026-03-10 08:05:00,16955485280,10587542426,0,up,452.146,282.334,45.215,0.0544,0
2026-03-10 08:10:00,15600065732,9783430809,1,up,416.002,260.891,41.6,0.1127,0
2026-03-10 08:15:00,10512941101,11717511211,0,up,280.345,312.467,28.035,0.0716,0
2026-03-10 08:20:00,14101549887,8676280924,0,up,376.041,231.367,37.604,0.0403,0
2026-03-10 08:25:00,17154902449,9816974720,1,up,457.464,261.786,45.746,0.1422,0
2026-03-10 08:30:00,13546335587,12784263098,2,up,361.236,340.914,36.124,0.2336,0
2026-03-10 08:35:00,14597749490,9316092008,0,up,389.273,248.429,38.927,0.0227,0
2026-03-10 08:40:00,13119294634,10201968102,2,up,349.848,272.052,34.985,0.2778,0
2026-03-10 08:45:00,18211060671,8968036581,14,up,485.628,239.148,48.563,1.4896,0
2026-03-10 08:50:00,18026686423,8800981333,9,up,480.712,234.693,48.071,0.9983,0
2026-03-10 08:55:00,13409035988,12449611838,5,up,357.574,331.99,35.757,0.5301,0
2026-03-10 09:00:00,15265136400,10715509760,0,up,407.07,285.747,40.707,0.0929,0
2026-03-10 09:05:00,13775110714,10668435336,0,up,367.336,284.492,36.734,0.0068,0
2026-03-10 09:10:00,16106900350,8362641543,5,up,429.517,223.004,42.952,0.5379,0
2026-03-10 09:15:00,15917429539,10952014149,0,up,424.465,292.054,42.446,0.0172,0
2026-03-10 09:20:00,16461070028,11958351651,0,up,438.962,318.889,43.896,0.0691,0
2026-03-10 09:25:00,15597453205,11948341096,2,up,415.932,318.622,41.593,0.2359,0
2026-03-10 09:30:00,20283731171,11342099869,0,up,540.899,302.456,54.09,0.0589,0
2026-03-10 09:35:00,13149737222,9076848172,5,up,350.66,242.049,35.066,0.5383,0
2026-03-10 09:40:00,11920913962,10894535505,4,up,317.891,290.521,31.789,0.4504,0
2026-03-10 09:45:00,14292437638,11341157050,4,up,381.132,302.431,38.113,0.4229,0
2026-03-10 09:50:00,12177621121,8239001082,5,up,324.737,219.707,32.474,0.5081,0
2026-03-10 09:55:00,12313567913,9087187714,0,up,328.362,242.325,32.836,0.0744,0
2026-03-10 10:00:00,13197633622,11619078225,3,up,351.937,309.842,35.194,0.3916,0
2026-03-10 10:05:00,13340059970,11603817678,1,up,355.735,309.435,35.573,0.1317,0
2026-03-10 10:10:00,13281687416,8548785377,3,up,354.178,227.968,35.418,0.3297,0
2026-03-10 10:15:00,15932794110,11501727038,0,up,424.875,306.713,42.487,0.039,0
2026-03-10 10:20:00,14088859690,10620082282,3,up,375.703,283.202,37.57,0.3668,0
2026-03-10 10:25:00,14676873765,11484071282,10,up,391.383,306.242,39.138,1.0738,0
2026-03-10 10:30:00,16609618994,9700503132,0,up,442.923,258.68,44.292,0.0134,0
2026-03-10 10:35:00,13620619455,11312931205,0,up,363.217,301.678,36.322,0.0296,0
2026-03-10 10:40:00,14523817382,11563224255,0,up,387.302,308.353,38.73,0.0396,0
2026-03-10 10:45:00,15658367974,10057317981,1,up,417.556,268.195,41.756,0.1689,0
2026-03-10 10:50:00,11505177958,10522368208,1,up,306.805,280.596,30.68,0.1031,0
2026-03-10 10:55:00,10707170083,9682862746,4,up,285.525,258.21,28.552,0.4934,0
2026-03-10 11:00:00,15623011191,12581065075,1,up,416.614,335.495,41.661,0.1926,0
2026-03-10 11:05:00,15885625705,10348457356,1,up,423.617,275.959,42.362,0.1988,0
2026-03-10 11:10:00,18715596242,9338249350,3,up,499.083,249.02,49.908,0.3787,0
2026-03-10 11:15:00,15284570776,9598059348,1,up,407.589,255.948,40.759,0.1348,0
2026-03-10 11:20:00,16475531491,10659730957,1,up,439.348,284.259,43.935,0.1307,0
2026-03-10 11:25:00,14648149241,11449197276,4,up,390.617,305.312,39.062,0.4243,0
2026-03-10 11:30:00,15535008998,8816858175,4,up,414.267,235.116,41.427,0.4543,0
2026-03-10 11:35:00,18001062315,12828051603,0,up,480.028,342.081,48.003,0.0044,0
2026-03-10 11:40:00,11176812927,10888930870,0,up,298.048,290.371,29.805,0.0466,0
2026-03-10 11:45:00,15744509263,11087734525,0,up,419.854,295.673,41.985,0.0719,0
2026-03-10 11:50:00,18844056114,10377541174,1,up,502.508,276.734,50.251,0.13,0
2026-03-10 11:55:00,15507661594,10524266298,1,up,413.538,280.647,41.354,0.1034,0
2026-03-10 12:00:00,17971031333,10313163246,3,up,479.228,275.018,47.923,0.3313,0
2026-03-10 12:05:00,13867418130,11782422920,5,up,369.798,314.198,36.98,0.5283,0
2026-03-10 12:10:00,14942314510,10490009979,0,up,398.462,279.734,39.846,0.064,0
2026-03-10 12:15:00,15060344464,11466483275,2,up,401.609,305.773,40.161,0.2483,0
2026-03-10 12:20:00,11008336057,9953352120,1,up,293.556,265.423,29.356,0.1376,0
2026-03-10 12:25:00,12897279909,10746507065,2,up,343.927,286.574,34.393,0.2114,0
2026-03-10 12:30:00,13025624857,9487060366,2,up,347.35,252.988,34.735,0.2909,0
2026-03-10 12:35:00,16479718940,12032825573,6,up,439.459,320.875,43.946,0.6722,0
2026-03-10 12:40:00,16569875590,9449478476,0,up,441.863,251.986,44.186,0.0641,0
2026-03-10 12:45:00,15583265596,10090525900,0,up,415.554,269.081,41.555,0.0273,0
2026-03-10 12:50:00,16483385214,10103149880,2,up,439.557,269.417,43.956,0.296,0
2026-03-10 12:55:00,14704531057,10054021251,1,up,392.121,268.107,39.212,0.1503,0
2026-03-10 13:00:00,17163477005,11410344669,0,up,457.693,304.276,45.769,0.0533,0
2026-03-10 13:05:00,15015819196,10101011216,0,up,400.422,269.36,40.042,0.0374,0
2026-03-10 13:10:00,15104155285,12256344908,2,up,402.777,326.836,40.278,0.2456,0
2026-03-10 13:15:00,14521933260,9468721391,1,up,387.252,252.499,38.725,0.1072,0
2026-03-10 13:20:00,16232010859,10713415612,17,up,432.854,285.691,43.285,1.7887,0
2026-03-10 13:25:00,14241842130,9522509653,1,up,379.782,253.934,37.978,0.1562,0
2026-03-10 13:30:00,16757576478,11030425705,0,up,446.869,294.145,44.687,0.0716,0
2026-03-10 13:35:00,12962131546,10479903344,2,up,345.657,279.464,34.566,0.2973,0
2026-03-10 13:40:00,13021950741,10304621823,0,up,347.252,274.79,34.725,0.084,0
2026-03-10 13:45:00,16237368159,11997478457,2,up,432.996,319.933,43.3,0.2044,0
2026-03-10 13:50:00,14840620413,9675529242,1,up,395.75,258.014,39.575,0.1977,0
2026-03-10 13:55:00,14182995450,11239009098,1,up,378.213,299.707,37.821,0.1813,0
2026-03-10 14:00:00,16602103918,9531110510,4,up,442.723,254.163,44.272,0.477,0
2026-03-10 14:05:00,13906929454,10641983352,0,up,370.851,283.786,37.085,0.0732,0
2026-03-10 14:10:00,14639637742,8993575086,7,up,390.39,239.829,39.039,0.704,0
2026-03-10 14:15:00,17518610310,9665228395,4,up,467.163,257.739,46.716,0.4701,0
2026-03-10 14:20:00,17770456222,10396499762,1,up,473.879,277.24,47.388,0.1215,0
2026-03-10 14:25:00,17830316778,12786457950,0,up,475.475,340.972,47.548,0.0598,0
2026-03-10 14:30:00,14492173601,10627012876,0,up,386.458,283.387,38.646,0.0984,0
2026-03-10 14:35:00,17215265228,12584882077,1,up,459.074,335.597,45.907,0.1213,0
2026-03-10 14:40:00,13291884910,10777607347,2,up,354.45,287.403,35.445,0.2442,0
2026-03-10 14:45:00,13367574825,10012273851,0,up,356.469,266.994,35.647,0.0142,0
2026-03-10 14:50:00,10769179465,12439589218,7,up,287.178,331.722,28.718,0.7373,0
2026-03-10 14:55:00,18011162763,11050642203,0,up,480.298,294.684,48.03,0.0312,0
2026-03-10 15:00:00,13444836271,9690170791,0,up,358.529,258.405,35.853,0.0982,0
2026-03-10 15:05:00,14772241356,11092920038,0,up,393.926,295.811,39.393,0.0347,0
2026-03-10 15:10:00,13361416184,10131330615,0,up,356.304,270.169,35.63,0.089,0
2026-03-10 15:15:00,16251297446,7993816912,5,up,433.368,213.168,43.337,0.5454,0
2026-03-10 15:20:00,14323859410,11679326180,2,up,381.97,311.449,38.197,0.2865,0
2026-03-10 15:25:00,12651329597,11879616910,0,up,337.369,316.79,33.737,0.0774,0
2026-03-10 15:30:00,15794992615,12815806957,6,up,421.2,341.755,42.12,0.6162,0
2026-03-10 15:35:00,12419285955,11031901052,4,up,331.181,294.184,33.118,0.4839,0
2026-03-10 15:40:00,13492669694,10186608485,4,up,359.805,271.643,35.98,0.4203,0
2026-03-10 15:45:00,11207599593,11552086678,5,up,298.869,308.056,29.887,0.5644,0
2026-03-10 15:50:00,12436875398,11570773660,2,up,331.65,308.554,33.165,0.29,0
2026-03-10 15:55:00,15321352505,12564234290,2,up,408.569,335.046,40.857,0.2088,0
2026-03-10 16:00:00,11463835131,10443769194,1,up,305.702,278.501,30.57,0.1405,0
2026-03-10 16:05:00,12333937695,10291370494,0,up,328.905,274.437,32.891,0.076,0
2026-03-10 16:10:00,14995735950,9598414031,2,up,399.886,255.958,39.989,0.2445,0
2026-03-10 16:15:00,14021507587,11177202229,6,up,373.907,298.059,37.391,0.6608,0
2026-03-10 16:20:00,18585665944,8549190298,2,up,495.618,227.978,49.562,0.2704,0
2026-03-10 16:25:00,18301013782,11477870089,7,up,488.027,306.077,48.803,0.7562,0
2026-03-10 16:30:00,13437739567,11240672253,1,up,358.34,299.751,35.834,0.1324,0
2026-03-10 16:35:00,16002847713,11237188455,3,up,426.743,299.658,42.674,0.3564,0
2026-03-10 16:40:00,16348708602,10674163797,3,up,435.966,284.644,43.597,0.3138,0
2026-03-10 16:45:00,13924538055,12431552591,3,up,371.321,331.508,37.132,0.333,0
2026-03-10 16:50:00,12308025234,11598711766,3,up,328.214,309.299,32.821,0.3107,0
2026-03-10 16:55:00,14977862791,9735082738,0,up,399.41,259.602,39.941,0.0752,0
2026-03-10 17:00:00,14688877785,9757634397,0,up,391.703,260.204,39.17,0.0465,0
2026-03-10 17:05:00,14215623905,9391610995,11,up,379.083,250.443,37.908,1.1537,0
2026-03-10 17:10:00,15796170362,11194616999,0,up,421.231,298.523,42.123,0.0139,0
2026-03-10 17:15:00,13648686707,9239824959,1,up,363.965,246.395,36.396,0.1892,0
2026-03-10 17:20:00,12926404414,11865074100,1,up,344.704,316.402,34.47,0.1661,0
2026-03-10 17:25:00,15196349346,12166946368,1,up,405.236,324.452,40.524,0.1339,0
2026-03-10 17:30:00,15694746166,9392439501,4,up,418.527,250.465,41.853,0.457,0
2026-03-10 17:35:00,12882039100,10266208846,4,up,343.521,273.766,34.352,0.4104,0
2026-03-10 17:40:00,16670563099,10520942436,7,up,444.548,280.558,44.455,0.7069,0
2026-03-10 17:45:00,11813133952,11613818782,1,up,315.017,309.702,31.502,0.151,0
2026-03-10 17:50:00,13959395774,12527772653,2,up,372.251,334.074,37.225,0.2492,0
2026-03-10 17:55:00,14535584634,8376279584,6,up,387.616,223.367,38.762,0.6685,0
2026-03-10 18:00:00,13854797317,10099092295,15,up,369.461,269.309,36.946,1.5273,0
2026-03-10 18:05:00,13982891147,10164818963,10,up,372.877,271.062,37.288,1.045,0
2026-03-10 18:10:00,18367934068,8735155982,3,up,489.812,232.937,48.981,0.3796,0
2026-03-10 18:15:00,13468408639,9888761375,0,up,359.158,263.7,35.916,0.0464,0
2026-03-10 18:20:00,19394199100,11038988869,0,up,517.179,294.373,51.718,0.007,0
2026-03-10 18:25:00,15786828203,10148864582,5,up,420.982,270.636,42.098,0.5233,0
2026-03-10 18:30:00,15165699247,8553777327,5,up,404.419,228.101,40.442,0.5515,0
2026-03-10 18:35:00,15857232636,14121344199,4,up,422.86,376.569,42.286,0.4116,0
2026-03-10 18:40:00,19553869948,10835384110,0,up,521.437,288.944,52.144,0.0985,0
2026-03-10 18:45:00,13211532592,10640734603,3,up,352.308,283.753,35.231,0.3063,0
2026-03-10 18:50:00,12983247745,9116612782,1,up,346.22,243.11,34.622,0.114,0
2026-03-10 18:55:00,13641240846,10828489764,1,up,363.766,288.76,36.377,0.1797,0
2026-03-10 19:00:00,15057857664,10293090632,1,up,401.543,274.482,40.154,0.1446,0
2026-03-10 19:05:00,11893611975,8120460499,7,up,317.163,216.546,31.716,0.7348,0
2026-03-10 19:10:00,15040210630,9151478145,0,up,401.072,244.039,40.107,0.08,0
2026-03-10 19:15:00,18048384840,11501606782,2,up,481.29,306.71,48.129,0.2585,0
2026-03-10 19:20:00,15272533303,12949462239,1,up,407.268,345.319,40.727,0.1343,0
2026-03-10 19:25:00,14473166173,10962628410,3,up,385.951,292.337,38.595,0.3264,0
2026-03-10 19:30:00,13887311192,11889884930,2,up,370.328,317.064,37.033,0.2494,0
2026-03-10 19:35:00,16617321068,10303748311,7,up,443.129,274.767,44.313,0.773,0
2026-03-10 19:40:00,13513501008,10390951837,0,up,360.36,277.092,36.036,0.0321,0
2026-03-10 19:45:00,18323512657,11874633574,0,up,488.627,316.657,48.863,0.0748,0
2026-03-10 19:50:00,18480047545,12595099384,4,up,492.801,335.869,49.28,0.4362,0
2026-03-10 19:55:00,15462151437,12139381833,1,up,412.324,323.717,41.232,0.138,0
2026-03-10 20:00:00,14979272841,9156382525,0,up,399.447,244.17,39.945,0.0544,0
2026-03-10 20:05:00,16855187654,10415631798,2,up,449.472,277.75,44.947,0.2099,0
2026-03-10 20:10:00,16970637304,10849681102,3,up,452.55,289.325,45.255,0.3168,0
2026-03-10 20:15:00,13549214884,10172805765,0,up,361.312,271.275,36.131,0.0138,0
2026-03-10 20:20:00,14052200760,10988700504,1,up,374.725,293.032,37.473,0.1034,0
2026-03-10 20:25:00,12619774617,11533926782,4,up,336.527,307.571,33.653,0.4973,0
2026-03-10 20:30:00,15736316889,11763540287,2,up,419.635,313.694,41.964,0.2203,0
2026-03-10 20:35:00,16199930190,12624196391,0,up,431.998,336.645,43.2,0.0108,0
2026-03-10 20:40:00,12570133851,10084904208,0,up,335.204,268.931,33.52,0.0994,0
2026-03-10 20:45:00,14180641971,8781318212,3,up,378.15,234.168,37.815,0.3058,0
2026-03-10 20:50:00,12574942948,10951375588,0,up,335.332,292.037,33.533,0.0667,0
2026-03-10 20:55:00,13382160341,12873601899,5,up,356.858,343.296,35.686,0.527,0
2026-03-10 21:00:00,15991830708,9899010416,3,up,426.449,263.974,42.645,0.3386,0
2026-03-10 21:05:00,13679732279,11365427191,1,up,364.793,303.078,36.479,0.1912,0
2026-03-10 21:10:00,14458513279,11376639698,7,up,385.56,303.377,38.556,0.7417,0
2026-03-10 21:15:00,12070838889,10741216979,1,up,321.889,286.432,32.189,0.1492,0
2026-03-10 21:20:00,15336582377,10508725148,0,up,408.976,280.233,40.898,0.0804,0
2026-03-10 21:25:00,14920308024,9336479200,3,up,397.875,248.973,39.787,0.3249,0
2026-03-10 21:30:00,13687873349,7625105788,2,up,365.01,203.336,36.501,0.2555,0
2026-03-10 21:35:00,14659774264,9099068109,1,up,390.927,242.642,39.093,0.1225,0
2026-03-10 21:40:00,15324530784,10008216772,1,up,408.654,266.886,40.865,0.1263,0
2026-03-10 21:45:00,13533237331,11882752586,1,up,360.886,316.873,36.089,0.1524,0
2026-03-10 21:50:00,12342727420,10370058641,1,up,329.139,276.535,32.914,0.1032,0
2026-03-10 21:55:00,18250033978,9846027594,3,up,486.668,262.561,48.667,0.3716,0
2026-03-10 22:00:00,13860109131,9377358343,3,up,369.603,250.063,36.96,0.3161,0
2026-03-10 22:05:00,14825831814,11327575343,1,up,395.356,302.069,39.536,0.1744,0
2026-03-10 22:10:00,16819511523,12211530029,1,up,448.52,325.641,44.852,0.1522,0
2026-03-10 22:15:00,21352299337,11839929009,1,up,569.395,315.731,56.939,0.1363,0
2026-03-10 22:20:00,12759924390,11263748621,0,up,340.265,300.367,34.026,0.1,0
2026-03-10 22:25:00,15809688984,8640727939,0,up,421.592,230.419,42.159,0.0269,0
2026-03-10 22:30:00,13726405886,10056890454,0,up,366.037,268.184,36.604,0.0937,0
2026-03-10 22:35:00,14030177451,12953603328,1,up,374.138,345.429,37.414,0.1162,0
2026-03-10 22:40:00,13703618362,11913657619,2,up,365.43,317.698,36.543,0.238,0
2026-03-10 22:45:00,12973821057,8562745945,4,up,345.969,228.34,34.597,0.4459,0
2026-03-10 22:50:00,14925675548,10429955940,1,up,398.018,278.132,39.802,0.1511,0
2026-03-10 22:55:00,12345895163,10957504025,8,up,329.224,292.2,32.922,0.8688,0
2026-03-10 23:00:00,16704253619,9539680336,5,up,445.447,254.391,44.545,0.5269,0
2026-03-10 23:05:00,15099005284,7590402933,12,up,402.64,202.411,40.264,1.256,0
2026-03-10 23:10:00,15760382951,10624518296,6,up,420.277,283.32,42.028,0.6267,0
2026-03-10 23:15:00,14160860498,9507424595,2,up,377.623,253.531,37.762,0.2877,0
2026-03-10 23:20:00,14339032918,9512359408,2,up,382.374,253.663,38.237,0.2737,0
2026-03-10 23:25:00,15517615029,10053102746,0,up,413.803,268.083,41.38,0.0416,0
2026-03-10 23:30:00,12904708861,10331568347,3,up,344.126,275.508,34.413,0.3845,0
2026-03-10 23:35:00,14355617218,10488555679,2,up,382.816,279.695,38.282,0.275,0
2026-03-10 23:40:00,13452695675,9386172727,2,up,358.739,250.298,35.874,0.2121,0
2026-03-10 23:45:00,13396976140,10222535992,3,up,357.253,272.601,35.725,0.3546,0
2026-03-10 23:50:00,11202291166,8285646553,1,up,298.728,220.951,29.873,0.1761,0
2026-03-10 23:55:00,17410787861,10891909222,2,up,464.288,290.451,46.429,0.2226,0
2026-03-11 00:00:00,13764230244,6901092979,1,up,367.046,184.029,36.705,0.1524,0
2026-03-11 00:05:00,17094076899,10135242498,3,up,455.842,270.273,45.584,0.3791,0
2026-03-11 00:10:00,16923826178,11658174553,6,up,451.302,310.885,45.13,0.6277,0
2026-03-11 00:15:00,12685200528,9165230734,5,up,338.272,244.406,33.827,0.5514,0
2026-03-11 00:20:00,13040859775,11402702056,4,up,347.756,304.072,34.776,0.4626,0
2026-03-11 00:25:00,19608905326,11956223217,0,up,522.904,318.833,52.29,0.0042,0
2026-03-11 00:30:00,18151666695,6332046059,7,up,484.044,168.855,48.404,0.7287,0
2026-03-11 00:35:00,14943266676,10309282741,0,up,398.487,274.914,39.849,0.0964,0
2026-03-11 00:40:00,15463271591,6876525481,6,up,412.354,183.374,41.235,0.6567,0
2026-03-11 00:45:00,13864476474,10351057358,0,up,369.719,276.028,36.972,0.0658,0
2026-03-11 00:50:00,15778234885,10490964274,1,up,420.753,279.759,42.075,0.1738,0
2026-03-11 00:55:00,13709072578,7371994577,4,up,365.575,196.587,36.558,0.4152,0
2026-03-11 01:00:00,11341763224,12925296336,3,up,302.447,344.675,30.245,0.3067,0
2026-03-11 01:05:00,12621199584,10860379917,1,up,336.565,289.61,33.657,0.1613,0
2026-03-11 01:10:00,15037966946,9430230475,3,up,401.012,251.473,40.101,0.3405,0
2026-03-11 01:15:00,12964078976,12346378078,2,up,345.709,329.237,34.571,0.2389,0
2026-03-11 01:20:00,14878900563,8237527341,0,up,396.771,219.667,39.677,0.0968,0
2026-03-11 01:25:00,13065610129,8951244497,3,up,348.416,238.7,34.842,0.3118,0
2026-03-11 01:30:00,13591762939,7602686040,0,up,362.447,202.738,36.245,0.0685,0
2026-03-11 01:35:00,16535697551,12769316947,3,up,440.952,340.515,44.095,0.3552,0
2026-03-11 01:40:00,15445464985,10918756428,0,up,411.879,291.167,41.188,0.0009,0
2026-03-11 01:45:00,14982604041,11330846255,2,up,399.536,302.156,39.954,0.2387,0
2026-03-11 01:50:00,16582135151,10879261554,1,up,442.19,290.114,44.219,0.1538,0
2026-03-11 01:55:00,15865095468,11222947379,1,up,423.069,299.279,42.307,0.1083,0
2026-03-11 02:00:00,17603813924,10598377919,2,up,469.435,282.623,46.944,0.2175,0
2026-03-11 02:05:00,14172253327,10841360891,3,up,377.927,289.103,37.793,0.311,0
2026-03-11 02:10:00,14226657038,10635580329,10,up,379.378,283.615,37.938,1.0084,0
2026-03-11 02:15:00,12658003320,9733174324,5,up,337.547,259.551,33.755,0.537,0
2026-03-11 02:20:00,14227834708,10441252795,3,up,379.409,278.433,37.941,0.3789,0
2026-03-11 02:25:00,16736585809,10844729162,1,up,446.309,289.193,44.631,0.1956,0
2026-03-11 02:30:00,17339977270,10639291890,1,up,462.399,283.714,46.24,0.1493,0
2026-03-11 02:35:00,16728549302,8638007144,0,up,446.095,230.347,44.609,0.0099,0
2026-03-11 02:40:00,11770454640,8805316797,1,up,313.879,234.808,31.388,0.1335,0
2026-03-11 02:45:00,16949661382,11864380206,5,up,451.991,316.383,45.199,0.5659,0
2026-03-11 02:50:00,11690666478,10113187502,1,up,311.751,269.685,31.175,0.1454,0
2026-03-11 02:55:00,16616611183,11236753937,1,up,443.11,299.647,44.311,0.1857,0
2026-03-11 03:00:00,14337987852,9123928913,0,up,382.346,243.305,38.235,0.0952,0
2026-03-11 03:05:00,16264559965,8643836195,0,up,433.722,230.502,43.372,0.0961,0
2026-03-11 03:10:00,12601592973,9437068268,0,up,336.042,251.655,33.604,0.0192,0
2026-03-11 03:15:00,17108101738,10219568010,2,up,456.216,272.522,45.622,0.2854,0
2026-03-11 03:20:00,12363045457,9661923222,1,up,329.681,257.651,32.968,0.1783,0
2026-03-11 03:25:00,13796781160,12130356239,2,up,367.914,323.476,36.791,0.2794,0
2026-03-11 03:30:00,13203429670,10726199359,2,up,352.091,286.032,35.209,0.2375,0
2026-03-11 03:35:00,11842287264,12829662659,4,up,315.794,342.124,31.579,0.4811,0
2026-03-11 03:40:00,15170149621,11009554274,4,up,404.537,293.588,40.454,0.4171,0
2026-03-11 03:45:00,18250960412,7460185969,4,up,486.692,198.938,48.669,0.4428,0
2026-03-11 03:50:00,19800429400,11830612424,2,up,528.011,315.483,52.801,0.2075,0
2026-03-11 03:55:00,15174880416,8597964955,1,up,404.663,229.279,40.466,0.131,0
2026-03-11 04:00:00,17010026295,10790472420,8,up,453.601,287.746,45.36,0.8129,0
2026-03-11 04:05:00,15417770348,9523898087,0,up,411.141,253.971,41.114,0.0167,0
2026-03-11 04:10:00,15897989750,13199815903,0,up,423.946,351.995,42.395,0.0497,0
2026-03-11 04:15:00,14384132427,12313893388,1,up,383.577,328.37,38.358,0.1632,0
2026-03-11 04:20:00,15351138465,9565305991,2,up,409.364,255.075,40.936,0.2855,0
2026-03-11 04:25:00,15967461668,10339529338,0,up,425.799,275.721,42.58,0.0025,0
2026-03-11 04:30:00,13958772488,10808193567,3,up,372.234,288.218,37.223,0.3812,0
2026-03-11 04:35:00,14860510260,11587901730,2,up,396.28,309.011,39.628,0.2454,0
2026-03-11 04:40:00,14894825785,10536731409,1,up,397.195,280.98,39.72,0.1989,0
2026-03-11 04:45:00,16487525971,9208632426,1,up,439.667,245.564,43.967,0.1652,0
2026-03-11 04:50:00,13081142091,9595876114,2,up,348.83,255.89,34.883,0.2199,0
2026-03-11 04:55:00,14907224024,10494352936,0,up,397.526,279.849,39.753,0.0529,0
2026-03-11 05:00:00,18441609844,12055415793,0,up,491.776,321.478,49.178,0.0345,0
2026-03-11 05:05:00,17095308274,11039075704,1,up,455.875,294.375,45.587,0.1026,0
2026-03-11 05:10:00,17428522287,9525497192,3,up,464.761,254.013,46.476,0.3709,0
2026-03-11 05:15:00,15043977312,11316949699,2,up,401.173,301.785,40.117,0.2662,0
2026-03-11 05:20:00,15577795614,10012399103,1,up,415.408,266.997,41.541,0.1962,0
2026-03-11 05:25:00,16804025100,11621914086,2,up,448.107,309.918,44.811,0.2543,0
2026-03-11 05:30:00,17808459953,13684033127,2,up,474.892,364.908,47.489,0.2458,0
2026-03-11 05:35:00,11487114756,10047878772,1,up,306.323,267.943,30.632,0.11,0
2026-03-11 05:40:00,12632205647,11510022501,0,up,336.859,306.934,33.686,0.0308,0
2026-03-11 05:45:00,17356999382,9560804401,6,up,462.853,254.955,46.285,0.6813,0
2026-03-11 05:50:00,14501599159,10358547653,2,up,386.709,276.228,38.671,0.2748,0
2026-03-11 05:55:00,13790902579,10537248481,3,up,367.757,280.993,36.776,0.3589,0
2026-03-11 06:00:00,12742510223,10255958588,1,up,339.8,273.492,33.98,0.1871,0
2026-03-11 06:05:00,14000969937,13603397247,4,up,373.359,362.757,37.336,0.4238,0
2026-03-11 06:10:00,12475735289,10113692725,2,up,332.686,269.698,33.269,0.2635,0
2026-03-11 06:15:00,18763969690,11239432938,0,up,500.373,299.718,50.037,0.0166,0
2026-03-11 06:20:00,14959615106,8068090544,6,up,398.923,215.149,39.892,0.6624,0
2026-03-11 06:25:00,14895689024,11044315669,1,up,397.218,294.515,39.722,0.1094,0
2026-03-11 06:30:00,16058538015,11938988786,0,up,428.228,318.373,42.823,0.0445,0
2026-03-11 06:35:00,16732221304,9835227348,0,up,446.193,262.273,44.619,0.0276,0
2026-03-11 06:40:00,16702598681,7337120102,3,up,445.403,195.657,44.54,0.3824,0
2026-03-11 06:45:00,16932519499,10451298771,3,up,451.534,278.701,45.153,0.3652,0
2026-03-11 06:50:00,13864478008,10521651651,3,up,369.719,280.577,36.972,0.3614,0
2026-03-11 06:55:00,14463839751,11412334563,7,up,385.702,304.329,38.57,0.7422,0
2026-03-11 07:00:00,16384256979,13033737824,1,up,436.914,347.566,43.691,0.1287,0
2026-03-11 07:05:00,14050699689,10021132400,2,up,374.685,267.23,37.469,0.2471,0
2026-03-11 07:10:00,14990808062,9421076964,2,up,399.755,251.229,39.975,0.2899,0
2026-03-11 07:15:00,15717774775,9029683570,11,up,419.141,240.792,41.914,1.1659,0
2026-03-11 07:20:00,16413333148,10749579057,1,up,437.689,286.655,43.769,0.1123,0
2026-03-11 07:25:00,11800174267,11103986366,9,up,314.671,296.106,31.467,0.9393,0
2026-03-11 07:30:00,16286542169,9812474203,0,up,434.308,261.666,43.431,0.0483,0
2026-03-11 07:35:00,14579296695,11481140259,4,up,388.781,306.164,38.878,0.4332,0
2026-03-11 07:40:00,16273423879,11086383936,3,up,433.958,295.637,43.396,0.3006,0
2026-03-11 07:45:00,16398477046,10554471928,5,up,437.293,281.453,43.729,0.5093,0
2026-03-11 07:50:00,17894247110,9362957451,0,up,477.18,249.679,47.718,0.0087,0
2026-03-11 07:55:00,17436216565,9892850962,0,up,464.966,263.809,46.497,0.0244,0
2026-03-11 08:00:00,17423828992,7438508324,0,up,464.635,198.36,46.464,0.0217,0
2026-03-11 08:05:00,17598606574,10797091700,2,up,469.296,287.922,46.93,0.2697,0
2026-03-11 08:10:00,15524482172,10533190023,2,up,413.986,280.885,41.399,0.2771,0
2026-03-11 08:15:00,15057933156,10737483528,7,up,401.545,286.333,40.154,0.7097,0
2026-03-11 08:20:00,16571070749,11135441959,1,up,441.895,296.945,44.19,0.1891,0
2026-03-11 08:25:00,16317745712,10986135072,0,up,435.14,292.964,43.514,0.0211,0
2026-03-11 08:30:00,14443680773,10360917192,0,up,385.165,276.291,38.516,0.0705,0
2026-03-11 08:35:00,15728682135,10561321734,0,up,419.432,281.635,41.943,0.0024,0
2026-03-11 08:40:00,14936826359,8730561314,4,up,398.315,232.815,39.832,0.4498,0
2026-03-11 08:45:00,13462920764,9764511986,5,up,359.011,260.387,35.901,0.5072,0
2026-03-11 08:50:00,17322829334,10563593527,18,up,461.942,281.696,46.194,1.8556,0
2026-03-11 08:55:00,15099358636,9572824494,1,up,402.65,255.275,40.265,0.1594,0
2026-03-11 09:00:00,18687674863,11583790002,0,up,498.338,308.901,49.834,0.0058,0
2026-03-11 09:05:00,12074113913,9670123577,0,up,321.976,257.87,32.198,0.0803,0
2026-03-11 09:10:00,13997798208,10772544818,2,up,373.275,287.268,37.327,0.2659,0
2026-03-11 09:15:00,15058749906,10646872727,9,up,401.567,283.917,40.157,0.9806,0
2026-03-11 09:20:00,17047285975,11440309767,0,up,454.594,305.075,45.459,0.0328,0
2026-03-11 09:25:00,15719044870,11634996879,0,up,419.175,310.267,41.917,0.0389,0
2026-03-11 09:30:00,15558850957,11374481089,3,up,414.903,303.319,41.49,0.363,0
2026-03-11 09:35:00,12970925173,7846432186,3,up,345.891,209.238,34.589,0.3301,0
2026-03-11 09:40:00,12917505484,12004626666,0,up,344.467,320.123,34.447,0.0865,0
2026-03-11 09:45:00,15580508388,12424408362,5,up,415.48,331.318,41.548,0.5032,0
2026-03-11 09:50:00,12544609211,9892523401,0,up,334.523,263.801,33.452,0.0414,0
2026-03-11 09:55:00,14042620049,10798175109,7,up,374.47,287.951,37.447,0.7801,0
2026-03-11 10:00:00,15901651192,9377552083,0,up,424.044,250.068,42.404,0.0673,0
2026-03-11 10:05:00,13231816309,8045043081,0,up,352.848,214.534,35.285,0.0255,0
2026-03-11 10:10:00,17889640732,9569218765,1,up,477.057,255.179,47.706,0.1244,0
2026-03-11 10:15:00,17203085419,9819424810,0,up,458.749,261.851,45.875,0.0624,0
2026-03-11 10:20:00,12171444002,10052888078,2,up,324.572,268.077,32.457,0.2246,0
2026-03-11 10:25:00,13321731762,9291768246,3,up,355.246,247.78,35.525,0.3483,0
2026-03-11 10:30:00,10885600959,9575884289,2,up,290.283,255.357,29.028,0.2025,0
2026-03-11 10:35:00,13591335547,10486132034,3,up,362.436,279.63,36.244,0.3242,0
2026-03-11 10:40:00,16379499257,9529514001,1,up,436.787,254.12,43.679,0.1362,0
2026-03-11 10:45:00,14254989103,11184840659,0,up,380.133,298.262,38.013,0.0085,0
2026-03-11 10:50:00,15829435038,11358892420,10,up,422.118,302.904,42.212,1.0956,0
2026-03-11 10:55:00,12259798227,13499288560,5,up,326.928,359.981,32.693,0.5135,0
2026-03-11 11:00:00,16436355458,11918356714,0,up,438.303,317.823,43.83,0.0229,0
2026-03-11 11:05:00,14000803389,10806309853,1,up,373.355,288.168,37.335,0.1789,0
2026-03-11 11:10:00,15021905428,9718466986,3,up,400.584,259.159,40.058,0.3024,0
2026-03-11 11:15:00,14832825897,10870121663,0,up,395.542,289.87,39.554,0.0634,0
2026-03-11 11:20:00,12711212662,10911510909,2,up,338.966,290.974,33.897,0.2588,0
2026-03-11 11:25:00,12924448202,9853225507,2,up,344.652,262.753,34.465,0.2288,0
2026-03-11 11:30:00,16742030044,11487501559,0,up,446.454,306.333,44.645,0.0701,0
2026-03-11 11:35:00,15718185883,8738396501,0,up,419.152,233.024,41.915,0.0457,0
2026-03-11 11:40:00,16890088274,10192056207,4,up,450.402,271.788,45.04,0.4268,0
2026-03-11 11:45:00,15584384823,11200381658,1,up,415.584,298.677,41.558,0.1168,0
2026-03-11 11:50:00,15257383142,10137643974,0,up,406.864,270.337,40.686,0.0839,0
2026-03-11 11:55:00,11893180886,10239489451,4,up,317.151,273.053,31.715,0.4017,0
2026-03-11 12:00:00,14513339945,10326389814,3,up,387.022,275.37,38.702,0.3996,0
2026-03-11 12:05:00,14950708223,9447142436,0,up,398.686,251.924,39.869,0.0971,0
2026-03-11 12:10:00,18515592956,11979115173,6,up,493.749,319.443,49.375,0.6181,0
2026-03-11 12:15:00,16236521937,9217272533,3,up,432.974,245.794,43.297,0.3497,0
2026-03-11 12:20:00,17764910127,10900880752,1,up,473.731,290.69,47.373,0.1273,0
2026-03-11 12:25:00,16075567870,11021196351,1,up,428.682,293.899,42.868,0.1673,0
2026-03-11 12:30:00,13719654191,9304736404,3,up,365.857,248.126,36.586,0.3892,0
2026-03-11 12:35:00,15210823589,10592111360,0,up,405.622,282.456,40.562,0.0713,0
2026-03-11 12:40:00,15425202563,9353863462,1,up,411.339,249.436,41.134,0.1898,0
2026-03-11 12:45:00,13309519974,12252713518,3,up,354.921,326.739,35.492,0.318,0
2026-03-11 12:50:00,14308102722,9065133499,2,up,381.549,241.737,38.155,0.2326,0
2026-03-11 12:55:00,14629619411,9676089661,2,up,390.123,258.029,39.012,0.2812,0
2026-03-11 13:00:00,17890115698,8957476489,2,up,477.07,238.866,47.707,0.237,0
2026-03-11 13:05:00,11254667054,8789299604,0,up,300.124,234.381,30.012,0.0667,0
2026-03-11 13:10:00,17170473157,12504931266,1,up,457.879,333.465,45.788,0.1584,0
2026-03-11 13:15:00,13313768577,11183896089,2,up,355.034,298.237,35.503,0.2278,0
2026-03-11 13:20:00,12530257462,10676769716,4,up,334.14,284.714,33.414,0.4543,0
2026-03-11 13:25:00,17123895834,9672713026,3,up,456.637,257.939,45.664,0.3183,0
2026-03-11 13:30:00,16317416524,11643590881,1,up,435.131,310.496,43.513,0.1668,0
2026-03-11 13:35:00,17258133664,9461479726,10,up,460.217,252.306,46.022,1.0995,0
2026-03-11 13:40:00,16441263505,11499985510,0,up,438.434,306.666,43.843,0.0342,0
2026-03-11 13:45:00,18707721003,9400635791,0,up,498.873,250.684,49.887,0.0695,0
2026-03-11 13:50:00,16005702906,9687920295,1,up,426.819,258.345,42.682,0.1253,0
2026-03-11 13:55:00,14718340722,11455435806,0,up,392.489,305.478,39.249,0.0779,0
2026-03-11 14:00:00,15617267479,11588422453,2,up,416.46,309.025,41.646,0.2946,0
2026-03-11 14:05:00,17238244431,11252815896,0,up,459.687,300.075,45.969,0.0121,0
2026-03-11 14:10:00,13597124414,9177410614,0,up,362.59,244.731,36.259,0.0586,0
2026-03-11 14:15:00,13826600551,9937124149,1,up,368.709,264.99,36.871,0.1042,0
2026-03-11 14:20:00,14443871973,10697692413,3,up,385.17,285.272,38.517,0.345,0
2026-03-11 14:25:00,11211750962,9429905987,6,up,298.98,251.464,29.898,0.6259,0
2026-03-11 14:30:00,15248541135,12227413077,4,up,406.628,326.064,40.663,0.4806,0
2026-03-11 14:35:00,11604968332,7473546850,0,up,309.466,199.295,30.947,0.0603,0
2026-03-11 14:40:00,15095506763,9518788210,2,up,402.547,253.834,40.255,0.25,0
2026-03-11 14:45:00,16557521561,9857946206,0,up,441.534,262.879,44.153,0.0091,0
2026-03-11 14:50:00,14141622370,6916630982,1,up,377.11,184.443,37.711,0.1116,0
2026-03-11 14:55:00,18018808566,8740751295,4,up,480.502,233.087,48.05,0.4919,0
2026-03-11 15:00:00,12371098381,11287864785,1,up,329.896,301.01,32.99,0.183,0
2026-03-11 15:05:00,17144269226,10538157382,0,up,457.181,281.018,45.718,0.0487,0
2026-03-11 15:10:00,16215246701,12482151387,1,up,432.407,332.857,43.241,0.1732,0
2026-03-11 15:15:00,11911140153,12446985321,0,up,317.63,331.92,31.763,0.0662,0
2026-03-11 15:20:00,19879429738,11045638437,1,up,530.118,294.55,53.012,0.1499,0
2026-03-11 15:25:00,14885258486,10894680193,2,up,396.94,290.525,39.694,0.2007,0
2026-03-11 15:30:00,13420528760,10583073196,1,up,357.881,282.215,35.788,0.129,0
2026-03-11 15:35:00,12467243049,7154596657,8,up,332.46,190.789,33.246,0.8292,0
2026-03-11 15:40:00,14603967550,8742855013,2,up,389.439,233.143,38.944,0.248,0
2026-03-11 15:45:00,14770667629,10626851133,5,up,393.884,283.383,39.388,0.5552,0
2026-03-11 15:50:00,15184761951,11276192393,4,up,404.927,300.698,40.493,0.429,0
2026-03-11 15:55:00,14463966918,10864983963,3,up,385.706,289.733,38.571,0.3247,0
2026-03-11 16:00:00,16139805558,9375494140,2,up,430.395,250.013,43.039,0.2061,0
2026-03-11 16:05:00,14302266301,11681131915,0,up,381.394,311.497,38.139,0.0007,0
2026-03-11 16:10:00,11517064588,12367879476,2,up,307.122,329.81,30.712,0.2852,0
2026-03-11 16:15:00,14731149307,11681866896,1,up,392.831,311.516,39.283,0.132,0
2026-03-11 16:20:00,10738540223,11746895155,0,up,286.361,313.251,28.636,0.0376,0
2026-03-11 16:25:00,15636787135,9795375494,1,up,416.981,261.21,41.698,0.1764,0
2026-03-11 16:30:00,13237259585,11855676994,3,up,352.994,316.151,35.299,0.399,0
2026-03-11 16:35:00,15294048638,10683655885,9,up,407.841,284.897,40.784,0.9785,0
2026-03-11 16:40:00,17365334966,11144559965,1,up,463.076,297.188,46.308,0.1406,0
2026-03-11 16:45:00,13292252348,10960444121,2,up,354.46,292.279,35.446,0.2347,0
2026-03-11 16:50:00,16910261265,10346926247,5,up,450.94,275.918,45.094,0.5716,0
2026-03-11 16:55:00,14219898779,9416396881,1,up,379.197,251.104,37.92,0.1219,0
2026-03-11 17:00:00,18155750643,10396507803,0,up,484.153,277.24,48.415,0.046,0
2026-03-11 17:05:00,14342725296,11743319638,0,up,382.473,313.155,38.247,0.0993,0
2026-03-11 17:10:00,13487112626,9943740485,6,up,359.656,265.166,35.966,0.6882,0
2026-03-11 17:15:00,16237029210,11625617550,0,up,432.987,310.016,43.299,0.0521,0
2026-03-11 17:20:00,14215578486,11428709044,1,up,379.082,304.766,37.908,0.1198,0
2026-03-11 17:25:00,13485390874,10123338879,1,up,359.61,269.956,35.961,0.1874,0
2026-03-11 17:30:00,14139888268,12249888130,5,up,377.064,326.664,37.706,0.5634,0
2026-03-11 17:35:00,14919708242,10052011194,8,up,397.859,268.054,39.786,0.8328,0
2026-03-11 17:40:00,17415924236,12402029046,1,up,464.425,330.721,46.442,0.1664,0
2026-03-11 17:45:00,11518642058,11046999996,8,up,307.164,294.587,30.716,0.8063,0
2026-03-11 17:50:00,15041545186,10480008942,0,up,401.108,279.467,40.111,0.0528,0
2026-03-11 17:55:00,16124826470,9381370260,0,up,429.995,250.17,43.0,0.0512,0
2026-03-11 18:00:00,15348207434,10388792110,8,up,409.286,277.034,40.929,0.8943,0
2026-03-11 18:05:00,17357757304,10243263012,2,up,462.874,273.154,46.287,0.2138,0
2026-03-11 18:10:00,14866178406,8914546554,0,up,396.431,237.721,39.643,0.0617,0
2026-03-11 18:15:00,14667807404,10225804567,2,up,391.142,272.688,39.114,0.2008,0
2026-03-11 18:20:00,16066193184,9487207993,4,up,428.432,252.992,42.843,0.4586,0
2026-03-11 18:25:00,15178764866,11238349628,5,up,404.767,299.689,40.477,0.5262,0
2026-03-11 18:30:00,14297264271,12145913399,5,up,381.26,323.891,38.126,0.5985,0
2026-03-11 18:35:00,15929059271,8954086247,2,up,424.775,238.776,42.477,0.2529,0
2026-03-11 18:40:00,13825449072,12657507737,6,up,368.679,337.534,36.868,0.6051,0
2026-03-11 18:45:00,13899881126,10338025696,2,up,370.663,275.681,37.066,0.214,0
2026-03-11 18:50:00,14049610760,9271473054,2,up,374.656,247.239,37.466,0.2802,0
2026-03-11 18:55:00,17435524488,11454771023,4,up,464.947,305.461,46.495,0.4265,0
2026-03-11 19:00:00,9202170559,9937467357,1,up,245.391,264.999,24.539,0.1662,0
2026-03-11 19:05:00,15712077902,10397011788,0,up,418.989,277.254,41.899,0.0229,0
2026-03-11 19:10:00,15061689265,9990609412,1,up,401.645,266.416,40.165,0.1293,0
2026-03-11 19:15:00,11974433173,9470910205,2,up,319.318,252.558,31.932,0.2934,0
2026-03-11 19:20:00,15557508202,11412236260,0,up,414.867,304.326,41.487,0.0641,0
2026-03-11 19:25:00,15856353585,10139260232,0,up,422.836,270.38,42.284,0.0482,0
2026-03-11 19:30:00,16061350616,8689818741,1,up,428.303,231.728,42.83,0.1041,0
2026-03-11 19:35:00,10226709486,11194335756,0,up,272.712,298.516,27.271,0.0098,0
2026-03-11 19:40:00,17459500941,8980966237,4,up,465.587,239.492,46.559,0.4081,0
2026-03-11 19:45:00,13672073931,9046892182,0,up,364.589,241.25,36.459,0.0898,0
2026-03-11 19:50:00,16235821944,12002683818,0,up,432.955,320.072,43.296,0.0398,0
2026-03-11 19:55:00,16333932805,8992611726,3,up,435.572,239.803,43.557,0.3603,0
2026-03-11 20:00:00,13421945245,7581279480,5,up,357.919,202.167,35.792,0.5553,0
2026-03-11 20:05:00,16188827914,11284805471,0,up,431.702,300.928,43.17,0.006,0
2026-03-11 20:10:00,14306112166,10117132078,0,up,381.496,269.79,38.15,0.0798,0
2026-03-11 20:15:00,11271521077,10225754547,8,up,300.574,272.687,30.057,0.8714,0
2026-03-11 20:20:00,17101935465,10103729504,1,up,456.052,269.433,45.605,0.146,0
2026-03-11 20:25:00,13604919066,10791904123,8,up,362.798,287.784,36.28,0.8371,0
2026-03-11 20:30:00,13461911767,9551573755,0,up,358.984,254.709,35.898,0.0961,0
2026-03-11 20:35:00,14274481437,12359904741,0,up,380.653,329.597,38.065,0.0738,0
2026-03-11 20:40:00,15490026105,8639949594,0,up,413.067,230.399,41.307,0.0723,0
2026-03-11 20:45:00,14896913260,11060542395,0,up,397.251,294.948,39.725,0.0267,0
2026-03-11 20:50:00,15986520464,11309072464,6,up,426.307,301.575,42.631,0.6803,0
2026-03-11 20:55:00,12588919140,9542838781,11,up,335.705,254.476,33.57,1.1711,0
2026-03-11 21:00:00,13663704533,9210094598,9,up,364.365,245.603,36.437,0.9271,0
2026-03-11 21:05:00,14791205269,11781639509,5,up,394.432,314.177,39.443,0.5732,0
2026-03-11 21:10:00,18416197126,9251515449,5,up,491.099,246.707,49.11,0.563,0
2026-03-11 21:15:00,14795137430,9735603434,3,up,394.537,259.616,39.454,0.3246,0
2026-03-11 21:20:00,16953400074,11618009292,5,up,452.091,309.814,45.209,0.525,0
2026-03-11 21:25:00,15069399303,10543773954,0,up,401.851,281.167,40.185,0.0701,0
2026-03-11 21:30:00,14129414452,8235598978,1,up,376.784,219.616,37.678,0.1473,0
2026-03-11 21:35:00,14555896036,12701294522,3,up,388.157,338.701,38.816,0.3072,0
2026-03-11 21:40:00,14696844518,9832186443,6,up,391.916,262.192,39.192,0.6233,0
2026-03-11 21:45:00,16086562330,9992525814,3,up,428.975,266.467,42.897,0.3241,0
2026-03-11 21:50:00,17474300281,10822288157,5,up,465.981,288.594,46.598,0.5479,0
2026-03-11 21:55:00,15647425525,11287596764,1,up,417.265,301.003,41.726,0.1927,0
2026-03-11 22:00:00,17136739821,12970991407,3,up,456.98,345.893,45.698,0.379,0
2026-03-11 22:05:00,13263378472,8408314131,11,up,353.69,224.222,35.369,1.1733,0
2026-03-11 22:10:00,14253665084,11540699783,0,up,380.098,307.752,38.01,0.05,0
2026-03-11 22:15:00,13696255438,11436192214,7,up,365.233,304.965,36.523,0.7849,0
2026-03-11 22:20:00,15566000263,10327172212,2,up,415.093,275.391,41.509,0.2217,0
2026-03-11 22:25:00,14353874906,11491964855,3,up,382.77,306.452,38.277,0.3092,0
2026-03-11 22:30:00,16313591286,11677185262,6,up,435.029,311.392,43.503,0.6308,0
2026-03-11 22:35:00,13324196919,8758726890,1,up,355.312,233.566,35.531,0.1581,0
2026-03-11 22:40:00,15077455751,12704705797,1,up,402.065,338.792,40.207,0.1627,0
2026-03-11 22:45:00,16236344239,8535959561,2,up,432.969,227.626,43.297,0.2247,0
2026-03-11 22:50:00,11282455004,9069501485,0,up,300.865,241.853,30.087,0.0058,0
2026-03-11 22:55:00,18818936353,10170147531,2,up,501.838,271.204,50.184,0.206,0
2026-03-11 23:00:00,14490326607,12925425046,1,up,386.409,344.678,38.641,0.1032,0
2026-03-11 23:05:00,11354928155,10111596646,7,up,302.798,269.643,30.28,0.7891,0
2026-03-11 23:10:00,15284569017,10459763298,0,up,407.589,278.927,40.759,0.0275,0
2026-03-11 23:15:00,15060198242,12304419040,1,up,401.605,328.118,40.161,0.1845,0
2026-03-11 23:20:00,14852590116,10121599140,8,up,396.069,269.909,39.607,0.8839,0
2026-03-11 23:25:00,16784144003,9015169741,6,up,447.577,240.405,44.758,0.6939,0
2026-03-11 23:30:00,16345400948,9974284107,3,up,435.877,265.981,43.588,0.3625,0
2026-03-11 23:35:00,15536177143,12227197710,2,up,414.298,326.059,41.43,0.267,0
2026-03-11 23:40:00,15810280141,10589289896,0,up,421.607,282.381,42.161,0.0989,0
2026-03-11 23:45:00,14812154791,12932629406,1,up,394.991,344.87,39.499,0.1372,0
2026-03-11 23:50:00,18195883528,11429798007,0,up,485.224,304.795,48.522,0.0283,0
2026-03-11 23:55:00,12337447166,9687540740,4,up,328.999,258.334,32.9,0.4627,0
2026-03-12 00:00:00,15251373013,10564356143,1,up,406.703,281.716,40.67,0.1174,0
2026-03-12 00:05:00,15117044336,9424945171,3,up,403.121,251.332,40.312,0.3306,0
2026-03-12 00:10:00,16463904730,9657774381,1,up,439.037,257.541,43.904,0.1328,0
2026-03-12 00:15:00,13481063020,16143646156,1,up,359.495,430.497,35.95,0.1873,0
2026-03-12 00:20:00,11861389315,11783466882,2,up,316.304,314.226,31.63,0.2429,0
2026-03-12 00:25:00,15282281428,11584983466,4,up,407.528,308.933,40.753,0.4856,0
2026-03-12 00:30:00,15506214885,9714792802,0,up,413.499,259.061,41.35,0.0712,0
2026-03-12 00:35:00,17681278937,12477675923,1,up,471.501,332.738,47.15,0.1526,0
2026-03-12 00:40:00,12713348316,11885263658,0,up,339.023,316.94,33.902,0.0418,0
2026-03-12 00:45:00,17078448780,12870842824,0,up,455.425,343.222,45.543,0.0236,0
2026-03-12 00:50:00,19261345855,12809723826,2,up,513.636,341.593,51.364,0.2784,0
2026-03-12 00:55:00,14320023202,8636347496,0,up,381.867,230.303,38.187,0.0629,0
2026-03-12 01:00:00,12676304004,9101602243,0,up,338.035,242.709,33.803,0.0185,0
2026-03-12 01:05:00,14267446140,9235227352,6,up,380.465,246.273,38.047,0.6822,0
2026-03-12 01:10:00,15025208941,9310634789,2,up,400.672,248.284,40.067,0.2293,0
2026-03-12 01:15:00,16014818175,10907549978,0,up,427.062,290.868,42.706,0.0434,0
2026-03-12 01:20:00,13935489486,9785827650,0,up,371.613,260.955,37.161,0.0165,0
2026-03-12 01:25:00,17799357361,13111474161,0,up,474.65,349.639,47.465,0.0383,0
2026-03-12 01:30:00,12993841832,12899896651,1,up,346.502,343.997,34.65,0.1912,0
2026-03-12 01:35:00,11869430726,10491858391,3,up,316.518,279.783,31.652,0.3312,0
2026-03-12 01:40:00,16992078763,12963711032,3,up,453.122,345.699,45.312,0.3076,0
2026-03-12 01:45:00,10905682143,12375049630,0,up,290.818,330.001,29.082,0.0468,0
2026-03-12 01:50:00,14632566416,9932109735,3,up,390.202,264.856,39.02,0.3011,0
2026-03-12 01:55:00,20611826032,7968388666,1,up,549.649,212.49,54.965,0.1557,0
2026-03-12 02:00:00,14978321604,10225359834,1,up,399.422,272.676,39.942,0.1875,0
2026-03-12 02:05:00,12982618228,9687776114,4,up,346.203,258.341,34.62,0.485,0
2026-03-12 02:10:00,14896684565,10760197087,1,up,397.245,286.939,39.724,0.1213,0
2026-03-12 02:15:00,14908558580,10612427641,0,up,397.562,282.998,39.756,0.0477,0
2026-03-12 02:20:00,15289169892,10579402250,6,up,407.711,282.117,40.771,0.6201,0
2026-03-12 02:25:00,16192073367,11159842774,0,up,431.789,297.596,43.179,0.0715,0
2026-03-12 02:30:00,13129599896,8972222346,1,up,350.123,239.259,35.012,0.1045,0
2026-03-12 02:35:00,18037586499,11018313949,3,up,481.002,293.822,48.1,0.3679,0
2026-03-12 02:40:00,15441205711,9946083647,3,up,411.765,265.229,41.177,0.3452,0
2026-03-12 02:45:00,16308229283,10751977571,4,up,434.886,286.719,43.489,0.4834,0
2026-03-12 02:50:00,13869331080,11706336404,0,up,369.849,312.169,36.985,0.061,0
2026-03-12 02:55:00,17315487846,8957256285,1,up,461.746,238.86,46.175,0.1303,0
2026-03-12 03:00:00,14537305664,10145569997,0,up,387.661,270.549,38.766,0.0404,0
2026-03-12 03:05:00,15499594524,10350646865,2,up,413.323,276.017,41.332,0.2336,0
2026-03-12 03:10:00,13320409061,9852021095,1,up,355.211,262.721,35.521,0.1038,0
2026-03-12 03:15:00,13205523072,11633785165,3,up,352.147,310.234,35.215,0.3503,0
2026-03-12 03:20:00,16238769551,9592310667,0,up,433.034,255.795,43.303,0.0001,0
2026-03-12 03:25:00,14201507705,9800195496,0,up,378.707,261.339,37.871,0.0185,0
2026-03-12 03:30:00,13463118442,9605501892,1,up,359.016,256.147,35.902,0.17,0
2026-03-12 03:35:00,13842269984,11875989818,9,up,369.127,316.693,36.913,0.9523,0
2026-03-12 03:40:00,16258115529,9879520418,6,up,433.55,263.454,43.355,0.6645,0
2026-03-12 03:45:00,13867731849,11079657192,15,up,369.806,295.458,36.981,1.5353,0
2026-03-12 03:50:00,14788221123,12989388427,1,up,394.353,346.384,39.435,0.1618,0
2026-03-12 03:55:00,15027049950,10405728790,0,up,400.721,277.486,40.072,0.0143,0
2026-03-12 04:00:00,11548772005,11901196456,1,up,307.967,317.365,30.797,0.1096,0
2026-03-12 04:05:00,12351972470,12605906145,3,up,329.386,336.157,32.939,0.3379,0
2026-03-12 04:10:00,15605300200,11794261365,0,up,416.141,314.514,41.614,0.0436,0
2026-03-12 04:15:00,13673347149,10478830341,1,up,364.623,279.435,36.462,0.107,0
2026-03-12 04:20:00,16902104840,11309055776,0,up,450.723,301.575,45.072,0.0173,0
2026-03-12 04:25:00,16740252787,8877902972,1,up,446.407,236.744,44.641,0.1933,0
2026-03-12 04:30:00,16294503599,9517145620,0,up,434.52,253.791,43.452,0.0703,0
2026-03-12 04:35:00,18275589217,9738109271,0,up,487.349,259.683,48.735,0.0287,0
2026-03-12 04:40:00,14850439210,13323171271,1,up,396.012,355.285,39.601,0.1589,0
2026-03-12 04:45:00,16167987466,9476143512,1,up,431.146,252.697,43.115,0.1298,0
2026-03-12 04:50:00,13948078242,9457379293,2,up,371.949,252.197,37.195,0.2313,0
2026-03-12 04:55:00,19414265843,9184659564,4,up,517.714,244.924,51.771,0.4147,0
2026-03-12 05:00:00,18570540574,11205362820,0,up,495.214,298.81,49.521,0.0358,0
2026-03-12 05:05:00,15021384782,10679702954,4,up,400.57,284.792,40.057,0.4698,0
2026-03-12 05:10:00,15695855213,11869316311,0,up,418.556,316.515,41.856,0.008,0
2026-03-12 05:15:00,17446735678,11345787179,1,up,465.246,302.554,46.525,0.1756,0
2026-03-12 05:20:00,14735148891,8760708793,2,up,392.937,233.619,39.294,0.2656,0
2026-03-12 05:25:00,13818076672,9482830009,9,up,368.482,252.875,36.848,0.944,0
2026-03-12 05:30:00,16573181551,12220314222,2,up,441.952,325.875,44.195,0.2559,0
2026-03-12 05:35:00,15141190642,10243844211,0,up,403.765,273.169,40.377,0.0519,0
2026-03-12 05:40:00,15329390009,11996365690,2,up,408.784,319.903,40.878,0.2187,0
2026-03-12 05:45:00,13498311582,10311402005,1,up,359.955,274.971,35.995,0.1511,0
2026-03-12 05:50:00,11908190132,9280752900,1,up,317.552,247.487,31.755,0.1958,0
2026-03-12 05:55:00,15425056337,10117891420,0,up,411.335,269.81,41.133,0.0659,0
2026-03-12 06:00:00,16628931674,9280257257,2,up,443.438,247.474,44.344,0.2084,0
2026-03-12 06:05:00,14593547851,9787403519,0,up,389.161,260.997,38.916,0.0488,0
2026-03-12 06:10:00,17585573135,10753166390,4,up,468.949,286.751,46.895,0.4088,0
2026-03-12 06:15:00,13732950614,11144622413,2,up,366.212,297.19,36.621,0.2704,0
2026-03-12 06:20:00,13101531981,8496358932,0,up,349.374,226.57,34.937,0.0245,0
2026-03-12 06:25:00,14878985447,10478116310,6,up,396.773,279.416,39.677,0.6611,0
2026-03-12 06:30:00,14851333364,9760864173,2,up,396.036,260.29,39.604,0.2874,0
2026-03-12 06:35:00,16385943716,9682997340,1,up,436.958,258.213,43.696,0.114,0
2026-03-12 06:40:00,13605066916,10667182620,0,up,362.802,284.458,36.28,0.014,0
2026-03-12 06:45:00,17462569626,9806430640,3,up,465.669,261.505,46.567,0.3001,0
2026-03-12 06:50:00,18540450532,12241493873,1,up,494.412,326.44,49.441,0.1403,0
2026-03-12 06:55:00,14929540751,11996957964,7,up,398.121,319.919,39.812,0.7145,0
2026-03-12 07:00:00,17249478756,11989103650,0,up,459.986,319.709,45.999,0.0107,0
2026-03-12 07:05:00,13098305272,9876413153,0,up,349.288,263.371,34.929,0.012,0
2026-03-12 07:10:00,16935398774,9287251468,8,up,451.611,247.66,45.161,0.8945,0
2026-03-12 07:15:00,16885097535,10603357711,10,up,450.269,282.756,45.027,1.0046,0
2026-03-12 07:20:00,16554187104,10310561058,0,up,441.445,274.948,44.144,0.0084,0
2026-03-12 07:25:00,14971986440,9732882815,3,up,399.253,259.544,39.925,0.3777,0
2026-03-12 07:30:00,9682351905,9018574597,0,up,258.196,240.495,25.82,0.0751,0
2026-03-12 07:35:00,13844891141,10447687358,3,up,369.197,278.605,36.92,0.3626,0
2026-03-12 07:40:00,13873351168,9990872492,6,up,369.956,266.423,36.996,0.6092,0
2026-03-12 07:45:00,13239141111,11367317266,0,up,353.044,303.128,35.304,0.0319,0
2026-03-12 07:50:00,15220037408,11338033624,0,up,405.868,302.348,40.587,0.0818,0
2026-03-12 07:55:00,14245865798,11887007754,0,up,379.89,316.987,37.989,0.0073,0
2026-03-12 08:00:00,13515698382,8913287604,0,up,360.419,237.688,36.042,0.0134,0
2026-03-12 08:05:00,13094159733,11005333467,0,up,349.178,293.476,34.918,0.009,0
2026-03-12 08:10:00,13712076626,9583393210,4,up,365.655,255.557,36.566,0.4839,0
2026-03-12 08:15:00,17018698581,8962278094,1,up,453.832,238.994,45.383,0.1063,0
2026-03-12 08:20:00,13810154901,9959961181,2,up,368.271,265.599,36.827,0.2039,0
2026-03-12 08:25:00,14073110328,11846568274,4,up,375.283,315.908,37.528,0.4651,0
2026-03-12 08:30:00,14177944292,10030878874,2,up,378.079,267.49,37.808,0.2049,0
2026-03-12 08:35:00,15610188324,12472472871,1,up,416.272,332.599,41.627,0.1682,0
2026-03-12 08:40:00,15821249079,11191586929,0,up,421.9,298.442,42.19,0.0035,0
2026-03-12 08:45:00,9519618229,10003445996,2,up,253.856,266.759,25.386,0.2518,0
2026-03-12 08:50:00,16838943384,11961661020,0,up,449.038,318.978,44.904,0.04,0
2026-03-12 08:55:00,17585462461,11061199932,4,up,468.946,294.965,46.895,0.434,0
2026-03-12 09:00:00,13109664232,9324975170,0,up,349.591,248.666,34.959,0.0894,0
2026-03-12 09:05:00,13249863159,12842091320,3,up,353.33,342.456,35.333,0.3364,0
2026-03-12 09:10:00,14189543901,10826943317,3,up,378.388,288.718,37.839,0.3117,0
2026-03-12 09:15:00,13639192764,10523683201,2,up,363.712,280.632,36.371,0.2877,0
2026-03-12 09:20:00,15403068373,9422028835,0,up,410.748,251.254,41.075,0.0932,0
2026-03-12 09:25:00,11496254484,11986218217,0,up,306.567,319.632,30.657,0.0932,0
2026-03-12 09:30:00,12987730305,11151767038,5,up,346.339,297.38,34.634,0.5964,0
2026-03-12 09:35:00,17770554960,11292840107,0,up,473.881,301.142,47.388,0.0039,0
2026-03-12 09:40:00,13329204058,9860510507,0,up,355.445,262.947,35.545,0.0601,0
2026-03-12 09:45:00,17238170900,11550966720,2,up,459.685,308.026,45.968,0.2826,0
2026-03-12 09:50:00,15639608752,11648885127,5,up,417.056,310.637,41.706,0.5096,0
2026-03-12 09:55:00,11743318113,9657339419,1,up,313.155,257.529,31.316,0.1331,0
2026-03-12 10:00:00,16143592551,8714592424,3,up,430.496,232.389,43.05,0.3179,0
2026-03-12 10:05:00,14788198856,11232530054,2,up,394.352,299.534,39.435,0.2444,0
2026-03-12 10:10:00,14180159298,8517582843,0,up,378.138,227.136,37.814,0.02,0
2026-03-12 10:15:00,15440922767,10691539880,2,up,411.758,285.108,41.176,0.2917,0
2026-03-12 10:20:00,15854340274,9936471167,5,up,422.782,264.973,42.278,0.5044,0
2026-03-12 10:25:00,16273665279,12035518165,14,up,433.964,320.947,43.396,1.4658,0
2026-03-12 10:30:00,17120855125,10005016697,0,up,456.556,266.8,45.656,0.009,0
2026-03-12 10:35:00,15734644643,11895163944,3,up,419.591,317.204,41.959,0.3237,0
2026-03-12 10:40:00,12523858640,9852096100,1,up,333.97,262.723,33.397,0.1606,0
2026-03-12 10:45:00,14147438176,11759988666,0,up,377.265,313.6,37.727,0.003,0
2026-03-12 10:50:00,20297487003,13096030345,2,up,541.266,349.227,54.127,0.2859,0
2026-03-12 10:55:00,16304083908,9154260605,0,up,434.776,244.114,43.478,0.0392,0
2026-03-12 11:00:00,19264717141,10867965009,1,up,513.726,289.812,51.373,0.1427,0
2026-03-12 11:05:00,17511781347,13963465844,0,up,466.981,372.359,46.698,0.0909,0
2026-03-12 11:10:00,15435243728,10583901921,1,up,411.606,282.237,41.161,0.1344,0
2026-03-12 11:15:00,15542532725,10577853220,2,up,414.468,282.076,41.447,0.2036,0
2026-03-12 11:20:00,14934155928,11493508673,1,up,398.244,306.494,39.824,0.1335,0
2026-03-12 11:25:00,11871951691,10551761888,2,up,316.585,281.38,31.659,0.2414,0
2026-03-12 11:30:00,15032485054,8348895246,0,up,400.866,222.637,40.087,0.0818,0
2026-03-12 11:35:00,17179214194,11926682092,3,up,458.112,318.045,45.811,0.3027,0
2026-03-12 11:40:00,13920648009,7976284998,5,up,371.217,212.701,37.122,0.5768,0
2026-03-12 11:45:00,15741515398,9974842519,0,up,419.774,265.996,41.977,0.0761,0
2026-03-12 11:50:00,16532863882,12021356443,2,up,440.876,320.57,44.088,0.2127,0
2026-03-12 11:55:00,13362575209,10050756539,3,up,356.335,268.02,35.634,0.3138,0
2026-03-12 12:00:00,14187654844,9625942419,2,up,378.337,256.692,37.834,0.2495,0
2026-03-12 12:05:00,13167759317,11607872520,1,up,351.14,309.543,35.114,0.1365,0
2026-03-12 12:10:00,13520101907,9427595368,3,up,360.536,251.403,36.054,0.3083,0
2026-03-12 12:15:00,12682310489,8959995593,0,up,338.195,238.933,33.819,0.0086,0
2026-03-12 12:20:00,13379192769,10845887624,1,up,356.778,289.224,35.678,0.1386,0
2026-03-12 12:25:00,17555020225,10269516644,2,up,468.134,273.854,46.813,0.2282,0
2026-03-12 12:30:00,13352141347,8932971876,0,up,356.057,238.213,35.606,0.0062,0
2026-03-12 12:35:00,15227626594,11302560200,2,up,406.07,301.402,40.607,0.2126,0
2026-03-12 12:40:00,14094836243,11085254383,3,up,375.862,295.607,37.586,0.3186,0
2026-03-12 12:45:00,17121958686,10046708679,4,up,456.586,267.912,45.659,0.4271,0
2026-03-12 12:50:00,17360092133,10132921672,0,up,462.936,270.211,46.294,0.0361,0
2026-03-12 12:55:00,16555325967,11092694854,13,up,441.475,295.805,44.148,1.399,0
2026-03-12 13:00:00,15551042195,11999855388,2,up,414.694,319.996,41.469,0.2795,0
2026-03-12 13:05:00,14584092833,10143680555,1,up,388.909,270.498,38.891,0.1354,0
2026-03-12 13:10:00,12854625532,11324907501,0,up,342.79,301.998,34.279,0.0859,0
2026-03-12 13:15:00,18498351986,11212152273,2,up,493.289,298.991,49.329,0.2552,0
2026-03-12 13:20:00,13632588568,11607927188,6,up,363.536,309.545,36.354,0.6404,0
2026-03-12 13:25:00,16194563424,10549529590,2,up,431.855,281.321,43.186,0.2205,0
2026-03-12 13:30:00,16907218030,9350469852,3,up,450.859,249.346,45.086,0.3249,0
2026-03-12 13:35:00,14000495105,9917251066,1,up,373.347,264.46,37.335,0.1328,0
2026-03-12 13:40:00,16868422549,10931995366,1,up,449.825,291.52,44.982,0.1474,0
2026-03-12 13:45:00,16375583766,12791265116,1,up,436.682,341.1,43.668,0.1011,0
2026-03-12 13:50:00,18110334903,9890135274,3,up,482.942,263.737,48.294,0.3669,0
2026-03-12 13:55:00,14155176360,11514032178,1,up,377.471,307.041,37.747,0.1335,0
2026-03-12 14:00:00,12685444768,10086648872,0,up,338.279,268.977,33.828,0.0635,0
2026-03-12 14:05:00,14090118440,10639190632,1,up,375.736,283.712,37.574,0.1383,0
2026-03-12 14:10:00,15375936376,12409399904,5,up,410.025,330.917,41.002,0.5769,0
2026-03-12 14:15:00,15104782908,11463008652,4,up,402.794,305.68,40.279,0.4021,0
2026-03-12 14:20:00,14291811786,8935962916,1,up,381.115,238.292,38.111,0.1222,0
2026-03-12 14:25:00,11563444573,9778681469,7,up,308.359,260.765,30.836,0.7119,0
2026-03-12 14:30:00,15846869393,12082838893,0,up,422.583,322.209,42.258,0.0233,0
2026-03-12 14:35:00,18550220062,10678766333,0,up,494.673,284.767,49.467,0.0153,0
2026-03-12 14:40:00,15835652228,9052461449,0,up,422.284,241.399,42.228,0.0409,0
2026-03-12 14:45:00,16096443934,9468119919,0,up,429.239,252.483,42.924,0.0371,0
2026-03-12 14:50:00,16030401551,11386401838,0,up,427.477,303.637,42.748,0.0276,0
2026-03-12 14:55:00,15714684005,11752956954,3,up,419.058,313.412,41.906,0.3248,0
2026-03-12 15:00:00,16676998740,10522497679,2,up,444.72,280.6,44.472,0.2755,0
2026-03-12 15:05:00,15711672626,13618895389,3,up,418.978,363.171,41.898,0.3129,0
2026-03-12 15:10:00,14437181094,11538431977,3,up,384.991,307.692,38.499,0.3498,0
2026-03-12 15:15:00,13567219961,10193213852,4,up,361.793,271.819,36.179,0.4243,0
2026-03-12 15:20:00,14551847420,9472210379,0,up,388.049,252.592,38.805,0.0696,0
2026-03-12 15:25:00,15565433093,9271645776,2,up,415.078,247.244,41.508,0.2921,0
2026-03-12 15:30:00,14431050669,10922630863,2,up,384.828,291.27,38.483,0.2603,0
2026-03-12 15:35:00,15565809629,9884140923,8,up,415.088,263.577,41.509,0.8629,0
2026-03-12 15:40:00,15790470240,12608917130,0,up,421.079,336.238,42.108,0.0793,0
2026-03-12 15:45:00,16499722976,12347552871,0,up,439.993,329.268,43.999,0.0182,0
2026-03-12 15:50:00,17309030943,11297663849,3,up,461.574,301.271,46.157,0.318,0
2026-03-12 15:55:00,15140413353,9014464822,4,up,403.744,240.386,40.374,0.4043,0
2026-03-12 16:00:00,12646002182,9653004220,0,up,337.227,257.413,33.723,0.0999,0
2026-03-12 16:05:00,14378812625,12082153682,2,up,383.435,322.191,38.344,0.2538,0
2026-03-12 16:10:00,15079312621,9790536588,0,up,402.115,261.081,40.212,0.0184,0
2026-03-12 16:15:00,11695616238,11913898584,9,up,311.883,317.704,31.188,0.966,0
2026-03-12 16:20:00,17499596136,11098000943,0,up,466.656,295.947,46.666,0.0349,0
2026-03-12 16:25:00,15256280242,10565164534,0,up,406.834,281.738,40.683,0.021,0
2026-03-12 16:30:00,15686435102,9614430655,0,up,418.305,256.385,41.83,0.0135,0
2026-03-12 16:35:00,17457947632,10381252757,1,up,465.545,276.833,46.555,0.1672,0
2026-03-12 16:40:00,13865742905,10738956423,0,up,369.753,286.372,36.975,0.0307,0
2026-03-12 16:45:00,16033275475,11800999011,4,up,427.554,314.693,42.755,0.4095,0
2026-03-12 16:50:00,14802244578,9383973143,6,up,394.727,250.239,39.473,0.6874,0
2026-03-12 16:55:00,14668643639,10168850778,0,up,391.164,271.169,39.116,0.0904,0
2026-03-12 17:00:00,13610053701,10556477146,2,up,362.935,281.506,36.293,0.2973,0
2026-03-12 17:05:00,17998085784,11334974730,0,up,479.949,302.266,47.995,0.013,0
2026-03-12 17:10:00,14324099927,9355334934,1,up,381.976,249.476,38.198,0.1466,0
2026-03-12 17:15:00,16259035644,8841122060,1,up,433.574,235.763,43.357,0.104,0
2026-03-12 17:20:00,11624986702,11349196091,0,up,310.0,302.645,31.0,0.0779,0
2026-03-12 17:25:00,17123979353,8587384115,3,up,456.639,228.997,45.664,0.3105,0
2026-03-12 17:30:00,16893980080,12119074440,0,up,450.506,323.175,45.051,0.0419,0
2026-03-12 17:35:00,15175381398,10303533117,5,up,404.677,274.761,40.468,0.5914,0
2026-03-12 17:40:00,14591503560,8550110836,3,up,389.107,228.003,38.911,0.3279,0
2026-03-12 17:45:00,15720000010,9894670523,3,up,419.2,263.858,41.92,0.3721,0
2026-03-12 17:50:00,19119823189,10977695777,8,up,509.862,292.739,50.986,0.8216,0
2026-03-12 17:55:00,11826173941,9828796629,8,up,315.365,262.101,31.536,0.8561,0
2026-03-12 18:00:00,16407649297,10525237483,2,up,437.537,280.673,43.754,0.2407,0
2026-03-12 18:05:00,13359088856,11432498740,2,up,356.242,304.867,35.624,0.2052,0
2026-03-12 18:10:00,14964146886,10245240177,1,up,399.044,273.206,39.904,0.1226,0
2026-03-12 18:15:00,14553815785,9319307327,3,up,388.102,248.515,38.81,0.3772,0
2026-03-12 18:20:00,14229027135,10123280163,2,up,379.441,269.954,37.944,0.2318,0
2026-03-12 18:25:00,14981162767,12282698571,8,up,399.498,327.539,39.95,0.8104,0
2026-03-12 18:30:00,12958491938,12623181075,0,up,345.56,336.618,34.556,0.0818,0
2026-03-12 18:35:00,16852524785,7954893020,1,up,449.401,212.13,44.94,0.1114,0
2026-03-12 18:40:00,11770541679,11874695165,1,up,313.881,316.659,31.388,0.114,0
2026-03-12 18:45:00,15971576123,10815186122,4,up,425.909,288.405,42.591,0.492,0
2026-03-12 18:50:00,14412235465,11664218175,0,up,384.326,311.046,38.433,0.0313,0
2026-03-12 18:55:00,12892335191,9806384792,1,up,343.796,261.504,34.38,0.1824,0
2026-03-12 19:00:00,15364290067,8271987978,1,up,409.714,220.586,40.971,0.1674,0
2026-03-12 19:05:00,12197488043,11236455873,0,up,325.266,299.639,32.527,0.0228,0
2026-03-12 19:10:00,15071484879,9314368650,1,up,401.906,248.383,40.191,0.1587,0
2026-03-12 19:15:00,12438821565,8750751536,2,up,331.702,233.353,33.17,0.2161,0
2026-03-12 19:20:00,15830289751,8838814258,0,up,422.141,235.702,42.214,0.0202,0
2026-03-12 19:25:00,13336156799,11257151365,2,up,355.631,300.191,35.563,0.2139,0
2026-03-12 19:30:00,14188210769,10675710107,9,up,378.352,284.686,37.835,0.96,0
2026-03-12 19:35:00,15529108898,11485907187,11,up,414.11,306.291,41.411,1.1577,0
2026-03-12 19:40:00,13609424198,11343034820,2,up,362.918,302.481,36.292,0.2276,0
2026-03-12 19:45:00,14895664800,9969623708,2,up,397.218,265.857,39.722,0.2171,0
2026-03-12 19:50:00,12275105097,10411203296,1,up,327.336,277.632,32.734,0.1009,0
2026-03-12 19:55:00,16135576086,9855588713,17,up,430.282,262.816,43.028,1.7545,0
2026-03-12 20:00:00,18176844849,10234987006,0,up,484.716,272.933,48.472,0.0962,0
2026-03-12 20:05:00,20025975962,9281259030,1,up,534.026,247.5,53.403,0.1809,0
2026-03-12 20:10:00,15164102663,10992010210,0,up,404.376,293.12,40.438,0.0009,0
2026-03-12 20:15:00,16418767453,11854652143,1,up,437.834,316.124,43.783,0.1289,0
2026-03-12 20:20:00,11794873788,9471067582,0,up,314.53,252.562,31.453,0.0222,0
2026-03-12 20:25:00,17704921787,12114399753,4,up,472.131,323.051,47.213,0.4086,0
2026-03-12 20:30:00,16397211308,10643037085,2,up,437.259,283.814,43.726,0.247,0
2026-03-12 20:35:00,14128919799,10803759510,2,up,376.771,288.1,37.677,0.2547,0
2026-03-12 20:40:00,17226925440,8358718805,1,up,459.385,222.899,45.938,0.1013,0
2026-03-12 20:45:00,14541943062,8222849489,5,up,387.785,219.276,38.779,0.5061,0
2026-03-12 20:50:00,14175554670,10681586617,0,up,378.015,284.842,37.801,0.001,0
2026-03-12 20:55:00,15855602865,11495062477,1,up,422.816,306.535,42.282,0.1218,0
2026-03-12 21:00:00,13085961900,9654060641,3,up,348.959,257.442,34.896,0.3232,0
2026-03-12 21:05:00,16838924575,12604318314,7,up,449.038,336.115,44.904,0.7155,0
2026-03-12 21:10:00,13099218338,11426019327,0,up,349.312,304.694,34.931,0.0802,0
2026-03-12 21:15:00,13109901378,9355490022,2,up,349.597,249.48,34.96,0.2337,0
2026-03-12 21:20:00,13362558380,10538869320,2,up,356.335,281.037,35.633,0.2317,0
2026-03-12 21:25:00,16367100067,13620930708,6,up,436.456,363.225,43.646,0.6219,0
2026-03-12 21:30:00,13889804349,8934369356,0,up,370.395,238.25,37.039,0.0156,0
2026-03-12 21:35:00,12573607588,11165620123,1,up,335.296,297.75,33.53,0.1657,0
2026-03-12 21:40:00,13909776000,10093341863,0,up,370.927,269.156,37.093,0.0604,0
2026-03-12 21:45:00,14942323732,11390689326,0,up,398.462,303.752,39.846,0.0065,0
2026-03-12 21:50:00,12874249529,12096764794,0,up,343.313,322.58,34.331,0.0477,0
2026-03-12 21:55:00,12926974003,10013341268,11,up,344.719,267.022,34.472,1.1249,0
2026-03-12 22:00:00,18800333401,11909829462,0,up,501.342,317.595,50.134,0.0726,0
2026-03-12 22:05:00,13450982273,13298716276,8,up,358.693,354.632,35.869,0.8202,0
2026-03-12 22:10:00,14418523736,10583506169,0,up,384.494,282.227,38.449,0.0689,0
2026-03-12 22:15:00,14338973398,11488959746,8,up,382.373,306.372,38.237,0.8034,0
2026-03-12 22:20:00,14241557746,9756044629,3,up,379.775,260.161,37.977,0.3189,0
2026-03-12 22:25:00,16118424131,10524266729,0,up,429.825,280.647,42.982,0.036,0
2026-03-12 22:30:00,16706657310,10277389383,2,up,445.511,274.064,44.551,0.2616,0
2026-03-12 22:35:00,14449282023,11504139266,1,up,385.314,306.777,38.531,0.115,0
2026-03-12 22:40:00,12774339084,12017891679,1,up,340.649,320.477,34.065,0.1449,0
2026-03-12 22:45:00,17293992410,10361834890,1,up,461.173,276.316,46.117,0.174,0
2026-03-12 22:50:00,14828386035,12432364785,1,up,395.424,331.53,39.542,0.1648,0
2026-03-12 22:55:00,18114579266,12427859776,3,up,483.055,331.41,48.306,0.3273,0
2026-03-12 23:00:00,10957945384,11567035716,4,up,292.212,308.454,29.221,0.4388,0
2026-03-12 23:05:00,15351725798,9849806570,1,up,409.379,262.662,40.938,0.1198,0
2026-03-12 23:10:00,18453491400,9729095690,7,up,492.093,259.443,49.209,0.7745,0
2026-03-12 23:15:00,14364124556,9476399493,8,up,383.043,252.704,38.304,0.8365,0
2026-03-12 23:20:00,14594111837,11695949248,0,up,389.176,311.892,38.918,0.0125,0
2026-03-12 23:25:00,15531921044,8973172058,0,up,414.185,239.285,41.418,0.0045,0
2026-03-12 23:30:00,13994167526,11352815444,1,up,373.178,302.742,37.318,0.1661,0
2026-03-12 23:35:00,14438270522,9137802221,2,up,385.021,243.675,38.502,0.268,0
2026-03-12 23:40:00,14391932830,11537668111,0,up,383.785,307.671,38.378,0.0977,0
2026-03-12 23:45:00,13870642678,10521696674,0,up,369.884,280.579,36.988,0.0901,0
2026-03-12 23:50:00,17211941790,12180384587,3,up,458.985,324.81,45.899,0.3403,0
2026-03-12 23:55:00,15829940458,11938232768,2,up,422.132,318.353,42.213,0.2762,0
2026-03-13 00:00:00,15451130817,12308182419,0,up,412.03,328.218,41.203,0.0549,0
2026-03-13 00:05:00,16455427812,12340631585,6,up,438.811,329.084,43.881,0.6475,0
2026-03-13 00:10:00,14524159500,10680974850,3,up,387.311,284.826,38.731,0.3418,0
2026-03-13 00:15:00,13606433126,9039920736,1,up,362.838,241.065,36.284,0.1351,0
2026-03-13 00:20:00,13915276251,9173820950,3,up,371.074,244.635,37.107,0.3452,0
2026-03-13 00:25:00,15003209473,7870570853,0,up,400.086,209.882,40.009,0.0359,0
2026-03-13 00:30:00,13093418924,9134581049,1,up,349.158,243.589,34.916,0.1895,0
2026-03-13 00:35:00,14099530170,10586717808,0,up,375.987,282.312,37.599,0.0555,0
2026-03-13 00:40:00,14070990044,9794835732,0,up,375.226,261.196,37.523,0.0127,0
2026-03-13 00:45:00,18824201213,10273029138,1,up,501.979,273.947,50.198,0.1239,0
2026-03-13 00:50:00,10007133108,11120821428,0,up,266.857,296.555,26.686,0.049,0
2026-03-13 00:55:00,14676684501,10116877774,3,up,391.378,269.783,39.138,0.3011,0
2026-03-13 01:00:00,18106248827,9086495711,3,up,482.833,242.307,48.283,0.3363,0
2026-03-13 01:05:00,15219320035,10432925578,0,up,405.849,278.211,40.585,0.0483,0
2026-03-13 01:10:00,16356151452,9367901986,0,up,436.164,249.811,43.616,0.0075,0
2026-03-13 01:15:00,15179687367,10158809013,4,up,404.792,270.902,40.479,0.4722,0
2026-03-13 01:20:00,13798799913,12191898975,0,up,367.968,325.117,36.797,0.0006,0
2026-03-13 01:25:00,10964551317,10159163316,1,up,292.388,270.911,29.239,0.1264,0
2026-03-13 01:30:00,15369820236,12731406517,2,up,409.862,339.504,40.986,0.2047,0
2026-03-13 01:35:00,13603908111,12303861343,5,up,362.771,328.103,36.277,0.5122,0
2026-03-13 01:40:00,13559396268,9770075311,5,up,361.584,260.535,36.158,0.5471,0
2026-03-13 01:45:00,14101822939,9099984054,3,up,376.049,242.666,37.605,0.3872,0
2026-03-13 01:50:00,18140750531,10433781755,0,up,483.753,278.234,48.375,0.0852,0
2026-03-13 01:55:00,19328707576,11953192981,3,up,515.432,318.752,51.543,0.3821,0
2026-03-13 02:00:00,15390974287,9882359458,0,up,410.426,263.53,41.043,0.0849,0
2026-03-13 02:05:00,14163418996,11644193775,0,up,377.691,310.512,37.769,0.0725,0
2026-03-13 02:10:00,12880992448,12022634386,2,up,343.493,320.604,34.349,0.2376,0
2026-03-13 02:15:00,15843372290,9524727680,3,up,422.49,253.993,42.249,0.3408,0
2026-03-13 02:20:00,18209230080,9648175628,0,up,485.579,257.285,48.558,0.0164,0
2026-03-13 02:25:00,14554787303,11397954160,0,up,388.128,303.945,38.813,0.0186,0
2026-03-13 02:30:00,10717807126,10691327912,4,up,285.808,285.102,28.581,0.46,0
2026-03-13 02:35:00,16206089409,9635562476,5,up,432.162,256.948,43.216,0.5888,0
2026-03-13 02:40:00,16773719480,10056252635,2,up,447.299,268.167,44.73,0.2782,0
2026-03-13 02:45:00,12145477847,10411145363,1,up,323.879,277.631,32.388,0.168,0
2026-03-13 02:50:00,15317671530,8528283424,5,up,408.471,227.421,40.847,0.5599,0
2026-03-13 02:55:00,15812206829,11464710314,3,up,421.659,305.726,42.166,0.3915,0
2026-03-13 03:00:00,14868406856,9896847841,2,up,396.491,263.916,39.649,0.26,0
2026-03-13 03:05:00,13576612345,6992517558,1,up,362.043,186.467,36.204,0.1156,0
2026-03-13 03:10:00,16828687002,10469922579,0,up,448.765,279.198,44.876,0.0662,0
2026-03-13 03:15:00,14273916457,9565620213,1,up,380.638,255.083,38.064,0.1627,0
2026-03-13 03:20:00,12326664907,12627915962,1,up,328.711,336.744,32.871,0.1014,0
2026-03-13 03:25:00,11310945925,9762339273,1,up,301.625,260.329,30.163,0.1243,0
2026-03-13 03:30:00,17269529135,9116969361,2,up,460.521,243.119,46.052,0.2175,0
2026-03-13 03:35:00,16109995157,11139995164,0,up,429.6,297.067,42.96,0.0556,0
2026-03-13 03:40:00,15158352384,9667836316,4,up,404.223,257.809,40.422,0.4922,0
2026-03-13 03:45:00,14207505653,9517885186,0,up,378.867,253.81,37.887,0.0472,0
2026-03-13 03:50:00,14047802854,11141971742,1,up,374.608,297.119,37.461,0.1968,0
2026-03-13 03:55:00,13063674032,9189011192,4,up,348.365,245.04,34.836,0.4111,0
2026-03-13 04:00:00,14223379839,8663835190,1,up,379.29,231.036,37.929,0.1991,0
2026-03-13 04:05:00,11183843012,12674757482,1,up,298.236,337.994,29.824,0.1344,0
2026-03-13 04:10:00,13675085423,11230168409,1,up,364.669,299.471,36.467,0.1932,0
2026-03-13 04:15:00,14440312470,10167096300,5,up,385.075,271.123,38.507,0.5665,0
2026-03-13 04:20:00,16097784084,10495618715,13,up,429.274,279.883,42.927,1.3948,0
2026-03-13 04:25:00,14928132365,11137389091,2,up,398.084,296.997,39.808,0.2992,0
2026-03-13 04:30:00,16430861604,11726405186,4,up,438.156,312.704,43.816,0.4732,0
2026-03-13 04:35:00,17428443189,9547471132,0,up,464.758,254.599,46.476,0.0044,0
2026-03-13 04:40:00,16904706168,10961344622,6,up,450.792,292.303,45.079,0.637,0
2026-03-13 04:45:00,15846917725,9861552737,9,up,422.584,262.975,42.258,0.9241,0
2026-03-13 04:50:00,15021352822,10261883631,2,up,400.569,273.65,40.057,0.2568,0
2026-03-13 04:55:00,13234581584,10702473013,4,up,352.922,285.399,35.292,0.4205,0
2026-03-13 05:00:00,16331899292,10491584997,2,up,435.517,279.776,43.552,0.2157,0
2026-03-13 05:05:00,18023545287,11426814291,1,up,480.628,304.715,48.063,0.1011,0
2026-03-13 05:10:00,15615790871,11113729064,5,up,416.421,296.366,41.642,0.5737,0
2026-03-13 05:15:00,18451066467,8599706796,2,up,492.028,229.326,49.203,0.2725,0
2026-03-13 05:20:00,12253970925,8789142759,2,up,326.773,234.377,32.677,0.2598,0
2026-03-13 05:25:00,12922505907,10034156977,3,up,344.6,267.578,34.46,0.3229,0
2026-03-13 05:30:00,16539362713,12804067830,5,up,441.05,341.442,44.105,0.5814,0
2026-03-13 05:35:00,15475722378,9426994291,3,up,412.686,251.387,41.269,0.3949,0
2026-03-13 05:40:00,17364807917,10237639385,0,up,463.062,273.004,46.306,0.0711,0
2026-03-13 05:45:00,14972151046,9824204006,1,up,399.257,261.979,39.926,0.1887,0
2026-03-13 05:50:00,13437644239,9801904076,11,up,358.337,261.384,35.834,1.1781,0
2026-03-13 05:55:00,14615532164,10724582077,2,up,389.748,285.989,38.975,0.2426,0
2026-03-13 06:00:00,12241168852,12264979368,8,up,326.431,327.066,32.643,0.8354,0
2026-03-13 06:05:00,12968536788,11074520183,5,up,345.828,295.321,34.583,0.5036,0
2026-03-13 06:10:00,16750399196,9487550988,3,up,446.677,253.001,44.668,0.329,0
2026-03-13 06:15:00,16571017346,13969069183,1,up,441.894,372.509,44.189,0.1289,0
2026-03-13 06:20:00,15653407712,10599002258,1,up,417.424,282.64,41.742,0.1089,0
2026-03-13 06:25:00,11902060462,9772701594,3,up,317.388,260.605,31.739,0.3094,0
2026-03-13 06:30:00,14354873564,12279241432,1,up,382.797,327.446,38.28,0.17,0
2026-03-13 06:35:00,12795000200,9908971021,4,up,341.2,264.239,34.12,0.481,0
2026-03-13 06:40:00,17117759856,12595271205,4,up,456.474,335.874,45.647,0.4287,0
2026-03-13 06:45:00,13949300159,9402990083,1,up,371.981,250.746,37.198,0.1122,0
2026-03-13 06:50:00,13045654120,12301838290,3,up,347.884,328.049,34.788,0.3639,0
2026-03-13 06:55:00,15053633097,10753320056,2,up,401.43,286.755,40.143,0.2047,0
2026-03-13 07:00:00,13847721977,12126725813,1,up,369.273,323.379,36.927,0.1172,0
2026-03-13 07:05:00,17670739038,12896224792,1,up,471.22,343.899,47.122,0.1598,0
2026-03-13 07:10:00,13677340384,9072914813,6,up,364.729,241.944,36.473,0.6771,0
2026-03-13 07:15:00,12481389133,12107472494,1,up,332.837,322.866,33.284,0.1337,0
2026-03-13 07:20:00,11124755671,8724781080,1,up,296.66,232.661,29.666,0.1017,0
2026-03-13 07:25:00,14944584295,9180547712,1,up,398.522,244.815,39.852,0.1301,0
2026-03-13 07:30:00,13988525795,9487704080,0,up,373.027,253.005,37.303,0.0725,0
2026-03-13 07:35:00,12427971708,11134582161,2,up,331.413,296.922,33.141,0.236,0
2026-03-13 07:40:00,17140607630,10541600004,0,up,457.083,281.109,45.708,0.0479,0
2026-03-13 07:45:00,16201041265,10289408533,5,up,432.028,274.384,43.203,0.5102,0
2026-03-13 07:50:00,14949207817,10684256451,0,up,398.646,284.914,39.865,0.0767,0
2026-03-13 07:55:00,17455787239,11245024882,2,up,465.488,299.867,46.549,0.2734,0
2026-03-13 08:00:00,16192564860,11341992636,0,up,431.802,302.453,43.18,0.0401,0
2026-03-13 08:05:00,13518859377,11878650212,11,up,360.503,316.764,36.05,1.1513,0
2026-03-13 08:10:00,13129403704,12793243864,1,up,350.117,341.153,35.012,0.1819,0
2026-03-13 08:15:00,16472366780,10473083410,5,up,439.263,279.282,43.926,0.5181,0
2026-03-13 08:20:00,15713460521,9843427907,4,up,419.026,262.491,41.903,0.4391,0
2026-03-13 08:25:00,15305545982,11273055522,3,up,408.148,300.615,40.815,0.3752,0
2026-03-13 08:30:00,13476303954,9058238931,5,up,359.368,241.553,35.937,0.527,0
2026-03-13 08:35:00,16094305620,9644832793,0,up,429.181,257.196,42.918,0.0318,0
2026-03-13 08:40:00,13640102010,11759219992,3,up,363.736,313.579,36.374,0.3404,0
2026-03-13 08:45:00,14816424021,10343598247,0,up,395.105,275.829,39.51,0.0927,0
2026-03-13 08:50:00,17604499463,8977677502,4,up,469.453,239.405,46.945,0.4624,0
2026-03-13 08:55:00,13810498375,8622848137,9,up,368.28,229.943,36.828,0.9431,0
2026-03-13 09:00:00,12168619337,10561383016,6,up,324.497,281.637,32.45,0.6953,0
2026-03-13 09:05:00,13105415054,11938789636,0,up,349.478,318.368,34.948,0.0366,0
2026-03-13 09:10:00,16789737888,11921967679,1,up,447.726,317.919,44.773,0.1384,0
2026-03-13 09:15:00,15458516047,10639709433,1,up,412.227,283.726,41.223,0.1359,0
2026-03-13 09:20:00,14768020718,13031225868,0,up,393.814,347.499,39.381,0.0391,0
2026-03-13 09:25:00,14083631150,10367926338,0,up,375.563,276.478,37.556,0.031,0
2026-03-13 09:30:00,15873647833,10325404794,1,up,423.297,275.344,42.33,0.1458,0
2026-03-13 09:35:00,13471611268,7265030753,14,up,359.243,193.734,35.924,1.4512,0
2026-03-13 09:40:00,15550198023,9936322684,2,up,414.672,264.969,41.467,0.2525,0
2026-03-13 09:45:00,13683741776,11573538943,2,up,364.9,308.628,36.49,0.2917,0
2026-03-13 09:50:00,13384213106,12470591284,1,up,356.912,332.549,35.691,0.191,0
2026-03-13 09:55:00,13852522617,9453904361,3,up,369.401,252.104,36.94,0.3257,0
2026-03-13 10:00:00,14324266596,11082437934,9,up,381.98,295.532,38.198,0.9416,0
2026-03-13 10:05:00,14912106295,11819067580,2,up,397.656,315.175,39.766,0.2665,0
2026-03-13 10:10:00,15423820431,10514122273,0,up,411.302,280.377,41.13,0.0202,0
2026-03-13 10:15:00,8360942475,7623066623,2,up,222.958,203.282,22.296,0.2037,0
2026-03-13 10:20:00,13546228996,10811585399,14,up,361.233,288.309,36.123,1.4781,0
2026-03-13 10:25:00,14295174040,11459402586,1,up,381.205,305.584,38.12,0.147,0
2026-03-13 10:30:00,17709111669,9306247152,2,up,472.243,248.167,47.224,0.2703,0
2026-03-13 10:35:00,13055995304,10179765291,0,up,348.16,271.46,34.816,0.0338,0
2026-03-13 10:40:00,15293033912,9044074986,0,up,407.814,241.175,40.781,0.0457,0
2026-03-13 10:45:00,17691054557,7261614088,6,up,471.761,193.643,47.176,0.6231,0
2026-03-13 10:50:00,12636656646,11794025558,1,up,336.978,314.507,33.698,0.1072,0
2026-03-13 10:55:00,15709155406,10495276847,1,up,418.911,279.874,41.891,0.1093,0
2026-03-13 11:00:00,13555910698,12513070495,1,up,361.491,333.682,36.149,0.1469,0
2026-03-13 11:05:00,14091659263,11580225961,10,up,375.778,308.806,37.578,1.0187,0
2026-03-13 11:10:00,13554400498,10053695700,0,up,361.451,268.099,36.145,0.0264,0
2026-03-13 11:15:00,13682656844,10395192368,5,up,364.871,277.205,36.487,0.5124,0
2026-03-13 11:20:00,19899441866,11213383512,1,up,530.652,299.024,53.065,0.1254,0
2026-03-13 11:25:00,16520020569,11718273105,5,up,440.534,312.487,44.053,0.5681,0
2026-03-13 11:30:00,16983128151,10906564994,14,up,452.883,290.842,45.288,1.4395,0
2026-03-13 11:35:00,15885588276,11893047363,1,up,423.616,317.148,42.362,0.1286,0
2026-03-13 11:40:00,12108737780,10126197391,0,up,322.9,270.032,32.29,0.0416,0
2026-03-13 11:45:00,15710924346,9243599131,0,up,418.958,246.496,41.896,0.0468,0
2026-03-13 11:50:00,16931273306,10418340340,4,up,451.501,277.822,45.15,0.4266,0
2026-03-13 11:55:00,13463880946,10758532962,0,up,359.037,286.894,35.904,0.047,0
2026-03-13 12:00:00,16737588000,8986065402,0,up,446.336,239.628,44.634,0.0905,0
2026-03-13 12:05:00,16267805177,8815730173,0,up,433.808,235.086,43.381,0.0686,0
2026-03-13 12:10:00,18333672080,11063706733,1,up,488.898,295.032,48.89,0.1319,0
2026-03-13 12:15:00,14247990577,9987990367,0,up,379.946,266.346,37.995,0.0232,0
2026-03-13 12:20:00,13024300231,10291040458,5,up,347.315,274.428,34.731,0.5829,0
2026-03-13 12:25:00,14349069403,10046787241,5,up,382.642,267.914,38.264,0.5901,0
2026-03-13 12:30:00,17584027787,12415957136,1,up,468.907,331.092,46.891,0.1598,0
2026-03-13 12:35:00,11708869414,12089819062,2,up,312.237,322.395,31.224,0.2841,0
2026-03-13 12:40:00,11276923712,8940934350,3,up,300.718,238.425,30.072,0.3081,0
2026-03-13 12:45:00,15160911502,9828680551,4,up,404.291,262.098,40.429,0.415,0
2026-03-13 12:50:00,14203339273,11571005377,2,up,378.756,308.56,37.876,0.2206,0
2026-03-13 12:55:00,15013910207,11258439658,2,up,400.371,300.225,40.037,0.2142,0
2026-03-13 13:00:00,16701561188,10447762967,2,up,445.375,278.607,44.537,0.2993,0
2026-03-13 13:05:00,14005375176,9066623741,3,up,373.477,241.777,37.348,0.3643,0
2026-03-13 13:10:00,11628589504,9639999541,1,up,310.096,257.067,31.01,0.1277,0
2026-03-13 13:15:00,18680066802,9848872864,1,up,498.135,262.637,49.814,0.1203,0
2026-03-13 13:20:00,13204989082,10849012857,0,up,352.133,289.307,35.213,0.0943,0
2026-03-13 13:25:00,13093733180,12646696214,2,up,349.166,337.245,34.917,0.2388,0
2026-03-13 13:30:00,16986696024,9634530904,1,up,452.979,256.921,45.298,0.134,0
2026-03-13 13:35:00,14307919582,9207195588,2,up,381.545,245.525,38.154,0.2332,0
2026-03-13 13:40:00,14885898266,10363181039,1,up,396.957,276.351,39.696,0.1563,0
2026-03-13 13:45:00,15869022223,11799991115,5,up,423.174,314.666,42.317,0.5437,0
2026-03-13 13:50:00,16950449585,8676927461,0,up,452.012,231.385,45.201,0.0228,0
2026-03-13 13:55:00,14399770752,12331579030,2,up,383.994,328.842,38.399,0.2547,0
2026-03-13 14:00:00,17735913610,10283240483,2,up,472.958,274.22,47.296,0.2571,0
2026-03-13 14:05:00,11155560272,9574756797,1,up,297.482,255.327,29.748,0.1452,0
2026-03-13 14:10:00,16367617026,8483761498,1,up,436.47,226.234,43.647,0.1639,0
2026-03-13 14:15:00,13488850395,11390216174,4,up,359.703,303.739,35.97,0.483,0
2026-03-13 14:20:00,17470088369,10284324293,0,up,465.869,274.249,46.587,0.0988,0
2026-03-13 14:25:00,15255680061,10715088908,6,up,406.818,285.736,40.682,0.6153,0
2026-03-13 14:30:00,13788770402,9364977206,6,up,367.701,249.733,36.77,0.68,0
2026-03-13 14:35:00,16193113967,10097938996,3,up,431.816,269.278,43.182,0.3155,0
2026-03-13 14:40:00,16607739024,9886907629,4,up,442.873,263.651,44.287,0.4447,0
2026-03-13 14:45:00,16155409421,10373252687,2,up,430.811,276.62,43.081,0.2848,0
2026-03-13 14:50:00,13146546768,9656364068,2,up,350.575,257.503,35.057,0.2235,0
2026-03-13 14:55:00,14128769177,8566931989,10,up,376.767,228.452,37.677,1.0205,0
2026-03-13 15:00:00,14992668893,13937909679,0,up,399.805,371.678,39.98,0.0997,0
2026-03-13 15:05:00,14925732625,8782110648,0,up,398.02,234.19,39.802,0.0502,0
2026-03-13 15:10:00,16349541855,10728638348,1,up,435.988,286.097,43.599,0.1017,0
2026-03-13 15:15:00,11373177781,8267244936,2,up,303.285,220.46,30.328,0.2861,0
2026-03-13 15:20:00,15601788698,7983720229,0,up,416.048,212.899,41.605,0.0614,0
2026-03-13 15:25:00,14478033562,10623261379,7,up,386.081,283.287,38.608,0.7185,0
2026-03-13 15:30:00,13490698890,10719703160,1,up,359.752,285.859,35.975,0.1588,0
2026-03-13 15:35:00,13663523800,12089488728,5,up,364.361,322.386,36.436,0.5691,0
2026-03-13 15:40:00,14613832203,11003429019,0,up,389.702,293.425,38.97,0.086,0
2026-03-13 15:45:00,8518046811,10311238494,1,up,227.148,274.966,22.715,0.1127,0
2026-03-13 15:50:00,13737678772,9303503692,0,up,366.338,248.093,36.634,0.0183,0
2026-03-13 15:55:00,13423533315,12388755205,0,up,357.961,330.367,35.796,0.0894,0
2026-03-13 16:00:00,15959009776,11670352570,2,up,425.574,311.209,42.557,0.2022,0
2026-03-13 16:05:00,13550051971,8929624858,8,up,361.335,238.123,36.133,0.8764,0
2026-03-13 16:10:00,14612795159,10547834297,1,up,389.675,281.276,38.967,0.1477,0
2026-03-13 16:15:00,17776097929,10681505811,3,up,474.029,284.84,47.403,0.3063,0
2026-03-13 16:20:00,16789832735,10064476392,1,up,447.729,268.386,44.773,0.1674,0
2026-03-13 16:25:00,16624088519,11472531612,0,up,443.309,305.934,44.331,0.0144,0
2026-03-13 16:30:00,14100229625,11547983754,2,up,376.006,307.946,37.601,0.2101,0
2026-03-13 16:35:00,15977458102,10259988020,0,up,426.066,273.6,42.607,0.0205,0
2026-03-13 16:40:00,14578983959,10146104750,6,up,388.773,270.563,38.877,0.6455,0
2026-03-13 16:45:00,14647032220,12388687662,4,up,390.588,330.365,39.059,0.4196,0
2026-03-13 16:50:00,15737433618,11675377004,1,up,419.665,311.343,41.966,0.1428,0
2026-03-13 16:55:00,13925411540,10591174091,3,up,371.344,282.431,37.134,0.3067,0
2026-03-13 17:00:00,17687405587,8447196610,0,up,471.664,225.259,47.166,0.0356,0
2026-03-13 17:05:00,14711765748,10933440133,3,up,392.314,291.558,39.231,0.3638,0
2026-03-13 17:10:00,16113049019,11379585165,5,up,429.681,303.456,42.968,0.519,0
2026-03-13 17:15:00,17620080862,7029302748,5,up,469.869,187.448,46.987,0.5174,0
2026-03-13 17:20:00,16856976794,10817355504,1,up,449.519,288.463,44.952,0.1003,0
2026-03-13 17:25:00,12463945615,9974968096,0,up,332.372,265.999,33.237,0.0919,0
2026-03-13 17:30:00,15800812611,10221723607,2,up,421.355,272.579,42.136,0.2211,0
2026-03-13 17:35:00,16531294910,9356699999,10,up,440.835,249.512,44.083,1.0305,0
2026-03-13 17:40:00,16605353439,10313281494,7,up,442.809,275.021,44.281,0.7597,0
2026-03-13 17:45:00,12996069298,12253909385,1,up,346.562,326.771,34.656,0.1337,0
2026-03-13 17:50:00,13817336573,9937537891,4,up,368.462,265.001,36.846,0.454,0
2026-03-13 17:55:00,16790204824,11716622684,7,up,447.739,312.443,44.774,0.7627,0
2026-03-13 18:00:00,13628831332,9484022664,0,up,363.436,252.907,36.344,0.0907,0
2026-03-13 18:05:00,14460547098,11456032802,5,up,385.615,305.494,38.561,0.5321,0
2026-03-13 18:10:00,17836576457,10502086378,0,up,475.642,280.056,47.564,0.0935,0
2026-03-13 18:15:00,14913961349,10943551284,1,up,397.706,291.828,39.771,0.1262,0
2026-03-13 18:20:00,13691806551,10509013102,0,up,365.115,280.24,36.511,0.0665,0
2026-03-13 18:25:00,13420288757,11308447792,2,up,357.874,301.559,35.787,0.2122,0
2026-03-13 18:30:00,15598894793,7264842751,5,up,415.971,193.729,41.597,0.556,0
2026-03-13 18:35:00,12600333584,8711020105,2,up,336.009,232.294,33.601,0.2253,0
2026-03-13 18:40:00,14554795264,11025521427,0,up,388.128,294.014,38.813,0.0395,0
2026-03-13 18:45:00,15599814962,7925141674,0,up,415.995,211.337,41.6,0.087,0
2026-03-13 18:50:00,17338469676,9831468751,2,up,462.359,262.173,46.236,0.2483,0
2026-03-13 18:55:00,16201586544,10431530540,2,up,432.042,278.174,43.204,0.2625,0
2026-03-13 19:00:00,13714682787,9456543426,2,up,365.725,252.174,36.572,0.258,0
2026-03-13 19:05:00,17121154771,9628632632,0,up,456.564,256.764,45.656,0.024,0
2026-03-13 19:10:00,14460872932,10842193572,4,up,385.623,289.125,38.562,0.4204,0
2026-03-13 19:15:00,12775734560,11771711644,7,up,340.686,313.912,34.069,0.7205,0
2026-03-13 19:20:00,14690325553,9292353779,2,up,391.742,247.796,39.174,0.2143,0
2026-03-13 19:25:00,17588704562,9775426672,3,up,469.032,260.678,46.903,0.3806,0
2026-03-13 19:30:00,15297432090,9578611173,7,up,407.932,255.43,40.793,0.7361,0
2026-03-13 19:35:00,15022539355,7449061512,3,up,400.601,198.642,40.06,0.3087,0
2026-03-13 19:40:00,17946980960,10678556855,3,up,478.586,284.762,47.859,0.3366,0
2026-03-13 19:45:00,12423561275,11677744359,3,up,331.295,311.407,33.129,0.3834,0
2026-03-13 19:50:00,12685921594,11780970441,0,up,338.291,314.159,33.829,0.0905,0
2026-03-13 19:55:00,12091476352,9402834365,2,up,322.439,250.742,32.244,0.2622,0
2026-03-13 20:00:00,15670766735,8922860458,5,up,417.887,237.943,41.789,0.5539,0
2026-03-13 20:05:00,15299687628,10527222989,1,up,407.992,280.726,40.799,0.1054,0
2026-03-13 20:10:00,17776925461,11544884845,6,up,474.051,307.864,47.405,0.6824,0
2026-03-13 20:15:00,15438255138,10695111564,2,up,411.687,285.203,41.169,0.2906,0
2026-03-13 20:20:00,14272517112,10864523841,1,up,380.6,289.721,38.06,0.1651,0
2026-03-13 20:25:00,15003230771,11938706968,2,up,400.086,318.366,40.009,0.2928,0
2026-03-13 20:30:00,15211873353,9568687935,1,up,405.65,255.165,40.565,0.1542,0
2026-03-13 20:35:00,11990829708,10222837690,5,up,319.755,272.609,31.976,0.5461,0
2026-03-13 20:40:00,19878596959,12559602944,1,up,530.096,334.923,53.01,0.1975,0
2026-03-13 20:45:00,15935767832,10252017984,6,up,424.954,273.387,42.495,0.6944,0
2026-03-13 20:50:00,15378014954,8903155422,2,up,410.08,237.417,41.008,0.2139,0
2026-03-13 20:55:00,16107295171,9656611318,3,up,429.528,257.51,42.953,0.324,0
2026-03-13 21:00:00,16276939765,9317893387,18,up,434.052,248.477,43.405,1.8283,0
2026-03-13 21:05:00,14747003726,10950024857,0,up,393.253,292.001,39.325,0.0477,0
2026-03-13 21:10:00,13863765954,9371106775,4,up,369.7,249.896,36.97,0.4004,0
2026-03-13 21:15:00,16079011235,10841503158,0,up,428.774,289.107,42.877,0.0449,0
2026-03-13 21:20:00,15694279512,9572557824,5,up,418.514,255.268,41.851,0.5477,0
2026-03-13 21:25:00,13542197821,7824543041,2,up,361.125,208.654,36.113,0.2722,0
2026-03-13 21:30:00,17554264100,10886340931,8,up,468.114,290.302,46.811,0.835,0
2026-03-13 21:35:00,15528033665,10687064238,6,up,414.081,284.988,41.408,0.6029,0
2026-03-13 21:40:00,16313674852,11152374847,0,up,435.031,297.397,43.503,0.0233,0
2026-03-13 21:45:00,17505457597,9652036103,0,up,466.812,257.388,46.681,0.0443,0
2026-03-13 21:50:00,15039399878,9517773961,2,up,401.051,253.807,40.105,0.2758,0
2026-03-13 21:55:00,15570513612,11005848241,2,up,415.214,293.489,41.521,0.2191,0
2026-03-13 22:00:00,16458049029,12413964661,0,up,438.881,331.039,43.888,0.0554,0
2026-03-13 22:05:00,13695250049,10514071691,0,up,365.207,280.375,36.521,0.0416,0
2026-03-13 22:10:00,15097292993,11034977221,2,up,402.594,294.266,40.259,0.249,0
2026-03-13 22:15:00,15225987455,10094799517,0,up,406.026,269.195,40.603,0.015,0
2026-03-13 22:20:00,13279094606,8555025542,6,up,354.109,228.134,35.411,0.6208,0
2026-03-13 22:25:00,19171746219,11718961068,4,up,511.247,312.506,51.125,0.4936,0
2026-03-13 22:30:00,12466871801,11644601941,4,up,332.45,310.523,33.245,0.4617,0
2026-03-13 22:35:00,12663412973,11395575271,0,up,337.691,303.882,33.769,0.0048,0
2026-03-13 22:40:00,17365607836,10270748747,0,up,463.083,273.887,46.308,0.0146,0
2026-03-13 22:45:00,16283879251,11252290685,2,up,434.237,300.061,43.424,0.2394,0
2026-03-13 22:50:00,13153263328,11626139864,15,up,350.754,310.03,35.075,1.5569,0
2026-03-13 22:55:00,16093120227,12541399943,1,up,429.15,334.437,42.915,0.1257,0
2026-03-13 23:00:00,17642130800,11745542891,1,up,470.457,313.214,47.046,0.1266,0
2026-03-13 23:05:00,14945526496,10580414743,0,up,398.547,282.144,39.855,0.0433,0
2026-03-13 23:10:00,19677881220,8851600898,3,up,524.743,236.043,52.474,0.3366,0
2026-03-13 23:15:00,11896688740,10696129455,3,up,317.245,285.23,31.725,0.3121,0
2026-03-13 23:20:00,16248882216,10823287518,0,up,433.304,288.621,43.33,0.032,0
2026-03-13 23:25:00,17099751005,11393377516,1,up,455.993,303.823,45.599,0.189,0
2026-03-13 23:30:00,16604419022,12205903742,3,up,442.785,325.491,44.278,0.33,0
2026-03-13 23:35:00,14632159692,10380110354,2,up,390.191,276.803,39.019,0.2041,0
2026-03-13 23:40:00,14477205332,13147243859,3,up,386.059,350.593,38.606,0.3366,0
2026-03-13 23:45:00,15799461307,8283298354,5,up,421.319,220.888,42.132,0.5083,0
2026-03-13 23:50:00,16468358075,11028370759,3,up,439.156,294.09,43.916,0.3473,0
2026-03-13 23:55:00,16084452185,9493864305,2,up,428.919,253.17,42.892,0.2872,0
2026-03-14 00:00:00,16872104203,8096900280,5,up,449.923,215.917,44.992,0.5764,0
2026-03-14 00:05:00,13166034077,10245764285,6,up,351.094,273.22,35.109,0.6925,0
2026-03-14 00:10:00,14590012237,8663962399,1,up,389.067,231.039,38.907,0.1477,0
2026-03-14 00:15:00,13307971322,10296600848,0,up,354.879,274.576,35.488,0.0571,0
2026-03-14 00:20:00,14304997003,10543809252,5,up,381.467,281.168,38.147,0.5109,0
2026-03-14 00:25:00,16827397605,11909362175,0,up,448.731,317.583,44.873,0.0721,0
2026-03-14 00:30:00,15194371057,8600442730,7,up,405.183,229.345,40.518,0.7933,0
2026-03-14 00:35:00,19692346493,11644640908,0,up,525.129,310.524,52.513,0.0069,0
2026-03-14 00:40:00,15348131460,10623581367,7,up,409.284,283.296,40.928,0.7625,0
2026-03-14 00:45:00,15107445385,11796349933,2,up,402.865,314.569,40.287,0.2669,0
2026-03-14 00:50:00,15191129254,9955993519,4,up,405.097,265.493,40.51,0.4472,0
2026-03-14 00:55:00,13851944352,8821371820,1,up,369.385,235.237,36.939,0.1525,0
2026-03-14 01:00:00,14895894097,8965950848,14,up,397.224,239.092,39.722,1.438,0
2026-03-14 01:05:00,17030018448,8872322608,0,up,454.134,236.595,45.413,0.0775,0
2026-03-14 01:10:00,15205147202,11102045832,0,up,405.471,296.055,40.547,0.0921,0
2026-03-14 01:15:00,13571772486,12360921747,0,up,361.914,329.625,36.191,0.0158,0
2026-03-14 01:20:00,13334847683,9788161076,8,up,355.596,261.018,35.56,0.8464,0
2026-03-14 01:25:00,14189636595,11292710475,1,up,378.39,301.139,37.839,0.1827,0
2026-03-14 01:30:00,15132954181,8580463006,3,up,403.545,228.812,40.355,0.337,0
2026-03-14 01:35:00,17148455763,10727204773,3,up,457.292,286.059,45.729,0.3489,0
2026-03-14 01:40:00,12587120445,11342388896,6,up,335.657,302.464,33.566,0.6226,0
2026-03-14 01:45:00,14424312699,8675362783,3,up,384.648,231.343,38.465,0.328,0
2026-03-14 01:50:00,15259758034,10243106829,2,up,406.927,273.15,40.693,0.2477,0
2026-03-14 01:55:00,11699329618,11402055597,3,up,311.982,304.055,31.198,0.3717,0
2026-03-14 02:00:00,13499523090,6803448984,4,up,359.987,181.425,35.999,0.4171,0
2026-03-14 02:05:00,13776200628,12182670857,0,up,367.365,324.871,36.737,0.0617,0
2026-03-14 02:10:00,13567253327,10945636013,0,up,361.793,291.884,36.179,0.0348,0
2026-03-14 02:15:00,15345401181,11403076836,0,up,409.211,304.082,40.921,0.0233,0
2026-03-14 02:20:00,14710992702,9979973708,1,up,392.293,266.133,39.229,0.1405,0
2026-03-14 02:25:00,14000485015,8329369673,2,up,373.346,222.117,37.335,0.2067,0
2026-03-14 02:30:00,15770332727,11172919324,2,up,420.542,297.945,42.054,0.2869,0
2026-03-14 02:35:00,18101534491,10395936189,9,up,482.708,277.225,48.271,0.9513,0
2026-03-14 02:40:00,17950661730,10540465473,1,up,478.684,281.079,47.868,0.1205,0
2026-03-14 02:45:00,11539010810,11870384801,4,up,307.707,316.544,30.771,0.4292,0
2026-03-14 02:50:00,16038729930,11460200481,2,up,427.699,305.605,42.77,0.2274,0
2026-03-14 02:55:00,14679558077,12920759145,0,up,391.455,344.554,39.145,0.0746,0
2026-03-14 03:00:00,15279279617,10693856328,2,up,407.447,285.17,40.745,0.2866,0
2026-03-14 03:05:00,14283090539,9629072328,10,up,380.882,256.775,38.088,1.025,0
2026-03-14 03:10:00,15211659533,10262594772,0,up,405.644,273.669,40.564,0.0398,0
2026-03-14 03:15:00,15272533312,11023735849,2,up,407.268,293.966,40.727,0.2123,0
2026-03-14 03:20:00,13957886836,11779979213,0,up,372.21,314.133,37.221,0.0159,0
2026-03-14 03:25:00,13386538413,8651537221,1,up,356.974,230.708,35.697,0.1162,0
2026-03-14 03:30:00,14192347771,10510757395,2,up,378.463,280.287,37.846,0.2908,0
2026-03-14 03:35:00,15421666676,12528022487,5,up,411.244,334.081,41.124,0.5518,0
2026-03-14 03:40:00,16078193415,10197336822,3,up,428.752,271.929,42.875,0.3932,0
2026-03-14 03:45:00,16536028159,11673074937,1,up,440.961,311.282,44.096,0.1864,0
2026-03-14 03:50:00,14110457958,11121328084,7,up,376.279,296.569,37.628,0.7198,0
2026-03-14 03:55:00,15510920221,11704384364,1,up,413.625,312.117,41.362,0.1082,0
2026-03-14 04:00:00,16732504665,9479701717,4,up,446.2,252.792,44.62,0.4207,0
2026-03-14 04:05:00,17098070811,9485193895,1,up,455.949,252.939,45.595,0.1927,0
2026-03-14 04:10:00,14894100862,10525542584,6,up,397.176,280.681,39.718,0.6867,0
2026-03-14 04:15:00,14602322895,8569400548,4,up,389.395,228.517,38.94,0.479,0
2026-03-14 04:20:00,15344023620,10160126835,6,up,409.174,270.937,40.917,0.6952,0
2026-03-14 04:25:00,12930526548,10818624588,0,up,344.814,288.497,34.481,0.0723,0
2026-03-14 04:30:00,14651502880,12748640864,3,up,390.707,339.964,39.071,0.3309,0
2026-03-14 04:35:00,16340255517,11007424918,4,up,435.74,293.531,43.574,0.4024,0
2026-03-14 04:40:00,16155504832,11287787873,4,up,430.813,301.008,43.081,0.4069,0
2026-03-14 04:45:00,14513518312,11967239567,2,up,387.027,319.126,38.703,0.2104,0
2026-03-14 04:50:00,15391892761,9284531437,0,up,410.45,247.588,41.045,0.0034,0
2026-03-14 04:55:00,13515629387,10291995845,0,up,360.417,274.453,36.042,0.0909,0
2026-03-14 05:00:00,16266285866,13556019865,1,up,433.768,361.494,43.377,0.1172,0
2026-03-14 05:05:00,14859921414,10400305999,5,up,396.265,277.341,39.626,0.5732,0
2026-03-14 05:10:00,14503287386,11906702743,5,up,386.754,317.512,38.675,0.5514,0
2026-03-14 05:15:00,14348897095,11714309725,0,up,382.637,312.382,38.264,0.0332,0
2026-03-14 05:20:00,14886791039,8637576719,8,up,396.981,230.335,39.698,0.8977,0
2026-03-14 05:25:00,14193820239,10891203889,0,up,378.502,290.432,37.85,0.0604,0
2026-03-14 05:30:00,16184657464,10684901814,1,up,431.591,284.931,43.159,0.1605,0
2026-03-14 05:35:00,14288489613,10915748072,0,up,381.026,291.087,38.103,0.0727,0
2026-03-14 05:40:00,17867335372,9549818275,5,up,476.462,254.662,47.646,0.5905,0
2026-03-14 05:45:00,17637378906,9092681414,4,up,470.33,242.472,47.033,0.4152,0
2026-03-14 05:50:00,13395221718,9900227399,1,up,357.206,264.006,35.721,0.1309,0
2026-03-14 05:55:00,15125467684,10376778303,3,up,403.346,276.714,40.335,0.3436,0
2026-03-14 06:00:00,13828818081,11993080403,0,up,368.768,319.815,36.877,0.0611,0
2026-03-14 06:05:00,14412034386,12789811632,1,up,384.321,341.062,38.432,0.1445,0
2026-03-14 06:10:00,18604369441,12259713286,1,up,496.117,326.926,49.612,0.142,0
2026-03-14 06:15:00,14446371449,11583833365,0,up,385.237,308.902,38.524,0.0815,0
2026-03-14 06:20:00,15648406866,9234531269,6,up,417.291,246.254,41.729,0.627,0
2026-03-14 06:25:00,15974378329,9984790819,3,up,425.983,266.261,42.598,0.3408,0
2026-03-14 06:30:00,13198867129,10764506826,0,up,351.97,287.054,35.197,0.0985,0
2026-03-14 06:35:00,13460828146,9703126812,0,up,358.955,258.75,35.896,0.0832,0
2026-03-14 06:40:00,12829159731,11227279122,0,up,342.111,299.394,34.211,0.0054,0
2026-03-14 06:45:00,13405252678,11407812496,1,up,357.473,304.208,35.747,0.1277,0
2026-03-14 06:50:00,9869945803,11175725478,2,up,263.199,298.019,26.32,0.2245,0
2026-03-14 06:55:00,15980248321,11791669601,0,up,426.14,314.445,42.614,0.0976,0
2026-03-14 07:00:00,18697548914,9360215070,3,up,498.601,249.606,49.86,0.3617,0
2026-03-14 07:05:00,15266077330,11675364167,1,up,407.095,311.343,40.71,0.1592,0
2026-03-14 07:10:00,12450716053,9623486732,1,up,332.019,256.626,33.202,0.1141,0
2026-03-14 07:15:00,13843002510,9314420699,8,up,369.147,248.385,36.915,0.8393,0
2026-03-14 07:20:00,14174021678,11170466329,0,up,377.974,297.879,37.797,0.0915,0
2026-03-14 07:25:00,13168347401,12032000688,1,up,351.156,320.853,35.116,0.1524,0
2026-03-14 07:30:00,16548328749,11114896992,1,up,441.289,296.397,44.129,0.1445,0
2026-03-14 07:35:00,16458468079,10526213069,0,up,438.892,280.699,43.889,0.0828,0
2026-03-14 07:40:00,12920186771,10890793820,0,up,344.538,290.421,34.454,0.0736,0
2026-03-14 07:45:00,16305145880,10671897916,1,up,434.804,284.584,43.48,0.108,0
2026-03-14 07:50:00,17748262794,9081301870,5,up,473.287,242.168,47.329,0.5991,0
2026-03-14 07:55:00,18424604769,8934298617,4,up,491.323,238.248,49.132,0.4371,0
2026-03-14 08:00:00,20157381641,10400679391,3,up,537.53,277.351,53.753,0.3428,0
2026-03-14 08:05:00,13376413231,10600619613,1,up,356.704,282.683,35.67,0.1833,0
2026-03-14 08:10:00,20083596767,10514278796,2,up,535.563,280.381,53.556,0.2126,0
2026-03-14 08:15:00,14362428500,11351888033,0,up,382.998,302.717,38.3,0.0932,0
2026-03-14 08:20:00,13933562180,10228499337,0,up,371.562,272.76,37.156,0.0232,0
2026-03-14 08:25:00,15588730274,11209353769,1,up,415.699,298.916,41.57,0.1206,0
2026-03-14 08:30:00,13952289598,10317820673,2,up,372.061,275.142,37.206,0.2053,0
2026-03-14 08:35:00,15718279453,12797432292,0,up,419.154,341.265,41.915,0.0177,0
2026-03-14 08:40:00,12623861062,10601699295,0,up,336.636,282.712,33.664,0.0277,0
2026-03-14 08:45:00,14570245316,13449310490,0,up,388.54,358.648,38.854,0.0916,0
2026-03-14 08:50:00,17314048021,10943534604,1,up,461.708,291.828,46.171,0.1372,0
2026-03-14 08:55:00,14897289675,10230766765,1,up,397.261,272.82,39.726,0.1499,0
2026-03-14 09:00:00,15254872416,9366695549,0,up,406.797,249.779,40.68,0.0376,0
2026-03-14 09:05:00,15855465488,8681960396,0,up,422.812,231.519,42.281,0.0768,0
2026-03-14 09:10:00,17107190932,9250782721,0,up,456.192,246.688,45.619,0.091,0
2026-03-14 09:15:00,12020595518,9391696050,0,up,320.549,250.445,32.055,0.021,0
2026-03-14 09:20:00,16052143293,10997473225,1,up,428.057,293.266,42.806,0.1184,0
2026-03-14 09:25:00,14517349549,9837031632,0,up,387.129,262.321,38.713,0.0225,0
2026-03-14 09:30:00,15299948211,10735528086,3,up,407.999,286.281,40.8,0.3647,0
2026-03-14 09:35:00,16907910305,12115292736,1,up,450.878,323.074,45.088,0.1464,0
2026-03-14 09:40:00,12850464027,10389361476,1,up,342.679,277.05,34.268,0.1187,0
2026-03-14 09:45:00,13177240005,13119737440,0,up,351.393,349.86,35.139,0.0406,0
2026-03-14 09:50:00,11516226072,9018478164,0,up,307.099,240.493,30.71,0.0771,0
2026-03-14 09:55:00,14011513904,10310264729,0,up,373.64,274.94,37.364,0.0795,0
2026-03-14 10:00:00,17394778219,9820465716,12,up,463.861,261.879,46.386,1.264,0
2026-03-14 10:05:00,14782943060,11679998323,5,up,394.212,311.467,39.421,0.5412,0
2026-03-14 10:10:00,12587775187,7677862545,0,up,335.674,204.743,33.567,0.0046,0
2026-03-14 10:15:00,14125778259,8681674735,2,up,376.687,231.511,37.669,0.2878,0
2026-03-14 10:20:00,12321848933,10364743003,0,up,328.583,276.393,32.858,0.0887,0
2026-03-14 10:25:00,12974665016,12454735928,0,up,345.991,332.126,34.599,0.0331,0
2026-03-14 10:30:00,15699874038,10784560710,3,up,418.663,287.588,41.866,0.3668,0
2026-03-14 10:35:00,12887028012,8797050207,0,up,343.654,234.588,34.365,0.0423,0
2026-03-14 10:40:00,17002741749,8991570093,1,up,453.406,239.775,45.341,0.176,0
2026-03-14 10:45:00,14871983476,12607967025,3,up,396.586,336.212,39.659,0.3,0
2026-03-14 10:50:00,15154070467,9717370153,2,up,404.109,259.13,40.411,0.2426,0
2026-03-14 10:55:00,14498928658,9311866150,11,up,386.638,248.316,38.664,1.14,0
2026-03-14 11:00:00,16391126109,12361489426,4,up,437.097,329.64,43.71,0.4622,0
2026-03-14 11:05:00,16409687797,11773982227,4,up,437.592,313.973,43.759,0.4464,0
2026-03-14 11:10:00,15603097833,12105315150,1,up,416.083,322.808,41.608,0.1318,0
2026-03-14 11:15:00,16016620390,9302947230,0,up,427.11,248.079,42.711,0.0025,0
2026-03-14 11:20:00,14618238594,8578366892,3,up,389.82,228.756,38.982,0.3977,0
2026-03-14 11:25:00,15975965412,10667789776,24,up,426.026,284.474,42.603,2.4675,0
2026-03-14 11:30:00,14391820004,10922258927,1,up,383.782,291.26,38.378,0.1562,0
2026-03-14 11:35:00,15004016919,10959398272,12,up,400.107,292.251,40.011,1.2705,0
2026-03-14 11:40:00,14505641251,12362511758,0,up,386.817,329.667,38.682,0.0458,0
2026-03-14 11:45:00,14177006629,8315453466,1,up,378.054,221.745,37.805,0.1055,0
2026-03-14 11:50:00,13759598764,11583215764,0,up,366.923,308.886,36.692,0.0562,0
2026-03-14 11:55:00,15841842186,9118252444,1,up,422.449,243.153,42.245,0.1934,0
2026-03-14 12:00:00,17359090643,11578226504,4,up,462.909,308.753,46.291,0.4783,0
2026-03-14 12:05:00,17107983549,9901554552,1,up,456.213,264.041,45.621,0.125,0
2026-03-14 12:10:00,12738182395,9474395537,7,up,339.685,252.651,33.968,0.7101,0
2026-03-14 12:15:00,17320565492,9731522589,2,up,461.882,259.507,46.188,0.2361,0
2026-03-14 12:20:00,14427314697,8678531147,1,up,384.728,231.427,38.473,0.1879,0
2026-03-14 12:25:00,16081319427,10550940464,4,up,428.835,281.358,42.884,0.464,0
2026-03-14 12:30:00,13368812402,9526431527,0,up,356.502,254.038,35.65,0.0321,0
2026-03-14 12:35:00,15255563844,11490735770,4,up,406.815,306.42,40.682,0.4458,0
2026-03-14 12:40:00,15564701729,11306470662,0,up,415.059,301.506,41.506,0.0835,0
2026-03-14 12:45:00,12327711374,12627077886,0,up,328.739,336.722,32.874,0.0989,0
2026-03-14 12:50:00,16094880899,10961572629,2,up,429.197,292.309,42.92,0.2745,0
2026-03-14 12:55:00,17422683014,11156053986,6,up,464.605,297.495,46.46,0.6966,0
2026-03-14 13:00:00,14685633697,12264125762,2,up,391.617,327.043,39.162,0.2591,0
2026-03-14 13:05:00,17448302635,9709145003,3,up,465.288,258.911,46.529,0.314,0
2026-03-14 13:10:00,14658551711,8624794651,4,up,390.895,229.995,39.089,0.4496,0
2026-03-14 13:15:00,16529252155,10752118514,0,up,440.78,286.723,44.078,0.0901,0
2026-03-14 13:20:00,11006574061,8707481828,5,up,293.509,232.2,29.351,0.5267,0
2026-03-14 13:25:00,19353800002,13591962727,1,up,516.101,362.452,51.61,0.1624,0
2026-03-14 13:30:00,17691824841,12333927848,0,up,471.782,328.905,47.178,0.058,0
2026-03-14 13:35:00,14487674092,13226610179,1,up,386.338,352.71,38.634,0.1293,0
2026-03-14 13:40:00,11450239752,10578683190,0,up,305.34,282.098,30.534,0.0848,0
2026-03-14 13:45:00,15518451062,11193722728,0,up,413.825,298.499,41.383,0.0779,0
2026-03-14 13:50:00,12400934015,9921060955,0,up,330.692,264.562,33.069,0.0996,0
2026-03-14 13:55:00,15800736367,11612485255,0,up,421.353,309.666,42.135,0.0599,0
2026-03-14 14:00:00,15740818294,8968415552,3,up,419.755,239.158,41.976,0.3305,0
2026-03-14 14:05:00,13305474295,7295702581,2,up,354.813,194.552,35.481,0.2602,0
2026-03-14 14:10:00,17017740642,9503704619,3,up,453.806,253.432,45.381,0.3136,0
2026-03-14 14:15:00,16450034465,8666103420,1,up,438.668,231.096,43.867,0.1264,0
2026-03-14 14:20:00,16756482007,12362187687,4,up,446.84,329.658,44.684,0.4406,0
2026-03-14 14:25:00,15015943866,12787753593,0,up,400.425,341.007,40.043,0.0416,0
2026-03-14 14:30:00,12452056679,8732309368,2,up,332.055,232.862,33.205,0.254,0
2026-03-14 14:35:00,16760170089,12127561665,0,up,446.938,323.402,44.694,0.0967,0
2026-03-14 14:40:00,14513331481,11698745079,2,up,387.022,311.967,38.702,0.225,0
2026-03-14 14:45:00,12498395742,8522081377,1,up,333.291,227.256,33.329,0.1173,0
2026-03-14 14:50:00,17433670858,10008262911,4,up,464.898,266.887,46.49,0.4689,0
2026-03-14 14:55:00,18778933536,9768993710,6,up,500.772,260.506,50.077,0.6657,0
2026-03-14 15:00:00,14925753367,11442474202,4,up,398.02,305.133,39.802,0.4071,0
2026-03-14 15:05:00,18886418078,8951738017,0,up,503.638,238.713,50.364,0.0579,0
2026-03-14 15:10:00,15164366511,10375420491,0,up,404.383,276.678,40.438,0.0964,0
2026-03-14 15:15:00,14315179372,9635722525,7,up,381.738,256.953,38.174,0.7553,0
2026-03-14 15:20:00,13865174782,11096409891,1,up,369.738,295.904,36.974,0.1725,0
2026-03-14 15:25:00,17946748334,10226842040,8,up,478.58,272.716,47.858,0.85,0
2026-03-14 15:30:00,13595741013,9825590413,1,up,362.553,262.016,36.255,0.1495,0
2026-03-14 15:35:00,16323484757,10231246314,9,up,435.293,272.833,43.529,0.9096,0
2026-03-14 15:40:00,13993505096,13065413969,7,up,373.16,348.411,37.316,0.7801,0
2026-03-14 15:45:00,14171447827,9974706458,3,up,377.905,265.992,37.791,0.3241,0
2026-03-14 15:50:00,16854449449,9188333424,0,up,449.452,245.022,44.945,0.0027,0
2026-03-14 15:55:00,14315933676,11235126297,1,up,381.758,299.603,38.176,0.1534,0
2026-03-14 16:00:00,14271368317,10319158916,7,up,380.57,275.178,38.057,0.7265,0
2026-03-14 16:05:00,17039048454,8716805247,6,up,454.375,232.448,45.437,0.6491,0
2026-03-14 16:10:00,17875315127,13311685382,0,up,476.675,354.978,47.668,0.0623,0
2026-03-14 16:15:00,16160441645,10055876528,1,up,430.945,268.157,43.095,0.1528,0
2026-03-14 16:20:00,13821414403,10023884488,5,up,368.571,267.304,36.857,0.5415,0
2026-03-14 16:25:00,14080904701,10701392543,2,up,375.491,285.37,37.549,0.2587,0
2026-03-14 16:30:00,15143847474,12679947129,5,up,403.836,338.132,40.384,0.5638,0
2026-03-14 16:35:00,15577674111,8383520888,5,up,415.405,223.561,41.54,0.5256,0
2026-03-14 16:40:00,13221841361,10847742170,7,up,352.582,289.273,35.258,0.7141,0
2026-03-14 16:45:00,16301468291,13129962923,0,up,434.706,350.132,43.471,0.0374,0
2026-03-14 16:50:00,15153923993,10662198137,0,up,404.105,284.325,40.41,0.0471,0
2026-03-14 16:55:00,11911725026,8943479186,0,up,317.646,238.493,31.765,0.0259,0
2026-03-14 17:00:00,13327932331,9720819965,8,up,355.412,259.222,35.541,0.8213,0
2026-03-14 17:05:00,14092568387,10760671987,1,up,375.802,286.951,37.58,0.1934,0
2026-03-14 17:10:00,14868856160,12176812933,0,up,396.503,324.715,39.65,0.0199,0
2026-03-14 17:15:00,18400701831,10072436836,1,up,490.685,268.598,49.069,0.1164,0
2026-03-14 17:20:00,15428708351,11541581264,1,up,411.432,307.776,41.143,0.1299,0
2026-03-14 17:25:00,13486610598,8691435277,4,up,359.643,231.772,35.964,0.4975,0
2026-03-14 17:30:00,15397135447,8680914854,3,up,410.59,231.491,41.059,0.3989,0
2026-03-14 17:35:00,14366242054,9891671132,3,up,383.1,263.778,38.31,0.3508,0
2026-03-14 17:40:00,15584564831,12311916189,0,up,415.588,328.318,41.559,0.0066,0
2026-03-14 17:45:00,16045021836,10586782045,7,up,427.867,282.314,42.787,0.7247,0
2026-03-14 17:50:00,17176615165,10865162106,0,up,458.043,289.738,45.804,0.0728,0
2026-03-14 17:55:00,14956284307,10850380290,2,up,398.834,289.343,39.883,0.2975,0
2026-03-14 18:00:00,17950128949,11897602058,0,up,478.67,317.269,47.867,0.0191,0
2026-03-14 18:05:00,16634440792,9731121927,0,up,443.585,259.497,44.359,0.0255,0
2026-03-14 18:10:00,13726608819,11367239236,0,up,366.043,303.126,36.604,0.0029,0
2026-03-14 18:15:00,18977740198,9453087843,2,up,506.073,252.082,50.607,0.2504,0
2026-03-14 18:20:00,15588590123,12998923546,2,up,415.696,346.638,41.57,0.2978,0
2026-03-14 18:25:00,13496775892,9491507208,0,up,359.914,253.107,35.991,0.0155,0
2026-03-14 18:30:00,17975243492,9388189478,1,up,479.34,250.352,47.934,0.103,0
2026-03-14 18:35:00,18739999653,11192583964,5,up,499.733,298.469,49.973,0.5721,0
2026-03-14 18:40:00,14940554525,10600533423,0,up,398.415,282.681,39.841,0.032,0
2026-03-14 18:45:00,14093429531,10911834031,0,up,375.825,290.982,37.582,0.0732,0
2026-03-14 18:50:00,14689725076,10786415382,1,up,391.726,287.638,39.173,0.1657,0
2026-03-14 18:55:00,16286517109,9126105829,5,up,434.307,243.363,43.431,0.5541,0
2026-03-14 19:00:00,17300141979,12532832250,0,up,461.337,334.209,46.134,0.0883,0
2026-03-14 19:05:00,16026877195,11625863179,17,up,427.383,310.023,42.738,1.7568,0
2026-03-14 19:10:00,15183101775,12212276938,1,up,404.883,325.661,40.488,0.1317,0
2026-03-14 19:15:00,17696421186,9834303079,1,up,471.905,262.248,47.19,0.1465,0
2026-03-14 19:20:00,14436894348,11024819666,0,up,384.984,293.995,38.498,0.0391,0
2026-03-14 19:25:00,16855654809,10748684262,3,up,449.484,286.632,44.948,0.342,0
2026-03-14 19:30:00,14481486962,11921283309,0,up,386.173,317.901,38.617,0.0837,0
2026-03-14 19:35:00,15775841324,11961912646,2,up,420.689,318.984,42.069,0.2974,0
2026-03-14 19:40:00,14795587383,10743244011,0,up,394.549,286.487,39.455,0.0758,0
2026-03-14 19:45:00,14899466071,8587381573,1,up,397.319,228.997,39.732,0.1472,0
2026-03-14 19:50:00,14320704268,12742373977,5,up,381.885,339.797,38.189,0.5828,0
2026-03-14 19:55:00,17420737256,11200544166,4,up,464.553,298.681,46.455,0.4029,0
2026-03-14 20:00:00,13680733131,9733369327,0,up,364.82,259.557,36.482,0.0504,0
2026-03-14 20:05:00,13667581945,11012243094,2,up,364.469,293.66,36.447,0.2807,0
2026-03-14 20:10:00,18817788418,8596022128,2,up,501.808,229.227,50.181,0.2972,0
2026-03-14 20:15:00,16760125616,11829744865,0,up,446.937,315.46,44.694,0.0285,0
2026-03-14 20:20:00,10706795342,8646273202,1,up,285.515,230.567,28.551,0.1881,0
2026-03-14 20:25:00,13982534269,10221748540,0,up,372.868,272.58,37.287,0.0906,0
2026-03-14 20:30:00,11738419192,10808012606,1,up,313.025,288.214,31.302,0.1888,0
2026-03-14 20:35:00,13288756751,11808938037,4,up,354.367,314.905,35.437,0.4503,0
2026-03-14 20:40:00,9350673600,10634246292,0,up,249.351,283.58,24.935,0.0517,0
2026-03-14 20:45:00,14753418760,11300053220,0,up,393.425,301.335,39.342,0.0395,0
2026-03-14 20:50:00,12944504725,10464509695,0,up,345.187,279.054,34.519,0.0941,0
2026-03-14 20:55:00,15107829462,10459445701,9,up,402.875,278.919,40.288,0.9127,0
2026-03-14 21:00:00,12074781734,10607701335,4,up,321.994,282.872,32.199,0.4133,0
2026-03-14 21:05:00,15149241335,10261787019,0,up,403.98,273.648,40.398,0.0059,0
2026-03-14 21:10:00,14253150699,8374921493,1,up,380.084,223.331,38.008,0.1538,0
2026-03-14 21:15:00,17703515337,9531912397,0,up,472.094,254.184,47.209,0.0893,0
2026-03-14 21:20:00,17540442351,10808416299,3,up,467.745,288.224,46.775,0.305,0
2026-03-14 21:25:00,16413622085,10186107535,1,up,437.697,271.63,43.77,0.1845,0
2026-03-14 21:30:00,14412095194,10303680556,10,up,384.323,274.765,38.432,1.0015,0
2026-03-14 21:35:00,18573684711,10092574376,0,up,495.298,269.135,49.53,0.0741,0
2026-03-14 21:40:00,12204536499,9411866025,2,up,325.454,250.983,32.545,0.2659,0
2026-03-14 21:45:00,12473594466,9878694679,3,up,332.629,263.432,33.263,0.3614,0
2026-03-14 21:50:00,14849190420,10113392002,5,up,395.978,269.69,39.598,0.5239,0
2026-03-14 21:55:00,19057268596,10506480357,1,up,508.194,280.173,50.819,0.1568,0
2026-03-14 22:00:00,14635789967,10995656714,3,up,390.288,293.218,39.029,0.3484,0
2026-03-14 22:05:00,14670158562,10272506633,1,up,391.204,273.934,39.12,0.1084,0
2026-03-14 22:10:00,12404561358,9202634377,1,up,330.788,245.404,33.079,0.1715,0
2026-03-14 22:15:00,16702673253,8738416629,6,up,445.405,233.024,44.54,0.6779,0
2026-03-14 22:20:00,16715717257,13772770881,8,up,445.752,367.274,44.575,0.8982,0
2026-03-14 22:25:00,16420335362,9076433061,3,up,437.876,242.038,43.788,0.3806,0
2026-03-14 22:30:00,13867402788,9846532498,1,up,369.797,262.574,36.98,0.1407,0
2026-03-14 22:35:00,13727927816,11151420381,5,up,366.078,297.371,36.608,0.5145,0
2026-03-14 22:40:00,12672379949,10954684368,0,up,337.93,292.125,33.793,0.0079,0
2026-03-14 22:45:00,15150970503,11156290772,0,up,404.026,297.501,40.403,0.0325,0
2026-03-14 22:50:00,13055266807,9942176492,3,up,348.14,265.125,34.814,0.3249,0
2026-03-14 22:55:00,12880650290,10800583169,1,up,343.484,288.016,34.348,0.1033,0
2026-03-14 23:00:00,14237356709,10577293016,9,up,379.663,282.061,37.966,0.9072,0
2026-03-14 23:05:00,14119518884,10106714476,1,up,376.521,269.512,37.652,0.1718,0
2026-03-14 23:10:00,14031638648,10809216274,1,up,374.177,288.246,37.418,0.1683,0
2026-03-14 23:15:00,15839600274,11829760588,3,up,422.389,315.46,42.239,0.34,0
2026-03-14 23:20:00,15142286043,10472027718,4,up,403.794,279.254,40.379,0.4377,0
2026-03-14 23:25:00,14481319145,10480410586,1,up,386.169,279.478,38.617,0.1936,0
2026-03-14 23:30:00,15329423270,11845882903,0,up,408.785,315.89,40.878,0.0722,0
2026-03-14 23:35:00,13215251326,11711314053,4,up,352.407,312.302,35.241,0.4452,0
2026-03-14 23:40:00,15189501523,12495759915,1,up,405.053,333.22,40.505,0.1159,0
2026-03-14 23:45:00,15271084487,8287149904,0,up,407.229,220.991,40.723,0.0578,0
2026-03-14 23:50:00,12294515653,11640450170,2,up,327.854,310.412,32.785,0.2996,0
2026-03-14 23:55:00,16792248757,11257990857,0,up,447.793,300.213,44.779,0.0284,0
2026-03-15 00:00:00,13413419330,9384077978,10,up,357.691,250.242,35.769,1.0658,0
2026-03-15 00:05:00,15162557638,10817000776,3,up,404.335,288.453,40.433,0.3002,0
2026-03-15 00:10:00,17095941132,11824413402,12,up,455.892,315.318,45.589,1.2784,0
2026-03-15 00:15:00,16666218163,9455259757,1,up,444.432,252.14,44.443,0.1242,0
2026-03-15 00:20:00,15061800099,11057628660,10,up,401.648,294.87,40.165,1.0643,0
2026-03-15 00:25:00,14347501794,11597905631,0,up,382.6,309.277,38.26,0.0472,0
2026-03-15 00:30:00,16705521435,9150515351,0,up,445.481,244.014,44.548,0.0125,0
2026-03-15 00:35:00,16214450960,10320720027,0,up,432.385,275.219,43.239,0.0101,0
2026-03-15 00:40:00,13886942963,10879220154,1,up,370.318,290.113,37.032,0.1876,0
2026-03-15 00:45:00,13569191435,9496874303,0,up,361.845,253.25,36.185,0.026,0
2026-03-15 00:50:00,11269760672,9392266969,2,up,300.527,250.46,30.053,0.2153,0
2026-03-15 00:55:00,15277257315,10329843801,1,up,407.394,275.463,40.739,0.119,0
2026-03-15 01:00:00,14851144058,11510066043,1,up,396.031,306.935,39.603,0.1227,0
2026-03-15 01:05:00,17045144474,11311104841,3,up,454.537,301.629,45.454,0.3029,0
2026-03-15 01:10:00,15646299168,9414619961,0,up,417.235,251.057,41.723,0.0534,0
2026-03-15 01:15:00,17401612549,11321731535,4,up,464.043,301.913,46.404,0.4364,0
2026-03-15 01:20:00,13744744389,9446715882,2,up,366.527,251.912,36.653,0.2617,0
2026-03-15 01:25:00,17048670595,8471186054,7,up,454.631,225.898,45.463,0.7393,0
2026-03-15 01:30:00,14047950517,10037399100,1,up,374.612,267.664,37.461,0.1362,0
2026-03-15 01:35:00,16399672911,11914941408,12,up,437.325,317.732,43.732,1.2174,0
2026-03-15 01:40:00,12374234893,11326510295,2,up,329.98,302.04,32.998,0.2573,0
2026-03-15 01:45:00,15423243538,10498019522,10,up,411.286,279.947,41.129,1.0881,0
2026-03-15 01:50:00,11427561705,9974951090,0,up,304.735,265.999,30.473,0.0082,0
2026-03-15 01:55:00,14519152525,10008899708,3,up,387.177,266.904,38.718,0.3906,0
2026-03-15 02:00:00,15792637188,10637068981,5,up,421.137,283.655,42.114,0.5089,0
2026-03-15 02:05:00,14062256607,9153768767,0,up,374.994,244.101,37.499,0.0164,0
2026-03-15 02:10:00,13109212268,10061384745,2,up,349.579,268.304,34.958,0.2595,0
2026-03-15 02:15:00,16523013244,10228382478,4,up,440.614,272.757,44.061,0.4858,0
2026-03-15 02:20:00,14813766978,8797646182,2,up,395.034,234.604,39.503,0.247,0
2026-03-15 02:25:00,14118772835,9443555203,0,up,376.501,251.828,37.65,0.0198,0
2026-03-15 02:30:00,15075412658,11017238557,3,up,402.011,293.793,40.201,0.3547,0
2026-03-15 02:35:00,19746004455,10511984918,0,up,526.56,280.32,52.656,0.0188,0
2026-03-15 02:40:00,17076305129,10110960143,5,up,455.368,269.626,45.537,0.5103,0
2026-03-15 02:45:00,17092632602,9351601428,0,up,455.804,249.376,45.58,0.0132,0
2026-03-15 02:50:00,15783983374,12486830780,0,up,420.906,332.982,42.091,0.0443,0
2026-03-15 02:55:00,15299673490,9444146189,0,up,407.991,251.844,40.799,0.0965,0
2026-03-15 03:00:00,10687051881,10817006937,3,up,284.988,288.454,28.499,0.301,0
2026-03-15 03:05:00,13777835376,9885284949,11,up,367.409,263.608,36.741,1.1234,0
2026-03-15 03:10:00,14134966056,10545711908,0,up,376.932,281.219,37.693,0.0376,0
2026-03-15 03:15:00,11625194284,11076588274,0,up,310.005,295.376,31.001,0.0462,0
2026-03-15 03:20:00,12916651577,8773476697,1,up,344.444,233.959,34.444,0.1381,0
2026-03-15 03:25:00,11434494352,10491663532,5,up,304.92,279.778,30.492,0.5428,0
2026-03-15 03:30:00,14931017095,12000318097,1,up,398.16,320.008,39.816,0.1889,0
2026-03-15 03:35:00,16473778747,12719492385,1,up,439.301,339.186,43.93,0.1164,0
2026-03-15 03:40:00,16992194133,10336182393,2,up,453.125,275.632,45.313,0.2471,0
2026-03-15 03:45:00,15746612031,10552518321,0,up,419.91,281.4,41.991,0.0905,0
2026-03-15 03:50:00,13265886585,13286279616,1,up,353.757,354.301,35.376,0.1538,0
2026-03-15 03:55:00,11522282714,11930004594,1,up,307.261,318.133,30.726,0.1213,0
2026-03-15 04:00:00,11837636341,9722221442,4,up,315.67,259.259,31.567,0.4891,0
2026-03-15 04:05:00,12715831360,9720080851,7,up,339.089,259.202,33.909,0.7741,0
2026-03-15 04:10:00,13400052543,11705252321,4,up,357.335,312.14,35.733,0.4276,0
2026-03-15 04:15:00,14712452703,9226093216,1,up,392.332,246.029,39.233,0.1735,0
2026-03-15 04:20:00,13174504407,11870535706,2,up,351.32,316.548,35.132,0.2106,0
2026-03-15 04:25:00,15610156608,10921217954,0,up,416.271,291.232,41.627,0.0401,0
2026-03-15 04:30:00,14581907694,11152328162,4,up,388.851,297.395,38.885,0.4121,0
2026-03-15 04:35:00,15018982281,10176515407,2,up,400.506,271.374,40.051,0.2723,0
2026-03-15 04:40:00,17052450994,9706420746,6,up,454.732,258.838,45.473,0.6982,0
2026-03-15 04:45:00,12875582878,12342110966,0,up,343.349,329.123,34.335,0.0672,0
2026-03-15 04:50:00,15753668240,10189111026,4,up,420.098,271.71,42.01,0.4278,0
2026-03-15 04:55:00,14974848188,9982221803,3,up,399.329,266.193,39.933,0.3462,0
2026-03-15 05:00:00,14399724694,10399027294,0,up,383.993,277.307,38.399,0.0927,0
2026-03-15 05:05:00,16593461377,10743207887,3,up,442.492,286.486,44.249,0.3302,0
2026-03-15 05:10:00,16582225478,9201160340,7,up,442.193,245.364,44.219,0.7746,0
2026-03-15 05:15:00,13296316567,9788261917,7,up,354.568,261.02,35.457,0.7519,0
2026-03-15 05:20:00,14672110949,9721279586,3,up,391.256,259.234,39.126,0.3815,0
2026-03-15 05:25:00,15506181028,11565053183,0,up,413.498,308.401,41.35,0.0148,0
2026-03-15 05:30:00,14508587853,9383687164,6,up,386.896,250.232,38.69,0.6173,0
2026-03-15 05:35:00,16053038398,8287732499,3,up,428.081,221.006,42.808,0.3217,0
2026-03-15 05:40:00,15506145632,8021460850,1,up,413.497,213.906,41.35,0.1115,0
2026-03-15 05:45:00,18298610232,8647321030,0,up,487.963,230.595,48.796,0.0622,0
2026-03-15 05:50:00,12245497555,12215538135,0,up,326.547,325.748,32.655,0.0371,0
2026-03-15 05:55:00,14779615218,10520420315,0,up,394.123,280.545,39.412,0.0155,0
2026-03-15 06:00:00,13364695479,11131573849,4,up,356.392,296.842,35.639,0.4209,0
2026-03-15 06:05:00,16087393419,11175974536,0,up,428.997,298.026,42.9,0.0807,0
2026-03-15 06:10:00,12089090597,10570791737,0,up,322.376,281.888,32.238,0.0074,0
2026-03-15 06:15:00,15623362878,10405775566,1,up,416.623,277.487,41.662,0.1519,0
2026-03-15 06:20:00,13865912823,11816103301,1,up,369.758,315.096,36.976,0.1977,0
2026-03-15 06:25:00,13678508640,10683954852,0,up,364.76,284.905,36.476,0.0556,0
2026-03-15 06:30:00,12396303233,12262862823,0,up,330.568,327.01,33.057,0.0135,0
2026-03-15 06:35:00,14162863296,11282245731,0,up,377.676,300.86,37.768,0.0629,0
2026-03-15 06:40:00,16952100954,9721576695,3,up,452.056,259.242,45.206,0.341,0
2026-03-15 06:45:00,14954660369,9873611129,0,up,398.791,263.296,39.879,0.0257,0
2026-03-15 06:50:00,16129824752,9583394343,2,up,430.129,255.557,43.013,0.2429,0
2026-03-15 06:55:00,17996355279,12034110507,0,up,479.903,320.91,47.99,0.0475,0
2026-03-15 07:00:00,15474760052,9989635799,0,up,412.66,266.39,41.266,0.0653,0
2026-03-15 07:05:00,13994160770,9493924276,1,up,373.178,253.171,37.318,0.1498,0
2026-03-15 07:10:00,15841053987,10902920331,0,up,422.428,290.745,42.243,0.0319,0
2026-03-15 07:15:00,14020266936,10377569445,0,up,373.874,276.735,37.387,0.0571,0
2026-03-15 07:20:00,14092039170,10871156325,1,up,375.788,289.898,37.579,0.1288,0
2026-03-15 07:25:00,12264192960,12881165518,1,up,327.045,343.498,32.705,0.12,0
2026-03-15 07:30:00,16667263483,11650469215,4,up,444.46,310.679,44.446,0.415,0
2026-03-15 07:35:00,14305195363,10534033298,0,up,381.472,280.908,38.147,0.0233,0
2026-03-15 07:40:00,15327776842,8725386535,5,up,408.741,232.677,40.874,0.5908,0
2026-03-15 07:45:00,13135268528,9870047253,5,up,350.274,263.201,35.027,0.5082,0
2026-03-15 07:50:00,15784705733,11395918089,4,up,420.925,303.891,42.093,0.4357,0
2026-03-15 07:55:00,13628505771,9024488290,1,up,363.427,240.653,36.343,0.111,0
2026-03-15 08:00:00,14744924300,13197622573,5,up,393.198,351.937,39.32,0.5193,0
2026-03-15 08:05:00,16580086856,10518164868,0,up,442.136,280.484,44.214,0.0606,0
2026-03-15 08:10:00,16423366762,10561548975,0,up,437.956,281.641,43.796,0.0399,0
2026-03-15 08:15:00,14960345869,9660027056,0,up,398.943,257.601,39.894,0.0138,0
2026-03-15 08:20:00,11817364141,11125889573,8,up,315.13,296.69,31.513,0.8406,0
2026-03-15 08:25:00,20387059026,9040917723,1,up,543.655,241.091,54.365,0.1105,0
2026-03-15 08:30:00,18142546146,13227764662,7,up,483.801,352.74,48.38,0.7489,0
2026-03-15 08:35:00,16300814684,12159862643,0,up,434.688,324.263,43.469,0.0955,0
2026-03-15 08:40:00,13644233193,11740213520,7,up,363.846,313.072,36.385,0.7144,0
2026-03-15 08:45:00,14795534108,8748059452,7,up,394.548,233.282,39.455,0.7028,0
2026-03-15 08:50:00,14021843226,10758820720,7,up,373.916,286.902,37.392,0.7718,0
2026-03-15 08:55:00,17274940690,12023448861,2,up,460.665,320.625,46.067,0.2056,0
2026-03-15 09:00:00,15472505203,11247312803,6,up,412.6,299.928,41.26,0.6029,0
2026-03-15 09:05:00,13588505054,9237342528,9,up,362.36,246.329,36.236,0.9034,0
2026-03-15 09:10:00,14152640821,9680881868,1,up,377.404,258.157,37.74,0.1177,0
2026-03-15 09:15:00,17018138656,9930560466,1,up,453.817,264.815,45.382,0.1628,0
2026-03-15 09:20:00,17880176124,9739668328,3,up,476.805,259.724,47.68,0.3811,0
2026-03-15 09:25:00,17750996814,12426261332,1,up,473.36,331.367,47.336,0.1072,0
2026-03-15 09:30:00,16362657717,8079523445,4,up,436.338,215.454,43.634,0.4205,0
2026-03-15 09:35:00,14545275236,11326458115,0,up,387.874,302.039,38.787,0.023,0
2026-03-15 09:40:00,9165275114,8871697747,2,up,244.407,236.579,24.441,0.2224,0
2026-03-15 09:45:00,15534888042,9288823125,0,up,414.264,247.702,41.426,0.0391,0
2026-03-15 09:50:00,14996708234,7967735957,1,up,399.912,212.473,39.991,0.1042,0
2026-03-15 09:55:00,15251967773,9808191416,0,up,406.719,261.552,40.672,0.0898,0
2026-03-15 10:00:00,15097015224,12403521880,5,up,402.587,330.761,40.259,0.5478,0
2026-03-15 10:05:00,12612728108,10833678545,0,up,336.339,288.898,33.634,0.0645,0
2026-03-15 10:10:00,16003335402,8990064450,4,up,426.756,239.735,42.676,0.4958,0
2026-03-15 10:15:00,16137989365,11781606069,4,up,430.346,314.176,43.035,0.4739,0
2026-03-15 10:20:00,16228209807,12051443372,2,up,432.752,321.372,43.275,0.2073,0
2026-03-15 10:25:00,16703838606,10631098566,0,up,445.436,283.496,44.544,0.0799,0
2026-03-15 10:30:00,16087292960,13063783939,0,up,428.994,348.368,42.899,0.0772,0
2026-03-15 10:35:00,14261947059,11535170797,1,up,380.319,307.605,38.032,0.1876,0
2026-03-15 10:40:00,14872493673,11360142159,0,up,396.6,302.937,39.66,0.0027,0
2026-03-15 10:45:00,15164024761,9487742828,2,up,404.374,253.006,40.437,0.2274,0
2026-03-15 10:50:00,15193859008,11290522091,9,up,405.17,301.081,40.517,0.9159,0
2026-03-15 10:55:00,16796791780,10773157009,0,up,447.914,287.284,44.791,0.0504,0
2026-03-15 11:00:00,16158603755,11154984543,2,up,430.896,297.466,43.09,0.2555,0
2026-03-15 11:05:00,18739218191,9637422119,9,up,499.712,256.998,49.971,0.9793,0
2026-03-15 11:10:00,18971644163,10661404594,5,up,505.911,284.304,50.591,0.591,0
2026-03-15 11:15:00,15143369248,9470754509,5,up,403.823,252.553,40.382,0.5699,0
2026-03-15 11:20:00,8094020012,7794613554,5,up,215.841,207.856,21.584,0.5175,0
2026-03-15 11:25:00,17226298439,11757863756,1,up,459.368,313.543,45.937,0.1109,0
2026-03-15 11:30:00,14027322589,8606989883,6,up,374.062,229.52,37.406,0.6639,0
2026-03-15 11:35:00,13557328940,10635054945,8,up,361.529,283.601,36.153,0.8508,0
2026-03-15 11:40:00,14282798505,10919582683,2,up,380.875,291.189,38.087,0.2054,0
2026-03-15 11:45:00,14196042515,10911469399,1,up,378.561,290.973,37.856,0.1314,0
2026-03-15 11:50:00,16102085658,10143320367,1,up,429.389,270.489,42.939,0.1604,0
2026-03-15 11:55:00,12193015597,10841726458,1,up,325.147,289.113,32.515,0.122,0
2026-03-15 12:00:00,13060102657,11093418507,0,up,348.269,295.824,34.827,0.0716,0
2026-03-15 12:05:00,15617685397,11426055667,2,up,416.472,304.695,41.647,0.2891,0
2026-03-15 12:10:00,16121299254,12684136087,2,up,429.901,338.244,42.99,0.2481,0
2026-03-15 12:15:00,16154774960,10795084630,1,up,430.794,287.869,43.079,0.1863,0
2026-03-15 12:20:00,13583334697,10580701544,0,up,362.222,282.152,36.222,0.0302,0
2026-03-15 12:25:00,13239121831,9357521503,4,up,353.043,249.534,35.304,0.4782,0
2026-03-15 12:30:00,14088057299,11049292368,0,up,375.682,294.648,37.568,0.0577,0
2026-03-15 12:35:00,15431770954,11340902709,0,up,411.514,302.424,41.151,0.0365,0
2026-03-15 12:40:00,17673859264,10257697987,2,up,471.303,273.539,47.13,0.2927,0
2026-03-15 12:45:00,11314613065,11186211755,1,up,301.723,298.299,30.172,0.1526,0
2026-03-15 12:50:00,14602688237,10131429596,0,up,389.405,270.171,38.941,0.0185,0
2026-03-15 12:55:00,12601178806,11345450741,1,up,336.031,302.545,33.603,0.1318,0
2026-03-15 13:00:00,12025963180,11649878915,4,up,320.692,310.663,32.069,0.4432,0
2026-03-15 13:05:00,16740521961,11632271112,2,up,446.414,310.194,44.641,0.2865,0
2026-03-15 13:10:00,15980324234,10648483850,1,up,426.142,283.96,42.614,0.1352,0
2026-03-15 13:15:00,15808980328,9189640128,0,up,421.573,245.057,42.157,0.0639,0
2026-03-15 13:20:00,16657846511,9728989553,2,up,444.209,259.44,44.421,0.2997,0
2026-03-15 13:25:00,14136505985,11249898228,6,up,376.973,299.997,37.697,0.6556,0
2026-03-15 13:30:00,14221252470,13585503505,3,up,379.233,362.28,37.923,0.3118,0
2026-03-15 13:35:00,18934315110,10070691827,5,up,504.915,268.552,50.492,0.5028,0
2026-03-15 13:40:00,14556172102,11074355474,2,up,388.165,295.316,38.816,0.2211,0
2026-03-15 13:45:00,16323237803,9799373777,3,up,435.286,261.317,43.529,0.3797,0
2026-03-15 13:50:00,15011486773,9272801524,6,up,400.306,247.275,40.031,0.6797,0
2026-03-15 13:55:00,11673134645,9647842011,4,up,311.284,257.276,31.128,0.4451,0
2026-03-15 14:00:00,11319667793,7876085309,7,up,301.858,210.029,30.186,0.7219,0
2026-03-15 14:05:00,13957828404,12205328179,1,up,372.209,325.475,37.221,0.1692,0
2026-03-15 14:10:00,16900982253,7690035881,7,up,450.693,205.068,45.069,0.7037,0
2026-03-15 14:15:00,16418924981,10167576429,2,up,437.838,271.135,43.784,0.2915,0
2026-03-15 14:20:00,16645338895,9015558851,6,up,443.876,240.415,44.388,0.6122,0
2026-03-15 14:25:00,13223316877,9385680928,0,up,352.622,250.285,35.262,0.0121,0
2026-03-15 14:30:00,17908570482,12234418551,3,up,477.562,326.251,47.756,0.3218,0
2026-03-15 14:35:00,13263192059,10753344407,5,up,353.685,286.756,35.369,0.5651,0
2026-03-15 14:40:00,15383083917,9283600839,0,up,410.216,247.563,41.022,0.0574,0
2026-03-15 14:45:00,14981365878,9757208413,3,up,399.503,260.192,39.95,0.3252,0
2026-03-15 14:50:00,14687027123,9535493662,5,up,391.654,254.28,39.165,0.5228,0
2026-03-15 14:55:00,17409465848,10445132453,1,up,464.252,278.537,46.425,0.1019,0
2026-03-15 15:00:00,13730801063,10717843522,1,up,366.155,285.809,36.615,0.1559,0
2026-03-15 15:05:00,12570710539,12888424214,2,up,335.219,343.691,33.522,0.2529,0
2026-03-15 15:10:00,15035991875,8085461034,2,up,400.96,215.612,40.096,0.2197,0
2026-03-15 15:15:00,14280311878,10456136483,0,up,380.808,278.83,38.081,0.012,0
2026-03-15 15:20:00,21079289254,10102384707,0,up,562.114,269.397,56.211,0.0312,0
2026-03-15 15:25:00,16217713457,11692651144,0,up,432.472,311.804,43.247,0.0318,0
2026-03-15 15:30:00,14263186964,10947070828,0,up,380.352,291.922,38.035,0.0913,0
2026-03-15 15:35:00,13098999175,11243856382,0,up,349.307,299.836,34.931,0.0847,0
2026-03-15 15:40:00,11615480860,10934808594,4,up,309.746,291.595,30.975,0.4067,0
2026-03-15 15:45:00,13154605645,9325691182,2,up,350.789,248.685,35.079,0.2551,0
2026-03-15 15:50:00,15206895189,12026194525,4,up,405.517,320.699,40.552,0.4331,0
2026-03-15 15:55:00,17569191572,11506116179,0,up,468.512,306.83,46.851,0.0217,0
2026-03-15 16:00:00,17019040456,11653567537,1,up,453.841,310.762,45.384,0.1992,0
2026-03-15 16:05:00,15412370696,12092703214,1,up,410.997,322.472,41.1,0.1174,0
2026-03-15 16:10:00,14418298201,11026270626,5,up,384.488,294.034,38.449,0.569,0
2026-03-15 16:15:00,15483862241,12366050429,3,up,412.903,329.761,41.29,0.3691,0
2026-03-15 16:20:00,14066451604,10975825860,6,up,375.105,292.689,37.511,0.6104,0
2026-03-15 16:25:00,18093055192,10223986179,0,up,482.481,272.64,48.248,0.0143,0
2026-03-15 16:30:00,14659457673,10491679072,3,up,390.919,279.778,39.092,0.3828,0
2026-03-15 16:35:00,14844591855,10469956852,2,up,395.856,279.199,39.586,0.233,0
2026-03-15 16:40:00,11011519634,9845566934,5,up,293.641,262.548,29.364,0.5229,0
2026-03-15 16:45:00,14648217276,12556179948,2,up,390.619,334.831,39.062,0.2123,0
2026-03-15 16:50:00,16505671448,10873332160,2,up,440.151,289.956,44.015,0.2331,0
2026-03-15 16:55:00,13078099361,10619370479,0,up,348.749,283.183,34.875,0.0159,0
2026-03-15 17:00:00,13648703397,10989225561,3,up,363.965,293.046,36.397,0.3313,0
2026-03-15 17:05:00,16426879831,14254616691,0,up,438.05,380.123,43.805,0.0957,0
2026-03-15 17:10:00,12342016997,9074027522,0,up,329.12,241.974,32.912,0.006,0
2026-03-15 17:15:00,16904041813,9435251475,0,up,450.774,251.607,45.077,0.0206,0
2026-03-15 17:20:00,14042140997,8760480518,9,up,374.457,233.613,37.446,0.946,0
2026-03-15 17:25:00,14300577203,10206924959,1,up,381.349,272.185,38.135,0.1274,0
2026-03-15 17:30:00,12977018870,10809353238,6,up,346.054,288.249,34.605,0.6077,0
2026-03-15 17:35:00,15680483268,9913693626,9,up,418.146,264.365,41.815,0.9633,0
2026-03-15 17:40:00,19427769573,9819944234,8,up,518.074,261.865,51.807,0.8608,0
2026-03-15 17:45:00,16406695031,10679430131,6,up,437.512,284.785,43.751,0.6404,0
2026-03-15 17:50:00,13444286528,9867344140,6,up,358.514,263.129,35.851,0.6757,0
2026-03-15 17:55:00,17044117053,10890821542,1,up,454.51,290.422,45.451,0.1023,0
2026-03-15 18:00:00,14429976817,11903935276,0,up,384.799,317.438,38.48,0.0493,0
2026-03-15 18:05:00,17474072966,11353058391,3,up,465.975,302.748,46.598,0.3059,0
2026-03-15 18:10:00,16452017523,11610076817,2,up,438.72,309.602,43.872,0.2009,0
2026-03-15 18:15:00,9702345182,11868257198,0,up,258.729,316.487,25.873,0.0312,0
2026-03-15 18:20:00,13192656660,10856363481,3,up,351.804,289.503,35.18,0.3395,0
2026-03-15 18:25:00,16699893401,10300112307,2,up,445.33,274.67,44.533,0.2483,0
2026-03-15 18:30:00,15272983089,9526961130,5,up,407.28,254.052,40.728,0.5965,0
2026-03-15 18:35:00,13157239294,10007115513,2,up,350.86,266.856,35.086,0.2819,0
2026-03-15 18:40:00,13859538872,9840156228,2,up,369.588,262.404,36.959,0.256,0
2026-03-15 18:45:00,11568774083,11421907131,1,up,308.501,304.584,30.85,0.1743,0
2026-03-15 18:50:00,14840928082,10936946018,1,up,395.758,291.652,39.576,0.1864,0
2026-03-15 18:55:00,18979241506,11377914907,9,up,506.113,303.411,50.611,0.9262,0
2026-03-15 19:00:00,16448880103,9037975561,0,up,438.637,241.013,43.864,0.0447,0
2026-03-15 19:05:00,18942750602,12304004350,1,up,505.14,328.107,50.514,0.1773,0
2026-03-15 19:10:00,16588314761,9962004731,3,up,442.355,265.653,44.236,0.32,0
2026-03-15 19:15:00,16849462818,9113979030,1,up,449.319,243.039,44.932,0.1702,0
2026-03-15 19:20:00,18553341637,9946585616,0,up,494.756,265.242,49.476,0.0999,0
2026-03-15 19:25:00,15679073866,13629545150,1,up,418.109,363.455,41.811,0.1016,0
2026-03-15 19:30:00,14662990821,10011476748,0,up,391.013,266.973,39.101,0.0798,0
2026-03-15 19:35:00,16858783529,10090378445,1,up,449.568,269.077,44.957,0.1264,0
2026-03-15 19:40:00,17616912426,10257948102,6,up,469.784,273.545,46.978,0.616,0
2026-03-15 19:45:00,14136063643,10312738316,2,up,376.962,275.006,37.696,0.2111,0
2026-03-15 19:50:00,13701175651,9515340157,0,up,365.365,253.742,36.536,0.0824,0
2026-03-15 19:55:00,15249940858,10680448484,1,up,406.665,284.812,40.667,0.1456,0
2026-03-15 20:00:00,16496697960,11855249584,0,up,439.912,316.14,43.991,0.0336,0
2026-03-15 20:05:00,16436563887,10896004537,7,up,438.308,290.56,43.831,0.7031,0
2026-03-15 20:10:00,12436498319,9099931723,1,up,331.64,242.665,33.164,0.1574,0
2026-03-15 20:15:00,18440890920,10066124159,11,up,491.757,268.43,49.176,1.1795,0
2026-03-15 20:20:00,13845903127,9805075475,1,up,369.224,261.469,36.922,0.1281,0
2026-03-15 20:25:00,14522883005,10566703729,5,up,387.277,281.779,38.728,0.543,0
2026-03-15 20:30:00,13375222152,12176369106,0,up,356.673,324.703,35.667,0.0889,0
2026-03-15 20:35:00,19856991904,10312407677,0,up,529.52,274.998,52.952,0.0238,0
2026-03-15 20:40:00,15435727206,10388924865,0,up,411.619,277.038,41.162,0.0097,0
2026-03-15 20:45:00,13468244854,12739832471,2,up,359.153,339.729,35.915,0.2795,0
2026-03-15 20:50:00,16555062389,11604019549,1,up,441.468,309.441,44.147,0.112,0
2026-03-15 20:55:00,16384444402,11223342415,1,up,436.919,299.289,43.692,0.1758,0
2026-03-15 21:00:00,14662091357,12967245835,5,up,390.989,345.793,39.099,0.5122,0
2026-03-15 21:05:00,16513092083,11117162181,0,up,440.349,296.458,44.035,0.0855,0
2026-03-15 21:10:00,13514474470,7996975801,1,up,360.386,213.253,36.039,0.1107,0
2026-03-15 21:15:00,14112747105,11549158854,5,up,376.34,307.978,37.634,0.56,0
2026-03-15 21:20:00,11381610021,8494069344,2,up,303.51,226.509,30.351,0.2036,0
2026-03-15 21:25:00,12616888048,11069526764,5,up,336.45,295.187,33.645,0.5275,0
2026-03-15 21:30:00,18253735450,8340683096,1,up,486.766,222.418,48.677,0.1407,0
2026-03-15 21:35:00,17954571529,9911762182,1,up,478.789,264.314,47.879,0.1524,0
2026-03-15 21:40:00,15118419567,10041631492,0,up,403.158,267.777,40.316,0.0549,0
2026-03-15 21:45:00,17993276604,9529649924,7,up,479.821,254.124,47.982,0.7443,0
2026-03-15 21:50:00,14711865924,10060446483,6,up,392.316,268.279,39.232,0.6813,0
2026-03-15 21:55:00,14561861455,11801027767,12,up,388.316,314.694,38.832,1.2446,0
2026-03-15 22:00:00,15101719167,9600419330,1,up,402.713,256.011,40.271,0.1545,0
2026-03-15 22:05:00,14775141128,11186877508,5,up,394.004,298.317,39.4,0.5121,0
2026-03-15 22:10:00,14612646617,9283281454,1,up,389.671,247.554,38.967,0.1608,0
2026-03-15 22:15:00,17058116592,10261230533,1,up,454.883,273.633,45.488,0.1817,0
2026-03-15 22:20:00,15270244177,10908037475,5,up,407.207,290.881,40.721,0.5316,0
2026-03-15 22:25:00,16282467175,9244374195,0,up,434.199,246.517,43.42,0.0586,0
2026-03-15 22:30:00,16856484945,8847232254,0,up,449.506,235.926,44.951,0.0747,0
2026-03-15 22:35:00,15698734432,11119766469,1,up,418.633,296.527,41.863,0.1134,0
2026-03-15 22:40:00,13253511613,11915081303,4,up,353.427,317.736,35.343,0.4656,0
2026-03-15 22:45:00,12564841399,10400378075,1,up,335.062,277.343,33.506,0.1399,0
2026-03-15 22:50:00,15267805142,9923785737,1,up,407.141,264.634,40.714,0.133,0
2026-03-15 22:55:00,14691738651,10696150988,20,up,391.78,285.231,39.178,2.0217,0
2026-03-15 23:00:00,15157304572,10569904697,1,up,404.195,281.864,40.419,0.1453,0
2026-03-15 23:05:00,14971102729,10806057201,0,up,399.229,288.162,39.923,0.0854,0
2026-03-15 23:10:00,19650432588,7314411173,2,up,524.012,195.051,52.401,0.2928,0
2026-03-15 23:15:00,12605592739,9152928593,4,up,336.149,244.078,33.615,0.4857,0
2026-03-15 23:20:00,11418096714,9435010067,0,up,304.483,251.6,30.448,0.0216,0
2026-03-15 23:25:00,15598278300,10690093211,2,up,415.954,285.069,41.595,0.2894,0
2026-03-15 23:30:00,14322439401,10734206133,0,up,381.932,286.245,38.193,0.0109,0
2026-03-15 23:35:00,15568922165,11301587415,2,up,415.171,301.376,41.517,0.2242,0
2026-03-15 23:40:00,16050989440,10824553004,0,up,428.026,288.655,42.803,0.0891,0
2026-03-15 23:45:00,17311388451,8861073811,1,up,461.637,236.295,46.164,0.1099,0
2026-03-15 23:50:00,12286993523,12323225818,1,up,327.653,328.619,32.765,0.1888,0
2026-03-15 23:55:00,13997907783,12102617062,7,up,373.278,322.736,37.328,0.7856,0
2026-03-16 00:00:00,15771770265,8914671414,3,up,420.581,237.725,42.058,0.3721,0
2026-03-16 00:05:00,16386834472,10919208670,8,up,436.982,291.179,43.698,0.8287,0
2026-03-16 00:10:00,18948209190,9749765274,3,up,505.286,259.994,50.529,0.3236,0
2026-03-16 00:15:00,16720267148,10674968626,0,up,445.874,284.666,44.587,0.0021,0
2026-03-16 00:20:00,14897780527,11827170952,0,up,397.274,315.391,39.727,0.0926,0
2026-03-16 00:25:00,13397215644,13183931375,7,up,357.259,351.572,35.726,0.7086,0
2026-03-16 00:30:00,13984278265,11446609908,3,up,372.914,305.243,37.291,0.3094,0
2026-03-16 00:35:00,13933134918,10871617766,11,up,371.55,289.91,37.155,1.1994,0
2026-03-16 00:40:00,16179420531,10071825327,0,up,431.451,268.582,43.145,0.0509,0
2026-03-16 00:45:00,15462595402,10729489937,1,up,412.336,286.12,41.234,0.1056,0
2026-03-16 00:50:00,12617430772,12213312585,1,up,336.465,325.688,33.646,0.135,0
2026-03-16 00:55:00,14215377355,10443666966,1,up,379.077,278.498,37.908,0.1186,0
2026-03-16 01:00:00,16579585596,9383498059,0,up,442.122,250.227,44.212,0.0871,0
2026-03-16 01:05:00,15632992238,8459190769,1,up,416.88,225.578,41.688,0.1758,0
2026-03-16 01:10:00,16023560308,11146440312,3,up,427.295,297.238,42.729,0.3084,0
2026-03-16 01:15:00,15689259078,10811583038,1,up,418.38,288.309,41.838,0.1119,0
2026-03-16 01:20:00,17927575322,9686155701,0,up,478.069,258.297,47.807,0.0249,0
2026-03-16 01:25:00,15424877514,11792777798,3,up,411.33,314.474,41.133,0.3698,0
2026-03-16 01:30:00,14305158963,9968561150,1,up,381.471,265.828,38.147,0.1843,0
2026-03-16 01:35:00,13351640925,10330348444,2,up,356.044,275.476,35.604,0.2439,0
2026-03-16 01:40:00,15449297024,10479003192,1,up,411.981,279.44,41.198,0.1823,0
2026-03-16 01:45:00,10606732773,10057799544,6,up,282.846,268.208,28.285,0.6632,0
2026-03-16 01:50:00,14668279796,10797189982,2,up,391.154,287.925,39.115,0.2454,0
2026-03-16 01:55:00,14629488252,11950909083,7,up,390.12,318.691,39.012,0.7703,0
2026-03-16 02:00:00,12543952463,9060472808,2,up,334.505,241.613,33.451,0.2144,0
2026-03-16 02:05:00,13329121490,11115535374,1,up,355.443,296.414,35.544,0.1038,0
2026-03-16 02:10:00,16457383554,10716919923,1,up,438.864,285.785,43.886,0.1318,0
2026-03-16 02:15:00,15415281148,10693742425,2,up,411.074,285.166,41.107,0.2215,0
2026-03-16 02:20:00,15183219000,11598524158,2,up,404.886,309.294,40.489,0.2265,0
2026-03-16 02:25:00,15551425561,10562114755,3,up,414.705,281.656,41.47,0.3488,0
2026-03-16 02:30:00,15166729658,11105088870,0,up,404.446,296.136,40.445,0.0763,0
2026-03-16 02:35:00,17237152613,11401989433,3,up,459.657,304.053,45.966,0.3226,0
2026-03-16 02:40:00,15222172527,9864499847,4,up,405.925,263.053,40.592,0.4523,0
2026-03-16 02:45:00,12375216395,10876971160,3,up,330.006,290.053,33.001,0.3387,0
2026-03-16 02:50:00,17934233936,10184007614,1,up,478.246,271.574,47.825,0.1972,0
2026-03-16 02:55:00,15666612481,10332820957,14,up,417.776,275.542,41.778,1.4368,0
2026-03-16 03:00:00,13939343284,10094202640,1,up,371.716,269.179,37.172,0.1557,0
2026-03-16 03:05:00,12743876907,11093561309,0,up,339.837,295.828,33.984,0.0338,0
2026-03-16 03:10:00,15712645597,10602872333,5,up,419.004,282.743,41.9,0.517,0
2026-03-16 03:15:00,14789090391,10997125483,0,up,394.376,293.257,39.438,0.0716,0
2026-03-16 03:20:00,17833464214,10477928122,3,up,475.559,279.411,47.556,0.3748,0
2026-03-16 03:25:00,14377366894,8478807524,0,up,383.396,226.102,38.34,0.0592,0
2026-03-16 03:30:00,13492714578,10539524204,0,up,359.806,281.054,35.981,0.0051,0
2026-03-16 03:35:00,16612433192,10580057823,0,up,442.998,282.135,44.3,0.0522,0
2026-03-16 03:40:00,16665507406,10805670880,1,up,444.414,288.151,44.441,0.142,0
2026-03-16 03:45:00,15303572461,9751901215,0,up,408.095,260.051,40.81,0.0338,0
2026-03-16 03:50:00,16217442685,8993708157,0,up,432.465,239.832,43.247,0.0661,0
2026-03-16 03:55:00,14932163182,11287004372,4,up,398.191,300.987,39.819,0.434,0
2026-03-16 04:00:00,15420957181,10155255738,4,up,411.226,270.807,41.123,0.4408,0
2026-03-16 04:05:00,17096983588,10715767500,5,up,455.92,285.754,45.592,0.5103,0
2026-03-16 04:10:00,16125573001,10145360299,5,up,430.015,270.543,43.002,0.5519,0
2026-03-16 04:15:00,14695306011,10492362099,1,up,391.875,279.796,39.187,0.1636,0
2026-03-16 04:20:00,17434252582,9933900461,6,up,464.913,264.904,46.491,0.6065,0
2026-03-16 04:25:00,10743260328,9280214677,2,up,286.487,247.472,28.649,0.2239,0
2026-03-16 04:30:00,18693731960,11096901892,1,up,498.5,295.917,49.85,0.1908,0
2026-03-16 04:35:00,11929273629,9740068688,3,up,318.114,259.735,31.811,0.3803,0
2026-03-16 04:40:00,13871232915,10706578865,0,up,369.9,285.509,36.99,0.0722,0
2026-03-16 04:45:00,14926348436,11017179879,4,up,398.036,293.791,39.804,0.4675,0
2026-03-16 04:50:00,14736334792,9760615978,1,up,392.969,260.283,39.297,0.1684,0
2026-03-16 04:55:00,16811539872,8983104100,0,up,448.308,239.549,44.831,0.0408,0
2026-03-16 05:00:00,13095894086,13556867873,0,up,349.224,361.516,34.922,0.0381,0
2026-03-16 05:05:00,15469380271,9835007436,0,up,412.517,262.267,41.252,0.0541,0
2026-03-16 05:10:00,13959218223,11285505619,6,up,372.246,300.947,37.225,0.6637,0
2026-03-16 05:15:00,15531253762,12943724072,14,up,414.167,345.166,41.417,1.4111,0
2026-03-16 05:20:00,14883409932,11495283761,1,up,396.891,306.541,39.689,0.1325,0
2026-03-16 05:25:00,15167284174,10121442060,1,up,404.461,269.905,40.446,0.1037,0
2026-03-16 05:30:00,14010135301,10415433351,0,up,373.604,277.745,37.36,0.0741,0
2026-03-16 05:35:00,14081884889,9450914903,5,up,375.517,252.024,37.552,0.5209,0
2026-03-16 05:40:00,15517090525,11610937497,0,up,413.789,309.625,41.379,0.0704,0
2026-03-16 05:45:00,16698687910,11213501092,7,up,445.298,299.027,44.53,0.7735,0
2026-03-16 05:50:00,13923097198,9851823468,3,up,371.283,262.715,37.128,0.3302,0
2026-03-16 05:55:00,13436218419,9186859743,6,up,358.299,244.983,35.83,0.6823,0
2026-03-16 06:00:00,16104228298,8835245490,2,up,429.446,235.607,42.945,0.2422,0
2026-03-16 06:05:00,14941492992,11743007644,3,up,398.44,313.147,39.844,0.352,0
2026-03-16 06:10:00,16494896641,10651670142,2,up,439.864,284.045,43.986,0.2898,0
2026-03-16 06:15:00,13369565015,10770880515,5,up,356.522,287.223,35.652,0.5337,0
2026-03-16 06:20:00,11797009934,9463084731,5,up,314.587,252.349,31.459,0.5421,0
2026-03-16 06:25:00,14040592652,8655986089,2,up,374.416,230.826,37.442,0.2673,0
2026-03-16 06:30:00,13620565303,11712893104,3,up,363.215,312.344,36.322,0.3003,0
2026-03-16 06:35:00,14858180879,10552969186,7,up,396.218,281.413,39.622,0.7648,0
2026-03-16 06:40:00,13853678614,11643115671,7,up,369.431,310.483,36.943,0.7972,0
2026-03-16 06:45:00,16333830512,10013724260,3,up,435.569,267.033,43.557,0.3274,0
2026-03-16 06:50:00,14481329527,10201609517,0,up,386.169,272.043,38.617,0.0023,0
2026-03-16 06:55:00,15270854097,11398755702,0,up,407.223,303.967,40.722,0.0331,0
2026-03-16 07:00:00,15283742205,11422758580,5,up,407.566,304.607,40.757,0.5855,0
2026-03-16 07:05:00,15350919166,11504932684,0,up,409.358,306.798,40.936,0.0266,0
2026-03-16 07:10:00,14956567601,10128046421,0,up,398.842,270.081,39.884,0.0721,0
2026-03-16 07:15:00,15919081242,11274329519,0,up,424.509,300.649,42.451,0.0786,0
2026-03-16 07:20:00,13567820759,11897465326,2,up,361.809,317.266,36.181,0.2751,0
2026-03-16 07:25:00,17518952267,10367987265,2,up,467.172,276.48,46.717,0.2579,0
2026-03-16 07:30:00,14574232709,9853004661,1,up,388.646,262.747,38.865,0.1025,0
2026-03-16 07:35:00,12639211551,12191861980,0,up,337.046,325.116,33.705,0.0698,0
2026-03-16 07:40:00,15338532042,9675398375,4,up,409.028,258.011,40.903,0.4339,0
2026-03-16 07:45:00,13467875131,11293140386,8,up,359.143,301.15,35.914,0.8221,0
2026-03-16 07:50:00,16197602162,10426387888,0,up,431.936,278.037,43.194,0.0163,0
2026-03-16 07:55:00,18977290036,8179627323,0,up,506.061,218.123,50.606,0.0429,0
2026-03-16 08:00:00,13584170235,11922028525,3,up,362.245,317.921,36.224,0.3083,0
2026-03-16 08:05:00,15598270199,7025104426,4,up,415.954,187.336,41.595,0.4896,0
2026-03-16 08:10:00,11840089940,7999998635,4,up,315.736,213.333,31.574,0.4699,0
2026-03-16 08:15:00,15817029412,11164435900,3,up,421.787,297.718,42.179,0.3816,0
2026-03-16 08:20:00,13405715160,11164109710,6,up,357.486,297.71,35.749,0.6552,0
2026-03-16 08:25:00,13875297686,9696649379,0,up,370.008,258.577,37.001,0.0735,0
2026-03-16 08:30:00,13017684318,10686255833,0,up,347.138,284.967,34.714,0.034,0
2026-03-16 08:35:00,16317872206,7310398142,2,up,435.143,194.944,43.514,0.2866,0
2026-03-16 08:40:00,16813147843,11390789085,5,up,448.351,303.754,44.835,0.5183,0
2026-03-16 08:45:00,15042093386,10814654113,2,up,401.122,288.391,40.112,0.2617,0
2026-03-16 08:50:00,13444031930,10442490004,9,up,358.508,278.466,35.851,0.989,0
2026-03-16 08:55:00,17861141464,10526260267,4,up,476.297,280.7,47.63,0.4763,0
2026-03-16 09:00:00,13649261770,11121500262,3,up,363.98,296.573,36.398,0.362,0
2026-03-16 09:05:00,11108341860,10463584080,0,up,296.222,279.029,29.622,0.0186,0
2026-03-16 09:10:00,15825100217,8138690066,0,up,422.003,217.032,42.2,0.0342,0
2026-03-16 09:15:00,13011405587,13267378615,4,up,346.971,353.797,34.697,0.4609,0
2026-03-16 09:20:00,16779495828,12013009032,0,up,447.453,320.347,44.745,0.0663,0
2026-03-16 09:25:00,14313952145,8880969725,0,up,381.705,236.826,38.171,0.0088,0
2026-03-16 09:30:00,16086683832,10065127089,7,up,428.978,268.403,42.898,0.7249,0
2026-03-16 09:35:00,17522700623,10202596920,6,up,467.272,272.069,46.727,0.6644,0
2026-03-16 09:40:00,12824054043,11859350453,0,up,341.975,316.249,34.197,0.074,0
2026-03-16 09:45:00,13981313164,7779321141,4,up,372.835,207.449,37.284,0.4545,0
2026-03-16 09:50:00,14863792069,9871249586,0,up,396.368,263.233,39.637,0.0148,0
2026-03-16 09:55:00,17767592374,8281598081,1,up,473.802,220.843,47.38,0.1007,0
2026-03-16 10:00:00,13814911107,10140779650,2,up,368.398,270.421,36.84,0.2932,0
2026-03-16 10:05:00,13929893347,9904648874,4,up,371.464,264.124,37.146,0.4321,0
2026-03-16 10:10:00,15860653036,10600414524,0,up,422.951,282.678,42.295,0.0031,0
2026-03-16 10:15:00,13960988293,9737858257,1,up,372.293,259.676,37.229,0.1185,0
2026-03-16 10:20:00,15274546589,9553710526,0,up,407.321,254.766,40.732,0.0724,0
2026-03-16 10:25:00,12207232642,11280767431,20,up,325.526,300.82,32.553,2.0128,0
2026-03-16 10:30:00,18985793896,11072887653,3,up,506.288,295.277,50.629,0.3335,0
2026-03-16 10:35:00,12574123385,11194761911,1,up,335.31,298.527,33.531,0.1561,0
2026-03-16 10:40:00,14420845132,10277105885,0,up,384.556,274.056,38.456,0.0236,0
2026-03-16 10:45:00,14941534135,9779609386,2,up,398.441,260.79,39.844,0.2739,0
2026-03-16 10:50:00,18442838641,10350245872,3,up,491.809,276.007,49.181,0.3079,0
2026-03-16 10:55:00,12615277594,11131464208,5,up,336.407,296.839,33.641,0.5085,0
2026-03-16 11:00:00,18570667443,7757257576,1,up,495.218,206.86,49.522,0.1021,0
2026-03-16 11:05:00,16362918277,10996581032,11,up,436.344,293.242,43.634,1.1958,0
2026-03-16 11:10:00,15750771583,10889514116,1,up,420.021,290.387,42.002,0.1737,0
2026-03-16 11:15:00,13227659363,10578310141,1,up,352.738,282.088,35.274,0.1053,0
2026-03-16 11:20:00,16028054235,10311865088,1,up,427.415,274.983,42.741,0.1285,0
2026-03-16 11:25:00,13697724079,7266689573,2,up,365.273,193.778,36.527,0.2199,0
2026-03-16 11:30:00,17279990255,9945784888,8,up,460.8,265.221,46.08,0.828,0
2026-03-16 11:35:00,13252088347,12754692775,3,up,353.389,340.125,35.339,0.3986,0
2026-03-16 11:40:00,14796314709,10516255632,2,up,394.568,280.433,39.457,0.2582,0
2026-03-16 11:45:00,14000508441,10112814803,0,up,373.347,269.675,37.335,0.0533,0
2026-03-16 11:50:00,13222458667,10521301806,0,up,352.599,280.568,35.26,0.0485,0
2026-03-16 11:55:00,16334375670,10947013814,2,up,435.583,291.92,43.558,0.2093,0
2026-03-16 12:00:00,15963825745,11330113508,3,up,425.702,302.136,42.57,0.3914,0
2026-03-16 12:05:00,17176218358,10211610994,4,up,458.032,272.31,45.803,0.4171,0
2026-03-16 12:10:00,11796224805,11035398699,0,up,314.566,294.277,31.457,0.0768,0
2026-03-16 12:15:00,16915507264,12612580011,0,up,451.08,336.335,45.108,0.0316,0
2026-03-16 12:20:00,19509808029,11767876007,1,up,520.262,313.81,52.026,0.1456,0
2026-03-16 12:25:00,14187046039,13448778271,7,up,378.321,358.634,37.832,0.7509,0
2026-03-16 12:30:00,18411267501,9672469348,2,up,490.967,257.933,49.097,0.2365,0
2026-03-16 12:35:00,14526309710,12611998779,1,up,387.368,336.32,38.737,0.1157,0
2026-03-16 12:40:00,12529662472,9503751213,1,up,334.124,253.433,33.412,0.1173,0
2026-03-16 12:45:00,14449861603,10945493344,0,up,385.33,291.88,38.533,0.0425,0
2026-03-16 12:50:00,16886767141,11422920426,1,up,450.314,304.611,45.031,0.1923,0
2026-03-16 12:55:00,13491282331,9856420738,4,up,359.768,262.838,35.977,0.4701,0
2026-03-16 13:00:00,13919390413,10610834989,10,up,371.184,282.956,37.118,1.0379,0
2026-03-16 13:05:00,16068370978,11647180989,2,up,428.49,310.591,42.849,0.2089,0
2026-03-16 13:10:00,15005508210,9605058668,0,up,400.147,256.135,40.015,0.0549,0
2026-03-16 13:15:00,16052321314,12603423159,3,up,428.062,336.091,42.806,0.3446,0
2026-03-16 13:20:00,15428093173,8755408252,4,up,411.416,233.478,41.142,0.4242,0
2026-03-16 13:25:00,15863325575,12944011217,0,up,423.022,345.174,42.302,0.0223,0
2026-03-16 13:30:00,14221857865,11761670929,5,up,379.25,313.645,37.925,0.5694,0
2026-03-16 13:35:00,15417115695,10386945773,5,up,411.123,276.985,41.112,0.5304,0
2026-03-16 13:40:00,13330728589,9992638053,1,up,355.486,266.47,35.549,0.1919,0
2026-03-16 13:45:00,17319180520,9861144388,2,up,461.845,262.964,46.184,0.2466,0
2026-03-16 13:50:00,13858305509,10328897493,3,up,369.555,275.437,36.955,0.3749,0
2026-03-16 13:55:00,17031925477,10438895214,3,up,454.185,278.371,45.418,0.3388,0
2026-03-16 14:00:00,14579507470,12081585070,0,up,388.787,322.176,38.879,0.005,0
2026-03-16 14:05:00,15363598219,12980504166,0,up,409.696,346.147,40.97,0.0392,0
2026-03-16 14:10:00,14109063808,10751218700,0,up,376.242,286.699,37.624,0.0532,0
2026-03-16 14:15:00,13171208223,9434508105,4,up,351.232,251.587,35.123,0.4228,0
2026-03-16 14:20:00,11859431302,9812385188,1,up,316.252,261.664,31.625,0.174,0
2026-03-16 14:25:00,13100416514,10269305611,2,up,349.344,273.848,34.934,0.2366,0
2026-03-16 14:30:00,14416964064,9202046147,4,up,384.452,245.388,38.445,0.4444,0
2026-03-16 14:35:00,15381382521,9014533833,1,up,410.17,240.388,41.017,0.1251,0
2026-03-16 14:40:00,16818682763,13142380287,4,up,448.498,350.463,44.85,0.4146,0
2026-03-16 14:45:00,14197636572,10881293042,1,up,378.604,290.168,37.86,0.1752,0
2026-03-16 14:50:00,13412470624,9450252251,1,up,357.666,252.007,35.767,0.142,0
2026-03-16 14:55:00,12403113385,11528920498,1,up,330.75,307.438,33.075,0.1215,0
2026-03-16 15:00:00,15864114512,9015283882,10,up,423.043,240.408,42.304,1.0052,0
2026-03-16 15:05:00,17489750127,9119024819,4,up,466.393,243.174,46.639,0.4435,0
2026-03-16 15:10:00,17279394482,9488166574,0,up,460.784,253.018,46.078,0.0061,0
2026-03-16 15:15:00,16277878946,12584686733,9,up,434.077,335.592,43.408,0.9469,0
2026-03-16 15:20:00,16149377971,10181371117,4,up,430.65,271.503,43.065,0.4481,0
2026-03-16 15:25:00,18055722803,7423449196,0,up,481.486,197.959,48.149,0.0485,0
2026-03-16 15:30:00,15597746630,12024683075,0,up,415.94,320.658,41.594,0.0238,0
2026-03-16 15:35:00,16163033416,10113959481,1,up,431.014,269.706,43.101,0.1105,0
2026-03-16 15:40:00,14422589048,8169745912,2,up,384.602,217.86,38.46,0.2936,0
2026-03-16 15:45:00,12548321932,10100978805,2,up,334.622,269.359,33.462,0.2876,0
2026-03-16 15:50:00,13769071979,11156464909,0,up,367.175,297.506,36.718,0.0968,0
2026-03-16 15:55:00,14983513730,11009101949,1,up,399.56,293.576,39.956,0.177,0
2026-03-16 16:00:00,15109413670,12766002873,0,up,402.918,340.427,40.292,0.0714,0
2026-03-16 16:05:00,18467314538,9425512493,0,up,492.462,251.347,49.246,0.0156,0
2026-03-16 16:10:00,15146298901,10558867351,2,up,403.901,281.57,40.39,0.2183,0
2026-03-16 16:15:00,17121918199,9618542708,1,up,456.584,256.494,45.658,0.1278,0
2026-03-16 16:20:00,14216860965,8556836953,2,up,379.116,228.182,37.912,0.2348,0
2026-03-16 16:25:00,14438983405,11615764489,8,up,385.04,309.754,38.504,0.8785,0
2026-03-16 16:30:00,12607786252,11083719657,0,up,336.208,295.566,33.621,0.0464,0
2026-03-16 16:35:00,13663809576,10857434846,0,up,364.368,289.532,36.437,0.0006,0
2026-03-16 16:40:00,15948566504,11037755643,0,up,425.295,294.34,42.53,0.024,0
2026-03-16 16:45:00,15013608324,9636304205,1,up,400.363,256.968,40.036,0.1864,0
2026-03-16 16:50:00,16697289515,9232824189,3,up,445.261,246.209,44.526,0.3682,0
2026-03-16 16:55:00,15326257107,10547435688,2,up,408.7,281.265,40.87,0.2608,0
2026-03-16 17:00:00,14365583283,11963126367,2,up,383.082,319.017,38.308,0.2049,0
2026-03-16 17:05:00,18866934354,12526177190,1,up,503.118,334.031,50.312,0.1311,0
2026-03-16 17:10:00,14830973576,11502245210,1,up,395.493,306.727,39.549,0.1113,0
2026-03-16 17:15:00,17093401745,10536759777,1,up,455.824,280.98,45.582,0.1416,0
2026-03-16 17:20:00,14277823428,10839927751,2,up,380.742,289.065,38.074,0.2837,0
2026-03-16 17:25:00,16277279062,10514608262,0,up,434.061,280.39,43.406,0.0551,0
2026-03-16 17:30:00,16670428186,9207311391,4,up,444.545,245.528,44.454,0.4427,0
2026-03-16 17:35:00,15375285547,10531055696,2,up,410.008,280.828,41.001,0.2569,0
2026-03-16 17:40:00,10761930739,8818118209,0,up,286.985,235.15,28.698,0.0941,0
2026-03-16 17:45:00,15032854429,10343662695,2,up,400.876,275.831,40.088,0.2086,0
2026-03-16 17:50:00,17214828085,12561492439,9,up,459.062,334.973,45.906,0.9873,0
2026-03-16 17:55:00,15949465499,11536802620,0,up,425.319,307.648,42.532,0.0062,0
2026-03-16 18:00:00,15802509975,9336869827,0,up,421.4,248.983,42.14,0.0668,0
2026-03-16 18:05:00,11899937518,10408739372,1,up,317.332,277.566,31.733,0.1785,0
2026-03-16 18:10:00,13703180872,9448685847,3,up,365.418,251.965,36.542,0.3052,0
2026-03-16 18:15:00,15740443736,10421232652,0,up,419.745,277.9,41.975,0.0716,0
2026-03-16 18:20:00,15738689898,11811795848,8,up,419.698,314.981,41.97,0.8039,0
2026-03-16 18:25:00,17186400204,11322790002,3,up,458.304,301.941,45.83,0.3086,0
2026-03-16 18:30:00,14739239840,13630021541,6,up,393.046,363.467,39.305,0.6297,0
2026-03-16 18:35:00,15730483356,12002521527,1,up,419.48,320.067,41.948,0.1198,0
2026-03-16 18:40:00,15029473635,10757040480,5,up,400.786,286.854,40.079,0.5297,0
2026-03-16 18:45:00,13223503074,11353208967,1,up,352.627,302.752,35.263,0.1426,0
2026-03-16 18:50:00,10939575604,10244921600,0,up,291.722,273.198,29.172,0.0874,0
2026-03-16 18:55:00,15775817445,9079344648,7,up,420.688,242.116,42.069,0.728,0
2026-03-16 19:00:00,15313104975,12145278488,0,up,408.349,323.874,40.835,0.029,0
2026-03-16 19:05:00,13887284924,11771329260,8,up,370.328,313.902,37.033,0.8588,0
2026-03-16 19:10:00,12085488498,10196271689,1,up,322.28,271.901,32.228,0.184,0
2026-03-16 19:15:00,16133531125,10845159028,14,up,430.227,289.204,43.023,1.4729,0
2026-03-16 19:20:00,14521343866,12063583376,2,up,387.236,321.696,38.724,0.2327,0
2026-03-16 19:25:00,16002374500,11566402797,4,up,426.73,308.437,42.673,0.425,0
2026-03-16 19:30:00,18355287354,8656492423,0,up,489.474,230.84,48.947,0.0021,0
2026-03-16 19:35:00,11145424415,10806961227,2,up,297.211,288.186,29.721,0.206,0
2026-03-16 19:40:00,13740718544,10288784277,4,up,366.419,274.368,36.642,0.4012,0
2026-03-16 19:45:00,14623123896,11902380880,4,up,389.95,317.397,38.995,0.4581,0
2026-03-16 19:50:00,17618687113,11799113850,0,up,469.832,314.643,46.983,0.0516,0
2026-03-16 19:55:00,12054474565,12161445863,1,up,321.453,324.305,32.145,0.1629,0
2026-03-16 20:00:00,18484549846,9091453133,1,up,492.921,242.439,49.292,0.1629,0
2026-03-16 20:05:00,15244540622,9512019467,0,up,406.521,253.654,40.652,0.0328,0
2026-03-16 20:10:00,14827198808,11903743869,1,up,395.392,317.433,39.539,0.1756,0
2026-03-16 20:15:00,14643492426,9754526272,4,up,390.493,260.121,39.049,0.4937,0
2026-03-16 20:20:00,14214726542,8582994444,1,up,379.059,228.88,37.906,0.1071,0
2026-03-16 20:25:00,16886610166,11171071574,1,up,450.31,297.895,45.031,0.17,0
2026-03-16 20:30:00,13076662642,9810504765,9,up,348.711,261.613,34.871,0.9729,0
2026-03-16 20:35:00,15621745526,12755136370,0,up,416.58,340.137,41.658,0.0097,0
2026-03-16 20:40:00,14308473001,10873192538,2,up,381.559,289.952,38.156,0.2686,0
2026-03-16 20:45:00,13628159792,10701926701,4,up,363.418,285.385,36.342,0.4081,0
2026-03-16 20:50:00,19654755316,10034752696,4,up,524.127,267.593,52.413,0.4292,0
2026-03-16 20:55:00,15754291322,12504452520,3,up,420.114,333.452,42.011,0.3776,0
2026-03-16 21:00:00,16103877980,10951778619,3,up,429.437,292.047,42.944,0.3889,0
2026-03-16 21:05:00,17047998205,9985290607,0,up,454.613,266.274,45.461,0.0182,0
2026-03-16 21:10:00,12441570098,9499454529,2,up,331.775,253.319,33.178,0.2292,0
2026-03-16 21:15:00,18154125436,10407423951,4,up,484.11,277.531,48.411,0.4583,0
2026-03-16 21:20:00,10483877078,9268164985,0,up,279.57,247.151,27.957,0.0296,0
2026-03-16 21:25:00,13616220461,11796385576,0,up,363.099,314.57,36.31,0.0036,0
2026-03-16 21:30:00,14173742988,8221489011,5,up,377.966,219.24,37.797,0.5055,0
2026-03-16 21:35:00,16047102056,10324212324,3,up,427.923,275.312,42.792,0.3737,0
2026-03-16 21:40:00,15393692879,11268768266,1,up,410.498,300.5,41.05,0.1594,0
2026-03-16 21:45:00,14699733466,10931070469,8,up,391.993,291.495,39.199,0.846,0
2026-03-16 21:50:00,14978404779,9596223454,4,up,399.424,255.899,39.942,0.4365,0
2026-03-16 21:55:00,13239558557,11331925970,10,up,353.055,302.185,35.305,1.0313,0
2026-03-16 22:00:00,12304981689,9383590370,7,up,328.133,250.229,32.813,0.7949,0
2026-03-16 22:05:00,16307720920,10471795332,1,up,434.873,279.248,43.487,0.1969,0
2026-03-16 22:10:00,16248671002,11321320380,4,up,433.298,301.902,43.33,0.4216,0
2026-03-16 22:15:00,17852089875,11083270102,3,up,476.056,295.554,47.606,0.3319,0
2026-03-16 22:20:00,13577969225,9649450845,5,up,362.079,257.319,36.208,0.5005,0
2026-03-16 22:25:00,16247067378,12008843090,4,up,433.255,320.236,43.326,0.4649,0
2026-03-16 22:30:00,14489327888,10609235160,0,up,386.382,282.913,38.638,0.0499,0
2026-03-16 22:35:00,17142854973,11436174217,0,up,457.143,304.965,45.714,0.0799,0
2026-03-16 22:40:00,16839532998,12426667268,0,up,449.054,331.378,44.905,0.0927,0
2026-03-16 22:45:00,15380176918,11908075891,5,up,410.138,317.549,41.014,0.5119,0
2026-03-16 22:50:00,14388845718,11911363051,4,up,383.703,317.636,38.37,0.4994,0
2026-03-16 22:55:00,16729677921,10742776711,2,up,446.125,286.474,44.612,0.2052,0
2026-03-16 23:00:00,16164428141,11500358252,2,up,431.051,306.676,43.105,0.2608,0
2026-03-16 23:05:00,13768007276,10769131683,5,up,367.147,287.177,36.715,0.5262,0
2026-03-16 23:10:00,12609962387,8976251170,1,up,336.266,239.367,33.627,0.1124,0
2026-03-16 23:15:00,14480640778,10881457178,0,up,386.15,290.172,38.615,0.0154,0
2026-03-16 23:20:00,17727744867,10823014839,1,up,472.74,288.614,47.274,0.1977,0
2026-03-16 23:25:00,17063676885,11235498995,7,up,455.031,299.613,45.503,0.735,0
2026-03-16 23:30:00,12997810554,10338723811,4,up,346.608,275.699,34.661,0.4689,0
2026-03-16 23:35:00,12898036651,9540565998,1,up,343.948,254.415,34.395,0.137,0
2026-03-16 23:40:00,17294430929,11327197664,0,up,461.185,302.059,46.118,0.0201,0
2026-03-16 23:45:00,12955855371,8845276918,3,up,345.489,235.874,34.549,0.3039,0
2026-03-16 23:50:00,15916731582,12338112111,5,up,424.446,329.016,42.445,0.5396,0
2026-03-16 23:55:00,13891071812,10208413242,3,up,370.429,272.224,37.043,0.328,0
